article_id	language	avg_sentence_length	avg_syllable_length	fkgl	wstf	noun_ratio	adjective_ratio	function_word_ratio	numbers_ratio	negations_ratio	grammar_frequency	adjacent_sent_edit_distance	dep_tree_depth	noun_phrase_complexity	word_freq	word_freq_filtered	lexical_chain_lens	crossing_lexical_chains	bpe_sentence_length	avg_bpe_length	bpe_char_ratio	bpe_char_ratio_lex	type_token_ratio	mattr	heaps_law_beta	heaps_law_beta_lex	verb_ratio	herdans_c	text_length	text_length_lex	text_length_sentences
254	de	6.144329896907217	1.8573825503355705	8.723402753753547	6.996996388293089	0.28187919463087246	0.0436241610738255	0.7130872483221476	0.0050335570469798654	0.013422818791946308	0.8247422680412371	0.6742491594054091	2.6907216494845363	1.5192307692307692	0.00452286412885906	5.3215366898954704e-05	0.006711409395973154	0.3053691275167785	12.391752577319588	1.6741503771142945	3.4626129827444534	2.491228070175439	0.43791946308724833	0.6879476861167001	0.8384106670750653	0.9406673468229446	0.19966442953020133	0.9195199293294904	594	287	97
956	de	5.212903225806452	2.13490099009901	11.634863941232833	10.210062765889491	0.33663366336633666	0.09282178217821782	0.7301980198019802	0.009900990099009901	0.0049504950495049506	0.7032258064516129	0.6519421595720293	2.425806451612903	1.6655172413793105	0.003917956950884529	6.0867830140186916e-05	0.004669216921692169	0.9108910891089109	12.154838709677419	1.8977087128557715	3.2635379061371843	2.549520766773163	0.41336633663366334	0.7036953455571231	0.7463669889361174	0.7980511205130056	0.16212871287128713	0.9058963729536184	790	428	155
164	de	5.785234899328859	1.7366589327146171	7.158817016770737	5.715319117395163	0.23897911832946636	0.04408352668213457	0.7424593967517401	0.00580046403712297	0.015081206496519721	0.8523489932885906	0.7269147800397798	2.2866666666666666	1.4983164983164983	0.0037405831200696053	0.00010919123387096774	0.004977172367337773	0.3642691415313225	11.133333333333333	1.515336557233616	3.598316295850872	2.31864406779661	0.3654292343387471	0.6874442988204447	0.8181931637121194	0.9261385107469068	0.20533642691415313	0.9089362786353132	860	372	150
1421	de	5.846846846846847	1.8751926040061633	8.817542997543	7.238663671067059	0.2850539291217257	0.060092449922958396	0.7411402157164869	0.0015408320493066256	0.009244992295839754	0.8378378378378378	0.7190313348267892	2.7117117117117115	1.5859030837004404	0.004084511453929122	6.818431339563863e-05	0.005755460890057101	0.7580893682588598	12.27027027027027	1.6628016154331944	3.390829694323144	2.372549019607843	0.4036979969183359	0.712036363636363	0.7514159070880203	0.8692495439223444	0.18335901386748846	0.9007277247327327	646	321	111
953	de	7.013888888888889	1.8702970297029704	9.214921617161718	7.678791529152917	0.27920792079207923	0.041584158415841586	0.6742574257425743	0.00891089108910891	0.019801980198019802	0.8611111111111112	0.708384139513304	3.076388888888889	1.5942028985507246	0.0042051493334653465	0.00010457962521551725	0.004223075368761366	0.8603960396039604	13.604166666666666	1.620212757706308	3.592799188640974	2.323741007194245	0.31683168316831684	0.6775411635565349	0.7133799403942097	0.8322440781690466	0.19504950495049506	0.8821176287818964	998	464	144
809	de	6.942622950819672	1.6871310507674144	7.025769349875166	5.0250273365978275	0.2538370720188902	0.04250295159386069	0.7001180637544274	0.011806375442739079	0.02243211334120425	0.8852459016393442	0.7329630756254865	2.877049180327869	1.647940074906367	0.004737565650877568	6.767553573407202e-05	0.004579442595971522	0.4592680047225502	13.295081967213115	1.6058049434408999	3.5129469790382246	2.368217054263566	0.3742621015348288	0.6903877005347597	0.7281750934719138	0.8800535023603638	0.18654073199527746	0.9212196374022303	837	361	122
1511	de	6.910112359550562	1.8487804878048781	8.92055357632228	6.9132976157851465	0.2601626016260163	0.04227642276422764	0.697560975609756	0.00975609756097561	0.01951219512195122	0.8876404494382022	0.6767684808877991	2.7865168539325844	1.6666666666666667	0.003949352253333333	7.245352274368232e-05	0.005326604990187833	0.510569105691057	14.235955056179776	1.7626509662035108	3.4500393391030686	2.348101265822785	0.4146341463414634	0.6985271317829443	0.7111950555083677	0.8674953136918281	0.1902439024390244	0.9121413134435208	612	277	89
503	de	6.535714285714286	1.8073770491803278	8.285977751756441	6.436514597970335	0.26229508196721313	0.04234972677595628	0.7090163934426229	0.01092896174863388	0.012295081967213115	0.8928571428571429	0.7042239042239039	2.857142857142857	1.5166666666666666	0.00408042716557377	5.450659822485208e-05	0.006414825374198147	0.2718579234972678	13.633928571428571	1.6741568203621775	3.3578878748370276	2.2410714285714284	0.412568306010929	0.6929699842022117	0.7413821746620176	0.8893504642884982	0.19808743169398907	0.9166230484018144	721	338	112
1679	de	6.6421052631578945	1.8858954041204437	9.253986821252816	7.944276323296355	0.277337559429477	0.044374009508716325	0.705229793977813	0.00792393026941363	0.01584786053882726	0.8947368421052632	0.7063424598624847	2.8421052631578947	1.5352112676056338	0.003351630978962282	6.603308809523809e-05	0.006656101426307449	0.25990491283676703	14.726315789473684	1.8169595024858183	3.211864406779661	2.269662921348315	0.45166402535657685	0.7218984962406021	0.7076720899535052	0.8773166821678502	0.18700475435816163	0.9222615375580582	614	294	95
1262	de	8.424	1.6296296296296295	6.924989629629632	5.074508944349478	0.24406457739791074	0.027540360873694207	0.6942070275403609	0.015194681861348529	0.013295346628679962	0.928	0.7008606767204965	3.488	1.6719745222929936	0.004715831354131054	7.260908203463203e-05	0.004202279202279203	0.6115859449192782	15.72	1.5520011391085695	3.463855421686747	2.198501872659176	0.32098765432098764	0.6771488469601672	0.7683639189860237	0.8325911422306679	0.20322886989553657	0.8884330212999586	1034	462	125
1478	de	6.992592592592593	1.8326271186440677	8.76211111111111	6.632487752667922	0.2605932203389831	0.03389830508474576	0.7298728813559322	0.005296610169491525	0.009533898305084746	0.9037037037037037	0.7109085882900632	2.8444444444444446	1.4202453987730062	0.0036551731668432205	8.770032517482518e-05	0.005171984047856431	0.4904661016949153	14.333333333333334	1.6855745682543068	3.4395265054040145	2.2967032967032965	0.3093220338983051	0.6563195266272188	0.7493346860303519	1.0082634035938483	0.19279661016949154	0.8765559254327655	936	429	135
377	de	5.573033707865169	1.7620967741935485	7.37622508155129	6.023545106922799	0.2661290322580645	0.05241935483870968	0.6995967741935484	0.018145161290322582	0.018145161290322582	0.8651685393258427	0.6752664633346449	2.404494382022472	1.6918238993710693	0.004163929903830645	7.286386146788991e-05	0.009724857685009487	0.19959677419354838	11.415730337078651	1.6570306098395986	3.362052274927396	2.50531914893617	0.4375	0.6420906801007555	-1	0.8844545962115704	0.19153225806451613	0.9011114704980966	483	218	89
1809	de	7.155172413793103	1.9674698795180723	10.416661819692564	8.12260988782717	0.2855421686746988	0.03253012048192771	0.6662650602409639	0.0036144578313253013	0.008433734939759036	0.8706896551724138	0.7036619784546825	3.1120689655172415	1.5601374570446735	0.00423291623626506	5.163964157894737e-05	0.00460508701472557	0.9939759036144579	15.620689655172415	1.8338401021433877	3.3532967032967034	2.369747899159664	0.344578313253012	0.6578659370725018	0.5762148017970693	0.7461268071788605	0.19879518072289157	0.8961037910650504	823	380	116
1625	de	6.344	1.8638083228247162	8.877098209331653	7.0299917054224474	0.30390920554854983	0.04665825977301387	0.6973518284993695	0.013871374527112233	0.015132408575031526	0.888	0.7341580817980247	2.7777777777777777	1.434782608695652	0.003918262815636822	9.368275284090908e-05	0.006515342580916352	0.43631778058007564	12.936507936507937	1.5527817096794687	3.5188335358444713	2.418546365914787	0.3669609079445145	0.6745389048991373	0.7753267237772177	0.9895950053937224	0.18663303909205547	0.8912133995501805	766	352	126
1812	de	6.900763358778626	1.875	9.226297709923664	7.186484624738229	0.28650442477876104	0.05641592920353982	0.6858407079646017	0.00995575221238938	0.008849557522123894	0.8320610687022901	0.647982851738508	2.8473282442748094	1.6757679180887373	0.004235279032090708	7.478440719101124e-05	0.0039775936735078135	0.8230088495575221	15.129770992366412	1.8982619441704633	3.2611083374937593	2.342560553633218	0.3827433628318584	0.7082981366459614	0.8255979599341092	0.839356389824308	0.1736725663716814	0.9047861080670082	894	445	131
1655	de	7.355371900826446	1.952808988764045	10.321741108738049	7.945559754851889	0.28651685393258425	0.0550561797752809	0.6921348314606741	0.014606741573033709	0.014606741573033709	0.9008264462809917	0.7043833013105458	3.2231404958677685	1.6822742474916388	0.004107062311797753	6.582097377892031e-05	0.003723287067636044	0.9078651685393259	15.214876033057852	1.7233892943603688	3.4639397201291713	2.409669211195929	0.3842696629213483	0.6990644753476603	0.7796886574451851	0.8475769644526508	0.18202247191011237	0.911151120906742	849	389	121
395	de	6.685714285714286	1.670940170940171	6.734522588522591	5.892210402930402	0.22507122507122507	0.03561253561253561	0.6937321937321937	0.021367521367521368	0.019943019943019943	0.8952380952380953	0.7249583215929367	2.7904761904761903	1.6367924528301887	0.004917130708689458	5.05949393939394e-05	0.00619348445435402	0.26638176638176636	13.095238095238095	1.5734631700388004	3.4078947368421053	2.243478260869565	0.39886039886039887	0.668142620232173	1.000403504814464	1.0960227519483234	0.20655270655270655	0.9130210035414462	685	297	105
1439	de	7.102941176470588	1.7443064182194616	7.762962793813177	5.83727014979905	0.2432712215320911	0.021739130434782608	0.7505175983436853	0.005175983436853002	0.017598343685300208	0.9264705882352942	0.7285426610426611	2.8823529411764706	1.451219512195122	0.003927434067058075	7.942438218527315e-05	0.004270186335403727	0.5766045548654244	14.102941176470589	1.6424440573072996	3.413919413919414	2.2814814814814817	0.3364389233954451	0.647693194925027	0.6799119611064373	0.8762626388320369	0.21428571428571427	0.8999519677268277	959	421	136
617	de	7.712121212121212	1.9430255402750491	10.345428647972856	7.726863523248202	0.24950884086444008	0.05893909626719057	0.6915520628683693	0.007858546168958742	0.01768172888015717	0.9696969696969697	0.749660403698865	3.0	1.7195121951219512	0.004989982093516699	6.023992938388625e-05	0.007662082514734774	0.2730844793713163	14.803030303030303	1.6219132583103173	3.7297019527235356	2.36	0.4223968565815324	0.6668292682926827	1.004569474673831	0.9109505395688118	0.17485265225933203	0.917934437575469	501	211	66
1214	de	6.621848739495798	1.9390862944162437	9.87373928251504	8.27949544426908	0.26776649746192893	0.04949238578680203	0.7284263959390863	0.013959390862944163	0.012690355329949238	0.8739495798319328	0.6892173925291671	2.7815126050420167	1.578358208955224	0.004245292181013959	6.242705409836066e-05	0.005661850839515814	0.2893401015228426	14.378151260504202	1.7382841376136955	3.380011621150494	2.287313432835821	0.4213197969543147	0.6675036284470247	0.8618519097326339	1.017287887272979	0.20050761421319796	0.9278000584826643	779	366	119
950	de	5.7727272727272725	1.8323959505061866	8.28363585233664	6.974868166479191	0.2879640044994376	0.05736782902137233	0.718785151856018	0.02924634420697413	0.01687289088863892	0.7922077922077922	0.7017460571382137	2.5844155844155843	1.623728813559322	0.004245312414510686	7.31831e-05	0.0051506719554792494	0.6782902137232846	12.103896103896103	1.6394533221213894	3.370899470899471	2.225130890052356	0.35995500562429694	0.702746835443039	0.7014455658660134	0.7970573226953412	0.18785151856017998	0.8857794849241201	865	405	154
470	de	6.211764705882353	1.8806818181818181	9.024633689839572	6.364913877005348	0.24242424242424243	0.05303030303030303	0.7045454545454546	0.005681818181818182	0.017045454545454544	0.788235294117647	0.7368569650082253	2.7294117647058824	1.6951219512195121	0.004335676890340909	4.4997543265306116e-05	0.007661845730027549	0.3314393939393939	13.152941176470588	1.5834477095376749	3.3374888691006235	2.3666666666666667	0.38257575757575757	0.6353846153846138	0.8203647368680476	0.8522234558583925	0.21212121212121213	0.8982749461090991	525	245	85
596	de	6.217821782178218	1.89171974522293	9.15724348868008	7.23490642618402	0.2818471337579618	0.041401273885350316	0.6847133757961783	0.0015923566878980893	0.014331210191082803	0.8811881188118812	0.7159153852683262	2.5841584158415842	1.6396396396396395	0.004731884995859872	5.1842117905405406e-05	0.0064176799845589655	0.6799363057324841	13.366336633663366	1.7223400911519724	3.352029520295203	2.349462365591398	0.35828025477707004	0.6613421550094523	0.7122192387028667	0.8727704183073542	0.19585987261146498	0.8863104620019719	627	296	101
578	de	7.634408602150538	1.8225352112676056	8.893334847796456	6.759388611237318	0.28732394366197184	0.0323943661971831	0.676056338028169	0.0	0.015492957746478873	0.8387096774193549	0.7008169100720252	3.3763440860215055	1.5136186770428015	0.005079946811267606	5.622172295081967e-05	0.004847690795938421	0.9774647887323944	14.602150537634408	1.5606314489391488	3.5730088495575223	2.4285714285714284	0.36901408450704226	0.6655810147299517	0.8548405537100899	0.9770588670750705	0.2	0.9058568400908533	707	305	93
947	de	5.927272727272728	1.8374233128834356	8.403231455660904	7.393299713701431	0.29141104294478526	0.0541922290388548	0.7188139059304703	0.023517382413087935	0.014314928425357873	0.8121212121212121	0.7389066979768196	2.6484848484848484	1.6426426426426426	0.004661234382046319	7.465473464052289e-05	0.00466067437104675	0.6942740286298569	11.806060606060607	1.6428924459222798	3.436991869918699	2.353276353276353	0.3660531697341513	0.7001137656427794	0.7469722556256544	0.8681585700435196	0.17995910020449898	0.9002133621630428	952	459	165
1472	de	7.45679012345679	1.7350993377483444	7.792320333578612	5.915334911290981	0.26490066225165565	0.041390728476821195	0.695364238410596	0.008278145695364239	0.011589403973509934	0.9506172839506173	0.7043143059425956	3.0864197530864197	1.6373056994818653	0.005277958967384106	8.968635404411765e-05	0.007375075255869957	0.2897350993377483	13.91358024691358	1.545548709357083	3.574934268185802	2.3492063492063493	0.41225165562913907	0.6644356435643566	0.8431346322453286	0.8904648563803351	0.18211920529801323	0.9161576481496629	595	272	81
1502	de	6.139705882352941	1.9401197604790419	9.697898467770344	7.944983973230011	0.28023952095808385	0.045508982035928146	0.7473053892215569	0.0011976047904191617	0.015568862275449102	0.8455882352941176	0.6711350172461281	2.7205882352941178	1.4833333333333334	0.0041860865367664675	5.30024511392405e-05	0.004357950765136394	0.5808383233532934	12.970588235294118	1.6515383485749766	3.395075545607163	2.4054054054054053	0.3904191616766467	0.7025271739130423	0.8588695166263708	0.8798454948781326	0.20119760479041915	0.9138545240487582	826	395	136
410	de	5.9928057553956835	1.8307322929171668	8.349835301026886	6.341138778964825	0.2893157262905162	0.03841536614645858	0.7166866746698679	0.012004801920768308	0.009603841536614645	0.841726618705036	0.6629495853752144	2.647482014388489	1.548172757475083	0.004573867805593337	9.617704047619048e-05	0.004831200772992123	0.6746698679471789	12.244604316546763	1.7036557144365014	3.4254947613504076	2.359375	0.3637454981992797	0.6519754768392367	0.8085604006603788	0.891915567501062	0.18007202881152462	0.8993484809958087	821	378	139
611	de	5.576576576576577	1.9822294022617124	9.975171811553075	7.6562565922950405	0.3134087237479806	0.07269789983844911	0.6962843295638126	0.004846526655896607	0.012924071082390954	0.8018018018018018	0.6571015348288075	2.5585585585585586	1.7	0.00366249044361874	4.1450394212218646e-05	0.005239488276644982	0.7641357027463651	12.207207207207206	1.7513467682585329	3.3110949963741843	2.3891402714932126	0.43295638126009695	0.6908269230769245	0.6629849585389604	0.9581109062012876	0.16478190630048464	0.9123050331169218	614	311	111
776	de	6.883720930232558	1.9222972972972974	9.777759270898809	7.735158589985334	0.28716216216216217	0.05292792792792793	0.6959459459459459	0.010135135135135136	0.018018018018018018	0.937984496124031	0.7184587981462982	2.7906976744186047	1.6123778501628665	0.004189092015078716	5.25419684729064e-05	0.003965922444183314	0.7387387387387387	14.689922480620154	1.6963292002621688	3.4	2.2996845425867507	0.40765765765765766	0.7211913814955628	0.7707617616333697	0.8600599116271626	0.17567567567567569	0.9232186814748087	869	406	129
176	de	5.643312101910828	1.8905191873589164	8.919018130580437	7.457105801498182	0.2979683972911964	0.045146726862302484	0.7325056433408578	0.0056433408577878106	0.010158013544018058	0.8598726114649682	0.716765552823245	2.6751592356687897	1.4723127035830619	0.003965598202257337	5.8366989302325577e-05	0.003624761243271401	0.9717832957110609	11.802547770700636	1.6450737649594898	3.4474666666666667	2.3692307692307693	0.38487584650112866	0.715336721728081	0.8242143609217382	0.9011186700073541	0.19525959367945825	0.9079034541073212	876	430	157
1764	de	6.121951219512195	1.7290836653386454	7.200748226605771	5.510661957049849	0.23638778220451528	0.03187250996015936	0.7264276228419655	0.00398406374501992	0.010624169986719787	0.8373983739837398	0.6998213762558022	2.5365853658536586	1.5210727969348659	0.004616667835723772	5.929360855457228e-05	0.004600645038892051	0.35856573705179284	12.699186991869919	1.632166974053631	3.2885476647472807	2.2731277533039647	0.398406374501992	0.6703211009174327	0.8099787250665889	0.8906553105496728	0.2337317397078353	0.9273390460511836	751	339	123
731	de	6.537414965986395	1.8387096774193548	8.656366030283081	6.278097405621978	0.3048907388137357	0.036420395421436005	0.7065556711758585	0.03433922996878252	0.01040582726326743	0.8775510204081632	0.7153472467634432	2.938775510204082	1.6404833836858006	0.004295390948907388	7.861282095238096e-05	0.004037460978147763	0.9323621227887617	13.374149659863946	1.66766993940258	3.3680485338725985	2.295238095238095	0.3704474505723205	0.7067401392111367	0.697057109437059	0.8229321099864793	0.17585848074921956	0.9010245379819111	918	420	147
461	de	6.7682926829268295	1.754954954954955	7.7581026148099355	5.9817936717205	0.22342342342342342	0.04504504504504504	0.7657657657657657	0.009009009009009009	0.010810810810810811	0.9390243902439024	0.7404350793239679	2.731707317073171	1.5157894736842106	0.003926298335495495	7.754761510204082e-05	0.006756756756756757	0.24504504504504504	13.524390243902438	1.6433406363284413	3.446636771300448	2.401315789473684	0.43963963963963965	0.6855701754385963	0.653770878455488	0.7821938531160799	0.1981981981981982	0.9132239077992339	551	245	82
95	de	6.08843537414966	1.9899441340782122	10.265830578041275	8.175667958803635	0.2759776536312849	0.03687150837988827	0.7664804469273743	0.008938547486033519	0.01452513966480447	0.8503401360544217	0.7118236595976318	2.7094594594594597	1.457680250783699	0.003984683616648044	9.698316932668329e-05	0.0038351200362373543	0.5553072625698324	12.5	1.6433375944405357	3.625536480686695	2.755656108597285	0.4145251396648045	0.7266959798994953	0.8162569829070233	0.9026723990441249	0.2	0.9302610920624342	860	401	148
98	de	5.564705882352941	2.043340380549683	10.691651784603906	8.784266603656262	0.29704016913319237	0.06025369978858351	0.7674418604651163	0.012684989429175475	0.017970401691331923	0.7764705882352941	0.6717981645148369	2.4705882352941178	1.5501432664756447	0.003565937647463002	9.894675959367946e-05	0.00416085646169763	0.9069767441860465	11.094117647058823	1.6151641195062247	3.6860103626943004	2.395778364116095	0.38266384778012685	0.7196576151121639	0.6336406679092467	0.7435969578238154	0.1828752642706131	0.9061126935814748	929	443	170
353	de	5.430379746835443	1.993006993006993	10.045330618748341	8.876397722109115	0.32284382284382285	0.04428904428904429	0.7261072261072261	0.009324009324009324	0.011655011655011656	0.740506329113924	0.7230317629999157	2.5443037974683542	1.4893617021276595	0.003642218185780886	5.488988595641646e-05	0.004264674719220174	0.865967365967366	11.651898734177216	1.7532967492712466	3.4209401709401708	2.3793103448275863	0.4195804195804196	0.7029644268774686	0.7727896378314465	0.851609362788855	0.1864801864801865	0.9231725760366387	841	413	158
488	de	6.503875968992248	1.829558998808105	8.535307813842618	7.050970112075101	0.2562574493444577	0.04648390941597139	0.7425506555423123	0.014302741358760428	0.023837902264600714	0.9069767441860465	0.7234469631930561	2.8217054263565893	1.572992700729927	0.0037418092225268177	0.00010092116314363144	0.004900013243279035	0.5446960667461264	13.356589147286822	1.5890939073619612	3.5112521638776686	2.3812709030100336	0.36233611442193087	0.6941216216216217	0.7196734823731407	0.8486631822295457	0.1835518474374255	0.9030150081517034	826	369	129
329	de	6.23489932885906	1.7922497308934338	7.990157562797556	6.443180226988679	0.2604951560818084	0.04736275565123789	0.7265877287405813	0.013993541442411194	0.013993541442411194	0.825503355704698	0.7027039407554112	2.684563758389262	1.5629139072847682	0.0038949526970936494	5.9093098845265596e-05	0.004198062432723358	0.4607104413347686	13.04026845637584	1.6447649982612167	3.3854863612969637	2.183333333333333	0.36490850376749195	0.6585180722891585	0.8392334016723247	0.9678469127684751	0.20667384284176535	0.9027961952731791	911	433	149
446	de	7.306818181818182	1.6734059097978227	7.005848826523401	5.219888180404355	0.2192846034214619	0.02177293934681182	0.7107309486780715	0.0015552099533437014	0.01088646967340591	0.9431818181818182	0.6764438457643327	2.9204545454545454	1.6020942408376964	0.00461748020933126	5.5034852346570394e-05	0.006091238983929497	0.31726283048211507	14.159090909090908	1.5739087322959533	3.476305220883534	2.380952380952381	0.3701399688958009	0.6680698529411762	0.8236111947223252	0.8760533089033734	0.25038880248833595	0.8967655437364224	642	277	88
149	de	6.582608695652174	1.8731836195508587	9.080784102004479	6.682071883292174	0.26948480845442535	0.036988110964332896	0.7305151915455746	0.0066050198150594455	0.011889035667107	0.9304347826086956	0.7298225896910104	3.0	1.5018726591760299	0.003913725028137385	5.934533958944282e-05	0.004070120318469064	0.5217965653896962	13.547826086956523	1.7533695354091774	3.506769825918762	2.375	0.4319682959048877	0.7279331306990876	0.727040901313927	0.8724083299102166	0.17965653896961692	0.9339586990791682	750	341	115
1082	de	6.882352941176471	1.8660968660968662	9.114060667001844	6.8588063348416295	0.2621082621082621	0.03561253561253561	0.7207977207977208	0.002849002849002849	0.008547008547008548	0.8725490196078431	0.6746996128184247	2.950980392156863	1.5281385281385282	0.004285649585327635	4.550562e-05	0.0048778382111715445	0.5754985754985755	14.107843137254902	1.6804830890357205	3.4489937543372657	2.379679144385027	0.39886039886039887	0.699917081260365	0.9441257724934348	0.9537660250141139	0.2207977207977208	0.9167775223588823	701	320	102
269	de	5.163120567375887	1.9766483516483517	9.748067570727148	7.866776506117995	0.31868131868131866	0.042582417582417584	0.7074175824175825	0.019230769230769232	0.017857142857142856	0.7304964539007093	0.6740838724767293	2.3986013986013988	1.5916030534351144	0.0038979338822802195	6.239342664756447e-05	0.0050254623425355135	0.7898351648351648	11.573426573426573	1.7964928137130933	3.224127735068007	2.342696629213483	0.42032967032967034	0.7150715421303664	0.7362402273280924	0.8464274811001148	0.18269230769230768	0.9091280260714748	704	349	143
374	de	7.083333333333333	1.7317647058823529	7.607323529411765	5.8149098039215685	0.22588235294117648	0.021176470588235293	0.7270588235294118	0.01647058823529412	0.023529411764705882	0.9666666666666667	0.7001329649634735	2.8833333333333333	1.5267175572519085	0.0035887323632941177	7.772680643274854e-05	0.01024221453287197	0.2564705882352941	14.483333333333333	1.6545405109453097	3.450753186558517	2.330508474576271	0.4047058823529412	0.6321472392638042	-1	-1	0.23294117647058823	0.8815433844209583	420	171	60
476	de	6.63963963963964	1.7449118046132972	7.589418753896368	5.529014776241643	0.23609226594301222	0.04748982360922659	0.7177747625508819	0.004070556309362279	0.017639077340569877	0.9279279279279279	0.6910380024016387	2.828828828828829	1.5254237288135593	0.004399075206241519	5.4561413636363634e-05	0.004905542218975055	0.3120759837177748	12.90990990990991	1.6180203908145085	3.4529737206085755	2.3969072164948453	0.3948439620081411	0.6756112852664575	0.6874639538815537	0.8696100937620579	0.21845318860244234	0.9195781324796677	733	330	111
320	de	6.238532110091743	1.8529411764705883	8.707733405288725	6.401523745277928	0.2514705882352941	0.051470588235294115	0.7294117647058823	0.0029411764705882353	0.011764705882352941	0.8623853211009175	0.6996648413315077	2.697247706422018	1.536480686695279	0.00410010104867647	6.843685015479875e-05	0.006372549019607842	0.2735294117647059	12.623853211009175	1.6438174592991106	3.4207096307023894	2.367021276595745	0.4073529411764706	0.7087263339070562	0.7887241456438052	0.9264097674384996	0.2073529411764706	0.9099708805418838	676	323	109
440	de	6.130434782608695	1.8664302600472813	8.824746633775309	6.933767560900401	0.2553191489361702	0.04491725768321513	0.7340425531914894	0.009456264775413711	0.013002364066193853	0.8260869565217391	0.6964424666979405	2.630434782608696	1.6336996336996337	0.0044601175078014185	6.810115860349128e-05	0.004048463356973995	0.5390070921985816	13.079710144927537	1.7356357611792395	3.411634349030471	2.3166023166023164	0.3664302600472813	0.7006291834002684	0.7287348628780409	0.9198089421894672	0.19267139479905437	0.9043326462826511	833	401	138
707	de	5.712574850299402	1.769392033542977	7.516730187423896	6.707972703649306	0.27148846960167716	0.04821802935010482	0.7274633123689728	0.007337526205450734	0.018867924528301886	0.8383233532934131	0.7298988160433941	2.461077844311377	1.51840490797546	0.004298830964989518	6.640534697986578e-05	0.004242787261655186	0.7693920335429769	11.676646706586826	1.5426186480342872	3.3173469387755103	2.2526041666666665	0.35639412997903563	0.693625730994153	0.7323703899974242	0.8055144201512474	0.2169811320754717	0.8994485904652361	937	447	167
1776	de	5.682119205298013	2.055944055944056	10.886166350206086	9.303290424365922	0.3554778554778555	0.06177156177156177	0.7447552447552448	0.011655011655011656	0.009324009324009324	0.8410596026490066	0.7226072631072626	2.7086092715231787	1.5288753799392096	0.003844134872406993	7.137265934065933e-05	0.004113533525298231	0.8881118881118881	12.907284768211921	1.7057907119068005	3.3340122199592668	2.2853717026378897	0.44638694638694637	0.7381686429512513	0.8788196776188114	0.846530070966852	0.168997668997669	0.9218354411124623	836	455	151
755	de	6.6183206106870225	1.8050749711649365	8.29102969791419	6.161986896994991	0.2364475201845444	0.03460207612456748	0.7058823529411765	0.0057670126874279125	0.0057670126874279125	0.9465648854961832	0.7136025512948587	2.7251908396946565	1.6254681647940075	0.004202380158246828	7.168735253333333e-05	0.004229142637447136	0.40945790080738176	13.19083969465649	1.5591906702537597	3.5347624565469293	2.3241379310344827	0.3760092272202999	0.6765364583333345	0.7757368178679327	0.8927804147596915	0.21337946943483277	0.9197075228677595	859	375	131
1148	de	5.564885496183206	1.7777777777777777	7.558083121289229	5.605407702698459	0.27434842249657065	0.05761316872427984	0.7530864197530864	0.00823045267489712	0.009602194787379973	0.8091603053435115	0.7236818736818735	2.5833333333333335	1.5862068965517242	0.004326970060493827	5.364744779005525e-05	0.004639715968692003	0.5679012345679012	10.825757575757576	1.521524245956064	3.458219178082192	2.3884297520661155	0.401920438957476	0.706587301587302	0.6636042161302155	0.9072195329087531	0.18244170096021947	0.9099823365009351	721	362	132
365	de	5.080459770114943	1.8970588235294117	8.776673427991888	7.645052421074531	0.3031674208144796	0.04638009049773756	0.7409502262443439	0.014705882352941176	0.010180995475113122	0.7068965517241379	0.6958185043827678	2.257142857142857	1.5372670807453417	0.00408666491979638	6.323480046511628e-05	0.00412424585218703	0.8393665158371041	10.777142857142858	1.7427351844921506	3.3610967408173824	2.455621301775148	0.40384615384615385	0.7164713375796153	0.8171900402886147	0.9085805598020713	0.19343891402714933	0.9151175204796235	870	430	175
125	de	6.526785714285714	1.8344733242134064	8.602231654289625	6.624404426421731	0.26812585499316005	0.04103967168262654	0.6949384404924761	0.013679890560875513	0.016415868673050615	0.9107142857142857	0.7169046169046166	2.8392857142857144	1.6624472573839661	0.004273503988645691	7.679392333333333e-05	0.005343707250341997	0.5116279069767442	13.214285714285714	1.7354337918150944	3.4895622895622895	2.460227272727273	0.4117647058823529	0.6756329113924047	0.7467834439377551	0.854313054754386	0.19562243502051985	0.9253130333922961	727	330	112
119	de	5.936936936936937	1.7572078907435509	7.460458516179305	6.738414581197283	0.2943854324734446	0.051593323216995446	0.7101669195751138	0.009104704097116844	0.013657056145675266	0.8288288288288288	0.7103005031213582	2.630630630630631	1.5814977973568283	0.0036671993626707132	6.710372741935484e-05	0.005289399523086928	0.5781487101669196	12.17117117117117	1.6417847299426247	3.4072164948453607	2.4339622641509435	0.4233687405159332	0.6956785714285723	0.7105417769379183	0.9083656183199531	0.17754172989377845	0.9200816071907375	653	310	111
338	de	6.274390243902439	1.7677356656948493	7.716293050321173	6.054175230510323	0.24975704567541301	0.03498542274052478	0.738581146744412	0.01652089407191448	0.014577259475218658	0.9207317073170732	0.7272676108926559	2.725609756097561	1.6137071651090342	0.004459637099125364	7.435876718403548e-05	0.003984450923226433	0.5286686103012633	12.189024390243903	1.5873105796533966	3.5640381717729785	2.236196319018405	0.35374149659863946	0.689268817204303	0.8266615393026225	0.9338212290836372	0.1933916423712342	0.9028033023757746	1008	451	164
344	de	6.951923076923077	1.8367911479944674	8.795385546334717	5.839906490052133	0.23374827109266944	0.04564315352697095	0.739972337482711	0.008298755186721992	0.019363762102351315	0.9711538461538461	0.7212795453800589	2.9615384615384617	1.483739837398374	0.004024599057952973	8.909574470198675e-05	0.00512909174734901	0.28077455048409405	12.903846153846153	1.4074711416563643	3.753536857781087	2.3576923076923078	0.40525587828492393	0.7058333333333311	0.8622856194963875	0.9583559303788345	0.19778699861687413	0.9242942153311872	714	302	104
485	de	6.1826923076923075	1.7589424572317263	7.576770995334371	6.824469326474458	0.27993779160186627	0.04665629860031104	0.6936236391912908	0.012441679626749611	0.01088646967340591	0.9038461538461539	0.733929405831176	2.6153846153846154	1.6778846153846154	0.004066961369828927	6.423140388349515e-05	0.00659623531935432	0.39502332814930013	12.913461538461538	1.706711873652663	3.3382789317507418	2.272222222222222	0.37636080870917576	0.68125	0.8213851215508222	0.894262461311427	0.18351477449455678	0.8884435715229113	636	309	104
1529	de	6.05	1.9462809917355373	9.735615702479343	8.456752837465563	0.29476584022038566	0.05371900826446281	0.721763085399449	0.013774104683195593	0.008264462809917356	0.8333333333333334	0.6971393219292378	2.6416666666666666	1.5155038759689923	0.004266927675482094	7.914267362318841e-05	0.005217463895149846	0.4559228650137741	12.841666666666667	1.6634951044326045	3.4237942122186493	2.2247191011235956	0.42699724517906334	0.7282137161084529	0.8356876564012652	0.9081883475692809	0.18457300275482094	0.9222265367077093	707	345	120
1130	de	6.135714285714286	2.0034924330616994	10.444139281556627	8.160507260934642	0.2770663562281723	0.03841676367869616	0.6949941792782305	0.012805587892898719	0.012805587892898719	0.8071428571428572	0.7011897690428547	2.692857142857143	1.6462585034013606	0.004260408926309662	4.785237648514852e-05	0.004341288319751649	0.9336437718277066	13.55	1.7376041017253423	3.3021806853582554	2.295373665480427	0.34342258440046564	0.6829999999999996	0.7666007722258452	0.9251264898361221	0.18742724097788127	0.8885769275589631	849	404	140
815	de	7.327868852459017	1.7404921700223714	7.805676458723003	5.852277837679247	0.2505592841163311	0.03803131991051454	0.697986577181208	0.0044742729306487695	0.015659955257270694	0.9344262295081968	0.7004911578073344	3.19672131147541	1.5677419354838709	0.004557546402684564	9.935506e-05	0.009507829977628635	0.24161073825503357	13.491803278688524	1.5219631098767523	3.5740072202166067	2.2916666666666665	0.4519015659955257	0.6745977011494243	-1	0.7836001080038645	0.21700223713646533	0.9172369392299995	443	200	61
236	de	6.185483870967742	1.9217731421121251	9.4992617866005	7.148130765025025	0.2894393741851369	0.05736636245110821	0.7249022164276402	0.002607561929595828	0.00651890482398957	0.8306451612903226	0.7086643257374964	2.814516129032258	1.5424354243542435	0.004489670176271186	7.032955386666667e-05	0.005531191971869937	0.5123859191655802	13.274193548387096	1.7710196954997464	3.3993939393939394	2.49438202247191	0.39765319426336376	0.7137724550898191	0.7872430828458199	0.8636000343748271	0.18513689700130379	0.9045653922821866	761	375	124
1379	de	6.7898550724637685	1.9423692636072571	9.978000788826506	7.83237689511701	0.32017075773745995	0.0576307363927428	0.7427961579509071	0.008537886872998933	0.0096051227321238	0.8623188405797102	0.680287858247678	3.036231884057971	1.650943396226415	0.004018847049626468	6.077867444444444e-05	0.004292144216045659	0.6510138740661686	13.420289855072463	1.683085785793228	3.6237251744498122	2.428977272727273	0.39487726787620064	0.6878878281622918	0.815634238238057	0.9409455974377028	0.17929562433297758	0.9108356359662888	910	450	138
491	de	7.121739130434783	1.901098901098901	9.6204452938366	8.210944037797953	0.28083028083028083	0.05372405372405373	0.7374847374847375	0.026862026862026864	0.01221001221001221	0.9652173913043478	0.724769151413888	3.0956521739130434	1.6	0.0038542741885225886	8.004107868421053e-05	0.004273504273504274	0.5897435897435898	14.295652173913043	1.6046229935168552	3.54916067146283	2.3211920529801326	0.4163614163614164	0.7144583333333319	0.6453879250234535	0.8399330484515825	0.16483516483516483	0.9132649189191184	791	380	115
632	de	5.9072847682119205	2.0728699551569507	11.17370653045467	9.21676751997149	0.28699551569506726	0.061659192825112105	0.7589686098654709	0.02242152466367713	0.010089686098654708	0.7549668874172185	0.6947394375490344	2.638157894736842	1.5838709677419356	0.0038879304144730942	8.23541788372093e-05	0.004127598858540562	0.7802690582959642	12.151315789473685	1.7107812366692927	3.607770090473656	2.2933753943217665	0.3901345291479821	0.7126607818411138	0.7485985534253242	0.8521211184603661	0.1726457399103139	0.9118774655126949	870	430	152
626	de	7.008928571428571	1.775796178343949	8.097877047315741	6.1046635577798	0.26369426751592356	0.035668789808917196	0.7363057324840764	0.01019108280254777	0.014012738853503185	0.9553571428571429	0.7262652973179284	2.9732142857142856	1.5227272727272727	0.0038607112977070064	7.810362109589041e-05	0.004513193812556869	0.5439490445859873	14.321428571428571	1.5886508903097039	3.5586206896551724	2.3179916317991633	0.39490445859872614	0.7009329446064145	0.681992942377922	0.7846098204516925	0.17961783439490445	0.9164857365148593	783	365	112
1652	de	5.370629370629371	2.1927083333333335	12.378503787878792	10.341706209935897	0.33984375	0.06901041666666667	0.7161458333333334	0.0078125	0.0026041666666666665	0.7692307692307693	0.6974739266992784	2.5734265734265733	1.5579710144927537	0.0036851305379562503	5.538935917312662e-05	0.004087936046511627	0.6901041666666666	13.412587412587413	1.9357305091078283	3.1483180428134556	2.4225352112676055	0.4752604166666667	0.7417937219730937	0.87802913227053	0.8605891968743112	0.15234375	0.9377056766256125	734	387	143
512	de	6.786259541984733	1.9865016872890888	10.497361131385297	8.558166532427721	0.31046119235095615	0.05961754780652419	0.6805399325084365	0.003374578177727784	0.013498312710911136	0.9083969465648855	0.7273251804756328	2.877862595419847	1.6226415094339623	0.005152960452643419	5.107099398148148e-05	0.004194788151481065	0.7874015748031497	15.183206106870228	1.7563199311290916	3.33953722334004	2.3853503184713376	0.37682789651293586	0.6750632911392429	0.6363243823963436	0.8129645698649977	0.17885264341957255	0.9092066494402172	878	432	131
83	de	5.215116279069767	1.9096989966555185	8.97834350937233	7.452017609084546	0.28651059085841696	0.045707915273132664	0.7279821627647715	0.013377926421404682	0.012263099219620958	0.7441860465116279	0.6742869703396017	2.4011627906976742	1.509375	0.0035628718559643255	8.074381763285024e-05	0.00467022206152641	0.4782608695652174	10.94767441860465	1.6871957504609696	3.339554173146708	2.4426666666666668	0.4080267558528428	0.6977318295739368	0.7176117358156078	0.879076727876932	0.18840579710144928	0.9169558306030725	876	414	172
1550	de	5.873239436619718	2.0419664268585134	10.795767217212148	7.8402790150977815	0.2949640287769784	0.03717026378896882	0.7529976019184652	0.002398081534772182	0.009592326139088728	0.8309859154929577	0.6938937441597017	2.4722222222222223	1.391025641025641	0.0036286929197841726	5.4996728217821785e-05	0.00465342012104602	0.7589928057553957	12.902777777777779	1.6447498058404921	3.3464651915812196	2.3638968481375358	0.3776978417266187	0.6988435374149679	0.7435086974550211	0.8708349417339513	0.1906474820143885	0.9054068272314192	826	404	144
419	de	6.648148148148148	1.8593314763231197	8.942889198390588	7.280275105746416	0.25069637883008355	0.036211699164345405	0.7214484679665738	0.011142061281337047	0.013927576601671309	0.9444444444444444	0.7290006203557602	2.8518518518518516	1.524793388429752	0.004336576519777159	5.859202080745342e-05	0.00584958217270195	0.3370473537604457	13.62962962962963	1.6839960050540115	3.5050847457627117	2.3717277486910993	0.3955431754874652	0.681906300484654	0.7633448894105005	0.8360668124534326	0.22284122562674094	0.9183925134673112	715	322	108
1742	de	4.5576923076923075	1.9718706047819972	9.455573136427567	8.476722665801148	0.29254571026722925	0.06610407876230662	0.749648382559775	0.03234880450070324	0.014064697609001406	0.6794871794871795	0.6906377045893174	2.1019108280254777	1.6119402985074627	0.0035939661253164557	5.9133469207317074e-05	0.004185105142190663	0.6976090014064698	9.687898089171975	1.7629972163796188	3.311506675143039	2.424778761061947	0.44585091420534456	0.7236111111111104	0.7819362809815346	0.8278570601211785	0.16033755274261605	0.9254754999971182	684	328	157
1643	de	5.1103896103896105	2.1461245235069883	11.727321325434414	8.837182682882556	0.3087674714104193	0.035578144853875476	0.7077509529860229	0.012706480304955527	0.0063532401524777635	0.7467532467532467	0.6346898018466645	2.3181818181818183	1.4914089347079038	0.003888200174269886	5.643644853333333e-05	0.004150783566285472	0.8919949174078781	12.35064935064935	1.9934240936590562	3.2094349403836184	2.4562647754137115	0.39898348157560354	0.7155668604651165	0.7364739290871183	0.8162318920858291	0.19440914866581957	0.9084802204710307	756	375	154
1334	de	5.469879518072289	1.948237885462555	9.532460060506345	8.49156826070803	0.31607929515418504	0.05286343612334802	0.7334801762114538	0.011013215859030838	0.02092511013215859	0.7710843373493976	0.6990932972751155	2.4216867469879517	1.7195945945945945	0.004883257969823788	5.58780773019272e-05	0.004428230543318649	0.8083700440528634	11.644578313253012	1.6421333189804133	3.3579109062980033	2.2822085889570554	0.3876651982378855	0.7045611866501861	0.7555771190995981	0.8490985752404075	0.17951541850220265	0.9015565735018964	893	467	166
641	de	6.5928571428571425	2.0433369447453953	11.092590233709952	8.849947599442812	0.28169014084507044	0.05417118093174431	0.7074756229685807	0.0065005417118093175	0.013001083423618635	0.9142857142857143	0.7369733090532921	2.9214285714285713	1.5967213114754097	0.004248874101950162	5.60286995412844e-05	0.005449949111920943	0.42903575297941493	14.114285714285714	1.7180858184888481	3.4785894206549117	2.295774647887324	0.37594799566630555	0.691067961165046	0.5746003305750861	0.7693368633360336	0.19176598049837487	0.9051632179509969	914	436	140
854	de	6.083333333333333	1.7821917808219179	7.812363013698629	6.491338812785389	0.29041095890410956	0.04657534246575343	0.7068493150684931	0.036986301369863014	0.01780821917808219	0.85	0.6499050436025225	2.9166666666666665	1.6313725490196078	0.004462092784709589	7.051766747720365e-05	0.004970645792563601	0.5205479452054794	12.35	1.623422569396834	3.4173855341738553	2.217821782178218	0.42054794520547945	0.6930903328050717	0.7588316583682365	0.8855764828076476	0.19041095890410958	0.9266018833953936	703	329	120
449	de	6.3578947368421055	1.7317880794701987	7.324678285116768	5.486765165562914	0.26490066225165565	0.054635761589403975	0.6639072847682119	0.004966887417218543	0.016556291390728478	0.8842105263157894	0.6924661331576224	2.8421052631578947	1.6443298969072164	0.004633523175331126	7.0659415e-05	0.006262597178232076	0.2847682119205298	11.884210526315789	1.567040561777404	3.530396475770925	2.3087248322147653	0.4155629139072848	0.6797029702970308	0.7471997073188515	0.8154120486817565	0.16556291390728478	0.9203896486125702	597	260	95
554	de	5.911111111111111	1.7218045112781954	7.032626566416042	5.0155307602339185	0.2656641604010025	0.040100250626566414	0.7330827067669173	0.006265664160401002	0.022556390977443608	0.8592592592592593	0.7267889448859595	2.577777777777778	1.4878892733564013	0.004042829048746867	6.177646457142857e-05	0.005164426217057796	0.46365914786967416	11.666666666666666	1.5485955669271803	3.401002506265664	2.442906574394464	0.38721804511278196	0.6889699570815456	0.7753591642836525	0.9868652351284688	0.18671679197994986	0.9095146749347608	791	350	135
173	de	5.66412213740458	2.0202156334231804	10.457552107981318	8.823779765848439	0.29514824797843664	0.05121293800539083	0.7183288409703504	0.01078167115902965	0.01752021563342318	0.7938931297709924	0.6360493151895863	2.595419847328244	1.5269230769230768	0.0037119128715633427	6.020994590163935e-05	0.005506353484790142	0.4716981132075472	12.625954198473282	1.7432879019149785	3.3599048185603806	2.3193916349809887	0.4137466307277628	0.6905443234836696	0.8563186478051575	1.0307242318967085	0.1967654986522911	0.9090817118280549	729	366	131
1514	de	6.636363636363637	1.8830347734457324	9.217992144841464	7.099995152792414	0.24973656480505796	0.06006322444678609	0.7576396206533192	0.008429926238145416	0.01685985247629083	0.8671328671328671	0.7236672951461679	2.944055944055944	1.6019108280254777	0.003985523863856691	8.590568789237669e-05	0.004243442599606983	0.49841938883034775	13.37062937062937	1.5569754660303818	3.5449817992719708	2.2830687830687832	0.36880927291886195	0.7006823529411745	0.7722641298399346	0.8366495535849356	0.1791359325605901	0.9011280014257067	938	446	143
560	de	6.394230769230769	2.0270676691729324	10.823148496240602	8.07194997108155	0.281203007518797	0.06315789473684211	0.6721804511278195	0.007518796992481203	0.012030075187969926	0.875	0.7023451832132582	2.8461538461538463	1.6289592760180995	0.004262133652330827	4.4713598757763975e-05	0.004732419283502875	0.6015037593984962	13.951923076923077	1.891854058906482	3.4091530054644807	2.3294117647058825	0.43007518796992483	0.7026325088339218	0.7569205478102874	0.8786930961541664	0.19398496240601504	0.9243207957542112	663	322	104
1724	de	5.01010101010101	1.9536290322580645	9.416761974584556	8.26464453405018	0.3286290322580645	0.05241935483870968	0.8024193548387096	0.008064516129032258	0.014112903225806451	0.9292929292929293	0.7085350590452628	2.5454545454545454	1.4216216216216215	0.0036571364118951613	5.8284876603773585e-05	0.009305210918114143	0.12298387096774194	11.333333333333334	1.6855535317656531	3.2740088105726874	2.381188118811881	0.5564516129032258	0.7603022670025201	-1	0.99407300539898	0.1875	0.9459444854568035	490	265	99
635	de	7.165413533834586	1.8992654774396642	9.615843911983529	7.04728589416879	0.2654774396642183	0.05876180482686254	0.7187827911857293	0.00944386149003148	0.013641133263378805	0.9699248120300752	0.7367241987562834	2.857142857142857	1.7045454545454546	0.004146284610367051	7.414355433789956e-05	0.004573950009416955	0.5519412381951732	14.992481203007518	1.6709141081740537	3.452440865626573	2.2745098039215685	0.3809024134312697	0.702868852459017	0.672592200192738	0.8591033416610127	0.20671563483735572	0.9078037142731692	940	438	133
563	de	6.643356643356643	1.7536842105263157	7.694382775119617	5.392748178137652	0.24947368421052632	0.056842105263157895	0.72	0.005263157894736842	0.01368421052631579	0.9230769230769231	0.687059986179704	2.763888888888889	1.583596214511041	0.004231499304526316	6.287002304250559e-05	0.005296052631578947	0.36526315789473685	13.125	1.61507947208331	3.470184696569921	2.2720588235294117	0.3357894736842105	0.6632549941245598	0.8733933997248664	1.022672768815382	0.19473684210526315	0.8889632001681625	946	447	144
605	de	6.571428571428571	1.9244851258581235	9.681781627983003	7.9451959463877095	0.2745995423340961	0.04576659038901602	0.6796338672768879	0.0	0.018306636155606407	0.8721804511278195	0.7124743627584535	2.706766917293233	1.6404109589041096	0.004312501791762014	6.17497493765586e-05	0.0048549693858618344	0.6167048054919908	13.646616541353383	1.6536305752954183	3.526578073089701	2.41025641025641	0.34668192219679633	0.6786322580645177	0.6672908943277418	0.88574030436315	0.2036613272311213	0.90284966252891	871	401	133
509	de	6.161971830985915	1.9885714285714287	10.278311871227366	8.734184547283704	0.3222857142857143	0.052571428571428575	0.6857142857142857	0.010285714285714285	0.013714285714285714	0.8943661971830986	0.7100317369090835	2.7816901408450705	1.605095541401274	0.0037614492141714285	5.230919702517162e-05	0.0044952380952380955	0.7565714285714286	13.507042253521126	1.7437384798300293	3.371604305484367	2.352750809061489	0.3965714285714286	0.7021391752577346	0.7065377242843612	0.834530839768817	0.16685714285714287	0.9152272284523362	866	437	142
761	de	6.507462686567164	2.032110091743119	10.926809530330004	8.964985834588525	0.31422018348623854	0.058486238532110095	0.6915137614678899	0.013761467889908258	0.006880733944954129	0.8880597014925373	0.6885549540208884	2.933333333333333	1.5504885993485342	0.0038388473407018346	6.320877177033493e-05	0.004696373962429008	0.5825688073394495	13.814814814814815	1.7265992957659626	3.4003189792663475	2.384816753926702	0.37729357798165136	0.6608538163001295	0.800582447597799	0.9730443702558088	0.18463302752293578	0.9031654747855677	845	418	135
551	de	6.245283018867925	1.9818731117824773	10.231763096391724	8.305706789032662	0.28851963746223563	0.052870090634441085	0.675226586102719	0.006042296072507553	0.013595166163141994	0.9150943396226415	0.6858038313677411	2.7547169811320753	1.600896860986547	0.004043314768429003	6.448770681818182e-05	0.006102719033232629	0.32326283987915405	13.38679245283019	1.7438800682955728	3.492264416315049	2.3186274509803924	0.43202416918429004	0.6820959147424526	0.6550681015420923	0.860199684812252	0.2039274924471299	0.9255170256925234	652	308	106
590	de	6.820224719101123	1.728171334431631	7.462309386742685	5.766049975010644	0.2553542009884679	0.04942339373970346	0.6672158154859967	0.006589785831960461	0.018121911037891267	0.898876404494382	0.663857039425221	2.8876404494382024	1.7282608695652173	0.0053275316887973646	8.466512446043164e-05	0.007374284145289088	0.2273476112026359	12.797752808988765	1.5116325154246504	3.62882096069869	2.412121212121212	0.4052718286655684	0.637972440944882	0.92598608364445	1.0566116511073391	0.18945634266886327	0.909441788816578	602	278	89
1199	de	7.317073170731708	1.785	8.326658536585366	6.624964634146342	0.25333333333333335	0.04833333333333333	0.7216666666666667	0.021666666666666667	0.016666666666666666	0.9146341463414634	0.703899735381217	2.8536585365853657	1.702970297029703	0.0037431160076016666	6.599944903474904e-05	0.008257575757575757	0.315	14.646341463414634	1.5868590926880541	3.3477537437603995	2.2160804020100504	0.39166666666666666	0.6509381237524954	0.7824629637350357	0.7990301888816255	0.19666666666666666	0.8880019101439498	586	259	82
317	de	6.34965034965035	1.9889867841409692	10.356407689227076	8.510571230091495	0.2753303964757709	0.0473568281938326	0.698237885462555	0.011013215859030838	0.007709251101321586	0.8251748251748252	0.6491874909128432	2.6713286713286712	1.7744107744107744	0.004828550642731277	5.1480152357320094e-05	0.005150298004664422	0.45374449339207046	14.314685314685315	1.8927976958019286	3.290291262135922	2.2114093959731544	0.3645374449339207	0.6876885043263297	0.6709293629134537	0.7896818131513309	0.18061674008810572	0.9065072205328528	888	403	143
299	de	5.91	2.00507614213198	10.374798477157363	7.755859275803722	0.27918781725888325	0.038917089678511	0.7241962774957699	0.001692047377326565	0.018612521150592216	0.8	0.6916985651834138	2.57	1.502415458937198	0.0036960566573604058	7.659909717314487e-05	0.006091370558375634	0.42470389170896783	12.48	1.7169557183013067	3.4405426975259377	2.357142857142857	0.43147208121827413	0.6974999999999999	0.5198911205450223	0.6879973412989722	0.1895093062605753	0.9237418847719613	589	283	100
86	de	5.696551724137931	1.8256658595641646	8.174512315270938	6.139981608082158	0.2772397094430993	0.05690072639225181	0.7518159806295399	0.007263922518159807	0.015738498789346248	0.8344827586206897	0.7304446903405235	2.524137931034483	1.5650684931506849	0.003935914896489105	5.211578067885118e-05	0.005282852740479859	0.4116222760290557	11.124137931034483	1.541569765536884	3.51055900621118	2.3523131672597866	0.3765133171912833	0.7058459422283349	0.7198023139984491	0.8966288703357858	0.18886198547215496	0.9029264350153864	816	383	145
1469	de	6.34375	1.935960591133005	9.728397475369459	8.796118349753694	0.28735632183908044	0.052545155993431854	0.7175697865353038	0.024630541871921183	0.011494252873563218	0.875	0.7600462162536461	2.7083333333333335	1.6372549019607843	0.004477137714942529	7.383396470588235e-05	0.0071592775041050905	0.4466338259441708	12.760416666666666	1.700221264633271	3.500402252614642	2.1965811965811968	0.4072249589490969	0.6829411764705895	0.663564936285317	0.8613844239472443	0.180623973727422	0.9075590388431222	580	272	96
1115	de	6.048780487804878	1.8373655913978495	8.449938368738529	7.0329690007867836	0.27553763440860213	0.03763440860215054	0.6989247311827957	0.020161290322580645	0.010752688172043012	0.8455284552845529	0.7057856988184856	2.796747967479675	1.5674603174603174	0.004110933275967742	5.7973128096676735e-05	0.004723502304147466	0.5577956989247311	12.617886178861788	1.6656094025534482	3.3613231552162848	2.391941391941392	0.4032258064516129	0.6814883720930222	0.7702490003135652	0.8895220958258614	0.1814516129032258	0.9157355357639523	722	331	123
539	de	6.2611940298507465	1.933253873659118	9.664261380819386	7.493313834878055	0.2860548271752086	0.033373063170441	0.7139451728247914	0.0166865315852205	0.015494636471990465	0.9104477611940298	0.7178074223187004	2.708955223880597	1.5842293906810037	0.003583799969725864	7.282144498714652e-05	0.005312446790396731	0.5363528009535161	13.380597014925373	1.6490088966863377	3.3435072142064373	2.2951807228915664	0.399284862932062	0.6989189189189191	0.6746773689930303	0.7928974287622433	0.1871275327771156	0.903663960735809	816	389	134
305	de	5.525316455696203	1.8934707903780068	8.907828744182002	7.635740127887251	0.286368843069874	0.030927835051546393	0.713631156930126	0.009163802978235968	0.014891179839633447	0.7658227848101266	0.6900970932818061	2.5316455696202533	1.5164473684210527	0.005203322259243986	7.057093135802469e-05	0.003985299732722413	0.9060710194730813	11.41139240506329	1.6052140438147806	3.547252747252747	2.6142131979695433	0.3642611683848797	0.664974160206718	0.735277170766237	0.8411730415618187	0.20962199312714777	0.9050340126022591	850	405	158
74	de	5.928571428571429	1.823293172690763	8.237002294893863	7.13040707592274	0.3119143239625167	0.03614457831325301	0.7255689424364123	0.014725568942436412	0.009370816599732263	0.8333333333333334	0.7366953157953154	2.6031746031746033	1.583011583011583	0.0038698264903614457	5.1925894e-05	0.00528610167164384	0.6813922356091031	12.468253968253968	1.7164857221054701	3.3244949494949494	2.4723247232472323	0.4029451137884873	0.696913580246912	1.023969268683201	1.0110233287461026	0.18473895582329317	0.9127976352248024	730	350	126
497	de	6.92741935483871	1.8440046565774155	8.870948496000604	7.389865214615645	0.25029103608847497	0.04307334109429569	0.7089639115250291	0.008149010477299184	0.015133876600698487	0.9838709677419355	0.7350895603944383	2.846774193548387	1.6363636363636365	0.003901332483236321	7.242283060686015e-05	0.00569599201729586	0.26775320139697323	13.78225806451613	1.636186695952438	3.5229411764705882	2.3230088495575223	0.35273573923166474	0.6577894736842121	0.6161917274079075	0.8623323293836753	0.19674039580908032	0.8981366359839045	857	379	124
260	de	6.827067669172933	2.0099118942731278	10.789516743400352	8.457697168030208	0.26762114537444937	0.05286343612334802	0.6949339207048458	0.0011013215859030838	0.012114537444933921	0.9022556390977443	0.7085139580530795	2.9398496240601504	1.6303630363036303	0.004571153378964758	6.760784976303318e-05	0.004376304196614886	0.5583700440528634	14.323308270676693	1.7023323450346892	3.552066980638409	2.2893772893772892	0.3722466960352423	0.6871322620519185	0.8236129189072322	0.8978079984918865	0.21255506607929514	0.9113951188488825	900	422	133
443	de	6.177966101694915	1.7722908093278464	7.732438329729607	6.200383915742485	0.23731138545953362	0.027434842249657063	0.6886145404663924	0.024691358024691357	0.02194787379972565	0.864406779661017	0.7238925960079805	2.5338983050847457	1.688073394495413	0.0045996936242798355	8.36279233974359e-05	0.006321941909703584	0.27434842249657065	12.127118644067796	1.5706688321095101	3.5250347705146035	2.129166666666667	0.4060356652949246	0.7073333333333325	0.8005657895119233	0.8317017394991449	0.1906721536351166	0.9145517173306622	710	312	118
137	de	5.477064220183486	1.9112227805695143	9.09848385659183	7.775472005286371	0.30318257956448913	0.05025125628140704	0.7169179229480737	0.010050251256281407	0.021775544388609715	0.8348623853211009	0.6569688284966063	2.55045871559633	1.544186046511628	0.0030863158747068678	6.070953686006825e-05	0.005837267143799807	0.6381909547738693	11.73394495412844	1.6995816110495008	3.3292212798766383	2.3542600896860986	0.4639865996649916	0.7198594377510034	0.7479186424106385	1.0684197384567258	0.16415410385259632	0.926501807453977	583	293	109
1406	de	6.366412213740458	1.7206235011990407	7.1962580775074585	5.7174617240558705	0.2745803357314149	0.04316546762589928	0.709832134292566	0.013189448441247002	0.013189448441247002	0.9083969465648855	0.6823229441498672	2.732824427480916	1.7152777777777777	0.0042631473077937646	7.514099554973823e-05	0.007065775950668037	0.3405275779376499	12.694656488549619	1.5333024693711717	3.3456495828367103	2.4285714285714284	0.3393285371702638	0.6251972789115655	0.6776947368485485	0.8064556204288541	0.18585131894484413	0.8752966408370652	816	382	131
1340	de	5.934782608695652	1.8571428571428572	8.63885093167702	7.054755969634232	0.32234432234432236	0.04395604395604396	0.7350427350427351	0.009768009768009768	0.01098901098901099	0.8260869565217391	0.7231757901465927	2.601449275362319	1.6134751773049645	0.0040543402092190475	6.18266085e-05	0.0052328623757195184	0.7228327228327228	12.333333333333334	1.6818452543938816	3.395578824898197	2.409090909090909	0.3907203907203907	0.686041666666669	0.7457561992933542	0.8147600606424482	0.1807081807081807	0.9039693650225663	807	400	138
110	de	6.072847682119205	1.8473282442748091	8.57688387846924	7.092746544664071	0.27262813522355506	0.04252998909487459	0.7644492911668485	0.008724100327153763	0.011995637949836423	0.9006622516556292	0.7064490280960865	2.7019867549668874	1.4554140127388535	0.004152368948964013	6.711353990719257e-05	0.004413979332190891	0.7884405670665212	12.33774834437086	1.6008739237216059	3.5008042895442357	2.415625	0.36205016357688113	0.6869682151589258	0.6590250398691292	0.8141418543470755	0.18974918211559433	0.9027968955689756	905	431	151
263	de	6.550724637681159	1.779867256637168	7.967216237014238	6.816553283314096	0.24557522123893805	0.033185840707964605	0.661504424778761	0.00331858407079646	0.011061946902654867	0.8840579710144928	0.670444367068454	2.6956521739130435	1.6313993174061434	0.0048391642538716815	5.3268905612244895e-05	0.0053882386525835	0.372787610619469	13.123188405797102	1.58474707970094	3.3800880088008802	2.369811320754717	0.3241150442477876	0.6316397515527946	0.7566780326632685	0.893552310010429	0.20353982300884957	0.8906191248231772	899	392	138
1571	de	6.57	1.9193302891933028	9.620397412480976	7.687263512937594	0.3013698630136986	0.0563165905631659	0.710806697108067	0.0076103500761035	0.0136986301369863	0.85	0.6725538431678783	3.1	1.5663716814159292	0.004253158663013699	7.21333292063492e-05	0.005143546947987194	0.3759512937595129	13.76	1.6704040751802902	3.398706896551724	2.3488372093023258	0.4581430745814307	0.7242473118279578	0.9260974263511906	0.9938447835970439	0.1598173515981735	0.9344129566317844	647	315	100
25	de	6.2312925170068025	1.8777292576419213	8.997409321807325	7.478575165612096	0.2849344978165939	0.05021834061135371	0.730349344978166	0.016375545851528384	0.004366812227074236	0.8571428571428571	0.7141267638473837	2.7266666666666666	1.5504587155963303	0.003801601330569869	8.576015907990316e-05	0.003892158724131384	0.888646288209607	12.46	1.7411775631775632	3.48603057459146	2.260115606936416	0.37882096069869	0.7094492044063639	0.764972179125731	0.9201864434168743	0.17248908296943233	0.9084947763248309	884	413	150
974	de	6.662420382165605	1.8078393881453154	8.340848729159312	6.68261825577572	0.2858508604206501	0.04684512428298279	0.7237093690248566	0.011472275334608031	0.010516252390057362	0.802547770700637	0.6857933292902925	2.878980891719745	1.4705882352941178	0.004259321343977056	7.7996613125e-05	0.0038432122370936897	0.6434034416826003	12.636942675159236	1.5756394734595223	3.568170550322261	2.401114206128134	0.34990439770554493	0.6596304118268188	0.691297338073293	0.7768932267032748	0.20363288718929254	0.9000681216000549	1025	480	157
746	de	7.2727272727272725	1.875	9.371363636363636	6.784906250000001	0.3104166666666667	0.03229166666666667	0.7020833333333333	0.0020833333333333333	0.008333333333333333	0.9166666666666666	0.7172274602112947	3.037878787878788	1.4685714285714286	0.0047811862715625	5.197367202643172e-05	0.0045280612244897964	0.959375	15.219696969696969	1.7419316930346342	3.3659742828882293	2.445945945945946	0.3385416666666667	0.6647270615563284	0.6250335171034584	0.7859873870238708	0.16979166666666667	0.8909695738915032	952	454	132
122	de	6.7407407407407405	1.9047619047619047	9.515079365079366	7.643553683353684	0.3315018315018315	0.03663003663003663	0.7142857142857143	0.005494505494505495	0.003663003663003663	0.9259259259259259	0.6714548024000421	3.024390243902439	1.541237113402062	0.004457228730586081	6.121135957446808e-05	0.007129774986917844	0.489010989010989	14.74390243902439	1.586719682756268	3.333608587943848	2.423076923076923	0.43956043956043955	0.6831096196868004	0.8964068923582731	1.0282756383909482	0.16666666666666666	0.909249062492994	539	282	82
830	de	6.68595041322314	1.7330037082818295	7.466964418882615	5.798861242836273	0.26081582200247216	0.032138442521631644	0.7070457354758962	0.029666254635352288	0.019777503090234856	0.9338842975206612	0.7253919986389021	2.87603305785124	1.5236363636363637	0.003708025945117429	7.157876559766764e-05	0.005089798589398676	0.4956736711990111	13.082644628099173	1.514388807594933	3.517394054395952	2.2634730538922154	0.3646477132262052	0.6530140845070411	0.7668543277021607	0.9036918635978759	0.21755253399258342	0.8969996148712382	787	343	121
1562	de	6.398148148148148	1.9623733719247467	10.061283566489788	8.266521455753873	0.2575976845151954	0.024602026049204053	0.7120115774240231	0.008683068017366137	0.008683068017366137	0.8518518518518519	0.70221482551358	2.925925925925926	1.5862068965517242	0.005494405874095514	5.9639282006920416e-05	0.004999342191816866	0.5282199710564399	13.296296296296296	1.64591227247316	3.485557083906465	2.735191637630662	0.40665701881331406	0.657499999999999	0.7533527420288871	0.8801339490140907	0.19536903039073805	0.9250533543575666	669	289	108
968	de	5.468253968253968	1.8809869375907111	8.73826491118944	7.558726025756217	0.29898403483309144	0.04499274310595065	0.7242380261248186	0.018867924528301886	0.010159651669085631	0.8174603174603174	0.722614574314574	2.619047619047619	1.5369649805447472	0.003351284710740203	8.963790560747665e-05	0.005295571333307182	0.5152394775036284	11.73015873015873	1.6550445620934342	3.3553233180927498	2.5014409221902016	0.3788098693759071	0.661322033898304	0.6655841301495946	0.8499252307368788	0.15820029027576196	0.8918906676850618	657	321	126
767	de	6.036231884057971	2.176470588235294	12.44648337595908	10.41264932755711	0.3169267707082833	0.06962785114045618	0.6986794717887155	0.004801920768307323	0.009603841536614645	0.8985507246376812	0.7240845326611749	2.8405797101449277	1.6284722222222223	0.004565766717022809	4.720970930232558e-05	0.004665502564662228	0.8091236494597839	14.58695652173913	1.922945643326078	3.2645320197044336	2.40655737704918	0.3865546218487395	0.6783514986376026	0.5997759814740752	0.7696465963646651	0.18607442977190877	0.9058799502776943	825	430	138
1508	de	6.347368421052631	1.7330016583747927	7.3348932530330835	6.517241857379768	0.26865671641791045	0.026533996683250415	0.6998341625207297	0.009950248756218905	0.014925373134328358	0.8947368421052632	0.691418067747855	2.663157894736842	1.5495049504950495	0.004581106636508623	7.300821172161172e-05	0.0054933665008291875	0.6003316749585407	12.631578947368421	1.6109387826700847	3.3963666391412057	2.323170731707317	0.4295190713101161	0.6924007936507911	0.658077622835454	0.7839013595537163	0.208955223880597	0.9123842670552195	601	273	95
464	de	6.565573770491803	1.710362047440699	7.152845930292052	5.2423020118294765	0.2247191011235955	0.062421972534332085	0.6941323345817728	0.011235955056179775	0.012484394506866416	0.9262295081967213	0.7234123314701825	2.7540983606557377	1.707112970711297	0.004407174060174782	8.589370328767122e-05	0.005132473297267304	0.31335830212234705	12.254098360655737	1.5805218608135676	3.6140825998645902	2.2916666666666665	0.37453183520599254	0.6825925925925926	0.697571294249132	0.8238713962946668	0.21473158551810237	0.8988808771120133	790	365	122
404	de	7.584070796460177	1.9078179696616102	9.880039652626472	7.5812013279499375	0.26954492415402564	0.03733955659276546	0.7409568261376897	0.01633605600933489	0.015169194865810968	0.9292035398230089	0.7235591287106795	2.9557522123893807	1.582191780821918	0.004037070250991833	7.582049419525067e-05	0.005014349238386577	0.5239206534422404	15.699115044247788	1.765162299563927	3.4946418499717993	2.2992424242424243	0.3792298716452742	0.7052506596306057	0.7574445901338928	0.9351828036250938	0.1808634772462077	0.9013600841532504	838	379	113
143	de	7.348837209302325	1.8528481012658229	9.139654106564617	6.766478745952311	0.2231012658227848	0.02689873417721519	0.7088607594936709	0.0	0.030063291139240507	0.9186046511627907	0.741028644558056	2.9767441860465116	1.5876288659793814	0.004056171524367089	4.576260974729242e-05	0.006604292790313704	0.310126582278481	15.395348837209303	1.669463658076949	3.392857142857143	2.4237288135593222	0.3512658227848101	0.6475422138836783	0.9060731534565213	0.9936872574480067	0.21677215189873417	0.8836767122627897	628	277	86
359	de	6.461538461538462	1.8918650793650793	9.254007936507936	7.157115262515264	0.2748015873015873	0.044642857142857144	0.7192460317460317	0.006944444444444444	0.01488095238095238	0.9038461538461539	0.738053666763344	2.9294871794871793	1.5062111801242235	0.0037264685052579363	6.93207502136752e-05	0.004822530864197531	0.47023809523809523	12.814102564102564	1.5560995696318094	3.5245490981963927	2.2953216374269005	0.35912698412698413	0.6812541254125436	0.6857614203532363	0.8587185858111666	0.1984126984126984	0.9056474288821281	997	468	156
68	de	6.207692307692308	1.8798017348203222	9.012660470879801	7.36241809932323	0.298636926889715	0.04956629491945477	0.7224287484510533	0.012391573729863693	0.01858736059479554	0.9153846153846154	0.7321493043107269	2.753846153846154	1.525	0.004710871871251549	5.809317480314961e-05	0.004474734958006333	0.5923172242874845	12.9	1.6666467692689413	3.474747474747475	2.382838283828383	0.42131350681536556	0.6962570621468928	0.8674580811790192	0.9008709485894194	0.19330855018587362	0.9250132602997391	794	381	130
806	de	5.720779220779221	1.8626560726447219	8.620445553311615	7.121117009891357	0.32122587968217936	0.046538024971623154	0.6855845629965948	0.019296254256526674	0.00681044267877412	0.7597402597402597	0.7136522156129993	2.6923076923076925	1.5692307692307692	0.004397761119863792	5.731576498800959e-05	0.005583335889805811	0.5822928490351873	12.057692307692308	1.7299385323282381	3.2980719124544033	2.3341708542713566	0.3757094211123723	0.6679028132992354	0.799320259609412	0.9032232744618932	0.17253121452894438	0.90352404278095	856	417	156
821	de	6.601351351351352	1.7881269191402251	8.084424672881685	6.088346764779111	0.26509723643807576	0.05834186284544524	0.7021494370522006	0.033776867963152504	0.009211873080859774	0.8648648648648649	0.722665999742425	2.9205298013245033	1.6366459627329193	0.004112561962958035	7.058139479905438e-05	0.00398291130790797	0.7645854657113613	12.874172185430464	1.5961104089777385	3.431841302136317	2.1347708894878705	0.35209825997952915	0.6954783599088858	0.6849760167150378	0.8338364435019711	0.19344933469805528	0.8918960809193959	943	423	151
971	de	6.366666666666666	1.887958115183246	9.170905759162306	7.498941221640489	0.2837696335078534	0.049214659685863874	0.7109947643979058	0.018848167539267015	0.005235602094240838	0.8333333333333334	0.6985377318431006	2.8466666666666667	1.5873493975903614	0.0043938092667120425	6.035726540178571e-05	0.0042107608332405035	0.8429319371727748	13.166666666666666	1.708449069188839	3.3975	2.2576687116564416	0.3549738219895288	0.6932593457943922	0.7499173461827419	0.8732476267417439	0.193717277486911	0.8977599592138708	934	448	150
341	de	5.882758620689655	1.8112543962485346	8.077077737801673	6.655420219104984	0.29191090269636577	0.035169988276670575	0.6764361078546307	0.004689331770222743	0.012895662368112544	0.8551724137931035	0.6973784136161585	2.593103448275862	1.6067796610169491	0.004720067623915592	4.810260640394089e-05	0.0040797186400937865	0.9613130128956624	12.351724137931035	1.6979176350143574	3.340188993885492	2.3345588235294117	0.3634232121922626	0.6575331564986727	0.7061807588584733	0.8190912124962881	0.20281359906213364	0.9046624231323983	845	406	145
413	de	5.241071428571429	1.8807495741056217	8.646862831589196	6.534901691409103	0.293015332197615	0.03747870528109029	0.7546848381601363	0.01192504258943782	0.008517887563884156	0.8214285714285714	0.7278908778908776	2.482142857142857	1.5323383084577114	0.00307985348483816	6.844242740213523e-05	0.0059284497444633735	0.3526405451448041	11.303571428571429	1.750593437127282	3.3251721499617446	2.4144144144144146	0.48722316865417375	0.7187295081967207	1.0191935816069821	0.9753916890209847	0.19080068143100512	0.9324520503512476	574	281	112
1205	de	7.2521008403361344	1.73117033603708	7.6661292929686375	5.967110936054608	0.23870220162224798	0.04055619930475087	0.7288528389339514	0.013904982618771726	0.008111239860950173	0.8991596638655462	0.7078782591619078	3.033613445378151	1.650375939849624	0.003940235232792584	5.0997959137055836e-05	0.0048735600845204825	0.4762456546929316	14.445378151260504	1.6548135825014223	3.5035087719298246	2.1625	0.36152954808806487	0.6807722513089035	0.8795294283790245	0.9755457150923919	0.20509849362688296	0.8898607318339272	849	394	119
1538	de	6.780141843971631	1.9288702928870294	9.814924775215886	7.991484904596575	0.2792887029288703	0.04811715481171548	0.700836820083682	0.007322175732217573	0.005230125523012552	0.8865248226950354	0.7004327220398647	3.0	1.6293929712460065	0.004312215892782426	7.560585346756152e-05	0.004107561996122053	0.5742677824267782	14.24822695035461	1.7300516559244574	3.4441711756025577	2.3993174061433447	0.3713389121338912	0.6797316219369898	0.8366432208159065	0.9189733840568822	0.200836820083682	0.9093032043630223	945	447	141
233	de	6.933333333333334	1.8782051282051282	9.276820512820514	7.393024700854701	0.3055555555555556	0.045940170940170943	0.7019230769230769	0.011752136752136752	0.011752136752136752	0.8962962962962963	0.7056908385757561	2.8962962962962964	1.632716049382716	0.004521620877136752	6.298116326530613e-05	0.0045861997081509285	0.5982905982905983	15.155555555555555	1.7480088597308276	3.32763671875	2.2629969418960245	0.3952991452991453	0.6667861409796917	0.8375709126567198	0.9210386597632243	0.17414529914529914	0.9169740777073765	917	441	135
302	de	6.813559322033898	1.8258706467661692	8.612561767434016	6.725508213171432	0.26741293532338306	0.06218905472636816	0.7101990049751243	0.0024875621890547263	0.01616915422885572	0.923728813559322	0.7062312568722829	2.906779661016949	1.6691449814126393	0.004472100412437811	6.116923945945946e-05	0.0057913557213930345	0.48258706467661694	13.330508474576272	1.6271979080241794	3.5395408163265305	2.3548387096774195	0.35945273631840796	0.6828510638297876	0.7364814540772552	0.9042766487180179	0.19900497512437812	0.895121693466217	798	370	118
1220	de	6.85	1.698905109489051	7.128580291970803	4.900484233576642	0.25547445255474455	0.05474452554744526	0.7062043795620438	0.0036496350364963502	0.0072992700729927005	0.9625	0.7244731358655407	3.1125	1.60989010989011	0.004933004270620438	6.04905612e-05	0.0072992700729927005	0.3083941605839416	12.775	1.5299560162060162	3.4717898832684826	2.302158273381295	0.4032846715328467	0.6669710467706009	0.7083787979235682	0.8717405282786825	0.18613138686131386	0.9074836114272873	547	250	80
818	de	7.20952380952381	1.7767503302509908	8.187368182675979	6.63923026734604	0.2800528401585205	0.02509907529722589	0.6895640686922061	0.02509907529722589	0.015852047556142668	0.9142857142857143	0.7149318229847077	3.142857142857143	1.6419753086419753	0.00451156131981506	7.557543959537572e-05	0.005995325678284727	0.35006605019815057	13.838095238095239	1.5802812259324863	3.5174777244688142	2.1454545454545455	0.41215323645970936	0.6811702127659567	0.7592747547863261	0.8607105804349839	0.2073976221928666	0.9162135242952448	738	346	105
1001	de	6.811188811188811	1.8141683778234086	8.47355049467986	6.8256172168693725	0.2720739219712526	0.050308008213552365	0.7268993839835729	0.028747433264887063	0.01026694045174538	0.8671328671328671	0.7389872543455802	3.062937062937063	1.5789473684210527	0.0039569158852772075	7.953833471264367e-05	0.0038786219484371436	0.8018480492813141	13.335664335664335	1.6748654508161642	3.4984342379958244	2.1710526315789473	0.37166324435318276	0.7183657142857133	0.8030133532377413	0.8697035853107223	0.1704312114989733	0.9088306887554874	943	435	143
425	de	6.238636363636363	1.7795992714025501	7.8423395843682755	6.179393260473588	0.22404371584699453	0.03278688524590164	0.7431693989071039	0.00546448087431694	0.01639344262295082	0.9204545454545454	0.6910773134911065	2.5568181818181817	1.4945054945054945	0.004202653043897997	6.281298127659575e-05	0.00546448087431694	0.23861566484517305	12.431818181818182	1.5956440534732648	3.539305301645338	2.3548387096774195	0.44626593806921677	0.6923111111111122	0.7950506042209274	0.9263458415456834	0.2204007285974499	0.937432667582101	545	235	88
77	de	7.462809917355372	1.8383167220376522	9.012633187812892	6.905782925601531	0.2502768549280177	0.035437430786267994	0.6877076411960132	0.023255813953488372	0.014396456256921373	0.8925619834710744	0.6923973865246246	2.9834710743801653	1.6766917293233083	0.004451798532890366	7.64950240694789e-05	0.004721105088302151	0.44739756367663347	15.074380165289256	1.6790872630043754	3.5706492089470814	2.293233082706767	0.3388704318936877	0.6599004975124403	0.7011142177595252	0.8273198962931926	0.19933554817275748	0.8881367745386961	884	403	121
566	de	6.922535211267606	1.8687690742624619	9.16126380869142	7.042742902583353	0.23906408952187183	0.056968463886063074	0.7426246185147508	0.004069175991861648	0.023397761953204477	0.9647887323943662	0.7578296342480736	2.9295774647887325	1.6	0.003839576600712106	8.535424107142858e-05	0.00422980135996145	0.5198372329603256	13.985915492957746	1.6042753425450462	3.5831663326653307	2.4019607843137254	0.3560528992878942	0.7086990950226276	0.8244789346008349	0.9234696924749661	0.19023397761953204	0.9024692773171169	974	448	142
1385	de	6.635593220338983	2.0383141762452106	11.049988635625692	8.579899028075415	0.27330779054916987	0.035759897828863345	0.7088122605363985	0.0140485312899106	0.019157088122605363	0.847457627118644	0.7516226338029146	2.831932773109244	1.5607843137254902	0.003886160692081737	5.99757067251462e-05	0.0043881193306480664	0.6283524904214559	14.109243697478991	1.7489457408964004	3.4770588235294118	2.39	0.40102171136653897	0.7195321637426911	0.6133577063017216	0.8091509524264534	0.19029374201787994	0.9180394216811661	764	342	119
434	de	6.911764705882353	1.7602836879432624	7.876935753024615	5.553710888610763	0.2425531914893617	0.04539007092198582	0.7148936170212766	0.009929078014184398	0.01276595744680851	0.9607843137254902	0.7341143212575941	2.941747572815534	1.6121495327102804	0.003770211652482269	5.806291774193548e-05	0.007446808510638298	0.17304964539007092	13.563106796116505	1.5848884626132964	3.396103896103896	2.3520408163265305	0.38865248226950355	0.664917491749175	0.5366020931337255	0.8384374298576228	0.2170212765957447	0.9042657421262232	701	310	103
401	de	7.183098591549296	1.8784313725490196	9.37689864678266	6.727278790389395	0.2647058823529412	0.03627450980392157	0.6990196078431372	0.016666666666666666	0.011764705882352941	0.8873239436619719	0.7106788277313933	2.859154929577465	1.5813253012048192	0.004008946073547059	7.345322021978021e-05	0.004742362061103511	0.7215686274509804	14.084507042253522	1.6618135714745144	3.534396809571286	2.355421686746988	0.3176470588235294	0.6833007600434329	0.7045481765895286	0.8591273614521339	0.20588235294117646	0.8834818639233607	1009	455	142
1196	de	7.443037974683544	1.91156462585034	9.869247395160595	8.629305881339878	0.28401360544217685	0.04931972789115646	0.685374149659864	0.023809523809523808	0.017006802721088437	0.9113924050632911	0.6883123642739026	3.088607594936709	1.795	0.0046757919892857144	6.435848943396227e-05	0.007346938775510205	0.35034013605442177	15.354430379746836	1.6933354029213825	3.4172131147540985	2.2676767676767677	0.391156462585034	0.6542126789366054	0.7617598239432544	0.8134728155356671	0.18027210884353742	0.9038833911690011	568	265	79
356	de	6.221238938053097	1.8392603129445235	8.539554878586085	6.977381762106773	0.26173541963015645	0.032716927453769556	0.701280227596017	0.012802275960170697	0.015647226173541962	0.8849557522123894	0.6813386123066573	2.725663716814159	1.56	0.0049211202379800855	7.859413137254902e-05	0.004978662873399715	0.4395448079658606	12.619469026548673	1.6638215766534352	3.4799723756906076	2.4894514767932487	0.40825035561877665	0.6708940397351004	0.750187931789228	0.835612439443185	0.20768136557610242	0.9230584737764844	691	306	113
383	de	8.166666666666666	1.7366375121477162	8.08732264334305	6.5995920310981555	0.26239067055393583	0.04470359572400389	0.7094266277939747	0.027210884353741496	0.011661807580174927	0.9603174603174603	0.7152592975651798	3.1587301587301586	1.7113095238095237	0.004251333364334305	6.059003246187364e-05	0.004329004329004328	0.6530612244897959	15.738095238095237	1.550669483942925	3.5318181818181817	2.1566265060240966	0.3333333333333333	0.680526881720432	0.7507231031540172	0.8704124216017768	0.184645286686103	0.8886755998059452	999	459	126
992	de	6.063492063492063	1.9162303664921465	9.386280229369238	7.122781841602261	0.28272251308900526	0.051047120418848166	0.7015706806282722	0.013089005235602094	0.017015706806282723	0.8253968253968254	0.6830710622710624	2.6141732283464565	1.628352490421456	0.004404017295287958	6.412556839237058e-05	0.005153795811518325	0.5013089005235603	12.409448818897637	1.7071839314931267	3.418193303853443	2.2375478927203063	0.42539267015706805	0.6929473684210539	0.8125611715679196	0.8556976134198733	0.1950261780104712	0.9237911673701878	748	367	127
101	de	6.70945945945946	1.8751258811681772	9.15317458697368	7.350759184562206	0.2638469284994965	0.045317220543806644	0.7059415911379657	0.014098690835850957	0.017119838872104734	0.918918918918919	0.7124067264823563	2.77027027027027	1.6346749226006192	0.0036147976226586103	8.658027954545455e-05	0.0051985520263465885	0.47633434038267874	13.371621621621621	1.5830627480975779	3.507312153303076	2.312684365781711	0.3282980866062437	0.6735234899328898	0.7627994650570369	0.9447143453184478	0.1903323262839879	0.8861224192353898	975	440	148
431	de	7.289156626506024	1.765289256198347	8.083184307477847	6.694705665637757	0.25950413223140495	0.03305785123966942	0.7173553719008264	0.006611570247933884	0.0049586776859504135	0.9518072289156626	0.7286403637013391	3.216867469879518	1.4784688995215312	0.0043984117534033055	6.258959963636364e-05	0.005938169574533211	0.45454545454545453	15.072289156626505	1.6864124870326147	3.388083735909823	2.298136645962733	0.4099173553719008	0.6786363636363645	0.8454629311713241	0.7863676170336462	0.21818181818181817	0.9225555857964022	602	275	83
1232	de	5.9714285714285715	1.7535885167464116	7.431201640464799	5.226102282980178	0.2511961722488038	0.05502392344497608	0.7057416267942583	0.0	0.014354066985645933	0.9714285714285714	0.7181697931697928	2.7714285714285714	1.5277777777777777	0.004247251518421052	4.196920695187165e-05	0.006633318834275773	0.361244019138756	12.114285714285714	1.5326015254586682	3.3644970414201185	2.375	0.46172248803827753	0.659561128526645	-1	-1	0.19856459330143542	0.9275338402048119	416	187	70
959	de	7.409090909090909	1.7717791411042945	8.20653931957613	6.325039263803681	0.27607361963190186	0.05766871165644172	0.6969325153374233	0.0196319018404908	0.014723926380368098	0.9545454545454546	0.7094318061263555	3.0636363636363635	1.6753731343283582	0.0045447497867484666	6.987795227882037e-05	0.005112474437627812	0.36073619631901843	14.036363636363637	1.5222370595833163	3.556628056628057	2.1965065502183405	0.39754601226993863	0.6886173184357544	0.7357608634911706	0.8995924854509351	0.18404907975460122	0.921261313919379	798	373	110
116	de	6.757281553398058	1.6997126436781609	7.101949001227542	5.199271498716662	0.2600574712643678	0.05603448275862069	0.7327586206896551	0.005747126436781609	0.014367816091954023	0.9514563106796117	0.7117805125158068	2.854368932038835	1.497907949790795	0.003924360757758621	5.237942180685358e-05	0.005470822281167108	0.39798850574712646	13.310679611650485	1.559249004132755	3.3304473304473303	2.252173913043478	0.4396551724137931	0.712194304857619	0.8721760464652941	0.9781643744652613	0.1839080459770115	0.9329550363443585	682	321	103
1307	de	5.6923076923076925	1.7736486486486487	7.559054054054055	5.672682900207901	0.23648648648648649	0.052364864864864864	0.7094594594594594	0.008445945945945946	0.008445945945945946	0.8269230769230769	0.7051661295544488	2.4711538461538463	1.6684491978609626	0.004585682041570946	5.069987011070111e-05	0.006676319176319177	0.30405405405405406	11.721153846153847	1.6828415463916153	3.3017170891251024	2.28494623655914	0.41385135135135137	0.6812576064908715	0.8296411579970528	0.9375490431664367	0.20101351351351351	0.9167599976474236	587	271	104
1136	de	6.220183486238532	1.8805309734513274	9.026137046358691	7.393628248220615	0.28466076696165193	0.061946902654867256	0.6873156342182891	0.011799410029498525	0.01032448377581121	0.8899082568807339	0.6902854604243489	2.669724770642202	1.7264573991031391	0.004779583888790561	6.275301121495327e-05	0.0048672566371681415	0.6710914454277286	13.211009174311927	1.7077900056111066	3.409153952843273	2.284263959390863	0.41002949852507375	0.6832642487046617	0.7667257080927389	0.8767251697170613	0.18289085545722714	0.9154045958408318	671	321	109
293	de	7.318681318681318	1.996996996996997	10.828850278850279	7.564269102069101	0.25975975975975973	0.03903903903903904	0.6681681681681682	0.0075075075075075074	0.012012012012012012	0.945054945054945	0.7060071700267778	3.131868131868132	1.6575342465753424	0.0041604582090090094	7.717294163934427e-05	0.006784562340117895	0.3888888888888889	15.714285714285714	1.7977879738846931	3.397202797202797	2.175675675675676	0.36936936936936937	0.6440564373897717	0.555772011751632	0.8068310209511004	0.19369369369369369	0.8967865590650552	662	305	91
314	de	8.121951219512194	1.7827827827827827	8.614397812446594	6.7871844380966335	0.26126126126126126	0.03403403403403404	0.7017017017017017	0.025025025025025027	0.013013013013013013	0.983739837398374	0.7009062176974424	3.3333333333333335	1.6168224299065421	0.004298479037972763	7.876914060324826e-05	0.0043997485857950975	0.6236236236236237	15.715447154471544	1.6084897780000853	3.596363636363636	2.3505535055350553	0.33633633633633636	0.6966555555555596	0.7261545328799103	0.7985151190963418	0.2012012012012012	0.8898889735124105	984	431	123
311	de	6.263565891472868	2.1274752475247523	11.956998618466496	9.536377127945352	0.31683168316831684	0.06064356435643564	0.7103960396039604	0.007425742574257425	0.007425742574257425	0.7984496124031008	0.6931184050324674	2.7906976744186047	1.6105263157894736	0.003762900104826733	6.369492975609757e-05	0.004697344734473447	0.8613861386138614	13.976744186046512	1.862352118958606	3.4613274821722437	2.4382716049382718	0.39232673267326734	0.7042877291960515	0.6700573065953696	0.7989394738056742	0.17945544554455445	0.8995187306786341	791	410	129
1697	de	6.842465753424658	1.7157157157157157	7.324007089281064	4.869871084783413	0.24624624624624625	0.03003003003003003	0.7007007007007007	0.008008008008008008	0.009009009009009009	0.8972602739726028	0.6955406437150858	2.719178082191781	1.6394984326018809	0.005167415415015015	6.188751261261261e-05	0.0063992563992563995	0.30930930930930933	13.513698630136986	1.6563105184277627	3.4509903504316912	2.274436090225564	0.3073073073073073	0.6525555555555533	0.8236489435500843	0.9537446198165368	0.2032032032032032	0.8724201196043434	993	444	146
29	de	6.2439024390243905	1.8932291666666667	9.185226117886184	8.16434507113821	0.2838541666666667	0.046875	0.7278645833333334	0.010416666666666666	0.013020833333333334	0.8455284552845529	0.7194392356277601	2.6422764227642275	1.5036496350364963	0.004650827732291667	5.6634673816155995e-05	0.006091889880952381	0.375	13.260162601626016	1.7435406707644872	3.392204628501827	2.3667953667953667	0.3997395833333333	0.6788639760837067	0.8195988151855008	0.9192596572916241	0.18880208333333334	0.9152133279870519	757	359	123
575	de	6.882352941176471	1.9433760683760684	10.02595525389643	8.288229411764707	0.2745726495726496	0.0405982905982906	0.7126068376068376	0.004273504273504274	0.01282051282051282	0.9117647058823529	0.7002662563773672	2.9926470588235294	1.5945945945945945	0.0049819774137820514	6.434864091954023e-05	0.003836441336441337	0.7532051282051282	14.044117647058824	1.6731803263777745	3.577405857740586	2.3517786561264824	0.37606837606837606	0.6785782556750264	0.7153061669108206	0.842119851623941	0.20085470085470086	0.9159182668522912	931	435	136
104	de	6.914529914529915	1.773794808405439	8.037445405850846	6.5179820840332585	0.26081582200247216	0.042027194066749075	0.715698393077874	0.007416563658838072	0.006180469715698393	0.9572649572649573	0.7202540275816134	3.1367521367521367	1.5494505494505495	0.0038575597391841783	5.688086420765027e-05	0.005089798589398676	0.43510506798516685	13.811965811965813	1.6145556799214418	3.3851897946484133	2.2850877192982457	0.3856613102595797	0.6784647887323965	0.8037106047496935	0.9376899915586787	0.19530284301606923	0.9137663211826692	801	366	117
1127	de	6.179245283018868	1.8977099236641222	9.212882759614	7.672230880023045	0.27022900763358776	0.03969465648854962	0.7038167938931298	0.012213740458015267	0.0183206106870229	0.8490566037735849	0.7118738109074243	2.669811320754717	1.5757575757575757	0.0038178505923664127	4.4075665573770496e-05	0.005295801526717557	0.46106870229007635	12.915094339622641	1.6612361949001795	3.338582677165354	2.3535353535353534	0.416793893129771	0.6756294964028776	0.670287147377934	0.7661453098737308	0.1969465648854962	0.9172619040832033	650	305	106
113	de	6.927007299270073	1.9873551106427818	10.562323152300156	8.642131342250392	0.28661749209694415	0.05690200210748156	0.7492096944151738	0.012644889357218124	0.01053740779768177	0.948905109489051	0.7464833609297273	3.050359712230216	1.5125786163522013	0.0035690850088514223	5.235692169197397e-05	0.0037759044608359675	0.8335089567966281	14.381294964028777	1.6308106404401814	3.550375939849624	2.3420289855072465	0.38777660695468913	0.7234235294117642	0.8390467000196281	0.9806610371026403	0.1970495258166491	0.9115643467644925	932	461	139
1121	de	6.536082474226804	1.9542586750788644	10.019324530879057	8.532769898208073	0.27129337539432175	0.052050473186119876	0.6861198738170347	0.00473186119873817	0.00946372239747634	0.8865979381443299	0.6983786224740172	2.783505154639175	1.6666666666666667	0.004612149534424606	7.101241883561643e-05	0.006027489860297431	0.37381703470031546	12.88659793814433	1.6230740974041125	3.588281868566904	2.486631016042781	0.41009463722397477	0.6722803738317745	0.8107523376227123	0.8991440506161043	0.20031545741324921	0.9118150818000201	627	292	97
1752	de	8.415094339622641	1.561659192825112	6.119465267789153	4.182407361028852	0.23318385650224216	0.02242152466367713	0.6737668161434978	0.007847533632286996	0.020179372197309416	0.9433962264150944	0.7152853092326774	3.2452830188679247	1.6872586872586872	0.004796896957062781	5.8830584552845525e-05	0.005044843049327354	0.45403587443946186	15.632075471698114	1.5344534508453724	3.4521791767554477	2.2892156862745097	0.31390134529147984	0.6308827238335439	0.7206058283899718	0.7866461714384503	0.20515695067264575	0.8785544764301665	892	369	106
422	de	6.47945205479452	1.8530655391120507	8.803159662892064	7.468163537895682	0.27061310782241016	0.039112050739957716	0.6987315010570825	0.006342494714587738	0.009513742071881607	0.8698630136986302	0.6942770160873605	2.8219178082191783	1.6111111111111112	0.003929340804027484	7.530780698198199e-05	0.0038524782710829225	0.6987315010570825	13.123287671232877	1.632769536187832	3.496900826446281	2.394463667820069	0.37315010570824525	0.6824321133412069	0.7851725494626052	0.9517786987996016	0.19978858350951373	0.9134686286869345	939	444	146
368	de	6.3133333333333335	1.8521647307286166	8.727743822597677	6.14872027314326	0.2576557550158395	0.05385427666314678	0.723336853220697	0.011615628299894404	0.01900739176346357	0.82	0.7334541670112137	2.54	1.7105263157894737	0.004735093694614573	6.71883715883669e-05	0.00454065469904963	0.47940865892291445	12.486666666666666	1.5796137869249998	3.4743521946060287	2.334375	0.35163674762407604	0.654033018867927	0.7851227272595096	0.8897695498325287	0.20274551214361142	0.89323819985556	936	447	150
599	de	6.4728682170542635	2.1149700598802395	11.891065311237991	9.684018056909437	0.32455089820359284	0.0562874251497006	0.6898203592814371	0.019161676646706587	0.00718562874251497	0.9069767441860465	0.7363159084838772	2.883720930232558	1.5604026845637584	0.004179333611257485	4.895924492753623e-05	0.004630738522954092	0.8610778443113772	15.155038759689923	1.8146940710255204	3.315068493150685	2.275659824046921	0.3976047904191617	0.7015625000000023	0.6885522119849615	0.8782300106693806	0.1844311377245509	0.9038928836660859	812	414	129
347	de	6.455172413793103	1.860042735042735	8.876021514883586	6.484625340406719	0.23824786324786323	0.03205128205128205	0.7243589743589743	0.0010683760683760685	0.010683760683760684	0.896551724137931	0.731134991551658	2.5586206896551724	1.5030864197530864	0.004523495208974358	5.42814821686747e-05	0.0051695616211745255	0.3856837606837607	13.544827586206896	1.7055259582119835	3.428061224489796	2.35546875	0.3386752136752137	0.6823536439665471	0.6962857804422989	0.7932375175323885	0.2126068376068376	0.8954733400923168	933	415	145
1517	de	5.408695652173913	1.982315112540193	9.910709632322106	8.375089540053125	0.31511254019292606	0.05466237942122187	0.7411575562700965	0.001607717041800643	0.012861736334405145	0.8347826086956521	0.7284084580137207	2.4695652173913043	1.4705882352941178	0.0038378456512861737	5.295275732087228e-05	0.005771291944925386	0.9308681672025724	11.991304347826087	1.7972667308536874	3.3484521238300937	2.3978494623655915	0.36977491961414793	0.7142638623326958	0.7515695506901109	0.8298993222434841	0.18971061093247588	0.8857385320746664	620	321	115
1770	de	6.619047619047619	1.9249743062692704	9.706125385405961	7.766401575882153	0.2672147995889003	0.051387461459403906	0.7327852004110997	0.0051387461459403904	0.022610483042137718	0.8775510204081632	0.7465760077061444	3.020408163265306	1.606153846153846	0.0039633165271325795	7.844583623529413e-05	0.0034165717618955026	0.4840698869475848	13.408163265306122	1.6624643978382843	3.552	2.374233128834356	0.4039054470709147	0.7216933638443976	0.7654468599522438	0.8321379957229246	0.2014388489208633	0.9339732152811648	960	425	147
482	de	6.238095238095238	1.727735368956743	7.230134496546711	5.537907742639041	0.21119592875318066	0.04834605597964377	0.7480916030534351	0.007633587786259542	0.02544529262086514	0.9206349206349206	0.7368861635939435	2.634920634920635	1.5483870967741935	0.0036206312435114506	8.663511518987341e-05	0.007209499575911791	0.08142493638676845	11.984126984126984	1.5453566689561087	3.526178010471204	2.46875	0.5038167938931297	0.7215646258503398	-1	-1	0.1984732824427481	0.9456596294093793	389	158	63
1622	de	5.666666666666667	1.824964131994261	8.154576757532283	7.112868388330943	0.296987087517934	0.06025824964131994	0.7159253945480631	0.015781922525107604	0.011477761836441894	0.8536585365853658	0.6977448122292812	2.6422764227642275	1.5099601593625498	0.003800614549354376	7.519449047619048e-05	0.0058823529411764705	0.4347202295552367	11.617886178861788	1.7031024942430968	3.404663923182442	2.3277027027027026	0.40889526542324245	0.6769397993311039	0.8142157101327622	0.9960309382337904	0.18507890961262555	0.903682118880133	675	315	123
1553	de	6.568	2.018270401948843	10.78711074299635	7.738443656029233	0.2777101096224117	0.05602923264311815	0.6735688185140073	0.008526187576126675	0.0060901339829476245	0.888	0.69342097018243	2.8	1.6920152091254752	0.004304786251297199	7.561105966850828e-05	0.004645497549783304	0.9037758830694276	13.624	1.7295490516019927	3.5267804590935845	2.46177370030581	0.35809987819732036	0.6796675900277015	0.64184176729187	0.6710560495869814	0.17904993909866018	0.8941236044922106	799	362	125
1706	de	5.968253968253968	1.836436170212766	8.40756585612969	6.547985148598446	0.2712765957446808	0.02127659574468085	0.6968085106382979	0.018617021276595744	0.013297872340425532	0.8809523809523809	0.67619193029193	2.888888888888889	1.5495867768595042	0.004636229756948404	8.848267304075236e-05	0.004446476063829787	0.4521276595744681	11.920634920634921	1.6689200360824272	3.5177398160315376	2.303249097472924	0.41356382978723405	0.6832312404287905	0.8548557306339992	1.0195937537498072	0.21010638297872342	0.928305417471917	732	319	126
398	de	7.5	1.675968992248062	7.111434108527135	4.961046511627908	0.2186046511627907	0.04186046511627907	0.7193798449612403	0.0	0.012403100775193798	0.9534883720930233	0.7289013927249222	2.9651162790697674	1.5960591133004927	0.004594917664496124	6.141422124542124e-05	0.007382798080472499	0.27906976744186046	14.151162790697674	1.5314858533079787	3.4631927212572373	2.403409090909091	0.3302325581395349	0.6259523809523808	0.964115601475029	0.9238463595309001	0.19224806201550387	0.8859681412146457	642	273	86
1586	de	4.946308724832215	1.9620081411126187	9.490756467813465	7.983230417163725	0.3039348710990502	0.050203527815468114	0.7299864314789688	0.008141112618724558	0.023066485753052916	0.7785234899328859	0.7557955276705273	2.22	1.5441176470588236	0.00439673049465536	5.0727559562841535e-05	0.00438367602546707	0.587516960651289	10.78	2.0319613904613907	3.303363914373089	2.2771535580524342	0.43283582089552236	0.6856112852664586	0.6601110679915023	0.8396861587701006	0.20081411126187246	0.9220321512645314	728	366	150
167	de	5.95	1.8725490196078431	8.82657843137255	7.415008067226891	0.2815126050420168	0.0392156862745098	0.7310924369747899	0.014005602240896359	0.0056022408963585435	0.8833333333333333	0.7385283833813244	2.691666666666667	1.4663865546218486	0.003953088617492997	6.720356784660767e-05	0.005918496430830396	0.4425770308123249	12.575	1.6407753819537876	3.391390728476821	2.323529411764706	0.4005602240896359	0.6594959349593504	0.9439208962175887	1.0127016855942206	0.21428571428571427	0.8997162578866643	702	339	120
494	de	7.05050505050505	1.7063037249283668	7.294080923851698	5.381623814071951	0.22779369627507162	0.022922636103151862	0.7492836676217765	0.0	0.01002865329512894	0.9292929292929293	0.7306181346997672	2.9494949494949494	1.3957446808510638	0.004721046193839542	7.917838733766234e-05	0.006251628028132326	0.2607449856733524	13.787878787878787	1.6115759347934038	3.490051584377303	2.1736526946107784	0.36962750716332377	0.6496661101836398	0.8178811032779848	0.9402895259350825	0.22922636103151864	0.9081877950083849	698	308	99
251	de	7.207142857142857	1.8097125867195243	8.575394237576102	6.763691371938269	0.2626362735381566	0.03766105054509415	0.7244796828543112	0.01684836471754212	0.01288404360753221	0.9214285714285714	0.7354889250731403	2.9571428571428573	1.5446153846153847	0.004215607227452923	8.481423255813954e-05	0.004036839179095458	0.626362735381566	14.257142857142858	1.5612118698540636	3.55253896430367	2.3108808290155443	0.3478691774033697	0.6765164835164835	0.7317575343125801	0.8294860021791011	0.20218037661050545	0.9010595885219612	979	430	140
1178	de	8.057692307692308	1.7458233890214798	8.153215990453464	6.457711547640903	0.26252983293556087	0.0441527446300716	0.7374701670644391	0.00954653937947494	0.022673031026252982	0.9711538461538461	0.7192583321257912	3.326923076923077	1.4742268041237114	0.0043943334346062055	7.36184817204301e-05	0.005048650633376171	0.7219570405727923	15.538461538461538	1.5376796920233924	3.4925465838509315	2.2711111111111113	0.32816229116945106	0.674357239512857	0.683229934912735	0.8249719520739399	0.19451073985680192	0.8837983490915262	833	372	104
428	de	6.961538461538462	1.7215469613259669	7.439254143646409	5.501853208669784	0.23314917127071824	0.03314917127071823	0.7193370165745856	0.02430939226519337	0.023204419889502764	0.8769230769230769	0.7458529072360158	2.9615384615384617	1.5771812080536913	0.004592962989723757	7.581396925287356e-05	0.004293606945540648	0.36685082872928176	13.392307692307693	1.5517686850605403	3.4440619621342514	2.162079510703364	0.3712707182320442	0.6710297766749392	0.8704344306272082	0.9891915920772366	0.18895027624309393	0.9185051997536681	881	348	130
719	de	7.303571428571429	2.024449877750611	11.14690141460007	9.12327205728257	0.33863080684596575	0.04645476772616137	0.69559902200489	0.008557457212713936	0.01589242053789731	0.9017857142857143	0.7205135771312241	3.3008849557522124	1.4983277591973243	0.004144915273484108	5.843259358024691e-05	0.004810247687891995	1.0268948655256724	16.088495575221238	1.7031980504616742	3.398471615720524	2.3777777777777778	0.40097799511002447	0.7051043115438116	0.7649363589948701	0.9027156258118252	0.1882640586797066	0.9100490638740149	790	405	113
479	de	5.9801324503311255	2.0132890365448506	10.49906228685838	8.593338832295586	0.2978959025470653	0.05204872646733112	0.7275747508305648	0.015503875968992248	0.013289036544850499	0.7814569536423841	0.7066115444010179	2.7417218543046356	1.5723684210526316	0.0038641841097452937	8.620358729411764e-05	0.004915863112119494	0.6201550387596899	13.019867549668874	1.7700926902816267	3.4522613065326633	2.249299719887955	0.37763012181616834	0.7095522388059691	0.8431895640881095	0.9306480503641364	0.18826135105204872	0.9055780194851318	877	425	151
752	de	6.194244604316546	2.0034843205574915	10.466870378261856	9.12293089180224	0.30313588850174217	0.06852497096399536	0.7409988385598142	0.008130081300813009	0.008130081300813009	0.8129496402877698	0.7240730887470015	2.5323741007194243	1.5654952076677315	0.0036456416665505225	6.274184501216545e-05	0.004834102395078005	0.6596980255516841	14.323741007194245	1.8525821682666797	3.295465869456901	2.540952380952381	0.38443670150987225	0.705367454068242	0.7433315844223766	0.8220348713028535	0.1753774680603949	0.9071198732943667	820	411	139
1607	de	6.991596638655462	1.7992788461538463	8.368213073691017	6.712877169521654	0.27283653846153844	0.042067307692307696	0.7079326923076923	0.008413461538461538	0.009615384615384616	0.907563025210084	0.7134175165453045	2.841666666666667	1.5103448275862068	0.0037060364531250004	7.143379153439154e-05	0.005099067599067599	0.5192307692307693	13.808333333333334	1.6033310958620557	3.5039465695203402	2.238095238095238	0.3798076923076923	0.6623465211459755	0.7818099554074954	0.8709610576059664	0.18990384615384615	0.9049256568198991	820	378	120
1271	de	6.970588235294118	1.8551336146272854	9.019106064366675	7.5541673037147365	0.2812939521800281	0.03938115330520394	0.70042194092827	0.007032348804500703	0.004219409282700422	0.8725490196078431	0.6746259516061496	2.8823529411764706	1.6394849785407726	0.004598416089310831	5.5844587818696885e-05	0.005033681249537346	0.6863572433192686	14.627450980392156	1.730323431708455	3.4041416165664664	2.3128491620111733	0.3881856540084388	0.6921405228758177	0.8359100781270069	0.8925919803303162	0.18846694796061886	0.9073619642141235	707	353	102
608	de	6.27536231884058	1.9688221709006928	10.089492920976003	8.729356053151253	0.28983833718244806	0.05196304849884527	0.6836027713625866	0.010392609699769052	0.011547344110854504	0.8913043478260869	0.7175419899979794	2.7482014388489207	1.6431095406360423	0.004134727668706698	7.508922113402061e-05	0.004675266152199628	0.7251732101616628	13.503597122302159	1.7634299753004787	3.429098576700053	2.6264501160092806	0.3741339491916859	0.6817209908735328	0.66752874634349	0.76637009670034	0.18475750577367206	0.9108103951635728	828	388	139
1610	de	5.530973451327434	1.8784	8.732199646017701	7.816898761061948	0.2944	0.0416	0.7312	0.008	0.0064	0.8141592920353983	0.731525542909471	2.47787610619469	1.5043478260869565	0.004097392504	4.936046623794212e-05	0.0064	0.5808	12.371681415929203	1.6406455089823129	3.263759828448892	2.388	0.4032	0.6877756653992394	0.8959588061250582	0.887828781472798	0.1936	0.8998209609556443	620	311	113
1493	de	5.274336283185841	1.854026845637584	8.344507928965971	6.909620704401021	0.2751677852348993	0.040268456375838924	0.697986577181208	0.003355704697986577	0.013422818791946308	0.7433628318584071	0.7008943160597573	2.4690265486725664	1.52803738317757	0.00505583536057047	4.171531098901099e-05	0.00587248322147651	0.5318791946308725	11.31858407079646	1.6047710733181568	3.2948021722265324	2.345864661654135	0.3875838926174497	0.6428370221327958	0.6580511147478726	0.7572925266826163	0.1929530201342282	0.9102364109011842	585	273	113
1259	de	6.804511278195489	2.008839779005525	10.76806879076144	8.21590765588003	0.28066298342541435	0.056353591160221	0.6928176795580111	0.013259668508287293	0.01878453038674033	0.924812030075188	0.7329398691029707	2.9398496240601504	1.757679180887372	0.00489326992640884	6.828102446043165e-05	0.004093420391762933	0.6674033149171271	14.691729323308271	1.790211455702389	3.409969481180061	2.3082437275985663	0.3856353591160221	0.70047146401985	0.7558331501722105	0.823724261537524	0.19116022099447513	0.9077383200896257	888	417	133
638	de	6.845588235294118	1.8442534908700323	8.841970604031086	6.850151633284893	0.2502685284640172	0.045112781954887216	0.7035445757250268	0.004296455424274973	0.017185821697099892	0.9264705882352942	0.717463390518946	2.9705882352941178	1.6508474576271186	0.00461290017104189	7.125286064356435e-05	0.004268914043350134	0.5929108485499462	13.926470588235293	1.6364406162849068	3.433141059255375	2.2294117647058824	0.3673469387755102	0.7014783653846197	0.7129718710079981	0.8193942743215638	0.19011815252416756	0.9097163960774086	913	404	136
536	de	6.7293233082706765	1.8156424581005586	8.459017095812158	5.8127126895450925	0.25027932960893856	0.07039106145251396	0.6949720670391062	0.0022346368715083797	0.01005586592178771	0.9323308270676691	0.712824854018036	2.827067669172932	1.708185053380783	0.0044925155410055866	4.841968571428572e-05	0.005307262569832402	0.42681564245810055	13.488721804511279	1.6196600820364178	3.3981121599111606	2.412	0.35083798882681566	0.6683165829145731	0.8092103663144756	0.9631172384007755	0.19776536312849163	0.9024517531335853	890	420	133
1779	de	6.097014925373134	2.128518971848225	11.90435968870458	9.196685277407333	0.30599755201958384	0.0587515299877601	0.7307221542227662	0.017135862913096694	0.01346389228886169	0.8059701492537313	0.7044732490171741	2.6194029850746268	1.5871886120996441	0.0036911765164014693	4.894703350125944e-05	0.003930891629790038	1.0746634026927784	14.440298507462687	1.8767433190368823	3.2112244897959186	2.4507042253521125	0.408812729498164	0.7122562674094703	0.7652264423471199	0.8281465862432176	0.193390452876377	0.9087796149291033	777	397	134
1730	de	5.935483870967742	1.7739130434782608	7.657012622720899	6.418065077138851	0.28369565217391307	0.02826086956521739	0.75	0.017391304347826087	0.01847826086956522	0.8129032258064516	0.7301922231066613	2.664516129032258	1.391044776119403	0.003448608063586956	6.225598359908883e-05	0.004431438127090301	0.5347826086956522	12.387096774193548	1.6393263962476485	3.3040123456790123	2.231404958677686	0.4043478260869565	0.7389890377588311	0.8602438223197261	0.9788252527598919	0.18804347826086956	0.9139094695392697	897	439	155
1355	de	5.150943396226415	1.8388278388278387	8.117036422696803	6.6005967102080305	0.2967032967032967	0.03296703296703297	0.6941391941391941	0.005494505494505495	0.005494505494505495	0.8301886792452831	0.7149471692328833	2.4205607476635516	1.4554455445544554	0.004262229545238095	5.315282673992674e-05	0.005921855921855922	0.6758241758241759	10.906542056074766	1.632858717087689	3.2940677966101695	2.374301675977654	0.45787545787545786	0.6863982102908281	0.7735229911700845	0.7841452744879875	0.21428571428571427	0.9277177739878812	545	273	107
1163	de	6.685393258426966	1.8201680672268907	8.495286564063829	6.958848172977056	0.2453781512605042	0.043697478991596636	0.7025210084033613	0.0033613445378151263	0.018487394957983194	0.9775280898876404	0.7332656926406926	2.8202247191011236	1.5287958115183247	0.004169061193109244	7.963049455252919e-05	0.007189542483660131	0.14453781512605043	12.786516853932584	1.5592038827967794	3.5920353982300885	2.4161849710982657	0.4235294117647059	0.6697580645161278	0.894252015808203	0.9870507343741077	0.1949579831932773	0.9190478468489942	587	257	89
725	de	7.188811188811189	1.8317120622568093	8.827838698266717	6.911580125710865	0.259727626459144	0.054474708171206226	0.6955252918287937	0.023346303501945526	0.006809338521400778	0.8881118881118881	0.7246679222679961	3.076923076923077	1.7275449101796407	0.004298121435603113	8.993458993135012e-05	0.0041654195350693405	0.5924124513618677	13.867132867132867	1.5766000511095333	3.5614385614385613	2.3085714285714287	0.36186770428015563	0.7032938643702942	0.6005591623683453	0.7880594256865945	0.17607003891050585	0.9068239023764963	997	437	143
458	de	7.730337078651686	1.806686046511628	8.743726809511369	6.513326313038935	0.25	0.03488372093023256	0.6787790697674418	0.010174418604651164	0.023255813953488372	0.9438202247191011	0.7426950797271649	2.9775280898876404	1.6126126126126126	0.004810328533430233	6.485424482758621e-05	0.005329457364341085	0.35901162790697677	15.382022471910112	1.6682142484626221	3.4930198383541513	2.175757575757576	0.4055232558139535	0.6804584040747018	0.6686470435751767	0.9337234942093822	0.20203488372093023	0.9235541334926798	683	290	89
662	de	5.2387096774193544	2.167487684729064	12.029451453996504	10.233252159542348	0.3251231527093596	0.06157635467980296	0.729064039408867	0.013546798029556651	0.011083743842364532	0.7161290322580646	0.7191465238352176	2.3734177215189876	1.523972602739726	0.003443090762906404	5.541671805225653e-05	0.005302408319649699	0.4445812807881773	11.91139240506329	1.8669226720371546	3.303599374021909	2.281081081081081	0.4014778325123153	0.6851893408134639	0.8186994116954857	1.0370318902205784	0.17733990147783252	0.8992308738776916	793	421	158
665	de	6.925925925925926	1.906951871657754	9.61314319667261	7.128736739948504	0.31122994652406416	0.038502673796791446	0.6941176470588235	0.011764705882352941	0.0074866310160427805	0.8962962962962963	0.7407994761837001	2.9185185185185185	1.607250755287009	0.004559307700641711	5.8643797315436236e-05	0.0042780748663101605	0.7946524064171123	14.355555555555556	1.628922717932903	3.407712082262211	2.2866449511400653	0.3700534759358289	0.6928708133971286	0.7467069168813051	0.837868204980398	0.17433155080213902	0.9060837354993987	926	447	135
521	de	6.503448275862069	1.9151643690349947	9.545284382199142	7.86498524737631	0.2598091198303287	0.036055143160127257	0.71898197242842	0.0021208907741251328	0.018027571580063628	0.8137931034482758	0.699605111890651	2.6413793103448278	1.57	0.0038295754284199367	7.76874055944056e-05	0.004622454251298366	0.5673382820784729	13.917241379310346	1.8145250556054355	3.4629812438302072	2.3563218390804597	0.3107104984093319	0.6542180094786749	0.6871262436067294	0.8401528097067903	0.19724284199363734	0.8765559254327655	936	429	145
1028	de	6.290780141843972	1.9244644870349492	9.572085202331554	7.863424978611464	0.3246899661781285	0.05073280721533258	0.7080045095828635	0.019165727170236752	0.009019165727170236	0.8439716312056738	0.770952526115341	2.9577464788732395	1.4434250764525993	0.0038243107316798196	6.070679205607477e-05	0.004868299682279389	0.8320180383314544	13.570422535211268	1.7662436653026088	3.374871794871795	2.282722513089005	0.3754227733934611	0.7102030456852797	0.6448518699521428	0.8045924055967316	0.17700112739571588	0.898218691854674	864	428	142
1253	de	6.456521739130435	1.8361391694725029	8.594485678036403	6.669839076757919	0.2895622895622896	0.050505050505050504	0.6947250280583613	0.006734006734006734	0.007856341189674524	0.8768115942028986	0.7082232491229633	2.762589928057554	1.6406779661016948	0.005038607416049383	4.551567142857143e-05	0.00409782580325216	0.6386083052749719	13.525179856115107	1.6944909484193846	3.3230042016806722	2.331081081081081	0.37373737373737376	0.6741161616161633	0.796519165149896	0.9584197389129827	0.19528619528619529	0.9069270806657709	878	427	139
1523	de	6.432203389830509	1.9104084321475625	9.461378821375138	7.913283906120899	0.2779973649538867	0.039525691699604744	0.6482213438735178	0.010540184453227932	0.006587615283267457	0.8728813559322034	0.7014314933065431	2.7542372881355934	1.6935483870967742	0.004531434435704875	5.321236246246246e-05	0.00516326603283125	0.6034255599472991	12.872881355932204	1.6662392401724035	3.501958224543081	2.3380952380952382	0.3530961791831357	0.6321212121212124	0.7506430665488183	0.7778881769936377	0.20816864295125165	0.8931230276787202	752	333	118
1181	de	5.813186813186813	1.890359168241966	8.983381042398058	7.06997050624234	0.28166351606805295	0.030245746691871456	0.6483931947069943	0.001890359168241966	0.00945179584120983	0.8021978021978022	0.6334042809042809	2.5714285714285716	1.6875	0.0042773027631379966	4.648266144578313e-05	0.007763975155279503	0.6086956521739131	12.054945054945055	1.6771444618729685	3.3611615245009077	2.4	0.3705103969754253	0.6267209302325584	0.6661733179218103	0.8342511462759574	0.20982986767485823	0.8736425405087951	528	249	91
932	de	5.592356687898089	1.9031890660592254	9.04865008777912	8.11980285826212	0.3109339407744875	0.03644646924829157	0.6879271070615034	0.014806378132118452	0.014806378132118452	0.7834394904458599	0.7133879558936116	2.6772151898734178	1.4668769716088328	0.003633330024402278	6.762770915841585e-05	0.004176157934700076	0.8234624145785877	11.379746835443038	1.6412223434492903	3.387580299785867	2.4591549295774646	0.38724373576309795	0.7042875481386397	0.8187905832111372	0.8595100736486913	0.18223234624145787	0.9061328735817484	854	404	158
287	de	6.746153846153846	1.9532497149372863	10.089346636259979	8.777791586702923	0.3055872291904219	0.0330672748004561	0.7035347776510832	0.012542759407069556	0.00798175598631699	0.9461538461538461	0.7020454566966191	2.9615384615384617	1.5898305084745763	0.0040340042513112885	5.31126979498861e-05	0.004664662589406033	0.7388825541619156	15.284615384615385	1.7555504140153462	3.297215189873418	2.2886904761904763	0.38540478905359177	0.6718766066838066	0.8037764223062491	0.8947969893208564	0.20524515393386544	0.9007542858110027	859	439	130
1061	de	6.3760683760683765	1.903485254691689	9.357792672028598	8.222673806741367	0.29088471849865954	0.05630026809651475	0.7117962466487936	0.013404825737265416	0.00938337801608579	0.8803418803418803	0.7154382494899735	2.8547008547008548	1.6147859922178989	0.004177545418766756	6.864430752688172e-05	0.0060321715817694375	0.3512064343163539	13.17094017094017	1.614019402716677	3.5555555555555554	2.3157894736842106	0.403485254691689	0.6676970633693978	0.6616238184736907	0.8803274837306478	0.1903485254691689	0.9049978605047672	734	372	117
1346	de	6.458646616541353	1.8265424912689174	8.482073577424355	6.650380475636121	0.2910360884749709	0.04307334109429569	0.6868451688009313	0.0	0.009313154831199068	0.9172932330827067	0.6950740713300522	3.045112781954887	1.484641638225256	0.004729636034575087	7.186388052256533e-05	0.00437200879575734	0.8882421420256111	12.646616541353383	1.5345176666891278	3.515330188679245	2.3647540983606556	0.3562281722933644	0.6787631578947363	0.9116806445299085	0.9395896371166607	0.1979045401629802	0.8970485462988178	857	421	133
1289	de	6.757281553398058	1.7844827586206897	8.102236357549383	6.200780119406315	0.2514367816091954	0.03879310344827586	0.7068965517241379	0.010057471264367816	0.021551724137931036	0.883495145631068	0.6939669127169125	2.8932038834951457	1.6919431279620853	0.004016014512787356	4.689081726384365e-05	0.005804597701149425	0.2672413793103448	13.242718446601941	1.6094279533842641	3.416546762589928	2.289473684210526	0.4166666666666667	0.6727805695142375	0.7424531920555871	0.8530026616398413	0.21551724137931033	0.9162150459423568	687	307	103
644	de	7.356521739130435	1.7742316784869976	8.214977284407443	6.4438875033405285	0.2470449172576832	0.037825059101654845	0.7304964539007093	0.0	0.015366430260047281	0.9043478260869565	0.7601820593693661	3.226086956521739	1.5017667844522968	0.004001800107328605	6.868492052631579e-05	0.004832429425670977	0.4657210401891253	14.869565217391305	1.674144403778271	3.463572267920094	2.4094827586206895	0.3546099290780142	0.7004417670682744	0.9819151367960285	1.0644894570558123	0.21394799054373523	0.9009602426908258	843	380	115
1100	de	6.826086956521739	1.7222929936305733	7.395231237884246	5.252474605372473	0.23821656050955414	0.04076433121019108	0.732484076433121	0.011464968152866241	0.006369426751592357	0.9478260869565217	0.7127201137069553	2.765217391304348	1.5870445344129556	0.004098807661146497	5.7055053221288516e-05	0.005403030968592137	0.4178343949044586	13.634782608695652	1.5545217057921386	3.469309462915601	2.251937984496124	0.40254777070063696	0.7000000000000003	0.809383311477086	0.9203732152827873	0.20764331210191084	0.9089102420230395	776	357	115
668	de	5.804054054054054	1.9161816065192083	9.284524038007742	7.865053670201053	0.3073341094295693	0.03608847497089639	0.7206053550640279	0.005820721769499418	0.006984866123399301	0.7635135135135135	0.6438352297295874	2.5405405405405403	1.4803921568627452	0.004525086639697322	4.89490927230047e-05	0.004268529297632906	0.719441210710128	12.91891891891892	1.8642119324104618	3.228921819110884	2.4328859060402683	0.3853317811408615	0.6694868421052642	0.6928353972038548	0.858840087948479	0.18277066356228172	0.9010448042095204	850	426	148
998	de	6.699115044247788	1.8678996036988111	9.063870190902609	6.990494941606949	0.2892998678996037	0.05812417437252312	0.7080581241743725	0.023778071334214	0.017173051519154558	0.8761061946902655	0.6984788605127364	3.0	1.6470588235294117	0.004285103767894188	7.70212908045977e-05	0.005198789789917757	0.42800528401585203	13.63716814159292	1.6904422820923957	3.4603580562659846	2.274193548387097	0.4200792602377807	0.7119604863221869	0.9521265469726121	1.0602917923247952	0.16512549537648613	0.9169156456166635	740	348	113
332	de	7.055555555555555	1.7244094488188977	7.509698162729659	5.435903737032871	0.27109111361079863	0.024746906636670417	0.7390326209223848	0.020247469066366704	0.024746906636670417	0.9365079365079365	0.7246145481969012	3.0952380952380953	1.4239482200647249	0.003835929196287964	7.088232997481108e-05	0.0042744656917885265	0.6636670416197975	14.15079365079365	1.6261851162453962	3.347315436241611	2.2222222222222223	0.3925759280089989	0.7249873417721558	0.721506392791312	0.8550470031164003	0.1923509561304837	0.9179679036805735	868	397	126
1505	de	6.9416058394160585	1.7875920084121977	8.210811976636197	6.298622826529126	0.2786540483701367	0.04100946372239748	0.7202944269190326	0.013669821240799159	0.011566771819137749	0.8321167883211679	0.7000818997899446	2.897810218978102	1.626543209876543	0.004984788142481598	6.367450233100233e-05	0.0036803364879074655	1.1556256572029442	14.0	1.665608680726418	3.349222797927461	2.2035087719298247	0.3438485804416404	0.6894718309859158	0.7154829769839295	0.7681188948574958	0.17981072555205047	0.8949911036307123	934	429	137
614	de	6.9375	1.9797297297297298	10.476435810810816	8.45144774774775	0.2916666666666667	0.04954954954954955	0.7195945945945946	0.0045045045045045045	0.015765765765765764	0.859375	0.7037777826105752	2.859375	1.490506329113924	0.004319799719942567	5.4906126968973745e-05	0.0044776919776919775	0.6981981981981982	14.8203125	1.7263167023414816	3.4440944881889766	2.3378378378378377	0.38175675675675674	0.6912927756653982	0.7143953575974412	0.8811651310960654	0.19707207207207209	0.9138076930826237	882	419	128
1412	de	7.909090909090909	1.6804597701149426	7.323970741901782	4.702354022988505	0.24597701149425288	0.017241379310344827	0.7057471264367816	0.009195402298850575	0.016091954022988506	0.9545454545454546	0.6958175991613943	3.118181818181818	1.4768211920529801	0.004930948970114943	7.848719436619718e-05	0.004658197217180883	0.628735632183908	14.727272727272727	1.570809188138065	3.4638665843113032	2.3361702127659574	0.3114942528735632	0.648080415045396	0.7200907380649478	0.7996271357304622	0.20229885057471264	0.8843413972719579	861	355	110
737	de	6.0119760479041915	1.8725099601593624	8.850288188563113	7.745660562540259	0.2968127490039841	0.05179282868525897	0.7081673306772909	0.025896414342629483	0.013944223107569721	0.7784431137724551	0.695464849446954	2.604790419161677	1.6540697674418605	0.004152823041549343	7.2970265e-05	0.004841100713425368	0.8007968127490039	11.808383233532934	1.6333237009751627	3.476119402985075	2.4407216494845363	0.3595617529880478	0.6992817679558027	0.693511653407298	0.8159417992102775	0.16633466135458166	0.8925246332129518	970	460	167
1700	de	5.0476190476190474	2.0330188679245285	10.368194070080868	8.925990206648699	0.30778301886792453	0.07193396226415094	0.7841981132075472	0.009433962264150943	0.009433962264150943	0.75	0.6633583980889366	2.3431952662721893	1.471698113207547	0.0033750154722877357	6.344053340517241e-05	0.005660377358490566	0.3466981132075472	11.34319526627219	1.7958232875914741	3.4	2.3908794788273617	0.4044811320754717	0.7034712950600801	0.6994463224905715	0.9106791462728682	0.19221698113207547	0.908767873161894	843	464	169
962	de	6.8120805369127515	1.9507389162561577	10.085430621218638	7.975487254934375	0.28472906403940884	0.04630541871921182	0.6857142857142857	0.0187192118226601	0.009852216748768473	0.9261744966442953	0.7268863346069226	2.879194630872483	1.6547619047619047	0.005070861047611034	8.248847693965518e-05	0.005133523463831993	0.5596059113300492	13.550335570469798	1.6011543479342218	3.5442477876106193	2.2604166666666665	0.34285714285714286	0.6711462882096096	0.6377722056267017	0.8298354147152006	0.1832512315270936	0.8966506599763654	1007	464	149
698	de	6.349514563106796	1.7415902140672783	7.4370752056055345	5.799482871648704	0.27522935779816515	0.027522935779816515	0.7217125382262997	0.013761467889908258	0.012232415902140673	0.912621359223301	0.690431491166785	2.8058252427184467	1.4930232558139536	0.003671055877996942	6.66074880794702e-05	0.006443861948449104	0.42507645259938837	13.0	1.5056895321623747	3.3959731543624163	2.3091603053435112	0.3929663608562691	0.6453513513513499	0.8096119834992709	0.9301489910673647	0.19418960244648317	0.9074248798777562	645	302	103
758	de	6.722222222222222	1.677685950413223	6.8283608815427	4.972364646464648	0.27892561983471076	0.03202479338842975	0.7035123966942148	0.014462809917355372	0.011363636363636364	0.8472222222222222	0.7108536180214501	2.73972602739726	1.513595166163142	0.004394259938316012	7.561542869757175e-05	0.005224321133412042	0.47107438016528924	12.664383561643836	1.564750777929348	3.4639397201291713	2.2662337662337664	0.3574380165289256	0.6903567318757214	0.8273680097541937	0.918801044783977	0.1962809917355372	0.8974876622309896	956	453	146
713	de	6.688888888888889	1.8903654485049834	9.324978959025476	8.210646895533408	0.27906976744186046	0.059800664451827246	0.6799557032115172	0.012181616832779624	0.009966777408637873	0.8518518518518519	0.6989524157434607	2.911764705882353	1.5993485342019544	0.004642977064894795	6.0855987234042555e-05	0.004623477297895902	0.6688815060908084	13.25	1.5627912348347788	3.5247524752475248	2.3139931740614332	0.3643410852713178	0.7116542288557229	0.6994188905164984	0.8085672231650222	0.19712070874861573	0.9020977961733542	891	423	136
1388	de	5.6767676767676765	1.9466192170818506	9.594046155505232	8.681006089363386	0.33451957295373663	0.04092526690391459	0.6779359430604982	0.0071174377224199285	0.012455516014234875	0.7878787878787878	0.7261544577871107	2.6666666666666665	1.5233644859813085	0.004382966190943061	4.294257692307693e-05	0.006658248191941223	0.5854092526690391	12.868686868686869	1.8051282768528758	3.2731481481481484	2.395238095238095	0.43238434163701067	0.7027213822894175	0.6955315888540563	0.8966110208385455	0.1583629893238434	0.915558295784411	555	273	99
437	de	6.180327868852459	1.9283819628647214	9.575235030656174	8.15496885680741	0.2612732095490716	0.03978779840848806	0.7161803713527851	0.006631299734748011	0.014588859416445624	0.860655737704918	0.7376978393507319	2.6504065040650406	1.6224899598393574	0.0047226195716313	7.642426791907515e-05	0.005501522742902052	0.32891246684350134	12.959349593495935	1.6533723047976683	3.480625	2.284090909090909	0.4177718832891247	0.6947633587786252	0.8051797409147182	0.9541439253710439	0.1870026525198939	0.9217699760762982	746	346	123
1280	de	6.5144927536231885	1.9766407119021134	10.275012574357984	8.516781586626044	0.3147942157953281	0.067853170189099	0.7230255839822024	0.006674082313681869	0.00778642936596218	0.8695652173913043	0.6905828660390705	2.949275362318841	1.6237942122186495	0.00375515410945495	5.99767231292517e-05	0.0055031906797025935	0.6551724137931034	14.014492753623188	1.7341126559821876	3.3720693170234455	2.4270833333333335	0.36484983314794217	0.6801625000000027	0.6855234068595595	0.8508494457605356	0.185761957730812	0.8902110446138729	885	441	138
1274	de	7.102941176470588	1.7826086956521738	8.214929667519183	6.29190783095847	0.2463768115942029	0.051759834368530024	0.7204968944099379	0.004140786749482402	0.016563146997929608	0.9852941176470589	0.6967968391475853	3.014705882352941	1.6153846153846154	0.004109343999792961	5.7207405936073055e-05	0.0071854828888076976	0.2318840579710145	14.264705882352942	1.5407065973242444	3.3835051546391752	2.3012048192771086	0.4616977225672878	0.7048177083333335	-1	0.8204377002025222	0.19047619047619047	0.9310100307359916	478	219	68
734	de	6.580645161290323	1.6895424836601307	6.91305292009277	5.441427661817416	0.2434640522875817	0.0392156862745098	0.7205882352941176	0.013071895424836602	0.013071895424836602	0.9247311827956989	0.7260967896837459	2.5053763440860215	1.6205128205128205	0.0038441528906862747	8.88192394736842e-05	0.005718954248366014	0.272875816993464	12.526881720430108	1.5538244224676863	3.487201365187713	2.3553299492385786	0.4264705882352941	0.715633528265107	0.8058169584708371	1.0408648689248654	0.1715686274509804	0.9166288521346735	600	266	93
656	de	6.212328767123288	1.977949283351709	10.17260976272825	7.595123641086829	0.2844542447629548	0.04630650496141125	0.6934950385887542	0.0033076074972436605	0.012127894156560088	0.910958904109589	0.7150126884609641	2.671232876712329	1.6245847176079735	0.004544653588984564	6.465958086124402e-05	0.004329469976066905	0.3958103638368247	13.445205479452055	1.7618466959220385	3.414795918367347	2.2901023890784984	0.3836824696802646	0.6490965346534654	0.8179336297574903	0.9699900447554891	0.1918412348401323	0.9114862289027782	900	418	146
1310	de	6.524590163934426	1.7512562814070352	7.6194142845374415	6.346263234203807	0.25879396984924624	0.03768844221105527	0.7035175879396985	0.002512562814070352	0.01507537688442211	0.9016393442622951	0.6993320105820106	2.9508196721311477	1.5797101449275361	0.004513581030150754	4.733674033149171e-05	0.01256281407035176	0.1658291457286432	13.442622950819672	1.6739274730468965	3.348355663824604	2.269230769230769	0.41457286432160806	0.633812709030101	-1	-1	0.21105527638190955	0.8934103205615317	398	181	61
1304	de	6.102803738317757	1.9035222052067382	9.251655479383437	6.953551112764952	0.27411944869831545	0.03215926493108729	0.6967840735068913	0.018376722817764167	0.01225114854517611	0.822429906542056	0.6308240501636725	2.588785046728972	1.6308411214953271	0.004226174508614395	7.662879638157894e-05	0.005768249106687085	0.5084226646248086	12.598130841121495	1.6255369790553957	3.486224869694713	2.252173913043478	0.4165390505359878	0.6859747292418765	0.893929355580419	0.9356663111363394	0.19142419601837674	0.9177888137344291	641	304	107
1118	de	6.171052631578948	1.7739872068230278	7.749759566827517	6.279785074626867	0.2260127931769723	0.053304904051172705	0.6673773987206824	0.019189765458422176	0.023454157782515993	0.8289473684210527	0.7306240796240795	2.8157894736842106	1.7794117647058822	0.004553338266311301	7.185323596059113e-05	0.007967680395017395	0.2622601279317697	12.223684210526315	1.621160382015645	3.4338394793926246	2.028776978417266	0.4115138592750533	0.6427027027027019	-1	1.0640034784299266	0.2046908315565032	0.8962901031095717	458	203	76
1331	de	5.984126984126984	1.9416445623342176	9.655215359353292	7.575015527767253	0.29310344827586204	0.04509283819628647	0.7029177718832891	0.007957559681697613	0.009283819628647215	0.8333333333333334	0.7027134199134198	2.6929133858267718	1.66	0.00438502494976817	5.263475583333333e-05	0.005305039787798408	0.6511936339522546	12.67716535433071	1.725807624777055	3.3792255685310386	2.3378378378378377	0.3925729442970822	0.6898931297709954	0.6745418811501104	0.8073536218476225	0.1830238726790451	0.9026693973896306	747	360	127
647	de	6.656488549618321	2.029816513761468	10.95786539673647	8.654753876321873	0.30160550458715596	0.04357798165137615	0.694954128440367	0.005733944954128441	0.01261467889908257	0.9465648854961832	0.7137590790305719	2.984732824427481	1.5771812080536913	0.004170418529013761	4.856989661016949e-05	0.004153924566768604	0.5940366972477065	14.83206106870229	1.8242501545136078	3.366412213740458	2.296028880866426	0.4025229357798165	0.7075808538162995	0.5954472745165504	0.8118523161707134	0.20412844036697247	0.9199488265879353	861	413	131
623	de	6.824817518248175	1.9668449197860962	10.280448885592726	7.902558686912057	0.28449197860962566	0.04171122994652406	0.6941176470588235	0.0032085561497326204	0.0074866310160427805	0.8759124087591241	0.6811594397288603	2.897810218978102	1.6012658227848102	0.0050120733708877005	5.630841170960187e-05	0.004111705288175877	0.7122994652406417	14.021897810218977	1.7345420618880543	3.503102378490176	2.3112033195020745	0.38074866310160427	0.6723564593301411	0.5889375426281914	0.762899823639557	0.19572192513368983	0.9168165106752025	931	427	137
1640	de	6.027777777777778	1.8122119815668203	8.144934715821815	6.1806670250896065	0.28110599078341014	0.03341013824884793	0.6935483870967742	0.024193548387096774	0.018433179723502304	0.7708333333333334	0.635162157190129	2.5833333333333335	1.5866666666666667	0.004494356318317972	7.810435181058496e-05	0.004448284690220174	0.4942396313364055	11.916666666666666	1.7303199739167878	3.477259643062752	2.378125	0.4009216589861751	0.6847594278283502	0.9051123333654355	0.9536236132053307	0.17050691244239632	0.9286983517538537	836	359	144
1547	de	6.333333333333333	1.9814241486068112	10.26080495356037	8.192896181630546	0.2801857585139319	0.043343653250773995	0.6780185758513931	0.0	0.009287925696594427	0.8725490196078431	0.7002417048427528	2.784313725490196	1.691588785046729	0.004693741068885449	4.918605807560137e-05	0.006191950464396285	0.37925696594427244	13.745098039215685	1.836406982284327	3.377304964539007	2.3617021276595747	0.4148606811145511	0.6597257769652659	0.8068228635499672	0.8538074313396262	0.1996904024767802	0.9267047062962397	638	291	102
1727	de	6.904	1.8876013904982618	9.376256407879492	7.722292021320973	0.30359212050984935	0.047508690614136734	0.6848203939745076	0.012746234067207415	0.01738122827346466	0.84	0.7024352666583389	3.072	1.6354515050167224	0.004197660121784473	9.261694303797469e-05	0.004815243980945024	0.8679026651216686	13.856	1.7029287581699346	3.5171821305841924	2.4047619047619047	0.34530706836616454	0.6980104712041897	0.7090015788337116	0.8551120651460573	0.18887601390498263	0.8861713661852609	835	395	125
1454	de	7.625	1.8065573770491803	8.701127049180329	6.483277049180328	0.2573770491803279	0.05573770491803279	0.7114754098360656	0.006557377049180328	0.013114754098360656	0.9375	0.7162888946866295	3.1625	1.6318407960199004	0.004256930486065574	8.859778521126761e-05	0.005129561078794288	0.45081967213114754	15.225	1.5258841750569692	3.402129402129402	2.4017467248908297	0.42131147540983604	0.686966731898238	0.9119697524253039	0.784809028080706	0.1901639344262295	0.9162990508270956	599	284	80
290	de	7.073170731707317	1.8827586206896552	9.385088309503786	7.016093916456406	0.24597701149425288	0.03103448275862069	0.6862068965517242	0.017241379310344827	0.013793103448275862	0.9186991869918699	0.7115908874787594	2.83739837398374	1.7210144927536233	0.004342607366666667	8.203934447300771e-05	0.004626436781609196	0.5735632183908046	14.772357723577235	1.6264642352188603	3.3500275178866263	2.3184713375796178	0.3505747126436782	0.6580155642023351	0.7742049988353144	0.8632011616994468	0.2045977011494253	0.8966272137285041	853	389	123
572	de	6.619047619047619	1.9237410071942447	9.69157245632066	6.837071668379583	0.2633093525179856	0.034532374100719423	0.6561151079136691	0.008633093525179856	0.01870503597122302	0.9238095238095239	0.7137553418803418	2.8285714285714287	1.7534246575342465	0.004643996429064748	8.447128769716088e-05	0.00683453237410072	0.4589928057553957	13.142857142857142	1.6035188403255631	3.7021582733812948	2.3268292682926828	0.35251798561151076	0.6510067114093949	0.6906224086746461	0.821796226375846	0.18992805755395684	0.8823564916550608	689	317	105
1094	de	6.443548387096774	1.739674593241552	7.4511440712180566	6.444676684565385	0.24155193992490614	0.052565707133917394	0.7647058823529411	0.0	0.017521902377972465	0.8951612903225806	0.7445911016193427	2.75	1.616	0.0038982426593241553	6.120647257617728e-05	0.0046725073007926575	0.42177722152690866	12.709677419354838	1.6019532586117902	3.427854454203262	2.442105263157895	0.392991239048811	0.715514285714287	0.7393215137346231	0.9214199877238772	0.19899874843554444	0.9174374847125814	788	361	124
812	de	6.23841059602649	1.8662420382165605	8.864636183405747	6.867807474585565	0.30148619957537154	0.040339702760084924	0.7101910828025477	0.014861995753715499	0.014861995753715499	0.8543046357615894	0.7052640166277935	2.76158940397351	1.5375375375375375	0.0042189415489490446	7.854511194379392e-05	0.004097664543524416	0.8832271762208068	12.410596026490067	1.5859573359978743	3.4722955145118735	2.3459302325581395	0.3853503184713376	0.6827876631079476	0.7644869748434473	0.8531095605379663	0.18046709129511676	0.9174552121328524	923	427	151
701	de	6.440559440559441	2.028230184581976	10.854934359885501	8.956226359308445	0.2985884907709012	0.04343105320304017	0.6981541802388708	0.006514657980456026	0.013029315960912053	0.9020979020979021	0.7019143633683813	2.804195804195804	1.5823170731707317	0.00438942114640608	6.27237107305936e-05	0.004071661237785016	0.6786102062975027	13.391608391608392	1.698150936087999	3.4768280123583932	2.362264150943396	0.4028230184581976	0.6855717761557168	0.668842598530865	0.8193076403987893	0.18566775244299674	0.9142521360960618	913	438	143
1592	de	6.381294964028777	1.879368658399098	9.07525520508058	7.829404603667687	0.2829763246899662	0.05073280721533258	0.7237880496054115	0.013528748590755355	0.02818489289740699	0.8848920863309353	0.7231077698469001	2.618705035971223	1.632867132867133	0.0041154593732919955	6.799352316784871e-05	0.00406746689656697	0.8128523111612176	13.510791366906474	1.6857118841566578	3.4395311667554607	2.234113712374582	0.34723788049605414	0.6777664974619309	0.7076297894243976	0.8600002413242708	0.1995490417136415	0.8880945093368898	872	423	139
1370	de	6.365853658536586	1.8326947637292466	8.518481138834382	6.812091038220727	0.28607918263090676	0.04980842911877394	0.70242656449553	0.020434227330779056	0.007662835249042145	0.8617886178861789	0.6974908622931766	2.796747967479675	1.5756457564575646	0.004140534907407407	6.457638966480446e-05	0.005108556832694764	0.508301404853129	12.967479674796747	1.6605401201168777	3.397003745318352	2.200743494423792	0.39208173690932313	0.6899853801169593	0.717849964165526	0.8207517123618476	0.17113665389527458	0.9084778989114548	760	358	123
749	de	6.974025974025974	1.702048417132216	7.214041452030283	5.824241500399043	0.22532588454376165	0.0446927374301676	0.7039106145251397	0.01303538175046555	0.00931098696461825	0.8961038961038961	0.7607862349638663	2.844155844155844	1.5872093023255813	0.004474474082309125	6.240140086956522e-05	0.007759155803848542	0.2309124767225326	13.0	1.5228914298010836	3.5721442885771544	2.217391304347826	0.43947858472998136	0.6965296803652957	0.7223227297953745	0.8020594534127179	0.22160148975791433	0.9189296422294404	530	230	77
650	de	6.696969696969697	2.0282805429864252	10.955528589058002	9.062640573152338	0.31447963800904977	0.08031674208144797	0.6889140271493213	0.007918552036199095	0.007918552036199095	0.8787878787878788	0.7404318639500501	2.783582089552239	1.7026143790849673	0.0049845960788461536	4.3170587441860464e-05	0.004261812059349679	0.6244343891402715	14.074626865671641	1.6921583575741193	3.4933827421916357	2.3049180327868855	0.4061085972850679	0.6963821656050969	0.7227679501058233	0.8591893773670416	0.14027149321266968	0.919549243788786	876	430	134
764	de	5.6918238993710695	1.8861878453038674	8.886827895340357	7.696242016748323	0.3116022099447514	0.04419889502762431	0.7491712707182321	0.036464088397790057	0.011049723756906077	0.8364779874213837	0.7418613910702512	2.779874213836478	1.5415384615384615	0.004062927558370386	7.424468220140516e-05	0.004350828729281768	0.9204419889502763	12.0	1.6638518898244934	3.3575819672131146	2.2760416666666665	0.37900552486187844	0.6926426799007441	0.8363453699613351	0.8813109265209399	0.1712707182320442	0.9006959969915936	871	427	159
773	de	6.304054054054054	1.9914255091103965	10.367402088583763	8.835983175458416	0.2765273311897106	0.06216505894962487	0.7202572347266881	0.0010718113612004287	0.01607717041800643	0.8648648648648649	0.7030029494315204	2.7583892617449663	1.61198738170347	0.004555699184780279	7.21928830802603e-05	0.003984342234027681	0.6516613076098606	13.201342281879194	1.707286927719637	3.487731597396094	2.3423728813559324	0.36227224008574493	0.6828657074340538	0.6454527498114014	0.8000206892584024	0.2015005359056806	0.901527839665508	928	461	149
770	de	8.35483870967742	1.7944015444015444	8.842325320712419	6.734853742682776	0.24517374517374518	0.05888030888030888	0.7007722007722008	0.007722007722007722	0.007722007722007722	0.967741935483871	0.7186054195021194	3.282258064516129	1.6797583081570997	0.0045856280260984554	8.890440325379609e-05	0.0039529325243610955	0.4980694980694981	16.161290322580644	1.5474729632429378	3.5196419691695673	2.3282208588957056	0.34555984555984554	0.6612913553895433	0.6891962773634149	0.8331376904402724	0.1891891891891892	0.9002286952771416	1022	461	124
1676	de	6.6568627450980395	1.8321060382916052	8.62502772242918	6.882666626238125	0.28276877761413843	0.03240058910162003	0.7010309278350515	0.011782032400589101	0.016200294550810016	0.9117647058823529	0.7389728126692842	3.0	1.6147186147186148	0.005176661124153167	6.268791928104575e-05	0.005055128766468972	0.6553755522827688	13.529411764705882	1.5846571918053103	3.3716940671908504	2.3349056603773586	0.4050073637702504	0.6661034482758608	0.8498424939464044	0.9256219867978308	0.16936671575846834	0.9120779602451619	667	306	102
944	de	7.06993006993007	1.7606330365974283	7.942742559122383	6.235262436277867	0.2502472799208704	0.043521266073194856	0.7032640949554896	0.011869436201780416	0.01483679525222552	0.8881118881118881	0.7548517699045866	3.1538461538461537	1.5875	0.004692971619203462	7.186893654266959e-05	0.004757194668173897	0.7428288822947576	13.37062937062937	1.5704862707793599	3.5739769150052467	2.2955465587044532	0.3076162215628091	0.6710526315789485	0.6338522024715384	0.7687715651146503	0.22453016815034618	0.8783959937486652	1007	457	143
779	de	7.014814814814815	1.8986272439281944	9.549579256130471	7.30375876882162	0.27243928194297784	0.06969376979936642	0.6810982048574445	0.007391763463569166	0.009503695881731784	0.8888888888888888	0.7164584628541928	2.75	1.8092105263157894	0.0048778762249313615	7.03023685840708e-05	0.005009070478975442	0.617740232312566	14.088235294117647	1.6739725930664735	3.4799791991679667	2.361774744027304	0.3632523759239704	0.6697405660377346	0.738411312812762	0.8401404490128817	0.17529039070749736	0.8978120819337899	935	452	136
1755	de	6.695652173913044	1.8073593073593073	8.348144174665915	7.140432956898174	0.3041125541125541	0.04329004329004329	0.7164502164502164	0.015151515151515152	0.01406926406926407	0.9492753623188406	0.7171961346375479	3.028985507246377	1.5768025078369905	0.004007098472943723	6.828292677345538e-05	0.004398084185318228	0.8982683982683982	13.521739130434783	1.633484445600814	3.400103788271925	2.34375	0.37987012987012986	0.7035272727272762	0.6564530695370825	0.7841095943531879	0.17424242424242425	0.9068239023764963	908	437	138
506	de	6.87719298245614	1.8061224489795917	8.404350161117076	7.599203401360546	0.25510204081632654	0.05357142857142857	0.6198979591836735	0.002551020408163265	0.02806122448979592	0.9649122807017544	0.7422710721817865	2.912280701754386	1.8205128205128205	0.0039037310232142857	6.842094764705882e-05	0.008017492711370262	0.29846938775510207	13.421052631578947	1.648740313407496	3.6543046357615894	2.3297872340425534	0.39540816326530615	0.6291467576791818	-1	-1	0.1989795918367347	0.8947235578765801	391	170	57
1463	de	6.602649006622516	1.7693079237713139	7.862866613084286	6.351510556836072	0.2477432296890672	0.03510531594784353	0.6990972918756269	0.02106318956870612	0.020060180541624874	0.9006622516556292	0.723719391719391	2.7857142857142856	1.6153846153846154	0.004342215539217653	7.888147730673317e-05	0.004757863333590515	0.5546639919759278	12.88961038961039	1.6005748013339687	3.4936964195663136	2.2446555819477436	0.3139418254764293	0.6590423162583514	0.7061343250794329	0.8339527907280697	0.20561685055165496	0.8805720095536679	962	401	154
1106	de	7.05982905982906	1.8753026634382566	9.291904761904764	7.071299302580659	0.2736077481840194	0.03631961259079903	0.6670702179176755	0.006053268765133172	0.010895883777239709	0.8461538461538461	0.6816140576933117	2.982905982905983	1.6702898550724639	0.004030795269975787	6.284074493150685e-05	0.005326876513317192	0.5302663438256658	15.068376068376068	1.7273589044631408	3.265837104072398	2.2838983050847457	0.34019370460048426	0.650742778541955	0.869329533404684	0.9956517004785931	0.19128329297820823	0.8963320399944642	820	365	117
530	de	5.822368421052632	1.8271186440677967	8.24072368421053	6.911223163841807	0.303954802259887	0.03728813559322034	0.727683615819209	0.02824858757062147	0.014689265536723164	0.8552631578947368	0.7171306342663953	2.6842105263157894	1.5678233438485805	0.0036926514416949154	6.172673802816901e-05	0.004298216461725933	1.0994350282485876	12.401315789473685	1.6465162680671581	3.308661417322835	2.205955334987593	0.3785310734463277	0.6777353689567451	0.6797060409424639	0.7500650956246973	0.18418079096045198	0.8981970084932861	847	426	152
1241	de	5.610619469026549	1.9479495268138802	9.58394600932414	7.566534061025656	0.2854889589905363	0.0583596214511041	0.7586750788643533	0.012618296529968454	0.022082018927444796	0.8761061946902655	0.7067443469229181	2.5486725663716814	1.5677966101694916	0.0037796074253943217	6.0040759000000004e-05	0.006478143307796304	0.47791798107255523	11.4070796460177	1.607914995525615	3.4479878511769173	2.4513274336283186	0.43217665615141954	0.6842242990654215	0.6773785836974389	0.8427449805616415	0.2082018927444795	0.9084819719749955	623	300	113
602	de	6.427536231884058	1.9673055242390078	10.130944316455075	7.124509311635051	0.2897406989853439	0.05298759864712514	0.7068771138669673	0.018038331454340473	0.019165727170236752	0.8333333333333334	0.7081120623091424	2.789855072463768	1.6166666666666667	0.00406115884205186	6.553245459183673e-05	0.004413634292019477	0.8410372040586246	14.144927536231885	1.725288977149591	3.2588473205257835	2.4465408805031448	0.36076662908680945	0.6732360406091364	0.7889240434403125	0.8917106371147597	0.18376550169109357	0.8914380447475401	851	392	138
146	de	7.880434782608695	1.823448275862069	9.000059220389804	6.995256971514244	0.26620689655172414	0.044137931034482755	0.6758620689655173	0.011034482758620689	0.028965517241379312	0.8913043478260869	0.7109380642177565	3.0652173913043477	1.6919642857142858	0.004955104288413793	9.077227845659164e-05	0.006298850574712643	0.45379310344827584	15.206521739130435	1.4698871114097758	3.6267908309455588	2.375	0.3696551724137931	0.6482428115015972	0.8047581284753063	0.8798361024233967	0.20413793103448277	0.9037583559563047	716	311	92
515	de	6.814814814814815	1.7133152173913044	7.284897342995173	5.429233232689212	0.25	0.04755434782608696	0.7078804347826086	0.012228260869565218	0.014945652173913044	0.9166666666666666	0.7416739283561716	2.697247706422018	1.7668161434977578	0.004788663165353261	8.83814857142857e-05	0.006744953416149068	0.36684782608695654	12.944954128440367	1.5959290484654758	3.5167498218104063	2.183098591549296	0.34782608695652173	0.6172370486656187	0.7048412271545933	0.7972628610091399	0.19293478260869565	0.8787846145248631	726	336	109
1277	de	7.08641975308642	1.7491289198606272	7.813424958059109	5.9916263862003705	0.2613240418118467	0.0313588850174216	0.6602787456445993	0.006968641114982578	0.005226480836236934	0.9506172839506173	0.6872904526029525	2.950617283950617	1.6939890710382515	0.004958318984668989	4.7373748799999994e-05	0.006759581881533101	0.38501742160278746	13.987654320987655	1.6227857200896416	3.427689594356261	2.208955223880597	0.3902439024390244	0.6282736842105273	0.6917434791068352	0.874066086835401	0.2073170731707317	0.9110700947132809	569	250	81
980	de	6.395973154362416	1.782791185729276	7.941365521806798	6.149611328408346	0.3147953830010493	0.04197271773347324	0.7292759706190975	0.024134312696747113	0.014690451206715634	0.8791946308724832	0.7368560272972032	2.9865771812080535	1.5614035087719298	0.00455913769359916	6.823760837004406e-05	0.00432523737619328	0.7429171038824763	12.865771812080537	1.677411555194816	3.3397761953204474	2.364341085271318	0.4260230849947534	0.7276346604215466	0.9071709365272868	0.9821889042502118	0.1689401888772298	0.9238965968174292	921	454	149
1160	de	5.688679245283019	1.8208955223880596	8.115152069839482	6.450674532995401	0.24378109452736318	0.03814262023217247	0.7412935323383084	0.013266998341625208	0.013266998341625208	0.8113207547169812	0.657814711743283	2.4622641509433962	1.5533980582524272	0.0031572386797850747	7.165779222222223e-05	0.005589337264295805	0.47429519071310117	11.81132075471698	1.7481539471134366	3.3618677042801557	2.3461538461538463	0.42122719734660036	0.7303571428571427	0.7616888501081212	0.8674287365227844	0.20563847429519072	0.9141850774914483	595	270	106
518	de	6.75	2.0285714285714285	10.979642857142856	8.646012698412699	0.2931216931216931	0.0656084656084656	0.7185185185185186	0.0031746031746031746	0.010582010582010581	0.8714285714285714	0.7376330982114776	2.9432624113475176	1.677115987460815	0.005007601125291005	6.774049665924276e-05	0.003448951597099745	0.783068783068783	13.936170212765957	1.7169154573876484	3.525201612903226	2.301948051948052	0.3968253968253968	0.6954373522458653	0.7095280314589603	0.8506995231452595	0.18941798941798943	0.9173240257743304	938	449	141
785	de	7.341085271317829	2.012671594508976	11.02254807101987	8.470507598863813	0.2787750791974657	0.0665258711721225	0.6874340021119324	0.005279831045406547	0.008447729672650475	0.9147286821705426	0.6953711780458102	3.0697674418604652	1.6719242902208202	0.004394718588305386	6.387926373873874e-05	0.004223864836325237	0.6282998944033791	15.155038759689923	1.5967446487201329	3.5282340862423	2.3156146179401995	0.3579725448785639	0.6639268867924527	0.6052090048504001	0.798023803912399	0.18585005279831046	0.9051200276445049	941	444	129
455	de	6.821782178217822	1.818577648766328	8.529711304947622	7.315021428674072	0.27866473149492016	0.03918722786647315	0.690856313497823	0.023222060957910014	0.008708272859216255	0.9207920792079208	0.7044054556554556	2.782178217821782	1.6578947368421053	0.00456808477001045	8.415983323076923e-05	0.005135648096460868	0.7532656023222061	14.514851485148515	1.6714156281497574	3.368349249658936	2.265873015873016	0.3802612481857765	0.6819830508474567	0.8007049810843602	0.8619478455070991	0.1988388969521045	0.8987991281527392	669	325	101
350	de	6.5	1.7652347652347653	7.774770229770233	5.882169630369631	0.25774225774225773	0.029970029970029972	0.7172827172827173	0.014985014985014986	0.017982017982017984	0.8831168831168831	0.7150285449737581	2.727272727272727	1.5377643504531722	0.004262796601498501	8.377042913752913e-05	0.0036771738899398477	0.7832167832167832	12.577922077922079	1.6341679284140755	3.4982060481804202	2.3220858895705523	0.36863136863136864	0.711541019955651	0.7226621164966426	0.811461552675407	0.18681318681318682	0.9095880445752711	978	429	154
1535	de	6.468253968253968	1.8625766871165643	8.911023955594509	7.288516603369363	0.2883435582822086	0.049079754601226995	0.7055214723926381	0.023312883435582823	0.0098159509202454	0.8571428571428571	0.731319811182969	2.888888888888889	1.641025641025641	0.004176355634233129	6.03183656424581e-05	0.004251676416036525	0.8723926380368098	13.412698412698413	1.6991719110591659	3.3811209439528023	2.2047477744807122	0.41840490797546015	0.7326955307262556	0.7670126175259367	0.9234960951415188	0.18650306748466258	0.9210220255085168	781	358	126
929	de	6.771428571428571	1.950773558368495	10.069985131605389	7.784004235483222	0.2841068917018284	0.03375527426160337	0.6891701828410689	0.004219409282700422	0.014064697609001406	0.9523809523809523	0.7216609771261917	3.0476190476190474	1.464	0.003972498390576653	7.760583957055215e-05	0.0042897327707454285	0.6554149085794655	13.4	1.5960302986773576	3.5877808988764044	2.398230088495575	0.38959212376933894	0.6508660130718932	0.6072682921176787	0.7631903268526868	0.20956399437412096	0.912080223890884	704	326	105
1601	de	5.527777777777778	2.2185929648241207	12.74523031825796	10.821694193188163	0.33040201005025127	0.08542713567839195	0.714824120603015	0.00628140703517588	0.010050251256281407	0.7708333333333334	0.7114325456982797	2.5416666666666665	1.5963636363636364	0.0039280178681221104	4.5745025653206654e-05	0.004445303440278315	0.7273869346733668	13.180555555555555	1.959718150493918	3.336448598130841	2.382978723404255	0.435929648241206	0.739182209469153	0.821829452188271	0.8720519956431773	0.1670854271356784	0.9264871974004576	779	421	144
629	de	5.385542168674699	1.9563758389261745	9.595596345111993	7.137353030915609	0.28187919463087246	0.08165548098434004	0.7304250559284117	0.012304250559284116	0.010067114093959731	0.7831325301204819	0.7026337046791592	2.36144578313253	1.6547231270358307	0.0040019603034951905	7.224222695852536e-05	0.005245699298002005	0.3624161073825503	11.427710843373495	1.6605962285680385	3.367880964597229	2.4401041666666665	0.3959731543624161	0.6935723270440283	0.8165061114473144	0.9460045883666538	0.1599552572706935	0.9085151385740666	874	434	166
1322	de	5.5546875	1.80028129395218	7.819647393635723	5.9031530327004225	0.279887482419128	0.057665260196905765	0.7144866385372715	0.02390998593530239	0.01828410689170183	0.828125	0.7045062111991242	2.4453125	1.6724137931034482	0.003850138567229255	7.083872693498451e-05	0.005370157268891447	0.6118143459915611	11.5234375	1.7041640192922725	3.353373413493654	2.3658536585365852	0.39943741209563993	0.7344117647058832	0.6532716023966266	0.8384791514433874	0.1729957805907173	0.9090670629202934	680	323	128
743	de	5.9520547945205475	1.8630609896432682	8.715421047653582	7.754383791793433	0.29344073647871116	0.047180667433831994	0.7065592635212888	0.006904487917146145	0.006904487917146145	0.8082191780821918	0.7122114779518434	2.6666666666666665	1.606164383561644	0.0042858370347525895	6.29008288557214e-05	0.004845254678699049	0.5926352128883774	12.394557823129253	1.7147964275065115	3.4159004867495946	2.1914893617021276	0.379746835443038	0.6906233766233767	0.6863177511364709	0.8381450248252665	0.18181818181818182	0.9076063028755356	862	402	147
710	de	5.848684210526316	1.9403824521934758	9.587499777988281	8.263451181102363	0.2778402699662542	0.043869516310461196	0.7334083239595051	0.01124859392575928	0.021372328458942633	0.8289473684210527	0.7107997778527577	2.5526315789473686	1.58843537414966	0.0040426415363329585	5.655070623556582e-05	0.0044483075979138975	0.7716535433070866	12.888157894736842	1.8499455437922931	3.3512417638114544	2.275735294117647	0.374578177727784	0.7169746835443078	0.8357387716386738	0.9239595361243615	0.19797525309336333	0.9027961952731791	880	433	152
794	de	5.35625	2.087514585764294	11.131609612018671	9.26760117269545	0.3290548424737456	0.06884480746791131	0.7362893815635939	0.004667444574095682	0.015169194865810968	0.75625	0.7026326311703669	2.40625	1.5446153846153847	0.004266033529731622	5.386031362586606e-05	0.004084014002333722	0.8144690781796966	11.91875	1.7687892892442523	3.2971311475409837	2.488888888888889	0.3990665110851809	0.6844986807387846	0.6060886618906209	0.8319472084831471	0.1691948658109685	0.910833136804087	846	433	160
788	de	6.82	1.7859237536656891	8.143700293255133	5.833671546432062	0.25317693059628543	0.06744868035190615	0.6950146627565983	0.011730205278592375	0.009775171065493646	0.86	0.71487062233265	2.7266666666666666	1.750759878419453	0.003892189101661779	8.491843501048217e-05	0.0042510627656914225	0.7096774193548387	13.38	1.652484404200517	3.4830845771144276	2.290657439446367	0.31573802541544477	0.6762012987012987	0.7485974379912529	0.8447201835014078	0.187683284457478	0.8796004073107906	1008	477	150
533	de	7.348837209302325	1.9345991561181435	10.104316553822002	7.5288627121970375	0.2721518987341772	0.04219409282700422	0.7257383966244726	0.008438818565400843	0.0189873417721519	0.8914728682170543	0.7382139618382823	3.0775193798449614	1.5060240963855422	0.003845970327320675	8.635728027842227e-05	0.004562849573152781	0.6012658227848101	14.937984496124031	1.6764699089311492	3.583937823834197	2.191335740072202	0.3512658227848101	0.679222614840992	0.840821770952031	1.0008131471167374	0.20147679324894516	0.8978965245528877	943	431	129
728	de	5.471264367816092	1.8361344537815125	8.210179658070125	6.917684057761036	0.3025210084033613	0.04411764705882353	0.7384453781512605	0.023109243697478993	0.009453781512605041	0.7183908045977011	0.6694809365329595	2.56	1.5089285714285714	0.003932266010609244	7.421270765661252e-05	0.003983668939273822	1.2289915966386555	10.994285714285715	1.6526089768995562	3.415656565656566	2.332460732984293	0.3403361344537815	0.7092497069167686	0.6607366452379828	0.7610052393017828	0.16596638655462184	0.8957509366539013	925	431	175
1139	de	6.0701754385964914	1.9609826589595376	9.916963796775178	8.06419633911368	0.27601156069364163	0.046242774566473986	0.7153179190751445	0.001445086705202312	0.017341040462427744	0.8421052631578947	0.6940719064612868	2.56140350877193	1.6608695652173913	0.0036004683927745662	7.738748229813665e-05	0.005880007972892166	0.38872832369942195	12.570175438596491	1.6811979765733636	3.541926541926542	2.473469387755102	0.4031791907514451	0.7006070826306926	0.7987421627315908	0.9302378024905017	0.1936416184971098	0.9049614731979214	687	322	114
1418	de	6.185840707964601	2.080114449213162	11.367828376821507	8.513779004139924	0.3290414878397711	0.058655221745350504	0.698140200286123	0.002861230329041488	0.00715307582260372	0.8495575221238938	0.6806220069612923	2.9026548672566372	1.5708661417322836	0.003675696675965665	4.905437392550144e-05	0.005007153075822604	1.1702432045779685	13.053097345132743	1.7527702364441042	3.4761904761904763	2.472081218274112	0.39341917024320455	0.7010166666666676	0.6455994977368339	0.8022757883145903	0.1688125894134478	0.9057625556996062	698	349	113
1400	de	7.057377049180328	1.8060394889663183	8.473643018982884	7.004377879324461	0.2868757259001161	0.05574912891986063	0.7084785133565621	0.016260162601626018	0.018583042973286876	0.9016393442622951	0.7180987401028722	2.959016393442623	1.5592105263157894	0.00403180487456446	7.871470277078085e-05	0.004483699322043054	0.8246225319396051	14.0	1.630022784458657	3.5133565621370497	2.2125435540069684	0.3612078977932636	0.7047506561679836	0.6748378999708213	0.8862371781040561	0.18118466898954705	0.8990565910442209	839	397	122
257	de	6.851851851851852	1.7743243243243243	8.019249249249253	6.025062062062062	0.23783783783783785	0.02972972972972973	0.7189189189189189	0.005405405405405406	0.021621621621621623	0.9074074074074074	0.7421119249390269	2.962962962962963	1.5278969957081545	0.0041818078075675676	8.298588866666667e-05	0.004654654654654655	0.2972972972972973	13.462962962962964	1.6088889884211521	3.5542501727712508	2.5880281690140845	0.43243243243243246	0.7004212168486754	0.8683064243713257	1.0070365708137405	0.21351351351351353	0.9424059265177647	724	300	108
1403	de	5.754385964912281	1.9222560975609757	9.336832477535303	8.339785772357724	0.3475609756097561	0.051829268292682924	0.7134146341463414	0.006097560975609756	0.012195121951219513	0.7543859649122807	0.6617304147552849	2.6140350877192984	1.596638655462185	0.004235954355640244	4.369087184750733e-05	0.005776636713735558	0.8399390243902439	12.807017543859649	1.8176204387076964	3.216722408026756	2.3102040816326532	0.4192073170731707	0.7035727109515262	0.6476624546903479	0.8174801321994813	0.1676829268292683	0.9076494331535478	641	341	114
1217	de	5.752380952380952	1.8129139072847682	8.045812677388835	6.69827160517187	0.2947019867549669	0.04304635761589404	0.7218543046357616	0.009933774834437087	0.018211920529801324	0.8761904761904762	0.7090516101545513	2.5700934579439254	1.648780487804878	0.004405679109602649	5.0551176655052265e-05	0.007603630120186411	0.40894039735099336	11.16822429906542	1.6480225122748489	3.369672131147541	2.1943127962085307	0.3758278145695364	0.630178217821783	0.6837560075097293	0.781801022477134	0.18543046357615894	0.887692606729389	597	287	107
1211	de	5.683333333333334	1.8563049853372433	8.530898826979474	6.7277606647116315	0.27419354838709675	0.039589442815249266	0.7096774193548387	0.02346041055718475	0.024926686217008796	0.7916666666666666	0.7488795984594304	2.408333333333333	1.5914893617021277	0.004309663164222874	8.141766775244299e-05	0.005474095796676442	0.39882697947214074	11.433333333333334	1.6468725049317154	3.4917206623470123	2.3946360153256707	0.4178885630498534	0.7034476843910811	0.8079771218745772	0.8904116278484778	0.18035190615835778	0.9171316681606365	662	307	120
