article_id	language	avg_sentence_length	avg_syllable_length	fkgl	wstf	noun_ratio	adjective_ratio	function_word_ratio	numbers_ratio	negations_ratio	grammar_frequency	adjacent_sent_edit_distance	dep_tree_depth	noun_phrase_complexity	word_freq	word_freq_filtered	lexical_chain_lens	crossing_lexical_chains	bpe_sentence_length	avg_bpe_length	bpe_char_ratio	bpe_char_ratio_lex	type_token_ratio	mattr	heaps_law_beta	heaps_law_beta_lex	verb_ratio	herdans_c	text_length	text_length_lex	text_length_sentences
6-67	de	6.212962962962963	2.0625931445603576	11.171654661367779	9.453345410388033	0.32488822652757077	0.06259314456035768	0.7034277198211625	0.01788375558867362	0.004470938897168405	0.8425925925925926	0.692126688594528	2.9537037037037037	1.6591928251121075	0.0039903180412816696	3.613295316091954e-05	0.004843517138599106	0.713859910581222	14.481481481481481	1.8164467755598048	3.2224322621298045	2.250793650793651	0.45305514157973176	0.7025874125874109	0.8732978118718149	0.9055677864328056	0.17436661698956782	0.9299776843557755	647	348	108
1-1	de	6.981481481481482	1.8806366047745358	9.324289714117302	7.729690971608212	0.2984084880636605	0.042440318302387266	0.6909814323607427	0.007957559681697613	0.013262599469496022	0.9259259259259259	0.7179762635507548	2.9814814814814814	1.580392156862745	0.004845315205437666	4.3341330303030306e-05	0.004625735912531539	0.8183023872679045	14.796296296296296	1.6594857385178443	3.4026299311208517	2.203252032520325	0.40318302387267907	0.6620916030534356	0.8047414481733123	0.8228582209091185	0.1976127320954907	0.916577562440403	746	363	108
16-3	de	3.8743169398907105	2.3638928067700986	13.814918726444542	11.042052364987246	0.38645980253878703	0.06346967559943582	0.7517630465444288	0.00846262341325811	0.007052186177715092	0.5519125683060109	0.57457158226389	1.9726775956284153	1.4569536423841059	0.0029173244585331457	4.944203829787234e-05	0.005337536989407893	1.1988716502115655	9.754098360655737	2.018795974900375	3.208400646203554	2.504878048780488	0.4287729196050776	0.702590163934426	0.8814331700649718	0.9034939267056826	0.14104372355430184	0.8968783275267354	682	376	183
22-4	de	5.187134502923977	1.8083427282976325	7.771426650052415	6.053393736690469	0.31905298759864714	0.03945885005636979	0.7328072153325818	0.0033821871476888386	0.018038331454340473	0.7953216374269005	0.6503969233380994	2.38953488372093	1.4516129032258065	0.0038641615844419394	0.00010302217799043063	0.005807796112192955	0.4351747463359639	10.930232558139535	1.5691724892274788	3.356048600105652	2.2753623188405796	0.3742953776775648	0.6484644670050753	0.7969982839805296	0.9099146842028423	0.17925591882750846	0.9066833747813089	866	418	172
1-114	de	5.907407407407407	1.9373040752351096	9.574076976663182	7.959332938581216	0.22884012539184953	0.06583072100313479	0.7084639498432602	0.003134796238244514	0.018808777429467086	0.9629629629629629	0.6951312314519862	2.4074074074074074	1.7244897959183674	0.004125807443887148	7.4895164e-05	0.014420062695924763	0.11598746081504702	12.333333333333334	1.6964973812196034	3.493993993993994	2.1627906976744184	0.49843260188087773	0.6789090909090908	-1	-1	0.20689655172413793	0.908842217466139	319	150	54
18-112	de	5.711111111111111	1.972762645914397	9.91593255512322	9.018691552096843	0.3424124513618677	0.0622568093385214	0.7120622568093385	0.019455252918287938	0.0038910505836575876	0.7555555555555555	0.6473925176131059	2.404255319148936	1.6436781609195403	0.004525168335797665	3.629749435483871e-05	0.017332861690838343	0.14396887159533073	11.702127659574469	1.8275133554388874	3.2314487632508833	2.4015748031496065	0.4708171206225681	0.6030379746835449	-1	-1	0.16731517509727625	0.8900848182319525	248	124	47
8-70	de	5.821428571428571	1.9386503067484662	9.556430762489047	7.788358194566172	0.3343558282208589	0.03680981595092025	0.6886503067484663	0.007668711656441718	0.006134969325153374	0.8392857142857143	0.7365732615732615	2.6271186440677967	1.628691983122363	0.004827262102161043	7.212640062111802e-05	0.004531511433351924	1.0122699386503067	11.474576271186441	1.5505826205477253	3.5058823529411764	2.354609929078014	0.4493865030674847	0.6861844484629293	0.71506614579332	0.8501476116396101	0.19171779141104295	0.9251513662713614	637	322	118
9-45	de	6.855670103092783	2.03609022556391	11.109576001860326	8.941944732966437	0.27518796992481204	0.04962406015037594	0.7052631578947368	0.007518796992481203	0.012030075187969926	0.9278350515463918	0.7274747294508322	2.979381443298969	1.6604651162790698	0.004438137523759399	5.7886601886792455e-05	0.005353383458646617	0.31278195488721805	14.75257731958763	1.6777237593298364	3.4961294862772694	2.2195121951219514	0.45714285714285713	0.7280388692579511	0.7509181290958916	0.832262982461891	0.19849624060150375	0.9384108908885104	656	318	97
21-157	de	7.646464646464646	1.7331571994715984	7.843376165886074	5.630939351240276	0.2800528401585205	0.047556142668428	0.6499339498018494	0.009247027741083224	0.005284015852047556	0.9191919191919192	0.6761168536678742	3.0707070707070705	1.7377049180327868	0.006084207531319683	5.4386769553072624e-05	0.005032396049569101	0.8652575957727873	15.83838383838384	1.5955186392797802	3.3026819923371646	2.2988929889298895	0.3487450462351387	0.628297872340423	0.7042603355999753	0.7713564529388801	0.17173051519154559	0.8904706384505837	744	358	99
9-81	de	6.887931034482759	1.9699624530663329	10.341850049631006	8.656662068965517	0.30663329161451813	0.05131414267834793	0.7334167709637046	0.023779724655819776	0.017521902377972465	0.9224137931034483	0.7394649312040614	3.189655172413793	1.5018315018315018	0.003699864245682103	7.267246072351422e-05	0.004367161079008335	1.1364205256570714	14.224137931034482	1.6395172743359863	3.5983061101028433	2.2304832713754648	0.3704630788485607	0.6923000000000011	0.6384573006227557	0.7643701596241577	0.17772215269086358	0.8997834900860814	781	387	116
9-96	de	6.857142857142857	1.8529411764705883	8.94899159663866	7.459259383753501	0.3284313725490196	0.05024509803921569	0.7046568627450981	0.023284313725490197	0.029411764705882353	0.8739495798319328	0.7299590035677829	2.966386554621849	1.7557251908396947	0.004313813176715686	5.7365862051282046e-05	0.0046791443850267385	0.9718137254901961	14.361344537815127	1.6896988028001114	3.3990719257540603	2.2215743440233235	0.39705882352941174	0.7111436541143631	0.6645321589024359	0.8303075586228086	0.15441176470588236	0.9129405644599226	788	390	119
1-112	de	5.823529411764706	1.9057239057239057	9.168718558130323	7.146707585660527	0.265993265993266	0.06397306397306397	0.696969696969697	0.006734006734006734	0.006734006734006734	0.9607843137254902	0.7477272727272728	2.7450980392156863	1.663265306122449	0.004466804217508417	5.9050589864864864e-05	0.009308774014656367	0.2053872053872054	12.235294117647058	1.7234362043185574	3.3961661341853033	2.241758241758242	0.5050505050505051	0.6593434343434341	-1	-1	0.1750841750841751	0.9255105766800942	294	148	51
16-19	de	5.067415730337078	2.4988913525498893	15.873210094920157	12.322205391265353	0.3902439024390244	0.03991130820399113	0.7073170731707317	0.0022172949002217295	0.008869179600886918	0.7078651685393258	0.7103905091121	2.6292134831460676	1.4775280898876404	0.0038232082549889135	4.743400537190083e-05	0.0064618308520747545	0.6541019955654102	12.460674157303371	1.922453463154232	3.2785588752196837	2.4411764705882355	0.4878048780487805	0.6875852272727259	-1	0.8452674905732351	0.14412416851441243	0.9211701894983336	444	242	89
12-141	de	6.648648648648648	1.7093495934959348	7.173298176225007	5.00161340364755	0.21951219512195122	0.028455284552845527	0.7266260162601627	0.021341463414634148	0.018292682926829267	0.9121621621621622	0.7244273196656776	2.925675675675676	1.49375	0.0041530185290650405	7.671149076923077e-05	0.004742547425474255	0.4380081300813008	12.47972972972973	1.4445166932299285	3.5722761596548005	2.3020594965675056	0.3201219512195122	0.6502372881355929	0.676654494770001	0.7956060891628955	0.20833333333333334	0.892202322854743	944	390	148
8-32	de	8.068965517241379	1.8824786324786325	9.770144414972002	7.716737872089597	0.27136752136752135	0.057692307692307696	0.6538461538461539	0.017094017094017096	0.00641025641025641	0.9137931034482759	0.6678417586312324	3.2241379310344827	1.8085106382978724	0.005201663579487179	6.0736443317972354e-05	0.006877670940170941	0.7158119658119658	16.103448275862068	1.668658386913965	3.47008547008547	2.153225806451613	0.39316239316239315	0.6285094850948502	-1	0.6755835973713805	0.20726495726495728	0.8851793299855089	462	217	58
8-6	de	5.982456140350878	2.0513196480938416	10.948729742244176	9.583155229716521	0.3621700879765396	0.0718475073313783	0.7478005865102639	0.021994134897360705	0.01466275659824047	0.8157894736842105	0.7383365463651904	2.5	1.6470588235294117	0.003537429645894428	5.926708783783784e-05	0.005102639296187683	1.1774193548387097	14.338983050847459	1.8904084863410635	3.2032999410724807	2.248407643312102	0.3914956011730205	0.6792967409948539	0.7144266413425497	0.7564784113436591	0.1348973607038123	0.8881830994317267	662	370	118
21-316	de	6.338129496402877	1.7854710556186153	7.9504289598967866	6.345507101968823	0.2973893303064699	0.046538024971623154	0.7014755959137344	0.03745743473325766	0.02043132803632236	0.8848920863309353	0.7252105453512098	2.914285714285714	1.6677966101694914	0.004373829403405222	4.817460353535354e-05	0.004188962758769796	0.7219069239500567	13.321428571428571	1.7223797386087303	3.284126984126984	2.1522988505747125	0.40068104426787743	0.7000511508951379	0.867003519064811	0.9519969409186302	0.16345062429057888	0.9217600639980845	843	396	140
19-35	de	5.067073170731708	2.0734055354993983	10.852343855478267	8.718772997563912	0.3200962695547533	0.056558363417569195	0.7352587244283996	0.009626955475330927	0.007220216606498195	0.7317073170731707	0.7036674981460256	2.3902439024390243	1.4919614147909968	0.00403173962599278	7.057293317535544e-05	0.00457280385078219	0.6871239470517448	11.03048780487805	1.7915521032450732	3.4370967741935483	2.4709141274238227	0.42117930204572807	0.729084699453552	0.760998099725869	0.8980680286013373	0.17087845968712395	0.9140526189947475	809	422	164
6-78	de	6.991666666666666	1.8140643623361143	8.542709475566149	6.9689530313865715	0.33730631704410013	0.04290822407628129	0.6758045292014303	0.03098927294398093	0.0059594755661501785	0.825	0.7174671131247672	3.049586776859504	1.7552447552447552	0.004408041970560191	4.6653986516853934e-05	0.003894942959305295	0.6853396901072706	15.735537190082646	1.7646447641839684	3.1534859521331944	2.2158273381294964	0.41120381406436235	0.6508108108108106	0.7299724460019661	0.8461178796552381	0.14421930870083433	0.9211421035887173	763	356	121
5-76	de	5.761363636363637	1.9171597633136095	9.27941702528241	7.370883826429981	0.3116370808678501	0.0631163708086785	0.7140039447731755	0.013806706114398421	0.005917159763313609	0.8863636363636364	0.7082315513349995	2.602272727272727	1.6646341463414633	0.004971806163510848	5.4464428740157484e-05	0.00693987873475053	0.4832347140039448	12.090909090909092	1.6449956293706294	3.2906220984215415	2.277456647398844	0.44970414201183434	0.6934803921568615	0.683772332480524	0.929189994280822	0.16173570019723865	0.9165373752967326	500	254	88
5-8	de	6.044776119402985	1.9061728395061728	9.260302192740003	7.659674221485167	0.3308641975308642	0.08765432098765433	0.7641975308641975	0.027160493827160494	0.01728395061728395	0.8656716417910447	0.7552163036848106	2.7664233576642334	1.6571428571428573	0.003458318111604938	4.4516537583892615e-05	0.004545454545454545	0.825925925925926	13.394160583941606	1.6332583035393642	3.232279171210469	2.2346938775510203	0.43703703703703706	0.6962728551336137	0.7993334110828085	0.8550789942514965	0.15185185185185185	0.9118339989777771	783	447	137
23-30	de	9.118421052631579	1.7287157287157287	8.365029809371915	7.664650505050506	0.32756132756132755	0.021645021645021644	0.7734487734487735	0.12121212121212122	0.010101010101010102	0.9473684210526315	0.7883727249074293	3.1625	1.7809523809523808	0.00286733882020202	9.239667359735974e-05	0.0059323392656725985	1.075036075036075	18.9	1.5922951827761609	3.3178807947019866	2.350293542074364	0.341991341991342	0.6213973063973063	0.7978504972301919	0.6568201472008236	0.10678210678210678	0.8673536593840527	600	303	80
6-61	de	6.020408163265306	1.8248587570621468	8.291292517006806	7.417002075406435	0.28700564971751413	0.04180790960451977	0.672316384180791	0.005649717514124294	0.01807909604519774	0.7755102040816326	0.6806796285670492	2.6066666666666665	1.6109215017064846	0.004593704800903956	5.574607828162291e-05	0.004519774011299435	0.8180790960451978	12.513333333333334	1.79055811634759	3.361362426822778	2.2348993288590604	0.3638418079096045	0.6565903307888052	0.6874766215270658	0.7885210651904182	0.2214689265536723	0.9006617367357239	870	419	150
19-38	de	6.070921985815603	2.0455607476635516	10.915276396897994	9.378364230794723	0.3492990654205608	0.04906542056074766	0.719626168224299	0.026869158878504672	0.016355140186915886	0.7446808510638298	0.662648410179923	2.921985815602837	1.4970059880239521	0.004175386415420561	6.8842977e-05	0.00397645578720345	0.9824766355140186	13.624113475177305	1.8023005878606628	3.3872624550590653	2.493383742911153	0.44042056074766356	0.7094319682959023	0.8496246892600164	0.9985946637862267	0.1588785046728972	0.9268117237882971	792	400	141
14-25	de	6.177570093457944	1.9697428139183055	10.062217540684607	8.178025876963535	0.3373676248108926	0.06656580937972768	0.7095310136157338	0.015128593040847202	0.01059001512859304	0.8598130841121495	0.7056118409891998	2.794392523364486	1.6550218340611353	0.0037559063406959153	6.298555872093023e-05	0.005583171241265039	1.0105900151285931	12.74766355140187	1.5869548301860013	3.4848046309696095	2.3168316831683167	0.4114977307110439	0.6912989323843413	0.6514335837661422	0.8047828410581404	0.1815431164901664	0.900157154032993	642	344	107
17-5	de	7.7894736842105265	1.7162162162162162	7.699246088193458	5.538937162162162	0.2905405405405405	0.03885135135135135	0.6790540540540541	0.033783783783783786	0.011824324324324325	0.9473684210526315	0.7775281744399389	3.25	1.7569060773480663	0.005459942119594594	7.06319425e-05	0.007455731593662629	0.3733108108108108	15.526315789473685	1.6034830054728824	3.2983193277310923	2.338888888888889	0.3918918918918919	0.636957403651114	0.6580491394510588	0.8549910703594952	0.17229729729729729	0.8904112114484255	587	280	76
16-17	de	6.405405405405405	2.1153305203938118	11.86900824875509	9.619964093207132	0.33473980309423346	0.05485232067510549	0.7172995780590717	0.02812939521800281	0.009845288326300985	0.8108108108108109	0.7059625940247944	2.7927927927927927	1.6844262295081966	0.003549963969057665	7.04516306122449e-05	0.005102541458149347	0.9690576652601969	13.72072072072072	1.7541542718013308	3.474609375	2.345514950166113	0.40365682137834036	0.7020915032679746	0.5376439363576623	0.6679259840906131	0.1659634317862166	0.8969996148712382	682	343	111
23-33	de	5.814814814814815	2.043312101910828	10.78886058032555	9.430345317291815	0.3095541401273885	0.05732484076433121	0.7834394904458599	0.016560509554140127	0.014012738853503185	0.9481481481481482	0.7325740764941817	2.4744525547445257	1.4891304347826086	0.003522326886624204	4.8282927860696516e-05	0.0040985876488507334	0.729936305732484	13.642335766423358	1.6410552539631544	3.2889957264957266	2.3520179372197307	0.4356687898089172	0.7163556851311937	0.8398459323065002	0.8909098166647519	0.17070063694267515	0.9132839670853998	757	402	137
8-33	de	6.445652173913044	2.1163575042158516	11.896822897573138	9.531127883275902	0.31197301854974707	0.07419898819561552	0.7318718381112985	0.006745362563237774	0.006745362563237774	0.8586956521739131	0.7043106771128747	2.9456521739130435	1.543778801843318	0.003797470471669477	4.960613474025974e-05	0.0051101231539680105	0.6357504215851602	15.576086956521738	1.9147511825932324	3.225630538513974	2.5863453815261046	0.44013490725126475	0.695728744939271	0.6418660713128591	0.9747027076144188	0.15682967959527824	0.9184290655011715	574	308	92
21-264	de	6.273333333333333	1.8235919234856535	8.374984697130714	5.924708984767976	0.3007438894792774	0.04675876726886291	0.7024442082890542	0.01381509032943677	0.01700318809776833	0.84	0.6812271900359146	2.9466666666666668	1.5345345345345345	0.0040489972741764085	9.768985933806146e-05	0.005047821466524973	0.5494155154091392	12.626666666666667	1.599264496886788	3.4619821709491347	2.303206997084548	0.361317747077577	0.6633135391923989	0.743261382474728	0.8967830315752295	0.17747077577045697	0.9042043352452456	921	423	150
19-17	de	5.761904761904762	1.822904368358914	8.167414403778043	6.9211885871704055	0.3022432113341204	0.05076741440377804	0.71900826446281	0.0070838252656434475	0.02833530106257379	0.7755102040816326	0.7214227558858902	2.47972972972973	1.5757575757575757	0.004273326110035419	5.900100833333333e-05	0.005726092089728452	0.6611570247933884	12.912162162162161	1.6282636686173646	3.283176593521421	2.403022670025189	0.31286894923258557	0.6102139037433155	0.6130197630680556	0.6280969285563127	0.20425029515938606	0.8657087659046893	830	408	148
16-173	de	5.666666666666667	1.838235294117647	8.311176470588236	5.998790196078433	0.35294117647058826	0.04411764705882353	0.6323529411764706	0.0	0.0	0.8333333333333334	0.6532911532911533	2.5	1.5357142857142858	0.004047244044117647	0.0001178410294117647	0.04779411764705882	0.08823529411764706	10.083333333333334	1.4433621933621934	3.6451612903225805	2.3529411764705883	0.6029411764705882	0.6029411764705882	-1	-1	0.19117647058823528	0.9012277128680346	68	34	12
1-4	de	5.285714285714286	2.0658783783783785	10.848793436293441	9.930038320463321	0.36317567567567566	0.08108108108108109	0.7331081081081081	0.0016891891891891893	0.010135135135135136	0.8214285714285714	0.6556401512283861	2.5714285714285716	1.5087719298245614	0.003355842174831081	6.798515757575757e-05	0.005615412710007305	0.7922297297297297	12.75	1.8203241594454	3.2262474367737526	2.3854545454545453	0.4797297297297297	0.7335091277890496	0.5592752380720186	0.868090731382216	0.16047297297297297	0.9236938593405387	577	330	112
1-110	de	5.939597315436242	1.8045197740112995	8.019776286353473	6.982315360406477	0.30621468926553674	0.05423728813559322	0.6757062146892655	0.014689265536723164	0.012429378531073447	0.8389261744966443	0.6751031592943353	2.7248322147651005	1.627062706270627	0.004103767253107345	4.5165021039603963e-05	0.00477657935285054	0.7740112994350282	12.550335570469798	1.6366514544366892	3.179947229551451	2.151219512195122	0.3536723163841808	0.6687531806615769	0.7741620168949842	0.8804412571115058	0.16045197740112993	0.8972042713731455	841	404	149
16-216	de	6.742424242424242	1.8438202247191011	8.796624106230848	6.689119850187267	0.3056179775280899	0.056179775280898875	0.7247191011235955	0.07865168539325842	0.012359550561797753	0.8409090909090909	0.7468017177155029	3.3181818181818183	1.8350515463917525	0.003730851200898877	6.97649558988764e-05	0.005216693418940611	0.6662921348314607	13.704545454545455	1.6561418354867552	3.3594699061292106	2.1186440677966103	0.33146067415730335	0.6031731984829345	0.5989135339224948	0.8421052904491713	0.15168539325842698	0.883917970916584	820	356	132
1-57	de	6.096774193548387	1.8796296296296295	8.967371565113503	7.67050498378563	0.3002645502645503	0.06084656084656084	0.6851851851851852	0.018518518518518517	0.006613756613756613	0.7903225806451613	0.6396261193757983	2.725806451612903	1.664092664092664	0.00412927190542328	6.171172770083102e-05	0.004794973544973545	0.6203703703703703	13.064516129032258	1.673703931531256	3.248934875228241	2.3069620253164556	0.3941798941798942	0.6385235920852353	0.7025812164766668	0.8785876942734879	0.19047619047619047	0.9039090327226501	728	361	124
23-39	de	6.872549019607843	1.783166904422254	8.131663589829657	6.312606601213952	0.29529243937232524	0.04992867332382311	0.6875891583452212	0.018544935805991442	0.017118402282453638	0.9215686274509803	0.6833045739932748	3.0980392156862746	1.6223175965665235	0.004676081634236805	6.058882646153846e-05	0.005461585490116161	0.7746077032810271	13.872549019607844	1.6755596792554996	3.3713286713286714	2.2931726907630523	0.37375178316690444	0.6798671096345512	0.6886107479881405	0.8414565949935477	0.16690442225392296	0.8959094348361427	680	325	102
16-217	de	7.485148514851486	1.7063492063492063	7.4641285557127155	6.275670270836607	0.3002645502645503	0.04497354497354497	0.701058201058201	0.062169312169312166	0.013227513227513227	0.8613861386138614	0.7082183298727416	3.4356435643564356	1.7222222222222223	0.0044238502898148145	5.452714352159468e-05	0.0052280171327790375	0.373015873015873	14.188118811881187	1.4978450864172594	3.535788742182071	2.074792243767313	0.36243386243386244	0.6101217656012168	0.649511974805366	0.9061116868478887	0.15476190476190477	0.8870680253537613	700	301	101
13-107	de	6.23404255319149	1.8873720136518772	9.112266356836834	7.521905293733207	0.2696245733788396	0.030716723549488054	0.7235494880546075	0.0	0.027303754266211604	0.9574468085106383	0.7028671811280508	2.6382978723404253	1.44	0.004391601626279864	7.780917462686566e-05	0.013367463026166097	0.16040955631399317	13.148936170212766	1.639019284498008	3.472491909385113	2.297029702970297	0.47440273037542663	0.6492783505154645	-1	-1	0.23890784982935154	0.9094514067810366	292	134	47
21-317	de	6.656934306569343	1.8125	8.393704379562045	6.571833275707517	0.2850877192982456	0.0625	0.7105263157894737	0.029605263157894735	0.013157894736842105	0.8613138686131386	0.732467329623471	2.9562043795620436	1.6796116504854368	0.0042640366582236845	5.622174357142857e-05	0.004560406698564593	0.9276315789473685	13.781021897810218	1.7192027689880847	3.342931937172775	2.198224852071006	0.36403508771929827	0.6730996309963122	0.6653804590672875	0.760406112783029	0.1787280701754386	0.892947036866215	876	420	137
16-8	de	7.288888888888889	1.9466463414634145	10.223093495934958	8.399845514905149	0.2926829268292683	0.039634146341463415	0.6753048780487805	0.019817073170731708	0.003048780487804878	0.9666666666666667	0.6726646013162865	3.1666666666666665	1.70935960591133	0.004951703516310976	5.480417040498442e-05	0.005335365853658537	0.8033536585365854	15.133333333333333	1.6581729235676603	3.4516129032258065	2.2110091743119265	0.39939024390243905	0.6829802513464981	0.48298260122037867	0.7457918325095694	0.17073170731707318	0.90822151750842	639	321	90
22-48	de	5.62962962962963	1.8717105263157894	8.69173976608187	7.227556968810916	0.23355263157894737	0.06907894736842106	0.8289473684210527	0.003289473684210526	0.046052631578947366	0.8148148148148148	0.7489285871361345	2.5	1.3852459016393444	0.0029535356720394737	8.634591397058823e-05	0.012858851674641148	0.14802631578947367	11.166666666666666	1.7046054224158798	3.5441176470588234	2.3608247422680413	0.4934210526315789	0.6344878048780496	-1	-1	0.22697368421052633	0.9204368477374838	304	136	54
8-31	de	6.724489795918367	2.078907435508346	11.563658759406646	9.730836970053577	0.3095599393019727	0.0622154779969651	0.701062215477997	0.030349013657056147	0.012139605462822459	0.8673469387755102	0.729267005146326	2.8877551020408165	1.752212389380531	0.004165489170409711	5.925596293929713e-05	0.005609969191152803	0.701062215477997	15.224489795918368	1.84307805951832	3.2695130086724484	2.2235649546827796	0.4218512898330804	0.6975535714285681	0.6918171634668989	0.8294923217274688	0.15933232169954475	0.9167545915772151	622	313	98
14-56	de	6.7534246575342465	2.006085192697769	10.715640890272034	8.308777065214374	0.28600405679513186	0.05476673427991886	0.6572008113590264	0.006085192697768763	0.012170385395537525	0.9315068493150684	0.7050975066600064	2.9726027397260273	1.7804878048780488	0.005731024896146044	5.553186696035242e-05	0.0067613252197430695	0.49290060851926976	14.232876712328768	1.7543868232224398	3.401904761904762	2.526627218934911	0.43204868154158216	0.6533502538071081	-1	0.7902701797864023	0.18661257606490872	0.9186456291116272	486	227	73
9-105	de	6.109090909090909	1.9449404761904763	9.742843073593075	8.439654285714287	0.28422619047619047	0.07589285714285714	0.7247023809523809	0.022321428571428572	0.011904761904761904	0.8818181818181818	0.7464210311485	2.8454545454545452	1.59375	0.0038275711403273813	5.0112691036414564e-05	0.005546536796536796	0.5267857142857143	13.854545454545455	1.8370819783618828	3.259020618556701	2.3544303797468356	0.41220238095238093	0.6932460732984307	0.6586419401349896	0.8765134726594291	0.18601190476190477	0.9039545458154423	661	357	110
9-36	de	6.92	1.6517341040462428	6.599262427745664	4.214827468208092	0.22832369942196531	0.02023121387283237	0.6358381502890174	0.008670520231213872	0.017341040462427744	0.91	0.7399655759504244	2.86	1.6396396396396395	0.004861744170817255	6.842632681159421e-05	0.005283598265895953	0.5578034682080925	12.53	1.4838547100044779	3.556791104050834	2.197604790419162	0.32803468208092484	0.5980775716694777	0.643166291345909	0.7904488261226635	0.23699421965317918	0.8915085264931384	687	276	100
19-44	de	6.933884297520661	2.2753277711561384	13.96308257567549	11.81638359518908	0.34445768772348034	0.07389749702026222	0.7437425506555423	0.013110846245530394	0.010727056019070322	0.9173553719008265	0.7264704970954969	2.9834710743801653	1.6066666666666667	0.0036139789930870084	5.030420597345133e-05	0.005599135183080633	0.6317044100119189	16.363636363636363	1.8279036916737452	3.254491017964072	2.36734693877551	0.3933253873659118	0.6767027027027037	0.8846801047836825	0.9321528054484886	0.1764004767580453	0.8909094734485816	823	452	121
5-125	de	6.390804597701149	2.066546762589928	11.287665591664599	9.107121665426282	0.3147482014388489	0.0737410071942446	0.6888489208633094	0.00539568345323741	0.01079136690647482	0.9655172413793104	0.744655215585448	2.9655172413793105	1.6612903225806452	0.004468305808453238	6.160661000000001e-05	0.006528110844657608	0.4982014388489209	14.448275862068966	1.77724138887932	3.3088467614533967	2.443076923076923	0.44064748201438847	0.681728665207877	0.6157574949235559	0.7271928606849862	0.17086330935251798	0.9267373923647292	528	260	87
5-105	de	6.4714285714285715	1.9315673289183224	9.726351624093347	7.899329700409968	0.2781456953642384	0.0640176600441501	0.7185430463576159	0.02097130242825607	0.009933774834437087	0.8785714285714286	0.7472192969019037	2.7785714285714285	1.67595818815331	0.003862368769205298	5.932394382284382e-05	0.0036508745118016637	0.9315673289183223	13.55	1.5959711839281168	3.3756558237145855	2.2222222222222223	0.40618101545253865	0.7058116480793047	0.7606540212870543	0.8833588685383535	0.17991169977924945	0.918016985313622	878	429	140
10-89	de	5.76984126984127	1.8679504814305365	8.70205377611843	7.88233094037248	0.33975240715268223	0.05639614855570839	0.7042640990371389	0.015130674002751032	0.001375515818431912	0.7301587301587301	0.7481840307840306	2.5615384615384613	1.8127659574468085	0.004211163776671251	5.350967026239067e-05	0.0051745595074343355	0.6492434662998624	13.2	1.6892921919937551	3.088723526044648	2.200750469043152	0.44566712517193946	0.6961942675159251	0.7929488050113507	0.9265154592892694	0.1623108665749656	0.918386385639335	663	343	130
5-11	de	6.254901960784314	2.0	10.449411764705882	8.371822742639376	0.28683385579937304	0.07053291536050156	0.7053291536050157	0.01567398119122257	0.009404388714733543	0.8627450980392157	0.7342918632522593	2.872549019607843	1.6872037914691944	0.004884034161128527	4.427382122186495e-05	0.0060083594566353185	0.445141065830721	13.186274509803921	1.678557146269084	3.3980654761904763	2.3010204081632653	0.40752351097178685	0.637810760667903	0.8615421364926166	0.8777557326649785	0.18808777429467086	0.9104416751037689	629	311	102
6-85	de	6.679012345679013	1.9630314232902033	10.178585609639217	7.807460993587549	0.24399260628465805	0.06284658040665435	0.6617375231053605	0.011090573012939002	0.0036968576709796672	0.9135802469135802	0.7076011141636143	2.8395061728395063	1.8012422360248448	0.004830642377264325	5.095658016194332e-05	0.007085643869377696	0.3290203327171904	14.185185185185185	1.914835096316578	3.3463541666666665	2.2260273972602738	0.3807763401109057	0.605384615384616	0.6480253015431223	0.8343838486524976	0.21072088724584104	0.8903483433590569	533	247	81
9-30	de	6.808988764044944	2.0	10.66550561797753	8.205872162272408	0.29372937293729373	0.07590759075907591	0.698019801980198	0.013201320132013201	0.009900990099009901	0.8764044943820225	0.7229008523042614	3.101123595505618	1.6717171717171717	0.004327113311551155	5.5424916376306614e-05	0.006664127951256664	0.35313531353135313	14.808988764044944	1.755058136766663	3.3228228228228227	2.315175097276265	0.3927392739273927	0.6741420118343182	0.6637783036368996	0.8302530207338881	0.16996699669966997	0.8945332523405518	592	287	89
14-2	de	7.230769230769231	1.574468085106383	5.808723404255321	3.303771849427169	0.19148936170212766	0.010638297872340425	0.7340425531914894	0.0	0.0	0.9230769230769231	0.5546296296296296	3.076923076923077	1.4722222222222223	0.004461193444680851	9.811125116279069e-05	0.028368794326241134	0.02127659574468085	14.384615384615385	1.6134852327160019	3.095744680851064	2.0434782608695654	0.5531914893617021	0.5531914893617021	-1	-1	0.26595744680851063	0.9130030572308226	94	43	13
5-63	de	5.03921568627451	2.007782101167315	10.067122911421379	9.322945967803463	0.36186770428015563	0.058365758754863814	0.7684824902723736	0.0311284046692607	0.005836575875486381	0.8235294117647058	0.7266078393553642	2.235294117647059	1.482233502538071	0.0033285247079766537	5.0960170921985814e-05	0.006637674525062943	0.7762645914396887	11.598039215686274	1.780679424061777	3.1451077943615258	2.279166666666667	0.4669260700389105	0.6878072289156616	-1	0.7591357084223443	0.14980544747081712	0.9081971601051675	493	282	102
9-109	de	7.172043010752688	1.9175412293853074	9.834083280940177	8.461601873256921	0.34332833583208394	0.08245877061469266	0.767616191904048	0.004497751124437781	0.008995502248875561	0.956989247311828	0.7421097267324887	2.9895833333333335	1.628099173553719	0.0036673335952023987	3.948696185286104e-05	0.006468194474191475	0.6821589205397302	15.885416666666666	1.6644528779840633	3.2670157068062826	2.291970802919708	0.4032983508245877	0.6567429577464786	0.6839694973028023	0.9317687805027959	0.17091454272863568	0.8980491025805923	650	367	96
12-25	de	5.887323943661972	2.034688995215311	10.715386481568842	9.059934726059707	0.319377990430622	0.05861244019138756	0.6925837320574163	0.01555023923444976	0.013157894736842105	0.852112676056338	0.6633871618446983	2.6713286713286712	1.6621160409556315	0.004531588939473684	4.9422934223300975e-05	0.004727728411938938	0.7392344497607656	13.027972027972028	1.786924088456827	3.2751572327044025	2.3205128205128207	0.40311004784689	0.6821438263229322	0.7525744424256186	0.8348172434435729	0.17105263157894737	0.9129956664072864	825	412	143
19-63	de	6.463157894736842	1.986970684039088	10.37688565060861	7.94578657980456	0.2915309446254072	0.03745928338762215	0.6791530944625407	0.004885993485342019	0.003257328990228013	0.9263157894736842	0.7272523870928125	2.863157894736842	1.5933014354066986	0.0041171116881107495	5.434365467625899e-05	0.00515743756786102	0.8745928338762216	14.136842105263158	1.8028794969808495	3.380281690140845	2.4833333333333334	0.38925081433224756	0.6739417475728162	0.6224451412307181	0.8557994944330793	0.2003257328990228	0.909441788816578	600	278	95
9-95	de	6.25	1.9885714285714287	10.312642857142858	6.676228571428572	0.29714285714285715	0.04	0.6971428571428572	0.005714285714285714	0.0	1.0	0.7229463951686174	2.5357142857142856	1.537313432835821	0.0044650892428571435	5.7661420731707316e-05	0.020317460317460317	0.14285714285714285	13.25	1.6375239839525553	3.403225806451613	2.4126984126984126	0.5428571428571428	0.6113157894736846	-1	-1	0.18285714285714286	0.9134577142018154	174	82	28
23-54	de	6.228915662650603	1.920696324951644	9.503493742863135	7.671755163011815	0.2940038684719536	0.07543520309477757	0.7040618955512572	0.017408123791102514	0.01160541586073501	0.8554216867469879	0.7154186997443809	2.7590361445783134	1.8055555555555556	0.005385030756092844	6.4339710546875e-05	0.006769825918762089	0.4081237911025145	12.674698795180722	1.6893570692156339	3.4347417840375587	2.4114285714285715	0.45454545454545453	0.6854306220095701	0.6825238459122153	0.7856775919815265	0.1702127659574468	0.9261738670172128	508	256	83
19-72	de	5.666666666666667	1.9803921568627452	9.988627450980395	9.819721568627452	0.29411764705882354	0.058823529411764705	0.7254901960784313	0.0	0.0196078431372549	0.8888888888888888	0.6799242424242425	2.4444444444444446	1.6666666666666667	0.006121339221568627	2.8469242307692307e-05	0.058823529411764705	0.0196078431372549	12.88888888888889	1.6923520923520925	3.2	2.2941176470588234	0.7450980392156863	0.7450980392156863	-1	-1	0.19607843137254902	0.9487264779561714	50	26	9
18-72	de	5.5646258503401365	1.9364303178484108	9.430081832243904	9.087777080318679	0.40464547677261614	0.05745721271393643	0.7139364303178484	0.0024449877750611247	0.013447432762836185	0.7551020408163265	0.6901700278412606	2.8639455782312924	1.5661538461538462	0.004617158113080684	4.935771328502416e-05	0.004421352893235534	1.1540342298288508	13.095238095238095	1.8493136622044706	3.2062337662337663	2.2185929648241207	0.39975550122249387	0.6374965229485401	0.9143618430433624	0.9676073720153037	0.11246943765281174	0.9074314239458467	771	414	147
14-52	de	6.4576271186440675	1.968503937007874	10.1568210329641	8.823599768672985	0.29133858267716534	0.05511811023622047	0.7217847769028871	0.031496062992125984	0.015748031496062992	0.8559322033898306	0.7456554610966374	2.8389830508474576	1.6525096525096525	0.004562684791207349	6.749548333333333e-05	0.006138345610024553	0.5065616797900262	13.830508474576272	1.6156480213506503	3.4618669920683343	2.261627906976744	0.39238845144356954	0.6960784313725494	0.667769178421495	0.8811650349070547	0.1784776902887139	0.9066899180729023	734	366	118
23-41	de	6.411764705882353	2.0091743119266057	10.618845116028066	8.812666324878577	0.29128440366972475	0.040137614678899085	0.6731651376146789	0.013761467889908258	0.010321100917431193	0.8676470588235294	0.697668751002084	2.9926470588235294	1.6818181818181819	0.005614189200229358	4.0546456675062974e-05	0.00407476088229553	0.8279816513761468	13.919117647058824	1.7599569662123729	3.3233280674038967	2.2585669781931466	0.36353211009174313	0.6339068564036225	0.812509706671776	0.9026078451102078	0.17545871559633028	0.9073200940453429	852	397	136
23-37	de	4.896551724137931	2.0211267605633805	10.168950947061685	8.508633025740652	0.2887323943661972	0.028169014084507043	0.676056338028169	0.0	0.007042253521126761	0.7931034482758621	0.573639455782313	2.310344827586207	1.64	0.00467430971971831	4.7895003125e-05	0.02112676056338028	0.11971830985915492	9.89655172413793	1.5782977558839628	3.561224489795918	2.5344827586206895	0.5704225352112676	0.6174418604651162	-1	-1	0.19718309859154928	0.9205936593428355	141	64	29
14-17	de	8.423076923076923	2.2557077625570776	14.312351598173517	9.876854443273622	0.2922374429223744	0.0410958904109589	0.680365296803653	0.0	0.0228310502283105	0.9615384615384616	0.5928138528138528	3.3461538461538463	1.6111111111111112	0.004970397425114155	3.927579722222222e-05	0.02054794520547945	0.1324200913242009	18.576923076923077	1.8300860464322002	3.4958847736625516	2.413793103448276	0.4977168949771689	0.6178333333333332	-1	-1	0.1963470319634703	0.8779920221711136	218	108	26
12-105	de	5.282258064516129	1.9557251908396946	9.547637897069688	8.628880571287862	0.3297709923664122	0.050381679389312976	0.7129770992366412	0.044274809160305344	0.0030534351145038168	0.7661290322580645	0.6703501444355103	2.7096774193548385	1.5394736842105263	0.004341425036793893	6.008874772727273e-05	0.005308813324080499	1.0549618320610687	12.451612903225806	1.94279986814261	3.1993690851735015	2.303664921465969	0.40916030534351144	0.6637589928057545	0.634304278553027	0.8124103717299903	0.1648854961832061	0.9023375143312049	612	308	124
16-212	de	7.186440677966102	1.9646226415094339	10.395259034218103	9.50074740965782	0.3466981132075472	0.07075471698113207	0.7429245283018868	0.02122641509433962	0.014150943396226415	0.9491525423728814	0.7430115017569645	3.1016949152542375	1.7883211678832116	0.0035245129025943396	4.018882028985507e-05	0.009150943396226414	0.41037735849056606	14.677966101694915	1.6166851980411303	3.55632183908046	2.221590909090909	0.4363207547169811	0.6651692307692315	-1	0.9799367387148498	0.14150943396226415	0.8848204929264288	409	207	59
9-59	de	7.5777777777777775	1.7008797653958945	7.43571456500489	4.865670133594004	0.2375366568914956	0.01466275659824047	0.7008797653958945	0.005865102639296188	0.017595307917888565	0.9111111111111111	0.7632879431174886	2.8	1.5701754385964912	0.004957081974780059	5.160318484848485e-05	0.008634734441186055	0.15542521994134897	15.044444444444444	1.6015868082534748	3.4068047337278107	2.455223880597015	0.44574780058651026	0.6194628099173549	-1	-1	0.22287390029325513	0.9122523024432014	331	132	45
12-163	de	6.666666666666667	1.863953488372093	9.0046511627907	7.111992248062016	0.2872093023255814	0.056976744186046514	0.6779069767441861	0.046511627906976744	0.01744186046511628	0.8062015503875969	0.6769935168487556	3.0153846153846153	1.8778625954198473	0.004424386039883721	5.543213018867924e-05	0.0049833887043189366	0.7941860465116279	13.876923076923077	1.6050246143869626	3.391566265060241	2.149870801033592	0.3732558139534884	0.6468725361366605	0.6736634218886235	0.8063819853487934	0.18023255813953487	0.9038074552106913	820	371	130
4-37	de	7.846153846153846	1.7009803921568627	7.541568627450982	5.201533785822022	0.17647058823529413	0.049019607843137254	0.7401960784313726	0.0	0.029411764705882353	0.9230769230769231	0.7402176712176711	2.740740740740741	1.6785714285714286	0.004043513194117647	5.5932087356321835e-05	0.022058823529411763	0.024509803921568627	14.333333333333334	1.4200829389282548	3.5626598465473145	2.293103448275862	0.46078431372549017	0.5620000000000002	-1	-1	0.23039215686274508	0.8932078181147199	204	87	27
12-37	de	6.854838709677419	1.8094117647058823	8.434445920303606	6.664964326375711	0.32	0.05176470588235294	0.6564705882352941	0.02823529411764706	0.01411764705882353	0.8225806451612904	0.6137229042966749	2.774193548387097	1.7133333333333334	0.0056118851906729415	5.0866245933014354e-05	0.009058823529411763	0.1952941176470588	13.516129032258064	1.5621867397698008	3.3934426229508197	2.272727272727273	0.4470588235294118	0.6167177914110428	-1	1.073847391333588	0.14352941176470588	0.9139828569862635	416	209	62
16-218	de	7.517241379310345	1.8463302752293578	9.12842138563746	7.678178630180323	0.30619266055045874	0.06995412844036697	0.7178899082568807	0.04931192660550459	0.016055045871559634	0.8448275862068966	0.7529326442242039	3.1623931623931623	1.7881944444444444	0.0036286132408256877	5.9547542519685044e-05	0.004399925107657742	0.5722477064220184	15.256410256410257	1.6327406824094701	3.438724118634583	2.068337129840547	0.36811926605504586	0.6652781371280725	0.7724128505904935	0.8948057263384823	0.143348623853211	0.8989592134516423	813	381	117
13-45	de	6.378787878787879	2.0593824228028503	11.19843986180091	8.83604639746635	0.30641330166270786	0.047505938242280284	0.684085510688836	0.007125890736342043	0.007125890736342043	0.9393939393939394	0.7305112835882069	2.8358208955223883	1.5655172413793104	0.004391930858907363	5.589824641148326e-05	0.009088092533305794	0.4180522565320665	14.373134328358208	1.7173945250437788	3.3491735537190084	2.3514644351464433	0.4489311163895487	0.6518012422360238	-1	0.8945561206394744	0.20902612826603326	0.9052750499789083	410	209	67
9-79	de	5.6231884057971016	1.8376288659793814	8.28706409681757	6.76357339010907	0.23711340206185566	0.01804123711340206	0.7396907216494846	0.010309278350515464	0.030927835051546393	0.8115942028985508	0.7249071190247659	2.36231884057971	1.5185185185185186	0.004500439496649485	7.357643579545455e-05	0.00902061855670103	0.22164948453608246	11.289855072463768	1.660788182621831	3.5179028132992327	2.318840579710145	0.4845360824742268	0.677820069204152	-1	-1	0.22422680412371135	0.9160067902617207	381	176	69
8-23	de	7.84375	1.7211155378486056	7.778225846613548	6.000897310756972	0.25697211155378485	0.053784860557768925	0.6633466135458167	0.01195219123505976	0.013944223107569721	0.90625	0.7022628479226335	3.15625	1.748427672955975	0.0047376960123505975	5.448681e-05	0.007451674782352073	0.4960159362549801	15.390625	1.5979048295454545	3.352881698685541	2.171641791044776	0.3466135458167331	0.6085856079404464	-1	0.9975894393090011	0.18326693227091634	0.8781100303445171	498	220	64
5-28	de	5.515384615384615	1.8661087866108788	8.58108368200837	7.038957523870829	0.3333333333333333	0.05160390516039052	0.7238493723849372	0.012552301255230125	0.009762900976290097	0.8	0.7301826833803574	2.549618320610687	1.5252918287937742	0.004576806755788006	5.69521265129683e-05	0.004608574373900915	1.0139470013947	11.50381679389313	1.6057487466540241	3.323586744639376	2.255952380952381	0.4198047419804742	0.6977831715210359	0.7582031614493796	0.8579873715809812	0.16317991631799164	0.9181637590957045	691	347	131
5-121	de	6.333333333333333	1.7346491228070176	7.348859649122808	5.708231578947369	0.21929824561403508	0.05263157894736842	0.6798245614035088	0.0	0.019736842105263157	0.9305555555555556	0.7030059142735199	2.6527777777777777	1.5347222222222223	0.004068112510964912	7.088327586206897e-05	0.008360745614035088	0.21052631578947367	12.180555555555555	1.552593394260061	3.5051311288483467	2.311111111111111	0.38377192982456143	0.632240896358542	-1	0.8096745845917972	0.2149122807017544	0.8962901031095717	455	203	72
18-64	de	7.121495327102804	2.0511811023622046	11.391320185444112	8.888968611867442	0.33727034120734906	0.047244094488188976	0.7007874015748031	0.007874015748031496	0.005249343832020997	0.9252336448598131	0.7167096957439555	3.1666666666666665	1.5808823529411764	0.004628877712204724	4.4689277664974616e-05	0.004774669123806332	1.0446194225721785	16.37037037037037	1.7806107662689787	3.203796761585706	2.2534059945504086	0.4015748031496063	0.6865610859728509	0.6521382116883008	0.7944370294394966	0.17060367454068243	0.9069974440153914	735	394	108
18-96	de	7.444444444444445	1.8656716417910448	9.328258706467661	6.861539469320068	0.27052238805970147	0.05783582089552239	0.6958955223880597	0.0	0.005597014925373134	0.9722222222222222	0.673358717366588	3.0833333333333335	1.6569767441860466	0.004559664585447761	4.708302196969697e-05	0.006198844487241214	0.6735074626865671	15.208333333333334	1.5946440847622076	3.430517711171662	2.310810810810811	0.4048507462686567	0.6554919908466804	0.7363346327764653	0.7607071996602025	0.20335820895522388	0.9067955449046768	536	264	72
12-39	de	6.597222222222222	1.76	7.750916666666669	5.4084134502923975	0.2231578947368421	0.021052631578947368	0.671578947368421	0.002105263157894737	0.002105263157894737	0.9027777777777778	0.6548879133386176	2.9722222222222223	1.5125	0.004796144367157895	4.2960959139784945e-05	0.006716791979949875	0.4147368421052632	13.083333333333334	1.5017787382370715	3.447983014861996	2.4	0.3894736842105263	0.6181648936170216	-1	-1	0.25894736842105265	0.9145340927358195	469	186	72
1-58	de	6.958904109589041	1.8011811023622046	8.377909610613742	6.866304357674471	0.26279527559055116	0.05216535433070866	0.6988188976377953	0.00984251968503937	0.014763779527559055	0.9246575342465754	0.7310661520371141	2.9246575342465753	1.6605504587155964	0.00451546640511811	5.083906695464363e-05	0.003762029746281715	0.6791338582677166	14.123287671232877	1.6220692525235234	3.447739426349052	2.3072100313479624	0.3316929133858268	0.6308615049073064	0.8050238025539822	0.839851190497428	0.1919291338582677	0.8929427579698609	998	463	146
8-37	de	6.807017543859649	1.9793814432989691	10.4214378730331	8.098893642611685	0.29381443298969073	0.055412371134020616	0.7023195876288659	0.005154639175257732	0.02190721649484536	0.868421052631579	0.6997274799929663	3.017391304347826	1.6	0.004878191052706185	4.834718997429306e-05	0.0058368708308065495	0.5451030927835051	14.756521739130434	1.7218578120344148	3.3246527777777777	2.591093117408907	0.35309278350515466	0.6282717872968966	0.7771471567215632	0.8732481447612298	0.18170103092783504	0.8950225648314637	771	389	115
6-74	de	5.9411764705882355	1.8844884488448845	8.96402251989905	7.219585827994564	0.2607260726072607	0.0627062706270627	0.7062706270627063	0.0165016501650165	0.006600660066006601	0.9019607843137255	0.7201883671883671	2.480769230769231	1.797979797979798	0.005529682122112211	7.27177035460993e-05	0.00946094609460946	0.22112211221122113	12.442307692307692	1.809613997113997	3.3630769230769233	2.2393162393162394	0.5247524752475248	0.6784803921568624	-1	-1	0.1848184818481848	0.9223216103780382	296	141	52
15-27	de	6.360294117647059	1.9236994219653178	9.590167885073104	8.100001870112209	0.3213872832369942	0.06705202312138728	0.7271676300578035	0.0011560693641618498	0.017341040462427744	0.9117647058823529	0.7443419354091863	2.9927007299270074	1.521311475409836	0.003978231406242774	5.149503813953488e-05	0.004024010671409515	1.1734104046242775	13.781021897810218	1.6647857027043373	3.3398520084566594	2.1536388140161726	0.3884393063583815	0.7166057441253281	0.773703738265471	0.8718384558906689	0.1653179190751445	0.9138291272618688	841	430	137
16-7	de	6.669491525423729	1.9072426937738247	9.516565481446388	7.671778119010186	0.3189326556543837	0.035578144853875476	0.6810673443456162	0.016518424396442185	0.008894536213468869	0.8305084745762712	0.7104691272639991	2.9915254237288136	1.555956678700361	0.004617826362388819	6.360084293193717e-05	0.004854527090867625	0.6175349428208387	13.754237288135593	1.6305609769094314	3.42370820668693	2.26890756302521	0.4027954256670902	0.6755813953488365	0.6952031850942998	0.7809292167113694	0.2096569250317662	0.907953037620818	766	382	118
12-21	de	7.6421052631578945	1.8829201101928374	9.608878352907059	8.059881212121212	0.32231404958677684	0.05096418732782369	0.7451790633608816	0.07713498622589532	0.013774104683195593	0.9263157894736842	0.743700028243207	3.0105263157894737	1.8535564853556485	0.0038620332779614325	5.612893875739645e-05	0.005706414797323889	0.8539944903581267	16.526315789473685	1.7649811830282098	3.259047619047619	2.19953596287703	0.3939393939393939	0.631977671451354	0.7588873245120127	0.7570578684844109	0.13911845730027547	0.8974249503626364	660	338	95
16-39	de	6.774193548387097	1.8892857142857142	9.345506912442396	7.997776113671275	0.3523809523809524	0.05714285714285714	0.7285714285714285	0.036904761904761905	0.011904761904761904	0.8790322580645161	0.732036788984799	3.0476190476190474	1.694915254237288	0.0043612772186904765	4.5447018536585367e-05	0.004238095238095239	0.7928571428571428	15.134920634920634	1.6772317063132336	3.1921689850592476	2.242299794661191	0.43333333333333335	0.6741160593792186	0.7391547558638393	0.8270795673033541	0.1380952380952381	0.9268290297499293	782	410	126
1-43	de	6.230769230769231	1.855379188712522	8.73347442680776	7.272692904626238	0.30158730158730157	0.031746031746031744	0.7195767195767195	0.026455026455026454	0.014109347442680775	0.8681318681318682	0.7343649251982584	2.67032967032967	1.5333333333333334	0.004127966322398589	7.786346541353383e-05	0.006485748421232292	0.6137566137566137	13.68131868131868	1.723143294434503	3.23949246629659	2.3333333333333335	0.4426807760141093	0.7066025641025633	0.48202426645946644	0.7763614681216063	0.18342151675485008	0.9187610112421478	543	266	91
5-75	de	4.85	1.6469072164948453	5.735005154639175	5.142672577319589	0.28865979381443296	0.04381443298969072	0.7422680412371134	0.03608247422680412	0.002577319587628866	0.8375	0.7481738725409611	2.234567901234568	1.6259541984732824	0.004704668736340206	5.2648160540540546e-05	0.007844016136261766	0.5412371134020618	8.975308641975309	1.5647268026897658	3.3150134048257374	2.176470588235294	0.43041237113402064	0.6807266435986149	-1	-1	0.15206185567010308	0.9004137885029881	372	185	81
9-63	de	6.1692307692307695	2.0374064837905235	10.857396508728176	8.726395633991944	0.34413965087281795	0.057356608478802994	0.7082294264339152	0.0	0.007481296758104738	0.8615384615384616	0.7257140862609611	2.6923076923076925	1.6232876712328768	0.004556544091022444	5.483160377358491e-05	0.008460990381189882	0.6134663341645885	13.384615384615385	1.650068754774637	3.326530612244898	2.331168831168831	0.4538653366583541	0.6767549668874158	-1	0.7773941469051245	0.18204488778054864	0.8968437729545223	394	212	65
13-74	de	6.416666666666667	2.0742115027829313	11.388195732838593	9.44179987631416	0.34137291280148424	0.08163265306122448	0.7328385899814471	0.027829313543599257	0.016697588126159554	0.8333333333333334	0.7471095012554968	3.1904761904761907	1.7027027027027026	0.003694535397773655	4.398314716312057e-05	0.0058132343846629565	0.44341372912801486	14.738095238095237	1.8207764399466082	3.2565320665083135	2.3333333333333335	0.5009276437847866	0.7105681818181812	0.7727341597191159	0.7919421078858413	0.150278293135436	0.9300089501984711	517	282	84
12-63	de	7.8090909090909095	1.8952270081490106	9.819224150703782	8.005767310826544	0.2828870779976717	0.06053550640279395	0.6542491268917345	0.023282887077997673	0.005820721769499418	0.9545454545454546	0.7254881438910891	3.2818181818181817	1.7402135231316727	0.004548226868644005	5.50387264781491e-05	0.005062674283239028	0.7450523864959255	16.472727272727273	1.682828462691888	3.406352683461117	2.0923076923076924	0.33993015133876603	0.6461447368421058	0.6276175238479438	0.7589921241453427	0.1839348079161816	0.8867605721308036	832	389	110
19-39	de	5.2745098039215685	2.06815365551425	10.871271958597568	10.00849655222684	0.3382899628252788	0.08550185873605948	0.7509293680297398	0.004956629491945477	0.009913258983890954	0.7843137254901961	0.6924471909669276	2.616883116883117	1.589655172413793	0.0037153924351920695	4.870353590361446e-05	0.004687247454339745	0.9033457249070632	12.415584415584416	1.7724484209873819	3.321038961038961	2.4120603015075375	0.3952912019826518	0.6995903954802248	0.8376131542836365	0.9418109611146891	0.1412639405204461	0.9035311413345027	789	415	154
7-34	de	5.253521126760563	1.9557640750670242	9.536889325227506	8.310801601027073	0.2855227882037534	0.058981233243967826	0.7064343163538874	0.012064343163538873	0.010723860589812333	0.7605633802816901	0.6901006401006399	2.423611111111111	1.5254901960784313	0.003976619424396783	5.9632645114942525e-05	0.006127920337035618	0.38337801608579086	11.756944444444445	1.7653629787812901	3.20314318975553	2.2777777777777777	0.39812332439678283	0.6659969088098938	0.8476010833500616	0.8645313957390621	0.1836461126005362	0.8956879112052943	719	348	144
13-53	de	8.43859649122807	1.8835758835758836	9.927248057774374	6.665392792792795	0.2806652806652807	0.056133056133056136	0.7193347193347194	0.05405405405405406	0.012474012474012475	0.8947368421052632	0.7433981836354956	3.508771929824561	1.6143790849673203	0.004209310203534304	4.3662598333333335e-05	0.009801009801009801	0.28274428274428276	18.07017543859649	1.9518862801751338	3.265761396702231	2.519774011299435	0.34511434511434513	0.586439790575917	-1	0.7415788786839375	0.1704781704781705	0.8508933281940035	470	240	57
18-51	de	6.014285714285714	1.9192399049881235	9.402602307431287	8.006859355276553	0.32897862232779096	0.035629453681710214	0.6900237529691211	0.010688836104513063	0.00831353919239905	0.8214285714285714	0.7030529044349567	2.7857142857142856	1.5414012738853504	0.004762391504038005	4.6077509832134293e-05	0.0046763657957244655	0.7660332541567696	13.535714285714286	1.7325481894389456	3.2253521126760565	2.3064066852367686	0.38717339667458434	0.6430282637954259	0.7822605101051937	0.9308237914599158	0.16508313539192399	0.9098059474641698	822	417	140
9-91	de	6.580645161290323	2.079656862745098	11.516402593295382	9.690933380771664	0.3394607843137255	0.07230392156862746	0.7365196078431373	0.015931372549019607	0.0196078431372549	0.8629032258064516	0.7503167843187095	2.752	1.6319444444444444	0.004148323933946078	4.2269839712918656e-05	0.004212622549019608	0.8737745098039216	15.16	1.93584743128426	3.3034120734908137	2.251497005988024	0.42034313725490197	0.6957601115760111	0.9141030648936384	0.9101832426509017	0.14460784313725492	0.9148335521516987	799	418	125
5-4	de	5.68	1.8685446009389672	8.674026291079816	6.873733558685444	0.29107981220657275	0.06338028169014084	0.715962441314554	0.0	0.009389671361502348	0.9333333333333333	0.7414319539319538	2.6266666666666665	1.5033557046979866	0.0038806047436619716	5.887562761904762e-05	0.010748702742772424	0.3403755868544601	11.946666666666667	1.6518983906592601	3.342541436464088	2.3132530120481927	0.40375586854460094	0.63737003058104	-1	0.6909538015013239	0.22769953051643194	0.8807622016683878	421	210	75
3-51	de	6.34375	1.6781609195402298	6.68636135057471	5.634180747126438	0.2791461412151067	0.034482758620689655	0.7093596059113301	0.016420361247947456	0.009852216748768473	0.90625	0.7060955710955709	2.84375	1.6296296296296295	0.004504275004597701	5.60592098245614e-05	0.005637657361795292	0.3760262725779967	12.666666666666666	1.5681934852660957	3.3146341463414632	2.1953488372093024	0.43842364532019706	0.685529411764708	0.6810529363407589	0.9286008684066748	0.17405582922824303	0.9206575229268213	595	285	96
6-18	de	5.275167785234899	2.0483460559796436	10.63779889680141	9.530366832317231	0.3333333333333333	0.0737913486005089	0.732824427480916	0.003816793893129771	0.010178117048346057	0.7919463087248322	0.7354201354201352	2.8187919463087248	1.4425675675675675	0.0032852789653944024	6.5614508478803e-05	0.004975968334746961	0.9707379134860051	12.120805369127517	1.7763726606551322	3.310810810810811	2.3593314763231197	0.38676844783715014	0.6807569141193598	0.7420828289477297	0.8546784393156478	0.15776081424936386	0.8998435528431534	764	401	149
9-102	de	5.133333333333334	1.888682745825603	8.698456400742117	7.687356413110699	0.3098330241187384	0.06679035250463822	0.6771799628942486	0.011131725417439703	0.014842300556586271	0.8	0.6936161594815435	2.533333333333333	1.6954022988505748	0.003831525935621521	4.4791676173285195e-05	0.007293199411426012	0.4749536178107607	10.980952380952381	1.5920798513655656	3.356589147286822	2.36144578313253	0.38961038961038963	0.6359090909090905	0.5478155726576488	0.8083371980569305	0.18181818181818182	0.8873430036959246	529	277	105
16-67	de	6.831932773109243	1.8228782287822878	8.584416881143603	7.347225358925858	0.33456334563345635	0.05166051660516605	0.7207872078720787	0.03198031980319803	0.013530135301353014	0.9159663865546218	0.7413637886360338	3.0082644628099175	1.8120300751879699	0.004091319485731858	5.6350004834605604e-05	0.004794537741295781	0.8351783517835178	14.057851239669422	1.5910261185905328	3.3577235772357725	2.2992125984251968	0.39114391143911437	0.6530952380952377	0.5785552522783267	0.709431160478497	0.18081180811808117	0.9036382228841432	779	393	121
16-152	de	7.192771084337349	1.7537688442211055	7.9096530847006115	6.299825630158828	0.2797319932998325	0.04690117252931323	0.6934673366834171	0.0016750418760469012	0.006700167504187605	0.963855421686747	0.7220545545240666	3.3012048192771086	1.5490196078431373	0.0042229652018425465	7.141115000000001e-05	0.006638128916185868	0.4539363484087102	13.975903614457831	1.5891443209125702	3.466838931955211	2.118181818181818	0.38358458961474035	0.6626907630522096	0.767283046501814	0.9246760295669824	0.20770519262981574	0.8975100761348644	579	254	83
12-164	de	5.849557522123894	2.0211800302571863	10.541251790663122	9.12493709182922	0.31921331316187596	0.059001512859304085	0.6959152798789713	0.018154311649016642	0.01059001512859304	0.8053097345132744	0.6509424974826762	2.672566371681416	1.682608695652174	0.00459961668623298	5.0958793235294116e-05	0.005128962030921368	0.983358547655068	12.628318584070797	1.7104307537839964	3.382978723404255	2.3517786561264824	0.3903177004538578	0.6788967971530252	0.582961278621481	0.760311737060859	0.19213313161875945	0.8946619336872528	648	340	113
23-10	de	8.587301587301587	1.855822550831793	9.657753718862775	7.938985365138045	0.2975970425138632	0.07578558225508318	0.6321626617375231	0.005545286506469501	0.0073937153419593345	0.9523809523809523	0.6402588674766092	3.4761904761904763	1.839080459770115	0.005307946437153419	3.996465277777778e-05	0.007789807235278585	0.5489833641404805	17.50793650793651	1.6963294576408243	3.3221415607985483	2.2301587301587302	0.3585951940850277	0.5854524886877838	0.38662677163485243	0.7550355692826762	0.16820702402957485	0.8788994898836618	537	252	63
17-77	de	6.566666666666666	1.6446700507614214	6.378106598984772	4.58988829103215	0.28553299492385786	0.030456852791878174	0.6751269035532995	0.007614213197969543	0.013959390862944163	0.8833333333333333	0.7346770409795619	2.825	1.577319587628866	0.0053491034035533	5.0582837119113575e-05	0.005564232721593128	0.6548223350253807	12.908333333333333	1.5522701525197655	3.4175753688261707	2.318007662835249	0.3134517766497462	0.5941799709724223	0.6680108162905588	0.7376278807144971	0.17893401015228427	0.8741044581386925	782	361	120
16-174	de	7.782258064516129	1.8580310880829016	9.36984748453953	6.880359351495905	0.30984455958549223	0.049740932642487044	0.7025906735751295	0.014507772020725389	0.013471502590673576	0.9112903225806451	0.708815033275125	3.384	1.5856697819314642	0.00472025740031088	6.800291503579952e-05	0.0039258668792347545	0.755440414507772	15.36	1.6221456236573883	3.436685773840542	2.3373493975903616	0.36476683937823834	0.640323325635106	0.7142860956338363	0.8493735062898283	0.15854922279792746	0.9070189847652679	916	419	125
18-47	de	6.520325203252033	1.9389027431421446	9.8319791983456	7.851956478721895	0.3029925187032419	0.034912718204488775	0.6770573566084788	0.003740648379052369	0.00997506234413965	0.8617886178861789	0.6909528995594572	3.016260162601626	1.5547945205479452	0.005833022594763093	5.626226902173913e-05	0.004959192926773974	0.8403990024937655	13.682926829268293	1.6478703658581708	3.426180514046623	2.515463917525773	0.3341645885286783	0.6225462304409665	0.7877801441587321	0.8027065282666545	0.19201995012468828	0.8872162205434774	787	368	123
5-71	de	6.177570093457944	2.0393343419062027	10.883397570941792	8.372216497235852	0.2934947049924357	0.07413010590015129	0.6928895612708018	0.009077155824508321	0.0030257186081694403	0.8411214953271028	0.6982740268117625	2.691588785046729	1.6940639269406392	0.004634985158698941	6.125069135446685e-05	0.005517486873720744	0.5537065052950075	13.177570093457945	1.6121955987118308	3.4177840508115738	2.308	0.4084720121028744	0.6814768683274033	0.7933307642141368	0.9602044099725334	0.18456883509833585	0.9049428821034933	656	347	107
16-219	de	7.548076923076923	1.913375796178344	9.931584394904462	8.459802792748652	0.31719745222929935	0.05605095541401274	0.6980891719745222	0.03949044585987261	0.02165605095541401	0.8942307692307693	0.7048251820096478	3.4711538461538463	1.6742424242424243	0.0036846485733757965	6.62174598265896e-05	0.0047104132721078355	0.6929936305732484	15.971153846153847	1.6143517584150449	3.4757048590281943	2.212121212121212	0.378343949044586	0.6517055393586024	0.8696574082651995	0.9325531492130634	0.18853503184713377	0.8919850114324503	723	346	104
6-83	de	7.068376068376068	1.694074969770254	7.156751309955666	6.039661982864644	0.2974607013301088	0.041112454655380895	0.6674727932285369	0.032648125755743655	0.016928657799274487	0.8803418803418803	0.7486647697684445	2.958677685950413	1.6690140845070423	0.004365665525113664	5.2931404521276595e-05	0.003959503995068402	1.064087061668682	13.925619834710744	1.599314896254706	3.356294536817102	2.212574850299401	0.3857315598548972	0.6646428571428583	0.6269422151074563	0.7934554390671921	0.17049576783555018	0.9103771898826146	797	376	121
16-162	de	6.294117647058823	1.7345794392523364	7.33274326553051	6.0618250687190764	0.297196261682243	0.05420560747663551	0.6878504672897197	0.001869158878504673	0.011214953271028037	0.9058823529411765	0.7005383340204768	2.988235294117647	1.5257731958762886	0.00501051104542056	5.200611803278689e-05	0.006287170773152082	0.6130841121495327	12.541176470588235	1.597588921226692	3.4571966133584198	2.32	0.39626168224299063	0.6489678899082565	0.8098657073705783	0.9348018442910526	0.17009345794392525	0.901523630803009	525	244	85
14-27	de	7.0	1.897597977243995	9.531656131479142	7.554641466498104	0.30467762326169406	0.04298356510745891	0.718078381795196	0.020227560050568902	0.02402022756005057	0.9557522123893806	0.7357431037529718	2.893805309734513	1.6705426356589148	0.0039387469162801515	7.593385123287671e-05	0.005829470431240343	0.6624525916561315	13.991150442477876	1.7001624972863911	3.5671736375158427	2.3821656050955413	0.3691529709228824	0.6872254335260117	0.6622539785279054	0.8550890273063679	0.19216182048040456	0.8911164138873305	763	365	113
12-79	de	6.971014492753623	2.0748440748440746	11.611855735333997	9.070886263521047	0.30353430353430355	0.0498960498960499	0.6611226611226612	0.02494802494802495	0.016632016632016633	0.8115942028985508	0.7384693293538449	3.1594202898550723	1.7321428571428572	0.004938307276091476	4.999836476190477e-05	0.008066528066528066	0.4490644490644491	15.91304347826087	1.8028192633657703	3.374548736462094	2.3004484304932737	0.3991683991683992	0.6396335078534024	-1	0.9119246824764928	0.18503118503118504	0.8968943523290709	468	210	69
6-59	de	6.297297297297297	1.667381974248927	6.5410532420832865	4.363530425704675	0.24678111587982832	0.027896995708154508	0.7124463519313304	0.008583690987124463	0.0	0.918918918918919	0.6781404757835056	2.7027027027027026	1.5987261146496816	0.004840032721459228	6.550544170616114e-05	0.007464079119238663	0.351931330472103	11.85135135135135	1.4991308280781965	3.453932584269663	2.3407407407407406	0.3948497854077253	0.6320435967302452	-1	1.0140701795141969	0.20600858369098712	0.896098219719035	462	211	74
19-98	de	5.311688311688312	2.0232273838630808	10.355641571142794	9.06312651065316	0.3312958435207824	0.05745721271393643	0.7286063569682152	0.007334963325183374	0.007334963325183374	0.7597402597402597	0.7123570601511776	2.532051282051282	1.562937062937063	0.0041376925864303185	5.5564798181818185e-05	0.005001111358079573	0.9009779951100244	11.506410256410257	1.7002239208545769	3.4563905650027427	2.2892561983471076	0.3960880195599022	0.6885813630041727	0.6629967597382513	0.7659211705357709	0.19315403422982885	0.8990427474629809	809	440	156
23-42	de	7.114583333333333	2.0292825768667644	11.13022190702782	9.034924365544168	0.3074670571010249	0.06734992679355783	0.657393850658858	0.005856515373352855	0.007320644216691069	0.9270833333333334	0.6729027955188945	3.1145833333333335	1.7639484978540771	0.005573841326253295	4.476421296296296e-05	0.006209925783813803	0.46412884333821375	15.614583333333334	1.7775050760320692	3.329325317301269	2.3206106870229006	0.4084919472913616	0.6368835616438354	0.731275837180425	0.853164595226598	0.15666178623718888	0.9121663232694057	666	324	96
9-53	de	7.131147540983607	1.896551724137931	9.570457885811194	7.196983041266252	0.2827586206896552	0.04827586206896552	0.6597701149425287	0.0022988505747126436	0.02528735632183908	0.9180327868852459	0.7316706441706441	2.838709677419355	1.6533333333333333	0.004348194937931035	5.227333689839572e-05	0.009085933223864258	0.3333333333333333	14.96774193548387	1.6737772399100173	3.4049409237379162	2.3693181818181817	0.42758620689655175	0.6601785714285698	-1	-1	0.17471264367816092	0.9087156354946135	430	187	62
22-33	de	5.744827586206896	2.2388955582232892	13.069450345655504	10.899604800264934	0.34093637454981995	0.07923169267707082	0.7394957983193278	0.009603841536614645	0.009603841536614645	0.7793103448275862	0.6853574161631756	2.613793103448276	1.560655737704918	0.0035242702525810324	6.173410134529148e-05	0.00414711339081087	1.2773109243697478	13.544827586206896	1.8247787647923763	3.312063808574277	2.3445378151260505	0.4141656662665066	0.7223705722070842	0.7500115511241425	0.8535113511089684	0.15606242496998798	0.9044531834909475	813	446	145
21-186	de	7.633333333333334	1.7161572052401746	7.63765502183406	5.099393770014556	0.22489082969432314	0.05240174672489083	0.6550218340611353	0.008733624454148471	0.004366812227074236	0.95	0.7122933662630363	2.8833333333333333	1.876923076923077	0.004549232581441048	8.79381842639594e-05	0.012092710782667113	0.1222707423580786	13.866666666666667	1.5578430365930367	3.532766990291262	2.122448979591837	0.3624454148471616	0.5681337047353767	-1	-1	0.20087336244541484	0.8790860882154149	455	197	60
14-23	de	4.761904761904762	2.154	11.684342857142859	9.500270476190478	0.316	0.066	0.71	0.004	0.01	0.7142857142857143	0.6890425013021163	2.1121495327102804	1.680232558139535	0.004493905665	6.366205873015873e-05	0.006761904761904762	0.272	10.728971962616823	1.7566153602368555	3.3740392826643895	2.4832826747720365	0.478	0.6975062344139649	-1	0.9877951236216806	0.19	0.9234127779001076	479	252	107
22-32	de	6.4855072463768115	2.0156424581005585	10.72392883167355	8.98298575014169	0.3005586592178771	0.06480446927374302	0.7486033519553073	0.0111731843575419	0.013407821229050279	0.855072463768116	0.746215240558306	2.8785714285714286	1.6588628762541806	0.0041183717788826815	7.63400611738149e-05	0.004767225325884543	0.888268156424581	13.657142857142857	1.5886644083777541	3.492972410203019	2.251870324189526	0.35083798882681566	0.6977638190954779	0.7861133773995688	0.8591344276626893	0.16312849162011173	0.8902745389327379	880	443	140
6-24	de	6.444444444444445	1.6238244514106583	6.084461859979104	4.454423336816442	0.23197492163009403	0.03918495297805643	0.7100313479623824	0.018808777429467086	0.01567398119122257	0.8585858585858586	0.6787356209550086	2.595959595959596	1.631336405529954	0.004270008294043887	8.246241407407407e-05	0.005276907001044932	0.5203761755485894	12.04040404040404	1.5552294935539142	3.4331103678929766	2.3443983402489628	0.3871473354231975	0.6633395176252308	0.571184959606246	0.6951069577989375	0.18181818181818182	0.9054166047760929	618	270	99
24-106	de	6.232142857142857	1.9484240687679084	9.831939725747034	7.025037208350387	0.3237822349570201	0.03724928366762178	0.6962750716332379	0.02865329512893983	0.0057306590257879654	0.9285714285714286	0.688944589278814	3.142857142857143	1.5416666666666667	0.004364312197994269	5.05771255952381e-05	0.008764537333558064	0.24355300859598855	12.839285714285714	1.5636862533601665	3.4511691884456672	2.206896551724138	0.5530085959885387	0.7266800000000007	-1	-1	0.17765042979942694	0.9469290345176643	338	168	56
20-56	de	5.958762886597938	1.9930795847750864	10.25225662611922	9.333606192701458	0.35294117647058826	0.07785467128027682	0.7629757785467128	0.06401384083044982	0.005190311418685121	0.7938144329896907	0.6636102991887021	2.783505154639175	1.6028708133971292	0.0032141982467128027	5.39925068627451e-05	0.0053031442756130585	1.193771626297578	14.24742268041237	1.735989599717218	3.106816584680253	2.239401496259352	0.47231833910034604	0.7325260960334017	0.5315671042905218	0.8318236104571658	0.11418685121107267	0.9033645700968855	535	306	97
17-16	de	6.535433070866142	1.891566265060241	9.279300825348638	7.808302722701832	0.2783132530120482	0.04819277108433735	0.6746987951807228	0.0036144578313253013	0.014457831325301205	0.8346456692913385	0.7174919289998655	2.8346456692913384	1.6457564575645756	0.004298180445421687	6.287692165775401e-05	0.005199746353836398	0.6927710843373494	14.181102362204724	1.8609041403916213	3.351575456053068	2.3320158102766797	0.3325301204819277	0.6450889192886466	0.677637716043412	0.8248445478985217	0.19036144578313252	0.8820933552521188	825	374	127
5-88	de	6.915966386554622	1.7776427703523694	8.083411580914262	6.820073759661824	0.28797083839611176	0.05710814094775213	0.7120291616038882	0.030376670716889428	0.015795868772782502	0.9495798319327731	0.7152124247295968	3.168067226890756	1.5851063829787233	0.004276359332928311	6.655610545454546e-05	0.004050222762251924	0.905224787363305	13.873949579831933	1.5458583200179838	3.417675544794189	2.1121212121212123	0.4155528554070474	0.6885220994475132	0.8656591277599263	0.9000943427905465	0.17375455650060753	0.9247617184105901	794	385	119
10-92	de	6.380952380952381	1.8507462686567164	8.737377398720685	7.149038095238096	0.3049040511727079	0.07569296375266525	0.6908315565031983	0.021321961620469083	0.014925373134328358	0.8231292517006803	0.6985186121856994	2.8503401360544216	1.7428571428571429	0.004322420067142858	5.758696369863014e-05	0.004548685145700071	0.7697228144989339	12.789115646258503	1.702527075321193	3.4182389937106916	2.2590529247910864	0.3699360341151386	0.6838498212157335	0.5345905214456046	0.6839216048552968	0.1673773987206823	0.9017756536407179	900	438	147
9-97	de	6.774774774774775	1.9428191489361701	9.97742811960897	8.247104044470003	0.3178191489361702	0.061170212765957445	0.6662234042553191	0.006648936170212766	0.009308510638297872	0.8738738738738738	0.6881587500437764	3.045045045045045	1.5863309352517985	0.0045115721375	6.207214316353888e-05	0.00503419452887538	0.9162234042553191	14.387387387387387	1.6393273945905524	3.3992514036182158	2.3019607843137253	0.3816489361702128	0.6792343032159271	0.5698103779464918	0.7426403803770673	0.1848404255319149	0.9029868646135565	744	373	111
5-82	de	6.037037037037037	1.6196319018404908	5.876100886162238	4.037725925925926	0.2392638036809816	0.03067484662576687	0.6912065439672802	0.014314928425357873	0.014314928425357873	0.9382716049382716	0.7043294552669552	2.765432098765432	1.6164383561643836	0.005391230616973415	7.602180967741935e-05	0.008384458077709612	0.34151329243353784	11.098765432098766	1.435685439389143	3.5218365061590147	2.338888888888889	0.4130879345603272	0.6374102564102565	-1	0.8379675946663779	0.18404907975460122	0.8944751245496466	479	217	81
21-318	de	6.32258064516129	1.8537414965986394	8.749956111476848	6.406098068904981	0.2976190476190476	0.04591836734693878	0.7091836734693877	0.015306122448979591	0.015306122448979591	0.9139784946236559	0.7576961685657331	2.956989247311828	1.5707317073170732	0.0046915866085034015	6.778768657243816e-05	0.005336617405582922	0.3877551020408163	13.0	1.5917620304005504	3.3652102225886233	2.1911764705882355	0.4523809523809524	0.6608384458077704	0.9177779823262172	1.0034010291788606	0.17006802721088435	0.9312806350587742	576	283	93
16-26	de	4.339622641509434	2.0391304347826087	10.164191960623462	8.596237079573422	0.41304347826086957	0.013043478260869565	0.7521739130434782	0.034782608695652174	0.0	0.6981132075471698	0.6951333388833388	2.056603773584906	1.446808510638298	0.002336454645652174	0.000123373143697479	0.02267080745341615	0.3217391304347826	8.49056603773585	1.7026691338012094	3.6847826086956523	2.2685185185185186	0.4391304347826087	0.5604580152671758	-1	-1	0.16521739130434782	0.8267716296255201	217	119	53
21-331	de	7.103448275862069	1.7055016181229774	7.305263921437341	5.180075192500837	0.2621359223300971	0.02912621359223301	0.6990291262135923	0.01779935275080906	0.025889967637540454	0.9425287356321839	0.6992961021346791	2.9655172413793105	1.5888324873096447	0.004804914932686084	5.9400693406593416e-05	0.007343788897186955	0.3883495145631068	13.850574712643677	1.5222996068011059	3.331946755407654	2.142857142857143	0.35436893203883496	0.6123892100192674	0.5514409672602082	0.7131636394273109	0.20550161812297735	0.8822149519721392	604	273	87
5-43	de	5.833333333333333	1.8906832298136647	8.995062111801243	8.1689917184265	0.3279503105590062	0.0546583850931677	0.715527950310559	0.017391304347826087	0.011180124223602485	0.8623188405797102	0.7234947736772551	2.6449275362318843	1.5392491467576792	0.004337165292795031	5.3624965721649486e-05	0.00484472049689441	0.8186335403726708	12.63768115942029	1.5484654287571906	3.317741015402168	2.143507972665148	0.41987577639751555	0.6947167138810192	0.7870654528208662	0.8561373106346644	0.16770186335403728	0.9242381146694565	760	388	138
6-33	de	6.376923076923077	1.9589867310012063	10.013043425814235	8.080328896724506	0.30156815440289503	0.047044632086851626	0.7117008443908324	0.022919179734620022	0.018094089264173704	0.8538461538461538	0.7172349348477939	2.7293233082706765	1.6236162361623616	0.0036921350849215924	4.906215794871795e-05	0.0044042976968608856	0.638118214716526	13.586466165413533	1.731674635443889	3.3843222645617854	2.4066852367688023	0.3968636911942099	0.6929999999999978	0.6585565299466287	0.8262587807587571	0.18938480096501809	0.9078054293716445	803	390	133
18-66	de	6.917525773195877	1.931445603576751	9.898893173752057	8.778808520902793	0.3204172876304024	0.037257824143070044	0.676602086438152	0.0	0.004470938897168405	0.8556701030927835	0.702451599326599	3.195876288659794	1.6153846153846154	0.004508033534873323	4.177704153846154e-05	0.0058548009367681494	1.0312965722801788	15.515463917525773	1.7054526773341208	3.2711753118844387	2.340659340659341	0.3561847988077496	0.6501048951048968	0.5092323029979494	0.6304918235157074	0.17585692995529062	0.8785542793562897	653	325	97
16-158	de	6.4714285714285715	1.8476821192052981	8.736506149479663	7.159164137496058	0.2792494481236203	0.05187637969094923	0.6865342163355408	0.019867549668874173	0.009933774834437087	0.8	0.7015762531994852	2.8865248226950353	1.7363013698630136	0.004592827773951435	6.36378848192771e-05	0.00459060806742926	0.8432671081677704	13.290780141843971	1.753586908348068	3.3558963511369644	2.3068181818181817	0.3432671081677704	0.6670879801734835	0.7123011627482716	0.8310958801541033	0.17439293598233996	0.8893570772679317	871	415	141
22-51	de	5.270588235294118	2.0	10.065529411764707	8.036889674369748	0.27901785714285715	0.05580357142857143	0.7299107142857143	0.014508928571428572	0.017857142857142856	0.7235294117647059	0.6498334505730957	2.461988304093567	1.555205047318612	0.0046640229484375	8.501711014492754e-05	0.0037809766763848398	0.9084821428571429	10.590643274853802	1.603750135122684	3.569264069264069	2.322289156626506	0.390625	0.6824592220828117	0.69576409855719	0.7911116178396925	0.19419642857142858	0.9162933496771977	881	414	171
23-73	de	6.0246913580246915	2.209016393442623	12.826023072252582	10.849623477028942	0.3729508196721312	0.06967213114754098	0.7520491803278688	0.010245901639344262	0.00819672131147541	0.8518518518518519	0.7166804029304028	2.6707317073170733	1.6686746987951808	0.0037136829401650164	4.970132490421456e-05	0.005507172131147541	0.38729508196721313	13.463414634146341	1.955729829313043	3.5147190008920606	2.2638297872340427	0.555327868852459	0.7102313624678658	-1	1.0422316395475255	0.1721311475409836	0.946686825360732	476	261	82
21-326	de	4.355828220858895	2.102816901408451	10.922012442754692	9.522224055992398	0.3732394366197183	0.08591549295774648	0.7535211267605634	0.022535211267605635	0.011267605633802818	0.6687116564417178	0.706118572785239	2.097560975609756	1.6486486486486487	0.0035981613788732395	4.7935318000000004e-05	0.005010834236186349	1.2577464788732395	10.621951219512194	1.7458726740738935	3.153671030165054	2.371739130434783	0.4098591549295775	0.7038952536824878	0.7720566978280395	0.820366319626395	0.12535211267605634	0.8876160331135095	681	400	164
21-75	de	6.626984126984127	1.9461077844311376	9.958595665811234	8.598708392738335	0.32934131736526945	0.04910179640718563	0.6958083832335329	0.03473053892215569	0.00718562874251497	0.8571428571428571	0.7316399574281925	2.9682539682539684	1.6347517730496455	0.004092851015568862	4.46040173126615e-05	0.004733390362132877	0.859880239520958	15.30952380952381	1.7597339582296379	3.175921120913337	2.2017738359201773	0.37964071856287424	0.6817663043478265	0.5831518628653168	0.7324120860847432	0.15209580838323353	0.9097261908190727	789	387	126
9-35	de	6.416666666666667	1.75	7.5625000000000036	6.380312554112555	0.23917748917748918	0.045454545454545456	0.6937229437229437	0.00974025974025974	0.020562770562770564	0.8819444444444444	0.7059040706767977	2.6527777777777777	1.6805555555555556	0.004950701103787879	7.235179068010075e-05	0.004592254592254592	0.4989177489177489	12.375	1.5289068600746232	3.5341229554427525	2.2061068702290076	0.341991341991342	0.6387878787878771	0.6579104763316299	0.7962552142924777	0.19696969696969696	0.8990565910442209	916	397	144
16-4	de	5.408	2.21301775147929	12.632729467455626	10.870711682840238	0.3683431952662722	0.06804733727810651	0.735207100591716	0.010355029585798817	0.0073964497041420114	0.768	0.7028638700009668	2.634920634920635	1.5192307692307692	0.0038825038323964498	4.429821784776903e-05	0.004816292830604101	1.047337278106509	13.126984126984127	1.9015770202081568	3.255759007678677	2.4078212290502794	0.46745562130177515	0.7291854419410743	0.8711825303330194	0.9138142811228626	0.1760355029585799	0.9243222085422387	657	381	126
23-29	de	4.359281437125748	2.1744505494505493	11.768636243995523	10.031783944199514	0.36813186813186816	0.04532967032967033	0.7568681318681318	0.046703296703296704	0.01098901098901099	0.688622754491018	0.785618447817243	2.2754491017964074	1.4565217391304348	0.0032827866868131864	5.2266785e-05	0.0047831632653061226	1.5728021978021978	10.269461077844312	1.785311877078344	3.155480984340045	2.2146341463414636	0.39285714285714285	0.7222416534181236	0.5309556900252934	0.65016200046403	0.13598901098901098	0.8800852474557276	688	400	167
16-225	de	6.291666666666667	1.9735099337748345	10.151167218543048	9.657844150110375	0.33774834437086093	0.0695364238410596	0.6837748344370861	0.013245033112582781	0.011589403973509934	0.8645833333333334	0.6914203217527314	2.8333333333333335	1.7725118483412323	0.004339174349834438	6.310219118644068e-05	0.0056036678553234845	0.4519867549668874	13.28125	1.7794880968364424	3.5343629343629344	2.4926470588235294	0.42218543046357615	0.6312475247524754	1.0658874318945133	1.1486509862358014	0.15894039735099338	0.9051374683864322	580	295	96
21-315	de	6.69281045751634	1.6875	6.932696078431373	5.147407049121732	0.2900390625	0.0380859375	0.697265625	0.0390625	0.0166015625	0.9150326797385621	0.732009519604741	2.934640522875817	1.6596385542168675	0.004530806908882617	7.350200997782705e-05	0.004267153532608696	0.6708984375	12.92156862745098	1.616752459530167	3.422613065326633	2.2541966426858515	0.3720703125	0.6879675675675682	0.83402013988506	0.9799415463705059	0.1865234375	0.9098766829813458	976	451	153
6-81	de	6.37719298245614	1.8019257221458047	8.159828784478389	7.706204768454837	0.33700137551581844	0.048143053645116916	0.6781292984869326	0.02888583218707015	0.0	0.8421052631578947	0.7098470576216539	2.8521739130434782	1.5931558935361216	0.004408508068500687	5.34189613372093e-05	0.0054727969797184585	0.8679504814305364	13.704347826086957	1.6077443417024788	3.25993690851735	2.217983651226158	0.3535075653370014	0.6281210191082799	0.5587734113789212	0.8780894879425838	0.14580467675378267	0.8752442091534617	695	344	115
5-80	de	5.575221238938053	2.007936507936508	10.277987076836638	7.254780165753619	0.31587301587301586	0.06507936507936508	0.7047619047619048	0.0015873015873015873	0.011111111111111112	0.8230088495575221	0.7406744792905504	2.566371681415929	1.6772727272727272	0.004670409366031746	5.130551146496815e-05	0.006560846560846561	0.4492063492063492	12.017699115044248	1.7172272880107342	3.2554112554112553	2.4166666666666665	0.4031746031746032	0.6578907721280605	0.9353844795677518	0.975511412828248	0.16984126984126985	0.9107817078541082	626	314	113
17-4	de	6.762295081967213	1.8412121212121213	8.773598112270246	7.689801192250373	0.3115151515151515	0.06060606060606061	0.7187878787878788	0.0	0.008484848484848486	0.8688524590163934	0.7344259168863212	3.0491803278688523	1.5421245421245422	0.003909039284242424	5.993265e-05	0.004525252525252525	0.9442424242424242	14.450819672131148	1.6277760270105979	3.381675098369871	2.2401315789473686	0.3903030303030303	0.6844214876033077	0.8165727446151436	0.8896449545873716	0.20363636363636364	0.9045170210898245	814	430	122
9-112	de	7.116666666666666	1.8056206088992974	8.491823185011711	7.673407837626854	0.2997658079625293	0.06557377049180328	0.6885245901639344	0.02576112412177986	0.01405152224824356	0.95	0.7060266945860167	3.081967213114754	1.6643356643356644	0.003917445846838407	4.455500780487805e-05	0.007433051624070868	0.3747072599531616	15.032786885245901	1.6338031249795955	3.2702991452991452	2.368131868131868	0.5011709601873536	0.7066768292682928	-1	0.9308659972568969	0.1873536299765808	0.9375208023912996	413	205	61
4-11	de	5.64367816091954	1.804480651731161	7.903906173186321	6.952818507854016	0.28716904276985744	0.05702647657841141	0.7209775967413442	0.03054989816700611	0.006109979633401222	0.8160919540229885	0.7058357340334086	2.3258426966292136	1.6764705882352942	0.004022610524032587	5.360779297520661e-05	0.006449422946367956	0.3340122199592668	11.584269662921349	1.7191120677075733	3.2914285714285714	2.073298429319372	0.48676171079429736	0.6754591836734687	-1	0.9309573230617231	0.1934826883910387	0.9345886163869799	474	242	89
24-104	de	7.095238095238095	1.8389261744966443	8.876471716203262	6.8575989773090456	0.27181208053691275	0.030201342281879196	0.6778523489932886	0.010067114093959731	0.003355704697986577	0.9761904761904762	0.6638313262831878	3.2142857142857144	1.5714285714285714	0.005445344870469799	9.42218220472441e-05	0.01109963861641714	0.18120805369127516	12.761904761904763	1.386566593631811	3.7570093457943927	2.169811320754717	0.5033557046979866	0.670251256281407	-1	-1	0.174496644295302	0.9311901927005414	289	127	42
23-34	de	6.728155339805825	2.0202020202020203	10.872364420908113	8.959644542512503	0.29004329004329005	0.05339105339105339	0.6652236652236653	0.008658008658008658	0.015873015873015872	0.8058252427184466	0.6812121685824107	3.0	1.6842105263157894	0.004736469807647908	9.400709563953489e-05	0.005731922398589066	0.6464646464646465	13.941747572815533	1.7115445684797033	3.5767377838953887	2.445887445887446	0.36507936507936506	0.6521885521885529	0.7812630505027668	0.8848299459966092	0.20346320346320346	0.8833028290139296	683	344	103
16-211	de	7.032786885245901	1.951048951048951	10.175164507623524	8.425427421758569	0.3531468531468531	0.06643356643356643	0.7074592074592074	0.04428904428904429	0.015151515151515152	0.8278688524590164	0.7063256424340526	3.129032258064516	1.7937062937062938	0.003679008538578089	6.6876987e-05	0.004621814966642553	1.0256410256410255	14.596774193548388	1.7341952943458732	3.3433637829124128	2.1621052631578945	0.3298368298368298	0.6213306982872193	0.6208414510420366	0.7681505998789745	0.11188811188811189	0.8610674833592652	801	400	124
9-58	de	6.745098039215686	2.0174418604651163	10.846402188782495	8.617460624715003	0.2936046511627907	0.02616279069767442	0.6656976744186046	0.0029069767441860465	0.020348837209302327	0.9607843137254902	0.7571845980816567	2.6862745098039214	1.6440677966101696	0.005178447774127907	6.755854638554216e-05	0.013263081395348836	0.26453488372093026	14.196078431372548	1.9696563727523482	3.4433701657458564	2.316326530612245	0.4186046511627907	0.5840000000000004	-1	-1	0.18895348837209303	0.8845460443681445	342	166	51
21-16	de	6.438356164383562	2.0382978723404257	10.972873797726614	9.038386767706209	0.32978723404255317	0.059574468085106386	0.7170212765957447	0.023404255319148935	0.006382978723404255	0.863013698630137	0.6940089594501359	2.7945205479452055	1.5485714285714285	0.003530491869574468	5.16256859030837e-05	0.00764381402679275	0.4106382978723404	13.945205479452055	1.7913225860688322	3.4575289575289574	2.0696517412935322	0.4787234042553192	0.7011590296495955	-1	0.8202102813706786	0.1595744680851064	0.9148184986530007	455	227	73
14-9	de	6.276422764227642	2.0259067357512954	10.76350435991407	9.159612186696997	0.3329015544041451	0.07383419689119171	0.6787564766839378	0.007772020725388601	0.009067357512953367	0.8373983739837398	0.747318573957918	2.813008130081301	1.6859205776173285	0.005043853827849741	3.617570554156171e-05	0.004022361603490592	1.560880829015544	14.585365853658537	1.8912775695907056	3.1835829173599555	2.161512027491409	0.39248704663212436	0.6855423476968784	0.6722124416268358	0.8274703882861768	0.15803108808290156	0.9095046229163373	761	397	123
14-53	de	7.166666666666667	1.9612403100775193	10.34763565891473	8.16996434108527	0.27906976744186046	0.07596899224806201	0.6821705426356589	0.0015503875968992248	0.034108527131782945	0.9444444444444444	0.6776823987498145	3.2	1.7904761904761906	0.005153996932558139	5.202455171232877e-05	0.006060606060606061	0.6914728682170542	15.411111111111111	1.6634076671331572	3.4299065420560746	2.4016064257028114	0.351937984496124	0.6371978021978019	0.5326175767621195	0.7254927435040086	0.16279069767441862	0.882658552515372	633	292	90
6-82	de	7.157894736842105	2.0183823529411766	11.018490712074307	8.548662745098039	0.3480392156862745	0.049019607843137254	0.6936274509803921	0.01715686274509804	0.00980392156862745	0.7982456140350878	0.7047006096575944	3.226086956521739	1.6526315789473685	0.004504617502450981	6.201425214105793e-05	0.0041303558460421205	1.1593137254901962	16.243478260869566	1.816874896390309	3.1966173361522197	2.2790055248618786	0.39950980392156865	0.6372384937238492	0.6759447841836131	0.7373825269356393	0.14950980392156862	0.9151941623453581	787	397	115
18-70	de	8.041666666666666	1.6839378238341969	7.416716321243523	5.700482037996546	0.24006908462867013	0.03626943005181347	0.687392055267703	0.012089810017271158	0.008635578583765112	0.9305555555555556	0.6957575910525808	3.0972222222222223	1.7118644067796611	0.005063769820725388	5.8543818897637795e-05	0.005738481252437462	0.5284974093264249	15.541666666666666	1.565321036112487	3.4802867383512543	2.2024539877300615	0.385146804835924	0.6522708333333338	0.5608835890357567	0.8979631528275414	0.19343696027633853	0.9024581202418109	570	254	72
14-30	de	6.99009900990099	1.8626062322946175	9.114892154937877	7.3099910133789585	0.311614730878187	0.056657223796033995	0.7067988668555241	0.0113314447592068	0.015580736543909348	0.8811881188118812	0.7390182981269936	3.00990099009901	1.5587044534412955	0.004215027044759207	8.776458079268293e-05	0.0057805681035142786	0.7478753541076487	13.396039603960396	1.4836701975496258	3.5695364238410594	2.3620071684587813	0.3951841359773371	0.6731301482701832	0.7138228373075853	0.8374030450310366	0.17847025495750707	0.9020774034002017	687	328	101
19-52	de	7.149253731343284	1.6910229645093946	7.152279936434738	5.556910547471411	0.21920668058455114	0.04801670146137787	0.7578288100208769	0.008350730688935281	0.018789144050104383	0.8805970149253731	0.730291670599157	3.1044776119402986	1.5031446540880504	0.0035500675010626303	6.737805052631579e-05	0.006482804087462915	0.21920668058455114	13.716417910447761	1.5792881858474945	3.4882478632478633	2.2777777777777777	0.42588726513569936	0.6838684210526298	-1	-1	0.2150313152400835	0.9171264109316308	472	190	67
21-74	de	6.91044776119403	1.8466522678185746	8.895571387124853	6.049692524418942	0.28293736501079914	0.02591792656587473	0.6414686825053996	0.023758099352051837	0.0021598272138228943	0.9253731343283582	0.6693534159443251	3.014925373134328	1.6242424242424243	0.004808370033693304	5.1929875531914896e-05	0.00710943124550036	0.39740820734341253	13.82089552238806	1.7354876052637247	3.3801295896328294	2.1458333333333335	0.41252699784017277	0.6423351648351636	-1	-1	0.20950323974082075	0.9110546165372616	453	188	67
19-89	de	5.239130434782608	2.091286307053942	11.130439292801732	9.993541391544891	0.3360995850622407	0.059474412171507604	0.7524204702627939	0.0013831258644536654	0.006915629322268326	0.7608695652173914	0.716409786482779	2.4539007092198584	1.4372759856630823	0.004157665614522822	5.0326280758807586e-05	0.005121303876490599	0.7026279391424619	11.304964539007091	1.7700663993217183	3.3584679832435667	2.614705882352941	0.43983402489626555	0.7261538461538469	0.76498926673012	0.8772243878970655	0.17012448132780084	0.9272250854489748	702	369	141
21-327	de	5.487179487179487	2.0934579439252334	11.252803738317755	9.08278351306015	0.308411214953271	0.06074766355140187	0.7429906542056075	0.02336448598130841	0.004672897196261682	0.8461538461538461	0.7225146066055156	2.6202531645569622	1.5194805194805194	0.004391354890479439	5.239287818181818e-05	0.007301401869158878	0.4742990654205608	12.962025316455696	1.8506959074680593	3.3512993262752646	2.6026785714285716	0.5163551401869159	0.7281458966565344	-1	0.8154725717717083	0.15654205607476634	0.9252460508055842	413	220	79
6-53	de	7.0	1.7688311688311689	8.012207792207793	6.357244155844158	0.2805194805194805	0.03896103896103896	0.6363636363636364	0.005194805194805195	0.0025974025974025974	0.9454545454545454	0.7226969018635686	3.1818181818181817	1.703125	0.005698710831948051	5.979237235294117e-05	0.007792207792207792	0.2025974025974026	13.527272727272727	1.5997983286844812	3.4468085106382977	2.290909090909091	0.45714285714285713	0.6168181818181816	-1	-1	0.18181818181818182	0.9255795859925885	382	170	55
12-36	de	6.657894736842105	2.205533596837945	13.031875390056172	9.614721739130436	0.2924901185770751	0.06324110671936758	0.6798418972332015	0.0	0.007905138339920948	0.9473684210526315	0.7232942732942734	3.0	1.6385542168674698	0.004872941652173913	3.9237262601626016e-05	0.0106951871657754	0.3715415019762846	15.763157894736842	1.737454614099351	3.375	2.320388349514563	0.45849802371541504	0.6338311688311691	-1	-1	0.19367588932806323	0.9079967702377995	252	123	38
8-30	de	5.743362831858407	2.0662557781201847	11.031729686242958	9.202085334824169	0.31124807395993837	0.0724191063174114	0.711864406779661	0.02157164869029276	0.009244992295839754	0.7787610619469026	0.7125700659051499	2.4513274336283186	1.6525821596244132	0.0040146512292758086	4.2932082440476193e-05	0.005341551104262969	0.5038520801232665	13.84070796460177	1.8487986894076787	3.2188868042526577	2.36	0.4622496147919877	0.742036363636364	0.812023119954385	0.890641299456943	0.17257318952234207	0.9158972593577329	622	336	113
17-85	de	6.303571428571429	1.6827195467422096	6.724483508700931	6.37215827600162	0.28328611898017	0.039660056657223795	0.660056657223796	0.0028328611898017	0.0028328611898017	0.8928571428571429	0.6748644537280901	2.7857142857142856	1.6324786324786325	0.005064120940226628	4.749248218390805e-05	0.010977337110481588	0.24079320113314448	12.392857142857142	1.5885721523457867	3.4588068181818183	2.41	0.46742209631728043	0.6589370078740157	-1	-1	0.19263456090651557	0.9146052130926935	353	174	56
1-59	de	6.068965517241379	2.0142045454545454	10.544510188087777	9.417870239028213	0.3366477272727273	0.07244318181818182	0.6803977272727273	0.014204545454545454	0.005681818181818182	0.7931034482758621	0.6944981829764438	2.6551724137931036	1.6865079365079365	0.004612109391477273	5.034300896358544e-05	0.004046955403087479	1.2471590909090908	13.594827586206897	1.825412287734803	3.27125	2.348684210526316	0.43323863636363635	0.6743801652892575	0.707871996176659	0.8769050424025208	0.171875	0.9184085338186666	684	357	116
5-66	de	5.828571428571428	1.9689542483660132	9.916802987861814	8.474929299719888	0.31209150326797386	0.05718954248366013	0.6699346405228758	0.006535947712418301	0.0032679738562091504	0.8285714285714286	0.706452228327228	2.7547169811320753	1.5426008968609866	0.004730980124722222	5.951112943143813e-05	0.00613849143260908	0.9803921568627451	11.952830188679245	1.6676502688641979	3.2863741339491916	2.312820512820513	0.37745098039215685	0.6792397660818713	0.47054941227877806	0.8377830890567236	0.1830065359477124	0.8957102036295586	607	299	106
6-72	de	6.507462686567164	1.665137614678899	6.5965343009722055	4.302153265781185	0.25688073394495414	0.045871559633027525	0.7041284403669725	0.0045871559633027525	0.013761467889908258	0.9104477611940298	0.7088591543136996	2.6417910447761193	1.5751633986928104	0.004238063177981651	5.805541553398058e-05	0.007977662544874352	0.47706422018348627	13.223880597014926	1.6174103491377416	3.2358916478555306	2.303703703703704	0.4197247706422018	0.6497032640949542	-1	0.7893512956319542	0.19954128440366972	0.9062361031561337	432	206	67
19-21	de	6.810344827586207	2.1113924050632913	11.98046486250546	11.049297250109124	0.3658227848101266	0.08860759493670886	0.7113924050632912	0.012658227848101266	0.006329113924050633	0.8275862068965517	0.7356441210626116	2.8119658119658117	1.7416107382550337	0.004249509209620253	3.160506463700234e-05	0.004357351509250244	0.8886075949367088	16.846153846153847	1.8777129935034922	3.1783567134268536	2.298882681564246	0.42278481012658226	0.6483646888567287	0.8620440504236107	0.8898147707157462	0.1240506329113924	0.9155316472187778	760	427	117
7-33	de	6.488372093023256	1.896057347670251	9.313941818788035	8.237322958517408	0.2927120669056153	0.06093189964157706	0.7060931899641577	0.023894862604540025	0.016726403823178016	0.8837209302325582	0.7403761015346124	2.8384615384615386	1.7259259259259259	0.0041263497074074075	4.30801551980198e-05	0.005095945188111087	1.087216248506571	15.10077519379845	1.7415321638132857	3.1367127496159752	2.1192893401015227	0.34169653524492233	0.6621951219512192	0.6296984658980513	0.7159006399528802	0.1875746714456392	0.8786260683172654	802	404	130
15-25	de	8.00943396226415	2.045936395759717	11.675728715247683	9.655543671800343	0.36042402826855124	0.04946996466431095	0.7420494699646644	0.009422850412249705	0.004711425206124852	0.8962264150943396	0.6965591582398306	3.2616822429906542	1.8	0.003782895201648999	5.107976192660551e-05	0.004131845121244414	0.8127208480565371	17.50467289719626	1.5861073911867607	3.4519383961763146	2.332474226804124	0.38515901060070673	0.6690799999999997	0.8447971280988181	0.8782430038022742	0.16372202591283863	0.901083567056713	835	436	107
5-31	de	5.621359223300971	1.6614853195164077	6.20785686738099	4.782576927075473	0.25734024179620035	0.03281519861830743	0.7305699481865285	0.0034542314335060447	0.0034542314335060447	0.8155339805825242	0.7149638759932874	2.495145631067961	1.4974093264248705	0.00515267610656304	6.573943754385965e-05	0.007115716753022453	0.37823834196891193	10.815533980582524	1.6338235119788518	3.4206773618538326	2.2378378378378376	0.37305699481865284	0.6574583333333329	0.43594784061744124	0.838166434579887	0.2141623488773748	0.8876230766312522	575	285	103
16-78	de	5.99009900990099	1.9966942148760332	10.30713034939858	9.072990835447182	0.35702479338842974	0.06446280991735537	0.715702479338843	0.0049586776859504135	0.0049586776859504135	0.8514851485148515	0.7780467310467312	2.5643564356435644	1.529126213592233	0.0034719581054545455	5.3464896835443035e-05	0.006220095693779904	0.8181818181818182	13.118811881188119	1.6099828092988593	3.3664409330323553	2.264026402640264	0.428099173553719	0.6954545454545452	0.6643434834787668	0.7334056278827513	0.15537190082644628	0.9022219304109556	587	316	101
5-33	de	5.827586206896552	1.990138067061144	10.166387812011155	8.501975964088963	0.34122287968441817	0.08875739644970414	0.6863905325443787	0.009861932938856016	0.011834319526627219	0.9195402298850575	0.6967731167241571	2.7613636363636362	1.664864864864865	0.005413246851873768	4.854633057553957e-05	0.006290313982621675	1.0670611439842208	13.045454545454545	1.7193444104953743	3.2047377326565143	2.45959595959596	0.4457593688362919	0.6903186274509799	0.2728331816888044	0.7784166996980342	0.11439842209072978	0.906220643642384	500	278	88
18-71	de	7.260869565217392	2.037425149700599	11.283355896901853	9.039825774537881	0.3188622754491018	0.058383233532934134	0.7155688622754491	0.016467065868263474	0.005988023952095809	0.9347826086956522	0.7464913420234416	3.075268817204301	1.6383928571428572	0.004165390206437126	5.2600326112759645e-05	0.004940119760479042	0.9476047904191617	16.72043010752688	1.7724490563662143	3.285623409669211	2.214765100671141	0.4236526946107784	0.7174868189806687	0.720336868042232	0.8964680759621315	0.1631736526946108	0.9103508369127764	645	337	93
23-56	de	6.523076923076923	1.8113207547169812	8.32758490566038	6.702781103047895	0.25235849056603776	0.0660377358490566	0.6674528301886793	0.01179245283018868	0.01179245283018868	0.9538461538461539	0.7175257034632035	2.830769230769231	1.8484848484848484	0.006021407024764151	6.0319577720207254e-05	0.008176100628930818	0.14622641509433962	13.169230769230769	1.6550475165859782	3.4081871345029238	2.236842105263158	0.46462264150943394	0.6519999999999995	-1	-1	0.20047169811320756	0.9234464180710116	420	193	65
6-17	de	6.763440860215054	1.972972972972973	10.328823016564954	9.455179585277877	0.2972972972972973	0.057233704292527825	0.7074721780604134	0.01589825119236884	0.006359300476947536	0.8494623655913979	0.710263408089495	2.967741935483871	1.64	0.004061773211764706	7.2207591e-05	0.00700516693163752	0.5961844197138315	14.075268817204302	1.7741480097592153	3.4358589647411852	2.478494623655914	0.3958664546899841	0.649283018867925	0.7837120007107498	0.9769439504169815	0.17965023847376788	0.8941200774196068	622	300	93
5-77	de	5.597938144329897	1.863720073664825	8.585092745533597	6.219575626056083	0.285451197053407	0.07734806629834254	0.7053406998158379	0.007366482504604052	0.0055248618784530384	0.8969072164948454	0.7516681235431236	2.595959595959596	1.675977653631285	0.004556883818968693	3.493564200743495e-05	0.007366482504604052	0.3720073664825046	11.636363636363637	1.5740258239812608	3.3327586206896553	2.2425373134328357	0.4198895027624309	0.679774774774775	0.6412868050745288	0.9646511999597296	0.17863720073664824	0.9126378694916621	531	269	99
10-18	de	5.764705882352941	1.9653061224489796	9.848847539015608	7.870532292917169	0.29183673469387755	0.04693877551020408	0.7	0.006122448979591836	0.018367346938775512	0.8352941176470589	0.6984951556380127	2.7093023255813953	1.5932203389830508	0.005021541922040817	6.825695109170305e-05	0.006326530612244898	0.726530612244898	11.686046511627907	1.607696373394048	3.4565004887585533	2.3333333333333335	0.4346938775510204	0.6789002557544754	-1	0.7822210394407719	0.18775510204081633	0.9171626039110062	487	229	86
9-60	de	5.594594594594595	2.0595813204508855	10.894951473212341	8.854377568873222	0.35426731078904994	0.07890499194847021	0.677938808373591	0.004830917874396135	0.00322061191626409	0.7027027027027027	0.7186461259367953	2.5315315315315314	1.6888888888888889	0.004290589620611916	3.64304256097561e-05	0.005918962440701571	0.8244766505636071	12.783783783783784	1.8075361818008877	3.218256691832533	2.356	0.428341384863124	0.6851532567049801	0.7113413844356852	0.7306530842861412	0.15619967793880837	0.906656497482604	606	328	111
23-99	de	6.449275362318841	1.8382022471910113	8.616003908158284	6.755689627096565	0.2752808988764045	0.056179775280898875	0.7247191011235955	0.0056179775280898875	0.011235955056179775	0.8695652173913043	0.7141682693528976	2.7	1.5318471337579618	0.00430712831764045	5.3691007213930345e-05	0.0038933890776064804	0.6674157303370787	13.628571428571428	1.7359357736776468	3.281917665450756	2.19364161849711	0.37191011235955057	0.6630214917825533	0.7391460688774225	0.8782600377037921	0.1696629213483146	0.9097581427710629	873	402	140
21-358	de	6.464788732394366	1.8344226579520697	8.577454969468228	7.2139845714811734	0.31263616557734203	0.05664488017429194	0.6830065359477124	0.014161220043572984	0.011982570806100218	0.8943661971830986	0.7253649915883952	2.795774647887324	1.6807817589576548	0.0042045490521786496	4.831435856832972e-05	0.003612926652142339	1.3616557734204793	13.795774647887324	1.6995270160659557	3.282838449924509	2.2236024844720497	0.3867102396514161	0.69054945054945	0.7526669420657423	0.8409182151508976	0.16230936819172112	0.9078726775476846	898	461	142
12-55	de	6.568807339449541	2.217877094972067	13.142784583055715	10.256544810619655	0.33798882681564246	0.0670391061452514	0.6857541899441341	0.013966480446927373	0.0111731843575419	0.8165137614678899	0.7220657633035084	2.871559633027523	1.6300813008130082	0.004775488802374302	4.629233008595989e-05	0.004754546535124212	1.1145251396648044	15.20183486238532	1.9239396281598116	3.3621813870776527	2.4838709677419355	0.42877094972067037	0.6729335494327406	0.6624332674916376	0.735902009841207	0.15782122905027932	0.9164662853540834	686	349	109
19-117	de	6.611940298507463	1.9367945823927766	9.842832788652675	7.445369691048146	0.3047404063205418	0.04288939051918736	0.7133182844243793	0.020316027088036117	0.009029345372460496	0.8805970149253731	0.7458555333555333	3.1791044776119404	1.4701986754966887	0.00457034613724605	4.785904813084112e-05	0.006849848213590721	0.6410835214446953	14.880597014925373	1.6585273971468002	3.3196392785571143	2.1830357142857144	0.43792325056433407	0.6829941860465097	-1	0.753965946243639	0.20316027088036118	0.9127584219980839	428	214	67
23-38	de	6.037383177570093	1.9814241486068112	10.145384392812709	8.157360684007987	0.29411764705882354	0.04953560371517028	0.6919504643962848	0.0030959752321981426	0.01238390092879257	0.8878504672897196	0.7052625047908064	2.8317757009345796	1.5803571428571428	0.004118479041176471	6.161356721854304e-05	0.005193248776590433	0.544891640866873	13.663551401869158	1.6222747941965414	3.359342915811088	2.3002915451895043	0.413312693498452	0.6853930530164526	0.6667539200179095	0.7220751545524573	0.21052631578947367	0.915123625223306	630	302	107
1-51	de	6.09009009009009	2.048816568047337	10.961170638093716	9.607316317500933	0.3609467455621302	0.07396449704142012	0.7322485207100592	0.019230769230769232	0.008875739644970414	0.8738738738738738	0.6859893263302353	2.7017543859649122	1.608695652173913	0.0037709049553254436	4.7439499447513814e-05	0.005362426035502958	0.9245562130177515	14.114035087719298	1.8051379829773182	3.2610837438423643	2.2661290322580645	0.45710059171597633	0.7066377816291153	0.6812812665829934	0.8128122228799147	0.15088757396449703	0.9139206084408954	652	362	114
19-43	de	6.685483870967742	1.991556091676719	10.517700591462702	8.019628343515313	0.33293124246079614	0.05548854041013269	0.7406513872135102	0.015681544028950542	0.020506634499396863	0.8225806451612904	0.71700442618286	2.7857142857142856	1.5206349206349206	0.003517683465018094	6.596372407407407e-05	0.004583835946924004	0.7008443908323281	15.015873015873016	1.6938876556838742	3.2922111866178776	2.2100238663484486	0.4378769601930036	0.7136986301369868	0.5539132621555879	0.7959768801548083	0.15319662243667068	0.9219378730522854	810	432	126
12-38	de	7.313253012048193	1.871499176276771	9.345858954764694	7.3167874357396645	0.2784184514003295	0.04612850082372323	0.6787479406919276	0.0	0.011532125205930808	0.891566265060241	0.6909485447514975	3.1204819277108435	1.698019801980198	0.005641701715815487	5.520406401384083e-05	0.00668963107183865	0.828665568369028	15.27710843373494	1.7531455325130025	3.3152088258471237	2.281767955801105	0.30971993410214166	0.6119094488188964	0.4189991292963521	0.7174979946570503	0.19110378912685339	0.8548927486560775	602	289	83
17-84	de	6.650793650793651	1.7995226730310263	8.238177065575638	6.7882298821835825	0.26968973747016706	0.05489260143198091	0.6921241050119332	0.011933174224343675	0.021479713603818614	0.9206349206349206	0.6916482616609951	2.9365079365079363	1.644927536231884	0.0041539746852028644	6.868021966292134e-05	0.008182748039549948	0.4033412887828162	13.777777777777779	1.6387284893237273	3.527421236872812	2.2857142857142856	0.4152744630071599	0.6298749999999996	-1	-1	0.1957040572792363	0.9105935872271476	412	178	63
5-27	de	7.465116279069767	1.928348909657321	10.075912482793598	7.837435354633051	0.2803738317757009	0.06853582554517133	0.6915887850467289	0.0	0.006230529595015576	0.9302325581395349	0.7580022160379304	3.13953488372093	1.614678899082569	0.0055861792373831775	5.593869937106919e-05	0.01227780831958952	0.24610591900311526	14.465116279069768	1.4945961699039674	3.6768982229402263	2.4285714285714284	0.43613707165109034	0.633153153153153	-1	-1	0.19626168224299065	0.8899082181393461	320	159	43
18-85	de	7.488372093023256	1.7981366459627328	8.548477538639322	6.914416062400694	0.2732919254658385	0.027950310559006212	0.65527950310559	0.003105590062111801	0.006211180124223602	1.0	0.7380312167602087	3.302325581395349	1.6310679611650485	0.005771462151863354	6.82825041958042e-05	0.011180124223602483	0.18322981366459629	13.906976744186046	1.4727696076533285	3.6499162479061975	2.425531914893617	0.43788819875776397	0.6124215246636773	-1	-1	0.18944099378881987	0.9021714657715824	319	143	43
18-56	de	6.6953125	1.9323220536756125	9.822572108372228	7.866019843932323	0.29871645274212366	0.051341890315052506	0.721120186697783	0.012835472578763127	0.005834305717619603	0.9140625	0.688392000156706	2.7890625	1.5810810810810811	0.0037443316423570595	6.936427042606516e-05	0.004745235316997277	0.9918319719953326	14.6171875	1.7474364458721319	3.291044776119403	2.2456575682382134	0.3652275379229872	0.6829683377308714	0.6550697182511468	0.8468958462454811	0.18786464410735124	0.8975309796661888	825	399	128
14-38	de	7.0588235294117645	1.7520833333333334	7.837524509803924	5.81694362745098	0.2625	0.041666666666666664	0.68125	0.008333333333333333	0.008333333333333333	0.9264705882352942	0.7332645272158232	3.014705882352941	1.7179487179487178	0.005323716247708333	5.614837853881278e-05	0.0077083333333333335	0.35625	13.955882352941176	1.5548121768470236	3.419831223628692	2.282051282051282	0.4083333333333333	0.6459055118110221	-1	0.7720424191276473	0.18958333333333333	0.9032231698688714	474	219	68
16-9	de	4.809523809523809	2.2145214521452146	12.417067421027816	10.03418538425271	0.37293729372937295	0.054455445544554455	0.7161716171617162	0.02145214521452145	0.009900990099009901	0.7222222222222222	0.6760522366522362	2.5317460317460316	1.4935064935064934	0.003296744568151815	7.082433343750001e-05	0.005867253392005867	0.9042904290429042	11.912698412698413	1.971696273419331	3.1569390402075226	2.2586206896551726	0.4735973597359736	0.76067061143984	0.7411229718018733	0.9185080121628054	0.16831683168316833	0.9244837097578235	577	320	126
4-10	de	5.625	1.8888888888888888	8.892638888888893	7.568981481481483	0.24444444444444444	0.05925925925925926	0.6962962962962963	0.0	0.007407407407407408	0.9166666666666666	0.6650103519668736	2.6666666666666665	1.5813953488372092	0.0038142745422222223	4.680431475409836e-05	0.022222222222222223	0.08888888888888889	12.5	1.886634199134199	3.2401315789473686	2.3125	0.6	0.6883333333333334	-1	-1	0.21481481481481482	0.9259983681196776	135	61	24
5-30	de	4.650887573964497	1.9325699745547074	9.0281718535917	7.534129674631496	0.3142493638676845	0.05725190839694656	0.7608142493638677	0.001272264631043257	0.006361323155216285	0.7041420118343196	0.69360100877958	2.1578947368421053	1.5016835016835017	0.004388498743002544	4.509293324873096e-05	0.004526895082549264	0.7582697201017812	10.239766081871345	1.7121424699598076	3.1795441912173428	2.3448275862068964	0.3842239185750636	0.6752256186317325	0.965333730647611	0.949960268256324	0.20483460559796438	0.9024951225606619	762	394	171
3-53	de	4.790123456790123	2.0463917525773194	10.42557082856052	9.54646276568665	0.3543814432989691	0.07087628865979381	0.7190721649484536	0.007731958762886598	0.007731958762886598	0.7098765432098766	0.6356398604845808	2.4907975460122698	1.5457627118644068	0.00436995392628866	5.700115450346421e-05	0.005094701510429154	0.8724226804123711	10.766871165644172	1.7682509433907845	3.2859504132231403	2.4478527607361964	0.41494845360824745	0.7036041358936469	0.8930951522621621	0.9421655997514541	0.17396907216494845	0.9055189783502615	763	433	163
6-60	de	5.565217391304348	1.8072916666666667	7.906476449275363	6.344202264492754	0.3072916666666667	0.052083333333333336	0.6640625	0.0078125	0.0026041666666666665	0.782608695652174	0.6769668240256475	2.6	1.6214285714285714	0.0048847977143229165	4.98761938547486e-05	0.0091765873015873	0.3046875	11.257142857142858	1.5823219929610906	3.3233458177278403	2.4025974025974026	0.4427083333333333	0.6236140350877193	-1	-1	0.19791666666666666	0.9096101674146319	379	179	70
23-40	de	6.333333333333333	1.9922600619195046	10.388668730650153	8.530837358101135	0.3328173374613003	0.05108359133126935	0.6764705882352942	0.01393188854489164	0.010835913312693499	0.8333333333333334	0.739089458396389	2.715686274509804	1.5574468085106383	0.004654527593808049	8.774720836012861e-05	0.005675954592363261	1.0	14.147058823529411	1.6759678438311658	3.3492063492063493	2.3161290322580643	0.39473684210526316	0.6769104204753202	0.6074363516704987	0.8308071519436936	0.18111455108359134	0.8968083963257653	625	311	102
20-54	de	5.333333333333333	1.9741847826086956	9.785380434782606	9.07586376811594	0.3532608695652174	0.05298913043478261	0.7418478260869565	0.036684782608695655	0.008152173913043478	0.7971014492753623	0.6901707376159927	2.5579710144927534	1.4523809523809523	0.0034063729608836955	6.863767824933688e-05	0.0048247559893522625	1.048913043478261	12.26086956521739	1.7115640563850283	3.2900407687827604	2.2018561484918795	0.4470108695652174	0.7340502354788058	0.765495295020471	0.8334859429016722	0.16304347826086957	0.9181578305615244	696	377	138
23-83	de	6.115384615384615	2.0723270440251573	11.24845911949686	8.386234446057088	0.2861635220125786	0.050314465408805034	0.6540880503144654	0.012578616352201259	0.009433962264150943	0.9423076923076923	0.6584422657952068	2.673076923076923	1.7450980392156863	0.005337651663522013	6.447722624113475e-05	0.00845125786163522	0.20125786163522014	13.576923076923077	1.7094794314534134	3.3563380281690143	2.364341085271318	0.5125786163522013	0.678173515981735	-1	-1	0.18553459119496854	0.9404296133272051	308	141	52
6-20	de	7.172413793103448	1.8397435897435896	8.916215738284706	7.670189124668434	0.24519230769230768	0.060897435897435896	0.7035256410256411	0.02403846153846154	0.014423076923076924	0.896551724137931	0.7042672172109136	2.9310344827586206	1.7883597883597884	0.0039577539591749995	6.894988586956521e-05	0.00786019536019536	0.266025641025641	14.25287356321839	1.6040680105335277	3.510154346060114	2.1614583333333335	0.3942307692307692	0.6669523809523805	0.6941774694011881	0.8522867400233715	0.18108974358974358	0.8938651603109882	609	276	87
14-1	de	6.094594594594595	1.8680709534368072	8.830129142446218	7.2638499190987	0.3137472283813747	0.04656319290465632	0.7006651884700665	0.009977827050997782	0.013303769401330377	0.8851351351351351	0.7315396999070461	2.6778523489932886	1.5949367088607596	0.005153233235809312	5.517145290023202e-05	0.004256414317389927	1.4490022172949002	12.570469798657719	1.656760083689614	3.34934036939314	2.3469387755102042	0.34811529933481156	0.6824533001245369	0.7513547305608971	0.8532235591206065	0.2039911308203991	0.8830350852815746	881	431	149
8-64	de	6.1022727272727275	1.9217877094972067	9.466981335703402	7.249359590316573	0.2886405959031657	0.09124767225325885	0.7411545623836127	0.0148975791433892	0.0111731843575419	0.875	0.7225764018867469	2.784090909090909	1.6372549019607843	0.004036819165735568	5.049297296296296e-05	0.006678225133243434	0.6554934823091247	13.193181818181818	1.5985197750149902	3.3152920962199315	2.35	0.4208566108007449	0.6977853881278531	0.4062537779709511	0.619818747953811	0.19180633147113593	0.8985456898808751	525	270	88
15-24	de	5.859259259259259	2.2553729456384324	13.308511869644615	10.34751264878026	0.33122629582806573	0.051833122629582805	0.7104930467762326	0.010113780025284451	0.015170670037926675	0.8222222222222222	0.7606812963156243	2.5869565217391304	1.5087719298245614	0.0035937142689001266	5.6339929048843184e-05	0.005934822306503723	0.5777496839443742	13.91304347826087	1.7811842326708056	3.277720207253886	2.2850467289719627	0.38558786346396967	0.6803612716763003	0.8705537300696468	1.078175556956807	0.16308470290771176	0.8942144450499928	760	389	138
16-251	de	6.594594594594595	2.1475409836065573	12.322875498449267	9.259808839167036	0.32581967213114754	0.030737704918032786	0.7295081967213115	0.00819672131147541	0.012295081967213115	0.9054054054054054	0.676586085147729	2.9054054054054053	1.4324324324324325	0.004002630506967213	5.884700578512397e-05	0.007718579234972678	0.39549180327868855	14.702702702702704	1.7603929880245668	3.4154545454545455	2.5277777777777777	0.444672131147541	0.639023136246786	-1	1.0418541411036895	0.1864754098360656	0.8989852279824959	478	242	74
4-12	de	6.111888111888112	1.8821510297482837	9.003018514666113	6.953051857067419	0.2906178489702517	0.02745995423340961	0.7048054919908466	0.013729977116704805	0.006864988558352402	0.8811188811188811	0.7191317973888394	2.6527777777777777	1.4794952681388012	0.0046273999451945085	4.4220865952380955e-05	0.005398110661268556	0.61441647597254	12.79861111111111	1.704901684369886	3.2941810344827585	2.1172638436482085	0.33981693363844395	0.6429419354838702	0.741283936784263	0.8127228242177121	0.2128146453089245	0.8875937227778927	855	420	144
16-149	de	7.264	1.8656387665198237	9.257497444933922	7.362976923348018	0.27312775330396477	0.05947136563876652	0.7070484581497798	0.023127753303964757	0.009911894273127754	0.912	0.6937715321840962	3.176	1.6700680272108843	0.00448873477907489	6.981825392670157e-05	0.0038680563017083917	0.6035242290748899	15.24	1.7105550209336586	3.425263157894737	2.264646464646465	0.3832599118942731	0.68868974042027	0.6864633903471707	0.8539238819411705	0.1894273127753304	0.9109700993003064	845	382	125
9-61	de	6.397849462365591	1.8554621848739496	8.799615071835188	5.714098581368031	0.32605042016806723	0.03361344537815126	0.7058823529411765	0.0016806722689075631	0.0033613445378151263	0.9247311827956989	0.6639179057657316	2.903225806451613	1.5565610859728507	0.004901859596470589	4.5468158333333334e-05	0.007464162135442413	0.5260504201680672	13.225806451612904	1.7150106464622592	3.3519870235198703	2.2051282051282053	0.35126050420168065	0.6199193548387092	0.5680484807591883	0.8597319363303615	0.1865546218487395	0.8600038308322931	586	300	93
10-86	de	5.363636363636363	1.8728813559322033	8.601818181818185	7.050698305084747	0.3099273607748184	0.0387409200968523	0.6864406779661016	0.007263922518159807	0.015738498789346248	0.7662337662337663	0.7092447131662812	2.432258064516129	1.5894736842105264	0.004624867147215496	5.051459548872181e-05	0.004519774011299435	0.7663438256658596	11.683870967741935	1.7365906136873879	3.2540983606557377	2.2083333333333335	0.38498789346246975	0.6723108665749657	0.7078814852636548	0.820714529050721	0.20217917675544794	0.9087414881607474	810	399	155
16-179	de	7.314285714285714	2.078125	11.784446428571432	9.926542321428572	0.390625	0.0859375	0.73046875	0.00390625	0.0	0.9142857142857143	0.678125529441319	3.4444444444444446	1.3761467889908257	0.00407462317265625	7.110167218045113e-05	0.016741071428571428	0.265625	16.36111111111111	1.8305633409800077	3.2830820770519265	2.6029411764705883	0.4765625	0.5971337579617837	-1	-1	0.10546875	0.8828588716949644	246	133	36
21-279	de	6.6375	1.951035781544256	10.020847222222223	8.839780583804142	0.3389830508474576	0.04143126177024482	0.7250470809792844	0.005649717514124294	0.015065913370998116	0.8875	0.677508152061391	3.225	1.4477611940298507	0.004709708880979284	7.569529012345679e-05	0.007344632768361581	0.5235404896421846	13.7125	1.7344756805694306	3.4674977738201247	2.2049180327868854	0.4030131826741996	0.6275925925925924	0.6821873853329185	0.9743246387585082	0.16760828625235405	0.9072548474312364	502	243	80
9-57	de	6.273504273504273	1.9713896457765667	10.119064486830155	8.680483048044902	0.33787465940054495	0.05994550408719346	0.6920980926430518	0.009536784741144414	0.009536784741144414	0.9316239316239316	0.705700322187391	2.903225806451613	1.5579710144927537	0.004329917117029973	6.803096462765957e-05	0.004884067657189861	1.5068119891008174	13.588709677419354	1.7789535485736674	3.2656434474616294	2.316725978647687	0.3692098092643052	0.6698425196850396	0.6173060513308815	0.6897501380615647	0.17438692098092642	0.8822042287172712	719	376	124
12-22	de	6.015384615384615	1.843989769820972	8.51507928388747	7.389058752705095	0.289002557544757	0.04603580562659847	0.6777493606138107	0.05370843989769821	0.005115089514066497	0.8923076923076924	0.695116341991342	2.8153846153846156	1.7165354330708662	0.004828957711355499	7.501738497109827e-05	0.007180798740901043	0.3887468030690537	12.523076923076923	1.58858269935193	3.338199513381995	2.2115384615384617	0.4629156010230179	0.6362328767123288	-1	-1	0.1636828644501279	0.9156281543107482	364	173	65
6-52	de	6.977011494252873	1.7759472817133444	8.087212406976086	5.828739188395916	0.25370675453047775	0.02800658978583196	0.7018121911037891	0.016474464579901153	0.006589785831960461	0.9080459770114943	0.6815464548711182	2.8735632183908044	1.72	0.005070243129818781	6.0876878947368424e-05	0.006260296540362438	0.5453047775947282	13.850574712643677	1.681313532538578	3.488352745424293	2.151898734177215	0.3657331136738056	0.6345275590551178	0.6550224659836767	0.7896159297728244	0.18616144975288304	0.8875849080094773	599	266	87
16-128	de	6.2421875	1.9299123904881101	9.617419332759702	7.872235677409261	0.3354192740926158	0.05006257822277847	0.7446808510638298	0.01376720901126408	0.016270337922403004	0.828125	0.7441162949036958	2.6953125	1.556338028169014	0.0038484508365456823	7.068848134328359e-05	0.004211995763935689	1.0050062578222778	12.359375	1.5500058922831876	3.5859277708592776	2.2973856209150325	0.40425531914893614	0.7051000000000005	0.6720091096934722	0.7618766442330941	0.15143929912390489	0.9068828081265603	780	402	128
9-64	de	7.212121212121212	1.8203781512605042	8.703189457601223	6.684196498599439	0.2657563025210084	0.03046218487394958	0.6712184873949579	0.008403361344537815	0.014705882352941176	0.8787878787878788	0.7197793563876322	2.856060606060606	1.6666666666666667	0.0052138647800420174	5.083380407124681e-05	0.004508053221288516	0.8224789915966386	14.075757575757576	1.6014979447921884	3.4582660204631126	2.25	0.28886554621848737	0.6304220398593186	0.7364514391341931	0.8124565525799288	0.2184873949579832	0.8702147154032195	929	393	132
19-95	de	5.895833333333333	2.323321554770318	14.124569346289757	12.28343351001178	0.37809187279151946	0.06007067137809187	0.715547703180212	0.0017667844522968198	0.01060070671378092	0.7604166666666666	0.7426327665870602	2.84375	1.4622222222222223	0.00398597196130742	3.664085155709342e-05	0.007882576787170427	0.48056537102473496	14.489583333333334	1.8049975361796013	3.3693950177935945	2.3974763406940065	0.4275618374558304	0.6962098501070673	0.6242959543629574	0.9249226548685453	0.14664310954063603	0.9203217556047046	539	289	96
5-79	de	6.567796610169491	1.9393548387096775	9.855827774740295	8.517767851284857	0.3987096774193548	0.06322580645161291	0.7174193548387097	0.01032258064516129	0.0025806451612903226	0.8898305084745762	0.720851355039389	3.1610169491525424	1.7065637065637065	0.0038817813318709677	4.593657808219178e-05	0.00542462146148782	1.0090322580645161	14.94915254237288	1.6542557973764356	3.1401766004415013	2.2780487804878047	0.42193548387096774	0.6866568047337284	0.5868717874063826	0.6895569925101018	0.12258064516129032	0.9078037142731692	735	438	118
4-2	de	5.633333333333334	1.95069033530572	9.625145956607497	8.193934753451678	0.3096646942800789	0.045364891518737675	0.7120315581854043	0.0039447731755424065	0.009861932938856016	0.8777777777777778	0.736571792751568	2.4130434782608696	1.4946808510638299	0.003951195220118344	6.354545078740158e-05	0.008232570105479805	0.40433925049309666	11.815217391304348	1.7553446704261924	3.3745454545454545	2.2054054054054055	0.4457593688362919	0.7034803921568624	-1	0.7854760299403629	0.1873767258382643	0.9012337608915438	499	254	92
21-273	de	6.746376811594203	1.9699248120300752	10.286199738476625	8.369009240492536	0.3125671321160043	0.061224489795918366	0.7647690655209453	0.04189044038668099	0.00644468313641246	0.8623188405797102	0.6874221111950203	2.891304347826087	1.6282894736842106	0.003382750056820623	4.9378869537815124e-05	0.0049035632559660015	0.6305048335123523	14.456521739130435	1.6845840766087434	3.43452082288008	2.1734939759036145	0.359828141783029	0.6292307692307694	0.6331737167813475	0.6991938887592763	0.15252416756176154	0.8820293186115453	889	476	138
14-42	de	7.0285714285714285	2.0094850948509486	10.863066976384054	8.430231343399148	0.31029810298102983	0.052845528455284556	0.6246612466124661	0.0027100271002710027	0.006775067750677507	0.9047619047619048	0.7047572729558021	3.038095238095238	1.6626016260162602	0.005027909599593496	4.160477359050445e-05	0.004843452689846047	1.1666666666666667	15.80952380952381	1.7408846623751535	3.311111111111111	2.5337620578778135	0.34688346883468835	0.6671987480438184	0.6428775184549581	0.7107766121555238	0.16124661246612465	0.8912907028846577	721	337	105
6-27	de	5.714285714285714	1.975	9.943571428571431	9.211507518796992	0.3526315789473684	0.05	0.7381578947368421	0.02236842105263158	0.014473684210526316	0.8872180451127819	0.7239360176860172	2.7037037037037037	1.5818181818181818	0.0039003620239473685	5.4603145591939545e-05	0.004797149122807018	1.15	13.28888888888889	1.7281281391085312	3.142224681793027	2.3195402298850576	0.4355263157894737	0.7345688350983365	0.8044450185548386	0.8965043875025384	0.1513157894736842	0.9144934733568125	717	397	135
4-32	de	6.829268292682927	1.8761904761904762	9.212462253193962	8.22768699186992	0.29523809523809524	0.05476190476190476	0.7321428571428571	0.013095238095238096	0.008333333333333333	0.9186991869918699	0.7538693091971777	2.888888888888889	1.5774193548387097	0.004117561480833333	5.623735341463415e-05	0.005663780663780664	0.5642857142857143	14.26984126984127	1.7492396202200124	3.231108659680088	2.182758620689655	0.4	0.721093117408906	0.702459543189258	0.8012493376820006	0.18452380952380953	0.9116778016094345	826	410	126
9-84	de	5.741935483870968	1.9115168539325842	9.205253715114171	8.037003860094238	0.3300561797752809	0.02949438202247191	0.6980337078651685	0.028089887640449437	0.007022471910112359	0.7983870967741935	0.7144035278181617	2.629032258064516	1.6293436293436294	0.004523781340168539	6.3758193575419e-05	0.005330694586312564	0.9676966292134831	12.443548387096774	1.7346290081939988	3.3286082474226806	2.264797507788162	0.3904494382022472	0.6774877650897224	0.6340465370913041	0.8184427272402367	0.1896067415730337	0.8984225989303872	687	358	124
17-18	de	8.054347826086957	1.7395411605937923	8.077781347180665	6.232213272311214	0.2591093117408907	0.04183535762483131	0.6707152496626181	0.005398110661268556	0.009446693657219974	0.9239130434782609	0.6850855046679732	3.097826086956522	1.780701754385965	0.004940859577867746	4.218279664634146e-05	0.0058222479275110844	0.573549257759784	16.25	1.7053342124411288	3.2943521594684384	2.345622119815668	0.3049932523616734	0.580233644859814	0.6982885804968314	0.7729875876206628	0.20647773279352227	0.861457079879142	734	328	92
9-92	de	4.981927710843373	1.969770253929867	9.596240803601347	8.171956547835842	0.373639661426844	0.06287787182587666	0.7097944377267231	0.006045949214026602	0.0048367593712212815	0.7409638554216867	0.7009783987056711	2.4518072289156625	1.507645259938838	0.004077370062152357	4.2341302552204176e-05	0.004448906025415801	1.2587666263603385	11.240963855421686	1.7999925206693457	3.2154088050314464	2.335311572700297	0.40024183796856105	0.6821428571428573	0.7995773810285219	0.8360739197994238	0.13301088270858524	0.9068843035486762	807	431	166
13-114	de	5.985915492957746	2.051764705882353	10.955330571665286	7.911256835128418	0.3058823529411765	0.05647058823529412	0.6870588235294117	0.002352941176470588	0.011764705882352941	0.8169014084507042	0.6883361678004534	2.7183098591549295	1.5032258064516129	0.00438678103482353	3.150218201058201e-05	0.010380622837370242	0.26588235294117646	12.788732394366198	1.801005176357289	3.361050328227571	2.3703703703703702	0.4117647058823529	0.6232515337423299	-1	-1	0.18588235294117647	0.9035534211756698	417	189	71
16-222	de	7.536	1.8397027600849256	9.057532569002124	7.163288839065817	0.2951167728237792	0.04670912951167728	0.7176220806794055	0.040339702760084924	0.020169851380042462	0.808	0.7241877988753926	3.2125984251968505	1.6355140186915889	0.0037055334108280257	6.68836971830986e-05	0.004290516631280963	0.618895966029724	14.31496062992126	1.5700314740105334	3.552038626609442	2.1989389920424403	0.35456475583864117	0.6806998813760377	0.6146567185304977	0.7863890231754351	0.1751592356687898	0.8923497408891057	895	426	127
9-28	de	6.837398373983739	1.9785969084423305	10.42402888547316	8.779806349390485	0.3638525564803805	0.06777645659928656	0.7051129607609988	0.019024970273483946	0.0047562425683709865	0.8536585365853658	0.688149247623693	3.0569105691056913	1.6797153024911031	0.003645496417122473	5.128441047835991e-05	0.004998458625093583	0.7681331747919143	15.113821138211382	1.7227173178323472	3.2959617428267802	2.26890756302521	0.38287752675386444	0.6349460916442043	0.8017584700234291	0.8858901269071084	0.14149821640903687	0.8894151653997671	818	439	123
19-40	de	6.845454545454546	1.9707835325365206	10.334972956658216	7.93408855245684	0.3041168658698539	0.041168658698539175	0.7197875166002656	0.00796812749003984	0.01593625498007968	0.8909090909090909	0.7294512022662668	2.890909090909091	1.5129151291512914	0.004647537450464807	6.848992814371258e-05	0.004817937552117112	0.795484727755644	14.436363636363636	1.701263838381828	3.5435736677115988	2.59	0.40239043824701193	0.6977828746177391	0.7824037365634267	0.9600819524603763	0.16865869853917662	0.9151593465502995	717	334	110
18-88	de	5.195121951219512	1.9812206572769953	9.814501316844158	7.988788709492731	0.28169014084507044	0.028169014084507043	0.6572769953051644	0.004694835680751174	0.0	0.8536585365853658	0.7367551892551896	2.341463414634146	1.5324675324675325	0.005302998628169015	4.990528958333333e-05	0.0121283255086072	0.1643192488262911	10.804878048780488	1.7183560342096929	3.4954954954954953	2.2363636363636363	0.5211267605633803	0.6057894736842097	-1	-1	0.24413145539906103	0.933907690261135	213	96	41
19-56	de	6.58273381294964	1.8218579234972678	8.475189684318124	7.272376262924087	0.292896174863388	0.05683060109289618	0.6765027322404371	0.006557377049180328	0.006557377049180328	0.9064748201438849	0.685547403482186	2.9928057553956835	1.6	0.00385877500568306	7.245126440677966e-05	0.004222553402881272	0.7715846994535519	13.741007194244604	1.7480399132536246	3.3576642335766422	2.2063492063492065	0.3551912568306011	0.6769485294117654	0.7006863685774967	0.8401185680932503	0.16721311475409836	0.9049698481540294	902	413	139
21-155	de	6.285714285714286	1.8308080808080809	8.464963924963929	6.338572438672439	0.25757575757575757	0.03282828282828283	0.6414141414141414	0.020202020202020204	0.012626262626262626	0.9047619047619048	0.725191430433366	2.8412698412698414	1.8181818181818181	0.00525680246214394	6.356537875e-05	0.008771929824561405	0.26262626262626265	12.714285714285714	1.6617466968657446	3.363295880149813	2.251655629139073	0.45202020202020204	0.6378114478114484	-1	-1	0.2222222222222222	0.9093522083890695	383	160	63
17-168	de	6.962616822429907	1.6979865771812082	7.161662171485922	5.818881076334443	0.2791946308724832	0.056375838926174496	0.6657718120805369	0.0026845637583892616	0.0174496644295302	0.8504672897196262	0.6887481991741146	2.9906542056074765	1.778723404255319	0.004482483640939597	4.8262013081395355e-05	0.005630126771066368	0.5221476510067115	14.009345794392523	1.5574492966661884	3.357379219060225	2.2918149466192173	0.33557046979865773	0.6009133126934999	0.7902012816586519	0.8971780053527793	0.18120805369127516	0.8881534102151338	734	344	107
9-29	de	8.645569620253164	1.8945827232796486	10.13784828659859	8.149441143873826	0.3206442166910688	0.05710102489019034	0.6866764275256223	0.017569546120058566	0.005856515373352855	0.9620253164556962	0.7142804649770593	3.392405063291139	1.7387387387387387	0.005217949344509517	4.45487897515528e-05	0.006023844384020079	0.554904831625183	17.60759493670886	1.9084245240440132	3.428981348637016	2.2263157894736842	0.39092240117130306	0.6521746575342448	0.8652423527156116	0.8358214174908124	0.1581259150805271	0.9068136151404416	671	322	79
18-100	de	6.241379310344827	1.6077348066298343	5.8154086492665265	4.2775088969327495	0.281767955801105	0.03314917127071823	0.6961325966850829	0.0055248618784530384	0.011049723756906077	0.9655172413793104	0.6916318800247371	2.6666666666666665	1.6885245901639345	0.006154622503867404	3.4723294382022475e-05	0.019337016574585635	0.11602209944751381	11.933333333333334	1.5696497239144298	3.158333333333333	2.1379310344827585	0.5303867403314917	0.5801219512195125	-1	-1	0.19889502762430938	0.9158402520404273	181	89	30
16-35	de	5.142857142857143	2.267543859649123	13.172731829573937	11.127356474519633	0.41812865497076024	0.0804093567251462	0.7514619883040936	0.017543859649122806	0.011695906432748537	0.8120300751879699	0.7284534489079941	2.7985611510791366	1.4516129032258065	0.002886081599122807	6.462097475247524e-05	0.0050423678243227115	1.345029239766082	11.848920863309353	1.794021284705796	3.2064590542099194	2.188087774294671	0.44590643274853803	0.7281880341880363	0.6760220811419657	0.8241800312589111	0.1286549707602339	0.9146072780793041	658	404	139
21-112	de	7.12962962962963	1.7688311688311689	8.062763347763347	5.637996151996152	0.2857142857142857	0.045454545454545456	0.6636363636363637	0.011688311688311689	0.007792207792207792	0.8518518518518519	0.7360555035434233	2.925925925925926	1.752	0.00491210196961039	6.333686941176471e-05	0.005271199388846447	0.34935064935064936	13.63888888888889	1.5882531082712243	3.4353099730458223	2.327935222672065	0.38441558441558443	0.631102831594636	0.7193466349390005	0.8819933847340065	0.16363636363636364	0.9148685102078058	762	340	108
7-32	de	5.361702127659575	2.1587301587301586	11.97407970280311	9.721225272993358	0.34656084656084657	0.05423280423280423	0.6944444444444444	0.006613756613756613	0.007936507936507936	0.7801418439716312	0.7325444991516417	2.5211267605633805	1.6227106227106227	0.003951881710978836	4.014766717948718e-05	0.00600907029478458	0.626984126984127	13.0	1.8286736317856864	3.219017094017094	2.3689095127610207	0.41798941798941797	0.6814611872146104	0.6236061211008009	0.78607128357105	0.1865079365079365	0.9070588251488266	731	390	142
12-50	de	7.133333333333334	2.043613707165109	11.306641744548287	8.875979937694705	0.308411214953271	0.06542056074766354	0.6697819314641744	0.0	0.012461059190031152	0.9333333333333333	0.7183026458093306	3.1333333333333333	1.6727272727272726	0.003986890751090343	4.522199423076923e-05	0.010493523528447285	0.3052959501557632	15.71111111111111	1.7144695500577853	3.4915254237288136	2.320388349514563	0.46105919003115264	0.6614414414414416	-1	-1	0.1806853582554517	0.8996879863005366	321	156	45
1-113	de	6.393939393939394	1.8072669826224328	8.229386758581072	5.914461611374407	0.24644549763033174	0.03949447077409163	0.7235387045813586	0.0	0.011058451816745656	0.898989898989899	0.7431385224752569	2.595959595959596	1.5388349514563107	0.004342861424012638	5.783416744186046e-05	0.0060467396633436836	0.44549763033175355	13.404040404040405	1.6803033444076225	3.430408472012103	2.291891891891892	0.3886255924170616	0.6637640449438191	0.7856939484951487	0.9112731452721097	0.21642969984202212	0.9009224139686224	630	301	99
24-25	de	6.978260869565218	1.8691588785046729	9.187596505485576	7.576188893403765	0.26791277258566976	0.0529595015576324	0.6728971962616822	0.012461059190031152	0.003115264797507788	0.9565217391304348	0.6649373466040133	2.9791666666666665	1.7476635514018692	0.005123928974454828	6.861284857142858e-05	0.014537902388369679	0.14018691588785046	13.5	1.6502577861952863	3.4877300613496933	2.22	0.4485981308411215	0.6068018018018022	-1	-1	0.19626168224299065	0.9060422490290317	317	140	48
16-154	de	6.25	1.9075862068965517	9.35701724137931	7.507737931034484	0.2813793103448276	0.05103448275862069	0.713103448275862	0.008275862068965517	0.009655172413793104	0.8189655172413793	0.7079289068419496	2.7413793103448274	1.524390243902439	0.004094106267034483	7.666187238372093e-05	0.005802615933412604	0.4386206896551724	12.905172413793103	1.632713298224201	3.4583883751651254	2.3846153846153846	0.3986206896551724	0.7142492012779571	0.588235174921311	0.7943463620756167	0.20689655172413793	0.9054256947981856	705	344	116
17-6	de	8.464285714285714	1.7046413502109705	7.825839361060883	5.985101989150092	0.2510548523206751	0.0379746835443038	0.6561181434599156	0.006329113924050633	0.006329113924050633	0.9821428571428571	0.6801256067165157	3.375	1.8633093525179856	0.004577759187552743	6.843397300884956e-05	0.00791139240506329	0.45358649789029537	16.428571428571427	1.6762968216829652	3.436147186147186	2.325	0.3881856540084388	0.635573333333333	-1	0.6999903166036964	0.16666666666666666	0.88474487227563	468	226	56
1-53	de	7.110091743119266	2.190967741935484	13.036355134655224	10.941975081385028	0.3135483870967742	0.06064516129032258	0.72	0.007741935483870968	0.023225806451612905	0.8715596330275229	0.7188494315536795	3.018018018018018	1.5914396887159532	0.0035600778089032257	4.893263725e-05	0.005129032258064516	0.7135483870967742	17.18918918918919	1.8562625356743003	3.2723958333333334	2.2442922374429224	0.3767741935483871	0.6757100591715987	0.6762057319167932	0.7700857528119496	0.20387096774193547	0.8956033992743815	748	400	111
16-62	de	5.825503355704698	2.0149769585253456	10.458674419323913	8.697895128815762	0.3294930875576037	0.04953917050691244	0.7315668202764977	0.01728110599078341	0.008064516129032258	0.8120805369127517	0.7303516744693211	2.557046979865772	1.5789473684210527	0.0034597884535714283	5.6427523165137616e-05	0.004215542521994135	0.5967741935483871	12.187919463087248	1.6942321833595444	3.4837310195227764	2.312169312169312	0.4216589861751152	0.6911833550065026	0.9154420947453153	0.9522033640966128	0.17050691244239632	0.9186944682194653	840	436	149
6-51	de	6.206521739130435	2.092819614711033	11.525814931851063	9.068457229878932	0.3222416812609457	0.05253940455341506	0.6514886164623468	0.008756567425569177	0.008756567425569177	0.8586956521739131	0.7034118506645977	2.9130434782608696	1.6127450980392157	0.004659977263047285	4.329168581818182e-05	0.005965411558669002	0.6567425569176882	14.26086956521739	1.780095911623558	3.277027027027027	2.2903225806451615	0.4308231173380035	0.6907415254237296	0.5531149811472752	0.8738732841230112	0.19614711033274956	0.9235530014737114	558	275	92
8-58	de	6.881188118811881	1.6503597122302158	6.567907970653184	4.304095804544484	0.2762589928057554	0.06474820143884892	0.6733812949640288	0.0028776978417266188	0.012949640287769784	0.9207920792079208	0.6841401653901653	2.9702970297029703	1.6877828054298643	0.004671854961294964	7.593142713414635e-05	0.0061027040436616225	0.4848920863309353	12.910891089108912	1.4733776124865234	3.4812260536398467	2.2930232558139534	0.339568345323741	0.6111241610738267	0.7475249360277145	0.7438022644495221	0.18992805755395684	0.8771607851274889	688	328	101
19-22	de	6.80672268907563	1.8839506172839506	9.295239132690114	8.615614897810977	0.3074074074074074	0.06666666666666667	0.7308641975308642	0.018518518518518517	0.011111111111111112	0.8823529411764706	0.7052570957761631	2.823529411764706	1.68	0.0033761816998765437	5.5051901864801865e-05	0.004552469135802469	0.8987654320987655	15.957983193277311	1.6525029277656953	3.1988457502623295	2.150753768844221	0.408641975308642	0.7013361462728546	0.7924863408355562	0.8639357099240793	0.17530864197530865	0.8971571326262817	784	429	119
9-115	de	6.808080808080808	1.9807121661721068	10.437555075982377	9.167717639301022	0.35756676557863504	0.05934718100890208	0.6750741839762612	0.020771513353115726	0.004451038575667656	0.8888888888888888	0.655429309585972	3.1616161616161618	1.852017937219731	0.004582511033827894	5.3199625545171336e-05	0.005138597380039083	0.7655786350148368	14.97979797979798	1.7068423327253894	3.3346666666666667	2.3451327433628317	0.4169139465875371	0.6791652173913054	0.5843320074731324	0.7750736761909174	0.14836795252225518	0.9162818987273249	638	321	99
14-29	de	6.6063829787234045	1.9790660225442833	10.339468427724672	8.2174777332374	0.3140096618357488	0.0499194847020934	0.7246376811594203	0.0	0.014492753623188406	0.9148936170212766	0.7515812890812892	2.7127659574468086	1.6512820512820512	0.0037545416537842187	9.122278947368421e-05	0.007991888829247926	0.4396135265700483	12.72340425531915	1.588049961779871	3.5737840065952184	2.6356877323420074	0.391304347826087	0.6590804597701146	0.6304065774653284	0.7690072810897929	0.1964573268921095	0.8899509155988069	598	285	94
16-186	de	6.7637795275590555	1.8894062863795111	9.342868195026266	7.759384728626035	0.3073341094295693	0.050058207217694994	0.6938300349243306	0.04423748544819558	0.010477299185098952	0.8818897637795275	0.7601638806056098	3.220472440944882	1.5709342560553634	0.003924714733643772	5.5878874e-05	0.004210734897084685	0.9289871944121071	14.448818897637794	1.7339998136802213	3.3421765024363834	2.2043478260869565	0.38649592549476136	0.6831184210526334	0.7013319498993282	0.8545589351447404	0.18160651920838183	0.9083618316908496	799	400	127
21-65	de	5.81981981981982	1.8390092879256965	8.380039327252948	6.507547558084401	0.3328173374613003	0.04179566563467492	0.6547987616099071	0.020123839009287926	0.018575851393188854	0.7477477477477478	0.6391653756225952	2.90990990990991	1.578512396694215	0.005234377082817338	5.887581643356644e-05	0.005313362898502217	0.5804953560371517	11.774774774774775	1.656944842664657	3.3380073800738006	2.318725099601594	0.3978328173374613	0.6482815356489947	0.7260449324570196	0.8442282921129582	0.18111455108359134	0.9141604457678086	626	286	111
9-93	de	5.5	1.9131016042780749	9.129598930481283	8.373116042780747	0.3502673796791444	0.07754010695187166	0.7286096256684492	0.0066844919786096255	0.009358288770053475	0.7279411764705882	0.7097030130363461	2.551470588235294	1.6037735849056605	0.00401552264157754	4.166747737789204e-05	0.004339056196641335	1.4438502673796791	12.764705882352942	1.7726836508687491	3.174134997163925	2.2524752475247523	0.3850267379679144	0.7044221879815105	0.5330571312068648	0.6847579747806634	0.12967914438502673	0.8950225648314637	721	389	136
19-55	de	5.964285714285714	2.1596806387225547	12.220302965497574	9.965162703165097	0.36327345309381237	0.05788423153692615	0.718562874251497	0.007984031936127744	0.011976047904191617	0.8809523809523809	0.7458915749578398	2.619047619047619	1.4818652849740932	0.004533738019611178	4.548696891385768e-05	0.00557858641690977	1.1097804391217565	15.023809523809524	1.7810321501110975	3.2338582677165353	2.371794871794872	0.48502994011976047	0.7295024875621905	-1	0.824011459178015	0.16966067864271456	0.924388064626124	496	267	84
12-53	de	6.681481481481481	1.8636363636363635	9.00668686868687	7.865236830089515	0.3148558758314856	0.06873614190687362	0.7006651884700665	0.03436807095343681	0.0033259423503325942	0.837037037037037	0.6856644477364402	2.9185185185185185	1.604361370716511	0.0042427176407583145	5.475133341346154e-05	0.004114787651373017	0.8203991130820399	14.42962962962963	1.6719630402277461	3.2580152671755727	2.2472647702407	0.40022172949002216	0.6740224159402243	0.7453662608422202	0.895995180900593	0.1385809312638581	0.9031705580055996	854	416	135
12-72	de	7.818181818181818	2.0247093023255816	11.350660676532776	9.257883139534885	0.29651162790697677	0.05232558139534884	0.6744186046511628	0.0188953488372093	0.020348837209302327	0.8977272727272727	0.6848565573489874	3.159090909090909	1.8009478672985781	0.0045104411761627905	6.280444258064515e-05	0.005507955936352509	0.7877906976744186	15.943181818181818	1.6200062712094798	3.543462897526502	2.2763636363636364	0.38226744186046513	0.6645500848896404	0.632624905315924	0.750797250418245	0.17877906976744187	0.9003261366013052	662	310	88
6-16	de	7.071428571428571	1.9886363636363635	10.633766233766234	9.970688816738816	0.3939393939393939	0.06944444444444445	0.7272727272727273	0.003787878787878788	0.005050505050505051	0.8303571428571429	0.7217511467511467	2.9482758620689653	1.539877300613497	0.003855824660227273	3.7492034018264835e-05	0.005669439492968905	1.125	16.75	2.010696963299706	3.1188524590163933	2.221014492753623	0.36363636363636365	0.6463780663780672	0.7701963319857138	0.8329225057446757	0.11994949494949494	0.8867861591023423	776	438	116
16-200	de	6.9	2.4315619967793882	15.793431561996783	13.631256489533012	0.5120772946859904	0.09178743961352658	0.8293075684380032	0.028985507246376812	0.01610305958132045	0.6444444444444445	0.61950565967159	2.4893617021276597	1.4081632653061225	0.00202140931078905	3.07826391959799e-05	0.00571658615136876	2.342995169082126	19.75531914893617	1.875073466156639	3.0498145204027556	2.268181818181818	0.4895330112721417	0.7307471264367806	0.7637606972166127	0.8268230163734759	0.08856682769726248	0.9032347986231295	593	398	94
1-90	de	7.220779220779221	1.95863309352518	10.337974399701022	8.355407810894143	0.25719424460431656	0.05575539568345324	0.6942446043165468	0.0035971223021582736	0.01618705035971223	0.987012987012987	0.7213372873686341	3.038961038961039	1.5754189944134078	0.0045643542106115105	4.231871084337349e-05	0.005861977084998668	0.5323741007194245	15.506493506493506	1.7493948141931737	3.4385521885521886	2.2923976608187133	0.3723021582733813	0.6570897155361048	0.4698530029360787	0.7057701047884771	0.19784172661870503	0.9007441282843384	551	249	77
6-69	de	7.128571428571429	1.783567134268537	8.236235041511595	5.76729794446035	0.2605210420841683	0.018036072144288578	0.7314629258517034	0.0	0.01603206412825651	0.9	0.7059587211121736	3.1857142857142855	1.4293785310734464	0.005145334138476954	7.111623956521738e-05	0.009018036072144287	0.16432865731462926	14.157142857142857	1.520034736961573	3.4174174174174174	2.3855421686746987	0.39478957915831664	0.6352749999999997	-1	0.7491339146024828	0.2124248496993988	0.9033805148216598	499	230	70
13-6	de	7.104477611940299	1.9642857142857142	10.359317697228146	7.148919076884486	0.3172268907563025	0.09663865546218488	0.7226890756302521	0.0	0.01050420168067227	0.8805970149253731	0.7195056693262434	3.029850746268657	1.7151898734177216	0.004183781238655462	4.707557685950413e-05	0.008739495798319327	0.40756302521008403	16.074626865671643	1.7543887813971222	3.1981651376146787	2.239766081871345	0.36554621848739494	0.6112201591511925	-1	0.8912411928316735	0.15126050420168066	0.870682768058627	467	242	67
10-87	de	5.663636363636364	2.173354735152488	12.26440405661754	10.10701617977528	0.34831460674157305	0.08025682182985554	0.7126805778491172	0.011235955056179775	0.02086677367576244	0.7818181818181819	0.7207831668840842	2.6454545454545455	1.5263157894736843	0.003931076171910112	4.5216275223880594e-05	0.0069708782389360235	0.7463884430176565	13.00909090909091	1.6891628974115604	3.4424410540915393	2.3814814814814813	0.391653290529695	0.6749809160305327	0.9176263530357287	0.8549889048997037	0.14446227929373998	0.8892961667675402	614	335	110
1-96	de	5.271523178807947	1.8316582914572865	8.079461878931085	6.118835861426338	0.30402010050251255	0.07160804020100503	0.6721105527638191	0.016331658291457288	0.00628140703517588	0.6821192052980133	0.6970453435453433	2.3552631578947367	1.6824324324324325	0.005522199384045226	4.0207047927461136e-05	0.006152557660095349	0.5917085427135679	11.342105263157896	1.6939496724036196	3.109447004608295	2.269230769230769	0.3228643216080402	0.5433142037302708	0.7390137335869872	0.6916165705345101	0.1721105527638191	0.8709750592647351	780	386	152
16-54	de	6.801470588235294	1.8248648648648649	8.595978934817172	6.648638314785375	0.2681081081081081	0.05297297297297297	0.6908108108108109	0.016216216216216217	0.02054054054054054	0.9191176470588235	0.7417630312074754	2.985294117647059	1.6171617161716172	0.005039709248216216	5.500823804878049e-05	0.0037837837837837837	0.5135135135135135	13.816176470588236	1.658775385059304	3.4310803618946246	2.3915857605177995	0.40756756756756757	0.6845278450363212	0.7588165055366898	0.8712106545264126	0.1935135135135135	0.9354179028748647	905	410	136
1-93	de	7.258333333333334	1.9035591274397246	9.702747703788749	8.057135239188673	0.2709529276693456	0.04362801377726751	0.6969001148105626	0.05166475315729047	0.003444316877152698	0.9	0.7022253190320419	3.0161290322580645	1.6971830985915493	0.004048989160964409	5.631128026315789e-05	0.004439341752774589	0.7267508610792193	15.088709677419354	1.6996564535201808	3.268177028451001	2.190582959641256	0.38461538461538464	0.6514378238341965	0.7353230329333134	0.8418825498581092	0.18369690011481057	0.9072249772846965	807	380	124
21-39	de	7.6	1.7894736842105263	8.489789473684212	6.837805020242915	0.2773279352226721	0.0708502024291498	0.6902834008097166	0.05263157894736842	0.012145748987854251	0.9076923076923077	0.7124949659715284	3.090909090909091	1.8717948717948718	0.0042485385080971655	5.365945652173913e-05	0.007880277617119723	0.5101214574898786	15.287878787878787	1.6518892795704532	3.3567251461988303	2.252688172043011	0.3825910931174089	0.6533924050632913	-1	0.7495403863446432	0.14777327935222673	0.8725382361705208	470	230	66
12-14	de	4.926174496644295	2.188010899182561	12.149736664045495	10.002975176928844	0.3773841961852861	0.04632152588555858	0.728882833787466	0.01907356948228883	0.020435967302452316	0.7583892617449665	0.6878781096866202	2.3557046979865772	1.6273764258555132	0.0031819144908719348	5.555707845303868e-05	0.00444141689373297	0.8773841961852861	12.288590604026846	1.7196257706752507	3.1595970307529164	2.3549695740365113	0.444141689373297	0.7442677165354339	0.7034229380287476	0.9338212076920184	0.11852861035422343	0.916240442809242	690	362	149
12-80	de	6.991071428571429	1.8812260536398469	9.334985290093055	8.266550821018063	0.31545338441890164	0.03959131545338442	0.7049808429118773	0.04469987228607918	0.011494252873563218	0.8392857142857143	0.6607346951774196	3.0535714285714284	1.556390977443609	0.004259156263473819	7.028462549019608e-05	0.005282712179263904	0.7879948914431673	14.3125	1.5402440261054788	3.459376908979841	2.138888888888889	0.38569604086845466	0.6721052631578927	0.8627665937219188	0.9115925388060838	0.1545338441890166	0.9022700415521844	739	357	112
13-91	de	6.0396825396825395	2.0867279894875166	11.38886646642889	9.388251477796551	0.3587385019710907	0.06044678055190539	0.7122207621550591	0.024967148488830485	0.009198423127463863	0.8333333333333334	0.7178554239018632	2.7777777777777777	1.5680272108843538	0.003973349914060446	4.047158808139535e-05	0.003790558981097746	1.052562417871222	15.238095238095237	1.7624167562367843	3.205607476635514	2.4369085173501577	0.47700394218134035	0.7243957703927483	0.8184184770769406	0.8906371725662535	0.16031537450722733	0.9467160308544026	698	344	126
7-28	de	6.092592592592593	1.8237082066869301	8.30586795001689	6.344927682089384	0.2978723404255319	0.04711246200607903	0.6854103343465046	0.004559270516717325	0.015197568389057751	0.8425925925925926	0.7162536710433903	2.7314814814814814	1.641255605381166	0.004571911827051672	4.722252131147541e-05	0.007074730112147573	0.42249240121580545	12.62962962962963	1.5896955663033328	3.384005763688761	2.530821917808219	0.3586626139817629	0.642343470483005	0.5684931322886615	0.6847081111134511	0.19908814589665655	0.8827938413952138	649	305	108
17-10	de	7.8	1.8106508875739644	8.817680473372778	6.884110690335305	0.25443786982248523	0.03550295857988166	0.6863905325443787	0.0039447731755424065	0.011834319526627219	0.9384615384615385	0.7408706137612387	3.1538461538461537	1.7	0.0052404886268244575	6.753609098712446e-05	0.0072034988422948285	0.4319526627218935	15.476923076923077	1.6425474910763074	3.475296442687747	2.2785714285714285	0.3668639053254438	0.6302941176470582	0.3281764878858428	0.6788407948624904	0.20512820512820512	0.8901111788609283	502	233	65
13-83	de	6.518796992481203	1.8615916955017302	8.919112833988088	7.511332707200527	0.2975778546712803	0.05997693194925029	0.7104959630911188	0.03690888119953864	0.010380622837370242	0.8872180451127819	0.7477543290043288	2.8582089552238807	1.7244897959183674	0.004460519761131155	6.078886853658537e-05	0.004538388245323705	0.8027681660899654	13.492537313432836	1.58697203744943	3.4452996151731723	2.2237762237762237	0.3748558246828143	0.6710546875000004	0.7154148591189107	0.7834721423490814	0.16839677047289503	0.887997788314538	831	410	134
6-76	de	7.475247524752476	1.9735099337748345	10.612763753196514	8.940265359648548	0.28874172185430463	0.052980132450331126	0.695364238410596	0.003973509933774834	0.003973509933774834	0.9306930693069307	0.723680106151159	3.287128712871287	1.625	0.004302366752582781	4.746339045092838e-05	0.00495984218683951	1.2119205298013245	16.257425742574256	1.7427665327417803	3.402921485088253	2.2442396313364057	0.3350993377483444	0.6667682926829257	0.5935887718406576	0.6421979123312398	0.19337748344370861	0.8734945010796551	753	377	101
5-107	de	7.478260869565218	1.755813953488372	8.045126390293227	5.461615217391305	0.2616279069767442	0.09011627906976744	0.6686046511627907	0.0	0.005813953488372093	0.9347826086956522	0.7335787995591918	2.847826086956522	1.8303571428571428	0.004275914738081395	6.850018456790123e-05	0.011285909712722298	0.29941860465116277	14.478260869565217	1.5931373223253018	3.482810164424514	2.479591836734694	0.4476744186046512	0.6489387755102037	-1	-1	0.18604651162790697	0.9032005582504024	343	162	46
16-81	de	5.303030303030303	2.008	10.172581818181822	7.823540952380954	0.33371428571428574	0.05942857142857143	0.6914285714285714	0.005714285714285714	0.005714285714285714	0.7575757575757576	0.6778799114164966	2.5843373493975905	1.5323076923076924	0.004796082482742857	6.4672035e-05	0.004198250728862974	0.7737142857142857	11.144578313253012	1.7792535757808614	3.379905808477237	2.419672131147541	0.4034285714285714	0.6715335051546387	0.7403900068685014	0.837309289854975	0.17142857142857143	0.9148267766738595	864	440	166
21-175	de	6.927272727272728	1.942257217847769	10.03027153424004	7.715339737532808	0.27034120734908135	0.03674540682414698	0.6850393700787402	0.02099737532808399	0.013123359580052493	0.8727272727272727	0.6686413246799722	3.109090909090909	1.6929133858267718	0.0038091976908136483	7.058530569620253e-05	0.010035510267098965	0.16010498687664043	14.290909090909091	1.792886105988873	3.4816223067173637	2.176	0.4461942257217848	0.6293971631205661	-1	-1	0.2020997375328084	0.8995143522032297	373	158	55
22-23	de	6.690140845070423	1.848421052631579	8.830523350630099	7.262507338769458	0.25894736842105265	0.04631578947368421	0.7294736842105263	0.02	0.009473684210526316	0.9084507042253521	0.7039783224701871	2.8098591549295775	1.6375838926174497	0.0042233335836842105	7.852300695067264e-05	0.0031829573934837093	0.5252631578947369	13.612676056338028	1.6123685215531574	3.438974358974359	2.204379562043796	0.41789473684210526	0.7315746180963606	0.7425747894708189	0.8019487980158968	0.18421052631578946	0.9294400780639496	926	446	142
16-165	de	7.208333333333333	1.7745664739884393	8.161134393063584	5.08185183044316	0.20809248554913296	0.04046242774566474	0.6820809248554913	0.0	0.011560693641618497	0.9583333333333334	0.7135169178647438	3.0416666666666665	1.6730769230769231	0.0055030061907514445	7.826239344262295e-05	0.01798330122029544	0.09826589595375723	13.5	1.6564700345950347	3.6625386996904026	2.4878048780487805	0.5375722543352601	0.6118918918918924	-1	-1	0.2138728323699422	0.8911880459427284	169	61	24
21-187	de	6.2615384615384615	1.6707616707616708	6.566987714987718	5.045885004725005	0.26044226044226043	0.04176904176904177	0.6584766584766585	0.019656019656019656	0.009828009828009828	0.9076923076923077	0.6983808725996226	2.6615384615384614	1.7751937984496124	0.004644999907125307	5.9754622941176464e-05	0.010984246278363925	0.24324324324324326	11.538461538461538	1.6097687355379662	3.4827586206896552	2.2436974789915967	0.3906633906633907	0.6127272727272732	-1	-1	0.20147420147420148	0.882550113426287	400	170	65
6-40	de	5.428571428571429	1.9921052631578948	10.03398496240602	8.8869992481203	0.3592105263157895	0.07368421052631578	0.7342105263157894	0.015789473684210527	0.009210526315789473	0.8142857142857143	0.7187023807527403	2.5625	1.556338028169014	0.0034251088890789472	4.0820570823529414e-05	0.004662471395881007	0.9302631578947368	12.368055555555555	1.8257730496854272	3.1009325287986833	2.19533527696793	0.4421052631578947	0.7273524962178507	0.8933157399838174	0.8863185786127211	0.175	0.918166918331625	732	425	144
23-102	de	5.909090909090909	1.9630769230769232	9.87885314685315	8.157446153846156	0.27384615384615385	0.06461538461538462	0.6907692307692308	0.009230769230769232	0.010769230769230769	0.8	0.7255596295531536	2.5727272727272728	1.7091836734693877	0.004626141226461538	4.2638596774193546e-05	0.00583710407239819	0.6723076923076923	12.60909090909091	1.8167437138025373	3.326487252124646	2.4093023255813955	0.3723076923076923	0.6288929219600737	0.743832480386613	0.9120389930831414	0.19230769230769232	0.8962954339060712	643	310	110
9-116	de	6.244274809160306	1.9156479217603912	9.449912652345137	7.415815364228521	0.30317848410757947	0.05623471882640587	0.71760391198044	0.018337408312958436	0.013447432762836185	0.8473282442748091	0.7633129483638529	2.734848484848485	1.6376811594202898	0.004892461354658801	4.8642145876288655e-05	0.004733245564541408	0.6442542787286064	14.242424242424242	1.8317757708967601	3.2144373673036095	2.195187165775401	0.4119804400977995	0.6815159944367171	0.7889693716372149	0.8347657613971095	0.17603911980440098	0.9158833456923554	795	388	132
6-75	de	6.71304347826087	1.9637305699481866	10.200107681910342	8.059027087181798	0.2914507772020725	0.054404145077720206	0.6930051813471503	0.006476683937823834	0.010362694300518135	0.8434782608695652	0.7028501591001587	3.0608695652173914	1.6666666666666667	0.0047179021957253885	5.557969068493151e-05	0.004180405087140839	0.8536269430051814	14.678260869565218	1.8936658084739926	3.3611764705882354	2.2796610169491527	0.39248704663212436	0.6796582466567618	0.7464155103667556	0.9158293767186382	0.18523316062176165	0.9149587489416101	761	365	115
23-32	de	5.904347826086957	1.9160530191458027	9.322121278094386	8.575594290836909	0.34609720176730485	0.035346097201767304	0.7039764359351989	0.025036818851251842	0.008836524300441826	0.8434782608695652	0.6985922703027965	2.860869565217391	1.49800796812749	0.004567830617496318	4.136901960784314e-05	0.00563488506115131	1.1531664212076582	12.91304347826087	1.743317247969422	3.255644090305445	2.231075697211155	0.39764359351988215	0.6685344827586213	0.6975901629960348	0.7459735969835624	0.18409425625920472	0.8935878751692317	661	357	115
13-13	de	5.047244094488189	2.1981279251170047	12.31633471323105	10.148618401365978	0.37753510140405616	0.093603744149766	0.7581903276131046	0.0124804992199688	0.0124804992199688	0.7322834645669292	0.6734559311940261	2.4031007751937983	1.52	0.0035923196737285487	3.319543778409091e-05	0.006106529975484734	0.6552262090483619	13.155038759689923	2.052979288153707	3.0976878612716763	2.458904109589041	0.46489859594383776	0.6945202952029519	0.5733530889612714	0.8915756729410538	0.1497659906396256	0.913527149689055	602	352	129
1-105	de	6.606060606060606	1.7511467889908257	7.649895746455382	5.9286503058103985	0.2626146788990826	0.04243119266055046	0.7029816513761468	0.016055045871559634	0.008027522935779817	0.8560606060606061	0.6984821600570023	2.6466165413533833	1.5924657534246576	0.0050190936120412845	6.0146574739583335e-05	0.004167599015439696	0.731651376146789	13.827067669172932	1.70555607042228	3.2202380952380953	2.2077562326869806	0.36926605504587157	0.6532341526520046	0.6530270109010731	0.7619182428256887	0.17545871559633028	0.9056285404797136	848	384	133
13-85	de	5.13013698630137	1.9279038718291055	9.160019112240981	8.147805633081552	0.3658210947930574	0.09212283044058744	0.7503337783711616	0.036048064085447265	0.0026702269692923898	0.7054794520547946	0.7223287631908318	2.089171974522293	1.7773851590106007	0.003625878197867784	5.705150269541779e-05	0.005106809078771696	0.6555407209612817	11.598726114649681	1.8152974906946433	3.072972972972973	2.120218579234973	0.4672897196261682	0.7271846153846139	0.8670489655964039	1.0100081581811422	0.1295060080106809	0.9147162308837667	689	371	157
19-27	de	5.5	1.9104895104895105	9.098776223776227	8.058865734265733	0.3384615384615385	0.05174825174825175	0.7048951048951049	0.03496503496503497	0.006993006993006993	0.7615384615384615	0.70363926555787	2.564885496183206	1.607843137254902	0.0034244548086713286	5.9910069774011304e-05	0.005874125874125874	0.8167832167832167	12.374045801526718	1.8012660579454471	3.2006042296072508	2.164420485175202	0.4041958041958042	0.6781655844155843	0.7082294946916755	0.8121417644048889	0.14405594405594405	0.895762380032784	669	354	131
1-46	de	5.877697841726619	2.0673194614443084	11.096671803316223	9.588571152576105	0.34516523867809057	0.06119951040391677	0.7282741738066095	0.006119951040391677	0.006119951040391677	0.8345323741007195	0.7128165277461952	2.762589928057554	1.5404530744336569	0.00432829026096273	4.8079313145539906e-05	0.004257357245489862	0.7025703794369645	13.784172661870503	1.8136345533668852	3.216510903426791	2.330357142857143	0.43084455324357407	0.6872144846796657	0.8007391944043853	0.9107398159127011	0.1591187270501836	0.9203418704014632	802	426	139
18-65	de	5.977611940298507	2.0961298377028714	11.475600741610304	9.848826254495313	0.3333333333333333	0.06117353308364544	0.7290886392009988	0.0024968789013732834	0.01373283395755306	0.835820895522388	0.6780765183020819	2.9328358208955225	1.4402730375426622	0.0036651944896379522	5.4991699248120305e-05	0.004645356095578201	0.8426966292134831	13.529850746268657	1.8137753838252892	3.4053464266230224	2.3471337579617835	0.4069912609238452	0.7112250712250733	0.6061639106861912	0.7768898583541883	0.19975031210986266	0.9130231037579063	782	399	134
19-126	de	7.222222222222222	2.0153846153846153	11.00820512820513	9.216432478632479	0.3076923076923077	0.05846153846153846	0.676923076923077	0.0	0.006153846153846154	0.9333333333333333	0.696364620228257	3.088888888888889	1.547008547008547	0.004315223446769231	4.654333205128205e-05	0.00825174825174825	0.5015384615384615	16.288888888888888	1.6997434161030651	3.360544217687075	2.4140625	0.46153846153846156	0.6496460176991147	-1	-1	0.17846153846153845	0.9234796175212258	321	156	45
9-72	de	4.861111111111111	2.0685714285714285	10.71497619047619	8.790177777777778	0.28	0.07428571428571429	0.7257142857142858	0.011428571428571429	0.011428571428571429	0.8611111111111112	0.7323469387755102	2.1666666666666665	1.6229508196721312	0.004224886717142857	3.0315367469879517e-05	0.02095238095238095	0.06857142857142857	10.416666666666666	1.777372396122396	3.3403141361256545	2.1923076923076925	0.48	0.5919736842105262	-1	-1	0.18285714285714286	0.8807333514686867	175	83	36
9-38	de	5.1	2.034313725490196	10.403901960784314	10.295563137254902	0.38562091503267976	0.058823529411764705	0.7124183006535948	0.004901960784313725	0.011437908496732025	0.825	0.7365953868178284	2.4214876033057853	1.428	0.003912263050718954	3.668480289855073e-05	0.006406948744410045	0.8529411764705882	12.289256198347108	1.7446552977904037	3.306578947368421	2.4383561643835616	0.44281045751633985	0.7007017543859663	0.6973001530747038	0.8973279490200806	0.15522875816993464	0.9092437055079329	604	345	121
12-13	de	4.303448275862069	2.309294871794872	13.338024314765693	11.931651936339525	0.4342948717948718	0.0673076923076923	0.75	0.01282051282051282	0.016025641025641024	0.7034482758620689	0.6538394861311524	2.2551724137931033	1.5756302521008403	0.0031365596785256408	2.8263712938005388e-05	0.005056980056980057	0.9663461538461539	11.248275862068965	1.966845666936411	3.1238990017615973	2.3842239185750635	0.5384615384615384	0.7749333333333316	0.8690268616111683	0.9009709324465808	0.15064102564102563	0.9352942022890952	603	371	145
14-60	de	7.767857142857143	2.050574712643678	11.636245894909688	8.44911904761905	0.31264367816091954	0.05747126436781609	0.6551724137931034	0.006896551724137931	0.006896551724137931	0.9107142857142857	0.6929368795510085	3.1964285714285716	1.730263157894737	0.0051220271096551724	6.878357067307692e-05	0.007307060755336617	0.5655172413793104	17.035714285714285	1.8178238880684532	3.414151925078044	2.2764227642276422	0.45057471264367815	0.6739880952380948	-1	0.8220277734340671	0.1632183908045977	0.9162181243858052	430	208	56
16-95	de	7.62962962962963	1.7099514563106797	7.562982740021578	5.533380384753686	0.2669902912621359	0.02063106796116505	0.6868932038834952	0.012135922330097087	0.007281553398058253	0.9351851851851852	0.7336631132788651	3.240740740740741	1.5766423357664234	0.004854409178519418	7.533934664804469e-05	0.003987517337031899	1.2524271844660195	14.648148148148149	1.5473969265614431	3.4652201659221444	2.312	0.3434466019417476	0.6629793103448268	0.655944812684937	0.7568500734507084	0.20266990291262135	0.894934217880482	812	358	108
17-30	de	7.5	1.4666666666666666	4.641666666666666	3.6669166666666673	0.23333333333333334	0.058333333333333334	0.6083333333333333	0.0	0.0	1.0	0.7451961001961002	2.875	1.8	0.0040586016525	2.9317613725490195e-05	0.025	0.09166666666666666	13.75	1.4685005966255966	3.2895927601809953	2.1666666666666665	0.525	0.5485714285714287	-1	-1	0.25	0.925164668913849	120	51	16
9-85	de	5.58641975308642	1.9359116022099447	9.432460609781053	8.59959081918014	0.32154696132596683	0.057458563535911604	0.7193370165745856	0.019889502762430938	0.014364640883977901	0.7654320987654321	0.7038798330723796	2.5925925925925926	1.5657492354740061	0.003999053076243094	5.69519518018018e-05	0.004171834479648213	0.9116022099447514	12.203703703703704	1.7434179589272183	3.278688524590164	2.2842377260981914	0.4165745856353591	0.7262282878411905	0.7547046406810911	0.9112119945912344	0.17900552486187846	0.9184027364404026	878	444	162
13-28	de	5.621052631578947	2.033707865168539	10.599963335304555	8.470045992509364	0.31273408239700373	0.06367041198501873	0.704119850187266	0.0018726591760299626	0.009363295880149813	0.8736842105263158	0.7005010356074184	2.6736842105263157	1.5364583333333333	0.004496805935393258	5.7673026966292136e-05	0.0064124389967086595	0.7134831460674157	12.652631578947368	1.6509893512060696	3.392739273927393	2.488	0.38764044943820225	0.6617011494252875	0.4325782973431588	0.6465678418314547	0.18726591760299627	0.8943958966728581	523	267	95
9-13	de	6.947916666666667	1.9475262368815591	10.1004970952024	8.838880572213892	0.29535232383808097	0.043478260869565216	0.712143928035982	0.01199400299850075	0.013493253373313344	0.9166666666666666	0.7266624019255598	3.125	1.5869565217391304	0.0041783760778110945	5.5153816510903424e-05	0.006100398076823657	0.3808095952023988	14.770833333333334	1.7208988757701993	3.415438596491228	2.3059360730593608	0.4452773613193403	0.6991901408450713	0.8254113280450169	0.986613674679826	0.1874062968515742	0.9162818987273249	654	321	96
22-26	de	5.6	1.838235294117647	8.285176470588237	6.216761176470588	0.2647058823529412	0.06512605042016807	0.7521008403361344	0.0	0.03571428571428571	0.8470588235294118	0.6745529272314985	2.4823529411764707	1.4777777777777779	0.00383586626197479	7.421305095238095e-05	0.007307270734380708	0.4327731092436975	10.882352941176471	1.5269163842693254	3.5709677419354837	2.3184713375796178	0.3802521008403361	0.6382228116710871	-1	0.8401799970166959	0.20168067226890757	0.8921991183194964	472	210	85
5-108	de	5.820143884892087	1.9517923362175524	9.711005682475033	8.403777006874106	0.3189122373300371	0.07045735475896168	0.7280593325092707	0.012360939431396786	0.012360939431396786	0.8129496402877698	0.7073762211549932	2.7	1.5971731448763251	0.004333451059023486	6.403871386861313e-05	0.004911846984581354	0.6798516687268232	12.785714285714286	1.7201857817719162	3.2955665024630543	2.160621761658031	0.40173053152039556	0.6882816901408462	0.7175249961335315	0.8454034985130442	0.18170580964153277	0.9113087955969692	782	411	140
9-108	de	6.209302325581396	2.052434456928839	11.050354498737047	9.477127933106873	0.36891385767790263	0.052434456928838954	0.6910112359550562	0.009363295880149813	0.0056179775280898875	0.8604651162790697	0.7546821968880791	2.7701149425287355	1.477832512315271	0.0038441717460674153	4.2636276811594205e-05	0.006529000911023383	0.9681647940074907	14.068965517241379	1.8066746493150359	3.293831168831169	2.137546468401487	0.4307116104868914	0.687241379310344	0.9519497185511716	0.8110014606610886	0.15543071161048688	0.9084664236398864	520	276	87
9-37	de	6.728395061728395	1.8238532110091743	8.555541963982332	6.247308755238418	0.30458715596330277	0.03669724770642202	0.6605504587155964	0.005504587155963303	0.012844036697247707	0.9012345679012346	0.7060249125874126	3.0987654320987654	1.6210526315789473	0.004484274178165138	5.3824097286821704e-05	0.006055045871559633	0.6128440366972477	13.925925925925926	1.7022442920591068	3.405141843971631	2.291970802919708	0.42752293577981654	0.6803587443946182	0.5176015133316514	0.8127732837453686	0.1853211009174312	0.9216695591147542	542	258	81
14-24	de	6.094017094017094	1.9523141654978962	9.823973819541841	7.976682631471691	0.3071528751753156	0.07152875175315568	0.7180925666199158	0.009817671809256662	0.023842917251051893	0.8547008547008547	0.6997464700050906	2.6324786324786325	1.6932773109243697	0.004143650388359046	5.86340174556213e-05	0.005204104229718757	0.788218793828892	12.145299145299145	1.5843948890894592	3.5411436541143653	2.376470588235294	0.39831697054698456	0.6977687296416955	0.6578472596100013	0.851920609236637	0.182328190743338	0.908161660686323	700	338	117
5-41	de	6.052631578947368	1.815217391304348	8.19009153318078	6.332673913043478	0.2673913043478261	0.05	0.6934782608695652	0.0	0.008695652173913044	0.9605263157894737	0.7166982276982274	2.710526315789474	1.6013513513513513	0.005192811201739131	6.117828240343347e-05	0.0071304347826086955	0.4891304347826087	11.776315789473685	1.5936522928395993	3.5406006674082313	2.309734513274336	0.4326086956521739	0.6496952908587258	-1	0.7354186624010292	0.21739130434782608	0.9039110120263653	459	233	76
18-81	de	5.357142857142857	1.9111111111111112	9.050396825396827	7.1564031746031755	0.3111111111111111	0.03111111111111111	0.6355555555555555	0.0	0.0	0.8571428571428571	0.6963676567335105	2.2857142857142856	1.7333333333333334	0.005683723908	5.656590695652174e-05	0.015042735042735043	0.20444444444444446	10.857142857142858	1.666271658235944	3.4179431072210065	2.2580645161290325	0.5066666666666667	0.5903174603174601	-1	-1	0.2311111111111111	0.915462077083928	224	115	42
10-91	de	6.707964601769912	1.9300791556728232	9.801040231629578	7.802640282999043	0.2941952506596306	0.06992084432717678	0.6754617414248021	0.009234828496042216	0.010554089709762533	0.9026548672566371	0.7211081803059213	2.9557522123893807	1.7520325203252032	0.00494469614116095	4.6359198039215683e-05	0.004523181304183942	0.8390501319261213	13.929203539823009	1.7175448072434976	3.3881909547738696	2.2690763052208833	0.4023746701846966	0.6843550834597906	0.7009879275013838	0.819543065573284	0.17150395778364116	0.9160832100484094	747	357	113
21-311	de	6.3515625	2.0332103321033212	10.878991293819194	8.367399454182042	0.34932349323493234	0.07503075030750307	0.7293972939729397	0.013530135301353014	0.01107011070110701	0.828125	0.6966984349858366	2.75	1.5425531914893618	0.0032893365452755226	4.707029688995216e-05	0.004763026353667792	0.6863468634686347	14.359375	1.8153927177228624	3.3102328099621006	2.3131578947368423	0.4157441574415744	0.7008823529411745	0.8658169110644675	0.9659858023205524	0.14883148831488316	0.9080698838384689	781	418	128
24-91	de	6.779816513761468	2.192151556156969	12.921516803019209	10.982333629625952	0.33288227334235454	0.07442489851150202	0.7577807848443843	0.009472259810554804	0.018944519621109608	0.8807339449541285	0.6955983171864817	2.881818181818182	1.4607142857142856	0.002946434791745602	4.7783321798365115e-05	0.005938956547887537	0.6901217861975643	16.09090909090909	1.682336141397146	3.3955981941309257	2.2994186046511627	0.39783491204330174	0.7062656249999995	0.7730988170502494	0.9538482547945208	0.16238159675236807	0.8955026240156092	724	367	110
9-124	de	7.183333333333334	1.9988399071925753	10.797810904872392	9.047631059551431	0.3259860788863109	0.07540603248259861	0.6867749419953596	0.022041763341067284	0.001160092807424594	0.8916666666666667	0.7481283449172458	2.9672131147540983	1.7569444444444444	0.004498130443352668	4.9715185714285714e-05	0.004640371229698376	0.6136890951276102	15.51639344262295	1.8778774107949867	3.3275952008346374	2.170103092783505	0.41531322505800466	0.664823066841416	0.7547157716172931	0.9301919160180547	0.15661252900232017	0.9192964961610082	829	413	122
12-90	de	6.625	1.7547169811320755	7.699410377358493	5.642888679245283	0.3018867924528302	0.04716981132075472	0.6320754716981132	0.02830188679245283	0.0	1.0	0.6572751322751322	3.0	1.8529411764705883	0.004999599089622642	4.731288775510204e-05	0.03207547169811321	0.09433962264150944	11.9375	1.4632688492063493	3.5714285714285716	2.2758620689655173	0.5754716981132075	0.5914285714285714	-1	-1	0.1509433962264151	0.9060954140991849	105	49	16
13-7	de	6.300884955752212	1.946629213483146	9.837569851844489	7.591457402804016	0.33848314606741575	0.06460674157303371	0.7050561797752809	0.018258426966292134	0.012640449438202247	0.8938053097345132	0.6774578100470956	2.9557522123893807	1.595330739299611	0.004026766772893259	5.120151638418079e-05	0.005030049647243272	0.875	12.964601769911505	1.6879229546264944	3.5438477226376612	2.328	0.40308988764044945	0.6667047308319748	0.6254599771826589	0.8632906230236189	0.17696629213483145	0.9060914914602147	692	354	113
13-63	de	6.3023255813953485	2.007380073800738	10.554991847592895	9.061405663777569	0.2730627306273063	0.06642066420664207	0.6937269372693727	0.0036900369003690036	0.04059040590405904	1.0	0.723983423983424	2.6511627906976742	1.6704545454545454	0.004363176003321033	5.147005433070866e-05	0.00959409594095941	0.2952029520295203	13.093023255813954	1.5541986551220477	3.4734982332155475	2.3516483516483517	0.5129151291512916	0.6920930232558141	-1	-1	0.18450184501845018	0.9289091420331398	270	127	43
10-69	de	6.488372093023256	1.8655913978494623	8.954443610902729	7.26612821538718	0.27598566308243727	0.035842293906810034	0.6827956989247311	0.008960573476702509	0.010752688172043012	0.8953488372093024	0.7373058640705697	2.7674418604651163	1.6271186440677967	0.00465601919623656	6.4462780078125e-05	0.0063538611925708696	0.7706093189964157	13.63953488372093	1.628309013338083	3.379073756432247	2.246913580246914	0.3942652329749104	0.6719825708061006	0.3135247420022554	0.8123706063976409	0.23118279569892472	0.8924439190498492	537	256	86
21-185	de	6.8106060606060606	1.7808676307007787	8.080374405905555	5.514612087504635	0.2625139043381535	0.04560622914349277	0.7007786429365962	0.013348164627363738	0.017797552836484983	0.8636363636363636	0.7178194684874071	2.787878787878788	1.6909722222222223	0.004291620137263626	7.931197575757576e-05	0.006599925843529848	0.41824249165739713	13.234848484848484	1.5734553264607092	3.46921322690992	2.140672782874618	0.2992213570634038	0.6076249999999994	0.635073287475369	0.8581457704983333	0.2135706340378198	0.8625143013014177	883	396	132
16-156	de	4.404958677685951	2.1857410881801127	11.919678724822852	9.800327102166126	0.3883677298311445	0.07692307692307693	0.7542213883677298	0.001876172607879925	0.0075046904315197	0.7851239669421488	0.7284358465608464	2.3688524590163933	1.4615384615384615	0.003423543670356473	4.358876041666667e-05	0.005529771896909252	0.724202626641651	10.51639344262295	1.8239216384708188	3.1889469753547424	2.610344827586207	0.474671669793621	0.7304608294930882	0.3711515332438554	0.8306464343451837	0.1350844277673546	0.9170039008934683	512	288	122
24-149	de	6.935483870967742	1.8953488372093024	9.479954988747192	7.193078019504878	0.2651162790697674	0.037209302325581395	0.7395348837209302	0.002325581395348837	0.0069767441860465115	0.9193548387096774	0.7548653364658544	3.064516129032258	1.4726027397260273	0.004268513991627907	8.614240855614973e-05	0.007994186046511628	0.16279069767441862	13.435483870967742	1.5801815709888476	3.6887816646562124	2.3333333333333335	0.4813953488372093	0.6954078549848938	-1	-1	0.20465116279069767	0.9319625494858408	426	187	62
10-90	de	6.352941176470588	1.8842592592592593	9.12190631808279	6.440822875816994	0.2824074074074074	0.046296296296296294	0.6898148148148148	0.0	0.018518518518518517	0.8823529411764706	0.6970256174801632	2.676470588235294	1.5769230769230769	0.0050182984157407405	5.4294578e-05	0.019290123456790122	0.06481481481481481	12.852941176470589	1.724238669826905	3.324384787472036	2.358490566037736	0.5370370370370371	0.6858119658119658	-1	-1	0.1527777777777778	0.9346158598654881	216	100	34
1-47	de	6.117647058823529	2.1322115384615383	11.955978506787332	8.693086934389141	0.28125	0.057692307692307696	0.6802884615384616	0.004807692307692308	0.014423076923076924	0.8970588235294118	0.6829375848032563	2.823529411764706	1.6291390728476822	0.005909858286778846	3.874105401069519e-05	0.008256688963210704	0.41346153846153844	13.338235294117647	1.7697459489255156	3.389923329682366	2.3959731543624163	0.3870192307692308	0.6190220820189272	-1	-1	0.18509615384615385	0.8950552492904532	413	187	68
19-82	de	6.23404255319149	1.899886234357224	9.259934161159926	7.837297785200786	0.28100113765642776	0.051194539249146756	0.664391353811149	0.010238907849829351	0.015927189988623434	0.8226950354609929	0.6685332909387532	2.7092198581560285	1.7168458781362008	0.004693664221843003	5.16599979539642e-05	0.004343779087806391	0.8373151308304891	13.24822695035461	1.7927714576469598	3.3641188959660298	2.4767123287671233	0.3640500568828214	0.6487307692307692	0.8303587090021087	0.9514898905905775	0.21274175199089876	0.899799156543168	849	391	141
9-75	de	6.3	2.1626984126984126	12.38684126984127	9.784986984126984	0.3134920634920635	0.023809523809523808	0.6944444444444444	0.0	0.007936507936507936	0.775	0.6396191415422186	2.7	1.4623655913978495	0.003972950253968254	4.525244e-05	0.013605442176870746	0.19047619047619047	13.45	1.7449540279271738	3.54	2.3902439024390243	0.49603174603174605	0.6453594771241833	-1	-1	0.20634920634920634	0.9101415926479804	251	125	40
1-94	de	7.0285714285714285	2.0149051490514904	10.927023615950446	9.070380394889664	0.34146341463414637	0.052845528455284556	0.6910569105691057	0.006775067750677507	0.0040650406504065045	0.9142857142857143	0.708961511245165	3.0476190476190474	1.5785714285714285	0.005042616837398374	4.332273623978202e-05	0.004680955900468096	0.6842818428184282	17.323809523809523	1.7694507281504186	3.0845608292416804	2.247086247086247	0.4092140921409214	0.6524569640062607	0.7634131581710079	0.8991094079834958	0.16395663956639567	0.9156376714225272	718	367	105
16-20	de	5.605263157894737	1.8841940532081378	8.829542459434972	7.9401186228482015	0.31768388106416273	0.048513302034428794	0.7230046948356808	0.03599374021909233	0.009389671361502348	0.8070175438596491	0.7427744575974661	2.675438596491228	1.6521739130434783	0.004043442785133021	6.466745803278688e-05	0.0051890289103039295	0.7151799687010955	11.596491228070175	1.6534684613631982	3.4011843079200594	2.235294117647059	0.41158059467918623	0.6862592592592588	0.7944958066387046	0.8409981131500691	0.1674491392801252	0.9106996884584235	608	305	114
1-3	de	6.740384615384615	2.288159771754636	14.039035306704708	12.206015132228684	0.4108416547788873	0.08273894436519258	0.7503566333808844	0.0	0.005706134094151213	0.8173076923076923	0.7028187340294706	2.9711538461538463	1.5384615384615385	0.0035526021851640514	3.0107162222222222e-05	0.0064691636532528286	0.9543509272467903	18.076923076923077	2.1216883311280137	3.0494997367035284	2.2118380062305296	0.41512125534950073	0.680548172757474	0.8646826763236283	0.8708010116817442	0.12553495007132667	0.9020989804884202	677	405	104
24-46	de	6.388888888888889	1.7130434782608697	7.115579710144932	6.332439613526569	0.34782608695652173	0.0391304347826087	0.7434782608695653	0.021739130434782608	0.004347826086956522	0.8611111111111112	0.6959863945578231	2.9166666666666665	1.5394736842105263	0.00391495317174223	6.4252316e-05	0.014130434782608696	0.26521739130434785	13.86111111111111	1.720356282243537	3.1722772277227724	2.0775862068965516	0.5782608695652174	0.704351145038168	-1	-1	0.1826086956521739	0.9273085922083858	224	125	36
21-79	de	5.612612612612613	2.088282504012841	11.240652466270447	9.17628597168597	0.3306581059390048	0.060995184590690206	0.7335473515248796	0.016051364365971106	0.008025682182985553	0.8288288288288288	0.6826162171162172	2.5675675675675675	1.6334841628959276	0.004269637741469663	6.389284935064936e-05	0.0058131968244327795	0.7576243980738363	13.144144144144144	1.7030897949066828	3.2774762550881955	2.3534246575342466	0.434991974317817	0.7207251908396957	0.8211899053255736	0.7568055398707141	0.16211878009630817	0.9052871681666975	599	308	111
1-13	de	6.531914893617022	2.042345276872964	11.057121075611619	8.024237147411462	0.2996742671009772	0.06840390879478828	0.6416938110749185	0.02280130293159609	0.016286644951140065	0.9148936170212766	0.6906369596586989	2.978723404255319	1.75	0.005212268238762215	9.450958529411764e-05	0.011633317822242905	0.15960912052117263	14.25531914893617	1.6731486598507874	3.4955357142857144	2.513888888888889	0.4755700325732899	0.6045673076923078	-1	-1	0.1563517915309446	0.9204368477374838	297	136	47
1-61	de	4.945205479452055	2.110803324099723	11.246109361363029	9.631228937881836	0.389196675900277	0.05124653739612189	0.7728531855955678	0.029085872576177285	0.009695290858725761	0.7054794520547946	0.6709945609945603	2.27027027027027	1.4763513513513513	0.0034404538170360113	4.893477753086419e-05	0.005274945482407025	1.1786703601108033	12.675675675675675	2.001579946268414	3.1135531135531136	2.3925619834710745	0.48337950138504154	0.7329213483146084	1.0303098200058478	0.9452036307363639	0.14127423822714683	0.9183098690132552	685	405	148
16-215	de	6.709677419354839	1.8605769230769231	8.98158188585608	6.988684987593053	0.33653846153846156	0.060897435897435896	0.7275641025641025	0.052884615384615384	0.011217948717948718	0.8064516129032258	0.7148797724724835	3.139784946236559	1.7536231884057971	0.0037565994971153847	8.6414415e-05	0.00636808367071525	0.5224358974358975	13.365591397849462	1.5597706577390489	3.431654676258993	2.179566563467492	0.375	0.6054857142857141	0.9617713691416077	0.8008902815124735	0.14743589743589744	0.8819873765616312	585	280	93
12-56	de	6.714285714285714	2.073842302878598	11.49991060253889	9.72679002324334	0.3216520650813517	0.06758448060075094	0.6983729662077597	0.03254067584480601	0.012515644555694618	0.8739495798319328	0.7228729949567434	3.0168067226890756	1.7121212121212122	0.003991296273091364	5.687878146214099e-05	0.004407683517440279	0.804755944931164	15.46218487394958	1.7884339732919878	3.2751605995717346	2.2591743119266057	0.42052565707133915	0.6847285714285731	0.7282355526946475	0.8082086798692583	0.15644555694618273	0.9135322864505789	751	383	119
16-14	de	5.231404958677686	2.0315955766192735	10.423075737991727	9.0332770070372	0.33175355450236965	0.06477093206951026	0.717219589257504	0.01263823064770932	0.00631911532385466	0.8016528925619835	0.6986851458726455	2.7355371900826446	1.4936708860759493	0.0037831041543443917	6.745193679245283e-05	0.0051966408913278455	0.6303317535545023	11.388429752066116	1.7328588368634552	3.342998585572843	2.291304347826087	0.4423380726698262	0.6999438202247202	0.7518041536097482	0.9506560940725124	0.1579778830963665	0.9212461577945835	615	318	121
17-53	de	5.421875	1.8040345821325647	7.812139319164263	6.075788220461096	0.28097982708933716	0.05043227665706052	0.7276657060518732	0.010086455331412104	0.018731988472622477	0.8125	0.677743641002094	2.4846153846153847	1.508695652173913	0.00419183286685879	6.15392361516035e-05	0.005366192984199543	0.4711815561959654	11.438461538461539	1.6927423393599865	3.3306930693069305	2.419141914191419	0.40778097982708933	0.6748907563025217	0.7565307239312686	0.8483733665336581	0.20893371757925072	0.9151389054899529	683	343	130
12-74	de	8.057692307692308	1.7971360381861574	8.758705250596662	6.656231834037085	0.2458233890214797	0.050119331742243436	0.6754176610978521	0.031026252983293555	0.011933174224343675	0.9230769230769231	0.783893227077529	3.4615384615384617	1.671875	0.004949592244391407	4.552588301886793e-05	0.008253778838504377	0.5632458233890215	15.653846153846153	1.633582594399902	3.4792176039119806	2.2637362637362637	0.37708830548926014	0.6136875	-1	-1	0.18854415274463007	0.8787594159507804	396	159	52
19-104	de	5.833333333333333	2.049624060150376	10.870563909774436	8.736919799498747	0.37293233082706767	0.06015037593984962	0.7142857142857143	0.012030075187969926	0.013533834586466165	0.8421052631578947	0.7163464608154867	2.7457627118644066	1.582995951417004	0.004455063837593985	3.50829375e-05	0.005935892362485161	0.5894736842105263	13.338983050847459	1.8092576582606492	3.389873417721519	2.5816023738872405	0.4075187969924812	0.6481272084805654	1.0723740874504533	1.2084849257947876	0.1593984962406015	0.8939421423491867	647	352	118
16-55	de	6.041237113402062	1.8532423208191127	8.634341859892334	7.19087982829598	0.3174061433447099	0.06655290102389079	0.6843003412969283	0.017064846416382253	0.005119453924914676	0.8762886597938144	0.7128058284308283	2.865979381443299	1.6	0.004479362689931741	5.497652118055556e-05	0.0054884235771607785	0.9573378839590444	13.154639175257731	1.6227379601769183	3.2962382445141065	2.3056603773584907	0.46075085324232085	0.7165297741273069	0.8076365602440497	0.8377326790702915	0.18088737201365188	0.923740971741517	570	288	97
13-29	de	7.470588235294118	1.8687664041994752	9.374972981318514	7.1681243476918315	0.2782152230971129	0.03412073490813648	0.6535433070866141	0.005249343832020997	0.010498687664041995	0.9411764705882353	0.7897621822621823	3.2941176470588234	1.6942148760330578	0.004711613721784777	7.475989013157894e-05	0.00958005249343832	0.28346456692913385	15.254901960784315	1.5843721093721093	3.453488372093023	2.5614973262032086	0.4199475065616798	0.6328723404255318	-1	-1	0.1968503937007874	0.893460015839713	364	152	51
16-175	de	7.125	1.8701754385964913	9.256820175438598	7.4258672514619875	0.30058479532163745	0.0608187134502924	0.7076023391812866	0.019883040935672516	0.00935672514619883	0.8916666666666667	0.6699248073012286	3.1487603305785123	1.6494845360824741	0.00432515209239766	7.15310435443038e-05	0.004152046783625731	0.6152046783625731	14.487603305785123	1.6669492478603998	3.4203966005665722	2.250728862973761	0.40350877192982454	0.6859391534391547	0.7674999913911283	0.8573818353642375	0.18011695906432748	0.9221498725617754	823	395	121
13-84	de	7.712328767123288	2.0266429840142095	11.332195430545756	9.62340012652376	0.3321492007104796	0.08880994671403197	0.7584369449378331	0.047957371225577264	0.0053285968028419185	0.8767123287671232	0.7205727745852666	2.9863013698630136	2.1294117647058823	0.0034103618144367674	5.371958362369338e-05	0.007104795737122558	0.34458259325044405	18.876712328767123	1.8581775496864137	3.291938997821351	2.5068119891008176	0.4849023090586146	0.6514655172413795	0.9937233443246622	0.9327777478054794	0.12255772646536411	0.913596650350842	520	287	73
8-44	de	5.762376237623762	1.929553264604811	9.426055255010038	6.921166901432411	0.3075601374570447	0.024054982817869417	0.6580756013745704	0.0	0.010309278350515464	0.8217821782178217	0.6764547258297255	2.801980198019802	1.5270935960591132	0.004406234440034365	3.778564363636363e-05	0.006335910652920962	0.6288659793814433	12.396039603960396	1.6563963813963816	3.3172085646312452	2.3401015228426396	0.4175257731958763	0.658550724637678	0.7751681707373682	0.9499992619336168	0.19243986254295534	0.9133181014006848	581	275	101
1-62	de	5.094736842105263	1.8553719008264462	8.290335798173118	7.661261487603305	0.3512396694214876	0.05371900826446281	0.7045454545454546	0.0	0.008264462809917356	0.8631578947368421	0.7030725184980497	2.473684210526316	1.591160220994475	0.0047722749588842974	5.580532471042471e-05	0.006257378984651712	0.890495867768595	11.536842105263158	1.5886420028109778	3.2349726775956285	2.5	0.45661157024793386	0.7054545454545461	-1	0.7839170696371153	0.15082644628099173	0.9155576308539515	479	259	95
18-82	de	7.326530612244898	1.84958217270195	9.092416576658522	7.123254971292138	0.22562674094707522	0.04456824512534819	0.6740947075208914	0.013927576601671309	0.013927576601671309	0.9795918367346939	0.7942829739704736	3.0408163265306123	1.6846846846846846	0.005147988334818942	6.150116666666667e-05	0.008542246982358403	0.24233983286908078	14.571428571428571	1.5386634407342692	3.5453277545327753	2.409356725146199	0.4456824512534819	0.6553846153846159	-1	-1	0.233983286908078	0.9207858778232058	345	147	49
14-4	de	5.8375	2.0792291220556747	11.221528640256963	9.78916704496788	0.3340471092077088	0.06423982869379015	0.6916488222698073	0.023554603854389723	0.004282655246252677	0.8375	0.724898729962021	2.7125	1.685897435897436	0.004209266605353319	5.082758697478992e-05	0.0063549077847620365	0.48822269807280516	13.1	1.7106912375494114	3.264485981308411	2.259259259259259	0.5010706638115632	0.701902173913043	-1	0.8534988267818345	0.17130620985010706	0.9274347191289011	452	238	80
16-41	de	5.562962962962963	1.9547270306258322	9.645334516940377	8.530280536568528	0.355525965379494	0.047936085219707054	0.7283621837549934	0.05459387483355526	0.005326231691078562	0.725925925925926	0.653247105299344	2.5220588235294117	1.5661764705882353	0.0038082307718378962	6.364789670329671e-05	0.005295969011015616	0.9680426098535286	13.095588235294118	1.6588448400407743	3.209758833426809	2.35	0.4141145139813582	0.6727147239263797	0.5769715042261356	0.813392143939911	0.13981358189081225	0.9042868666749632	687	364	136
16-167	de	7.323741007194244	1.730844793713163	7.690227558621082	5.957525567129794	0.27111984282907664	0.05697445972495088	0.7161100196463654	0.02455795677799607	0.0068762278978389	0.9064748201438849	0.7189466414805563	3.1654676258992804	1.649390243902439	0.004329378062119842	6.902237948113208e-05	0.0038622968387211996	0.7141453831041258	14.194244604316546	1.5877505260410214	3.4715651736285857	2.289537712895377	0.36738703339882123	0.695299238302503	0.7388299829328887	0.8585639069891737	0.1925343811394892	0.9073024070853434	975	424	139
21-319	de	6.816326530612245	1.7305389221556886	7.4887266283759	5.884674825858489	0.27095808383233533	0.04491017964071856	0.6916167664670658	0.016467065868263474	0.004491017964071856	0.8367346938775511	0.6999485337114201	3.010204081632653	1.592920353982301	0.005253889948353294	6.689561186440679e-05	0.0056704772273634555	0.6691616766467066	12.928571428571429	1.545085327670862	3.5391236306729263	2.2457142857142856	0.36227544910179643	0.6633216168717039	0.5397118482047641	0.7818824138916506	0.18712574850299402	0.8902087165514448	659	295	98
1-72	de	6.621621621621622	1.9775510204081632	10.327534473248761	8.760788196359625	0.29183673469387755	0.05714285714285714	0.7142857142857143	0.022448979591836733	0.00816326530612245	0.8243243243243243	0.6913540036827707	2.6486486486486487	1.728395061728395	0.004025375852857143	7.868709123505976e-05	0.006896551724137932	0.45714285714285713	14.608108108108109	1.8109818043641572	3.392300641613199	2.1933701657458564	0.4489795918367347	0.6827365728900254	-1	0.8291394484363597	0.18979591836734694	0.8904212885398682	479	251	74
1-68	de	6.1568627450980395	1.9585987261146496	9.922641438741103	8.72883827900587	0.25796178343949044	0.04777070063694268	0.7261146496815286	0.006369426751592357	0.01592356687898089	0.8333333333333334	0.7059772186009807	2.6310679611650487	1.5786802030456852	0.0037986459925159234	5.5329492880258896e-05	0.006015569709837226	0.4124203821656051	13.815533980582524	1.8535005984395152	3.3057103064066853	2.282700421940928	0.41878980891719747	0.6552173913043492	0.6161358332046986	0.7597057193383945	0.2197452229299363	0.9008335147839183	619	309	103
6-32	de	6.74468085106383	1.7539432176656151	7.736955500369156	6.679272152493455	0.277602523659306	0.028391167192429023	0.6845425867507886	0.006309148264984227	0.00946372239747634	1.0	0.7138010540184453	2.893617021276596	1.4954954954954955	0.004555483386119874	5.399076621621622e-05	0.010646687697160883	0.277602523659306	13.51063829787234	1.6283518490965299	3.4199683042789224	2.1645569620253164	0.48264984227129337	0.6710550458715604	-1	-1	0.2113564668769716	0.9195366533175803	315	148	47
1-89	de	5.744827586206896	2.0408163265306123	10.732115411681917	9.465727249244527	0.31932773109243695	0.07803121248499399	0.6890756302521008	0.012004801920768308	0.009603841536614645	0.8137931034482758	0.6746663523930679	2.5310344827586206	1.603448275862069	0.00400776661152461	5.653378717339668e-05	0.0046371489772379535	1.2569027611044419	12.696551724137931	1.6687273855345275	3.3826891671203048	2.247863247863248	0.3817527010804322	0.6975476839237059	0.6860136785093429	0.7717959941197341	0.16806722689075632	0.9006699331763276	815	421	145
6-70	de	6.723076923076923	1.723112128146453	7.3647231121281465	6.209121344833656	0.2906178489702517	0.036613272311212815	0.6704805491990846	0.002288329519450801	0.004576659038901602	0.9076923076923077	0.6483293756386588	2.923076923076923	1.521472392638037	0.0053228093098398165	6.08856618556701e-05	0.008217183274391512	0.36384439359267734	13.784615384615385	1.6055803171187786	3.2376779846659365	2.3448275862068964	0.4233409610983982	0.6043786982248525	-1	-1	0.18993135011441648	0.9150363240725764	432	194	65
21-106	de	7.027777777777778	1.6442687747035574	6.553204874835313	5.076684760649978	0.2490118577075099	0.03162055335968379	0.6956521739130435	0.0	0.015810276679841896	0.9444444444444444	0.7524002981145838	3.0555555555555554	1.6049382716049383	0.005003495252964427	5.233302678571429e-05	0.01383399209486166	0.19367588932806323	13.527777777777779	1.4945137424304091	3.457317073170732	2.3846153846153846	0.47035573122529645	0.6029870129870134	-1	-1	0.19367588932806323	0.9033974561217455	252	112	36
1-120	de	4.79375	1.9230769230769231	8.971870192307694	7.917962196870928	0.3324641460234681	0.05215123859191656	0.6805736636245111	0.011734028683181226	0.014341590612777053	0.675	0.6488943795547569	2.28125	1.658273381294964	0.004985518842503259	4.93361228021978e-05	0.004549363366528891	1.0273794002607561	10.55625	1.7769230248917747	3.366977829638273	2.4608938547486034	0.37809647979139505	0.6588173652694601	0.6506742698047422	0.7422820033519999	0.17470664928292046	0.9009780138517959	748	364	160
10-95	de	6.2377622377622375	1.9002242152466369	9.265373012637589	7.782942635391514	0.3183856502242152	0.052690582959641255	0.6984304932735426	0.028026905829596414	0.0257847533632287	0.7972027972027972	0.7700240975769143	2.579310344827586	1.6221498371335505	0.0042245941511210765	4.833348317073171e-05	0.0051666991616299476	0.8856502242152466	13.317241379310344	1.7348781680000922	3.254591836734694	2.292079207920792	0.3632286995515695	0.6701513240857514	0.6890620207540462	0.8882223576764278	0.15022421524663676	0.8895808389660494	855	410	145
5-58	de	6.907894736842105	1.7866666666666666	8.18674561403509	5.614704761904763	0.259047619047619	0.0419047619047619	0.7295238095238096	0.0	0.009523809523809525	0.881578947368421	0.7115210715210714	3.026315789473684	1.5698324022346368	0.004519573627809524	6.82936705882353e-05	0.006305418719211822	0.7028571428571428	13.276315789473685	1.463542542768549	3.5146771037181996	2.433734939759036	0.38095238095238093	0.6362441314553996	0.405949854515618	0.76399643096278	0.19238095238095237	0.8936599484653605	522	238	76
8-38	de	6.0	1.9752252252252251	10.057657657657657	8.381353153153151	0.2747747747747748	0.0518018018018018	0.6936936936936937	0.0	0.013513513513513514	0.8918918918918919	0.725831512475348	2.77027027027027	1.5833333333333333	0.004944291321621622	3.73906765e-05	0.008534850640113797	0.2702702702702703	13.513513513513514	1.7763136638136636	3.266336633663366	2.37	0.43018018018018017	0.648985507246375	-1	0.9329567244007395	0.18243243243243243	0.9172369392299995	434	200	74
24-148	de	5.673469387755102	1.7032374100719425	6.720854500073411	5.085096887388049	0.2607913669064748	0.017985611510791366	0.7410071942446043	0.01079136690647482	0.00539568345323741	0.8469387755102041	0.707634576191277	2.520408163265306	1.4660194174757282	0.004208673040467625	6.3884714e-05	0.005755395683453238	0.17086330935251798	11.193877551020408	1.5646683531887615	3.383424408014572	2.248587570621469	0.4442446043165468	0.6351422319474842	1.1039014787713124	0.9364588132233497	0.2302158273381295	0.932270381587056	548	250	98
10-94	de	9.533333333333333	1.8083916083916083	9.46702097902098	7.136469836829837	0.2839160839160839	0.04055944055944056	0.6405594405594406	0.008391608391608392	0.0013986013986013986	0.9333333333333333	0.7188180031833281	3.76	1.7629310344827587	0.005918286602517482	4.663898899676375e-05	0.005594405594405594	0.8951048951048951	18.586666666666666	1.638540931777774	3.4507548526240117	2.2236024844720497	0.31888111888111886	0.6003409090909088	0.5819797292064659	0.6801876950035225	0.18321678321678322	0.875105735817932	706	309	75
5-24	de	6.846153846153846	1.7097378277153559	7.2549063670411975	5.4647892826274855	0.2397003745318352	0.07116104868913857	0.7640449438202247	0.0	0.018726591760299626	0.9102564102564102	0.7434293170542212	2.9125	1.5485714285714285	0.004549242377153559	4.976050745098039e-05	0.010611735330836454	0.22659176029962547	13.125	1.525563001132854	3.413760603204524	2.3114754098360657	0.34831460674157305	0.6125057471264373	0.48577626491192183	0.7212279386498553	0.19662921348314608	0.8727760135460598	534	255	80
1-60	de	6.5	2.132867132867133	12.11283216783217	9.645762703962705	0.3356643356643357	0.037296037296037296	0.7692307692307693	0.011655011655011656	0.009324009324009324	0.8939393939393939	0.7754493028339181	2.8059701492537314	1.509433962264151	0.003830104032007972	6.72003528888889e-05	0.008614573831965136	0.24475524475524477	14.686567164179104	1.9042243094920883	3.4	2.2840466926070038	0.47785547785547783	0.6510606060606061	-1	1.1092119242069391	0.19347319347319347	0.9043111161597798	410	225	67
6-77	de	7.373134328358209	1.9311740890688258	10.07337663907185	7.4662495981630315	0.3016194331983806	0.04048582995951417	0.6558704453441295	0.008097165991902834	0.006072874493927126	0.8656716417910447	0.6999892983146571	3.283582089552239	1.654320987654321	0.005245459832995951	5.594792731277533e-05	0.00680161943319838	0.2894736842105263	15.014925373134329	1.7243866124344855	3.3994140625	2.3732394366197185	0.44129554655870445	0.6268607594936723	-1	0.7543102397272743	0.1700404858299595	0.927278206284355	489	227	67
13-92	de	6.397058823529412	2.0436781609195402	11.020255240027048	9.260668695064235	0.30344827586206896	0.0735632183908046	0.6919540229885057	0.010344827586206896	0.006896551724137931	0.8823529411764706	0.7205254210809765	2.875	1.6870748299319729	0.004325640229892069	6.18581584725537e-05	0.004063084736701417	0.7126436781609196	14.147058823529411	1.8417621720380484	3.3674418604651164	2.4254278728606358	0.4057471264367816	0.6832166018158236	0.7818771084127509	0.8564351518315171	0.1781609195402299	0.9190451664983225	840	419	136
13-55	de	5.979166666666667	1.8745644599303135	8.861735627177701	6.673322938443671	0.28222996515679444	0.0627177700348432	0.6794425087108014	0.003484320557491289	0.013937282229965157	0.9375	0.673669592818529	2.6666666666666665	1.6464646464646464	0.00476698468118467	4.761358396946565e-05	0.009581881533101045	0.27526132404181186	12.770833333333334	1.6605823285510786	3.3987034035656403	2.381818181818182	0.4843205574912892	0.6475531914893619	-1	-1	0.18466898954703834	0.9183908912097734	284	131	48
5-129	de	6.4743589743589745	1.8772277227722771	9.086287128712868	6.5227207413049015	0.3445544554455445	0.055445544554455446	0.7465346534653465	0.023762376237623763	0.009900990099009901	0.8589743589743589	0.6850053806222637	2.7974683544303796	1.690909090909091	0.0038028711638122773	7.650864824902725e-05	0.005940594059405941	0.5782178217821782	13.341772151898734	1.7417949139468127	3.377110694183865	2.269230769230769	0.504950495049505	0.6972906403940873	-1	0.9120466042422389	0.16237623762376238	0.9179456404773633	484	257	79
19-53	de	6.257731958762887	2.3953871499176276	15.116083832945531	12.90392869783794	0.471169686985173	0.09719934102141681	0.7792421746293245	0.011532125205930808	0.0	0.7731958762886598	0.7358548155307423	2.6288659793814433	1.4042553191489362	0.0026873014703459636	2.9520372533333336e-05	0.006100004452557995	0.7957166392092258	19.061855670103093	2.3554317447975297	2.984986595174263	2.3214285714285716	0.5321252059308073	0.7715944881889772	0.7117800254716706	0.8649359862111455	0.08072487644151564	0.9329337102036961	587	375	97
23-92	de	5.576	2.101865136298422	11.38664860832138	10.14227133199426	0.3672883787661406	0.05308464849354376	0.7130559540889526	0.0028694404591104736	0.00860832137733142	0.736	0.6570609010955311	2.645669291338583	1.4907063197026023	0.004066188696700144	3.132792861035423e-05	0.005804095474109822	1.0918220946915351	13.362204724409448	1.898295052325305	3.178240740740741	2.270700636942675	0.4017216642754663	0.6849832775919728	0.6027226831417961	0.8681919845589181	0.17073170731707318	0.8997257265093992	689	367	127
9-111	de	6.942028985507246	1.8935281837160751	9.461023872197515	6.814371129466582	0.32150313152400833	0.05636743215031315	0.6826722338204593	0.006263048016701462	0.012526096033402923	0.8840579710144928	0.7139389865709067	3.0144927536231885	1.6457142857142857	0.0046635952331941545	6.0394623181818186e-05	0.006263048016701461	0.4780793319415449	13.666666666666666	1.6706251636743628	3.484752891692955	2.3070866141732282	0.4697286012526096	0.6932631578947368	-1	0.8325637417859664	0.17954070981210857	0.9338710467355228	476	220	69
19-59	de	6.9375	1.7267267267267268	7.491000375375378	5.487892942942942	0.27927927927927926	0.042042042042042045	0.6666666666666666	0.015015015015015015	0.015015015015015015	0.9375	0.729495964406379	3.1666666666666665	1.7027027027027026	0.0046129167804804805	6.746734214285713e-05	0.009175842509175842	0.2042042042042042	13.5	1.5846058455433456	3.377329192546584	2.1862745098039214	0.4594594594594595	0.659487179487179	-1	-1	0.17717717717717718	0.9128259636671585	325	140	48
8-67	de	7.180327868852459	2.1004566210045663	11.995715996706345	9.100870454375327	0.3675799086757991	0.0684931506849315	0.6872146118721462	0.0	0.00684931506849315	0.9180327868852459	0.6573135198135198	3.2295081967213113	1.5868263473053892	0.005486811592237443	4.706663852813853e-05	0.009295499021526418	0.771689497716895	16.80327868852459	1.8034656827689615	3.186897880539499	2.340909090909091	0.4269406392694064	0.6454867256637159	-1	0.6270287970633392	0.1461187214611872	0.8900799872625274	430	231	61
9-73	de	5.7	2.11336032388664	11.570651821862352	9.92148129554656	0.3427800269905533	0.06747638326585695	0.7206477732793523	0.020242914979757085	0.006747638326585695	0.8692307692307693	0.7227605512489234	2.816793893129771	1.5518518518518518	0.004124957983535763	4.7200894117647057e-05	0.003960570322126386	0.951417004048583	13.893129770992367	1.8468740509602657	3.196516058791508	2.2904109589041095	0.46288798920377866	0.7212305295950145	0.8311170275771537	0.8752751824089665	0.16464237516869096	0.9283858338625007	718	391	131
7-17	de	6.267441860465116	2.0538033395176254	11.08918173188938	7.878482141778488	0.2764378478664193	0.059369202226345084	0.673469387755102	0.0037105751391465678	0.00927643784786642	0.9069767441860465	0.7333761336702513	2.4767441860465116	1.7386363636363635	0.004535043069758812	4.827108968253968e-05	0.0085504557554247	0.4155844155844156	13.627906976744185	1.8144596559011745	3.3262711864406778	2.3533333333333335	0.37662337662337664	0.5990454545454533	0.7618110334839753	0.7986154838094938	0.1725417439703154	0.885776763285201	537	252	86
19-25	de	6.777777777777778	1.9795081967213115	10.41153005464481	8.491755373406193	0.2459016393442623	0.07377049180327869	0.6953551912568307	0.012295081967213115	0.00819672131147541	0.8240740740740741	0.6812765131759078	2.824074074074074	1.837837837837838	0.003974539921857923	6.012221796407185e-05	0.005616272009714632	0.3674863387978142	15.12962962962963	1.782179813189015	3.252274105518496	2.332075471698113	0.37841530054644806	0.666429699842022	0.5754809068472753	0.8160327199438897	0.20355191256830601	0.9011039259172462	720	334	108
18-53	de	6.333333333333333	1.8993135011441649	9.291899313501144	8.056313196033564	0.30320366132723114	0.05377574370709382	0.7013729977116705	0.005720823798627002	0.006864988558352402	0.9057971014492754	0.7249523590764468	2.8260869565217392	1.5681818181818181	0.003912539388329519	4.740360318181818e-05	0.004062952412086116	1.0377574370709381	13.884057971014492	1.772738452581803	3.256517205422315	2.182509505703422	0.37871853546910755	0.7035483870967749	0.648686573001345	0.7424018519961783	0.18421052631578946	0.9024584759237613	860	440	138
4-23	de	8.3	1.783132530120482	8.687963855421689	5.907820240963857	0.2289156626506024	0.060240963855421686	0.6987951807228916	0.0	0.0	1.0	0.8132150166463892	3.9	1.8	0.005037726895180723	5.906859705882353e-05	0.03614457831325302	0.012048192771084338	16.2	1.6858585858585857	3.425925925925926	2.111111111111111	0.6024096385542169	0.6024096385542169	-1	-1	0.21686746987951808	0.9346284485087002	83	34	10
5-94	de	5.27536231884058	2.114010989010989	11.412720974677502	9.202013107182673	0.3021978021978022	0.07280219780219781	0.7197802197802198	0.0027472527472527475	0.005494505494505495	0.7753623188405797	0.7017084294456555	2.5652173913043477	1.584313725490196	0.003878365948076923	6.583854289617486e-05	0.005494505494505495	0.4725274725274725	11.695652173913043	1.9204942501138154	3.434542102028273	2.475836431226766	0.4175824175824176	0.6932432432432426	0.6515242834374299	0.8017725889122608	0.2087912087912088	0.9168189426966494	716	366	138
16-221	de	7.366336633663367	1.8333333333333333	8.916204620462047	7.168371915256042	0.33064516129032256	0.04704301075268817	0.706989247311828	0.05241935483870968	0.01881720430107527	0.8613861386138614	0.7307871980960213	3.4752475247524752	1.7520325203252032	0.0037488963260752686	7.0198683625731e-05	0.005074610489357033	0.9045698924731183	14.396039603960396	1.5700754847554117	3.436952124072825	2.1246753246753247	0.35618279569892475	0.6043720930232558	0.5910773320324071	0.7384859701582207	0.16666666666666666	0.879188536885705	693	342	101
19-54	de	5.946902654867257	1.818452380952381	8.187030130636327	7.110839981036663	0.26339285714285715	0.04017857142857143	0.6964285714285714	0.025297619047619048	0.00744047619047619	0.8584070796460177	0.7235484505573787	2.752212389380531	1.7142857142857142	0.004487097018005952	7.756052448275862e-05	0.004396645021645021	0.9300595238095238	12.663716814159292	1.695588727889613	3.3053221288515404	2.303921568627451	0.40922619047619047	0.6796684118673645	0.6118809406652541	0.8213276638507062	0.17559523809523808	0.9139139993734025	645	290	113
12-12	de	7.117647058823529	1.8953168044077136	9.5506206449522	8.20983642845568	0.27548209366391185	0.06611570247933884	0.6749311294765841	0.01928374655647383	0.0027548209366391185	0.8627450980392157	0.7000814463314464	3.235294117647059	1.8103448275862069	0.004794566902479339	5.9341015950920245e-05	0.00881542699724518	0.34710743801652894	14.27450980392157	1.674316941228706	3.508130081300813	2.2747252747252746	0.4738292011019284	0.661590909090908	-1	-1	0.17079889807162535	0.9227936550653665	361	163	51
10-33	de	5.947368421052632	1.976991150442478	10.057969259431765	9.05102831858407	0.34690265486725663	0.05309734513274336	0.6743362831858407	0.007079646017699115	0.007079646017699115	0.8210526315789474	0.7013001217944894	2.7578947368421054	1.4951923076923077	0.004170307807256637	4.406412087912088e-05	0.006543309198176454	0.8442477876106195	13.43157894736842	1.8339696512366384	3.235248447204969	2.205426356589147	0.415929203539823	0.6648283261802584	0.5836754896068581	0.7178013504123693	0.1752212389380531	0.9113135737208903	538	273	95
9-6	de	6.522222222222222	2.119250425894378	11.960821692220328	10.334527480598144	0.3679727427597956	0.04599659284497445	0.747870528109029	0.020442930153321975	0.015332197614991482	0.8777777777777778	0.7631131420823654	2.802197802197802	1.3801652892561984	0.003163416895911414	5.229124248366013e-05	0.005755329435056863	0.8262350936967632	15.89010989010989	1.8124509098707888	3.2501727712508637	2.3175675675675675	0.45826235093696766	0.7197131147540974	0.6011676040966543	0.8586652005994102	0.17035775127768313	0.9158153363128334	561	306	91
1-7	de	5.880952380952381	2.174089068825911	12.357822440717182	11.072289839984577	0.349527665317139	0.0796221322537112	0.747638326585695	0.0	0.012145748987854251	0.8253968253968254	0.7031227883227881	2.7857142857142856	1.530035335689046	0.002782456456410257	6.285509592326139e-05	0.005336768494663231	1.087719298245614	14.476190476190476	1.8921881676783638	3.267643865363735	2.285285285285285	0.3913630229419703	0.6945015576323977	0.8491217261852978	0.8985806892234314	0.14709851551956815	0.8878683442841487	726	417	126
10-78	de	6.268656716417911	1.973809523809524	10.145728500355368	8.685595593461265	0.3476190476190476	0.047619047619047616	0.6857142857142857	0.009523809523809525	0.009523809523809525	0.835820895522388	0.721494141380505	2.671641791044776	1.605095541401274	0.004951744259523809	4.9400762135922326e-05	0.009307359307359308	0.4166666666666667	13.567164179104477	1.5881053165062684	3.343201754385965	2.293838862559242	0.4666666666666667	0.6837694704049844	-1	0.9356058349001702	0.1619047619047619	0.9150357795024969	409	206	67
13-42	de	6.1692307692307695	1.8940149625935163	9.165376558603494	8.049699873393442	0.31546134663341646	0.057356608478802994	0.6945137157107232	0.004987531172069825	0.014962593516209476	0.8923076923076924	0.7208550793132118	2.562962962962963	1.6282527881040891	0.004517353613965087	4.6146205050505053e-05	0.0049571193966303755	0.71571072319202	13.718518518518518	1.709191589761765	3.1934089681253375	2.27	0.3802992518703242	0.6735561877667138	0.7854804718765538	0.8773317049832842	0.18453865336658354	0.8994356791773053	772	396	135
18-76	de	5.568807339449541	1.9126853377265238	9.151521847558303	7.041425839215272	0.2932454695222405	0.03459637561779242	0.6952224052718287	0.008237232289950576	0.009884678747940691	0.7431192660550459	0.715846409249187	2.541284403669725	1.6232558139534883	0.005375781427182866	5.8851550889679715e-05	0.00701690158032827	0.5304777594728172	12.26605504587156	1.8290046505884265	3.2578295702840494	2.3347280334728033	0.40691927512355847	0.6655905511811017	0.5741381164457422	0.8726697334738525	0.17462932454695224	0.9139708118266914	593	281	109
7-77	de	5.443548387096774	1.8474074074074074	8.332391278375152	7.503976105137395	0.34074074074074073	0.05925925925925926	0.7614814814814815	0.035555555555555556	0.007407407407407408	0.8225806451612904	0.6994814580180436	2.46875	1.5782608695652174	0.0033921169014814816	6.106982379603399e-05	0.005004115226337448	0.9674074074074074	12.1953125	1.7258299101072538	3.0793254216114927	2.1794871794871793	0.42518518518518517	0.6780381944444438	0.7981804962764049	1.1500906845780983	0.15555555555555556	0.8935098536613821	639	353	128
16-61	de	6.248062015503876	1.8387096774193548	8.543518379594897	7.580978698520784	0.3225806451612903	0.038461538461538464	0.7096774193548387	0.013647642679900745	0.016129032258064516	0.8217054263565892	0.746468006819569	2.713235294117647	1.5483870967741935	0.00461150622133995	5.528790375939849e-05	0.004380412214513597	0.8995037220843672	12.338235294117647	1.6267809895376841	3.405070754716981	2.25	0.3957816377171216	0.6607637906647823	0.7509749689813188	0.9044502822577797	0.1935483870967742	0.9123170821599718	788	399	136
22-7	de	7.805194805194805	1.713810316139767	7.676987704475227	6.02796534347516	0.27287853577371046	0.059900166389351084	0.7154742096505824	0.008319467554076539	0.014975041597337771	0.948051948051948	0.6785821784854293	3.324675324675325	1.6391752577319587	0.0042952604006655576	0.00010315696592592593	0.007903494176372712	0.324459234608985	14.818181818181818	1.5929692760766099	3.5004359197907586	2.1161616161616164	0.37437603993344426	0.6288844621513952	0.892824513757023	0.9075377306156481	0.15640599001663893	0.8913998664851595	581	270	77
14-59	de	7.12	1.7752808988764044	8.135114606741574	6.272093213483146	0.2247191011235955	0.025280898876404494	0.699438202247191	0.0	0.008426966292134831	0.96	0.7490979541999951	2.78	1.5925925925925926	0.005809119701404494	6.58132480263158e-05	0.012359550561797753	0.2640449438202247	13.8	1.552522515324373	3.568940493468795	2.2705882352941176	0.3595505617977528	0.5866536964980543	-1	-1	0.2303370786516854	0.8593930718736571	356	152	50
16-23	de	6.798507462686567	1.8287596048298573	8.640781247440081	7.445519448858889	0.300768386388584	0.06037321624588365	0.6783754116355654	0.036223929747530186	0.009879253567508232	0.8582089552238806	0.7193026271973636	3.0074074074074075	1.7517985611510791	0.004341349307076839	5.729253581395349e-05	0.004017096013265759	0.849615806805708	13.444444444444445	1.5552188116990842	3.464169381107492	2.2248062015503876	0.37980241492864986	0.6458990147783256	0.733730303828007	0.77407464607514	0.18551042810098792	0.9072317077892295	873	430	135
16-189	de	7.472527472527473	1.738235294117647	7.8354621848739505	5.914759534583064	0.26176470588235295	0.03235294117647059	0.6941176470588235	0.026470588235294117	0.004411764705882353	0.9340659340659341	0.7441112328599427	3.087912087912088	1.5363636363636364	0.004292154664705882	5.8634433898305084e-05	0.004939668174962292	0.7779411764705882	14.197802197802197	1.5280282105957288	3.5234009360374414	2.1319796954314723	0.3573529411764706	0.6482099827882954	0.7340547810476917	0.8236745085252111	0.22647058823529412	0.8946049554374715	670	295	91
18-63	de	6.35632183908046	1.6871609403254972	6.797464613082251	5.241104317100039	0.2423146473779385	0.0216998191681736	0.6763110307414105	0.0018083182640144665	0.0108499095840868	0.8505747126436781	0.7297744955303096	2.6551724137931036	1.5854922279792747	0.004620650859855334	5.37694746835443e-05	0.006297936022946935	0.5316455696202531	12.586206896551724	1.6020621907857175	3.3173164097914776	2.324607329842932	0.33634719710669075	0.6038766519823792	0.6090702750826368	0.7646825244324903	0.21338155515370705	0.8800532969949085	543	237	87
19-58	de	5.8	1.7402298850574713	7.206712643678163	6.398966896551725	0.26666666666666666	0.04597701149425287	0.7011494252873564	0.009195402298850575	0.020689655172413793	0.8533333333333334	0.7690924690924689	2.6315789473684212	1.4968152866242037	0.0038026051848275865	7.763145151515152e-05	0.008045977011494253	0.33793103448275863	12.355263157894736	1.67835934168171	3.315457413249211	2.304812834224599	0.432183908045977	0.6952678571428559	-1	-1	0.17701149425287357	0.9099737829881122	427	198	76
6-26	de	6.125	1.764378478664193	7.618416048237481	5.931753061224489	0.2912801484230056	0.03339517625231911	0.6790352504638218	0.02411873840445269	0.012987012987012988	0.8181818181818182	0.733923069267897	2.897727272727273	1.5668449197860963	0.004534096459183673	6.628398922413794e-05	0.008039579468150896	0.3914656771799629	12.159090909090908	1.5483412420912421	3.3642201834862386	2.375	0.3877551020408163	0.639681818181818	0.7847111931406215	0.9592991039682467	0.17625231910946196	0.8936605748197598	531	232	88
14-20	de	5.2631578947368425	2.0675	10.85913157894737	8.977462500000001	0.3375	0.065	0.7325	0.02875	0.02	0.7763157894736842	0.6738632780023508	2.450980392156863	1.5838926174496644	0.00401403000575	5.356434701492537e-05	0.00475	0.765	11.705882352941176	1.8223541618149461	3.312637362637363	2.30791788856305	0.42875	0.6936661911554936	0.6763564130221148	0.8117563501374411	0.1825	0.9111774303001106	770	402	153
5-132	de	8.626168224299066	1.9404117009750812	10.671063678982595	9.092224904567594	0.3087757313109426	0.06175514626218852	0.6782231852654388	0.01733477789815818	0.014084507042253521	0.9065420560747663	0.7290377445009374	3.364485981308411	1.7152317880794703	0.004627738202925244	4.455511510791367e-05	0.004178919671877418	0.9837486457204767	18.327102803738317	1.6187727683017132	3.332146490335707	2.179144385026738	0.36836403033586135	0.6576577669902928	0.7561119694346458	0.8564131084176569	0.15492957746478872	0.9070433394270112	891	417	107
16-168	de	5.177631578947368	1.8678526048284625	8.469937052765331	7.0453124523507	0.3684879288437103	0.045743329097839895	0.7242693773824651	0.017789072426937738	0.01397712833545108	0.7236842105263158	0.7095966028085227	2.4802631578947367	1.5457516339869282	0.004231320277382465	5.979085328282828e-05	0.004190909293564279	1.3392630241423127	11.203947368421053	1.6440972326316856	3.279656160458453	2.46	0.4167725540025413	0.7186627906976776	0.7823559034649562	0.8620669650596655	0.15756035578144853	0.90474357078843	748	396	152
13-4	de	7.464285714285714	1.8660287081339713	9.34021018455229	6.931497470950103	0.3014354066985646	0.03827751196172249	0.69377990430622	0.009569377990430622	0.0	1.0	0.7552660410847545	3.5357142857142856	1.5797101449275361	0.003936571260287082	9.563730707070707e-05	0.015311004784688996	0.17703349282296652	14.535714285714286	1.5817630781916496	3.556900726392252	2.2950819672131146	0.5502392344497608	0.6690909090909093	-1	-1	0.18660287081339713	0.9276536882746296	205	99	28
13-86	de	5.4728682170542635	2.1104815864022664	11.448101324197907	9.701763282605354	0.37677053824362605	0.10056657223796034	0.7592067988668555	0.03541076487252125	0.00424929178470255	0.7829457364341085	0.7061298510517259	2.5615384615384613	1.5766423357664234	0.0029575675813177053	3.995505853658537e-05	0.005232924142272585	0.443342776203966	13.9	1.9317838694365843	3.055164954029205	2.2412451361867705	0.4886685552407932	0.7400494233937375	0.9997773414429291	1.0902875867369017	0.12322946175637393	0.9279285456420869	650	369	130
10-25	de	5.53125	2.0903954802259888	11.233854166666667	8.75865268361582	0.3192090395480226	0.07203389830508475	0.6850282485875706	0.0014124293785310734	0.00847457627118644	0.7265625	0.6617277324086028	2.3828125	1.7	0.004982793001271186	5.611888997289973e-05	0.004678672316384181	1.2372881355932204	12.15625	1.7912531735671127	3.3093614383137013	2.392070484581498	0.3898305084745763	0.678998357963876	0.7416558354621194	0.8022556995779163	0.16666666666666666	0.9013803873901386	702	369	128
1-16	de	5.924137931034482	1.928987194412107	9.482462687166315	7.47849607161495	0.2759022118742724	0.05355064027939464	0.6973224679860303	0.006984866123399301	0.013969732246798603	0.8206896551724138	0.6853451139909468	2.5172413793103448	1.7132616487455197	0.004726356115948778	5.142848935064935e-05	0.005512565911114154	0.3538998835855646	13.006896551724138	1.7300347540435081	3.3700579862941487	2.414322250639386	0.33876600698486614	0.6125394736842108	0.8364920763054526	0.9431979419316748	0.18742724097788127	0.8840038771125566	833	385	145
16-52	de	6.928571428571429	1.827319587628866	8.674513991163476	7.492168483063329	0.27835051546391754	0.05412371134020619	0.7087628865979382	0.023195876288659795	0.01288659793814433	0.9821428571428571	0.7267376058285148	3.107142857142857	1.639344262295082	0.0045403399734536085	5.9662640782122905e-05	0.009766684753119913	0.39690721649484534	14.321428571428571	1.6577358079472742	3.384230287859825	2.0762711864406778	0.47680412371134023	0.7090311418685121	-1	-1	0.18556701030927836	0.9061366441069207	378	179	56
19-66	de	7.168224299065421	1.773142112125163	8.128684399712437	6.7195896842900495	0.29595827900912647	0.03650586701434159	0.7105606258148631	0.010430247718383311	0.01564537157757497	0.8411214953271028	0.7109423361442314	2.963636363636364	1.5305343511450382	0.00411511665567927	6.053176806722689e-05	0.004594275780716459	0.9308996088657105	14.254545454545454	1.6877011422920514	3.3218964441671863	2.220779220779221	0.39504563233376794	0.7030688622754511	0.7460635276183544	0.8862824115767782	0.17340286831812254	0.9089102420230395	746	357	110
17-7	de	6.388888888888889	1.8330434782608696	8.531579710144928	6.981257004830919	0.2608695652173913	0.059130434782608696	0.6695652173913044	0.008695652173913044	0.0017391304347826088	0.9	0.6848258794888007	2.802197802197802	1.8232044198895028	0.004568402915304348	7.431549452554745e-05	0.0060289855072463774	0.6121739130434782	12.791208791208792	1.5971981458891609	3.469684030742955	2.3263157894736843	0.38956521739130434	0.653739495798321	0.6487835427158328	0.8181483465264425	0.17391304347826086	0.8985052579112762	567	274	91
21-62	de	7.116279069767442	1.8910675381263617	9.499945787100373	7.457576065258147	0.2886710239651416	0.05119825708061002	0.6830065359477124	0.027233115468409588	0.008714596949891068	0.937984496124031	0.6792595208610834	2.992248062015504	1.7254237288135594	0.005184862254526362	7.163602323943662e-05	0.0038242247253511335	0.8899782135076253	14.496124031007753	1.6491324073403417	3.4401709401709404	2.1798780487804876	0.3812636165577342	0.6702442002442007	0.8197391214258976	0.9163184829251821	0.18191721132897604	0.9106423288495328	893	426	129
7-6	de	9.487179487179487	1.7864864864864864	9.190540540540542	6.239418572418574	0.31351351351351353	0.024324324324324326	0.654054054054054	0.032432432432432434	0.013513513513513514	1.0	0.6519495962413919	3.6666666666666665	1.7580645161290323	0.005225536728324324	5.2953099390243905e-05	0.011486486486486487	0.20810810810810812	17.846153846153847	1.5558879276192923	3.4826589595375723	2.0082644628099175	0.4594594594594595	0.5986715867158673	-1	-1	0.13513513513513514	0.90299819635724	357	164	39
9-74	de	5.5	2.1560379918588874	11.996248303934873	9.516662415196743	0.3242876526458616	0.054274084124830396	0.7069199457259159	0.0027137042062415195	0.010854816824966078	0.746268656716418	0.636679882356574	2.696296296296296	1.5126353790613718	0.005327355838398915	4.102897592592592e-05	0.00465206435355689	0.8670284938941656	13.407407407407407	1.9794560903874632	3.232494529540481	2.250965250965251	0.4056987788331072	0.6995611285266475	0.8016873933242938	0.9632296407652985	0.18453188602442333	0.9133330469940073	732	378	135
16-172	de	6.234848484848484	1.7812879708383962	7.8607889649839855	6.672837262049413	0.29890643985419196	0.04981773997569866	0.7059538274605103	0.026731470230862697	0.009720534629404616	0.8181818181818182	0.7368762685949483	2.803030303030303	1.5618374558303887	0.004717803740826245	6.497756041666667e-05	0.004081378321961554	0.6136087484811664	12.734848484848484	1.5356210615736017	3.381516587677725	2.2162162162162162	0.4349939246658566	0.7014640883977898	0.7845217803265471	0.9404026112369869	0.1798298906439854	0.9292154651612988	794	384	132
13-9	de	6.619047619047619	2.0809352517985613	11.546464542651595	9.041470948955121	0.3057553956834532	0.06654676258992806	0.7014388489208633	0.00539568345323741	0.012589928057553957	0.9047619047619048	0.6994435952267277	2.9285714285714284	1.6436170212765957	0.004548281466726619	4.650450250896057e-05	0.006946167204167701	0.5629496402877698	14.702380952380953	1.8350008165659426	3.4653225806451613	2.329113924050633	0.4136690647482014	0.6765426695842454	0.7506620509979435	0.8027594212518796	0.17625899280575538	0.8897969901028319	541	279	84
1-97	de	5.144736842105263	1.9360613810741687	9.261971665096244	7.948729411764706	0.32864450127877237	0.07672634271099744	0.6841432225063938	0.01918158567774936	0.008951406649616368	0.7763157894736842	0.6809825568103709	2.2666666666666666	1.6900369003690037	0.004568081558567775	5.5311368527918786e-05	0.0051478785494130765	0.5370843989769821	10.921212121212122	1.8154520761472632	3.2129527991218443	2.22192513368984	0.42838874680306904	0.6676573938506599	1.0241776620593932	1.0376634895466843	0.149616368286445	0.9184430113728872	751	394	165
16-199	de	5.719512195121951	1.8880597014925373	8.919714233709502	6.8582640594934725	0.2835820895522388	0.04797441364605544	0.7164179104477612	0.009594882729211088	0.010660980810234541	0.7926829268292683	0.6645588677932595	2.5853658536585367	1.5457413249211356	0.00435894032238806	7.938505010893245e-05	0.005300030459945172	0.3816631130063966	11.402439024390244	1.6382895584608281	3.45130890052356	2.3137254901960786	0.35394456289978676	0.6387008343265785	0.7230266357611541	0.8540238816646041	0.19509594882729211	0.8907718695439153	917	459	164
17-82	de	7.553571428571429	1.6619385342789599	6.966767561634587	5.581952414724756	0.31678486997635935	0.03309692671394799	0.6903073286052009	0.0	0.014184397163120567	0.9821428571428571	0.7072899322899323	3.25	1.554054054054054	0.004631039109456265	3.564485297029703e-05	0.008336443946746298	0.2553191489361702	15.25	1.4946664562494119	3.3621495327102804	2.341463414634146	0.46808510638297873	0.6323765432098751	-1	0.9730654634456563	0.20094562647754138	0.9295827215998331	421	202	56
1-122	de	5.50314465408805	1.9074285714285715	9.063883557951485	7.63153721473495	0.2948571428571429	0.04342857142857143	0.6742857142857143	0.005714285714285714	0.011428571428571429	0.7358490566037735	0.6846423794208604	2.5660377358490565	1.6333333333333333	0.005342636586171428	5.139899295774648e-05	0.004051948051948052	0.736	12.056603773584905	1.8075934906955995	3.336246786632391	2.3592814371257487	0.37714285714285717	0.6664304123711362	0.8050118980937627	0.8890381490272431	0.18628571428571428	0.9079566101658036	857	426	159
19-11	de	6.191489361702128	1.8573883161512028	8.741862981648023	8.3472788769467	0.25257731958762886	0.07216494845360824	0.7439862542955327	0.001718213058419244	0.020618556701030927	0.8617021276595744	0.6790949194175	2.521276595744681	1.5392670157068062	0.0037522046384879724	7.135298105263158e-05	0.006586483390607102	0.211340206185567	12.925531914893616	1.6535630679638815	3.540783034257749	2.3	0.4261168384879725	0.6788405797101451	0.6737198048612432	0.8430618490256901	0.23024054982817868	0.9064969106512695	578	285	94
13-57	de	7.588709677419355	1.738575982996812	7.884793373555933	6.434788687395017	0.3018065887353879	0.04675876726886291	0.7088204038257173	0.06801275239107332	0.003188097768331562	0.8951612903225806	0.6959479325871001	3.2580645161290325	1.8129251700680271	0.003918923133687567	6.834860623501198e-05	0.004981402763018066	0.7821466524973433	15.016129032258064	1.6464454014416239	3.3024494142705003	2.131188118811881	0.32093517534537724	0.6247268408551087	0.615441057047278	0.7891956517030133	0.155154091392136	0.862577874036282	874	417	124
21-109	de	6.275	1.9741035856573705	10.151672310756975	7.819598326693226	0.33067729083665337	0.061752988047808766	0.6912350597609562	0.00597609561752988	0.00199203187250996	0.825	0.6607985877472887	2.7875	1.7005649717514124	0.004536808888645418	6.23422768292683e-05	0.008314567815693747	0.23306772908366533	12.6625	1.6334958788523999	3.4752186588921283	2.391812865497076	0.45219123505976094	0.6364267990074443	-1	0.9867644544487243	0.15737051792828685	0.9184271232980342	499	246	80
5-5	de	6.352380952380952	2.110944527736132	11.796573998714933	9.974044631969731	0.36731634182908546	0.08395802098950525	0.7061469265367316	0.0029985007496251873	0.008995502248875561	0.8666666666666667	0.6871556637244894	3.0	1.4470588235294117	0.00333364477826087	4.0556170329670333e-05	0.005653423288355822	1.0974512743628186	14.59047619047619	1.740690526404812	3.3447606727037518	2.25752508361204	0.3853073463268366	0.6818485915492958	0.7801516585663198	0.9292847806533194	0.15142428785607195	0.8915309808822575	643	364	105
16-187	de	6.077464788732394	1.899188876013905	9.190640004569715	8.46696903040491	0.3638470451911935	0.06257242178447277	0.7079953650057937	0.03707995365005794	0.005793742757821553	0.8450704225352113	0.7623509700793801	3.1338028169014085	1.5411392405063291	0.00358512099594438	5.0610939772727274e-05	0.004746412336215348	1.0764774044032446	13.253521126760564	1.6667654380536447	3.193099897013388	2.2225063938618925	0.4020857473928158	0.6856413612565444	0.8336981132513842	0.8623792980492045	0.12398609501738123	0.9017809878666415	819	440	142
16-33	de	6.837606837606837	1.92875	9.83591666666667	7.902335363247865	0.27875	0.07125	0.69125	0.01875	0.0075	0.9487179487179487	0.7101050529929838	3.1025641025641026	1.704724409448819	0.004316825602945	6.038705027322404e-05	0.003892045454545455	1.0225	13.94017094017094	1.6840038017163523	3.5310387215734482	2.2014388489208634	0.40125	0.7048216833095601	0.8065950152223079	0.8391144144083164	0.21	0.9190728461453153	773	366	117
21-321	de	8.092592592592593	1.6498855835240274	7.0347609966946365	5.639156996355624	0.2654462242562929	0.05491990846681922	0.6956521739130435	0.02288329519450801	0.020594965675057208	0.9629629629629629	0.7158148393719982	3.425925925925926	1.8076923076923077	0.004401726027459954	6.505041927083334e-05	0.009296338672768878	0.2151029748283753	14.666666666666666	1.4965604598398754	3.5352644836272042	2.0317460317460316	0.45308924485125857	0.6909763313609465	-1	-1	0.16018306636155608	0.9090114503074214	423	192	54
13-11	de	5.572463768115942	2.171651495448635	12.20874851585911	10.38616977817983	0.3420026007802341	0.08192457737321196	0.7009102730819246	0.014304291287386216	0.010403120936280884	0.7608695652173914	0.7021823877663289	2.5652173913043477	1.713768115942029	0.004009605398735891	3.94988318537859e-05	0.004536916630544719	0.9856957087126138	13.391304347826088	1.888685412934134	3.230972515856237	2.310945273631841	0.42392717815344605	0.703373134328357	0.6811348509761722	0.8077966971120305	0.1469440832249675	0.9178805309778832	739	383	138
17-17	de	7.088888888888889	1.70846394984326	7.334541274817138	5.19446284918147	0.22884012539184953	0.034482758620689655	0.670846394984326	0.009404388714733543	0.006269592476489028	0.9111111111111111	0.7057863853318401	2.7333333333333334	1.8295454545454546	0.004933588939811912	5.977262962962963e-05	0.009645526886906198	0.22570532915360503	13.866666666666667	1.6124394124394124	3.4991974317817016	2.2718446601941746	0.4608150470219436	0.6596363636363641	-1	-1	0.26332288401253917	0.9173409999597938	315	135	45
12-76	de	7.330097087378641	2.0993377483443707	12.040923294541248	9.358247862148781	0.3019867549668874	0.03708609271523179	0.6370860927152318	0.007947019867549669	0.015894039735099338	0.8737864077669902	0.7464942785011984	3.145631067961165	1.6869918699186992	0.005212100758543047	3.934260215384615e-05	0.005542000697107006	0.6437086092715232	16.0	1.7502615047040788	3.4217809867629363	2.2183098591549295	0.33642384105960266	0.5896493902439008	0.6624876273530094	0.7818899081784443	0.20132450331125828	0.8919798120759332	736	325	103
14-58	de	6.514563106796117	1.9821162444113263	10.339651295704137	8.30220812582293	0.3055141579731744	0.05514157973174367	0.676602086438152	0.01639344262295082	0.014903129657228018	0.8446601941747572	0.6986190280307923	2.8349514563106797	1.6475770925110131	0.004654348445752608	5.807310091463414e-05	0.005365126676602086	0.9210134128166915	13.650485436893204	1.6799980113383732	3.4368457780879273	2.411067193675889	0.4008941877794337	0.6605769230769223	0.6097571856657199	0.8554900172479539	0.18181818181818182	0.9039236426531647	656	328	103
17-27	de	6.111111111111111	1.9181818181818182	9.42787878787879	7.713611111111112	0.24848484848484848	0.03484848484848485	0.7318181818181818	0.0	0.031818181818181815	0.9074074074074074	0.6954237870125719	2.458715596330275	1.5176991150442478	0.0036911277212121215	7.391117105263159e-05	0.0065656565656565654	0.37272727272727274	12.614678899082568	1.6537731973309417	3.5202020202020203	2.303964757709251	0.3787878787878788	0.6888413547237074	0.5984537910500494	0.8403844938397546	0.22727272727272727	0.9063771982454305	658	304	109
1-66	de	5.222222222222222	1.9202127659574468	9.105177304964538	6.706985342789598	0.26595744680851063	0.047872340425531915	0.7180851063829787	0.0	0.026595744680851064	0.8333333333333334	0.7066213151927437	2.1666666666666665	1.6833333333333333	0.0039333240771276595	6.808094301075268e-05	0.012572533849129593	0.19148936170212766	11.555555555555555	2.6175815696649027	3.366265060240964	2.4698795180722892	0.5904255319148937	0.7080898876404494	-1	-1	0.16489361702127658	0.9209698046785914	182	93	36
15-7	de	6.774647887323944	2.1143451143451144	12.001385025328691	8.836931105970542	0.2993762993762994	0.05197505197505198	0.6735966735966736	0.016632016632016633	0.016632016632016633	0.9154929577464789	0.7330102437245295	3.0704225352112675	1.6666666666666667	0.004986885084823285	4.291890138248848e-05	0.006583506583506584	0.6112266112266113	15.140845070422536	1.831505044904949	3.331168831168831	2.2398373983739837	0.4407484407484408	0.6804188481675388	-1	0.8465281367140893	0.1891891891891892	0.8944751245496466	463	217	71
16-164	de	6.9655172413793105	1.705940594059406	7.256650734038924	5.983911710481394	0.2584158415841584	0.0297029702970297	0.695049504950495	0.028712871287128714	0.019801980198019802	0.8896551724137931	0.7242118606701936	3.1095890410958904	1.5591715976331362	0.004597799436633664	7.609613439635536e-05	0.0042904290429042905	0.5475247524752476	13.513698630136986	1.518318315384964	3.4111726220432814	2.123684210526316	0.3475247524752475	0.6533369923161375	0.8071530499989907	0.9499877089897574	0.21386138613861386	0.9048125675058466	983	439	146
24-77	de	6.529411764705882	1.852852852852853	8.82013425189896	7.482168097509273	0.4369369369369369	0.04504504504504504	0.7417417417417418	0.04054054054054054	0.006006006006006006	0.7745098039215687	0.7181186250493177	2.9320388349514563	1.6023166023166022	0.0029130517827327326	5.682016293333334e-05	0.005354411014788373	1.1441441441441442	14.41747572815534	1.6746206752180783	3.1739130434782608	2.1585677749360612	0.46996996996997	0.6994885361552041	0.9265959592109708	0.8670339105101734	0.12612612612612611	0.9053556584828953	622	375	103
8-55	de	6.973684210526316	1.669182389937107	6.826089043363126	5.197830188679246	0.26037735849056604	0.03773584905660377	0.6792452830188679	0.01509433962264151	0.011320754716981131	0.8859649122807017	0.6998620891515214	2.8421052631578947	1.6893939393939394	0.004864094526666667	6.789318753623189e-05	0.005896226415094339	0.4075471698113208	13.75438596491228	1.5820077125030685	3.324186343331206	2.172	0.33584905660377357	0.6188936781609181	0.6832331537286233	0.8934785896257669	0.20125786163522014	0.8798878197138322	782	345	114
19-49	de	5.708609271523179	1.863109048723898	8.621044390836037	6.656509632611668	0.31206496519721577	0.0382830626450116	0.7273781902552204	0.004640371229698376	0.015081206496519721	0.8079470198675497	0.703520923520923	2.7218543046357615	1.4617834394904459	0.0045364738502320185	3.7902031386861315e-05	0.0055175145718974585	0.6310904872389791	11.973509933774835	1.6350868507763716	3.3144722524483132	2.4385474860335195	0.3375870069605568	0.648768020969856	0.7099498557165095	0.8435715561815277	0.1902552204176334	0.8786550016301727	847	411	151
16-72	de	6.267326732673268	1.9099526066350712	9.391698184036414	7.226941263510238	0.2985781990521327	0.03475513428120063	0.717219589257504	0.017377567140600316	0.018957345971563982	0.9207920792079208	0.7359191670902195	2.792079207920792	1.5746606334841629	0.0050948766707740924	6.702106006600659e-05	0.006494646305072844	0.42812006319115326	12.514851485148515	1.5951038728630458	3.5509076558800317	2.2126696832579187	0.4391785150078989	0.6824906367041199	0.7842647328512816	0.8570539504267181	0.20063191153238547	0.9201507230016657	619	303	101
5-68	de	6.056818181818182	2.0881801125703565	11.412684419239302	9.033891369606005	0.34709193245778613	0.09380863039399624	0.7373358348968105	0.01876172607879925	0.0075046904315197	0.9204545454545454	0.7544040569902638	3.0113636363636362	1.57	0.004036974121388368	4.181363846153846e-05	0.007236665773251139	0.4803001876172608	13.772727272727273	1.785921906376452	3.171912832929782	2.337121212121212	0.4634146341463415	0.701105990783411	0.7765247587068278	1.009792181800983	0.1350844277673546	0.915558295784411	510	273	88
16-6	de	5.851063829787234	1.8690909090909091	8.74718762088975	8.07864332688588	0.3381818181818182	0.055757575757575756	0.7042424242424242	0.01575757575757576	0.013333333333333334	0.851063829787234	0.7284426287997712	2.816901408450704	1.4098360655737705	0.003544640439878788	5.324891081730769e-05	0.00425531914893617	0.9648484848484848	13.373239436619718	1.6459195728095894	3.2730125523012554	2.3595284872298623	0.43272727272727274	0.7206473829201104	0.9122345686528944	0.9045422471609166	0.17939393939393938	0.9301549580357216	786	416	142
13-82	de	6.272058823529412	1.9167643610785463	9.47392240190332	8.393676511964692	0.34466588511137164	0.07502930832356389	0.7268464243845252	0.04220398593200469	0.009378663540445486	0.7941176470588235	0.7206784567405481	2.8333333333333335	1.6349206349206349	0.004341912464971864	5.369117583732057e-05	0.004621697177382992	0.9355216881594373	13.81159420289855	1.7257126492640738	3.2119958634953463	2.182186234817814	0.40211019929660025	0.7013793103448279	0.7649791338784956	0.8312554236238554	0.13833528722157093	0.9017371308928254	798	418	138
10-20	de	6.3983739837398375	1.9695044472681067	10.145518331422199	8.271313847997439	0.34815756035578144	0.04066073697585769	0.7179161372299873	0.0241423125794155	0.0038119440914866584	0.8211382113821138	0.7648737285429665	2.838709677419355	1.4210526315789473	0.0039779139454891995	4.094464274611399e-05	0.005485480521895436	0.7141041931385006	15.0	1.8579347634095214	3.186368477103301	2.2669789227166275	0.4142312579415502	0.6867151162790717	0.8391614306249423	0.9271460430356119	0.1588310038119441	0.9116007191180745	755	386	124
13-12	de	6.2073170731707314	2.1119842829076623	11.752268196847002	9.780643375341416	0.31237721021611004	0.08447937131630648	0.6974459724950884	0.0	0.005893909626719057	0.9390243902439024	0.7376723071167514	2.951219512195122	1.6573033707865168	0.0048934131186640474	2.983336833976834e-05	0.00770742028109415	0.5697445972495089	14.634146341463415	1.8775491953845613	3.2742998352553543	2.4451219512195124	0.3889980353634578	0.6481219512195131	0.334995266306701	0.7187644074076663	0.18664047151277013	0.898072161198457	504	259	82
14-48	de	6.446601941747573	1.8177710843373494	8.373873552462275	6.244965218154169	0.2575301204819277	0.0391566265060241	0.6912650602409639	0.0	0.018072289156626505	0.8349514563106796	0.7430861486008541	2.6116504854368934	1.6325581395348838	0.006131313437650603	5.9375895172413795e-05	0.005593803786574872	0.3463855421686747	12.689320388349515	1.6472478169080111	3.4726858877086495	2.3389830508474576	0.37349397590361444	0.6404424778761041	0.6464801035110954	0.8463499781383254	0.19427710843373494	0.9139139993734025	662	290	103
13-59	de	5.612244897959184	2.1363636363636362	11.807866419294992	10.364967346938778	0.4109090909090909	0.09090909090909091	0.8054545454545454	0.06727272727272728	0.014545454545454545	0.673469387755102	0.7670902018498089	2.5510204081632653	1.5023255813953489	0.002580621035090909	4.576720775862069e-05	0.008373205741626795	0.8472727272727273	14.5	1.9679976511083954	3.1152234636871508	2.311688311688312	0.4018181818181818	0.6344124168514413	0.5095597647179235	0.6258119888764676	0.08545454545454545	0.8584597915415738	520	348	98
19-80	de	6.614754098360656	1.6902106567534076	6.9342398480508685	5.043254543238467	0.2527881040892193	0.03717472118959108	0.701363073110285	0.013630731102850062	0.007434944237918215	0.8852459016393442	0.725102376961881	2.7540983606557377	1.6541353383458646	0.004590535006443618	7.095114943820224e-05	0.006148126965970832	0.32589838909541513	13.024590163934427	1.6426265901675738	3.3547169811320754	2.2096774193548385	0.3444857496902107	0.6341666666666653	0.695331475957572	0.8186025381284977	0.18463444857496902	0.8975424222234214	795	356	122
9-123	de	6.264957264957265	2.0068212824010914	10.53382446566621	8.614110677347512	0.34652114597544337	0.04911323328785812	0.7121418826739427	0.010914051841746248	0.008185538881309686	0.811965811965812	0.7221936067651076	2.6440677966101696	1.5448028673835126	0.004666392439154161	5.0952748732394365e-05	0.004743891851668114	0.9236016371077762	14.26271186440678	1.845384509143233	3.2731535756154746	2.2423398328690807	0.4406548431105048	0.6969558359621456	0.5266714834178582	0.7478815036793358	0.14870395634379263	0.9245975342465789	712	355	118
16-96	de	5.9787234042553195	1.9537366548042705	9.795794654349969	8.329921319502287	0.30604982206405695	0.0711743772241993	0.697508896797153	0.011862396204033215	0.00830367734282325	0.8581560283687943	0.7247638472638471	2.8226950354609928	1.6431095406360423	0.004372208488374852	5.5800562295081964e-05	0.00446732793215719	1.059311981020166	12.794326241134751	1.64344344428331	3.378169790518192	2.354466858789625	0.39383155397390274	0.6929838709677423	0.7926945414485663	0.9084658823470488	0.1874258600237248	0.9055625760323147	823	427	141
17-166	de	7.3061224489795915	1.6955307262569832	7.266650324934442	5.2678406567096125	0.22625698324022347	0.0335195530726257	0.6871508379888268	0.0	0.008379888268156424	1.0	0.6535270285270287	2.7755102040816326	1.6923076923076923	0.004971660632402235	5.651275761589404e-05	0.0111731843575419	0.16759776536312848	14.673469387755102	1.6348042830185687	3.4721448467966574	2.27	0.42178770949720673	0.6220077220077213	-1	-1	0.19273743016759776	0.9117910755018812	356	151	49
18-74	de	6.733333333333333	2.0214521452145213	10.889135313531355	8.546093861386138	0.32838283828382836	0.0429042904290429	0.6947194719471947	0.0049504950495049506	0.0049504950495049506	0.9222222222222223	0.7370339759458623	3.2333333333333334	1.540909090909091	0.005009348694719472	4.721932666666667e-05	0.004910247122273203	1.0	15.066666666666666	1.745572472524227	3.3291788856304985	2.3300492610837438	0.4273927392739274	0.6800000000000002	0.6845273179899912	0.8584399156553416	0.16831683168316833	0.9244741681495454	602	300	90
21-293	de	7.585714285714285	1.630885122410546	6.612873015873017	4.473124272262577	0.23728813559322035	0.02824858757062147	0.647834274952919	0.02071563088512241	0.003766478342749529	0.9571428571428572	0.7056469887032548	3.1857142857142855	1.8104575163398693	0.006009064890018833	7.966330087719298e-05	0.007123556865634978	0.2768361581920904	13.985714285714286	1.5305471897383662	3.460122699386503	2.267175572519084	0.3747645951035782	0.5912500000000002	0.712667622327963	0.7704379664860879	0.18267419962335216	0.8907669979895584	523	228	70
13-58	de	7.019607843137255	2.065642458100559	11.522228064410125	8.174935414612774	0.2877094972067039	0.05027932960893855	0.7262569832402235	0.04748603351955307	0.009776536312849162	0.8921568627450981	0.7436057725205718	3.303921568627451	1.4938271604938271	0.0035830541018156423	6.752469944903581e-05	0.00803072625698324	0.3128491620111732	15.0	1.817188549296574	3.4149484536082473	2.4416058394160585	0.32122905027932963	0.6159643435980547	0.5449954294154162	0.7035425321793259	0.18994413407821228	0.8466392147087013	703	363	102
24-126	de	6.177304964539007	1.9265212399540759	9.552099567628307	8.292345964123735	0.27784156142365096	0.06314580941446613	0.7428243398392652	0.011481056257175661	0.024110218140068886	0.8014184397163121	0.7463961732711731	2.8865248226950353	1.5898305084745763	0.004267769881285879	6.0982574689826306e-05	0.004499332857541813	0.5809414466130884	13.063829787234043	1.7462180075899527	3.4377682403433476	2.3919753086419755	0.3949483352468427	0.7226813471502594	0.6912481523421574	0.8144451377750195	0.1791044776119403	0.9136017470342275	857	403	141
18-49	de	6.628099173553719	1.972568578553616	10.271267904618622	8.86530047608252	0.37281795511221943	0.05860349127182045	0.7182044887780549	0.01371571072319202	0.011221945137157107	0.8760330578512396	0.7115616702197581	2.9098360655737703	1.517684887459807	0.004619589731421446	4.8113215158924204e-05	0.004340999353468181	1.1832917705735662	15.19672131147541	1.8776426674033306	3.226525198938992	2.2198952879581153	0.4114713216957606	0.7026173541963011	0.7999622153233064	0.8866420086775899	0.14713216957605985	0.9161372285968585	771	409	122
7-31	de	5.3061224489795915	2.228846153846154	12.779772370486661	9.742568288854004	0.3230769230769231	0.051923076923076926	0.6903846153846154	0.0057692307692307696	0.0038461538461538464	0.8163265306122449	0.6966709979596576	2.357142857142857	1.619289340101523	0.004576549398846154	6.129141445783133e-05	0.007357859531772576	0.38653846153846155	13.326530612244898	2.029477070548499	3.1380345086271566	2.5755102040816324	0.4442307692307692	0.6919714964370555	0.5520469169408226	0.7909802688926015	0.1673076923076923	0.9187036658651164	504	249	98
12-77	de	7.063492063492063	2.0314606741573034	11.135997859818087	8.787701266274299	0.3056179775280899	0.035955056179775284	0.7056179775280899	0.011235955056179775	0.006741573033707865	0.9682539682539683	0.7114943748008263	3.0634920634920637	1.625	0.004871689522921349	5.8382409813084114e-05	0.009805924412665985	0.4786516853932584	15.174603174603174	1.6475531937716812	3.4313929313929314	2.4166666666666665	0.4134831460674157	0.63650289017341	-1	0.6111101817951161	0.19775280898876405	0.8890618614601165	440	214	63
16-34	de	6.689075630252101	1.9685929648241205	10.248136480722945	8.204142088594232	0.2638190954773869	0.05150753768844221	0.6972361809045227	0.017587939698492462	0.013819095477386936	0.9159663865546218	0.7502233474969869	2.9831932773109244	1.546875	0.003938569690075377	5.574907688022284e-05	0.0039833312905993385	0.8919597989949749	13.697478991596638	1.6975675830386134	3.507007921998781	2.2758620689655173	0.3969849246231156	0.7081492109038755	0.5601787027130394	0.714777139093486	0.2198492462311558	0.9213391076236933	779	359	119
12-102	de	7.895348837209302	1.764359351988218	8.3086263999726	7.021317347672705	0.3004418262150221	0.039764359351988215	0.6936671575846833	0.05743740795287187	0.0029455081001472753	0.8604651162790697	0.6993811569649773	3.1839080459770117	2.0260416666666665	0.004562898721649485	6.442484615384616e-05	0.006059330948874395	0.572901325478645	15.689655172413794	1.5457798006452859	3.4989090909090907	2.2157894736842105	0.3873343151693667	0.6378448275862096	0.7736674880661056	0.829148220083311	0.16936671575846834	0.8796248459887042	634	325	87
5-87	de	6.229166666666667	1.7157190635451505	7.084859949832776	5.166817670011149	0.3177257525083612	0.056856187290969896	0.7090301003344481	0.010033444816053512	0.016722408026755852	0.8958333333333334	0.7000937596682276	2.7916666666666665	1.5855855855855856	0.00486008869632107	0.00010984363766233766	0.011204013377926422	0.45484949832775917	12.854166666666666	1.5576037966662968	3.20097244732577	2.289473684210526	0.41471571906354515	0.5909999999999997	-1	-1	0.1705685618729097	0.8866289741369792	295	154	48
16-71	de	6.03	2.175787728026534	12.4359951907131	11.012254142620234	0.3747927031509121	0.06965174129353234	0.7280265339966833	0.006633499170812604	0.014925373134328358	0.77	0.6971772615712004	2.5	1.7643979057591623	0.004019590005804312	8.841110851735017e-05	0.006056673155959333	0.7213930348258707	12.48	1.7685052635536507	3.615873015873016	2.267175572519084	0.4079601990049751	0.6549404761904768	0.9869068657998583	0.9039884638000941	0.14593698175787728	0.903645676104857	568	317	100
22-25	de	6.963855421686747	1.7975778546712802	8.33732229957894	5.6783704673364745	0.21972318339100347	0.03460207612456748	0.7474048442906575	0.012110726643598616	0.02422145328719723	0.9156626506024096	0.699167582775904	2.9156626506024095	1.5255102040816326	0.004299471876643599	8.711342734693878e-05	0.005789193505456482	0.4913494809688581	13.493975903614459	1.6114734584259742	3.5348837209302326	2.300518134715026	0.356401384083045	0.6582672233820458	0.6678060107142949	0.8016502127485606	0.17993079584775087	0.8943373929254186	569	245	83
16-151	de	8.373913043478261	1.8795430944963656	9.854434602013637	7.746270908844643	0.28556593977154726	0.058151609553478714	0.652128764278297	0.03426791277258567	0.010384215991692628	0.9217391304347826	0.6539649606213075	3.634782608695652	1.736842105263158	0.0044141725025306335	6.810322549019608e-05	0.003960491680552537	0.6074766355140186	17.217391304347824	1.7189561591173517	3.46911099949774	2.300215982721382	0.3862928348909657	0.6734722222222237	0.6796991041762849	0.9028833939232914	0.19626168224299065	0.9103356272321881	901	408	115
16-51	de	6.9423076923076925	1.7714681440443214	8.020824099722994	6.36819151928404	0.27008310249307477	0.04709141274238227	0.7049861495844876	0.019390581717451522	0.0110803324099723	0.9423076923076923	0.7177641667932928	3.1634615384615383	1.6166666666666667	0.0047157362757617735	6.212667228915663e-05	0.0045360110803324095	0.9889196675900277	14.403846153846153	1.6299901034290918	3.3911290322580645	2.240816326530612	0.4002770083102493	0.6847351524879605	0.8294681105683734	0.8714365423198664	0.1994459833795014	0.9186209832879572	707	332	104
10-71	de	6.068376068376068	1.9140845070422534	9.362863849765258	7.288660647646564	0.3380281690140845	0.04507042253521127	0.7436619718309859	0.06338028169014084	0.011267605633802818	0.8205128205128205	0.7337013558092352	2.7796610169491527	1.4782608695652173	0.004138394287605634	5.0297928034682084e-05	0.006204796345641416	0.7915492957746478	13.694915254237289	1.6283298861060143	3.1190914671577654	2.055084745762712	0.3647887323943662	0.6699345335515533	0.6266221084614647	0.792883772656422	0.1619718309859155	0.879452219432828	649	346	118
17-23	de	5.737373737373737	1.744718309859155	7.235251813913788	6.111524804381847	0.27816901408450706	0.058098591549295774	0.6866197183098591	0.01056338028169014	0.00528169014084507	0.8383838383838383	0.7016305123447977	2.595959595959596	1.6534090909090908	0.004607991802112675	4.87911321299639e-05	0.006520605112154408	0.4894366197183099	12.04040404040404	1.5817632168122362	3.2688172043010755	2.374429223744292	0.40316901408450706	0.6584648187633255	0.6790290193309355	0.8030573065586203	0.1954225352112676	0.9089565924594868	560	277	99
16-226	de	5.244897959183674	2.062256809338521	10.790140554276185	9.391946938775511	0.33852140077821014	0.07587548638132295	0.6750972762645915	0.027237354085603113	0.013618677042801557	0.7040816326530612	0.6861285335512141	2.4285714285714284	1.6793478260869565	0.003638650072762646	5.670472747747747e-05	0.006526923559683696	0.46303501945525294	12.551020408163266	1.9150579452472578	3.2497978981406628	2.2763466042154565	0.46108949416342415	0.6474698795180708	-1	0.871066035948595	0.14591439688715954	0.927435591639906	466	222	98
1-78	de	6.515151515151516	1.9744186046511627	10.249048625792813	7.543077519379844	0.2837209302325581	0.06046511627906977	0.7116279069767442	0.01627906976744186	0.018604651162790697	0.9242424242424242	0.6789248785402636	2.727272727272727	1.657718120805369	0.004177105226976744	7.423915073891625e-05	0.0069767441860465115	0.4813953488372093	13.666666666666666	1.8571925425535052	3.514851485148515	2.2781954887218046	0.4697674418604651	0.6696374622356486	-1	0.9610049076387793	0.1697674418604651	0.9161200355596641	421	203	66
12-113	de	6.747747747747748	1.7276368491321763	7.427736441381306	5.798310205799925	0.27903871829105475	0.028037383177570093	0.684913217623498	0.0026702269692923898	0.018691588785046728	0.9099099099099099	0.7307918277503839	2.8468468468468466	1.5661157024793388	0.005023575305740988	6.409565765765765e-05	0.006230529595015576	0.6929238985313751	13.666666666666666	1.522999180003824	3.400131406044678	2.2128378378378377	0.3190921228304406	0.6208461538461536	0.6018541476395471	0.7114242022496732	0.2082777036048064	0.8716375401878291	733	333	111
10-46	de	5.7443609022556394	2.0903141361256545	11.316007558162422	8.853480703066568	0.3403141361256545	0.049738219895287955	0.6832460732984293	0.03664921465968586	0.010471204188481676	0.7819548872180451	0.7165050202817579	2.661654135338346	1.625	0.004153422038743456	5.134452574525745e-05	0.004311672312904219	1.2513089005235603	13.68421052631579	1.779186323652268	3.2116946399566864	2.2640776699029126	0.43455497382198954	0.7058045112781938	0.7724806378510719	0.844024612969528	0.15837696335078533	0.9163063337097078	718	369	133
18-37	de	5.305343511450381	2.041726618705036	10.571458070185074	9.188557032236805	0.35251798561151076	0.0618705035971223	0.697841726618705	0.010071942446043165	0.008633093525179856	0.7404580152671756	0.718166299512453	2.5572519083969465	1.5361216730038023	0.004375904908057554	6.644930654761905e-05	0.004639553663191896	1.4201438848920864	12.473282442748092	1.9049945476893615	3.1835632873425315	2.396551724137931	0.4172661870503597	0.6995637583892631	0.6102959795803354	0.7359552650579934	0.14676258992805755	0.9158972593577329	654	336	131
1-111	de	5.841269841269841	1.8328804347826086	8.316084368530024	6.5020815131124925	0.2703804347826087	0.059782608695652176	0.7065217391304348	0.009510869565217392	0.010869565217391304	0.8333333333333334	0.668635608835609	2.626984126984127	1.6970954356846473	0.004853349729891304	4.564531363636364e-05	0.004968944099378881	0.6209239130434783	12.03968253968254	1.6142472282878446	3.3622812702527543	2.3346613545816735	0.3763586956521739	0.6479591836734699	0.7864867473469724	0.9094752774332358	0.1956521739130435	0.9027349548779506	722	352	126
13-119	de	6.044444444444444	1.9411764705882353	9.67321568627451	8.047910522875817	0.3088235294117647	0.03676470588235294	0.7169117647058824	0.003676470588235294	0.0055147058823529415	0.8888888888888888	0.6712026113711504	2.8	1.56	0.004644121223345588	4.897106457564576e-05	0.007937834224598931	0.34191176470588236	13.255555555555556	1.7885903040314806	3.335814722911497	2.308108108108108	0.4319852941176471	0.6437977528089881	1.005063149592061	0.8281742001539822	0.18198529411764705	0.9081557349819792	538	271	90
4-24	de	5.4393939393939394	2.083565459610028	11.117436059761967	10.24240538532962	0.362116991643454	0.0807799442896936	0.713091922005571	0.0	0.011142061281337047	0.803030303030303	0.7398323898323899	2.393939393939394	1.7322834645669292	0.00444737888356546	4.068561708542714e-05	0.00947075208913649	0.3732590529247911	12.757575757575758	1.8769465358369102	3.356801909307876	2.3398692810457518	0.48467966573816157	0.6620384615384607	-1	-1	0.15598885793871867	0.9166353392792105	354	199	66
16-198	de	6.764705882352941	1.7739130434782608	7.980409207161124	5.776406649616368	0.26956521739130435	0.05217391304347826	0.6260869565217392	0.0	0.0	1.0	0.7204996392496392	3.235294117647059	1.6875	0.005972472268695652	6.119454528301886e-05	0.03130434782608696	0.0782608695652174	12.529411764705882	1.502006327006327	3.6634615384615383	2.142857142857143	0.5652173913043478	0.5881249999999998	-1	-1	0.1565217391304348	0.9227436485525188	115	53	17
16-248	de	6.82	2.3841642228739004	15.202937829912027	11.978353853372434	0.3225806451612903	0.04985337243401759	0.7067448680351907	0.0	0.017595307917888565	0.9	0.7459354137925568	3.14	1.4369747899159664	0.0037587987173020527	4.5933803932584277e-05	0.010997067448680353	0.15835777126099707	14.82	1.7592117751529517	3.4471649484536084	2.604651162790698	0.501466275659824	0.6412809917355369	-1	-1	0.17008797653958943	0.9222931538393072	340	178	50
16-206	de	7.361111111111111	1.8943396226415095	9.634040880503147	6.6309475890985325	0.24528301886792453	0.033962264150943396	0.6981132075471698	0.0037735849056603774	0.022641509433962263	0.9166666666666666	0.6664718614718614	2.9722222222222223	1.6904761904761905	0.004498960003773585	6.990019658119657e-05	0.01680960548885077	0.12075471698113208	14.25	1.5926455488955489	3.59727626459144	2.35	0.4	0.540843373493976	-1	-1	0.20754716981132076	0.8666492323784402	264	117	36
16-116	de	5.864864864864865	1.8755760368663594	8.82909453232034	8.267863469921535	0.3087557603686636	0.03686635944700461	0.7142857142857143	0.041474654377880185	0.02304147465437788	0.918918918918919	0.7253367003367004	2.4594594594594597	1.6857142857142857	0.004593463830414746	6.561762123893805e-05	0.014400921658986175	0.2995391705069124	12.27027027027027	1.6433738933738933	3.3868131868131868	2.054054054054054	0.543778801843318	0.6957627118644074	-1	-1	0.1935483870967742	0.9046573463018622	210	113	37
21-231	de	7.723404255319149	2.2176308539944904	13.590171736709458	10.51773060195768	0.349862258953168	0.06060606060606061	0.6859504132231405	0.005509641873278237	0.01928374655647383	0.9148936170212766	0.7696917257579023	3.2708333333333335	1.5629629629629629	0.0038714564408870522	3.427733888888889e-05	0.00837465564738292	0.5454545454545454	17.75	1.7497712703962705	3.4314185228604925	2.69811320754717	0.509641873278237	0.7259848484848485	-1	-1	0.15977961432506887	0.9219201854067675	356	180	48
15-42	de	6.773584905660377	2.0807799442896937	11.604901455825935	8.727418048037	0.2827298050139276	0.0403899721448468	0.6462395543175488	0.011142061281337047	0.01532033426183844	0.9339622641509434	0.6907259282889531	3.0093457943925235	1.8125	0.004860683130640669	6.307671170568563e-05	0.006685236768802228	0.5473537604456824	13.74766355140187	1.6922616324485484	3.6132264529058116	2.6601307189542482	0.35236768802228413	0.6203554119547663	0.6722413676073582	0.8736034833693183	0.19080779944289694	0.8914050809491634	693	299	107
7-81	de	6.588888888888889	1.973018549747049	10.261285553681844	8.128871328461683	0.2934232715008432	0.03204047217537943	0.6745362563237775	0.00505902192242833	0.006745362563237774	0.8888888888888888	0.6359627575919709	2.911111111111111	1.5809523809523809	0.005068047879932546	5.1443077857142854e-05	0.006239460370994941	0.5396290050590219	14.122222222222222	1.7337399038869625	3.372348782403771	2.2180851063829787	0.4148397976391231	0.6738259109311725	0.6273019743441474	0.8933472980128796	0.209106239460371	0.9176001872598841	587	280	90
22-17	de	7.438848920863309	1.9090909090909092	9.83842380640942	7.438427377092523	0.22437137330754353	0.05705996131528046	0.7253384912959381	0.006769825918762089	0.014506769825918761	0.920863309352518	0.7339410277196319	2.992957746478873	1.6235294117647059	0.004803820226208897	9.469127915742793e-05	0.0036612323846366398	0.59284332688588	13.859154929577464	1.5661114231945568	3.7035353535353535	2.260586319218241	0.34235976789168276	0.6666524064171149	0.7173229803530214	0.8139926694823573	0.21663442940038685	0.906699363234975	1029	451	142
9-21	de	7.421052631578948	1.9598108747044918	10.429978847828792	8.455208983451538	0.28132387706855794	0.04018912529550828	0.6737588652482269	0.0	0.01182033096926714	1.0	0.7173186130512811	3.192982456140351	1.5972222222222223	0.00522323199929078	5.223657526315789e-05	0.007606126015006681	0.5177304964539007	15.701754385964913	1.704832571396039	3.43652561247216	2.3233082706766917	0.408983451536643	0.657962962962962	-1	-1	0.19621749408983452	0.9026446959760839	419	190	57
12-27	de	6.368421052631579	1.8429752066115703	8.640791648542848	5.944510743801654	0.2892561983471074	0.049586776859504134	0.7107438016528925	0.0	0.0	1.0	0.6316697191697193	2.9473684210526314	1.5333333333333334	0.005205548623140497	6.5959115625e-05	0.023612750885478158	0.1487603305785124	12.31578947368421	1.588784461152882	3.5083333333333333	2.3333333333333335	0.6446280991735537	0.6699999999999999	-1	-1	0.19834710743801653	0.9357849740192015	121	64	19
20-14	de	7.019230769230769	1.8027397260273972	8.419828767123288	7.2021496311907285	0.30684931506849317	0.06027397260273973	0.736986301369863	0.057534246575342465	0.010958904109589041	0.9230769230769231	0.6659281350457822	3.326923076923077	1.829059829059829	0.00368719303369863	6.355385294117648e-05	0.008105022831050229	0.4602739726027397	14.557692307692308	1.657513506792353	3.1604139715394566	2.0838323353293413	0.4904109589041096	0.7080075187969928	-1	-1	0.16164383561643836	0.9002929486377454	340	187	52
21-203	de	5.747252747252747	1.9617590822179731	9.800185741600657	8.35272842224697	0.29636711281070743	0.06118546845124283	0.6845124282982792	0.017208413001912046	0.009560229445506692	0.7692307692307693	0.7289626422959756	2.67032967032967	1.6647727272727273	0.004552959329493691	5.4849625974025974e-05	0.006354740749072095	0.8087954110898662	12.219780219780219	1.6790098485153429	3.4174067495559504	2.406779661016949	0.4168260038240918	0.680188679245282	-1	0.7715018414658463	0.1682600382409178	0.8985618870758986	498	231	91
19-77	de	7.205128205128205	1.9110320284697508	9.77017793594306	8.370729464367187	0.298932384341637	0.03914590747330961	0.6708185053380783	0.0	0.01601423487544484	0.8974358974358975	0.6698805333801916	3.2051282051282053	1.6235294117647059	0.00441865395177936	4.266816988416988e-05	0.00625471799849024	0.8220640569395018	15.294871794871796	1.606763942261654	3.3361064891846923	2.3122362869198314	0.3701067615658363	0.6421598272138225	0.5594449096161704	0.8273421038870087	0.1708185053380783	0.8956069338770322	545	259	78
19-141	de	5.568627450980392	1.937793427230047	9.447727147196908	7.366766998066831	0.323943661971831	0.05868544600938967	0.6983568075117371	0.03051643192488263	0.008215962441314555	0.8104575163398693	0.7369062863306283	2.5974025974025974	1.6363636363636365	0.004077923103755869	7.095075912596401e-05	0.005202385484075625	0.602112676056338	12.168831168831169	1.8046799462527117	3.2812828601472135	2.411513859275053	0.392018779342723	0.6850730411686596	0.8249303558966012	0.9319639239493943	0.15140845070422534	0.9059454181076033	804	389	154
24-134	de	6.420289855072464	1.9345372460496615	9.741452546864267	7.2303460529329	0.24830699774266365	0.03611738148984198	0.7313769751693002	0.0	0.01580135440180587	0.8840579710144928	0.6821474277356632	2.8405797101449277	1.455128205128205	0.004006211309255079	6.721070813397129e-05	0.00736604490911251	0.255079006772009	12.840579710144928	1.60557099904926	3.545866364665912	2.369747899159664	0.4198645598194131	0.6554651162790694	-1	0.8075902409373904	0.22799097065462753	0.9022800405706977	440	209	69
12-119	de	7.075757575757576	1.802997858672377	8.444920186879504	5.996524910778017	0.23554603854389722	0.059957173447537475	0.6852248394004282	0.021413276231263382	0.010706638115631691	0.9090909090909091	0.7757758053911898	2.803030303030303	1.8467153284671534	0.005114599957815846	7.67067176744186e-05	0.0070756912764174664	0.40471092077087795	13.727272727272727	1.5673515037151402	3.600221483942414	2.142857142857143	0.4132762312633833	0.668532608695651	-1	0.7689539715453552	0.15631691648822268	0.8990205096703513	464	215	66
4-34	de	4.428571428571429	1.7204301075268817	6.438218125960066	5.170188325652843	0.1935483870967742	0.021505376344086023	0.7526881720430108	0.0	0.021505376344086023	1.0	0.7898809523809525	1.8095238095238095	1.3	0.0046737870741935484	6.286506744186046e-05	0.048387096774193554	0.010752688172043012	9.238095238095237	1.5437830687830687	3.329896907216495	2.272727272727273	0.6129032258064516	0.6129032258064516	-1	-1	0.3010752688172043	0.9214441657435309	93	43	21
19-47	de	6.975609756097561	1.935897435897436	9.974077548467793	7.986100505998067	0.29953379953379955	0.046620046620046623	0.7365967365967366	0.019813519813519812	0.022144522144522144	0.943089430894309	0.7479747711305088	3.2195121951219514	1.4794952681388012	0.004046754840792541	5.1518335162094764e-05	0.004121894365796805	0.6410256410256411	15.83739837398374	1.762054527347903	3.269824922760041	2.25531914893617	0.38461538461538464	0.6828722002635034	0.6368313206921858	0.7919826040654522	0.18414918414918416	0.9115560504166981	834	401	123
14-37	de	6.791208791208791	1.7928802588996764	8.214558483587613	6.576460983676518	0.284789644012945	0.042071197411003236	0.6294498381877023	0.008090614886731391	0.012944983818770227	0.9010989010989011	0.6455110485012443	3.0217391304347827	1.785	0.006182232109385113	3.148709076923077e-05	0.008349514563106796	0.3640776699029126	13.978260869565217	1.6770468873754982	3.208682406702209	2.2964824120603016	0.2977346278317152	0.5115606936416187	0.781000392763909	1.0232073098242853	0.1925566343042071	0.8609541168620587	608	260	92
9-122	de	6.58	1.9483282674772036	9.966473556231005	8.077972352583588	0.24316109422492402	0.0668693009118541	0.7264437689969605	0.00303951367781155	0.0121580547112462	0.98	0.7573629884854374	2.68	1.6296296296296295	0.0041993566981762915	5.753423525641026e-05	0.009476130877883068	0.2857142857142857	13.44	1.6389636752136751	3.459940652818991	2.3271028037383177	0.47720364741641336	0.6701739130434781	-1	-1	0.2066869300911854	0.9099506686008212	327	156	50
14-16	de	6.821428571428571	1.649214659685864	6.531090127150339	4.761616155572177	0.2617801047120419	0.031413612565445025	0.6910994764397905	0.0	0.0	0.8571428571428571	0.5721747388414055	2.7142857142857144	1.88135593220339	0.006325135641884817	9.153686896551724e-05	0.019778941244909833	0.1099476439790576	12.142857142857142	1.4183621933621935	3.511764705882353	2.2448979591836733	0.450261780104712	0.5340217391304347	-1	-1	0.2198952879581152	0.8890223014145278	191	87	28
10-85	de	5.9714285714285715	1.9425837320574162	9.661345181134656	8.781891756664388	0.29904306220095694	0.05263157894736842	0.6794258373205742	0.004784688995215311	0.011961722488038277	0.8285714285714286	0.7170157137548441	2.657142857142857	1.7226277372262773	0.004709765649521531	3.654893076923077e-05	0.008999772157666895	0.35167464114832536	13.228571428571428	1.7724772939478821	3.224119530416222	2.3533834586466167	0.44258373205741625	0.6492476489028196	-1	-1	0.16985645933014354	0.9079256862456588	416	195	70
17-135	de	6.840579710144928	1.6906779661016949	7.0278260869565194	5.805270351265045	0.2330508474576271	0.038135593220338986	0.6864406779661016	0.00847457627118644	0.012711864406779662	0.9565217391304348	0.6849498408646333	2.739130434782609	1.7310344827586206	0.005347668479237289	5.875430934579439e-05	0.007553426676492262	0.3559322033898305	13.27536231884058	1.6431713043740233	3.451152579582876	2.2264150943396226	0.3834745762711864	0.6236193029490625	-1	0.8743529395604738	0.2245762711864407	0.885876153340765	472	214	69
16-86	de	7.7625	1.7987117552334944	8.662173711755234	6.746593703703705	0.27375201288244766	0.05475040257648953	0.6731078904991948	0.01610305958132045	0.00966183574879227	0.975	0.7126728405209417	3.3625	1.72	0.004715543141545894	6.988723391608392e-05	0.005330667999333666	0.4170692431561997	15.3	1.6131722005527152	3.46875	2.123529411764706	0.41545893719806765	0.6446743295019169	0.9471330850806141	0.9340306295903557	0.17552334943639292	0.9267600078614393	609	286	80
19-76	de	6.934065934065934	1.98256735340729	10.508580484491738	8.25039801118058	0.30269413629160064	0.05229793977812995	0.652931854199683	0.0	0.014263074484944533	0.9010989010989011	0.6793779985446652	2.5233644859813085	1.8481675392670156	0.004379743789381933	6.530153064516129e-05	0.006339144215530904	0.7337559429477021	12.476635514018692	1.6295030194288027	3.4458551157580284	2.2254098360655736	0.32805071315372425	0.6288721804511272	0.605693799829591	0.7708961160276172	0.1473851030110935	0.8639003921869838	618	310	107
24-40	de	5.431034482758621	1.9047619047619047	9.004293924466342	7.930814997263274	0.3904761904761905	0.047619047619047616	0.7365079365079366	0.009523809523809525	0.012698412698412698	0.8620689655172413	0.7144401894401894	2.4310344827586206	1.4308943089430894	0.0035580100965232698	6.937933375e-05	0.009347442680776015	0.28888888888888886	12.46551724137931	1.90874030184375	3.2269021739130435	2.116022099447514	0.5714285714285714	0.6967129629629629	-1	-1	0.1523809523809524	0.9416669590244059	305	160	58
4-22	de	5.635294117647059	1.8914405010438413	8.926762618199682	8.763233702566621	0.32150313152400833	0.07724425887265135	0.7056367432150313	0.006263048016701462	0.008350730688935281	0.8588235294117647	0.6822979104229103	2.7058823529411766	1.5903614457831325	0.003803307008559499	4.715878427419355e-05	0.008900120865838919	0.2359081419624217	12.188235294117646	1.6810280294181221	3.267233238904627	2.203125	0.4613778705636743	0.6889999999999998	-1	0.8363767753066063	0.2045929018789144	0.9147529330867549	465	248	85
24-80	de	5.686567164179104	2.031496062992126	10.59941473733694	8.188864895992479	0.32020997375328086	0.028871391076115485	0.7322834645669292	0.007874015748031496	0.02099737532808399	0.8208955223880597	0.7146495284354136	2.514705882352941	1.4887218045112782	0.0034979899540682415	7.181605958549223e-05	0.009798775153105862	0.12598425196850394	11.294117647058824	1.6244657847599024	3.6516129032258067	2.3	0.5380577427821522	0.6583687943262411	-1	-1	0.2204724409448819	0.9389955032936513	376	193	68
16-5	de	3.6621621621621623	2.6531365313653135	17.14525431335394	13.189564436022739	0.3800738007380074	0.03690036900369004	0.7416974169741697	0.014760147601476014	0.014760147601476014	0.6351351351351351	0.7563437703848661	1.7567567567567568	1.4803921568627452	0.0033638122191881918	4.420841721854305e-05	0.01051660516605166	0.5018450184501845	9.054054054054054	1.917923412041059	3.347142857142857	2.579710144927536	0.5498154981549815	0.6984883720930236	-1	-1	0.16974169741697417	0.9218088214549941	264	151	74
12-30	de	6.804597701149425	1.864864864864865	9.069198508853685	6.8713604923889395	0.28378378378378377	0.05405405405405406	0.6790540540540541	0.02195945945945946	0.0033783783783783786	0.9310344827586207	0.7425176890293167	3.218390804597701	1.694300518134715	0.004855855860979729	5.516029312977099e-05	0.006061208267090621	0.6942567567567568	14.264367816091953	1.5808451849780452	3.3566265060240963	2.4878048780487805	0.3716216216216216	0.6323935091277876	0.5797867808374542	0.7371015588505139	0.19594594594594594	0.8925118221796762	566	262	87
13-76	de	7.0476190476190474	2.189189189189189	12.991003861003861	10.99893622908623	0.30743243243243246	0.10472972972972973	0.722972972972973	0.006756756756756757	0.016891891891891893	0.9285714285714286	0.7262562747479309	3.0476190476190474	1.7352941176470589	0.004362160603067808	4.1074347682119206e-05	0.010360360360360362	0.28040540540540543	16.595238095238095	1.823860927432356	3.2776203966005664	2.311926605504587	0.5371621621621622	0.7280710659898477	-1	-1	0.15202702702702703	0.9294755815478924	290	151	42
22-62	de	7.482758620689655	2.0737327188940093	11.79832194501828	8.854550421102815	0.24423963133640553	0.07373271889400922	0.6728110599078341	0.004608294930875576	0.013824884792626729	0.9310344827586207	0.6078056665556666	3.206896551724138	1.826086956521739	0.004849032431797236	6.53044357142857e-05	0.014746543778801843	0.16589861751152074	14.827586206896552	1.5974514310242998	3.8963133640552994	2.5	0.48847926267281105	0.6366101694915253	-1	-1	0.23963133640552994	0.9104507914865332	216	98	29
7-87	de	7.315068493150685	1.8838951310861423	9.49283925914525	8.049409040069778	0.3052434456928839	0.035580524344569285	0.704119850187266	0.07303370786516854	0.04868913857677903	0.8493150684931506	0.7061162731301619	2.9315068493150687	2.029940119760479	0.004163032321910112	5.549560573770492e-05	0.01016586409844837	0.5730337078651685	17.164383561643834	1.6794255513937222	3.0414012738853504	2.0941176470588236	0.32209737827715357	0.5326666666666664	-1	0.856554033785513	0.12172284644194757	0.8264791245364659	486	244	73
14-10	de	5.700680272108843	1.9785202863961815	9.979804685597394	8.301984290422613	0.2911694510739857	0.05250596658711217	0.711217183770883	0.015513126491646777	0.017899761336515514	0.8639455782312925	0.7122629083245517	2.619047619047619	1.6101083032490975	0.004198824462052506	4.6864172813238766e-05	0.004365795447930613	0.7780429594272077	12.639455782312925	1.659602277678982	3.3333333333333335	2.205521472392638	0.4331742243436754	0.6911096075778089	0.8243468755357442	0.9340084054545525	0.19809069212410502	0.9287953397557193	826	423	147
17-171	de	7.769230769230769	1.551155115511551	5.743630363036306	3.5212101040873325	0.24422442244224424	0.019801980198019802	0.66996699669967	0.006600660066006601	0.013201320132013201	0.9230769230769231	0.7530223869697557	3.1025641025641026	1.702127659574468	0.005479690905610561	8.028929705882352e-05	0.012926292629262925	0.1353135313531353	13.025641025641026	1.3486372822579717	3.6868884540117417	2.2857142857142856	0.4389438943894389	0.6354411764705881	-1	-1	0.20132013201320131	0.8970138040958691	301	136	39
10-36	de	7.697916666666667	2.1407307171853858	12.672809962787554	10.05077908209292	0.35588633288227334	0.058186738836265225	0.7158322056833559	0.013531799729364006	0.006765899864682003	0.8541666666666666	0.6595217011653227	2.9381443298969074	1.8902439024390243	0.0042387483328822735	6.356506240208876e-05	0.004779316500158351	0.7225981055480379	18.11340206185567	1.8434335023216453	3.2903405918481297	2.4545454545454546	0.42760487144790255	0.6764062500000019	0.8578735389995725	1.003643942051823	0.14343707713125844	0.9142648486121805	727	383	97
5-40	de	5.655405405405405	2.020310633213859	10.455273580031648	7.918373508992863	0.3130227001194743	0.06332138590203107	0.7156511350059738	0.0035842293906810036	0.007168458781362007	0.8445945945945946	0.7204082104592306	2.6953642384105962	1.5123674911660778	0.004675486754241338	4.1377590639269414e-05	0.004211469534050179	0.6881720430107527	12.052980132450331	1.7470218571844984	3.308270676691729	2.3451327433628317	0.3954599761051374	0.6974390243902424	0.73877188578235	0.8400816797350555	0.1768219832735962	0.9155120172115698	826	438	151
6-56	de	7.481481481481482	1.7227722772277227	7.65649064906491	3.7172403373670715	0.2722772277227723	0.039603960396039604	0.6584158415841584	0.0	0.009900990099009901	0.9259259259259259	0.7009785620362544	3.037037037037037	1.6901408450704225	0.005972549782673267	6.336109204545454e-05	0.01485148514851485	0.07425742574257425	14.851851851851851	1.7201686173908397	3.2875	2.3333333333333335	0.5148514851485149	0.6148543689320389	-1	-1	0.18811881188118812	0.9323371108461322	197	88	27
19-128	de	6.146067415730337	1.870201096892139	8.875339235462071	7.802622471910112	0.3327239488117002	0.04936014625228519	0.680073126142596	0.005484460694698354	0.009140767824497258	0.8651685393258427	0.7026129173856448	2.7752808988764044	1.6218905472636815	0.00478421535393053	5.387829323308271e-05	0.00603290676416819	1.1224862888482632	13.0561797752809	1.6645643682160536	3.3080851063829786	2.279245283018868	0.42047531992687387	0.6762946428571437	0.5727880684546306	0.7677174869893957	0.15173674588665448	0.9044254223482059	523	266	89
17-89	de	6.419354838709677	1.7839195979899498	7.963799643378184	4.7312809531528615	0.38190954773869346	0.01507537688442211	0.6934673366834171	0.020100502512562814	0.005025125628140704	0.8709677419354839	0.7353312591547887	3.064516129032258	1.4444444444444444	0.0034287131984924624	5.002398529411764e-05	0.015912897822445562	0.1457286432160804	12.806451612903226	1.6572240062278012	3.347607052896725	2.183333333333333	0.592964824120603	0.6865999999999995	-1	-1	0.16080402010050251	0.9306141391451297	195	102	31
16-249	de	5.625954198473282	2.3934871099050206	14.847270034283824	11.61021856505122	0.3514246947082768	0.06648575305291723	0.6974219810040706	0.005427408412483039	0.023066485753052916	0.7251908396946565	0.6612076567223627	2.8702290076335877	1.4657039711191335	0.0035688100766621436	3.278038387978142e-05	0.006290859750832614	0.37449118046132973	13.885496183206106	1.878359193817209	3.204301075268817	2.414473684210526	0.4056987788331072	0.6428840125391861	0.9427519038471607	1.0505550207417307	0.1628222523744912	0.9058850903815538	725	366	131
23-46	de	7.031914893617022	2.0211800302571863	11.00237116554544	8.510191540863296	0.2874432677760968	0.04084720121028744	0.6913767019667171	0.0015128593040847202	0.006051437216338881	0.9042553191489362	0.734099353454192	3.0638297872340425	1.5132743362831858	0.004525848376248109	6.886248312101911e-05	0.005319408520814016	0.5158850226928896	15.053191489361701	1.6922777906976907	3.392405063291139	2.380566801619433	0.39334341906202724	0.6553024911032036	0.8772229804391316	0.8322011028718924	0.2102874432677761	0.911704423042076	646	314	94
18-59	de	5.0	2.097058823529412	11.105294117647063	8.978058823529414	0.3205882352941177	0.05588235294117647	0.7029411764705882	0.0058823529411764705	0.0058823529411764705	0.75	0.677691385968097	2.264705882352941	1.5454545454545454	0.004058622981470588	6.19322583815029e-05	0.009597523219814242	0.3588235294117647	10.897058823529411	1.9071966160201455	3.371693121693122	2.4672131147540983	0.5235294117647059	0.6988381742738589	-1	-1	0.18529411764705883	0.9273924064794329	332	173	68
17-71	de	6.352941176470588	1.9444444444444444	9.832091503267975	7.4450821350762535	0.28703703703703703	0.046296296296296294	0.7407407407407407	0.05555555555555555	0.009259259259259259	1.0	0.7828440656565656	2.823529411764706	1.5625	0.0034249125462962964	6.880870212765957e-05	0.018518518518518517	0.0	12.941176470588236	1.61504329004329	3.549107142857143	2.3220338983050848	0.7592592592592593	0.7811111111111111	-1	-1	0.18518518518518517	0.9645271950236168	98	47	17
17-58	de	8.0625	1.7674418604651163	8.410188953488372	6.121344573643412	0.23255813953488372	0.046511627906976744	0.7131782945736435	0.0	0.007751937984496124	1.0	0.6841798941798941	3.5625	1.575	0.00480061549379845	4.640167288135593e-05	0.02635658914728682	0.07751937984496124	15.4375	1.614994873547505	3.5120967741935485	2.1785714285714284	0.6046511627906976	0.6490000000000002	-1	-1	0.23255813953488372	0.9280576048600373	129	59	16
18-50	de	6.0	2.002314814814815	10.377314814814817	9.23714675925926	0.30671296296296297	0.05787037037037037	0.7164351851851852	0.01273148148148148	0.01273148148148148	0.8611111111111112	0.7672327575299599	2.8402777777777777	1.6566666666666667	0.004890773320949075	5.4873762679425834e-05	0.004252799310938846	0.8530092592592593	13.20138888888889	1.7251359005882032	3.3196251952108278	2.3465608465608465	0.3819444444444444	0.6911503267973844	0.7787202053928383	0.9015600424038226	0.16782407407407407	0.9121611254181885	837	418	144
6-63	de	12.294117647058824	1.708133971291866	9.360686743596961	5.695887475372926	0.23444976076555024	0.03827751196172249	0.6746411483253588	0.0	0.0	1.0	0.6749525686110565	4.235294117647059	1.5671641791044777	0.005023220206220096	6.13036715909091e-05	0.025119617224880382	0.023923444976076555	22.470588235294116	1.5434962144737232	3.55	2.075	0.507177033492823	0.5664545454545457	-1	-1	0.20095693779904306	0.9323371108461322	209	88	17
1-39	de	7.527777777777778	1.878228782287823	9.508932964329649	7.546252070520705	0.2976629766297663	0.05412054120541206	0.6605166051660517	0.01107011070110701	0.007380073800738007	0.9351851851851852	0.7085931073080604	3.3486238532110093	1.7735849056603774	0.004674649965067651	6.720344164383562e-05	0.004356293562935629	1.103321033210332	14.256880733944953	1.6337786570140245	3.575507614213198	2.3293172690763053	0.36039360393603936	0.6776750700280119	0.6632004580457675	0.7983984306694422	0.17220172201722017	0.9013919522879473	795	365	109
7-82	de	8.0	1.9744318181818181	10.828295454545458	8.781136931818182	0.26704545454545453	0.032670454545454544	0.6647727272727273	0.02556818181818182	0.015625	0.9545454545454546	0.7046779210572314	3.340909090909091	1.742081447963801	0.004837738564346591	5.9416806666666666e-05	0.006442775974025974	0.3650568181818182	16.931818181818183	1.7764640081476204	3.447741065407957	2.161184210526316	0.3664772727272727	0.6370743801652903	0.835849445729008	0.9266332086027917	0.2159090909090909	0.8941200774196068	671	300	88
7-83	de	6.5625	1.8968253968253967	9.351914682539682	7.578392857142857	0.2968253968253968	0.04126984126984127	0.6841269841269841	0.009523809523809525	0.007936507936507936	0.8645833333333334	0.6876026467512533	2.9270833333333335	1.674641148325359	0.005254484711111111	4.8547708480565374e-05	0.005372405372405372	0.780952380952381	13.4375	1.6692784348345011	3.4402173913043477	2.2389380530973453	0.38095238095238093	0.6466101694915247	0.5864449674212179	0.8415082312217915	0.1873015873015873	0.9011857568541233	618	283	96
16-122	de	5.857142857142857	1.7390243902439024	7.214773519163767	5.857094773519164	0.29024390243902437	0.03414634146341464	0.7195121951219512	0.03414634146341464	0.014634146341463415	0.8	0.6953468431729302	2.6	1.6180555555555556	0.00428911727	8.084602526881721e-05	0.007621951219512195	0.44390243902439025	11.242857142857142	1.5997495758210043	3.4115432873274782	2.2777777777777777	0.4682926829268293	0.6945659163987126	-1	-1	0.18048780487804877	0.9145340927358195	399	186	70
21-328	de	6.565217391304348	1.8233995584988962	8.486549572895672	7.255187791534697	0.3079470198675497	0.04856512141280353	0.6986754966887417	0.04415011037527594	0.008830022075055188	0.8913043478260869	0.7235658678216593	2.920289855072464	1.7849829351535835	0.004687093883200883	6.727138521126762e-05	0.004741119807344973	0.8609271523178808	13.615942028985508	1.6206072588240445	3.378980891719745	2.1544303797468354	0.3719646799116998	0.697831474597273	0.6400912054360244	0.7741551161881755	0.17880794701986755	0.9017491466832929	861	426	138
5-16	de	5.536	1.966763005780347	9.776843468208096	8.234419778034683	0.319364161849711	0.057803468208092484	0.6719653179190751	0.010115606936416185	0.005780346820809248	0.768	0.6457251529832174	2.552	1.6419753086419753	0.00478674087433526	5.008901091445428e-05	0.005459216441875401	0.7601156069364162	12.32	1.8389562182915125	3.267741935483871	2.2614840989399294	0.4060693641618497	0.6641483979763906	0.8066004643906066	0.8834408257704313	0.18208092485549132	0.906832068548224	676	339	125
23-60	de	3.5407407407407407	2.698744769874477	17.636077173407717	13.77088214473888	0.42887029288702927	0.0899581589958159	0.7573221757322176	0.0020920502092050207	0.010460251046025104	0.45925925925925926	0.5873968900088302	1.9111111111111112	1.5821596244131455	0.003290169260669456	3.097078201438849e-05	0.008368200836820083	0.18410041841004185	10.162962962962963	2.2198457969046204	3.0808926080892607	2.5	0.5669456066945606	0.7457519788918202	-1	0.9430329608510399	0.12133891213389121	0.9458721316879021	460	278	135
23-67	de	6.72	1.8285714285714285	8.607942857142856	6.961834	0.2988095238095238	0.04880952380952381	0.6630952380952381	0.013095238095238096	0.015476190476190477	0.888	0.6963325742357996	2.928	1.6895306859205776	0.005496170369761905	5.9932660857908844e-05	0.004291251384274641	0.7523809523809524	13.904	1.7205854883678413	3.337535816618911	2.2822085889570554	0.37857142857142856	0.6758569500674766	0.7109043280937736	0.8826515219065942	0.17023809523809524	0.9131301467734951	813	373	125
23-68	de	6.609090909090909	1.9133425034387896	9.564986995123174	6.823024869325998	0.2861072902338377	0.0577716643741403	0.7015130674002751	0.013755158184319119	0.011004126547455296	0.9090909090909091	0.6905739011243601	2.8636363636363638	1.7510204081632652	0.005588635910729024	6.162417049689441e-05	0.00519639309185389	0.7510316368638239	14.127272727272727	1.7240091429663622	3.358695652173913	2.4005847953216373	0.3796423658872077	0.6761146496815287	0.6363717114728935	0.8457888026173597	0.1733149931224209	0.9077323102439231	701	322	110
5-55	de	6.203007518796992	2.0109090909090908	10.5579002050581	9.12396103896104	0.3466666666666667	0.06181818181818182	0.7115151515151515	0.030303030303030304	0.009696969696969697	0.8872180451127819	0.6930727385607062	2.9323308270676693	1.5582191780821917	0.004507283641333334	5.576018474178403e-05	0.004683195592286501	0.64	14.578947368421053	1.7325157621630423	3.219650205761317	2.262425447316103	0.4315151515151515	0.6882920110192853	0.9316568719794129	0.9812148987537898	0.1696969696969697	0.9215931495662508	771	426	133
24-129	de	6.380952380952381	1.6828358208955223	6.756034115138593	5.738425088841507	0.2462686567164179	0.06716417910447761	0.7350746268656716	0.022388059701492536	0.022388059701492536	0.8095238095238095	0.6394817919208164	2.5714285714285716	1.75	0.004328453343656716	0.00012736730083333334	0.010927505330490405	0.26865671641791045	11.166666666666666	1.431374698286463	3.6951983298538624	2.2857142857142856	0.47761194029850745	0.6744378698224855	-1	-1	0.1828358208955224	0.9018267488493644	261	120	42
17-70	de	5.708860759493671	2.090909090909091	11.309182968929804	10.171251009009517	0.3436807095343681	0.0598669623059867	0.6984478935698448	0.03325942350332594	0.011086474501108648	0.810126582278481	0.6507834757834754	2.7088607594936707	1.738562091503268	0.004391180717960089	4.5140921076233186e-05	0.005810841807477636	0.5099778270509978	12.69620253164557	1.8948228108038234	3.463199214916585	2.2616822429906542	0.5254988913525499	0.70875	-1	1.0299284429963573	0.16186252771618626	0.9362741275851674	430	223	79
14-36	de	6.6938775510204085	2.004573170731707	10.674575659532106	8.536426692384271	0.3003048780487805	0.0625	0.6600609756097561	0.004573170731707317	0.004573170731707317	0.9081632653061225	0.7072951389961695	3.06	1.7366071428571428	0.005635307256707318	4.050210705128205e-05	0.0052506775067750686	0.7317073170731707	15.01	1.7711203308215693	3.260292164674635	2.336917562724014	0.4222560975609756	0.6539856373429075	0.7147495714863893	0.791469050962174	0.18902439024390244	0.9243017152887746	641	312	100
19-101	de	5.911111111111111	1.7857142857142858	7.7867619047619065	6.817849055973266	0.2857142857142857	0.022556390977443608	0.6578947368421053	0.0	0.015037593984962405	0.9777777777777777	0.7011470221697494	2.3333333333333335	1.6818181818181819	0.0058264702090225565	4.239112807017544e-05	0.012280701754385963	0.2556390977443609	10.479166666666666	1.7811621827246826	3.6785714285714284	2.1772151898734178	0.48120300751879697	0.5988023952095811	-1	-1	0.19548872180451127	0.9087594491871824	264	114	48
17-159	de	6.547297297297297	1.7688338493292053	7.835685368030568	6.403134320698408	0.2807017543859649	0.02786377708978328	0.6460268317853457	0.02063983488132095	0.01238390092879257	0.8445945945945946	0.6481471665145132	2.771812080536913	1.8271186440677967	0.005466470259855521	6.40400081140351e-05	0.004426097924549936	0.8008255933952528	12.805369127516778	1.6065173087429305	3.4685059864653827	2.365180467091295	0.3188854489164087	0.6472298850574716	0.6149218212709064	0.6497850478253014	0.18472652218782248	0.8733546444363373	933	456	149
8-39	de	6.360655737704918	1.7293814432989691	7.297356768632756	4.9450222579009635	0.21391752577319587	0.03865979381443299	0.6932989690721649	0.007731958762886598	0.028350515463917526	0.9672131147540983	0.6932142857142857	2.6557377049180326	1.6416666666666666	0.004892456185051547	6.804979119496855e-05	0.007325013564839934	0.20618556701030927	12.19672131147541	1.5682344522508456	3.5101763907734056	2.247311827956989	0.44587628865979384	0.6422837370242213	-1	-1	0.18556701030927836	0.9085139513922912	387	159	61
24-85	de	6.205128205128205	1.9049586776859504	9.308512396694216	7.053613138376776	0.34297520661157027	0.02066115702479339	0.71900826446281	0.012396694214876033	0.012396694214876033	0.8974358974358975	0.7161613240560609	3.076923076923077	1.372340425531915	0.004115300000826446	9.15934372881356e-05	0.017447199265381085	0.06198347107438017	12.666666666666666	1.6059782704043242	3.4550898203592815	2.3404255319148937	0.5537190082644629	0.6620279720279719	-1	-1	0.2024793388429752	0.9287591085188495	238	118	39
23-52	de	7.222222222222222	1.9472527472527472	10.204249084249085	7.948203907203908	0.2571428571428571	0.05714285714285714	0.6791208791208792	0.015384615384615385	0.008791208791208791	0.9523809523809523	0.7493550580244129	2.9682539682539684	1.7972027972027973	0.004958827959340659	6.29293466981132e-05	0.006813186813186814	0.2021978021978022	14.904761904761905	1.6075591826992386	3.475635593220339	2.2413793103448274	0.46593406593406594	0.6841011235955059	-1	0.8143269307622633	0.189010989010989	0.9290868264275839	448	212	63
13-79	de	6.945945945945946	2.012970168612192	10.871966908542785	9.017996403407299	0.28793774319066145	0.0622568093385214	0.6757457846952011	0.00648508430609598	0.01556420233463035	0.9099099099099099	0.7263551852188209	3.205357142857143	1.6053639846743295	0.004420681348000092	5.7336508e-05	0.004433987874400506	1.020752269779507	15.455357142857142	1.7960303447995565	3.3963027151935297	2.194610778443114	0.3527885862516213	0.6601488095238097	0.7028646083347561	0.7937527116044338	0.19584954604409857	0.8948116813261673	744	350	112
21-11	de	5.213333333333333	2.051150895140665	10.646780562659849	9.679354755328218	0.32225063938618925	0.0792838874680307	0.7519181585677749	0.0025575447570332483	0.0025575447570332483	0.76	0.6726720351720351	2.5866666666666664	1.4285714285714286	0.003672652905370844	5.692521025641026e-05	0.0076726342710997444	0.25831202046035806	10.986666666666666	1.7164454064454064	3.510083036773428	2.4786324786324787	0.4936061381074169	0.6979452054794515	-1	-1	0.1585677749360614	0.9371596503518962	389	195	75
1-118	de	6.891304347826087	1.7839116719242902	8.1477664243588	6.59746268001646	0.26813880126182965	0.04258675078864353	0.6987381703470031	0.006309148264984227	0.017350157728706624	0.9347826086956522	0.7072077638658117	2.847826086956522	1.6135265700483092	0.0040718609318611985	7.252230779661017e-05	0.0055459448458329095	0.5772870662460567	14.032608695652174	1.5826668441790146	3.4583333333333335	2.209756097560976	0.38485804416403785	0.6657757009345803	0.6832594817764632	0.8245924531356005	0.18138801261829654	0.8946049554374715	627	295	92
8-78	de	6.151515151515151	1.7881773399014778	7.909583519928347	5.698311658456487	0.28735632183908044	0.03776683087027915	0.6748768472906403	0.0	0.019704433497536946	0.8686868686868687	0.7554831839495705	2.5555555555555554	1.5566037735849056	0.004610492685057472	5.154352910447761e-05	0.006208949096880132	0.7093596059113301	12.83838383838384	1.7455804237702164	3.2653061224489797	2.3085714285714287	0.3645320197044335	0.6345882352941167	0.7537006561072966	0.8717008978451377	0.18226600985221675	0.9020634700992314	608	268	99
17-161	de	8.140625	1.6525911708253358	7.085419565738963	4.661793881957775	0.22264875239923224	0.0345489443378119	0.708253358925144	0.011516314779270634	0.019193857965451054	0.9375	0.7148681345109917	2.875	1.7058823529411764	0.0046213282033205376	8.617544536585365e-05	0.008408737775340463	0.3397312859884837	14.359375	1.4236082916750004	3.6938997821350763	2.4011627906976742	0.3531669865642994	0.6418483412322283	0.46361285835255417	0.7158259150161631	0.19769673704414586	0.8830493243886881	514	205	64
9-23	de	6.333333333333333	1.7748538011695907	7.82327485380117	5.26887485380117	0.2573099415204678	0.05263157894736842	0.7339181286549707	0.0	0.014619883040935672	0.9444444444444444	0.6824940782487955	2.6481481481481484	1.6666666666666667	0.004994087380701754	5.969318255033557e-05	0.01023391812865497	0.16374269005847952	12.796296296296296	1.5687180617736174	3.3797101449275364	2.2666666666666666	0.4824561403508772	0.6134156378600826	-1	-1	0.20175438596491227	0.9356877434038664	341	149	54
1-76	de	7.6902654867256635	1.9228998849252015	10.099422181940387	8.15351664714808	0.2681242807825086	0.0667433831990794	0.666283084004603	0.005753739930955121	0.010356731875719217	0.9380530973451328	0.6845439093469555	3.265486725663717	1.6785714285714286	0.004123512565362485	6.407792970297029e-05	0.004799461113138174	0.7249712313003452	16.283185840707965	1.646253867634933	3.4589003810560697	2.271604938271605	0.3233601841196778	0.6461038961038984	0.7472676330892445	0.8863292614991403	0.1852704257767549	0.8803263623948694	853	404	113
24-57	de	6.897058823529412	1.8805970149253732	9.290897717295877	8.64415838454785	0.3859275053304904	0.042643923240938165	0.7420042643923241	0.01279317697228145	0.008528784648187633	0.8676470588235294	0.7023348834367271	3.101449275362319	1.5112359550561798	0.003997851227292111	5.33828264e-05	0.0072309261147677755	0.2835820895522388	14.318840579710145	1.6539786099568707	3.4156626506024095	2.123076923076923	0.5330490405117271	0.7121081081081082	-1	1.0024173433577013	0.16844349680170576	0.939495159525491	460	250	69
24-121	de	7.714285714285714	1.7175925925925926	7.686164021164021	5.545337830687832	0.23148148148148148	0.06018518518518518	0.7546296296296297	0.032407407407407406	0.018518518518518517	1.0	0.754320987654321	3.0714285714285716	1.819672131147541	0.004338531845833334	5.613656391752577e-05	0.013503086419753086	0.25	15.0	1.5732596068730522	3.4523809523809526	2.2023809523809526	0.5185185185185185	0.6479487179487183	-1	-1	0.17592592592592593	0.9056604331640115	206	97	28
19-144	de	7.5	1.9391304347826086	10.216739130434785	8.590797101449276	0.2753623188405797	0.08115942028985507	0.6463768115942029	0.008695652173913044	0.014492753623188406	0.9565217391304348	0.6649693208026544	3.130434782608696	1.8181818181818181	0.004981493165217391	4.7155684353741494e-05	0.010571184995737426	0.2492753623188406	14.956521739130435	1.5815436922449977	3.5544267053701017	2.3359375	0.45507246376811594	0.6383739837398377	-1	-1	0.16231884057971013	0.9082578342329627	334	147	46
17-113	de	5.415094339622642	2.013937282229965	10.286346722766421	8.68852224048386	0.3240418118466899	0.05574912891986063	0.710801393728223	0.012195121951219513	0.0156794425087108	0.7641509433962265	0.6422476068904639	2.481132075471698	1.5384615384615385	0.0037923789242160274	3.898838339222615e-05	0.00491378540159028	0.8118466898954704	12.254716981132075	1.7569255895171545	3.2539444027047333	2.3205128205128207	0.4442508710801394	0.7016631578947371	0.7203524444474547	0.9468521465375548	0.17421602787456447	0.9198486754092179	564	283	106
23-53	de	6.344262295081967	2.1757105943152455	12.557647308001865	10.554003549794555	0.2868217054263566	0.09819121447028424	0.6976744186046512	0.012919896640826873	0.007751937984496124	0.9016393442622951	0.7396891996891996	2.8360655737704916	1.7903225806451613	0.004416978812403101	5.7982235532994924e-05	0.007131782945736434	0.6098191214470284	14.60655737704918	1.7042847193522217	3.4048943270300334	2.1878453038674035	0.4883720930232558	0.7367013888888887	-1	-1	0.1731266149870801	0.9213224967984155	378	197	61
6-37	de	6.75	1.7065527065527066	7.17982193732194	6.342260968660968	0.2336182336182336	0.039886039886039885	0.6894586894586895	0.019943019943019943	0.014245014245014245	0.9615384615384616	0.7325346638495429	2.6923076923076925	1.6936936936936937	0.00465286922051282	9.23167543624161e-05	0.008974358974358974	0.32193732193732194	13.288461538461538	1.665678085971608	3.4208211143695015	1.9886363636363635	0.43304843304843305	0.6101190476190472	-1	-1	0.2336182336182336	0.8992521892139006	344	149	52
21-215	de	5.580645161290323	2.0539499036608864	10.823060476101684	9.429239940331904	0.3853564547206166	0.07129094412331406	0.7456647398843931	0.02119460500963391	0.02119460500963391	0.7849462365591398	0.7182702563137344	2.731958762886598	1.5023041474654377	0.004030520436188825	4.1398264453125e-05	0.006477268068708237	1.3140655105973025	13.29896907216495	1.9911136054516414	3.3021638330757344	2.5575916230366493	0.3930635838150289	0.6406904761904764	-1	0.7108765388283127	0.13102119460500963	0.875	490	256	97
16-223	de	8.1	2.0123456790123457	11.314679012345682	8.640780905349796	0.31893004115226337	0.05761316872427984	0.6934156378600823	0.02263374485596708	0.018518518518518517	0.8833333333333333	0.656984117213298	3.45	1.6768292682926829	0.00404278920617284	5.696214953271028e-05	0.0073159579332418845	0.46502057613168724	17.45	1.853762761227595	3.4572769953051643	2.4108527131782944	0.448559670781893	0.6528682170542628	-1	0.9270493097620122	0.15432098765432098	0.9127584219980839	462	214	60
2-12	de	6.4603174603174605	1.8968058968058967	9.311833391833392	6.898506602706602	0.22604422604422605	0.029484029484029485	0.7837837837837838	0.004914004914004914	0.004914004914004914	0.8888888888888888	0.7425535486019357	2.8095238095238093	1.3082191780821917	0.004577531410810811	6.286979887640449e-05	0.01115101115101115	0.14004914004914004	12.079365079365079	1.4436249480367127	3.657929226736566	2.3401360544217686	0.3832923832923833	0.5975974025974027	-1	-1	0.23832923832923833	0.8887229930182069	404	178	63
12-127	de	6.8	1.8854489164086687	9.310297213622295	7.57115504643963	0.29721362229102166	0.034055727554179564	0.6563467492260062	0.018575851393188854	0.009287925696594427	0.9263157894736842	0.7127737805929295	3.126315789473684	1.6898148148148149	0.004506942062229102	6.007423168316832e-05	0.00680176376770804	0.6981424148606811	14.442105263157895	1.6631106160961955	3.375912408759124	2.197674418604651	0.34520123839009287	0.6282815356489951	0.6523004432111779	0.8086077387751879	0.1826625386996904	0.8826848031913936	632	303	95
22-70	de	8.0	1.7762096774193548	8.48927419354839	6.877781451612903	0.21370967741935484	0.04435483870967742	0.7520161290322581	0.006048387096774193	0.02620967741935484	0.967741935483871	0.7504945009453204	2.8870967741935485	1.5741935483870968	0.004554259176209678	9.691447411167513e-05	0.009019524617996605	0.2661290322580645	15.161290322580646	1.464790648864912	3.5893617021276594	2.2193548387096773	0.3548387096774194	0.6334256926952139	-1	-1	0.2056451612903226	0.8790860882154149	492	197	62
22-12	de	6.271186440677966	1.7945945945945947	8.031978928080626	6.092393724232709	0.22027027027027027	0.03783783783783784	0.6905405405405406	0.004054054054054054	0.01891891891891892	0.7711864406779662	0.693459282184772	2.5762711864406778	1.6170212765957446	0.004146681393513514	8.491637694915254e-05	0.004826254826254827	0.6608108108108108	11.88135593220339	1.4621208618663621	3.6640344580043074	2.310924369747899	0.32972972972972975	0.616224648985961	0.6879884164369153	0.716673342352732	0.20810810810810812	0.8967625333805755	740	295	118
17-131	de	4.229813664596273	2.2731277533039647	12.882534818179334	10.832430424749866	0.447870778267254	0.06607929515418502	0.7929515418502202	0.01762114537444934	0.013215859030837005	0.6273291925465838	0.6755041544104039	2.0304878048780486	1.4129032258064516	0.0029946145803230544	4.4318122823529415e-05	0.0043785876384995325	0.5697503671071953	11.402439024390244	1.8917082221714574	3.092139510671525	2.3962703962703964	0.5227606461086637	0.7309793814432975	1.0064100859176957	1.0730735818358104	0.13215859030837004	0.9333924336685123	668	425	164
21-298	de	6.653061224489796	1.6104294478527608	6.007761362213596	3.9361341680230373	0.24539877300613497	0.027607361963190184	0.6993865030674846	0.006134969325153374	0.02147239263803681	0.9591836734693877	0.7168107457629517	2.816326530612245	1.5523809523809524	0.004936277398466258	6.399948015267175e-05	0.009859772129710781	0.22699386503067484	13.040816326530612	1.5720532868492054	3.4218009478672986	2.304	0.4754601226993865	0.6592511013215858	-1	-1	0.21779141104294478	0.9425505360093492	322	131	49
18-55	de	7.176470588235294	1.6639344262295082	6.8432497589199635	4.97400424300868	0.2540983606557377	0.02459016393442623	0.6721311475409836	0.0	0.0	1.0	0.6941964285714286	3.411764705882353	1.4285714285714286	0.00436438317704918	5.926690847457627e-05	0.025614754098360656	0.18032786885245902	13.588235294117647	1.554910449028096	3.456896551724138	2.2	0.5573770491803278	0.6226086956521741	-1	-1	0.21311475409836064	0.8921036801668408	122	59	17
19-146	de	8.576923076923077	1.7309417040358743	8.180112107623316	5.761393377026562	0.2825112107623318	0.04932735426008968	0.695067264573991	0.026905829596412557	0.017937219730941704	1.0	0.7384549777707673	3.5384615384615383	1.6111111111111112	0.004836308061434978	8.662935851063829e-05	0.012556053811659192	0.10762331838565023	16.23076923076923	1.6674153837615375	3.556085918854415	2.123076923076923	0.600896860986547	0.7291935483870966	-1	-1	0.18834080717488788	0.9473444492311138	216	94	26
6-14	de	4.8125	2.0072150072150072	9.972012085137084	9.177701948051949	0.35209235209235207	0.06493506493506493	0.6998556998556998	0.0	0.001443001443001443	0.6458333333333334	0.6673687423687422	2.5902777777777777	1.4646840148698885	0.003287584929437229	4.0496416486486486e-05	0.006734006734006735	0.7835497835497836	10.76388888888889	1.797154051014345	3.191059399877526	2.537117903930131	0.3477633477633478	0.6291582491582486	0.8130215184901871	0.8927504343055216	0.17893217893217894	0.8790892684605527	683	370	144
8-77	de	7.386792452830188	2.021711366538953	11.147043181763419	9.326572336682812	0.3282247765006386	0.05747126436781609	0.6704980842911877	0.011494252873563218	0.007662835249042145	0.9339622641509434	0.7100182419510149	3.2264150943396226	1.6382978723404256	0.004881205801660281	4.5245327154047e-05	0.0055058890307932455	0.9680715197956578	16.40566037735849	1.7869245078431508	3.317633543940264	2.2594142259414225	0.33588761174968074	0.635862573099415	0.5457606958536513	0.6174658701406693	0.16602809706257982	0.8794683666740136	770	383	106
10-42	de	6.428571428571429	1.9277777777777778	9.664920634920637	7.6145015873015875	0.29888888888888887	0.058888888888888886	0.67	0.01	0.005555555555555556	0.8785714285714286	0.7188158728467653	2.702127659574468	1.635483870967742	0.005093988438333333	5.417669413202934e-05	0.004696969696969697	0.8211111111111111	13.21985815602837	1.7437952053619734	3.446457112413426	2.4087193460490464	0.3422222222222222	0.6371535580524346	0.7533998178760731	0.8883900862683453	0.17	0.8875608407122448	878	409	141
19-81	de	6.212121212121212	2.097560975609756	11.583946784922396	9.626008130081303	0.2926829268292683	0.08292682926829269	0.6731707317073171	0.0	0.004878048780487805	0.9090909090909091	0.6578542117604617	2.8484848484848486	1.7205882352941178	0.004836553336585366	3.7960519230769236e-05	0.013008130081300813	0.24390243902439024	14.363636363636363	1.899730698594335	3.2463157894736843	2.2264150943396226	0.5365853658536586	0.6569811320754722	-1	-1	0.18048780487804877	0.9296134212851253	205	104	33
19-67	de	6.826923076923077	1.832394366197183	8.694753521126763	6.888855904658721	0.28169014084507044	0.04366197183098591	0.6929577464788732	0.004225352112676056	0.011267605633802818	0.8653846153846154	0.7110585984229612	2.855769230769231	1.5121951219512195	0.00425834720112676	6.212533376623377e-05	0.0042879499217527385	1.0887323943661973	13.990384615384615	1.639928500573148	3.34839151266256	2.3304721030042916	0.3647887323943662	0.6617839607201315	0.5757586834927424	0.716116128362097	0.18450704225352113	0.9003430122707728	704	308	104
22-20	de	6.803030303030303	1.8897550111358574	9.362290949584935	7.191898737936155	0.2817371937639198	0.0400890868596882	0.720489977728285	0.014476614699331848	0.021158129175946547	0.8636363636363636	0.6899450358801502	2.887218045112782	1.6254071661237786	0.004582360377616927	7.646514701492537e-05	0.005116475049659905	0.6046770601336303	13.909774436090226	1.6212155686325824	3.479569892473118	2.161849710982659	0.35412026726057905	0.6699123904881111	0.7322936586180352	0.8374267780955961	0.17928730512249444	0.8940773788362124	877	402	133
19-93	de	5.698275862068965	2.190620272314675	12.481646799520064	11.01307698888831	0.3071104387291982	0.057488653555219364	0.7065052950075643	0.009077155824508321	0.012102874432677761	0.8362068965517241	0.7273726540431346	2.689655172413793	1.6261261261261262	0.003753462840393344	3.7610059050445104e-05	0.005505126912086065	0.7806354009077155	13.96551724137931	1.8057123491518958	3.211562115621156	2.210958904109589	0.4084720121028744	0.668131672597866	0.6911597233466342	0.8901751650199352	0.20574886535552195	0.9112077905972383	634	337	116
21-188	de	6.117241379310345	1.7835400225479143	7.841496403996427	6.0717824654978045	0.2750845546786922	0.04509582863585118	0.6798196166854565	0.011273957158962795	0.010146561443066516	0.7586206896551724	0.6991665741665735	2.7586206896551726	1.5931034482758621	0.004074600996279594	5.381144778325123e-05	0.005121597680785956	0.4081172491544532	12.744827586206897	1.7453560756349802	3.2591609134360064	2.296195652173913	0.3179255918827508	0.5820558375634505	0.762545864012642	0.9056472956809243	0.1939120631341601	0.8796025788613977	858	406	145
8-24	de	6.947368421052632	1.9318181818181819	9.914928229665072	6.054251515151515	0.2878787878787879	0.03787878787878788	0.6515151515151515	0.007575757575757576	0.0	0.9473684210526315	0.6934744268077602	3.0	1.6304347826086956	0.004843826732575758	3.515033389830509e-05	0.021464646464646468	0.022727272727272728	15.736842105263158	1.9520457612562876	3.12751677852349	2.27027027027027	0.5681818181818182	0.6369696969696971	-1	-1	0.21212121212121213	0.93895922457104	131	59	19
6-80	de	6.181159420289855	1.9273153575615474	9.562973393139302	8.171608260699662	0.347010550996483	0.06330597889800703	0.7151230949589683	0.008206330597889801	0.004689331770222743	0.7608695652173914	0.7253935464837482	2.9057971014492754	1.6121794871794872	0.00482178676737116	5.020134498834499e-05	0.003900261520425647	0.757327080890973	13.855072463768115	1.7818779893140728	3.158244002041858	2.3453237410071943	0.42907385697538103	0.6816312997347487	0.7126724206035707	0.900332972673437	0.141852286049238	0.9260361298386932	823	429	138
24-5	de	7.157894736842105	2.110294117647059	12.103049535603716	10.052829411764705	0.2426470588235294	0.04411764705882353	0.7205882352941176	0.0	0.022058823529411766	0.8947368421052632	0.7177757427757429	2.8947368421052633	1.4222222222222223	0.003360457942647059	6.502277575757576e-05	0.024509803921568627	0.022058823529411766	15.052631578947368	1.68878875817934	3.6180555555555554	2.5636363636363635	0.6323529411764706	0.6954054054054052	-1	-1	0.22794117647058823	0.933733981988216	133	66	19
21-253	de	5.985294117647059	1.6216216216216217	5.8793998410174915	3.2358394565688684	0.25552825552825553	0.019656019656019656	0.7174447174447175	0.004914004914004914	0.03194103194103194	0.9411764705882353	0.6611812109946439	2.485294117647059	1.689922480620155	0.00382033108968059	0.00011134110156249999	0.011466011466011467	0.14004914004914004	10.5	1.3124693407297896	3.670391061452514	2.3221476510067114	0.4275184275184275	0.5973051948051943	-1	-1	0.2113022113022113	0.8887937133189765	404	192	68
12-10	de	6.4148148148148145	2.031177829099307	10.879676161149604	9.0532614250278	0.312933025404157	0.05889145496535797	0.6974595842956121	0.017321016166281754	0.019630484988452657	0.7481481481481481	0.7513375720785843	2.6148148148148147	1.6689655172413793	0.004721359260046189	5.2740125490196075e-05	0.004869966864142986	0.9272517321016166	14.066666666666666	1.904378586692297	3.3429901707190894	2.3139841688654355	0.36143187066974597	0.6706518904824001	0.6375697000966836	0.8362674991301725	0.16397228637413394	0.8972530067068563	836	408	135
21-225	de	5.684931506849315	1.9927710843373494	10.141822082851956	8.47356874071629	0.3373493975903614	0.04819277108433735	0.6843373493975904	0.012048192771084338	0.01927710843373494	0.726027397260274	0.6618865316781982	2.547945205479452	1.522875816993464	0.004394067185142651	4.67185592039801e-05	0.00787766450417053	0.563855421686747	12.945205479452055	1.9587665592956316	3.2523364485981308	2.390909090909091	0.4602409638554217	0.7020569620253153	-1	0.7477900819193825	0.1783132530120482	0.9149069020237386	402	201	73
1-2	de	5.746478873239437	1.8700980392156863	8.718283623308483	6.511571071527204	0.3088235294117647	0.04656862745098039	0.6862745098039216	0.004901960784313725	0.0024509803921568627	0.8873239436619719	0.6817993864212352	2.704225352112676	1.5816993464052287	0.004808980037745098	4.568419798994975e-05	0.011397058823529413	0.3700980392156863	12.408450704225352	1.7583506868718137	3.2564389697648375	2.341880341880342	0.40931372549019607	0.6205177993527505	-1	-1	0.17892156862745098	0.8880048516830067	407	199	71
16-160	de	6.824742268041237	2.099697885196375	11.848084529853306	10.29722983773009	0.3595166163141994	0.06797583081570997	0.743202416918429	0.05891238670694864	0.0075528700906344415	0.8556701030927835	0.7104537013978159	3.0306122448979593	1.4960629921259843	0.003744648578096677	5.809777577639752e-05	0.0049463894319056925	1.4697885196374623	16.591836734693878	1.7990519597774457	3.170820668693009	2.091097308488613	0.43655589123867067	0.6729129662522193	0.8206796982552694	0.7902848698594694	0.15861027190332327	0.9077323102439231	588	322	98
9-88	de	4.588785046728972	1.9389002036659877	9.078648571482955	8.699373169385387	0.319755600814664	0.06517311608961303	0.6822810590631364	0.006109979633401222	0.012219959266802444	0.6728971962616822	0.6337751624377594	2.149532710280374	1.6033519553072626	0.004405618539511202	4.4575759274193546e-05	0.006336275175379044	0.3971486761710794	9.785046728971963	1.7056872166746735	3.357142857142857	2.3350785340314135	0.48676171079429736	0.7243622448979594	-1	0.9243180754428516	0.1955193482688391	0.9336285483681882	483	248	107
8-11	de	5.311258278145695	1.8403990024937655	8.198098957903255	6.1651745536820215	0.341645885286783	0.048628428927680795	0.685785536159601	0.0012468827930174563	0.0	0.7748344370860927	0.6933115033115032	2.423841059602649	1.5559322033898304	0.004051486758229426	6.093615165876777e-05	0.006078553615960099	0.5174563591022444	11.741721854304636	1.855134294207142	3.2219085262563523	2.230508474576271	0.3778054862842893	0.6432574679943099	0.786095896866133	0.867833330904171	0.15336658354114713	0.9010310311918879	791	422	151
10-66	de	5.702127659574468	1.9738805970149254	9.925620832010164	6.224216640203238	0.33955223880597013	0.041044776119402986	0.7014925373134329	0.0037313432835820895	0.018656716417910446	0.7021276595744681	0.8206929543886065	2.6595744680851063	1.4174757281553398	0.005523367725	6.440957812500001e-05	0.011852502194907813	0.43283582089552236	11.659574468085106	2.6780433514476067	3.4210526315789473	2.431578947368421	0.40298507462686567	0.5431952662721886	-1	-1	0.17164179104477612	0.8842606512685739	262	128	47
16-127	de	7.1891891891891895	1.9260651629072683	9.94135270608955	8.25981438731965	0.3433583959899749	0.05764411027568922	0.7155388471177945	0.016290726817042606	0.011278195488721804	0.9009009009009009	0.751302081756627	3.225225225225225	1.5842293906810037	0.004002189723154887	5.5900444266666664e-05	0.004585932917399883	0.8245614035087719	15.0990990990991	1.633640187432757	3.3512396694214877	2.309090909090909	0.4273182957393484	0.7147210300429191	0.7828328821633264	0.9471321386906096	0.15288220551378445	0.9189818377688492	765	375	111
24-154	de	8.692307692307692	2.0530973451327434	12.026548672566374	9.51578747447243	0.24778761061946902	0.09734513274336283	0.7256637168141593	0.008849557522123894	0.02654867256637168	0.9230769230769231	0.6598905723905725	3.769230769230769	1.631578947368421	0.0031505493716814156	6.109961818181819e-05	0.02064896755162242	0.0	16.23076923076923	1.517103811221458	3.8720379146919433	2.12	0.6902654867256637	0.7207142857142854	-1	-1	0.168141592920354	0.949924130041982	113	55	13
10-19	de	5.042553191489362	2.0436005625879043	10.491082383218124	9.494823754376515	0.360056258790436	0.06047819971870605	0.680731364275668	0.0014064697609001407	0.0028129395218002813	0.7021276595744681	0.7243823636680776	2.6099290780141846	1.5390334572490707	0.004268268121940928	3.945242150259067e-05	0.00512947795151816	1.5147679324894514	11.666666666666666	1.7948217930910113	3.158665105386417	2.4555555555555557	0.3952180028129395	0.6708496732026136	0.5933544816638368	0.7577783144094116	0.1659634317862166	0.8969912911582495	707	386	141
21-249	de	6.592592592592593	1.9269662921348314	9.719313358302124	8.403011818560135	0.29213483146067415	0.05337078651685393	0.6938202247191011	0.0028089887640449437	0.0056179775280898875	0.9629629629629629	0.7368237632388576	2.8703703703703702	1.7699115044247788	0.005331679358426967	4.5732379393939396e-05	0.008286516853932585	0.3258426966292135	14.481481481481481	1.650074117966275	3.311224489795918	2.2960893854748603	0.47191011235955055	0.6817509727626453	-1	-1	0.21629213483146068	0.9292954953430904	344	165	54
7-39	de	4.571428571428571	2.1041666666666665	11.022023809523809	8.728405357142858	0.34375	0.041666666666666664	0.71875	0.010416666666666666	0.0	0.8095238095238095	0.5427380952380951	2.1904761904761907	1.5897435897435896	0.004916177479166666	6.179669387755101e-05	0.025462962962962965	0.21875	9.476190476190476	1.5941043083900226	3.529126213592233	2.4242424242424243	0.5729166666666666	0.5729166666666666	-1	-1	0.1875	0.8984247199604617	96	49	21
24-144	de	7.244186046511628	1.8073836276083468	8.56235936391803	6.639967874874017	0.24237560192616373	0.04333868378812199	0.7110754414125201	0.0016051364365971107	0.012841091492776886	0.9883720930232558	0.7485333217340135	3.0	1.4131455399061033	0.004211299160032103	7.648929388489208e-05	0.005264847512038523	0.26163723916532905	14.05813953488372	1.5908554860931743	3.5569409808811305	2.3006134969325154	0.39325842696629215	0.6501717557251894	0.7529592095157129	0.9370811462063049	0.23434991974317818	0.9167382087368674	617	278	86
17-126	de	6.6115702479338845	1.88375	9.216762396694218	7.149517045454546	0.275	0.04875	0.715	0.0025	0.01125	0.8677685950413223	0.7159013426660482	2.6328125	1.5543478260869565	0.004133265625375	7.230717822580645e-05	0.0038541666666666668	0.8225	12.46875	1.4627495290563088	3.5766604593420235	2.2554744525547443	0.37875	0.6779885877318109	0.7256111382547121	0.7947366972286869	0.185	0.9065842617109756	791	372	128
6-39	de	5.732142857142857	1.956386292834891	9.73089396973743	8.19338313306631	0.34890965732087226	0.06542056074766354	0.6947040498442367	0.009345794392523364	0.003115264797507788	0.8928571428571429	0.6903046953046954	2.767857142857143	1.5847457627118644	0.004362464215887851	4.9861618857142854e-05	0.00984423676012461	0.7476635514018691	12.232142857142858	1.5454158936301794	3.397360703812317	2.323529411764706	0.4766355140186916	0.681441441441441	-1	-1	0.16199376947040497	0.9083334538769443	316	175	56
20-11	de	8.136	1.8072763028515242	8.908900373647988	6.648456210816126	0.27728613569321536	0.038348082595870206	0.6902654867256637	0.02359882005899705	0.015732546705998034	0.952	0.7383058099645285	3.453125	1.65527950310559	0.004219643712979351	6.677755234741785e-05	0.003605375286791216	0.6745329400196657	15.03125	1.4727515432758032	3.599066390041494	2.267515923566879	0.32645034414945917	0.6537254901960802	0.7278974838797919	0.7947072184523399	0.17305801376597837	0.8952992489077153	975	426	128
16-124	de	7.196969696969697	1.8063157894736843	8.531344497607659	6.913554385964913	0.2926315789473684	0.05052631578947368	0.6926315789473684	0.014736842105263158	0.010526315789473684	0.9545454545454546	0.6962188239111314	3.303030303030303	1.696774193548387	0.004546663420842105	6.642398169642857e-05	0.0066553480475382	0.4357894736842105	14.378787878787879	1.6740992172810356	3.4577167019027484	2.2681159420289854	0.42526315789473684	0.6340159574468093	-1	0.85532478164422	0.18947368421052632	0.9022766595965033	462	224	66
24-48	de	7.0	1.9849624060150375	10.562556390977445	7.350437593984962	0.2706766917293233	0.06015037593984962	0.7142857142857143	0.0	0.045112781954887216	1.0	0.8029050424883758	3.1578947368421053	1.7	0.003920115290977444	8.621244328358209e-05	0.016917293233082706	0.022556390977443608	13.0	1.4649309754572912	3.7943548387096775	2.235294117647059	0.6766917293233082	0.6955882352941176	-1	-1	0.18796992481203006	0.9486981350713014	133	67	19
12-86	de	5.174698795180723	2.0	10.028132530120484	8.730011734014054	0.28637951105937137	0.0779976717112922	0.6658905704307334	0.002328288707799767	0.008149010477299184	0.6325301204819277	0.7345105820105815	2.7409638554216866	1.7186440677966102	0.004444221162980209	4.022620286396181e-05	0.005082483886538517	0.7252619324796274	10.879518072289157	1.7505830937705493	3.4051497635312664	2.6294642857142856	0.30151338766006985	0.5844473684210542	0.7104041372484192	0.7705845920033609	0.16763678696158324	0.8741681843206052	857	419	166
19-79	de	7.235294117647059	1.8422764227642277	8.970626494500241	7.087570444763273	0.3008130081300813	0.04552845528455285	0.656910569105691	0.0016260162601626016	0.014634146341463415	0.8705882352941177	0.6991464019562758	2.9529411764705884	1.5931372549019607	0.004368222441138211	6.448889151943462e-05	0.0072329688814129515	0.5430894308943089	15.31764705882353	1.6978231148341327	3.3461538461538463	2.375	0.3300813008130081	0.6140503875968985	0.40130215470113195	0.7176479742763126	0.18536585365853658	0.8815482339401994	612	283	85
24-102	de	5.2368421052631575	2.2562814070351758	13.076489024067708	11.594745728643217	0.40703517587939697	0.0728643216080402	0.7562814070351759	0.007537688442211055	0.005025125628140704	0.7763157894736842	0.7224761904761904	2.7142857142857144	1.4142011834319526	0.00349035463040201	4.002533130841122e-05	0.008451347647327547	1.1582914572864322	13.25974025974026	1.8447900404069237	3.2908560311284045	2.328767123287671	0.47738693467336685	0.7070568561872912	-1	0.6624484039598484	0.15577889447236182	0.8967957258662516	392	214	77
8-25	de	6.0344827586206895	2.0076190476190474	10.453353037766828	7.832079802955667	0.31047619047619046	0.06095238095238095	0.6476190476190476	0.013333333333333334	0.007619047619047619	0.8275862068965517	0.7231867938263283	2.8045977011494254	1.7714285714285714	0.004963124454285714	5.0767980894308944e-05	0.006118326118326118	0.7390476190476191	13.264367816091953	1.8245037848486123	3.323050556983719	2.4166666666666665	0.4247619047619048	0.6803990610328635	0.5553110536048425	0.7728686166658237	0.18285714285714286	0.905232789193745	518	246	87
16-207	de	7.823529411764706	1.781954887218045	8.488244139761168	5.710462538699691	0.2781954887218045	0.015037593984962405	0.6390977443609023	0.0	0.015037593984962405	1.0	0.6630275974025974	3.2941176470588234	1.7045454545454546	0.004851383330075188	5.251820185185186e-05	0.02422723475355054	0.15789473684210525	13.352941176470589	1.4719647662986763	3.8370044052863435	2.12	0.5112781954887218	0.5597058823529414	-1	-1	0.21052631578947367	0.8526475267785586	133	54	17
24-117	de	6.111111111111111	1.7272727272727273	7.175151515151516	5.375747474747475	0.2606060606060606	0.06666666666666667	0.6909090909090909	0.006060606060606061	0.012121212121212121	0.8148148148148148	0.6324703074703076	2.2903225806451615	1.7258064516129032	0.005472278503636364	5.653990675675676e-05	0.022727272727272728	0.08484848484848485	10.03225806451613	1.569422333938463	3.4952380952380953	1.9387755102040816	0.4666666666666667	0.5071212121212121	-1	-1	0.18181818181818182	0.8994290111969397	165	74	31
16-205	de	6.253164556962025	2.2064777327935223	12.885171424178754	10.106541259673039	0.3481781376518219	0.048582995951417005	0.7408906882591093	0.0020242914979757085	0.008097165991902834	0.8860759493670886	0.6887015841320437	2.8125	1.5265957446808511	0.003462914541682186	4.74460905982906e-05	0.007833127970427742	0.31781376518218624	14.975	1.8072056512755243	3.352990732940185	2.495890410958904	0.48582995951417	0.6915949367088593	-1	0.9282825639107072	0.17611336032388664	0.9209138040844483	460	234	80
13-26	de	6.723404255319149	1.9018987341772151	9.474532722865607	7.496178507945059	0.29430379746835444	0.04113924050632911	0.6740506329113924	0.0031645569620253164	0.012658227848101266	0.9361702127659575	0.7134023045350276	2.872340425531915	1.6037735849056605	0.005219065256962025	8.589105142857142e-05	0.012171372930866602	0.16772151898734178	13.872340425531915	1.6839979760192527	3.470137825421133	2.483050847457627	0.5031645569620253	0.6613824884792628	-1	-1	0.1518987341772152	0.925747066921088	309	140	47
14-31	de	5.006756756756757	2.161943319838057	11.87356630922421	9.47084767844768	0.3441295546558704	0.059379217273954114	0.717948717948718	0.010796221322537112	0.010796221322537112	0.7027027027027027	0.7347898511163815	2.2432432432432434	1.6036363636363635	0.004443968108367071	4.023928242894057e-05	0.005460879389887958	0.7233468286099866	11.77027027027027	2.1972273950215127	3.234991423670669	2.29811320754717	0.3967611336032389	0.6621806853582558	0.7605759190429388	0.9101018385597361	0.17139001349527666	0.8982001802819993	728	387	148
21-147	de	7.090909090909091	1.7243589743589745	7.522890442890446	5.842971794871796	0.27564102564102566	0.057692307692307696	0.6346153846153846	0.00641025641025641	0.0	0.9090909090909091	0.6831879099736242	3.227272727272727	1.851063829787234	0.005005016782692308	5.203687464788732e-05	0.021367521367521368	0.14743589743589744	13.681818181818182	1.6053030303030302	3.3432343234323434	2.236842105263158	0.4935897435897436	0.5405263157894735	-1	-1	0.1987179487179487	0.8768356353509822	156	71	22
17-44	de	5.58273381294964	2.1146907216494846	11.540616702514281	9.347054227545797	0.327319587628866	0.05670103092783505	0.663659793814433	0.001288659793814433	0.007731958762886598	0.7985611510791367	0.7412250391891723	2.7338129496402876	1.5950704225352113	0.004454387493556701	4.817954094292804e-05	0.004903193361830525	0.7822164948453608	12.654676258992806	1.8141058092185116	3.3990011098779136	2.4583333333333335	0.3943298969072165	0.6530132939438709	0.8283162259745194	0.8286355515815381	0.18814432989690721	0.9149851260263204	774	403	139
10-65	de	6.923076923076923	1.8365079365079364	8.780793650793651	6.371284493284493	0.28888888888888886	0.025396825396825397	0.6587301587301587	0.006349206349206349	0.007936507936507936	0.8901098901098901	0.6785724019384148	3.0549450549450547	1.6788990825688073	0.005553315716825397	4.511702481751825e-05	0.006677613574165298	0.5015873015873016	14.208791208791208	1.638872246495873	3.3634276970160673	2.41991341991342	0.3682539682539683	0.6302448210922784	0.5223969830491962	0.7370944413733146	0.19047619047619047	0.8950233142067084	619	274	91
16-204	de	6.707964601769912	2.055408970976253	11.279932052210054	8.553260335769494	0.30606860158311344	0.04221635883905013	0.7229551451187335	0.006596306068601583	0.013192612137203167	0.9203539823008849	0.7451166888666882	2.8849557522123894	1.5737704918032787	0.004218883040702111	6.699862749326145e-05	0.004997201567122411	0.4525065963060686	15.123893805309734	1.8655970829448185	3.2526315789473683	2.3591954022988504	0.39841688654353563	0.7036115326251902	0.7288838500857497	0.8177135034469557	0.1820580474934037	0.9116706105158349	734	371	113
13-80	de	5.956521739130435	2.091240875912409	11.409685814027295	9.300820945731514	0.32116788321167883	0.07177615571776155	0.7141119221411192	0.00851581508515815	0.012165450121654502	0.8260869565217391	0.7253339934479909	2.8043478260869565	1.6415770609318996	0.003853882138328467	4.405720242130751e-05	0.00483650821909679	0.7420924574209246	13.543478260869565	1.9015772683964902	3.3333333333333335	2.446927374301676	0.4124087591240876	0.7100276625172884	0.7392413530823939	0.9447341877393443	0.18248175182481752	0.9119464158299823	795	413	138
16-188	de	6.30379746835443	1.9357429718875503	9.710248080931326	8.480681683696814	0.3433734939759036	0.05421686746987952	0.7188755020080321	0.030120481927710843	0.004016064257028112	0.8607594936708861	0.745476500623559	3.0	1.7763975155279503	0.0043518268905622486	5.8984366279069774e-05	0.00641025641025641	0.3092369477911647	12.645569620253164	1.5976036359279584	3.5004945598417407	2.257425742574257	0.5200803212851406	0.697293233082705	-1	0.8517550885117523	0.15461847389558234	0.935169214087394	475	258	79
23-76	de	6.2578125	2.1123595505617976	11.776389571629213	9.443640831772784	0.33707865168539325	0.056179775280898875	0.6953807740324595	0.00749063670411985	0.004993757802746567	0.8359375	0.7276881216668154	2.8203125	1.6051660516605166	0.004308855763924369	4.9786809397590354e-05	0.004607336068010226	0.818976279650437	14.34375	1.7576018554821404	3.3533834586466167	2.243961352657005	0.42197253433208487	0.7113247863247868	0.8489902733676647	0.8976355672508772	0.18976279650436953	0.9159266446187598	782	415	128
19-61	de	6.506849315068493	2.103157894736842	11.764934390771447	8.206313626532085	0.2968421052631579	0.035789473684210524	0.6484210526315789	0.0	0.00631578947368421	0.9178082191780822	0.6802459114959116	2.9863013698630136	1.6390532544378698	0.004495418852842105	3.660042200956938e-05	0.00831578947368421	0.27789473684210525	14.246575342465754	1.847778173120639	3.3891013384321225	2.3402777777777777	0.3957894736842105	0.5888563829787261	-1	0.9870790330958046	0.17894736842105263	0.9096795848321029	469	209	73
21-306	de	6.791666666666667	1.670756646216769	6.7736784253578755	4.2747588957055225	0.25971370143149286	0.03680981595092025	0.7014314928425358	0.014314928425357873	0.012269938650306749	0.8611111111111112	0.6455124492096321	2.888888888888889	1.5782312925170068	0.004115531335787321	5.47736704845815e-05	0.006673124529114197	0.24948875255623723	12.958333333333334	1.5652036110675818	3.4392324093816633	2.287581699346405	0.46830265848670755	0.6903846153846139	-1	0.901712558635706	0.21063394683026584	0.9223949142057903	485	227	72
24-111	de	6.765625	1.9491916859122402	10.049055643764436	8.615704416859124	0.2540415704387991	0.03695150115473441	0.6997690531177829	0.0	0.018475750577367205	0.9375	0.6877558210541405	2.921875	1.5436241610738255	0.004830974930946882	7.351878917525773e-05	0.010887495875948531	0.13163972286374134	13.203125	1.5070013702596423	3.728337236533958	2.3333333333333335	0.41570438799076215	0.6139520958083847	-1	-1	0.22863741339491916	0.9072232677504931	432	194	64
21-37	de	8.142857142857142	1.8157894736842106	9.012030075187972	5.6980939014202185	0.3538011695906433	0.017543859649122806	0.7046783625730995	0.014619883040935672	0.0029239766081871343	0.8333333333333334	0.6776600592390064	3.4523809523809526	1.8909090909090909	0.004302795746491228	7.676061186440679e-05	0.008103592314118628	0.7397660818713451	15.047619047619047	1.5161698887014012	3.660347551342812	2.293233082706767	0.43567251461988304	0.5962551440329217	-1	-1	0.15204678362573099	0.8838057658406683	334	177	42
4-40	de	7.2465753424657535	1.6899810964083175	7.177941321179791	5.365833446409613	0.2646502835538752	0.022684310018903593	0.7032136105860114	0.003780718336483932	0.01890359168241966	0.8904109589041096	0.7324688996838118	3.041095890410959	1.5416666666666667	0.0043804878355387525	4.9029008097166e-05	0.008629900550669844	0.32892249527410206	14.315068493150685	1.5447396804838809	3.3730916030534353	2.3454545454545452	0.3572778827977316	0.6313488372093031	0.48863993087451396	0.8044878470109098	0.19092627599243855	0.8734516540392787	527	247	73
21-57	de	7.159090909090909	1.8142857142857143	8.610616883116887	6.6979523809523815	0.2571428571428571	0.04285714285714286	0.6571428571428571	0.01904761904761905	0.012698412698412698	0.875	0.6807923566317393	3.1136363636363638	1.7947368421052632	0.005003754030634921	7.034570251798562e-05	0.005238095238095238	0.4031746031746032	14.159090909090908	1.6101902687653094	3.455706304868316	2.136150234741784	0.4095238095238095	0.6651789077212794	0.8145870528051843	0.9346993552348936	0.18095238095238095	0.9177565208430332	616	278	88
1-117	de	7.586956521739131	2.025787965616046	11.273211037747608	9.762779818113867	0.3524355300859599	0.09025787965616046	0.7005730659025788	0.02148997134670487	0.008595988538681949	0.9565217391304348	0.7276075002351665	3.021276595744681	1.894273127753304	0.0038668221398641834	4.9346023118279573e-05	0.0043696275071633236	0.6031518624641834	16.74468085106383	1.7046579003856817	3.4062301335028606	2.260233918128655	0.4813753581661891	0.6886477462437391	1.0845585657593446	0.9700531730380068	0.12607449856733524	0.9301284448542336	666	372	94
12-29	de	7.508196721311475	1.9170305676855894	9.959157420001432	8.21375477127926	0.29475982532751094	0.05240174672489083	0.6572052401746725	0.0	0.006550218340611353	0.9344262295081968	0.6724064824064826	3.2295081967213113	1.691275167785235	0.004658553552620088	4.283354590909091e-05	0.008941567893532959	0.4039301310043668	15.672131147540984	1.739843483223933	3.423076923076923	2.299145299145299	0.4104803493449782	0.6342339832869079	-1	0.7235710150586212	0.17685589519650655	0.9052908975682876	457	220	61
19-121	de	6.050632911392405	1.891213389121339	9.08606482707484	6.688046575922886	0.29497907949790797	0.02510460251046025	0.6401673640167364	0.0	0.006276150627615063	0.810126582278481	0.6635660635660638	2.7848101265822787	1.58125	0.005298431501882845	4.708007682403434e-05	0.00711297071129707	0.7677824267782427	12.594936708860759	1.6874646450595818	3.3853853853853852	2.4130434782608696	0.3389121338912134	0.6044063324538258	-1	0.5860813074538347	0.21548117154811716	0.8797939303582898	478	233	79
16-97	de	5.527272727272727	1.9325657894736843	9.369912679425841	7.371413289473683	0.32730263157894735	0.03618421052631579	0.6858552631578947	0.003289473684210526	0.014802631578947368	0.8272727272727273	0.7031745522571208	2.618181818181818	1.4533333333333334	0.004556978863322368	6.168637467948718e-05	0.005453601108033241	0.8980263157894737	11.718181818181819	1.6318945507849252	3.3639167309175018	2.3623853211009176	0.40625	0.6723772102161091	0.6876023848764421	0.862410738493725	0.21217105263157895	0.913637673630097	608	312	110
12-154	de	6.337662337662338	2.1147540983606556	11.83578667234405	8.911009601873536	0.3422131147540984	0.05942622950819672	0.6659836065573771	0.018442622950819672	0.0020491803278688526	0.8441558441558441	0.6823612393368583	2.8701298701298703	1.6347305389221556	0.004255787326711476	5.253823620689655e-05	0.007084309133489462	0.9959016393442623	14.87012987012987	1.7922057382081102	3.3449174630755865	2.359375	0.4139344262295082	0.6726735218508993	-1	0.6492369116138234	0.12090163934426229	0.8978492617729535	468	232	77
11-22	de	8.098039215686274	1.8886198547215496	9.85394957983193	7.300323875991074	0.2179176755447942	0.06537530266343826	0.7627118644067796	0.04600484261501211	0.01694915254237288	0.9411764705882353	0.7396875901875901	3.3333333333333335	1.7258064516129032	0.003373028128329298	0.000164518625	0.010430247718383311	0.07990314769975787	14.607843137254902	1.4864200956675007	3.7580645161290325	1.9929078014184398	0.45036319612590797	0.6219745222929943	-1	-1	0.21307506053268765	0.8960472480689518	393	184	51
24-152	de	5.904761904761905	1.6629032258064516	6.335115207373271	4.960808448540708	0.25806451612903225	0.025806451612903226	0.7435483870967742	0.035483870967741936	0.00967741935483871	0.8666666666666667	0.7011691566980024	2.723809523809524	1.566820276497696	0.00371044618	9.095349857142856e-05	0.006942496493688639	0.3596774193548387	11.714285714285714	1.5237530591102022	3.367430441898527	2.223021582733813	0.3919354838709677	0.6295777351247606	0.8301001146104647	0.7902914550644567	0.21774193548387097	0.9006855930129724	593	280	105
17-142	de	6.870967741935484	1.9072769953051643	9.595545963955779	7.962382144479783	0.33098591549295775	0.036384976525821594	0.6338028169014085	0.004694835680751174	0.002347417840375587	0.782258064516129	0.6881817820842209	3.2338709677419355	1.6063492063492064	0.005341383680751174	3.7694278624078625e-05	0.004566794707639778	1.2652582159624413	15.0	1.8148093303367072	3.274015748031496	2.4391304347826086	0.33568075117370894	0.5933200531208498	0.6720897725865083	0.7892602001054927	0.18192488262910797	0.8930176141974043	846	407	124
6-64	de	6.459016393442623	1.9771573604060915	10.259473246234503	8.75459221103437	0.32741116751269034	0.03807106598984772	0.6776649746192893	0.007614213197969543	0.005076142131979695	0.9508196721311475	0.7246105514855514	2.9516129032258065	1.5503355704697988	0.005139218703553299	4.709615329949239e-05	0.009427121102248005	0.467005076142132	13.612903225806452	1.6654754072092781	3.1882217090069283	2.25	0.48223350253807107	0.6673559322033884	-1	-1	0.1598984771573604	0.9213224967984155	390	197	62
2-9	de	8.833333333333334	1.9528301886792452	10.898396226415095	7.779857861635222	0.2641509433962264	0.0660377358490566	0.6509433962264151	0.0	0.018867924528301886	1.0	0.73680703806256	3.5	1.8823529411764706	0.006085737066981132	4.559630816326531e-05	0.02641509433962264	0.09433962264150944	17.166666666666668	1.6331459435626101	3.6262135922330097	2.2	0.5849056603773585	0.6071428571428571	-1	-1	0.18867924528301888	0.9207822211616018	105	49	12
10-72	de	6.767441860465116	1.852233676975945	8.905659713897546	5.369780883880764	0.2542955326460481	0.03436426116838488	0.6735395189003437	0.020618556701030927	0.01718213058419244	0.9069767441860465	0.6624149659863946	2.953488372093023	1.7926829268292683	0.004619928525085911	7.723475354330708e-05	0.010767468499427262	0.27491408934707906	12.906976744186046	1.5839187943839106	3.5008880994671405	2.2738095238095237	0.47079037800687284	0.6324479166666662	-1	-1	0.2027491408934708	0.9121944567642725	289	127	43
16-196	de	6.793103448275862	1.9568527918781726	10.150173288990025	7.628979485384212	0.31218274111675126	0.06345177664974619	0.7309644670050761	0.0	0.007614213197969543	0.896551724137931	0.7276850056261819	2.8620689655172415	1.5734265734265733	0.004683357336548223	5.625004095238096e-05	0.010011280315848843	0.2182741116751269	14.568965517241379	1.6138277192156503	3.3541176470588234	2.2364864864864864	0.47715736040609136	0.6440677966101696	-1	0.7604713276052707	0.1649746192893401	0.9131669588719122	391	210	58
23-66	de	6.102803738317757	1.9571209800918836	9.884121023028154	7.724255553806302	0.29096477794793263	0.05972434915773354	0.6799387442572741	0.009188361408882083	0.010719754977029096	0.8598130841121495	0.6769068850436774	2.542056074766355	1.7432432432432432	0.005299326528483921	6.586283575949368e-05	0.005189722647609325	0.6508422664624809	12.74766355140187	1.8026295874426714	3.423580786026201	2.3114754098360657	0.4104134762633997	0.6697111913357402	0.687388757328138	0.8224873215875226	0.16998468606431852	0.9134348233346905	645	316	107
5-1	de	8.595744680851064	1.9826732673267327	11.157884979987362	8.569609500737307	0.2698019801980198	0.054455445544554455	0.693069306930693	0.0	0.0024752475247524753	1.0	0.7559318019852749	3.723404255319149	1.5034013605442176	0.004344187814851485	7.268209700598802e-05	0.007590759075907592	0.16831683168316833	16.95744680851064	1.5265402489758593	3.588014981273408	2.3759398496240602	0.48514851485148514	0.6592459016393434	-1	-1	0.18564356435643564	0.9370450065730214	399	167	47
5-44	de	5.62962962962963	2.107456140350877	11.473538011695904	9.608642495126707	0.30701754385964913	0.08552631578947369	0.7236842105263158	0.019736842105263157	0.010964912280701754	0.7530864197530864	0.7923318576525811	2.3703703703703702	1.679245283018868	0.004060319320175439	4.801168571428571e-05	0.008536967418546365	0.6710526315789473	12.753086419753087	1.7197448393053203	3.378686964795433	2.3267326732673266	0.4057017543859649	0.6914845938375345	-1	0.7765691900138548	0.14692982456140352	0.873258600282565	448	245	81
10-15	de	5.483606557377049	1.9476831091180866	9.531267244970472	7.791081736871767	0.25411061285500747	0.03736920777279522	0.7324364723467862	0.004484304932735426	0.016442451420029897	0.8278688524590164	0.6705585048560254	2.401639344262295	1.5064935064935066	0.004179408038266069	9.075357060702875e-05	0.006643414715163594	0.3213751868460389	11.51639344262295	1.728743759053547	3.4397163120567376	2.2524271844660193	0.414050822122571	0.6637368421052646	0.7659293826761978	0.8866523346444967	0.21375186846038863	0.9084878574555945	665	313	122
23-20	de	7.0	1.9088145896656534	9.664012158054714	7.832147720364741	0.26443768996960487	0.03951367781155015	0.6534954407294833	0.0060790273556231	0.030395136778115502	0.9148936170212766	0.6663484462397508	3.0638297872340425	1.6603773584905661	0.006352471162310031	3.9179644776119404e-05	0.011690437222352116	0.1762917933130699	14.127659574468085	1.5323210755313383	3.570135746606335	2.3394495412844036	0.43465045592705165	0.5741304347826086	-1	-1	0.2188449848024316	0.920989597610371	327	134	47
16-114	de	6.347517730496454	1.7519553072625698	7.5586045405919435	6.288349657276438	0.32737430167597764	0.03798882681564246	0.7139664804469273	0.026815642458100558	0.008938547486033519	0.8439716312056738	0.7190828475912507	2.9858156028368796	1.5526315789473684	0.004250553377988827	5.448541662591687e-05	0.004283054003724395	1.176536312849162	12.97163120567376	1.6288820628399492	3.293507910529187	2.079234972677596	0.3553072625698324	0.6531407035175884	0.8085994935983292	0.8489171931149636	0.17094972067039105	0.9013621128738586	849	409	141
22-42	de	7.328947368421052	1.96229802513465	10.423406170273083	8.140687253141833	0.19748653500897667	0.05206463195691203	0.7666068222621185	0.0017953321364452424	0.008976660682226212	0.9605263157894737	0.7706255596255596	3.4210526315789473	1.458100558659218	0.003987929832675045	0.00010327692355555555	0.005763961069639989	0.20287253141831238	14.157894736842104	1.6255731658692185	3.6345454545454547	2.3797468354430378	0.39317773788150806	0.6692358078602618	0.769478283869177	0.7911754838820625	0.21005385996409337	0.9226587217124312	553	225	76
21-335	de	6.75	1.838095238095238	8.73202380952381	6.736160846560846	0.28888888888888886	0.04338624338624339	0.6306878306878307	0.013756613756613757	0.007407407407407408	0.8285714285714286	0.7177303564372853	2.9285714285714284	1.7049180327868851	0.00488117066994709	5.324670693512304e-05	0.004516711833785005	0.5386243386243387	13.864285714285714	1.7016520758247557	3.3505050505050504	2.3355048859934855	0.3576719576719577	0.6687115839243505	0.6889459942707786	0.8072038851393928	0.17566137566137566	0.9060837354993987	928	447	140
18-68	de	5.647887323943662	1.7481296758104738	7.240606230901619	5.774513792982334	0.2793017456359102	0.034912718204488775	0.6907730673316709	0.05236907730673317	0.00997506234413965	0.8169014084507042	0.7410627071341352	2.5492957746478875	1.696969696969697	0.004835461619700748	6.639307458563536e-05	0.008906305664410403	0.39900249376558605	11.605633802816902	1.551456720118692	3.3309002433090025	2.1156462585034013	0.4389027431421446	0.662152317880795	-1	-1	0.16957605985037408	0.8988807354044173	383	181	71
21-43	de	7.577464788732394	1.9349442379182156	10.19755327504058	7.452732781821037	0.31970260223048325	0.06319702602230483	0.6784386617100372	0.02973977695167286	0.007434944237918215	0.9436619718309859	0.7085489813641076	3.1690140845070425	1.7745664739884393	0.004615802569702602	4.988429580152672e-05	0.006505576208178439	0.6951672862453532	16.0	1.6031779631125658	3.2933920704845816	2.1699029126213594	0.4349442379182156	0.6727107061503417	0.7404470806553497	0.8787791620451004	0.1691449814126394	0.9103072194610944	527	262	71
23-3	de	7.538461538461538	2.2091836734693877	13.418367346938776	10.72966546310832	0.25510204081632654	0.05612244897959184	0.6836734693877551	0.00510204081632653	0.0	0.9615384615384616	0.7712035990153637	3.4615384615384617	1.65625	0.004794022846938775	9.302576063829787e-05	0.014172335600907028	0.08163265306122448	14.884615384615385	1.510289494987771	3.8575063613231553	2.3870967741935485	0.5714285714285714	0.6782474226804118	-1	-1	0.1836734693877551	0.9287329806647235	195	94	26
13-16	de	4.909090909090909	2.2293447293447293	12.630813260813262	10.439176068376069	0.3646723646723647	0.09259259259259259	0.7407407407407407	0.011396011396011397	0.008547008547008548	0.7622377622377622	0.703711878887935	2.3466666666666667	1.5525291828793775	0.0037272283485754987	3.7847571032745596e-05	0.005037870891529428	0.8632478632478633	12.44	1.848548495077907	3.0731964191679833	2.4026548672566372	0.4686609686609687	0.7145107794361557	0.7024114242518239	0.8454135617651825	0.1467236467236467	0.9200184089025986	669	397	150
19-78	de	7.488888888888889	1.7062314540059347	7.464197823936697	5.28972382459611	0.23738872403560832	0.02967359050445104	0.6795252225519288	0.0	0.020771513353115726	0.9777777777777777	0.7644673192968647	3.066666666666667	1.6237623762376239	0.005400360320178042	7.739315422535212e-05	0.009586852316822644	0.16913946587537093	14.644444444444444	1.5350298466965133	3.433990895295903	2.236559139784946	0.4332344213649852	0.6102941176470589	-1	-1	0.2166172106824926	0.9124185578900517	337	142	45
13-93	de	6.865979381443299	2.2462462462462462	13.593437664468595	10.79745121203678	0.3738738738738739	0.09009009009009009	0.7537537537537538	0.016516516516516516	0.015015015015015015	0.9072164948453608	0.7269996062964813	2.715686274509804	1.6666666666666667	0.003021431786786787	4.593612679558011e-05	0.005622643920516261	1.0885885885885886	16.333333333333332	1.745316183126143	3.3046080191502094	2.425587467362924	0.41291291291291293	0.6845149911816579	0.6387110243238736	0.9082645441760936	0.13663663663663664	0.9009823924442676	628	362	102
7-27	de	5.72093023255814	2.0752032520325203	11.128561164681415	9.156763112119494	0.36585365853658536	0.042682926829268296	0.6747967479674797	0.0	0.008130081300813009	0.7674418604651163	0.6916721187309421	2.36046511627907	1.6235955056179776	0.004309388860365853	4.688873765690376e-05	0.0065565171780750066	0.49390243902439024	13.581395348837209	1.6460995883960998	3.229059829059829	2.3156028368794326	0.4573170731707317	0.6705089058524168	-1	0.8395316735417218	0.17479674796747968	0.9267246585515662	475	239	86
20-17	de	6.911764705882353	1.6595744680851063	6.688566958698374	5.6857534418022535	0.32340425531914896	0.059574468085106386	0.7404255319148936	0.02127659574468085	0.00851063829787234	0.8823529411764706	0.6828331056940682	3.1470588235294117	1.630952380952381	0.0034989721523404254	8.962504915254237e-05	0.016634429400386848	0.225531914893617	12.852941176470589	1.6093960391174014	3.416856492027335	2.0689655172413794	0.4851063829787234	0.6469117647058825	-1	-1	0.17872340425531916	0.8993383086246115	230	118	34
21-31	de	6.174496644295302	1.7217391304347827	7.134575430405604	5.286549751969653	0.2847826086956522	0.03695652173913044	0.6608695652173913	0.004347826086956522	0.01956521739130435	0.785234899328859	0.7105244323994323	2.738255033557047	1.6868686868686869	0.004935742602934783	6.150055011820331e-05	0.004215270413573701	0.5978260869565217	12.724832214765101	1.5359581587379914	3.311415044713309	2.3286052009456264	0.3347826086956522	0.638428745432399	0.6483470818709319	0.7356029378911271	0.1826086956521739	0.8941357686228725	896	423	149
19-168	de	4.15979381443299	1.8909541511771994	8.34557857151982	6.8495757661697265	0.3420074349442379	0.04956629491945477	0.7732342007434945	0.0012391573729863693	0.01982651796778191	0.5515463917525774	0.7079295057274333	2.1597938144329896	1.4090909090909092	0.003490895434448575	5.736885158150851e-05	0.004904997934737712	0.9987608426270136	8.896907216494846	1.6734114964443951	3.273026315789474	2.578666666666667	0.3506815365551425	0.6440960451977423	0.6036586371709306	0.6367794946452607	0.14622057001239158	0.8860407412850423	794	411	194
8-12	de	9.307692307692308	1.9388429752066116	10.918347107438017	8.725180038143675	0.35702479338842974	0.0628099173553719	0.7256198347107438	0.011570247933884297	0.0049586776859504135	0.9384615384615385	0.6909540556327269	3.5846153846153848	1.5811965811965811	0.00417342492	5.267486285714286e-05	0.00673871582962492	0.8892561983471075	22.046153846153846	1.7403163897419498	3.1502086230876216	2.3024193548387095	0.38016528925619836	0.6161660079051395	0.718655190741328	0.9008729045070843	0.14049586776859505	0.889687820345642	586	315	65
22-68	de	8.300970873786408	1.9099415204678363	10.18468858229717	8.222302447056151	0.28771929824561404	0.05730994152046784	0.6900584795321637	0.014035087719298246	0.00935672514619883	0.9223300970873787	0.7171437557296231	3.5533980582524274	1.6619718309859155	0.004624564639532164	8.226968534031413e-05	0.004955370883348722	0.5461988304093567	15.79611650485437	1.5399717251469176	3.6945632254123395	2.2384341637010676	0.3684210526315789	0.6649735449735465	0.8203895207190968	0.919647432715831	0.1695906432748538	0.9056541861806224	838	382	103
5-7	de	4.984848484848484	2.0060790273556233	10.025823431887268	7.353147517730497	0.3373860182370821	0.0911854103343465	0.7416413373860182	0.0	0.00303951367781155	0.7575757575757576	0.7263819513819513	2.4545454545454546	1.5923076923076922	0.00449631304893617	4.515504969325153e-05	0.015602836879432626	0.23404255319148937	10.863636363636363	1.9077459997914545	3.411764705882353	2.3679245283018866	0.44376899696048633	0.6049130434782608	-1	-1	0.16109422492401215	0.9060358939687118	326	163	66
17-73	de	6.988095238095238	1.817717206132879	8.584420175225116	6.880666764013954	0.3202725724020443	0.02555366269165247	0.7206132879045997	0.015332197614991482	0.01192504258943782	0.9523809523809523	0.7636885950493317	3.1176470588235294	1.3963963963963963	0.004193707817206133	6.770759225352114e-05	0.006264768917953509	0.5894378194207837	15.035294117647059	1.6717394018090612	3.308411214953271	2.3188976377952755	0.4395229982964225	0.6672540983606544	0.8285280498674659	0.828834122138588	0.20272572402044292	0.9142874008936356	569	284	85
1-5	de	7.196428571428571	1.7729528535980148	8.13745081531372	5.579185785182561	0.2878411910669975	0.033498759305210915	0.6935483870967742	0.0012406947890818859	0.008684863523573201	0.9375	0.6933439703176542	2.9107142857142856	1.5576208178438662	0.004404327558883375	6.089455497237569e-05	0.004962779156327543	0.6054590570719603	14.955357142857142	1.631041704989512	3.2664688427299704	2.3197492163009406	0.3598014888337469	0.6332814710042439	0.9150452910321593	0.9583304797913935	0.184863523573201	0.9018205763981917	793	362	112
21-228	de	6.049382716049383	1.916326530612245	9.381912320483753	6.432354749307132	0.32448979591836735	0.05102040816326531	0.6571428571428571	0.00816326530612245	0.00816326530612245	0.8024691358024691	0.6795526695526696	2.951219512195122	1.6529411764705881	0.003896449475132041	5.780908995633188e-05	0.0062390670553935865	0.8408163265306122	11.951219512195122	1.7329357295820709	3.4222668004012036	2.507142857142857	0.4122448979591837	0.6559335038363158	-1	0.7583978795327964	0.1653061224489796	0.9067916396779684	485	229	82
13-94	de	4.902777777777778	2.0594900849858355	10.624066336166191	8.57337050676739	0.31586402266288954	0.056657223796033995	0.6926345609065155	0.014164305949008499	0.0084985835694051	0.6388888888888888	0.7073618300891028	2.3055555555555554	1.59375	0.00420124494631728	5.86891528189911e-05	0.004564054139124961	1.1728045325779037	11.520833333333334	1.8520933230032495	3.2156286721504115	2.5527638190954773	0.37677053824362605	0.7299505766062626	0.4757673220312855	0.5786109082835489	0.16288951841359772	0.8893601336124695	678	337	144
16-120	de	5.924242424242424	1.8823529411764706	8.9322192513369	6.737502642796251	0.30179028132992325	0.04092071611253197	0.6930946291560103	0.0	0.0025575447570332483	0.9090909090909091	0.7129936729936731	2.606060606060606	1.6231884057971016	0.005256383149616368	6.533909893048129e-05	0.007979539641943735	0.2608695652173913	12.196969696969697	1.645590268317541	3.37546468401487	2.354330708661417	0.4629156010230179	0.6260616438356158	-1	-1	0.22762148337595908	0.9199167342592736	388	187	66
16-113	de	5.404411764705882	1.8829931972789116	8.737040316126453	6.58484893957583	0.3292517006802721	0.04353741496598639	0.7197278911564626	0.014965986394557823	0.012244897959183673	0.7867647058823529	0.7142331194395173	2.625	1.6150943396226416	0.005080540655510204	5.2765182808022924e-05	0.004547081990691013	0.5755102040816327	11.470588235294118	1.6024687161393818	3.273989898989899	2.3112391930835736	0.4312925170068027	0.6892295597484289	0.9156115068401943	0.9627440195966006	0.15374149659863945	0.9331792807372298	714	349	136
5-60	de	5.857142857142857	1.6432926829268293	6.085139372822301	4.630076480836237	0.2621951219512195	0.06402439024390244	0.7317073170731707	0.0	0.018292682926829267	0.9285714285714286	0.776716969898788	2.75	1.607843137254902	0.0054723671667682924	4.481012857142857e-05	0.011051829268292684	0.18292682926829268	11.339285714285714	1.4911854514533085	3.3073322932917315	2.3944954128440368	0.4481707317073171	0.6157641921397383	-1	-1	0.17682926829268292	0.9062790235160064	328	161	56
24-71	de	6.402061855670103	2.0161030595813205	10.696820226770924	8.900384484619087	0.29790660225442833	0.0499194847020934	0.7342995169082126	0.020933977455716585	0.01610305958132045	0.8762886597938144	0.7017236525049023	2.917525773195876	1.4977168949771689	0.003290869060547504	9.071729602649007e-05	0.006233442418575659	0.37681159420289856	13.010309278350515	1.6231111941087684	3.6164705882352943	2.308550185873606	0.42351046698872785	0.6536015325670492	0.8552329610863267	0.9107014050536729	0.20450885668276972	0.8993720472083419	598	302	97
12-136	de	7.59375	1.757201646090535	8.106541923868313	6.09632109053498	0.21810699588477367	0.00823045267489712	0.6090534979423868	0.0	0.012345679012345678	1.0	0.6588052180794117	3.28125	1.63013698630137	0.0049525414518518515	7.477346262626263e-05	0.013168724279835392	0.13168724279835392	13.90625	1.5025915057165058	3.7178329571106095	2.2641509433962264	0.4609053497942387	0.5919444444444442	-1	-1	0.2551440329218107	0.9150343748417816	243	99	32
5-38	de	5.538461538461538	2.1805555555555554	12.300555555555555	11.035127991452992	0.3125	0.0763888888888889	0.7013888888888888	0.006944444444444444	0.013888888888888888	0.8461538461538461	0.6552943722943723	2.730769230769231	1.6458333333333333	0.004265833863888889	4.750729620253164e-05	0.016666666666666666	0.2708333333333333	12.076923076923077	1.800803363303363	3.5201238390092877	2.3684210526315788	0.6319444444444444	0.727777777777778	-1	-1	0.1736111111111111	0.9292805744904048	144	79	26
16-254	de	6.982758620689655	2.3382716049382717	14.724880800340575	11.795875266070668	0.3506172839506173	0.07160493827160494	0.7012345679012346	0.009876543209876543	0.01728395061728395	0.8448275862068966	0.7398060029638978	3.293103448275862	1.4899328859060403	0.0037713481839506176	3.750005450236967e-05	0.007944176060118088	0.49876543209876545	16.620689655172413	1.78053703610779	3.383744855967078	2.3278688524590163	0.4765432098765432	0.7259803921568617	-1	0.5752582802525481	0.1506172839506173	0.9165554572076113	398	211	58
20-27	de	6.147887323943662	1.7892325315005728	7.92061992804479	7.200063072132682	0.35624284077892326	0.044673539518900345	0.7594501718213058	0.037800687285223365	0.004581901489117984	0.823943661971831	0.7027623925464972	2.915492957746479	1.603125	0.004114644468495647	5.637343533653846e-05	0.004341721169123896	1.702176403207331	12.654929577464788	1.6531773271975354	3.3073545554335895	2.2857142857142856	0.3951890034364261	0.6825710594315247	0.6721159006919416	0.7642376096314659	0.15234822451317298	0.9038837575366266	817	416	142
12-47	de	5.4879518072289155	1.889132821075741	8.842068493513022	7.135867649742771	0.29857299670691545	0.054884742041712405	0.7596048298572997	0.015367727771679473	0.008781558726673985	0.8253012048192772	0.6988316229225318	2.473684210526316	1.4017341040462428	0.0038092723815927555	8.579088254310345e-05	0.00470038560049537	0.5565312843029637	10.590643274853802	1.5440555086106658	3.4693660095897707	2.3463541666666665	0.42371020856201974	0.7010960591132988	0.7495500595022424	0.8997250819708872	0.21405049396267836	0.9165679038134557	893	464	171
12-1	de	5.257142857142857	2.222826086956522	12.689633540372675	10.725316749482403	0.33695652173913043	0.07608695652173914	0.6956521739130435	0.0018115942028985507	0.012681159420289856	0.7047619047619048	0.7281335326874442	2.5428571428571427	1.53	0.004051385979710145	5.6794461744966446e-05	0.006793478260869565	0.5307971014492754	12.228571428571428	1.910223778866636	3.431939163498099	2.4154589371980677	0.4329710144927536	0.6830242825607064	0.5799892684112847	0.8824674819928062	0.19202898550724637	0.9115098537860871	549	298	105
12-106	de	8.89795918367347	1.8004587155963303	9.125616925669352	6.097165381014792	0.24541284403669725	0.02981651376146789	0.6444954128440367	0.009174311926605505	0.011467889908256881	0.9591836734693877	0.6602621299292496	3.4081632653061225	1.8403361344537814	0.005136850116513761	5.730015056179775e-05	0.008208594881699663	0.37844036697247707	17.081632653061224	1.5191778907612612	3.657142857142857	2.3	0.40825688073394495	0.6534421364985169	-1	-1	0.20642201834862386	0.9071163085396459	429	178	49
5-133	de	7.903846153846154	1.7153284671532847	7.733375912408761	6.096596069623807	0.24330900243309003	0.058394160583941604	0.6472019464720195	0.0	0.009732360097323601	0.9615384615384616	0.6717992695501346	3.3076923076923075	1.8076923076923077	0.006054710882481752	5.737413821656051e-05	0.0098754830399313	0.26520681265206814	15.403846153846153	1.5733343893411769	3.438047559449312	2.55688622754491	0.39172749391727496	0.5975320512820519	-1	-1	0.18248175182481752	0.9147048999065962	398	157	52
17-169	de	7.333333333333333	1.7305194805194806	7.690129870129873	6.327204761904762	0.30194805194805197	0.02922077922077922	0.6655844155844156	0.025974025974025976	0.003246753246753247	0.9047619047619048	0.6602329919403089	3.3095238095238093	1.625	0.004993529994805195	4.965621635220126e-05	0.015151515151515154	0.2694805194805195	14.880952380952381	1.6918164196525542	3.3987341772151898	2.186046511627907	0.4318181818181818	0.5807177033492824	-1	-1	0.17857142857142858	0.8832948179444954	307	159	42
16-24	de	5.285714285714286	2.2432432432432434	12.941698841698845	10.381338996138997	0.375	0.04054054054054054	0.7364864864864865	0.0033783783783783786	0.0	0.75	0.7146184623457349	2.607142857142857	1.4867256637168142	0.0032515937945945947	5.745178344827586e-05	0.010641891891891892	0.4864864864864865	11.892857142857142	1.9041499175427747	3.2510948905109487	2.219858156028369	0.5168918918918919	0.7095939086294408	-1	-1	0.16216216216216217	0.9273392461210043	276	145	56
22-56	de	7.721311475409836	1.900212314225053	9.843816783265463	7.229283533465596	0.2664543524416136	0.04777070063694268	0.7462845010615711	0.014861995753715499	0.02653927813163482	0.9426229508196722	0.7464974476677132	3.4098360655737703	1.5014836795252227	0.003964629162420383	0.00010598660715990453	0.004029144952711831	0.5265392781316348	15.71311475409836	1.560498049213283	3.6452119309262168	2.2213740458015265	0.3481953290870488	0.6559311981020193	0.853643977524082	0.9875629521933734	0.17940552016985137	0.8955427903599251	922	419	122
21-92	de	6.475409836065574	2.039240506329114	10.998447810749123	8.570156879020544	0.34177215189873417	0.06835443037974684	0.7164556962025317	0.007594936708860759	0.005063291139240506	0.8442622950819673	0.7053304592560784	3.098360655737705	1.5304054054054055	0.004005535060632912	8.605849115479115e-05	0.00425531914893617	0.8670886075949367	13.62295081967213	1.6424291612832065	3.5062314540059347	2.273049645390071	0.42658227848101266	0.7136613603473215	0.7799329535144088	0.8986944095805114	0.16329113924050634	0.9202198365739571	779	407	122
13-37	de	7.052631578947368	2.0522388059701493	11.376944226237239	9.214498507462686	0.291044776119403	0.06716417910447761	0.6940298507462687	0.0	0.022388059701492536	0.9473684210526315	0.6932392710170489	2.9473684210526314	1.7173913043478262	0.004386976648507463	3.94722186440678e-05	0.01990049751243781	0.08955223880597014	15.68421052631579	1.8578683378025485	3.4006622516556293	2.652173913043478	0.6343283582089553	0.670857142857143	-1	-1	0.19402985074626866	0.9442335367059552	131	59	19
24-114	de	7.237288135593221	1.8220140515222483	8.73230818084389	5.397627269479617	0.17798594847775176	0.03747072599531616	0.7353629976580797	0.00234192037470726	0.01405152224824356	0.9661016949152542	0.7500844940500111	2.983050847457627	1.5147058823529411	0.0031546341791569084	9.188830981595093e-05	0.007877368533106239	0.08430913348946135	13.64406779661017	1.5353982646355526	3.6770573566084788	2.1864406779661016	0.43559718969555034	0.6835060975609747	-1	-1	0.2529274004683841	0.921000774927305	427	163	59
10-37	de	6.478260869565218	1.8568232662192394	8.847036280517461	7.24281846123918	0.28635346756152125	0.05592841163310962	0.680089485458613	0.006711409395973154	0.013422818791946308	0.9130434782608695	0.7004823199676142	2.8550724637681157	1.7013888888888888	0.004629623758612976	6.243391352657005e-05	0.0072514078531204194	0.5727069351230425	13.492753623188406	1.6079455757844505	3.3680257510729614	2.191616766467066	0.41834451901565994	0.6249137931034483	-1	0.7408514529791344	0.2080536912751678	0.9023885454919677	439	207	69
21-34	de	7.362637362637362	1.708955223880597	7.447100213219617	5.432794161062817	0.2462686567164179	0.023880597014925373	0.6447761194029851	0.025373134328358207	0.008955223880597015	0.9230769230769231	0.7155298096964764	3.32967032967033	1.794871794871795	0.005587063804626866	6.0598911743772235e-05	0.005177238805970149	0.44328358208955226	13.659340659340659	1.5807112570687232	3.458532695374801	2.1405405405405404	0.3716417910447761	0.6140805604203156	0.8458552620784422	0.8716824750141711	0.20746268656716418	0.9087693626780542	652	281	91
20-22	de	6.388888888888889	1.982608695652174	10.29644927536232	8.611657004830917	0.34782608695652173	0.043478260869565216	0.7043478260869566	0.017391304347826087	0.02608695652173913	0.9444444444444444	0.727419149477973	3.0	1.488888888888889	0.0036307277573913044	4.3161535e-05	0.028985507246376812	0.11304347826086956	14.0	1.8252966169632836	3.2901960784313724	2.1	0.6173913043478261	0.660625	-1	-1	0.16521739130434782	0.9009694709504106	112	60	18
17-176	de	7.379310344827586	1.6191588785046729	6.394005800837903	4.20627396068321	0.25	0.02102803738317757	0.6565420560747663	0.002336448598130841	0.009345794392523364	0.9310344827586207	0.687996506417559	2.9827586206896552	1.688	0.005450904205841122	6.287081318681319e-05	0.010307861462341946	0.2102803738317757	13.620689655172415	1.521866411141259	3.461734693877551	2.2336448598130842	0.3925233644859813	0.5791185410334353	-1	-1	0.21261682242990654	0.89246443719507	426	182	58
12-135	de	8.232558139534884	1.7401129943502824	8.15403100775194	5.429958297201418	0.2627118644067797	0.04519774011299435	0.615819209039548	0.0	0.002824858757062147	0.8837209302325582	0.6645173539910383	3.5813953488372094	1.8053097345132743	0.00555164991440678	6.420993040540541e-05	0.011299435028248588	0.2824858757062147	15.186046511627907	1.5012196345985678	3.6021341463414633	2.325301204819277	0.3898305084745763	0.5840000000000001	-1	-1	0.192090395480226	0.8936798907064778	354	148	43
17-48	de	6.8478260869565215	1.8021164021164022	8.345625718886591	6.6231946169772264	0.26455026455026454	0.0455026455026455	0.6730158730158731	0.010582010582010581	0.008465608465608466	0.8985507246376812	0.6561402378101431	2.9927536231884058	1.6495176848874598	0.004072104732189418	7.602948031319911e-05	0.003934337267670601	0.5534391534391534	13.44927536231884	1.5908671061829294	3.5685745140388767	2.240143369175627	0.3619047619047619	0.6443262411347528	0.814781029363549	0.9210256105839609	0.2052910052910053	0.9086643509451954	933	447	138
8-76	de	5.261261261261262	2.029109589041096	10.405385042576825	8.689391786992473	0.3167808219178082	0.0839041095890411	0.6866438356164384	0.015410958904109588	0.015410958904109588	0.7207207207207207	0.6855570944207301	2.3873873873873874	1.6995073891625616	0.004656195996061644	6.218817226027397e-05	0.006131241714538223	0.5582191780821918	11.9009009009009	1.7950209795798029	3.2864506627393224	2.5291970802919708	0.4195205479452055	0.6599381443298958	0.46173944402993766	0.8053035518983369	0.1678082191780822	0.9067672575049228	567	292	111
12-128	de	6.969072164948454	1.9866863905325445	10.570837552613924	7.864015848227904	0.3343195266272189	0.0621301775147929	0.6701183431952663	0.03106508875739645	0.011834319526627219	0.9072164948453608	0.6854246858769885	3.1313131313131315	1.7521367521367521	0.004650045506508876	5.259122612612612e-05	0.006448186921559702	0.7855029585798816	14.16161616161616	1.6305699069982775	3.4213836477987423	2.182758620689655	0.34911242603550297	0.6248353552859642	0.5832498017030336	0.7586049594125847	0.14644970414201183	0.8694442355642932	651	333	99
18-39	de	7.107142857142857	2.102177554438861	11.98748085666427	9.872259009332375	0.3098827470686767	0.05360134003350084	0.6884422110552764	0.011725293132328308	0.010050251256281407	0.9047619047619048	0.7497009723090513	3.0595238095238093	1.646153846153846	0.004908783749916248	4.403214475524475e-05	0.005419253128387033	0.7252931323283082	16.238095238095237	1.9657844217718168	3.318082788671024	2.3399014778325125	0.42546063651591287	0.6856425702811243	0.647714862063298	0.8268404343423108	0.21608040201005024	0.9191132528376643	588	286	84
19-109	de	6.584	1.8177399756986634	8.42709171324423	7.215856950668286	0.2916160388821385	0.031591737545565005	0.6974483596597812	0.026731470230862697	0.010935601458080195	0.848	0.7109721371818145	3.032	1.69921875	0.005120345137788578	6.455627344913151e-05	0.004673333956444527	0.6281895504252734	13.56	1.5808514419189341	3.4379391100702574	2.21227621483376	0.3985419198055893	0.6874033149171284	0.9327425406513435	0.9838749472362468	0.20534629404617255	0.9100922234744383	789	403	125
16-232	de	5.012345679012346	2.4334975369458127	15.080085750775407	10.632152867481604	0.3768472906403941	0.046798029556650245	0.7487684729064039	0.0	0.017241379310344827	0.7777777777777778	0.7523006854256852	2.5555555555555554	1.4397590361445782	0.0036824967458128077	4.5694682446808516e-05	0.008578223203669102	0.5862068965517241	12.11111111111111	1.8960855673818637	3.2397191574724173	2.696485623003195	0.43103448275862066	0.6425081433224761	-1	-1	0.1625615763546798	0.8976477537912249	376	188	81
9-55	de	7.377358490566038	1.7877237851662404	8.382310476282392	6.426294851131595	0.289002557544757	0.04859335038363171	0.639386189258312	0.0076726342710997444	0.0076726342710997444	0.9245283018867925	0.7135392385392385	3.1636363636363636	1.768	0.005349369183120204	5.982909565217391e-05	0.010372264847968174	0.3375959079283887	14.50909090909091	1.6876342225807466	3.3801242236024844	2.1333333333333333	0.43478260869565216	0.6470890410958897	-1	-1	0.1969309462915601	0.9048047935030546	382	184	55
5-131	de	7.938775510204081	1.8431876606683804	9.255736844866483	6.276784859136457	0.2622107969151671	0.05398457583547558	0.6966580976863753	0.007712082262210797	0.012853470437017995	0.9795918367346939	0.7016717200927727	3.22	1.7478991596638656	0.005365714593316195	6.0936369060773486e-05	0.009915534337128168	0.12596401028277635	15.64	1.5841955025650676	3.4846153846153847	2.272727272727273	0.4884318766066838	0.6598965517241375	-1	-1	0.18766066838046272	0.9287903230997161	385	181	50
9-86	de	5.704225352112676	1.9209876543209876	9.302302208311598	7.693413145539907	0.32592592592592595	0.05432098765432099	0.6839506172839506	0.0024691358024691358	0.0049382716049382715	0.8591549295774648	0.7067599464028037	2.732394366197183	1.6170212765957446	0.004474630281234568	5.6771192018779345e-05	0.007654320987654321	0.3506172839506173	12.774647887323944	1.7082969456208894	3.1634199134199132	2.3777777777777778	0.5135802469135803	0.7112091503267963	-1	0.8696776259544895	0.18271604938271604	0.9358340642028823	404	213	71
20-30	de	4.947826086956522	1.7434094903339192	6.911884159853294	5.961274764269888	0.3655536028119508	0.033391915641476276	0.7416520210896309	0.022847100175746926	0.0017574692442882249	0.7304347826086957	0.6197908086065981	2.4224137931034484	1.5223214285714286	0.003765887198769772	5.08442724590164e-05	0.006289889926926279	0.81195079086116	10.267241379310345	1.5965819740604223	3.218137254901961	2.3947368421052633	0.43936731107205623	0.7091702127659575	0.6501003143542082	0.7636961160723796	0.15817223198594024	0.8998625735512472	549	305	116
23-62	de	10.914893617021276	2.7173489278752436	20.73152585956618	15.133888341420928	0.4834307992202729	0.056530214424951264	0.7797270955165692	0.007797270955165692	0.007797270955165692	0.9574468085106383	0.6968601362409568	3.1702127659574466	1.4641350210970465	0.003407116978362573	3.253459968454259e-05	0.006606021225904267	1.8674463937621832	33.4468085106383	1.7803585827136799	3.080788804071247	2.416201117318436	0.4600389863547758	0.6852415458937189	-1	0.7965977408405986	0.13060428849902533	0.8948392934697055	493	317	47
18-78	de	6.961538461538462	1.7900552486187846	8.247651933701661	6.005350446238843	0.2955801104972376	0.04143646408839779	0.6298342541436464	0.0055248618784530384	0.0027624309392265192	0.9615384615384616	0.6880335895041778	2.75	1.7899159663865547	0.0052350436480662985	6.0869903658536586e-05	0.010282381829343155	0.2541436464088398	14.211538461538462	1.6556134900167705	3.3495934959349594	2.331360946745562	0.4447513812154696	0.6257414448669195	-1	-1	0.19889502762430938	0.916264945483193	351	164	52
14-14	de	6.209302325581396	2.0224719101123596	10.696796446302589	8.022390105391516	0.3951310861423221	0.05056179775280899	0.7434456928838952	0.003745318352059925	0.013108614232209739	0.8372093023255814	0.726259753318577	2.5	1.735632183908046	0.004176027976966292	4.583604444444445e-05	0.006258624088310664	0.5449438202247191	13.772727272727273	1.6894912592606444	3.322976287816844	2.3785714285714286	0.42696629213483145	0.6117241379310338	1.6025119604653961	1.1281246815715298	0.16666666666666666	0.8993479410409366	516	306	88
19-37	de	5.558441558441558	2.0257009345794392	10.481063235829591	8.534698531375167	0.32242990654205606	0.07710280373831775	0.7266355140186916	0.004672897196261682	0.011682242990654205	0.7272727272727273	0.6712580913238808	2.6103896103896105	1.5987654320987654	0.003873863218925234	4.504094e-05	0.008126777732629011	0.25934579439252337	12.12987012987013	1.7602939016250705	3.3677083333333333	2.461139896373057	0.4929906542056075	0.6777507598784185	-1	0.9167362707216786	0.17523364485981308	0.9229092008073265	418	205	77
19-122	de	5.329411764705882	2.006622516556291	10.16661628359953	9.257225549928581	0.31788079470198677	0.05518763796909492	0.6821192052980133	0.002207505518763797	0.011037527593818985	0.7176470588235294	0.6514075540861254	2.552941176470588	1.6688311688311688	0.004662859342384106	5.5677831696428574e-05	0.007082413539367182	0.48123620309050774	11.08235294117647	1.6857788616612146	3.4664602683178534	2.510204081632653	0.46357615894039733	0.7120056497175138	-1	0.9679040142390297	0.19426048565121412	0.922165370565594	448	224	85
22-65	de	8.258064516129032	1.9921875	11.138457661290321	8.460474949596774	0.25	0.08203125	0.70703125	0.005859375	0.01171875	1.0	0.7328615866643071	3.161290322580645	1.7261146496815287	0.00361701897578125	9.299351790393012e-05	0.00849609375	0.240234375	15.983870967741936	1.509345395419179	3.7279187817258883	2.25	0.400390625	0.6157627118644066	0.7132968731414385	0.7497952569789443	0.17578125	0.9067916396779684	512	229	62
21-202	de	6.329787234042553	1.8369747899159663	8.554919542284999	6.800214375111747	0.2638655462184874	0.06386554621848739	0.6571428571428571	0.010084033613445379	0.011764705882352941	0.8404255319148937	0.7142314376185344	2.7578947368421054	1.7956989247311828	0.006124109569747899	6.96839405109489e-05	0.0067226890756302525	0.4823529411764706	11.91578947368421	1.5015343170761128	3.6021034180543383	2.3873873873873874	0.36470588235294116	0.6450000000000006	0.6504132854693373	0.757653464097118	0.1815126050420168	0.8902722651344787	588	274	95
11-24	de	9.371428571428572	1.7926829268292683	9.218515679442511	6.739219930313589	0.21646341463414634	0.054878048780487805	0.6798780487804879	0.021341463414634148	0.03353658536585366	1.0	0.6840647914177326	4.057142857142857	1.690721649484536	0.004794792686890244	0.0001651603082089552	0.011086474501108648	0.11890243902439024	16.37142857142857	1.47002986042902	3.9368421052631577	1.9506172839506173	0.4725609756097561	0.6366812227074243	-1	-1	0.19817073170731708	0.9046471464598989	321	134	35
17-78	de	7.545454545454546	1.6204819277108433	6.474414019715223	4.701389156626506	0.30120481927710846	0.03313253012048193	0.6867469879518072	0.0	0.006024096385542169	0.9545454545454546	0.6825929618337281	3.0454545454545454	1.6902654867256637	0.005025181561144578	4.516837947019868e-05	0.010441767068273093	0.1144578313253012	13.886363636363637	1.4929977714940514	3.503267973856209	2.267326732673267	0.463855421686747	0.6158798283261804	-1	-1	0.17771084337349397	0.9237533362643492	328	151	44
16-38	de	7.253968253968254	1.8544857768052516	9.121979785349588	7.37881535201973	0.3172866520787746	0.0437636761487965	0.7286652078774617	0.047045951859956234	0.00437636761487965	0.9047619047619048	0.7079244572421043	3.2857142857142856	1.5657492354740061	0.00430691190131291	6.692871622276029e-05	0.003922216258618554	1.2286652078774618	14.952380952380953	1.6762249933302564	3.342119135477069	2.0224719101123596	0.3862144420131291	0.6887116564417194	0.718670181205459	0.836930229665894	0.1586433260393873	0.9153277522673136	867	413	126
16-28	de	6.122137404580153	2.057356608478803	11.074441567836136	9.08769868077897	0.314214463840399	0.07481296758104738	0.6907730673316709	0.012468827930174564	0.008728179551122194	0.8625954198473282	0.7446857629549933	2.7293233082706765	1.6273062730627306	0.004389881200872818	5.854482825552825e-05	0.0042948185092823495	0.7817955112219451	13.661654135338345	1.7045310189305045	3.3146128680479827	2.252577319587629	0.42144638403990026	0.6972688477951638	0.789712062455919	0.898958443524229	0.17206982543640897	0.9215354340577107	777	407	133
20-2	de	6.784313725490196	1.8742774566473988	9.172356341380482	7.7863603762892435	0.3713872832369942	0.06791907514450866	0.7933526011560693	0.06647398843930635	0.0072254335260115606	0.8627450980392157	0.7376520413030312	2.912621359223301	1.6101083032490975	0.002615493429479769	4.7404167479674804e-05	0.004836616727615902	0.8265895953757225	15.776699029126213	1.7307709261766127	3.0683076923076924	1.9565217391304348	0.44942196531791906	0.6830691399662737	0.8065832306302904	0.9546915555675491	0.12861271676300579	0.9062376185911777	636	369	103
21-143	de	7.358208955223881	2.0141987829614605	11.04724713148255	8.091905113378344	0.3265720081135903	0.0486815415821501	0.6795131845841785	0.002028397565922921	0.004056795131845842	0.9552238805970149	0.7191227889757298	3.3582089552238807	1.5895953757225434	0.004318250897768762	4.444325213675214e-05	0.005559311847344302	0.4381338742393509	16.850746268656717	1.8343070652504938	3.3022222222222224	2.18974358974359	0.4787018255578093	0.7052030456852774	-1	0.8675501542415515	0.18255578093306288	0.9403477094100829	478	234	67
5-12	de	4.9393939393939394	1.9304703476482619	9.115913738613127	7.8151815950920245	0.310838445807771	0.06134969325153374	0.6871165644171779	0.002044989775051125	0.00408997955010225	0.7070707070707071	0.6594063816002588	2.414141414141414	1.5635359116022098	0.0053673042584867076	5.4512902371541505e-05	0.00759567630733275	0.6625766871165644	10.848484848484848	1.7045580401641007	3.302559414990859	2.434285714285714	0.40286298568507156	0.6432307692307695	-1	0.855186921706598	0.19427402862985685	0.8968905298226498	488	253	99
5-116	de	6.538461538461538	1.7019607843137254	7.043137254901961	5.434583710407241	0.20784313725490197	0.03137254901960784	0.6980392156862745	0.00784313725490196	0.01568627450980392	1.0	0.6963450292397659	2.6666666666666665	1.5747126436781609	0.004964684122352942	6.489280181818183e-05	0.01699346405228758	0.043137254901960784	12.692307692307692	1.5199378257070564	3.4585858585858587	2.2988505747126435	0.4980392156862745	0.6439102564102557	-1	-1	0.22745098039215686	0.9295747482035086	253	110	39
18-113	de	7.453703703703703	1.937888198757764	10.184025189786063	8.251184725097769	0.306832298136646	0.05093167701863354	0.698136645962733	0.002484472049689441	0.004968944099378882	0.8425925925925926	0.6689509675179939	3.1944444444444446	1.5678571428571428	0.004401402608695652	6.168384183673469e-05	0.005524681268388363	0.5614906832298137	16.203703703703702	1.7624803854592146	3.312886888013506	2.3408239700374533	0.3639751552795031	0.6430311614730891	0.7854046160215726	0.9803772683752053	0.19006211180124225	0.8946742573513204	790	392	108
16-90	de	6.021739130434782	1.931407942238267	9.549091979281119	7.428116371056349	0.3483754512635379	0.05054151624548736	0.7184115523465704	0.0018050541516245488	0.019855595667870037	0.7934782608695652	0.6926334654356632	2.858695652173913	1.5510204081632653	0.004512924770216607	5.8173086181818186e-05	0.006031522409086907	1.3050541516245486	13.282608695652174	1.738513077302366	3.246153846153846	2.312820512820513	0.41155234657039713	0.6945494505494507	0.5897816073219615	0.6636018490496692	0.16064981949458484	0.9133181014006848	542	275	92
19-114	de	7.365853658536586	1.9470198675496688	10.257517363915365	8.486405168793409	0.2913907284768212	0.016556291390728478	0.6589403973509934	0.0	0.009933774834437087	0.9512195121951219	0.6677022977022978	3.268292682926829	1.6236559139784945	0.005137223117880795	5.3618218791946306e-05	0.011382450331125827	0.27483443708609273	15.365853658536585	1.6487850564070077	3.4229559748427674	2.392405063291139	0.45695364238410596	0.614482758620689	-1	-1	0.2052980132450331	0.9058049819135409	301	149	41
21-17	de	6.159420289855072	2.1458823529411766	12.133585677749362	9.517349190110828	0.3176470588235294	0.05647058823529412	0.7082352941176471	0.0	0.009411764705882352	0.8985507246376812	0.7519140989729224	2.898550724637681	1.4935897435897436	0.004501811493647059	7.378840185185185e-05	0.009058823529411763	0.3623529411764706	13.028985507246377	1.7527404838920522	3.5460526315789473	2.3524590163934427	0.45176470588235296	0.6767791411042937	-1	0.7784095741398738	0.1952941176470588	0.9219665813991545	423	216	69
21-45	de	6.670454545454546	1.708688245315162	7.1739985674461835	5.781168824531517	0.252129471890971	0.02555366269165247	0.6848381601362862	0.013628620102214651	0.020442930153321975	0.9090909090909091	0.7281229719870691	2.7386363636363638	1.6198830409356726	0.004577818727597956	5.436189589552239e-05	0.006751214587671146	0.43100511073253833	12.568181818181818	1.4686700947791926	3.472497745716862	2.2369668246445498	0.36115843270868825	0.6185245901639334	0.7435893069677681	0.7822345714091329	0.21635434412265758	0.8838586889640331	578	268	88
23-2	de	6.916666666666667	1.819277108433735	8.574969879518076	7.017430522088355	0.2710843373493976	0.04819277108433735	0.6927710843373494	0.0	0.012048192771084338	1.0	0.7360499403977664	3.3333333333333335	1.6603773584905661	0.006141630963855422	5.4961647058823525e-05	0.017319277108433735	0.1144578313253012	14.375	1.720506617565441	3.3924418604651163	2.1463414634146343	0.5301204819277109	0.6629850746268657	-1	-1	0.21084337349397592	0.9178162337070238	166	85	24
21-128	de	6.777777777777778	1.7898658718330849	8.173750620963737	5.852447127007784	0.27123695976154993	0.05812220566318927	0.6929955290611028	0.0029806259314456036	0.010432190760059613	0.9292929292929293	0.7088902877168184	2.8282828282828283	1.8333333333333333	0.0051106654710879286	4.8978426602564104e-05	0.004914004914004914	0.6080476900149031	13.505050505050505	1.6031715478685176	3.4286786786786787	2.247311827956989	0.37555886736214605	0.6498076923076916	0.6459904863225487	0.7011018561913088	0.16393442622950818	0.9022776726454405	666	312	99
17-60	de	6.043478260869565	1.816546762589928	8.202208320300283	6.519270524450005	0.29136690647482016	0.05155875299760192	0.737410071942446	0.02877697841726619	0.014388489208633094	0.8695652173913043	0.7055086611065569	2.6159420289855073	1.5661764705882353	0.0038532182707434054	6.796247122641509e-05	0.004225191275550987	0.6858513189448441	12.876811594202898	1.631298302878428	3.286513710128707	2.2344632768361583	0.4040767386091127	0.7059727891156465	0.8787612150866144	0.8886276562422062	0.18705035971223022	0.905930643705005	803	424	138
1-41	de	7.472727272727273	1.7737226277372262	8.254290643662905	7.270474063260341	0.25547445255474455	0.058394160583941604	0.7128953771289538	0.021897810218978103	0.0170316301703163	0.8909090909090909	0.6240805224003578	3.018181818181818	1.7067669172932332	0.004426170881265207	8.00765560209424e-05	0.008637469586374695	0.32116788321167883	14.545454545454545	1.4918423797856428	3.5278810408921935	2.2302158273381294	0.44768856447688565	0.6468589743589747	-1	-1	0.20924574209245742	0.9017425526827404	401	191	55
20-42	de	6.892857142857143	1.694300518134715	7.090960399703924	5.01800384900074	0.29533678756476683	0.025906735751295335	0.7202072538860104	0.025906735751295335	0.010362694300518135	0.8928571428571429	0.7087000962000963	3.392857142857143	1.5223880597014925	0.004464688647150259	4.980718712871287e-05	0.011514104778353485	0.09844559585492228	14.178571428571429	1.6642134233769572	3.1707920792079207	2.08955223880597	0.6528497409326425	0.7409574468085101	-1	-1	0.17616580310880828	0.9548438076933161	187	101	28
24-120	de	9.333333333333334	1.5285714285714285	6.087142857142858	4.311461904761906	0.17857142857142858	0.007142857142857143	0.7428571428571429	0.0	0.014285714285714285	1.0	0.7231952571238287	3.533333333333333	1.4318181818181819	0.005222472568571428	6.350285e-05	0.023809523809523808	0.014285714285714285	17.0	1.5165068265068267	3.4701195219123506	2.176470588235294	0.6071428571428571	0.644878048780488	-1	-1	0.22857142857142856	0.9617050405354505	139	56	15
23-24	de	7.26	1.9118457300275482	9.801179614325068	7.839395415977961	0.2865013774104683	0.049586776859504134	0.628099173553719	0.005509641873278237	0.005509641873278237	0.96	0.6724045229147271	2.98	1.7589285714285714	0.004648954726446281	4.236235161290323e-05	0.007988980716253443	0.35537190082644626	15.66	1.7152518361411548	3.329145728643216	2.421875	0.46831955922865015	0.6512878787878776	-1	-1	0.209366391184573	0.9265189283342194	358	155	50
14-3	de	4.948529411764706	2.234769687964339	12.710208788567435	10.626227698627742	0.39821693907875183	0.0549777117384844	0.7340267459138187	0.010401188707280832	0.01188707280832095	0.7941176470588235	0.6906979645868528	2.3840579710144927	1.4329501915708813	0.0035686130564635955	4.036237052631579e-05	0.004457652303120356	1.050520059435364	12.942028985507246	1.8101227180511068	3.1468298109010013	2.258687258687259	0.4918276374442793	0.7575783972125443	0.72757281426736	0.879146552785307	0.1664190193164933	0.9281598983598305	637	380	138
1-40	de	7.27710843373494	1.7682119205298013	8.112972951408285	6.115391470517833	0.2582781456953642	0.05132450331125828	0.6572847682119205	0.014900662251655629	0.019867549668874173	0.8795180722891566	0.6202445310946028	2.9759036144578315	1.693069306930693	0.003833771859602649	6.161660967741935e-05	0.0071264036855744305	0.3543046357615894	14.301204819277109	1.6168662043130504	3.4903442485306466	2.289855072463768	0.3741721854304636	0.6089900990099016	0.7553371611774242	0.8688765167701521	0.20364238410596028	0.903903333324988	593	248	83
23-69	de	4.761627906976744	2.05006105006105	10.457755274441322	8.807823062725388	0.3528693528693529	0.050061050061050064	0.706959706959707	0.007326007326007326	0.008547008547008548	0.6918604651162791	0.6845098858256752	2.63953488372093	1.5032258064516129	0.004108299480830281	6.154594712643679e-05	0.0046223617652189075	0.7802197802197802	10.790697674418604	1.797364063395185	3.176081424936387	2.4559748427672954	0.42124542124542125	0.7004861111111127	0.8477065913742483	0.9414195814500008	0.1575091575091575	0.9159182668522912	804	435	172
15-28	de	5.5	2.003787878787879	10.199696969696973	9.41554696969697	0.3484848484848485	0.039141414141414144	0.7171717171717171	0.021464646464646464	0.008838383838383838	0.75	0.6889767947213442	2.5208333333333335	1.4191419141914192	0.0033111056069444447	5.46372368159204e-05	0.00440771349862259	1.3143939393939394	13.180555555555555	1.776353126437379	3.1171310629514966	2.2653927813163484	0.4154040404040404	0.7086868686868675	0.7618477996443347	0.8008519820558954	0.17424242424242425	0.9054263335579849	743	402	144
14-39	de	6.7727272727272725	1.8881431767337808	9.33145312182225	7.260397762863535	0.2953020134228188	0.049217002237136466	0.6577181208053692	0.0044742729306487695	0.008948545861297539	0.9090909090909091	0.6855751895313076	2.9545454545454546	1.6753246753246753	0.005634424250559285	4.7774374384236456e-05	0.007975877832895632	0.4250559284116331	14.43939393939394	1.7489804431790077	3.3461538461538463	2.317241379310345	0.4228187919463087	0.6318103448275858	-1	0.6654213959039315	0.174496644295302	0.910237985507891	439	203	66
21-12	de	6.917808219178082	1.899009900990099	9.516262037162623	8.055301098603012	0.24752475247524752	0.031683168316831684	0.7267326732673267	0.009900990099009901	0.01782178217821782	0.863013698630137	0.6808613219845101	2.8904109589041096	1.4913294797687862	0.003409325704950495	7.618009051724137e-05	0.007425742574257425	0.22574257425742575	13.438356164383562	1.621738961438164	3.7018255578093306	2.2642857142857142	0.4415841584158416	0.7077832512315259	0.6536832234916722	0.9940980757105374	0.23366336633663368	0.9162241992314056	502	232	73
21-36	de	8.647058823529411	1.8272108843537416	9.343441376550622	7.2746793917567025	0.31564625850340133	0.061224489795918366	0.7006802721088435	0.07891156462585033	0.004081632653061225	0.9058823529411765	0.7380228369296299	3.2988505747126435	1.9307359307359306	0.004850782186258503	5.907434551724138e-05	0.007592714505156901	0.508843537414966	17.551724137931036	1.626478089412431	3.392578125	2.201900237529691	0.3442176870748299	0.6049528301886788	0.6627479181034291	0.8067550924107174	0.12244897959183673	0.8883700858687213	662	290	87
16-133	de	5.528	1.7626628075253257	7.365341128798843	6.320178850361794	0.3068017366136035	0.060781476121562955	0.7250361794500724	0.030390738060781478	0.011577424023154847	0.872	0.7029828818135267	2.568	1.625514403292181	0.004269175770332851	7.1584854e-05	0.005237406105712907	0.7510853835021708	11.312	1.6688671106671107	3.2710215427380125	2.13905325443787	0.38060781476121563	0.5960304054054061	0.808200237470931	0.8537217835166716	0.17510853835021709	0.8951858694801198	637	300	125
7-43	de	6.104347826086957	1.8504273504273505	8.62573838721665	7.003481714356497	0.32051282051282054	0.04415954415954416	0.7065527065527065	0.0014245014245014246	0.004273504273504274	0.808695652173913	0.7765172641557677	2.608695652173913	1.5384615384615385	0.005124072362393163	5.3584362756598246e-05	0.004563680489606416	1.2635327635327636	12.660869565217391	1.916332570302822	3.3718213058419244	2.3513513513513513	0.3717948717948718	0.6141127694859044	0.6155796084309593	0.6985179095631414	0.17094017094017094	0.8932769432740684	688	341	115
24-53	de	6.5625	1.9952380952380953	10.513184523809525	9.396011904761904	0.38095238095238093	0.04285714285714286	0.7904761904761904	0.03492063492063492	0.014285714285714285	0.9375	0.7199710600716791	2.7628865979381443	1.7475728155339805	0.0029356306766666665	5.0522372594752186e-05	0.004722222222222222	0.6714285714285714	14.597938144329897	1.6794453319887708	3.3819985825655565	2.1687344913151363	0.5063492063492063	0.7159510357815414	1.3087658810531604	0.9970658130131022	0.1619047619047619	0.9239254184767682	586	343	97
13-111	de	7.574074074074074	2.0366748166259168	11.396651725074712	9.013267825771981	0.293398533007335	0.04645476772616137	0.6894865525672371	0.0	0.007334963325183374	0.9629629629629629	0.7065962693737387	3.5185185185185186	1.516778523489933	0.005035194341320293	4.644918208955224e-05	0.007122355692569363	0.34474327628361856	16.77777777777778	1.783501192612446	3.414285714285714	2.235294117647059	0.4621026894865526	0.634451612903224	-1	0.9031991866840677	0.20537897310513448	0.9331464013803678	409	201	54
23-94	de	8.785714285714286	1.5392953929539295	6.000114208284941	4.024757336430508	0.26558265582655827	0.024390243902439025	0.5853658536585366	0.0	0.008130081300813009	0.9761904761904762	0.7047590444743658	3.6666666666666665	1.826086956521739	0.005929409363956639	7.627440063291139e-05	0.009420570396180153	0.43089430894308944	15.119047619047619	1.4477082527548366	3.5734375	2.3333333333333335	0.3685636856368564	0.5458148148148149	-1	-1	0.15176151761517614	0.8843956084319015	369	158	42
16-118	de	7.507936507936508	1.7716701902748415	8.243803483338368	7.2468808953320565	0.3171247357293869	0.042283298097251586	0.7082452431289641	0.06342494714587738	0.008456659619450317	0.9206349206349206	0.7130456316295976	3.3333333333333335	1.6375	0.0037272252549682876	7.18316695652174e-05	0.007887461375833469	0.3488372093023256	14.73015873015873	1.645297931397371	3.379639448568399	2.0297619047619047	0.45665961945031713	0.6229144385026731	-1	0.8881001604966614	0.14587737843551796	0.914204838507139	449	207	63
21-247	de	5.158536585365853	2.054373522458629	10.663436833304505	9.594694078302485	0.34988179669030733	0.07328605200945626	0.6950354609929078	0.02127659574468085	0.002364066193853428	0.7317073170731707	0.666169030275784	2.524390243902439	1.5897435897435896	0.0038336133432624116	4.463936137339055e-05	0.0070921985815602835	0.458628841607565	12.048780487804878	1.8490229959742155	3.233201581027668	2.3626373626373627	0.5555555555555556	0.7465123456790124	-1	0.9035974164147026	0.1773049645390071	0.9366922499988266	412	233	82
10-57	de	7.48	1.9304812834224598	10.10687914438503	7.17811589304813	0.3074866310160428	0.05080213903743316	0.6524064171122995	0.0053475935828877	0.00267379679144385	0.98	0.7238331962821759	2.98	1.6793893129770991	0.005614950977005348	3.462235454545455e-05	0.013177998472116119	0.14171122994652408	15.18	1.592541884656974	3.5304232804232805	2.230769230769231	0.42245989304812837	0.5894545454545468	-1	-1	0.15240641711229946	0.8944951416004034	371	176	50
3-39	de	5.794871794871795	1.9424778761061947	9.591238938053102	7.988238847288406	0.3053097345132743	0.048672566371681415	0.6902654867256637	0.004424778761061947	0.004424778761061947	0.9230769230769231	0.667035011771854	2.769230769230769	1.646341463414634	0.004096713027876106	6.465755727272727e-05	0.01327433628318584	0.17256637168141592	12.307692307692308	1.5189407458638227	3.4979253112033195	2.536842105263158	0.5309734513274337	0.6735433070866146	-1	-1	0.18141592920353983	0.9295747482035086	224	110	39
24-140	de	7.339285714285714	1.7493917274939172	7.915143812999656	6.183977719847063	0.2360097323600973	0.021897810218978103	0.7226277372262774	0.0072992700729927005	0.0072992700729927005	0.9642857142857143	0.7470558481922118	3.142857142857143	1.4296296296296296	0.004448544123357664	4.919523241758242e-05	0.008972019464720194	0.15085158150851583	15.178571428571429	1.6682586262943406	3.2894424673784104	2.257861635220126	0.4257907542579075	0.6393269230769223	-1	-1	0.2384428223844282	0.9167329927366914	399	182	56
9-106	de	6.136986301369863	1.6897321428571428	6.742263943248535	5.356260359589042	0.24553571428571427	0.033482142857142856	0.6941964285714286	0.006696428571428571	0.026785714285714284	0.9178082191780822	0.688809223184223	2.5616438356164384	1.554054054054054	0.004148732532142857	6.834712820512821e-05	0.008223684210526315	0.3236607142857143	12.054794520547945	1.5441518907272331	3.503981797497156	2.3820224719101124	0.4017857142857143	0.6624068767908294	-1	-1	0.203125	0.8981981499889478	440	195	73
12-114	de	6.974025974025974	1.8007448789571694	8.378659701564732	6.6599025804735295	0.25884543761638734	0.0260707635009311	0.664804469273743	0.0074487895716946	0.01303538175046555	0.9090909090909091	0.6826043077187239	3.116883116883117	1.6904761904761905	0.0055232335	7.021140131578947e-05	0.007241878750258638	0.5567970204841713	13.948051948051948	1.6367339696833887	3.429097605893186	2.081967213114754	0.3612662942271881	0.6462328767123289	0.6137367565745995	0.6863004502611582	0.21415270018621974	0.8892993865693749	534	228	77
12-16	de	7.130434782608695	1.9100609756097562	9.729589077412516	6.697726988335102	0.2698170731707317	0.04573170731707317	0.6798780487804879	0.006097560975609756	0.013719512195121951	0.9130434782608695	0.7090095048239843	2.9782608695652173	1.6492890995260663	0.005032633931859757	5.8500063087248315e-05	0.006796239837398374	0.3445121951219512	15.043478260869565	1.8776611879729728	3.4417758369723437	2.2574850299401197	0.38871951219512196	0.6627468581687626	0.736296980166573	0.9128536021535721	0.19207317073170732	0.9025064392363614	652	298	92
7-16	de	8.444444444444445	1.8368421052631578	9.378070175438598	6.320569005847953	0.29736842105263156	0.02894736842105263	0.6684210526315789	0.002631578947368421	0.005263157894736842	1.0	0.6895811259447625	3.511111111111111	1.6363636363636365	0.005389696333947368	5.966060578947369e-05	0.009157894736842104	0.45	16.822222222222223	1.666435508935509	3.3456953642384106	2.2093023255813953	0.4131578947368421	0.6144483985765117	-1	-1	0.17894736842105263	0.8887779110553755	379	190	45
24-74	de	7.430555555555555	2.1383177570093457	12.540066199376948	10.866585150571131	0.32710280373831774	0.07102803738317758	0.6953271028037383	0.03177570093457944	0.022429906542056073	0.9166666666666666	0.7165324124002665	3.3055555555555554	1.7514124293785311	0.004100161971214954	4.4495197744360905e-05	0.007476635514018692	0.3719626168224299	16.27777777777778	1.7377918406997157	3.4052453468697124	2.282051282051282	0.45607476635514016	0.6771330275229359	0.8908045440908721	0.8717612339829212	0.17009345794392525	0.9122868394835927	517	266	72
24-97	de	5.405172413793103	2.041467304625199	10.607331435956663	8.066639564428312	0.28548644338118023	0.049441786283891544	0.7001594896331739	0.007974481658692184	0.012759170653907496	0.7931034482758621	0.6521493524946206	2.560344827586207	1.5779816513761469	0.0034406866950558216	0.00011763970217391304	0.005710757832998919	0.543859649122807	10.198275862068966	1.5217891064873823	3.8503740648379052	2.382775119617225	0.4082934609250399	0.6646590909090921	0.607682934086518	0.7623041818173211	0.18022328548644337	0.9179158964769404	622	276	116
23-81	de	4.375	2.209090909090909	12.183522727272727	10.41362987012987	0.36103896103896105	0.09740259740259741	0.7532467532467533	0.006493506493506494	0.012987012987012988	0.6704545454545454	0.6541239871239873	2.2443181818181817	1.6363636363636365	0.004139063013376624	3.892631451612903e-05	0.004488989271597967	0.625974025974026	10.176136363636363	1.8072071051349126	3.2754010695187166	2.47008547008547	0.4701298701298701	0.7196870342771973	0.9688485426862269	0.9396476006873886	0.15974025974025974	0.925466762866361	752	434	176
12-131	de	5.8559322033898304	1.6729377713458755	6.434479261203368	4.37917698741691	0.2503617945007236	0.03473227206946455	0.6903039073806078	0.005788712011577424	0.010130246020260492	0.7966101694915254	0.7222026298552454	2.495798319327731	1.6986899563318778	0.005450425332127352	6.231884569536424e-05	0.006098821583626214	0.4370477568740955	11.07563025210084	1.4669131074095692	3.461480362537764	2.286231884057971	0.35311143270622286	0.6040540540540538	0.6460399280715994	0.7644271874532147	0.20549927641099855	0.8930796965458196	681	302	119
23-79	de	6.2272727272727275	1.9391727493917275	9.720874806458749	7.784338686131386	0.31386861313868614	0.06447688564476886	0.6958637469586375	0.010948905109489052	0.0072992700729927005	0.8712121212121212	0.6848837337386956	2.740740740740741	1.768939393939394	0.004944469550124088	5.4970233088235295e-05	0.004498387370565269	0.7396593673965937	12.807407407407407	1.6968367332256222	3.479954180985109	2.3105263157894735	0.4075425790754258	0.683817427385894	0.7865850637113875	0.829460565181705	0.1922141119221411	0.9110331304604407	803	408	135
11-34	de	5.9411764705882355	1.9141914191419143	9.314517569404	7.496615530964863	0.33003300330033003	0.033003300330033	0.7095709570957096	0.009900990099009901	0.0033003300330033004	0.8627450980392157	0.6678187759952467	3.0588235294117645	1.412280701754386	0.004159165412871287	8.52062404109589e-05	0.011001100110011002	0.3102310231023102	11.509803921568627	1.6100434968082027	3.6289517470881862	2.4649122807017543	0.5148514851485149	0.7036764705882345	-1	-1	0.1782178217821782	0.9299949494490581	298	146	51
11-39	de	7.357142857142857	1.8414239482200647	9.008088303282477	6.928911480967791	0.2707659115426106	0.0593311758360302	0.7432578209277239	0.019417475728155338	0.018338727076591153	0.9761904761904762	0.711783637346485	2.880952380952381	1.6275862068965516	0.003260306602724056	0.00010926890739910315	0.004149033275246867	0.47249190938511326	14.015873015873016	1.4987412789445445	3.623582766439909	2.230769230769231	0.3926645091693635	0.7190579710144933	0.6797839268528159	0.830110246302794	0.18985976267529667	0.9057645973252072	905	446	126
12-89	de	6.260869565217392	1.8229166666666667	8.362155797101451	7.148634520933978	0.2974537037037037	0.04861111111111111	0.6631944444444444	0.006944444444444444	0.015046296296296295	0.782608695652174	0.7333348524954365	2.8405797101449277	1.7275985663082438	0.004911186931481482	5.1244618092909536e-05	0.0060838081671415	0.6782407407407407	12.456521739130435	1.6607239580065667	3.4142614601018675	2.3162393162393164	0.32060185185185186	0.6367450980392164	0.6528167836635453	0.7862466339575507	0.18981481481481483	0.8759740064791713	856	409	138
22-15	de	6.111111111111111	1.804848484848485	8.090545454545456	5.860462626262628	0.22303030303030302	0.044848484848484846	0.7575757575757576	0.0048484848484848485	0.012121212121212121	0.8	0.657698935464996	2.7777777777777777	1.471830985915493	0.0038998109339393942	0.00010419302205882353	0.0047138047138047135	0.28363636363636363	11.088888888888889	1.5206767838793982	3.6068211068211067	2.512295081967213	0.37333333333333335	0.656528925619836	0.8166551993225838	0.8534247801725589	0.19151515151515153	0.9181520097403584	821	340	135
16-255	de	6.05	2.347107438016529	14.465367768595044	11.43660132231405	0.30578512396694213	0.05785123966942149	0.6859504132231405	0.012396694214876033	0.008264462809917356	0.85	0.7220159470159471	2.525	1.5632183908045978	0.004347323003719009	4.259013247863248e-05	0.01423324150596878	0.09504132231404959	13.575	2.0543049658674657	3.4371584699453552	2.2051282051282053	0.5454545454545454	0.6774125874125878	-1	-1	0.1859504132231405	0.9329040302428581	237	117	40
17-76	de	5.609756097560975	1.7978260869565217	7.8121527041357375	6.131712089077413	0.26956521739130435	0.02608695652173913	0.7478260869565218	0.002173913043478261	0.017391304347826087	0.8902439024390244	0.6970648491345658	2.597560975609756	1.406060606060606	0.0038402222504347826	6.288478944954129e-05	0.007142857142857143	0.24130434782608695	11.451219512195122	1.5665398048468349	3.4671610169491527	2.337278106508876	0.46304347826086956	0.6763434903047086	-1	0.9514428430741493	0.21304347826086956	0.9268153333942822	459	218	82
20-13	de	6.193548387096774	1.6692708333333333	6.522879704301076	4.653009206989249	0.20052083333333334	0.033854166666666664	0.7552083333333334	0.0	0.028645833333333332	1.0	0.7053216819610262	2.6129032258064515	1.4274809160305344	0.00444145539375	8.87143746835443e-05	0.007378472222222222	0.11979166666666667	11.193548387096774	1.4597187758478083	3.561959654178674	2.2211538461538463	0.4557291666666667	0.6767719298245604	-1	-1	0.22395833333333334	0.9284725195532697	384	158	62
8-53	de	6.3544303797468356	1.7231075697211156	7.2208971708104315	6.271863149931918	0.2868525896414343	0.05179282868525897	0.6872509960159362	0.035856573705179286	0.00597609561752988	0.9493670886075949	0.681185036473498	2.7341772151898733	1.6612021857923498	0.00385397995936255	6.127710765765767e-05	0.007082779991146524	0.5577689243027888	13.405063291139241	1.5356832793512263	3.2264150943396226	2.2058823529411766	0.41832669322709165	0.6650372208436713	-1	0.8128357669969922	0.16533864541832669	0.9037744765159849	456	222	79
7-50	de	5.396039603960396	2.0513761467889906	10.720693977654648	8.802960941048234	0.3302752293577982	0.060550458715596334	0.7045871559633028	0.007339449541284404	0.005504587155963303	0.7623762376237624	0.7184562937062934	2.638095238095238	1.6417910447761195	0.00456561088880734	4.840504021352313e-05	0.0051292743953294416	1.2972477064220183	11.58095238095238	1.8407148142862428	3.2769726247987117	2.4368421052631577	0.45137614678899085	0.7048430493273553	0.8954782791248808	0.77183492124272	0.1614678899082569	0.9160094170758878	538	281	105
19-111	de	4.882352941176471	2.140562248995984	11.572752185211439	9.295506118592014	0.3755020080321285	0.05823293172690763	0.6807228915662651	0.002008032128514056	0.006024096385542169	0.7450980392156863	0.7160091009100907	2.4411764705882355	1.5628140703517588	0.0047127489845381525	3.978027386363637e-05	0.00625358577165806	0.8975903614457831	11.823529411764707	1.8653612279044807	3.181153533712429	2.328719723183391	0.46586345381526106	0.6808270676691729	-1	0.7971463002594839	0.15060240963855423	0.9200045803912464	484	264	102
23-89	de	7.773809523809524	1.8116385911179174	8.81912108947714	6.417139298475899	0.2557427258805513	0.036753445635528334	0.6799387442572741	0.009188361408882083	0.007656967840735069	0.9404761904761905	0.6549047538806574	3.3214285714285716	1.6666666666666667	0.005437437476875957	6.441022361623617e-05	0.006361173283072212	0.42725880551301687	15.571428571428571	1.687473147971821	3.4311926605504586	2.4444444444444446	0.38284839203675347	0.658880866425994	0.5616945710804246	0.8351507001937373	0.19448698315467075	0.9048191165328159	638	271	84
11-12	de	6.456140350877193	2.057065217391304	11.201264302059496	9.967021014492753	0.296195652173913	0.057065217391304345	0.7146739130434783	0.0	0.010869565217391304	0.9122807017543859	0.6860774840239127	3.263157894736842	1.4895104895104896	0.0036140026834239132	9.828733045977012e-05	0.009375	0.3641304347826087	13.175438596491228	1.5941082953391952	3.702099737532808	2.262295081967213	0.46195652173913043	0.6462081784386613	-1	-1	0.17119565217391305	0.9093424299877936	364	174	57
19-123	de	7.540983606557377	1.9673913043478262	10.566200997861728	9.029135067712046	0.2956521739130435	0.05434782608695652	0.6652173913043479	0.0	0.006521739130434782	0.9836065573770492	0.704792869167869	3.3934426229508197	1.7248322147651007	0.004785845804565218	4.943163590909091e-05	0.0070126227208976155	0.8347826086956521	15.459016393442623	1.652682686433892	3.5305263157894737	2.310924369747899	0.391304347826087	0.672659279778393	-1	0.8914887633821731	0.18043478260869567	0.8813345286181568	458	220	61
16-110	de	6.779661016949152	1.8725	9.149567796610171	6.4811843220339	0.3025	0.035	0.68	0.0125	0.015	0.9152542372881356	0.6909767435629504	2.983050847457627	1.6666666666666667	0.00470238737175	7.090897150537634e-05	0.007282608695652174	0.375	13.271186440677965	1.5991866184662795	3.496831432192649	2.25	0.485	0.6724916943521582	-1	-1	0.195	0.9314524324228123	394	186	59
9-89	de	5.925233644859813	1.9558359621451105	9.79970547480763	8.299831557534125	0.2981072555205047	0.050473186119873815	0.6813880126182965	0.00946372239747634	0.00946372239747634	0.8130841121495327	0.7159682691522312	2.6542056074766354	1.6129032258064515	0.004346714547003154	5.486520965517242e-05	0.005562012286236095	0.88801261829653	12.355140186915888	1.8335208964943346	3.4573991031390134	2.3945945945945946	0.3943217665615142	0.6854205607476618	0.6701299324025763	0.7545620783112689	0.1892744479495268	0.9005383963542761	625	290	107
21-251	de	6.138211382113822	1.5774834437086094	5.4182070747859825	3.956434770904001	0.2370860927152318	0.030463576158940398	0.7602649006622516	0.007947019867549669	0.030463576158940398	0.926829268292683	0.7130045607986779	2.532258064516129	1.5220883534136547	0.0037555567961589406	9.860498777429468e-05	0.0066827212522576765	0.17086092715231788	11.17741935483871	1.400803997607528	3.5274963820549927	2.3084745762711862	0.3748344370860927	0.6298170731707349	0.7389596878136101	0.938590455310312	0.20397350993377483	0.9045555758056206	739	319	124
23-6	de	7.05511811023622	1.6819196428571428	7.008147848706411	5.943477355174354	0.3404017857142857	0.033482142857142856	0.6305803571428571	0.010044642857142858	0.012276785714285714	0.8661417322834646	0.6584782335759042	3.2325581395348837	1.7189542483660132	0.005406091100446429	4.3121096018735364e-05	0.004919825072886297	0.8404017857142857	14.790697674418604	1.5659700447338147	3.2251828631138975	2.155388471177945	0.35044642857142855	0.6194228356336263	0.6838255851364666	0.8074805914904886	0.15625	0.8978493036974546	876	427	129
21-325	de	5.470588235294118	2.017921146953405	10.354998945814884	9.084700274088132	0.3046594982078853	0.035842293906810034	0.6845878136200717	0.010752688172043012	0.007168458781362007	0.9019607843137255	0.7109493284493286	2.411764705882353	1.5922330097087378	0.005313310499283155	4.70520734375e-05	0.010080645161290322	0.24731182795698925	12.117647058823529	1.765297066767655	3.229903536977492	2.1621621621621623	0.5197132616487455	0.6543333333333333	-1	-1	0.20430107526881722	0.9296849485998138	269	128	51
24-60	de	6.757575757575758	2.0426008968609866	11.148145128414189	9.700808370702541	0.3654708520179372	0.05829596412556054	0.7443946188340808	0.020179372197309416	0.020179372197309416	0.8939393939393939	0.7417430556398167	2.7611940298507465	1.5454545454545454	0.003555333409656604	6.129810216450217e-05	0.007949449653485527	0.38565022421524664	16.044776119402986	1.8716920157611436	3.264623955431755	2.1433962264150943	0.5134529147982063	0.6902017291066284	-1	0.9254929743735473	0.1860986547085202	0.9290440525307527	428	231	67
19-131	de	7.3061224489795915	1.8826815642458101	9.4750302132026	7.927477528217992	0.29608938547486036	0.05307262569832402	0.6815642458100558	0.0	0.0	0.9387755102040817	0.7023190929440931	3.4489795918367347	1.6890756302521008	0.004971159451117318	6.153599122807016e-05	0.008224705152079454	0.22346368715083798	14.714285714285714	1.6449172542809998	3.4924137931034482	2.277310924369748	0.49162011173184356	0.6793822393822383	-1	-1	0.18435754189944134	0.9359197276310406	349	171	49
24-132	de	8.208333333333334	1.6928934010152283	7.587392131979698	4.661621150592217	0.2512690355329949	0.005076142131979695	0.6472081218274112	0.0	0.015228426395939087	0.9583333333333334	0.6681614780019036	3.2083333333333335	1.5303030303030303	0.005054586968020304	8.155810379746836e-05	0.009853687667960584	0.25888324873096447	14.791666666666666	1.5153252571015727	3.555869872701556	2.2523364485981308	0.39593908629441626	0.5843050847457625	-1	-1	0.23604060913705585	0.8888346077406456	391	158	48
14-21	de	5.4630872483221475	2.042997542997543	10.64797503421665	9.067629662120936	0.32923832923832924	0.038083538083538086	0.7051597051597052	0.0	0.02334152334152334	0.7919463087248322	0.7299479236979233	2.418300653594771	1.5351170568561874	0.004743270846191646	4.6103480555555556e-05	0.005006142506142506	0.6977886977886978	11.640522875816993	1.747312961932339	3.341046831955923	2.3304093567251463	0.40786240786240785	0.6769090909090908	0.7593906552203906	0.8879977358736527	0.19533169533169534	0.9176655440161354	800	396	153
8-26	de	5.045454545454546	1.6576576576576576	5.938087633087633	4.054816216216217	0.25225225225225223	0.009009009009009009	0.6396396396396397	0.0	0.0	0.8636363636363636	0.6845427059712774	2.272727272727273	1.5675675675675675	0.005584837945945946	6.7981e-05	0.028314028314028312	0.06306306306306306	9.227272727272727	1.3076216712580349	3.4558823529411766	2.4523809523809526	0.4954954954954955	0.5166666666666666	-1	-1	0.26126126126126126	0.8771253179097726	111	52	22
21-140	de	6.674418604651163	1.7038327526132404	7.118249736650192	4.443715403938093	0.22996515679442509	0.017421602787456445	0.6515679442508711	0.0	0.003484320557491289	0.9767441860465116	0.7233618233618235	2.6511627906976742	1.6904761904761905	0.0049546990916376306	6.899243082706767e-05	0.012195121951219513	0.0975609756097561	13.162790697674419	1.5746777124684102	3.3734513274336284	2.2976190476190474	0.4738675958188153	0.6408510638297868	-1	-1	0.21951219512195122	0.9155454338913983	286	133	43
21-214	de	8.821428571428571	2.0242914979757085	11.736996818970503	8.292007634470794	0.32388663967611336	0.048582995951417005	0.708502024291498	0.0	0.02834008097165992	1.0	0.693023691707902	3.8214285714285716	1.5543478260869565	0.004332102738866397	4.750920982142857e-05	0.016562384983437616	0.15384615384615385	17.892857142857142	1.5774302077263564	3.726546906187625	2.372093023255814	0.46558704453441296	0.6030405405405408	-1	-1	0.1902834008097166	0.8973418496198808	243	112	28
24-23	de	7.159574468085107	1.8142644873699851	8.61055499351902	7.41209570990484	0.36701337295690933	0.05349182763744428	0.7652303120356612	0.08915304606240713	0.004457652303120356	0.851063829787234	0.72745138664959	2.8421052631578947	1.957345971563981	0.0038014524904053494	4.924655508982036e-05	0.005436985006078617	0.7221396731054978	16.28421052631579	1.6220366475629635	3.1400255754475705	2.0448979591836736	0.4591381872213967	0.6673867595818817	0.8037812863560777	0.9441147541827982	0.12332838038632987	0.9100221517746503	602	334	95
24-61	de	6.308943089430894	1.842783505154639	8.615333165702793	8.599997037130166	0.38788659793814434	0.05670103092783505	0.7474226804123711	0.03608247422680412	0.01288659793814433	0.8211382113821138	0.7078617648289774	2.682926829268293	1.6418439716312057	0.003566635761848196	5.632309404145077e-05	0.004429768041237113	0.9123711340206185	14.439024390243903	1.7757215123512413	3.2053721320649133	2.2565789473684212	0.46005154639175255	0.7180945347119634	1.044760436177173	0.9270208056446102	0.15721649484536082	0.9216063813793999	706	386	123
16-237	de	6.517543859649122	2.3593539703903095	14.792218955868812	11.719618932256619	0.3755047106325707	0.05114401076716016	0.730820995962315	0.0026917900403768506	0.020188425302826378	0.8947368421052632	0.7384320434067176	2.857142857142857	1.3838028169014085	0.0032593930115746975	3.5479346214099216e-05	0.005200048941637098	0.7402422611036339	15.638655462184873	1.8554643055503597	3.263655462184874	2.4984984984984986	0.3997308209959623	0.6753571428571429	0.8869388371627933	0.9116665194532597	0.1426648721399731	0.9037065883878772	736	383	119
11-14	de	5.851851851851852	1.8734177215189873	8.798551336146275	7.760265072667604	0.3206751054852321	0.035864978902953586	0.7911392405063291	0.02109704641350211	0.008438818565400843	0.8271604938271605	0.6783231351981351	2.7901234567901234	1.439153439153439	0.003511109112658228	7.786078852459016e-05	0.006630500301386377	0.4936708860759494	12.283950617283951	1.6963023773208956	3.357142857142857	2.2142857142857144	0.45147679324894513	0.6838133333333327	-1	0.6712563721247833	0.19198312236286919	0.8989432777174527	461	244	81
16-130	de	5.2330827067669174	2.0445402298850577	10.57647696828278	9.30623579638752	0.3232758620689655	0.05603448275862069	0.7385057471264368	0.01867816091954023	0.015804597701149427	0.7744360902255639	0.705720815379906	2.6390977443609023	1.4705882352941178	0.0037313372007313217	6.269735741758243e-05	0.004799461971142088	1.2902298850574712	11.38345864661654	1.7670619480769856	3.365273311897106	2.328125	0.4209770114942529	0.7161809045226145	0.7140213453053046	0.8443215407532446	0.1824712643678161	0.9122870920945515	683	364	133
21-150	de	7.126984126984127	1.8151447661469933	8.60823205005833	5.999460253826847	0.2873051224944321	0.05790645879732739	0.6547884187082406	0.004454342984409799	0.015590200445434299	0.8888888888888888	0.622683715188459	3.0952380952380953	1.7714285714285714	0.005487868980178174	5.561035211267606e-05	0.007887899034892353	0.34521158129175944	14.285714285714286	1.7268281175027207	3.341758241758242	2.328	0.40757238307349664	0.6144571428571435	-1	0.758804262235369	0.18930957683741648	0.9005876919344129	447	213	63
17-62	de	5.138686131386861	1.8423295454545454	8.153576227604514	6.746290593895157	0.3125	0.046875	0.7357954545454546	0.004261363636363636	0.01278409090909091	0.7007299270072993	0.6444186328377506	2.394160583941606	1.4542124542124542	0.003727967991051136	6.922086869565217e-05	0.005602904040404041	0.7116477272727273	10.832116788321168	1.6457792565242115	3.3406084656084656	2.3776978417266186	0.3849431818181818	0.6861487603305785	0.8033124397616617	0.922377263871577	0.18323863636363635	0.898816378076731	690	345	137
21-309	de	7.147058823529412	1.5720164609053497	5.747147179859599	2.9737948196562582	0.19135802469135801	0.02263374485596708	0.720164609053498	0.0205761316872428	0.01440329218106996	0.9558823529411765	0.6535343180865569	2.7941176470588234	1.6595744680851063	0.0044618784170781895	6.771471570680628e-05	0.008687700045724738	0.23251028806584362	11.852941176470589	1.2712542587019002	3.6488169364881693	2.302013422818792	0.33127572016460904	0.5468992248062019	-1	-1	0.25308641975308643	0.8670296689588323	483	191	68
16-131	de	5.730434782608696	2.0531107738998484	10.871576697235604	8.787939014316818	0.3338391502276176	0.0637329286798179	0.6889226100151745	0.004552352048558422	0.007587253414264037	0.808695652173913	0.6982525028577656	2.7304347826086954	1.5588235294117647	0.004454926849924127	6.839758965517242e-05	0.005081695310018704	1.118361153262519	12.495652173913044	1.7893648139300313	3.3508532423208193	2.444866920152091	0.40819423368740515	0.7023928571428576	0.4501199700699576	0.7680356907148436	0.1456752655538695	0.913735219725625	640	319	115
21-22	de	7.817391304347826	1.4738598442714126	4.850328771098322	3.6645817304251107	0.26918798665183535	0.024471635150166853	0.6562847608453838	0.08342602892102335	0.0011123470522803114	0.8782608695652174	0.6793972353182877	3.139130434782609	1.6769759450171822	0.004808602931145718	7.765082816091954e-05	0.006439903986886014	0.5439377085650723	16.104347826086958	1.5636215686767578	3.1189451022604953	1.8857142857142857	0.3047830923248053	0.5810624999999999	0.6772276980880901	0.7888753893391877	0.12791991101223582	0.8584597915415738	828	348	115
20-15	de	6.355555555555555	1.8041958041958042	8.178177156177156	7.206652385392385	0.3356643356643357	0.055944055944055944	0.743006993006993	0.012237762237762238	0.01048951048951049	0.7666666666666667	0.6614409590015738	2.6333333333333333	1.4902912621359223	0.0038938530643979024	6.234027910447762e-05	0.007044426162073221	0.7465034965034965	13.077777777777778	1.680809508497847	3.3624161073825505	2.4133858267716537	0.3881118881118881	0.6504228329809726	0.5788882197112105	0.7338471694670359	0.16433566433566432	0.899740589439326	554	268	90
15-6	de	5.441441441441442	2.5596026490066226	16.73547342044031	16.205388479207688	0.5099337748344371	0.08278145695364239	0.7897350993377483	0.024834437086092714	0.0016556291390728477	0.6756756756756757	0.6803010373464916	2.620967741935484	1.2939189189189189	0.001873765952317881	1.4797750476190475e-05	0.006815031572462653	0.9337748344370861	16.516129032258064	2.1652255983790614	2.9069654164637115	2.1777777777777776	0.4420529801324503	0.6760396039603959	0.6435688822756845	0.6833977113661904	0.11589403973509933	0.8966675514680414	585	420	124
12-139	de	6.271028037383178	2.0715350223546944	11.299814198364835	10.078702176971184	0.36065573770491804	0.05216095380029806	0.6900149031296572	0.03129657228017884	0.014903129657228018	0.822429906542056	0.6756101987789	3.02803738317757	1.6322314049586777	0.0038462386232488823	4.3423235028248586e-05	0.005663189269746647	0.8002980625931445	13.850467289719626	1.788794018737452	3.318869165023011	2.2218045112781954	0.44113263785394935	0.7113286713286714	0.6708783989354951	0.83865279718642	0.13859910581222057	0.91503941743171	641	354	107
24-75	de	6.91764705882353	2.251700680272109	13.677950380152065	11.01561018007203	0.3231292517006803	0.07312925170068027	0.7261904761904762	0.01870748299319728	0.013605442176870748	0.8941176470588236	0.7217431086653774	3.1058823529411765	1.5960591133004927	0.0032254939020408165	4.800401164383562e-05	0.006638139126618389	0.41156462585034015	15.623529411764705	1.7830299226360964	3.514200298953662	2.2837837837837838	0.4268707482993197	0.6969120654396741	0.9511373698175949	0.9176499569093233	0.195578231292517	0.9015705085486955	575	292	85
18-84	de	6.451612903225806	1.7925	8.077629032258066	7.1391596774193555	0.2875	0.0425	0.67	0.0075	0.0075	0.9193548387096774	0.7191852773819986	2.7580645161290325	1.7121212121212122	0.00497834232925	5.4075738918918924e-05	0.009078947368421053	0.2425	13.338709677419354	1.7445457096666772	3.3369565217391304	2.3207547169811322	0.48	0.6459136212624588	-1	-1	0.1975	0.9233626455975757	395	185	62
16-243	de	5.082644628099174	2.4048780487804877	14.769792380568436	12.891354767184037	0.3821138211382114	0.05853658536585366	0.7138211382113822	0.008130081300813009	0.013008130081300813	0.7520661157024794	0.662824675324675	2.446280991735537	1.3700787401574803	0.003147720106178862	4.763578215384615e-05	0.00551860064055186	0.44065040650406506	13.363636363636363	2.009357073947497	3.1765063907486306	2.3323615160349855	0.5008130081300813	0.7242054263565885	0.8467686635732508	1.0286413685070694	0.15121951219512195	0.9356517324189277	594	325	121
12-130	de	6.813432835820896	1.8028477546549835	8.340842310898957	6.230952958101062	0.2617743702081051	0.04271631982475356	0.6593647316538883	0.009857612267250822	0.014238773274917854	0.8059701492537313	0.6343621708283359	3.0	1.7370242214532872	0.00534061355862563	7.249587290167865e-05	0.004490690032858707	0.6944140197152245	13.41044776119403	1.6131311770483368	3.514966740576497	2.310483870967742	0.34063526834611174	0.6537469287469283	0.713480978378725	0.875873187192336	0.21358159912376778	0.8977329683495849	908	417	134
16-105	de	6.806818181818182	1.8096828046744575	8.418916186067694	6.139059933222037	0.27378964941569284	0.05509181969949917	0.6944908180300501	0.01001669449081803	0.005008347245409015	0.8977272727272727	0.711101861101861	2.909090909090909	1.655	0.00525838716494157	6.383931449275363e-05	0.006274825859190605	0.4323873121869783	13.715909090909092	1.5997158152695725	3.3940149625935163	2.3186274509803924	0.38397328881469117	0.6405600000000009	0.6839217715717298	0.8585512202635195	0.21202003338898165	0.8926907451422028	589	276	88
16-92	de	7.151162790697675	1.7235772357723578	7.537164870485917	4.85976384949896	0.2910569105691057	0.03739837398373984	0.6764227642276422	0.004878048780487805	0.008130081300813009	0.9651162790697675	0.7010290620971734	3.2209302325581395	1.5545454545454545	0.004915808466504065	5.349522841328413e-05	0.005273566249176006	0.9121951219512195	13.94186046511628	1.587930486066601	3.3472106577851792	2.2590361445783134	0.3853658536585366	0.6567248062015493	0.7838789262340241	0.9382551109272167	0.183739837398374	0.9081557349819792	612	271	86
18-80	de	6.43298969072165	1.8701923076923077	8.987135210150676	6.4659003634681484	0.2564102564102564	0.060897435897435896	0.6762820512820513	0.003205128205128205	0.009615384615384616	0.865979381443299	0.7003162202380949	2.7216494845360826	1.7303921568627452	0.005679828333974359	6.032682846715328e-05	0.00641025641025641	0.46474358974358976	13.29896907216495	1.7120237008123607	3.3845559845559845	2.3181818181818183	0.3814102564102564	0.6432952380952378	0.6531268599030103	0.7849918724143241	0.17467948717948717	0.9019204509630621	605	274	97
23-49	de	4.849673202614379	2.1819407008086253	12.048272818561387	10.259382879692758	0.3288409703504043	0.07008086253369272	0.7371967654986523	0.013477088948787063	0.004043126684636119	0.7450980392156863	0.6752768978097922	2.3766233766233764	1.5653710247349824	0.003869034252291105	4.4669864397905754e-05	0.004669968031091331	0.7587601078167115	11.519480519480519	1.9249246884542508	3.2643805309734515	2.312997347480106	0.44609164420485176	0.7112597200622081	0.7230600422254376	0.902868961048528	0.16172506738544473	0.9204177524042336	718	382	154
19-88	de	7.788461538461538	1.8296296296296297	9.037129629629632	7.1216011396011405	0.2419753086419753	0.044444444444444446	0.6592592592592592	0.0	0.012345679012345678	0.9615384615384616	0.6716073142543729	3.4615384615384617	1.5923076923076922	0.00430110167308642	6.174261707317074e-05	0.007654320987654321	0.345679012345679	15.134615384615385	1.5419570743583901	3.5596446700507616	2.3225806451612905	0.4024691358024691	0.6241503267973847	-1	-1	0.23950617283950618	0.9049492927229957	403	164	52
12-75	de	6.17910447761194	1.8695652173913044	8.880720311486051	7.259788780734013	0.28743961352657005	0.04106280193236715	0.6956521739130435	0.007246376811594203	0.012077294685990338	0.8656716417910447	0.7053604224058769	2.925373134328358	1.6323529411764706	0.004516543000241546	5.242359301075269e-05	0.007950885668276972	0.5458937198067633	12.686567164179104	1.6905820961791111	3.312064965197216	2.2781954887218046	0.45410628019323673	0.6761904761904747	-1	-1	0.17391304347826086	0.9029329521521413	407	186	67
9-62	de	6.525547445255475	1.9798657718120805	10.317379611032187	8.540601734188998	0.2953020134228188	0.039149888143176735	0.6621923937360179	0.0145413870246085	0.015659955257270694	0.8540145985401459	0.7480003962540723	3.0145985401459856	1.6217105263157894	0.004485457531655481	6.678549347826086e-05	0.0045932695511447475	0.9194630872483222	13.518248175182482	1.6909940984543819	3.410352187833511	2.2992957746478875	0.3333333333333333	0.6363773584905673	0.5710468635694572	0.7041899452434282	0.19463087248322147	0.8857711244966447	880	414	137
22-2	de	7.2125	2.383015597920277	15.342459055459269	13.641207296360486	0.4020797227036395	0.1022530329289428	0.7660311958405546	0.0017331022530329288	0.010398613518197574	0.875	0.6402382473766577	2.9375	1.5142857142857142	0.0031842788488734837	4.506683221884498e-05	0.007289224181873789	0.8249566724436742	18.7375	1.8681697094266028	3.3284671532846715	2.240143369175627	0.4055459272097054	0.6452928870292897	0.7878927258939389	0.796407624175394	0.14211438474870017	0.881976682803325	563	329	80
10-31	de	6.056737588652482	1.8688524590163935	8.824586675967915	6.976866852691548	0.29859484777517564	0.04918032786885246	0.6943793911007026	0.01522248243559719	0.01522248243559719	0.8652482269503546	0.7237874030731168	2.6595744680851063	1.5855263157894737	0.004216678200468385	5.3037256019656024e-05	0.004327461561959067	0.8489461358313818	12.957446808510639	1.6100632031483095	3.340448823207444	2.286089238845144	0.3793911007025761	0.6696953642384115	0.7680671007624985	0.8781101270483124	0.1990632318501171	0.9050172040791512	831	407	141
22-69	de	6.4743589743589745	1.7861386138613862	8.011435643564358	6.497096978928662	0.27524752475247527	0.04356435643564356	0.7386138613861386	0.009900990099009901	0.013861386138613862	0.9102564102564102	0.7225050244721749	2.8076923076923075	1.543010752688172	0.004162467753861386	0.00010647973008849558	0.0062452399086062454	0.44752475247524753	12.26923076923077	1.4557933556921412	3.539731682146543	2.3469387755102042	0.4594059405940594	0.6832512315270931	-1	0.8438066785956309	0.2099009900990099	0.9219038848443921	497	226	78
13-101	de	5.12962962962963	1.97352587244284	9.698160850381068	7.8357306324374925	0.32250300842358604	0.036101083032490974	0.7063778580024067	0.031287605294825514	0.006016847172081829	0.7160493827160493	0.7086745294043428	2.4444444444444446	1.5901639344262295	0.0036417615779783395	6.152058285024155e-05	0.00421179302045728	1.01323706377858	11.290123456790123	1.7871836622789783	3.30343716433942	2.3234567901234566	0.3862815884476534	0.6763934426229502	0.6791277675280201	0.7929822623688622	0.18531889290012032	0.8958318563615371	796	414	162
21-180	de	5.588235294117647	1.8877192982456141	8.864499484004131	6.246493292053664	0.27017543859649124	0.0456140350877193	0.6614035087719298	0.0	0.017543859649122806	0.8235294117647058	0.7207267155286958	2.5	1.6069651741293531	0.004946422266842105	6.1536297265625e-05	0.005624355005159959	0.6754385964912281	11.490196078431373	1.7237818553995026	3.442176870748299	2.2435897435897436	0.356140350877193	0.6275159235668781	0.674616633715088	0.6881806697807492	0.20877192982456141	0.8974886362518668	570	256	102
16-56	de	6.162393162393163	1.9542302357836339	9.873250115580213	8.645643398888058	0.31622746185852985	0.036061026352288486	0.6920943134535368	0.009708737864077669	0.012482662968099861	0.7948717948717948	0.6408999764603215	2.965811965811966	1.4924242424242424	0.004657951556865465	7.06724696531792e-05	0.005023053566742887	0.5339805825242718	12.606837606837606	1.6933895855579244	3.480769230769231	2.479338842975207	0.4119278779472954	0.6941479099678465	0.710371611576578	0.9785655892657246	0.17337031900138697	0.9121311277586613	707	346	117
7-76	de	6.3625	1.9548133595284873	9.958172642436153	6.862758919449904	0.4223968565815324	0.03536345776031434	0.7269155206286837	0.0019646365422396855	0.009823182711198428	0.8375	0.7020388056966611	2.635294117647059	1.5631067961165048	0.00434632341237721	2.900805643939394e-05	0.007905323229488259	1.1984282907662083	14.117647058823529	1.6861110093099592	3.1166253101736974	2.4153225806451615	0.37328094302554027	0.5973658536585357	-1	0.7107063067826016	0.14341846758349705	0.8644773251041905	496	264	85
21-209	de	6.198019801980198	1.9105431309904153	9.371636668459178	7.959328080220162	0.3258785942492013	0.039936102236421724	0.694888178913738	0.01597444089456869	0.011182108626198083	0.8118811881188119	0.6747216950576085	2.9705882352941178	1.5291666666666666	0.005556427662340576	6.196644967105263e-05	0.005286779248440589	0.8785942492012779	12.862745098039216	1.6358162534633123	3.410179640718563	2.230088495575221	0.40415335463258784	0.6528652751423134	0.9629070961283175	0.8901873079740233	0.1757188498402556	0.907357122751882	610	304	102
10-38	de	7.405063291139241	2.0136752136752136	11.059342204911825	8.203998377150276	0.305982905982906	0.04957264957264957	0.6735042735042736	0.0547008547008547	0.010256410256410256	0.9240506329113924	0.6889665804853942	3.1392405063291138	1.8350515463917525	0.004910370315726496	5.8174621292775665e-05	0.007058174800110284	0.5606837606837607	16.0126582278481	1.7351184280964427	3.337042925278219	2.026315789473684	0.40341880341880343	0.6562962962962963	0.6508909386710049	0.7264667496519395	0.15042735042735042	0.8956020522692416	554	263	79
21-105	de	7.28421052631579	1.9783236994219653	10.595061758442348	9.263425780346822	0.3439306358381503	0.06213872832369942	0.7471098265895953	0.005780346820809248	0.01300578034682081	0.8947368421052632	0.7150230166639121	2.863157894736842	1.6160337552742616	0.0043408236219653175	5.481887513513514e-05	0.004752729608220937	0.8771676300578035	17.273684210526316	1.6293807618663598	3.2814407814407813	2.331460674157303	0.4031791907514451	0.6720573355817889	0.7153477819317867	0.8510300983332169	0.16329479768786126	0.900967863499804	664	370	95
10-96	de	7.115384615384615	1.9189189189189189	9.828243243243243	7.775178794178794	0.3081081081081081	0.04864864864864865	0.6675675675675675	0.016216216216216217	0.0	0.9038461538461539	0.6930273301403335	3.0576923076923075	1.72	0.005115753234594595	4.678692235294117e-05	0.007545045045045045	0.4027027027027027	14.98076923076923	1.6489937611276027	3.385897435897436	2.282258064516129	0.4864864864864865	0.6522140221402205	-1	-1	0.17027027027027028	0.9353990627974175	365	170	52
18-43	de	6.362745098039215	1.9969183359013867	10.455106951871656	8.102626018912959	0.3235747303543914	0.03389830508474576	0.6841294298921418	0.01386748844375963	0.020030816640986132	0.8921568627450981	0.7327292894124577	2.8823529411764706	1.573394495412844	0.005110939234514638	5.469516282051282e-05	0.0061633281972265025	0.662557781201849	13.627450980392156	1.6880123824976767	3.43509272467903	2.331932773109244	0.37596302003081666	0.654127272727272	0.8526684979608428	0.8835758765919631	0.20184899845916796	0.8901244908252223	637	312	102
15-5	de	6.793103448275862	2.045685279187817	11.198396639243828	8.218725678277615	0.27411167512690354	0.06091370558375635	0.7106598984771574	0.005076142131979695	0.005076142131979695	0.9655172413793104	0.7071145124716555	2.9310344827586206	1.6164383561643836	0.004433952697461929	4.729646e-05	0.01661282879556991	0.25380710659898476	13.137931034482758	1.580444842513808	3.6840731070496084	2.2884615384615383	0.5177664974619289	0.6406122448979592	-1	-1	0.19796954314720813	0.9135661650932877	197	90	29
18-108	de	7.390625	1.809725158562368	8.647100621035943	5.777139561310784	0.2727272727272727	0.03805496828752643	0.7082452431289641	0.0	0.010570824524312896	0.96875	0.7833785262356687	3.3125	1.4938271604938271	0.004616555843340381	6.953900913461539e-05	0.007953287023054464	0.24101479915433405	14.515625	1.5467712281590957	3.439312567132116	2.3260869565217392	0.4376321353065539	0.6551069518716572	-1	0.8684205975069893	0.1839323467230444	0.9190144791834296	471	208	64
16-227	de	7.661764705882353	1.8598848368522074	9.344729310150168	6.79474187648188	0.2648752399232246	0.04798464491362764	0.6641074856046065	0.013435700575815739	0.015355086372360844	0.8676470588235294	0.6592853870838944	3.2794117647058822	1.6136363636363635	0.004675583923416507	8.200834174311927e-05	0.007037747920665386	0.2744721689059501	15.382352941176471	1.7231769720091519	3.5056925996204935	2.392523364485981	0.43378119001919385	0.6423696682464445	1.151500380844971	0.9614922049228734	0.21113243761996162	0.920388448649485	505	218	68
12-125	de	7.253846153846154	1.7932131495227996	8.398915164369036	7.2647571808467255	0.2735949098621421	0.03499469777306469	0.7136797454931071	0.03817603393425239	0.016967126193001062	0.9461538461538461	0.7737488394465134	3.123076923076923	1.6909722222222223	0.004628917699575822	6.34323214797136e-05	0.004171085189112761	0.9034994697773064	15.038461538461538	1.598377639566911	3.3824884792626726	2.035377358490566	0.33828207847295866	0.6652606635071119	0.5849757793202092	0.7551385838371303	0.19724284199363734	0.8917870445064973	896	419	130
21-58	de	6.684684684684685	1.7641509433962264	7.834008159102499	5.762059333187636	0.25471698113207547	0.05121293800539083	0.6549865229110512	0.018867924528301886	0.013477088948787063	0.8828828828828829	0.7116639376666113	2.7927927927927927	1.8136363636363637	0.004903662833827493	7.139799171779142e-05	0.005912529345274324	0.40700808625336926	12.846846846846846	1.4915734783381842	3.529658060013957	2.3140794223826715	0.36522911051212936	0.6275272161741847	0.6800677214594846	0.8662718408425694	0.215633423180593	0.894460259350817	723	326	111
5-42	de	5.471698113207547	2.0206896551724136	10.388100195185427	8.404488614183476	0.30689655172413793	0.08620689655172414	0.7517241379310344	0.0034482758620689655	0.010344827586206896	0.8490566037735849	0.7024489399489402	2.490566037735849	1.607843137254902	0.004858225987931035	5.817928797468354e-05	0.013262599469496022	0.1724137931034483	11.735849056603774	1.6085061165249845	3.359621451104101	2.4608695652173913	0.5206896551724138	0.64193717277487	-1	-1	0.18275862068965518	0.9173933267114303	286	158	53
21-40	de	7.35632183908046	1.9109375	9.82802801724138	7.159961386494254	0.28125	0.040625	0.6640625	0.0140625	0.0109375	0.9195402298850575	0.6738477930338395	3.310344827586207	1.6901408450704225	0.0045787946785937495	6.180160138408305e-05	0.006138392857142857	0.428125	15.551724137931034	1.6563185696806386	3.3153618906942395	2.289719626168224	0.39375	0.6399075785582258	0.7611814665823659	0.8369926886914605	0.1828125	0.9164429607435826	628	289	87
10-88	de	6.625	1.990566037735849	10.482429245283019	8.074649685534592	0.3081761006289308	0.031446540880503145	0.6540880503144654	0.0031446540880503146	0.0031446540880503146	0.8958333333333334	0.7496329616010468	2.9166666666666665	1.6018518518518519	0.004984175347484277	4.232061081081081e-05	0.009853249475890986	0.20440251572327045	14.479166666666666	1.7048429311916153	3.2665726375176303	2.2967032967032965	0.5094339622641509	0.6836073059360738	-1	-1	0.16666666666666666	0.9313113182306263	315	148	48
16-136	de	6.301369863013699	1.9184782608695652	9.505577724836211	7.81763251935676	0.33804347826086956	0.05326086956521739	0.691304347826087	0.003260869565217391	0.003260869565217391	0.9178082191780822	0.7267362872113587	2.958904109589041	1.5591715976331362	0.005287838342173913	6.0871573378076064e-05	0.004071146245059289	1.2315217391304347	13.123287671232877	1.63809945296615	3.3600206611570247	2.2650602409638556	0.3641304347826087	0.6826431181485982	0.7577085975231245	0.837298605444197	0.14673913043478262	0.9027997439452439	889	447	146
6-28	de	6.323076923076923	1.9610705596107056	10.016632603406329	8.407522597791502	0.2895377128953771	0.0413625304136253	0.6618004866180048	0.0024330900243309003	0.0024330900243309003	0.9230769230769231	0.6989235157203907	2.9076923076923076	1.6714285714285715	0.004825712990024331	4.357415927835052e-05	0.007096512570965125	0.48418491484184917	13.984615384615385	1.6985925537509248	3.3099671412924425	2.4125	0.43795620437956206	0.6499679487179484	-1	-1	0.2141119221411192	0.9225404818465708	408	194	65
24-56	de	6.967032967032967	1.9794952681388012	10.485187021180714	8.952143432592646	0.3943217665615142	0.03943217665615142	0.7902208201892744	0.02050473186119874	0.012618296529968454	0.9010989010989011	0.7344838367877581	2.8461538461538463	1.5714285714285714	0.0029356192735045966	6.126596666666667e-05	0.005165615141955835	0.3943217665615142	15.362637362637363	1.804177383777799	3.3915533285612027	2.100840336134454	0.5047318611987381	0.6944299065420554	1.2804795454496527	0.9929825356927473	0.1640378548895899	0.924782137704973	609	363	91
16-1	de	7.366666666666666	2.125188536953243	12.36022473604827	9.361819788838613	0.3453996983408748	0.058823529411764705	0.6998491704374057	0.01809954751131222	0.010558069381598794	0.9	0.7015567343723326	3.2666666666666666	1.5663716814159292	0.0038206732330316744	6.70937154340836e-05	0.004682001005530417	1.0784313725490196	16.288888888888888	1.8240901011613087	3.420516304347826	2.272222222222222	0.4177978883861237	0.6940602836879428	0.5258421602865646	0.6779688879663343	0.1583710407239819	0.9104416751037689	620	311	90
21-348	de	6.412371134020619	1.8938906752411575	9.2587347101137	6.497534305698281	0.28938906752411575	0.05305466237942122	0.7057877813504824	0.01929260450160772	0.008038585209003215	0.8865979381443299	0.7434715747215747	2.7551020408163267	1.735	0.004357163841157557	5.695434366197183e-05	0.005964111606679805	0.40836012861736337	12.938775510204081	1.653084397664126	3.4776470588235293	2.312741312741313	0.4212218649517685	0.6702103250478008	0.8125841228303151	0.937849395798567	0.1832797427652733	0.9142874008936356	607	284	98
1-65	de	6.573643410852713	1.8478773584905661	8.778673760421242	8.034313649992686	0.2830188679245283	0.055424528301886794	0.6945754716981132	0.00589622641509434	0.01650943396226415	0.8604651162790697	0.6696032802632309	2.7286821705426356	1.6728624535315986	0.004423126281367925	7.117391083123425e-05	0.0050798258345428155	0.6733490566037735	14.046511627906977	1.6895010915330013	3.4183222958057393	2.3333333333333335	0.3313679245283019	0.6424699599465971	0.9031582242870663	0.9724072827360842	0.18396226415094338	0.8786014966429446	825	397	129
21-93	de	7.3984375	1.8426610348468848	9.038790836193243	7.497826564149948	0.28827877507919747	0.044350580781414996	0.6832101372756072	0.03907074973600845	0.023231256599788808	0.90625	0.7111563271111911	3.3359375	1.8035087719298246	0.0036310596959239706	6.76970638051044e-05	0.004660024792250125	0.7856388595564942	15.1796875	1.7090415286009752	3.396207073295746	2.059748427672956	0.3252375923970433	0.6307193396226425	0.7258346143788319	0.882651751263521	0.18690601900739176	0.8822556495831473	910	431	128
24-81	de	7.769230769230769	2.103960396039604	12.266732673267331	10.613520335110433	0.39851485148514854	0.06930693069306931	0.7648514851485149	0.054455445544554455	0.0049504950495049506	0.9038461538461539	0.70577618026861	2.981818181818182	1.653061224489796	0.003040506949914605	5.661351659192825e-05	0.009900990099009901	0.3316831683168317	17.69090909090909	1.836817642750657	3.215605749486653	2.096654275092937	0.5297029702970297	0.683508196721312	-1	1.077894257014681	0.1485148514851485	0.9165285045610859	372	223	55
24-125	de	7.269230769230769	1.687830687830688	7.161402116402119	4.889410093610094	0.30687830687830686	0.031746031746031744	0.6613756613756614	0.021164021164021163	0.0	0.8461538461538461	0.7718980823098469	2.730769230769231	1.703125	0.004649165529100529	0.00011581978823529412	0.018518518518518517	0.12169312169312169	13.884615384615385	2.095334416714507	3.46927374301676	2.13953488372093	0.4973544973544973	0.5862222222222223	-1	-1	0.19576719576719576	0.9020138997807031	187	85	26
23-63	de	7.431034482758621	1.877030162412993	9.457059364749181	7.091482886630931	0.27842227378190254	0.05104408352668213	0.6937354988399071	0.004640371229698376	0.013921113689095127	0.9482758620689655	0.7365325464009677	3.0	1.5694444444444444	0.005062208024361949	5.508069086021505e-05	0.009280742459396751	0.20185614849187936	15.672413793103448	1.677176011449258	3.269613259668508	2.1333333333333333	0.40835266821345706	0.6133132530120494	-1	-1	0.16937354988399073	0.9063199470075244	419	186	58
12-96	de	7.329670329670329	1.712143928035982	7.47186977939602	5.7168926932138335	0.239880059970015	0.053973013493253376	0.6356821589205397	0.005997001499250375	0.004497751124437781	0.945054945054945	0.7105340483771856	3.141304347826087	1.797029702970297	0.00469217858035982	7.872540392857143e-05	0.007710430499036197	0.22638680659670166	13.021739130434783	1.4818016316517066	3.684558216350124	2.2797619047619047	0.3613193403298351	0.6083978873239454	0.7245213219234433	0.8484653530530297	0.2143928035982009	0.8973264596258317	662	280	92
22-27	de	5.85	1.8269230769230769	8.249192307692311	6.26837641025641	0.2948717948717949	0.03632478632478633	0.717948717948718	0.00641025641025641	0.03632478632478633	0.75	0.6849400248134423	2.625	1.377906976744186	0.0037909953873931624	6.438866958525346e-05	0.00873281308063917	0.4551282051282051	11.2125	1.4819518611870586	3.5835164835164837	2.402684563758389	0.4017094017094017	0.6581300813008122	-1	0.684019387504638	0.2264957264957265	0.8929577516143083	468	217	80
18-60	de	7.245283018867925	2.1015625	12.034097877358494	9.939874862421384	0.3984375	0.04296875	0.7044270833333334	0.0078125	0.006510416666666667	0.8962264150943396	0.7225293208242516	3.1454545454545455	1.5	0.003610703780338542	5.417200345679013e-05	0.0044921875	1.6692708333333333	16.98181818181818	1.6831947162435597	3.207116303770579	2.2736077481840193	0.4166666666666667	0.6772795216741402	0.6960603293043574	0.8511002041561475	0.125	0.9107533303037895	726	405	110
16-117	de	5.895833333333333	1.9587750294464075	9.822920347467612	7.638368727915195	0.336866902237927	0.048292108362779744	0.7043580683156655	0.009422850412249705	0.01060070671378092	0.8125	0.7098978384611866	2.7777777777777777	1.5448504983388704	0.004614960706242639	4.6858488249400475e-05	0.004434282546941038	1.131919905771496	12.756944444444445	1.6614081832065901	3.289924973204716	2.310850439882698	0.37338044758539457	0.6743333333333372	0.8073164729775479	0.8827982869276976	0.17196702002355713	0.9049407406805385	838	417	144
11-19	de	6.328571428571428	1.8600451467268624	8.826675588519837	6.77074436633344	0.24153498871331827	0.04288939051918736	0.7065462753950339	0.0	0.01580135440180587	0.8571428571428571	0.6984787945785389	2.6285714285714286	1.7	0.004282507729345373	0.00011197396974358974	0.00965638324554803	0.24379232505643342	11.871428571428572	1.4912263034891295	3.66	2.3865546218487395	0.3837471783295711	0.6063662790697689	-1	-1	0.23024830699774265	0.8807872725114367	442	195	70
2-20	de	5.8979591836734695	1.9134948096885813	9.289442835957914	8.630446733987712	0.28027681660899656	0.04152249134948097	0.726643598615917	0.0	0.02422145328719723	0.8163265306122449	0.7361164876789877	2.63265306122449	1.5510204081632653	0.004141978010726644	5.861616861313869e-05	0.014107000266169815	0.2179930795847751	11.775510204081632	1.5403822278688013	3.5309278350515463	2.317757009345794	0.43944636678200694	0.5954736842105258	-1	-1	0.17993079584775087	0.8828907037119337	285	137	49
2-3	de	6.74468085106383	1.8138801261829653	8.444211020873887	6.8939514374566535	0.24395373291272346	0.04416403785488959	0.704521556256572	0.027339642481598318	0.010515247108307046	0.9078014184397163	0.7398601200386915	2.645390070921986	1.6295081967213114	0.004600981824776866	6.429013529411765e-05	0.00644482887283335	0.31650893796004204	13.26241134751773	1.4904811170307515	3.472521551724138	2.0658227848101265	0.29232386961093587	0.5978051643192472	0.5794156949345707	0.6756374260324997	0.20084121976866456	0.8662652581107237	922	391	141
19-112	de	6.206521739130435	1.926444833625219	9.562592515038457	7.630558806061069	0.30998248686514884	0.04203152364273205	0.7040280210157618	0.0035026269702276708	0.017513134851138354	0.8260869565217391	0.771253502297458	2.7065217391304346	1.5365853658536586	0.0051305337199649735	4.295625190839695e-05	0.005975069537447203	0.7600700525394045	13.152173913043478	1.9647259632371188	3.4418796372629843	2.3502304147465436	0.39404553415061294	0.6837711864406769	0.6788017841673379	0.8310886858227526	0.1733800350262697	0.9033991912667515	559	262	92
13-67	de	6.980769230769231	1.9338842975206612	9.952334710743802	8.218135028607755	0.2975206611570248	0.0743801652892562	0.7134986225895317	0.0027548209366391185	0.013774104683195593	0.8461538461538461	0.7238942056142931	2.8461538461538463	1.640625	0.004231392639669421	3.8519163855421685e-05	0.011806375442739079	0.18732782369146006	15.365384615384615	1.8270564512787362	3.212792127921279	2.3220338983050848	0.44077134986225897	0.6339393939393947	-1	-1	0.1652892561983471	0.915912052409163	345	166	52
13-65	de	6.3924050632911396	1.80990099009901	8.259869657851866	6.544423987968417	0.27722772277227725	0.0594059405940594	0.7128712871287128	0.009900990099009901	0.0	0.810126582278481	0.7424176701043215	2.5949367088607596	1.6214689265536724	0.00507675576663604	5.3745853813559325e-05	0.008754559666492965	0.22574257425742575	13.962025316455696	1.907575839845993	3.256549232158988	2.2576687116564416	0.37425742574257426	0.5953940886699507	-1	1.0157205020192015	0.17227722772277226	0.8865915458823106	498	236	79
15-17	de	6.946428571428571	2.069408740359897	11.538130279103928	9.236854168196844	0.2827763496143959	0.07712082262210797	0.7017994858611826	0.002570694087403599	0.002570694087403599	0.9285714285714286	0.6934415584415585	2.9642857142857144	1.734375	0.004417845938560412	4.8756458139534887e-05	0.00757678257340008	0.2365038560411311	15.714285714285714	1.7488573008641561	3.3374858437146093	2.2962962962962963	0.4832904884318766	0.6849310344827577	-1	-1	0.20822622107969152	0.930062531265839	372	172	56
22-41	de	7.371428571428571	1.936046511627907	10.130205980066446	7.8334912292358805	0.18604651162790697	0.05813953488372093	0.7945736434108527	0.003875968992248062	0.007751937984496124	0.9285714285714286	0.686195286195286	2.8857142857142857	1.4529411764705882	0.003669440676356589	9.282109691629955e-05	0.005167958656330749	0.1569767441860465	14.285714285714286	1.5301500656003761	3.676028084252758	2.189189189189189	0.4418604651162791	0.6750839328537168	1.051153480395443	0.8321367466758334	0.20736434108527133	0.9308576099276197	514	227	70
21-88	de	5.306666666666667	1.9773869346733668	9.812765829145732	8.213254566164155	0.34045226130653267	0.08793969849246232	0.707286432160804	0.035175879396984924	0.01507537688442211	0.7066666666666667	0.6877369769743072	2.4210526315789473	1.6950354609929077	0.00410240441017588	6.097795333333333e-05	0.0056951423785594636	0.8128140703517588	11.93421052631579	1.7104802965294013	3.2144385026737967	2.282051282051282	0.35050251256281406	0.6284505021520801	0.9943017879158612	0.9853542117090177	0.1306532663316583	0.867509318316626	746	375	152
16-209	de	6.345454545454546	1.839541547277937	8.59131753060693	7.567507277936961	0.25501432664756446	0.034383954154727794	0.7363896848137536	0.0	0.008595988538681949	0.8363636363636363	0.6484949207171431	2.6	1.5203252032520325	0.004050505912893983	7.602834140127388e-05	0.010207736389684814	0.1833810888252149	11.981818181818182	1.6518471175289358	3.5856929955290613	2.4074074074074074	0.41260744985673353	0.6348800000000008	-1	-1	0.2148997134670487	0.8763056562947475	346	157	55
24-32	de	6.923076923076923	1.8736111111111111	9.218611111111112	8.203219017094018	0.31527777777777777	0.08611111111111111	0.7527777777777778	0.019444444444444445	0.013888888888888888	0.8461538461538461	0.7622670692164815	2.8666666666666667	1.6751054852320675	0.0039582519327247545	5.1657291208791216e-05	0.00436046511627907	0.5222222222222223	14.542857142857143	1.7274686258231438	3.3963730569948187	2.072992700729927	0.4222222222222222	0.6778260869565232	0.8895826411402412	0.8605350049331688	0.1527777777777778	0.9075323882672915	688	364	105
21-299	de	5.74468085106383	1.988888888888889	10.119314420803786	7.629288416075649	0.29259259259259257	0.07777777777777778	0.6555555555555556	0.007407407407407408	0.007407407407407408	0.9148936170212766	0.6862185519794216	2.6595744680851063	1.9642857142857142	0.005337941297407407	6.469623333333333e-05	0.012222222222222223	0.1	11.97872340425532	1.6747096874756449	3.489547038327526	2.4864864864864864	0.5481481481481482	0.6732163742690055	-1	-1	0.1814814814814815	0.9483637606357218	269	138	47
21-211	de	5.228070175438597	2.2114093959731544	12.543578240904278	10.234066219239372	0.39932885906040266	0.07046979865771812	0.7214765100671141	0.003355704697986577	0.013422818791946308	0.7017543859649122	0.6822456065759637	2.4210526315789473	1.7017543859649122	0.003635069412751678	4.443124223602484e-05	0.009072831220482228	0.7818791946308725	11.298245614035087	1.906098563504462	3.5714285714285716	2.5	0.5469798657718121	0.7011557788944719	-1	-1	0.1342281879194631	0.9285816542784666	295	161	57
5-119	de	6.575757575757576	1.6359447004608294	6.278692919983243	4.447600307219663	0.19815668202764977	0.03225806451612903	0.7373271889400922	0.004608294930875576	0.018433179723502304	0.9393939393939394	0.7110347985347987	2.484848484848485	1.4647887323943662	0.004172784232718894	8.619186633663366e-05	0.024884792626728113	0.03225806451612903	11.606060606060606	1.3514178903884788	3.5729166666666665	2.373134328358209	0.4930875576036866	0.5903389830508472	-1	-1	0.2304147465437788	0.897730560073701	217	101	33
8-73	de	8.066666666666666	1.7975206611570247	8.766743801652893	6.011556584022039	0.23553719008264462	0.03305785123966942	0.6363636363636364	0.0	0.004132231404958678	1.0	0.768764473074818	3.3333333333333335	1.8	0.0044320514603305786	6.313341272727273e-05	0.016012396694214878	0.10743801652892562	16.266666666666666	1.7201369585580113	3.4291581108829567	2.310344827586207	0.47107438016528924	0.6216083916083908	-1	-1	0.2066115702479339	0.9127704207365829	241	110	30
22-39	de	6.818965517241379	1.9469026548672566	10.042847879157769	7.384991970007411	0.23893805309734514	0.0493046776232617	0.7496839443742098	0.0050568900126422255	0.018963337547408345	0.9051724137931034	0.6889948819296645	2.9655172413793105	1.4911660777385158	0.003682600887484197	0.00010211210968660969	0.003663003663003663	0.5979772439949431	13.698275862068966	1.7246064519771418	3.5538847117794488	2.3385579937304075	0.3944374209860936	0.6839595375722544	0.7161699048748454	0.8658726526112919	0.20480404551201012	0.923365201444727	778	351	116
12-137	de	7.2	1.625	6.393000000000001	4.3583677777777785	0.24722222222222223	0.027777777777777776	0.6333333333333333	0.002777777777777778	0.011111111111111112	0.94	0.6869467267426455	2.96	1.7407407407407407	0.006507670769166666	6.81554761589404e-05	0.01	0.2	13.56	1.4200144022644023	3.4587020648967552	2.2416666666666667	0.37222222222222223	0.5347892720306516	-1	-1	0.19444444444444445	0.885470095546954	358	151	50
23-61	de	7.31	2.307797537619699	14.492910943912449	11.761664284541723	0.3816689466484268	0.1121751025991792	0.7455540355677155	0.024623803009575923	0.01094391244870041	0.87	0.7434771207498477	2.79	2.03862660944206	0.003712857373871409	4.072634219512195e-05	0.005174567299113781	0.9740082079343365	18.82	1.9248626208064068	3.2279874213836477	2.3653846153846154	0.4322845417236662	0.6929746835443035	0.9366096039872941	0.9263579068857213	0.12311901504787962	0.9067783587673477	709	410	100
19-74	de	6.547826086956522	1.9110225763612219	9.513718574975464	8.081323746174721	0.3545816733067729	0.02257636122177955	0.7649402390438247	0.01859229747675963	0.02390438247011952	0.7565217391304347	0.5980518836968362	2.572649572649573	1.3793103448275863	0.003688850854183267	5.892812488038277e-05	0.006401743453536281	0.7091633466135459	15.188034188034187	1.733112644217252	3.204104270660011	2.2945544554455446	0.35325365205843295	0.617691131498469	0.6693936301674648	0.8791331443411736	0.17928286852589642	0.8786879667096587	733	418	117
1-8	de	3.9397590361445785	2.1559633027522938	11.386872996573455	11.29369712980362	0.42048929663608564	0.06880733944954129	0.7599388379204893	0.0030581039755351682	0.012232415902140673	0.572289156626506	0.6822224913134004	2.0115606936416186	1.4033898305084747	0.0024675209695718655	3.946938230769231e-05	0.005042618257531395	0.7935779816513762	10.242774566473988	1.8445438595557602	3.040827436037017	2.243119266055046	0.4785932721712538	0.6826486486486514	0.8546070738821037	0.9262483675804677	0.16055045871559634	0.9254651551988543	632	390	173
14-8	de	5.3428571428571425	1.9625668449197862	9.652003055767764	7.488860473644005	0.2887700534759358	0.06417112299465241	0.6987522281639929	0.0196078431372549	0.0427807486631016	0.7714285714285715	0.7345337888607119	2.3333333333333335	1.6538461538461537	0.0046549264923351165	5.692326311787072e-05	0.00689245395127748	0.5793226381461676	11.838095238095239	1.8128847195443833	3.2893685051958435	2.364485981308411	0.3868092691622103	0.6580519480519464	0.44187164143276925	0.7738386491072733	0.17647058823529413	0.8956020522692416	538	263	105
24-62	de	7.463636363636364	1.9476248477466505	10.302791385228659	8.729265919610233	0.3848964677222899	0.0438489646772229	0.7503045066991474	0.048721071863580996	0.007308160779537149	0.8636363636363636	0.6946789581414333	3.099099099099099	1.7615384615384615	0.0032792956322411694	5.745394798206278e-05	0.004745229395046691	0.6029232643118149	15.711711711711711	1.6649356741748047	3.4331612162937466	2.1405152224824358	0.46163215590742995	0.6766066481994475	1.2480761787181716	1.0371101894379602	0.15712545676004872	0.9183321175402822	771	446	111
16-220	de	6.308411214953271	1.7022222222222223	6.956502596054001	7.110195984769817	0.4014814814814815	0.045925925925925926	0.7407407407407407	0.06962962962962962	0.005925925925925926	0.6822429906542056	0.6884741466574887	2.8055555555555554	1.5353159851301115	0.00262973934962963	7.090501481481482e-05	0.005555555555555555	1.0207407407407407	15.962962962962964	1.9304639170955857	2.805414551607445	1.919315403422983	0.4148148148148148	0.6464756944444431	1.0840300358759134	0.954714574120517	0.1111111111111111	0.8969959167543459	518	243	108
24-100	de	7.655172413793103	1.7297297297297298	7.806328052190121	4.845034917676298	0.2972972972972973	0.02702702702702703	0.7162162162162162	0.0	0.0045045045045045045	1.0	0.7044039119144161	3.206896551724138	1.5	0.004710861787387387	8.591750283018868e-05	0.012474012474012473	0.20270270270270271	14.758620689655173	1.4619926050960532	3.553240740740741	2.423076923076923	0.509009009009009	0.586585365853659	-1	-1	0.18018018018018017	0.920020472995007	221	106	29
1-77	de	6.756756756756757	2.0733333333333333	11.51046846846847	9.290596396396397	0.2786666666666667	0.10133333333333333	0.672	0.008	0.009333333333333334	0.8828828828828829	0.7150880365920474	2.864864864864865	1.8672199170124482	0.0038666268122666664	6.102575694822888e-05	0.004699999999999999	0.5733333333333334	15.09009009009009	1.7422937905523046	3.407473309608541	2.4133738601823707	0.37866666666666665	0.6619047619047639	0.7144084932386863	0.8692960646163068	0.164	0.8929172664162577	731	367	111
19-99	de	5.97196261682243	2.0062597809076683	10.412930835271236	8.317596656574965	0.3082942097026604	0.03599374021909233	0.7057902973395931	0.006259780907668232	0.017214397496087636	0.8691588785046729	0.7710344948552494	2.8425925925925926	1.5176991150442478	0.004510029034741785	4.7410911400651463e-05	0.005577625295935156	0.9139280125195618	13.018518518518519	2.0413570717288034	3.375	2.4130434782608696	0.39123630672926446	0.670555555555555	0.7211232657771512	0.8220912546522018	0.18622848200312989	0.8988355730222034	627	307	108
23-36	de	6.851239669421488	1.8178528347406513	8.532646921014067	7.024942230507732	0.29674306393244876	0.054282267792521106	0.6791314837153196	0.012062726176115802	0.013268998793727383	0.9090909090909091	0.7250524359899357	2.9834710743801653	1.6445993031358885	0.004654677596019301	7.41679522546419e-05	0.004106459974847932	0.9071170084439083	15.074380165289256	1.6436759878336558	3.3267651888341545	2.3734939759036147	0.3823884197828709	0.6739315068493148	0.7317866155375945	0.8957241361125848	0.18214716525934863	0.9061119757925167	790	377	121
5-115	de	6.368421052631579	1.640495867768595	6.251535450195739	4.337568595041322	0.22727272727272727	0.0371900826446281	0.6694214876033058	0.008264462809917356	0.02066115702479339	1.0	0.736776061776062	2.526315789473684	1.8028169014084507	0.005902439418595041	7.488787788461539e-05	0.015702479338842976	0.1322314049586777	11.973684210526315	1.5762557617820776	3.4911894273127753	2.210526315789474	0.4669421487603306	0.5848251748251748	-1	-1	0.1859504132231405	0.9020891722961958	242	104	38
13-56	de	4.598726114649682	2.07202216066482	10.653364680558255	10.008546895566106	0.3670360110803324	0.06371191135734072	0.7340720221606648	0.0013850415512465374	0.006925207756232687	0.7452229299363057	0.6966045172775943	2.4140127388535033	1.4716312056737588	0.003776768710941828	3.5362974102564105e-05	0.006762261691380154	0.6786703601108033	10.751592356687897	1.7810318090385533	3.1934745277618775	2.4084084084084085	0.37950138504155123	0.6856500802568214	0.5745529228730714	0.7936599034079763	0.16204986149584488	0.8880635355150942	709	390	157
14-15	de	10.75	1.9186046511627908	11.242034883720933	6.204725581395349	0.26744186046511625	0.03488372093023256	0.7325581395348837	0.0	0.03488372093023256	1.0	0.7701465201465202	4.25	1.6296296296296295	0.005900232	9.285577142857143e-05	0.03255813953488372	0.08139534883720931	19.375	1.4289148351648353	3.735483870967742	2.142857142857143	0.5232558139534884	0.5232558139534884	-1	-1	0.1511627906976744	0.8563219085919834	86	35	8
20-12	de	6.420634920634921	1.7935723114956736	8.078200894696568	7.955291592599133	0.3683559950556242	0.048207663782447466	0.7515451174289246	0.07787391841779975	0.00865265760197775	0.8015873015873016	0.7193866390919017	2.7874015748031495	1.560553633217993	0.0029645104635352285	4.784002517321016e-05	0.004742564516535909	0.8665018541409147	14.456692913385826	1.5644484789416135	3.086673889490791	2.0926573426573425	0.43139678615574784	0.6729295774647869	0.8777058892039079	0.9324365324429559	0.14709517923362175	0.9055189783502615	730	433	127
3-28	de	8.62962962962963	2.0643776824034337	12.135212207916076	9.292895533301541	0.30472103004291845	0.05150214592274678	0.721030042918455	0.008583690987124463	0.0	1.0	0.6782259407259408	3.740740740740741	1.5227272727272727	0.005738862017596567	6.1007871296296296e-05	0.03111587982832618	0.02575107296137339	17.814814814814813	1.6787600562110367	3.5073068893528183	2.1166666666666667	0.5321888412017167	0.6520895522388058	-1	-1	0.15450643776824036	0.9192534092744216	231	108	27
7-9	de	5.105769230769231	2.225988700564972	12.66791666666667	10.793957685064466	0.3804143126177024	0.07532956685499058	0.7288135593220338	0.003766478342749529	0.015065913370998116	0.7884615384615384	0.7055466378281915	2.560747663551402	1.5245098039215685	0.003338899584557439	4.3155718181818184e-05	0.0065913370998116755	0.992467043314501	12.046728971962617	1.9512641780165143	3.2004538577912256	2.2771929824561403	0.4632768361581921	0.7292592592592593	0.28508809411266917	0.7186356937530555	0.15065913370998116	0.9121398106244268	508	286	107
24-96	de	6.7272727272727275	1.6486486486486487	6.48769041769042	5.21094864864865	0.19594594594594594	0.02702702702702703	0.7364864864864865	0.013513513513513514	0.006756756756756757	1.0	0.6505540755540755	2.6818181818181817	1.462962962962963	0.004427063871621621	5.934088333333333e-05	0.014864864864864867	0.013513513513513514	12.545454545454545	1.4650531286894923	3.4480286738351253	2.2083333333333335	0.5608108108108109	0.6487755102040818	-1	-1	0.21621621621621623	0.9297367214508081	146	60	22
16-242	de	5.401408450704225	2.411994784876141	14.978087757313112	12.729666992305857	0.3833116036505867	0.054758800521512385	0.7340286831812256	0.003911342894393742	0.010430247718383311	0.6267605633802817	0.6646484425739744	2.6267605633802815	1.4342105263157894	0.003389508704041721	4.0909573012048195e-05	0.004960727573377429	0.5840938722294654	13.514084507042254	2.0639393837649775	3.1786976274608785	2.440633245382586	0.4576271186440678	0.6950449101796388	0.9855705236547782	0.9769530812001221	0.1694915254237288	0.923703920625751	742	415	142
2-8	de	8.228571428571428	1.7951388888888888	8.801781746031747	7.371754642857143	0.2638888888888889	0.027777777777777776	0.6388888888888888	0.003472222222222222	0.003472222222222222	0.9428571428571428	0.7185079059524299	2.8857142857142857	1.7777777777777777	0.0058511732375	4.3484664566929135e-05	0.01488095238095238	0.2569444444444444	17.142857142857142	1.7068911445492605	3.254606365159129	2.2615384615384615	0.3993055555555556	0.5469841269841275	-1	-1	0.16666666666666666	0.8585306490299242	287	127	35
14-61	de	6.798507462686567	1.9747530186608122	10.363503530645346	8.083697275423104	0.3205268935236004	0.043907793633369926	0.6838638858397366	0.01756311745334797	0.008781558726673985	0.8805970149253731	0.7300296925296919	2.9477611940298507	1.659375	0.004991995179692645	6.33902906323185e-05	0.004590360243488674	0.7376509330406147	14.194029850746269	1.723484614595238	3.3961175236096537	2.0842490842490844	0.37980241492864986	0.6460221674876837	0.8683066107373986	0.9994527440195069	0.17672886937431395	0.9116159509407666	889	427	134
16-228	de	6.222222222222222	1.9668367346938775	10.045340136054424	8.736452494331065	0.34183673469387754	0.05612244897959184	0.6785714285714286	0.015306122448979591	0.012755102040816327	0.8253968253968254	0.62412981990656	3.0793650793650795	1.6344827586206896	0.004098681297448979	5.1277185227272726e-05	0.008989310009718173	0.3826530612244898	13.444444444444445	1.7575620441638589	3.406936416184971	2.353488372093023	0.4897959183673469	0.69358361774744	-1	-1	0.1556122448979592	0.9193704488144904	370	176	63
2-18	de	5.9875	2.210855949895616	12.833225208768273	10.010264488517745	0.26931106471816285	0.037578288100208766	0.7536534446764092	0.012526096033402923	0.008350730688935281	0.8875	0.735020289134213	2.6626506024096384	1.4829545454545454	0.0029712161736951985	5.091883418803418e-05	0.010561218224241678	0.18789144050104384	13.072289156626505	1.7431180904692598	3.478937728937729	2.357142857142857	0.37160751565762007	0.621763157894736	-1	0.8259769558624704	0.22129436325678498	0.8713676226545419	476	234	83
24-113	de	5.981132075471698	2.0757097791798107	11.23601690375573	7.341827617403727	0.28391167192429023	0.04416403785488959	0.7476340694006309	0.00946372239747634	0.0031545741324921135	0.9056603773584906	0.7496841833380294	2.7222222222222223	1.4830508474576272	0.0034090111425867506	8.114683918918918e-05	0.012267788293024886	0.08517350157728706	11.296296296296296	1.542804922625184	3.7911392405063293	2.3873873873873874	0.5583596214511041	0.725229357798166	-1	-1	0.22397476340694006	0.9406205116541534	314	148	54
18-38	de	4.993975903614458	2.012062726176116	10.099990771287807	8.3668805877309	0.3715319662243667	0.033775633293124246	0.6936067551266586	0.021712907117008445	0.0036188178528347406	0.7168674698795181	0.6856143519779879	2.586826347305389	1.5062893081761006	0.004514959158262968	4.251086597701149e-05	0.004993968636911941	1.0120627261761157	11.317365269461078	1.7605203092082276	3.1269113149847096	2.293296089385475	0.39203860072376356	0.6861095890410953	0.8075023340471091	0.8975584110191697	0.15560916767189384	0.8986460172320122	806	435	167
21-25	de	6.314102564102564	1.7380710659898477	7.381738578680203	5.7711748015098285	0.24467005076142131	0.03553299492385787	0.6944162436548224	0.009137055837563452	0.01015228426395939	0.8589743589743589	0.729999968904892	2.801282051282051	1.6556291390728477	0.0050541608592893405	8.716898114143921e-05	0.005229964620827565	0.3746192893401015	11.967948717948717	1.484815292495466	3.4941737288135593	2.332474226804124	0.3248730964467005	0.6140180586907442	0.845032004497733	1.0381448778582787	0.21725888324873097	0.8990972801022762	963	403	156
24-116	de	7.235294117647059	1.7479674796747968	7.857780966044956	5.783602965088474	0.22357723577235772	0.04878048780487805	0.7113821138211383	0.0040650406504065045	0.028455284552845527	0.9705882352941176	0.7220393985099868	3.0294117647058822	1.5375	0.0055744655569105695	6.754880582524271e-05	0.020325203252032523	0.09349593495934959	13.0	1.4353519846166904	3.7217194570135748	2.296875	0.4634146341463415	0.6209523809523805	-1	-1	0.21544715447154472	0.8904801975533775	246	103	34
4-46	de	7.15	1.833916083916084	8.83870979020979	7.409116363636363	0.28321678321678323	0.0472027972027972	0.7132867132867133	0.005244755244755245	0.005244755244755245	0.975	0.7348473607967275	3.25	1.5510204081632653	0.003998826109265734	5.625776286764706e-05	0.006345506345506346	0.541958041958042	15.35	1.6522397741147743	3.334410339256866	2.1780821917808217	0.4195804195804196	0.6900845665961924	0.78779015725357	0.8683799798913677	0.1853146853146853	0.9075590388431222	559	272	80
24-30	de	7.431372549019608	1.9656992084432718	10.503485953748257	8.9460083398003	0.3021108179419525	0.06992084432717678	0.7216358839050132	0.013192612137203167	0.023746701846965697	0.9411764705882353	0.7404539281029795	2.961904761904762	1.828193832599119	0.003908628112506596	6.016789266304348e-05	0.004547979447298986	0.47493403693931396	15.095238095238095	1.6474958835262088	3.520376175548589	2.117283950617284	0.4419525065963061	0.6732928679817901	0.8791036061773858	0.9348119245878702	0.1820580474934037	0.9304487230162205	740	368	105
22-54	de	8.03448275862069	2.07725321888412	12.055036258694685	10.652743199644815	0.3090128755364807	0.07296137339055794	0.7167381974248928	0.0	0.017167381974248927	0.9655172413793104	0.628889248006895	3.793103448275862	1.6375	0.00457866981888412	4.092409915966386e-05	0.015606710885680842	0.16738197424892703	17.20689655172414	1.6111328805294323	3.602	2.2375	0.5150214592274678	0.6544029850746268	-1	-1	0.17167381974248927	0.9169101072592054	231	119	29
14-45	de	6.375	1.876750700280112	9.041908263305327	6.176222128851542	0.2689075630252101	0.058823529411764705	0.6414565826330533	0.0	0.0028011204481792717	0.8571428571428571	0.6819408369408368	2.7142857142857144	1.7073170731707317	0.005514656581512605	4.794356794871795e-05	0.009278711484593838	0.20168067226890757	12.910714285714286	1.811433754737326	3.3983402489626555	2.2857142857142856	0.40896358543417366	0.6129457364341089	-1	-1	0.1792717086834734	0.9017835132453337	354	156	56
16-94	de	6.614678899082569	1.80998613037448	8.347561109061065	5.808935476975149	0.30097087378640774	0.03744798890429958	0.6962552011095701	0.006934812760055479	0.006934812760055479	0.8899082568807339	0.6912533454200117	3.0091743119266057	1.4904214559386972	0.004859963361026352	6.269186264705882e-05	0.005263345069170312	0.8460471567267683	13.34862385321101	1.6573982337743807	3.3035714285714284	2.2476190476190476	0.36754507628294036	0.6744533762057856	0.6777266237751717	0.7991564790821347	0.1941747572815534	0.9063738238999104	713	340	109
17-47	de	8.25	1.865612648221344	9.641729249011863	7.545414492753622	0.27931488801054016	0.05138339920948617	0.6930171277997365	0.014492753623188406	0.013175230566534914	0.8804347826086957	0.6798551453074934	3.5543478260869565	1.7333333333333334	0.004756340525123848	6.011022333333333e-05	0.004347826086956522	0.7812911725955204	16.42391304347826	1.6105552159805883	3.6142198815009876	2.315068493150685	0.3952569169960474	0.6803636363636377	0.8199330249664042	0.9053816942332953	0.22529644268774704	0.9147808183509991	750	360	92
15-14	de	5.047058823529412	2.121212121212121	11.4086559714795	9.574719051144934	0.32867132867132864	0.037296037296037296	0.6946386946386947	0.009324009324009324	0.011655011655011656	0.7176470588235294	0.689142034865719	2.2705882352941176	1.5460122699386503	0.004705465644755245	4.331531267605633e-05	0.008214008214008214	0.3146853146853147	11.329411764705883	1.837363714716656	3.3333333333333335	2.4052287581699345	0.4988344988344988	0.709818181818181	-1	0.9363031075273339	0.19813519813519814	0.9320910182299057	423	213	85
9-101	de	5.693548387096774	1.8243626062322946	8.157962624508823	7.274949958877821	0.32294617563739375	0.06515580736543909	0.7110481586402266	0.014164305949008499	0.019830028328611898	0.8870967741935484	0.7115658931232699	2.4761904761904763	1.6451612903225807	0.003924597664589235	3.9128090909090906e-05	0.010138661100342925	0.34844192634560905	12.65079365079365	1.7432485503914077	3.172456575682382	2.1358024691358026	0.49575070821529743	0.666181102362204	-1	-1	0.16147308781869688	0.917695931931463	345	176	63
22-77	de	6.36231884057971	1.9111617312072893	9.443012776072102	7.103062170281601	0.26879271070615035	0.04555808656036447	0.7722095671981777	0.00683371298405467	0.022779043280182234	0.8695652173913043	0.7151968537997953	2.710144927536232	1.5096774193548388	0.003402013219134396	6.437100462962963e-05	0.008026900965397548	0.4419134396355353	13.27536231884058	1.6345346575845296	3.4512595837897044	2.21875	0.43507972665148065	0.6851764705882348	-1	0.8599590038346883	0.23006833712984054	0.9111788131660794	434	216	69
16-253	de	7.184466019417476	2.193243243243243	13.092212017843085	10.71493190763579	0.31351351351351353	0.0445945945945946	0.6743243243243243	0.008108108108108109	0.022972972972972974	0.9223300970873787	0.6886318159537974	3.2233009708737863	1.4516129032258065	0.004341054488513513	3.31713796460177e-05	0.005701013513513514	0.2689189189189189	16.485436893203882	1.7587700824779635	3.3637961335676625	2.3529411764705883	0.39864864864864863	0.6252730109204365	0.9959377934186263	0.9588223754738856	0.16891891891891891	0.9085658646004602	714	339	103
13-105	de	6.196078431372549	2.1455696202531644	12.144192107222636	10.017946339041947	0.3322784810126582	0.08227848101265822	0.689873417721519	0.015822784810126583	0.012658227848101266	0.803921568627451	0.6604316706685128	2.784313725490196	1.7567567567567568	0.004409020590506329	3.3816947826086954e-05	0.011159227181878747	0.31645569620253167	14.058823529411764	1.8173351910808657	3.362021857923497	2.4794520547945207	0.4873417721518987	0.6583870967741944	-1	-1	0.14873417721518986	0.9120960772512359	306	161	51
24-59	de	5.8	2.0620689655172413	11.00441379310345	9.399564597701149	0.3471264367816092	0.05057471264367816	0.7241379310344828	0.013793103448275862	0.01839080459770115	0.7866666666666666	0.7397347022347023	2.466666666666667	1.56875	0.0035778887381609195	6.638848506787331e-05	0.008295852073963019	0.2689655172413793	12.573333333333334	1.7656164240230736	3.550314465408805	2.3097826086956523	0.49885057471264366	0.6897619047619048	-1	1.0506962264380322	0.18850574712643678	0.9206490382697586	421	221	75
5-123	de	6.465116279069767	2.0467625899280577	11.083193909988292	8.176471038982768	0.3057553956834532	0.0683453237410072	0.6474820143884892	0.0	0.01079136690647482	0.8372093023255814	0.742869167869168	3.186046511627907	1.5596330275229358	0.005480762507553957	5.093632619047619e-05	0.012060939483707152	0.3345323741007194	13.906976744186046	1.8928872161430301	3.3065573770491805	2.3043478260869565	0.4172661870503597	0.5747486033519554	-1	-1	0.1618705035971223	0.8899533104175915	278	126	43
20-9	de	6.5	1.8251748251748252	8.482062937062938	6.607091375291375	0.2680652680652681	0.053613053613053616	0.6876456876456877	0.002331002331002331	0.009324009324009324	0.8636363636363636	0.7385210515979744	2.712121212121212	1.7272727272727273	0.004544853204195804	5.132081083743842e-05	0.01078088578088578	0.2680652680652681	13.257575757575758	1.5989403285860504	3.422374429223744	2.3333333333333335	0.4289044289044289	0.65421212121212	-1	0.7169280598902121	0.1888111888111888	0.8978919024189679	429	203	66
6-43	de	6.416666666666667	1.7402597402597402	7.4475649350649356	5.322074458874459	0.2701298701298701	0.02857142857142857	0.6415584415584416	0.007792207792207792	0.007792207792207792	0.9333333333333333	0.6742384733910158	2.85	1.7063492063492063	0.004594837609090909	5.944323410404624e-05	0.010714285714285714	0.22337662337662337	12.166666666666666	1.520348710385475	3.537212449255751	2.317757009345794	0.43376623376623374	0.6252447552447544	-1	-1	0.21558441558441557	0.9031044071184722	381	173	60
18-90	de	4.903225806451613	1.9078947368421053	8.835415959252973	7.43560882852292	0.35526315789473684	0.039473684210526314	0.7039473684210527	0.0	0.0	0.7741935483870968	0.5565692640692641	2.3225806451612905	1.564516129032258	0.006007024770394736	8.666392195121952e-05	0.02631578947368421	0.05263157894736842	11.161290322580646	1.8545036399400725	3.1671388101983005	2.426470588235294	0.5592105263157895	0.6239622641509432	-1	-1	0.17105263157894737	0.921420853635546	149	82	31
21-71	de	6.879518072289157	2.134851138353765	12.284255480767204	9.742540885784821	0.3397548161120841	0.050788091068301226	0.691768826619965	0.01576182136602452	0.014010507880910683	0.8313253012048193	0.7284839483010211	3.0120481927710845	1.6157635467980296	0.004655173908756568	4.7312978291814945e-05	0.007317988491368527	0.4343257443082312	14.53012048192771	1.7727476865788625	3.438423645320197	2.2974358974358973	0.4203152364273205	0.6741101694915254	0.6661326831883871	0.9021502922272001	0.15061295971978983	0.9034107464915229	556	281	83
19-8	de	6.148148148148148	1.7329317269076305	7.256372155287817	6.160038643462741	0.28112449799196787	0.05421686746987952	0.7469879518072289	0.008032128514056224	0.014056224899598393	0.8395061728395061	0.6755710629240037	2.710843373493976	1.5060240963855422	0.0036951929596385543	5.8183641035856574e-05	0.009370816599732263	0.2710843373493976	12.36144578313253	1.6055438704535092	3.3125	2.3450704225352115	0.41164658634538154	0.6659147869674177	-1	1.0086245458752474	0.20481927710843373	0.8930442422528436	498	251	83
21-190	de	6.470588235294118	2.215909090909091	13.08125668449198	9.71783689839572	0.32727272727272727	0.038636363636363635	0.7159090909090909	0.01818181818181818	0.00909090909090909	0.9117647058823529	0.7201578284655542	2.869565217391304	1.5029940119760479	0.004368289126590909	5.17294932038835e-05	0.009431818181818182	0.2863636363636364	14.028985507246377	1.72616375170723	3.4943705220061414	2.4342629482071714	0.43863636363636366	0.6308211143695011	-1	0.8363564923429524	0.175	0.8985741393215783	424	206	69
5-17	de	6.073770491803279	1.9932523616734144	10.29914835954957	8.951681524745029	0.3225371120107962	0.059379217273954114	0.7314439946018894	0.02699055330634278	0.009446693657219974	0.8360655737704918	0.7198332659076454	2.7459016393442623	1.6666666666666667	0.004126816815654521	5.932541485411141e-05	0.004779577147998201	1.2078272604588394	13.655737704918034	1.8774765722330815	3.282492581602374	2.2315112540192925	0.4008097165991903	0.7207476635514027	0.5531765216217932	0.7136241377987054	0.16869095816464239	0.8905909249868289	715	377	122
5-61	de	6.48	2.3518518518518516	14.68905185185185	11.455801679012346	0.3991769547325103	0.09670781893004116	0.7448559670781894	0.0102880658436214	0.00205761316872428	0.84	0.7070585195585192	2.8133333333333335	1.7613636363636365	0.00421338730946502	4.502493357142857e-05	0.006515775034293553	0.43209876543209874	15.746666666666666	1.824793761793762	3.271356783919598	2.2804878048780486	0.5288065843621399	0.7159948320413442	-1	0.9562652110792635	0.11934156378600823	0.9311836717398166	469	280	75
21-324	de	5.7560975609756095	1.8305084745762712	8.25487804878049	6.286826291856139	0.2627118644067797	0.0423728813559322	0.6652542372881356	0.00423728813559322	0.00423728813559322	0.9512195121951219	0.6947673160173161	2.5609756097560976	1.65	0.005197622908474576	7.019260917431193e-05	0.013135593220338984	0.11016949152542373	11.414634146341463	1.5523941505648822	3.4615384615384617	2.3461538461538463	0.5127118644067796	0.6573722627737228	-1	-1	0.2033898305084746	0.9340655915271231	235	109	41
21-5	de	6.417910447761194	1.802325581395349	8.180426935091987	6.964283929191254	0.28837209302325584	0.046511627906976744	0.7186046511627907	0.027906976744186046	0.0069767441860465115	0.8955223880597015	0.7562181112329334	2.7611940298507465	1.6619718309859155	0.003592109310697674	5.96342578125e-05	0.010174418604651164	0.1813953488372093	12.432835820895523	1.5629851808517305	3.483451536643026	2.3072289156626504	0.47674418604651164	0.6756193353474316	-1	-1	0.1744186046511628	0.915299779620422	414	192	67
23-50	de	6.730769230769231	1.8542857142857143	8.915571428571429	6.803441758241759	0.24285714285714285	0.04857142857142857	0.7	0.014285714285714285	0.014285714285714285	0.9615384615384616	0.7189298174592293	2.8846153846153846	1.8598130841121496	0.005512905479714286	8.858501801242237e-05	0.009714285714285713	0.10285714285714286	13.25	1.5810181271719732	3.5816326530612246	2.172043010752688	0.5114285714285715	0.6749003984063736	-1	-1	0.2	0.9388516012108893	346	161	52
12-28	de	5.842105263157895	1.990990990990991	10.182114746325276	8.269427627627627	0.27627627627627627	0.05105105105105105	0.7027027027027027	0.0	0.018018018018018018	0.9824561403508771	0.7244002525252528	2.6842105263157894	1.5779816513761469	0.004165018592492493	5.3569511180124225e-05	0.009009009009009009	0.5495495495495496	12.947368421052632	1.7248025853289013	3.35685210312076	2.3805309734513274	0.4264264264264264	0.6391880341880343	-1	-1	0.22522522522522523	0.8961847088928662	332	161	57
16-111	de	6.253012048192771	1.7533718689788054	7.538462752745087	5.950773363976136	0.28901734104046245	0.06165703275529865	0.6994219653179191	0.01348747591522158	0.01348747591522158	0.8674698795180723	0.7007787605348579	3.1204819277108435	1.6931818181818181	0.0045849323753371874	3.8185591416309014e-05	0.006537296999724745	0.42196531791907516	12.53012048192771	1.6647351310001914	3.2881679389312977	2.1812080536912752	0.3911368015414258	0.6487619047619039	0.8036587771095282	0.9124759759489461	0.1791907514450867	0.9012328435369092	508	233	83
6-31	de	6.894736842105263	1.8568702290076335	9.010016070711128	6.853620610687023	0.2958015267175573	0.02862595419847328	0.6450381679389313	0.0057251908396946565	0.009541984732824428	0.9342105263157895	0.7275039013274307	2.986842105263158	1.6141304347826086	0.00513062731259542	4.820712416666666e-05	0.006474918211559433	0.4637404580152672	13.907894736842104	1.6813473255437004	3.375	2.219858156028369	0.4351145038167939	0.6526588235294112	0.6642802165827727	0.8475354477778222	0.19274809160305342	0.9271554714803065	520	240	76
19-87	de	6.732142857142857	1.9893899204244032	10.510336775293673	8.356927283061767	0.3103448275862069	0.04111405835543767	0.7148541114058355	0.01856763925729443	0.013262599469496022	0.8839285714285714	0.6847533489425379	3.0357142857142856	1.537593984962406	0.004766034563395225	6.774390909090908e-05	0.005066993130653608	0.6962864721485411	14.303571428571429	1.6767479118687103	3.4751990202082057	2.5	0.40583554376657827	0.6896030534351139	0.7470686488634488	0.7873212583032596	0.1909814323607427	0.9119106182820337	729	352	112
8-46	de	7.526315789473684	1.6748251748251748	7.108200220831801	5.11819020979021	0.256993006993007	0.024475524475524476	0.6608391608391608	0.012237762237762238	0.0034965034965034965	0.9210526315789473	0.6944220594220593	3.1578947368421053	1.6271186440677967	0.00519635606520979	6.822843443983401e-05	0.006631299734748011	0.4527972027972028	14.092105263157896	1.55565549216865	3.467984934086629	2.141843971631206	0.36013986013986016	0.6015221987315007	0.6995104504140053	0.8841153392860844	0.21328671328671328	0.8943402714668228	564	241	76
16-53	de	6.413043478260869	1.7254237288135594	7.271086956521742	4.730989683124539	0.29152542372881357	0.04745762711864407	0.711864406779661	0.010169491525423728	0.003389830508474576	0.9565217391304348	0.7601146384479719	3.0869565217391304	1.5363636363636364	0.005200359443728814	6.554530751879699e-05	0.0096045197740113	0.1288135593220339	12.673913043478262	1.6087540230443045	3.3959044368600684	2.116883116883117	0.5220338983050847	0.6612755102040816	-1	-1	0.17627118644067796	0.9516621877362389	293	133	46
15-9	de	4.965811965811966	2.2375215146299485	12.749420539300061	11.030103037792196	0.35111876075731496	0.08950086058519793	0.7487091222030982	0.013769363166953529	0.010327022375215147	0.8205128205128205	0.7030511394735529	2.3135593220338984	1.5405405405405406	0.003573667485714286	4.3016803896103896e-05	0.005928475807993881	0.774526678141136	11.830508474576272	1.6814530123415967	3.402995720399429	2.343839541547278	0.4664371772805508	0.7379875518672212	0.6283491275684454	0.8353550636465753	0.16179001721170397	0.9202282260828938	563	308	118
22-38	de	7.032258064516129	1.9204892966360856	9.814354345467102	7.96149691230147	0.21406727828746178	0.07186544342507645	0.7798165137614679	0.0045871559633027525	0.010703363914373088	0.8817204301075269	0.7206883759515337	2.924731182795699	1.5401785714285714	0.004006479929969419	9.846701739130436e-05	0.004534430032690077	0.4785932721712538	14.010752688172044	1.6209929783958548	3.5426594926979247	2.1977401129943503	0.3853211009174312	0.6495315315315324	0.6498016981409338	0.853755153200746	0.20795107033639143	0.9157806331855679	652	299	93
18-87	de	5.242718446601942	1.9333333333333333	9.267993527508093	7.331897339086661	0.30185185185185187	0.04259259259259259	0.7166666666666667	0.014814814814814815	0.009259259259259259	0.7961165048543689	0.6995693008452523	2.3142857142857145	1.5913978494623655	0.004707660190185185	6.433183467153284e-05	0.0066049382716049385	0.6296296296296297	10.876190476190477	1.6774394256537113	3.352076124567474	2.252173913043478	0.42592592592592593	0.6621995464852589	0.50633086412886	0.7908565143176713	0.2	0.9052714045848207	529	274	105
13-87	de	5.932330827067669	1.9759188846641318	10.03945186159315	7.69527608183958	0.3193916349809886	0.06463878326996197	0.7084917617237009	0.019011406844106463	0.012674271229404309	0.8571428571428571	0.7204859744632469	2.7333333333333334	1.6870503597122302	0.004290203325752852	4.6237982758620696e-05	0.005097873538938177	0.7629911280101395	13.385185185185184	1.731007336285114	3.1784934497816595	2.308351177730193	0.376425855513308	0.6565507246376832	0.706803141494009	0.8024789282125573	0.1432192648922687	0.8914444470171152	758	377	135
24-141	de	7.458333333333333	1.8703910614525139	9.389364525139666	7.250022160148976	0.2670391061452514	0.03910614525139665	0.753072625698324	0.02569832402234637	0.01005586592178771	0.8916666666666667	0.7757340115533392	3.115702479338843	1.5188679245283019	0.004065832307486034	8.909885728643216e-05	0.004010886692450938	0.5083798882681564	15.322314049586776	1.640461543604982	3.382083108472747	2.1926345609065154	0.39664804469273746	0.6995100502512565	0.771526803191168	0.9011345229041864	0.16983240223463686	0.9155070346348808	861	398	121
21-115	de	6.298245614035087	1.9122562674094707	9.43093974490544	7.689278365831013	0.3231197771587744	0.054317548746518104	0.6768802228412256	0.02924791086350975	0.002785515320334262	0.7631578947368421	0.6704323569888377	2.773913043478261	1.7764227642276422	0.004752591443175488	6.0814963746223563e-05	0.006390299852531541	0.3871866295264624	12.695652173913043	1.6867915212096798	3.447741065407957	2.3282442748091605	0.39415041782729804	0.6333441033925692	0.6300841461989565	0.7253651017007644	0.1615598885793872	0.8950104970157102	695	331	115
21-124	de	6.224489795918367	1.7759562841530054	7.79383517341363	5.606040704806513	0.2819672131147541	0.05683060109289618	0.66775956284153	0.01092896174863388	0.004371584699453552	0.8231292517006803	0.6614469624743597	2.8299319727891157	1.6548387096774193	0.005295177774754098	5.935063413461538e-05	0.003993274485077763	1.008743169398907	12.510204081632653	1.7290469900914078	3.2733509234828495	2.3840304182509504	0.3256830601092896	0.6283088235294141	0.726653785663006	0.8098862247670714	0.1628415300546448	0.8834611555501348	901	416	147
7-80	de	6.543478260869565	1.8554817275747508	8.856640907121193	6.446428369204104	0.2956810631229236	0.044850498338870434	0.6843853820598007	0.02159468438538206	0.008305647840531562	0.8695652173913043	0.7367754875418261	2.7717391304347827	1.7277227722772277	0.004967807517774086	6.895039346153847e-05	0.0061070940003908536	0.6710963455149501	13.521739130434783	1.7214860924100055	3.2896825396825395	2.3136531365313653	0.37209302325581395	0.6402584493041742	0.4663847370468548	0.8127315931800542	0.17275747508305647	0.8899556239249026	577	260	92
13-62	de	7.663157894736842	1.9120879120879122	9.961268941584734	7.3098102197802195	0.2760989010989011	0.057692307692307696	0.6620879120879121	0.0027472527472527475	0.0013736263736263737	0.9473684210526315	0.6444964314645165	3.5052631578947366	1.6443514644351465	0.005085100457692308	5.868367951070336e-05	0.004945054945054946	0.7046703296703297	15.16842105263158	1.6522594637904235	3.5262793914246195	2.35978835978836	0.3282967032967033	0.6075198728139908	0.6163977102262426	0.729848152572262	0.2184065934065934	0.8900392131193519	721	327	95
17-32	de	7.108108108108108	1.714828897338403	7.417143150755315	5.3159661699722545	0.24524714828897337	0.028517110266159697	0.6806083650190115	0.019011406844106463	0.015209125475285171	0.918918918918919	0.7284985115162392	3.054054054054054	1.6772151898734178	0.005165067974334601	5.809893260869566e-05	0.0067404078810922915	0.311787072243346	14.094594594594595	1.5244224200106553	3.3189655172413794	2.231958762886598	0.40874524714828897	0.652295081967212	0.6502453905936089	0.8896005058211096	0.22813688212927757	0.9176829360671647	516	230	74
24-99	de	6.769230769230769	1.9090909090909092	9.577272727272732	7.345754778554779	0.32954545454545453	0.030303030303030304	0.7878787878787878	0.0	0.003787878787878788	0.9743589743589743	0.6345342522974102	3.4358974358974357	1.2641509433962264	0.003230895587121212	8.344649659863945e-05	0.010521885521885523	0.07196969696969698	13.666666666666666	1.5203740347971118	3.408273381294964	2.3369565217391304	0.5984848484848485	0.7564848484848488	-1	-1	0.24242424242424243	0.9508057760231255	263	147	39
12-32	de	6.38	1.7993730407523512	8.130801880877744	6.650293993730409	0.22884012539184953	0.03134796238244514	0.6927899686520376	0.006269592476489028	0.012539184952978056	0.88	0.7486190946575099	2.7	1.584070796460177	0.00494982155047022	5.2027601388888885e-05	0.010851217747769471	0.2225705329153605	13.04	1.6395546354230564	3.378834355828221	2.186046511627907	0.3981191222570533	0.5906363636363638	-1	-1	0.23824451410658307	0.8866971416492069	317	144	50
24-136	de	5.253012048192771	1.9243119266055047	9.165555432740138	7.253211871338566	0.31422018348623854	0.05045871559633028	0.713302752293578	0.0	0.013761467889908258	0.8313253012048193	0.7129416315391924	2.5180722891566263	1.4545454545454546	0.004440814745412844	4.812148309178744e-05	0.0064818508177104115	0.3348623853211009	11.048192771084338	1.686463411526823	3.4182795698924733	2.441860465116279	0.5	0.6885163204747768	-1	0.8339846762632945	0.1834862385321101	0.9433158050158803	429	207	83
24-122	de	5.8076923076923075	1.728476821192053	7.071026490066227	6.603860723382578	0.2582781456953642	0.013245033112582781	0.7019867549668874	0.0	0.033112582781456956	0.9615384615384616	0.7103809523809526	2.4615384615384617	1.5	0.004811588481456954	4.839461428571428e-05	0.020813623462630083	0.0728476821192053	10.73076923076923	1.4416562604062604	3.5964285714285715	2.3488372093023258	0.5298013245033113	0.5940384615384617	-1	-1	0.2052980132450331	0.918788005015163	151	63	26
10-17	de	5.3561643835616435	2.054987212276215	10.74775321444838	8.865000812808745	0.3375959079283887	0.07161125319693094	0.7327365728900256	0.0	0.011508951406649617	0.7397260273972602	0.7254749656473792	2.47972972972973	1.508650519031142	0.0040444460417902815	4.115620307328605e-05	0.004889423800210622	1.1150895140664963	12.182432432432432	1.7348668213219298	3.2542735042735043	2.3958333333333335	0.3734015345268542	0.6714787701317715	0.9290091952799487	0.92019841732237	0.18797953964194372	0.8873235938106445	762	423	148
17-167	de	6.878504672897196	1.9429347826086956	10.019247257212516	8.223251742177977	0.26902173913043476	0.06114130434782609	0.7119565217391305	0.001358695652173913	0.006793478260869565	0.8878504672897196	0.6492970603819659	2.9626168224299065	1.6176470588235294	0.004176579015081522	6.698740085227274e-05	0.006088969404186796	0.35597826086956524	14.280373831775702	1.6960191235870468	3.519218241042345	2.342995169082126	0.37228260869565216	0.6432496075353213	0.7693632368416217	0.8696214850081859	0.19972826086956522	0.9035898077282465	732	352	107
18-106	de	6.587301587301587	1.893975903614458	9.327963281698224	7.3899389940715245	0.3108433734939759	0.043373493975903614	0.6843373493975904	0.004819277108433735	0.0024096385542168677	0.8888888888888888	0.7269850669044218	3.0317460317460316	1.5333333333333334	0.004806304993493976	4.868354827586207e-05	0.008950086058519794	0.36626506024096384	14.333333333333334	1.7045909210069612	3.296377607025247	2.2587412587412588	0.46265060240963857	0.6640822784810121	-1	0.9217270839985231	0.1855421686746988	0.9232231533630612	411	203	63
19-127	de	7.077922077922078	1.8642201834862386	9.168187775527226	6.539731323722151	0.3100917431192661	0.03302752293577982	0.6128440366972477	0.0	0.007339449541284404	0.935064935064935	0.585775262748947	3.2337662337662336	1.6825396825396826	0.005128347293944954	5.361441254901961e-05	0.007543323139653415	0.5651376146788991	14.441558441558442	1.5988046225059211	3.4190647482014387	2.3411764705882354	0.3559633027522936	0.5895291479820635	0.4980260499196635	0.8754791236513626	0.1743119266055046	0.8943496401522575	540	255	77
24-82	de	5.859813084112149	2.025518341307815	10.596443530235955	9.59153905707344	0.3763955342902711	0.049441786283891544	0.7256778309409888	0.02711323763955343	0.006379585326953748	0.7289719626168224	0.6766878430793527	2.710280373831776	1.5864978902953586	0.003731305839712919	5.362831769911505e-05	0.006425153793574846	0.507177033492823	12.457943925233645	1.7611103387585176	3.37316715542522	2.239130434782609	0.44019138755980863	0.6715151515151517	0.8317513785026959	0.90165524234402	0.18181818181818182	0.9085658646004602	597	339	107
6-23	de	6.930555555555555	1.7414829659318638	7.66241566466266	5.790883077265643	0.24048096192384769	0.036072144288577156	0.7114228456913828	0.004008016032064128	0.01603206412825651	0.9305555555555556	0.728862295763704	2.9305555555555554	1.5923566878980893	0.00420750428991984	5.658009814814815e-05	0.007469484423392238	0.2925851703406814	13.805555555555555	1.6572414609050314	3.3722554890219563	2.355421686746988	0.39879759519038077	0.6308249999999996	-1	0.7832802613353985	0.23246492985971945	0.9026565502139303	492	216	72
16-246	de	7.747474747474747	2.1734028683181226	13.077668997668997	10.692124844270607	0.3285528031290743	0.06258148631029987	0.7170795306388527	0.020860495436766623	0.020860495436766623	0.898989898989899	0.7492046010878542	3.14	1.5528455284552845	0.003591710347848761	4.38909664921466e-05	0.0045632333767926985	0.4863102998696219	17.24	1.846249357215998	3.4509237875288683	2.2857142857142856	0.43546284224250326	0.682095808383232	0.8754297483226227	0.9730017257854521	0.17340286831812254	0.9204177524042336	729	382	100
21-84	de	5.272058823529412	2.01255230125523	10.214220095988185	8.99866396751169	0.3417015341701534	0.05439330543933055	0.698744769874477	0.011157601115760111	0.01394700139470014	0.7794117647058824	0.6916316810761256	2.536231884057971	1.5725190839694656	0.004845510453417016	5.239903859154929e-05	0.004658298465829846	1.3165969316596933	11.768115942028986	1.7297150313454661	3.3177683444511827	2.2736572890025575	0.38633193863319387	0.6665533980582521	0.6018705472421798	0.7830336279229398	0.16178521617852162	0.902283904461896	689	355	138
18-45	de	6.412213740458015	1.8773809523809524	9.063858596873867	7.379264994547437	0.2619047619047619	0.04285714285714286	0.7011904761904761	0.002380952380952381	0.007142857142857143	0.8854961832061069	0.7039728220497447	2.8473282442748094	1.5931558935361216	0.004322108085595238	4.6916660552763816e-05	0.0054421768707483	0.5095238095238095	13.465648854961833	1.7011266517496872	3.3445378151260505	2.334710743801653	0.3345238095238095	0.6354790823211902	0.7318947047638295	0.8155329928826016	0.2226190476190476	0.8850513395699219	833	398	131
19-142	de	5.884615384615385	1.9640522875816993	9.880816993464055	7.719234489693314	0.2973856209150327	0.029411764705882353	0.6568627450980392	0.013071895424836602	0.006535947712418301	0.9807692307692307	0.6926597911892031	2.7884615384615383	1.5462962962962963	0.004591666942810458	8.84830143939394e-05	0.010893246187363835	0.19607843137254902	12.942307692307692	1.8164086981394674	3.373900293255132	2.5303867403314917	0.45751633986928103	0.6141545893719804	-1	-1	0.17647058823529413	0.9098569483107538	295	132	52
15-36	de	6.475247524752476	1.992354740061162	10.445132467375181	7.600964138432193	0.3119266055045872	0.05045871559633028	0.6834862385321101	0.0015290519877675841	0.019877675840978593	0.9108910891089109	0.7041764069264065	2.900990099009901	1.6771300448430493	0.0047013354498470945	4.7667904e-05	0.005915016900048285	0.5336391437308868	13.01980198019802	1.539814419811661	3.7236641221374045	2.4602510460251046	0.37920489296636084	0.5898558558558563	0.9362913214891042	0.9376642868797646	0.1834862385321101	0.9034866980631826	647	300	101
4-41	de	7.603448275862069	1.709750566893424	7.550401516928613	5.510264805692392	0.28798185941043086	0.04081632653061224	0.6802721088435374	0.0045351473922902496	0.006802721088435374	0.9137931034482759	0.6709151715730663	3.3275862068965516	1.603896103896104	0.004679471178004535	4.408815128205128e-05	0.007326007326007326	0.5759637188208617	16.120689655172413	1.8037155218570027	3.173219978746015	2.2222222222222223	0.39909297052154197	0.6142105263157907	-1	-1	0.1564625850340136	0.8998544520370999	436	195	58
17-52	de	5.773333333333333	1.7321016166281755	7.100399076212472	5.791617730561971	0.27251732101616627	0.025404157043879907	0.7321016166281755	0.025404157043879907	0.020785219399538105	0.84	0.6773468273468272	2.5866666666666664	1.5524475524475525	0.004664953547344111	7.413274038461538e-05	0.006291311619017281	0.6235565819861432	11.68	1.647947940947941	3.318742985409652	2.132947976878613	0.45958429561200925	0.692035928143711	-1	0.6853269074926014	0.18244803695150116	0.9090389972807708	423	208	75
9-103	de	5.457446808510638	1.884990253411306	8.781289245572562	6.769297971880056	0.29434697855750486	0.056530214424951264	0.6530214424951267	0.0	0.005847953216374269	0.851063829787234	0.7137566137566137	2.5157894736842104	1.723529411764706	0.004896492820272904	4.712219212598425e-05	0.006752993595098858	0.4619883040935672	11.08421052631579	1.6575349358244096	3.3684701492537314	2.389937106918239	0.4191033138401559	0.6320772946859895	0.7403123782850404	1.0022076214472488	0.2124756335282651	0.911965173807094	512	254	95
16-109	de	6.0396825396825395	1.8396846254927726	8.47375477129091	6.540038600004173	0.31011826544021026	0.05519053876478318	0.6898817345597897	0.01576872536136662	0.013140604467805518	0.8412698412698413	0.7291964923964924	2.9206349206349205	1.6082089552238805	0.004401406342444152	5.430864903581267e-05	0.004217217247807352	0.7766097240473062	12.103174603174603	1.561485195606344	3.3638709677419354	2.3344947735191637	0.4244415243101183	0.7067824773413911	0.833752758781442	0.8768170001660963	0.18265440210249673	0.9262321676433365	746	363	126
3-40	de	6.580882352941177	1.6983240223463687	7.016767581334211	5.977167104830758	0.29497206703910617	0.055865921787709494	0.6994413407821229	0.0111731843575419	0.0067039106145251395	0.8529411764705882	0.6886728425290514	2.7092198581560285	1.6589403973509933	0.005033302758882682	4.966736498800959e-05	0.004905300449652541	0.5832402234636872	13.198581560283689	1.5347023265984467	3.2957595276435856	2.2725366876310273	0.35195530726256985	0.6292336683417082	0.9002131532138458	0.9578894197210684	0.18324022346368715	0.8962530241856775	851	417	141
7-18	de	6.222222222222222	2.1488095238095237	12.192619047619047	9.449760317460315	0.3630952380952381	0.09126984126984126	0.7242063492063492	0.027777777777777776	0.013888888888888888	0.8024691358024691	0.6538466996647141	2.9012345679012346	1.8103448275862069	0.0038893186466269843	4.688953561151079e-05	0.007294584500466853	0.7876984126984127	14.506172839506172	1.8234511887289664	3.1517412935323383	2.2534562211981566	0.4523809523809524	0.6709876543209873	-1	0.8345808600271066	0.13095238095238096	0.8961913062430263	484	278	81
23-64	de	6.764150943396227	2.209205020920502	13.116638114786454	10.743748464514093	0.400278940027894	0.06276150627615062	0.7531380753138075	0.015341701534170154	0.00697350069735007	0.8679245283018868	0.7548815452734075	2.7735849056603774	1.753968253968254	0.0037985007458856347	3.8693916784869975e-05	0.004547935237402219	0.806136680613668	17.933962264150942	1.8114931332322097	3.1560874089490114	2.212658227848101	0.497907949790795	0.7373786407766998	0.7325475192663308	0.7811326799907946	0.14086471408647142	0.9293955621239001	698	423	106
6-35	de	6.317073170731708	2.011583011583012	10.61033807326491	9.21040382333553	0.28957528957528955	0.0682110682110682	0.7091377091377091	0.019305019305019305	0.006435006435006435	0.8373983739837398	0.7116458389208725	2.7661290322580645	1.6872586872586872	0.003875185037194337	4.039648848314607e-05	0.00459146405092351	0.5495495495495496	13.548387096774194	1.8172198775555037	3.342739564961787	2.2313167259786475	0.41055341055341055	0.6956932153392341	0.6990068664063889	0.8484799644512189	0.1891891891891892	0.9263798944796221	756	356	124
12-116	de	6.454545454545454	1.8221830985915493	8.42903329065301	6.529270422535211	0.2764084507042254	0.05985915492957746	0.6778169014084507	0.02464788732394366	0.01056338028169014	0.8636363636363636	0.7286186993083544	2.9545454545454546	1.723756906077348	0.004780235101577288	6.607533333333334e-05	0.005565651976374375	0.5598591549295775	12.965909090909092	1.7260466685349707	3.45980985306828	2.2444444444444445	0.4242957746478873	0.6925373134328369	0.744646630822693	0.8835308802712118	0.15140845070422534	0.9056495878701757	553	264	88
7-4	de	8.506493506493506	1.880916030534351	9.92234162783781	8.238583424209377	0.30381679389312977	0.03969465648854962	0.6931297709923664	0.035114503816793895	0.0015267175572519084	0.961038961038961	0.6974737626924158	3.5324675324675323	1.6391304347826088	0.004851908628244275	5.8341657565789474e-05	0.0061068702290076335	0.7022900763358778	17.337662337662337	1.6816867180840283	3.340857787810384	2.21455938697318	0.3786259541984733	0.6280035971223008	0.6752476172221773	0.7596214433871233	0.16030534351145037	0.8776028556903476	623	304	77
18-97	de	5.950617283950617	1.520746887966805	4.675554018749043	3.1055241227396135	0.2697095435684647	0.026970954356846474	0.7157676348547718	0.022821576763485476	0.012448132780082987	0.9382716049382716	0.733923957986458	2.740740740740741	1.6467065868263473	0.005912093052282157	7.258477818181817e-05	0.007341206511330993	0.37136929460580914	10.962962962962964	1.4387000153884686	3.399103139013453	2.1977401129943503	0.42946058091286304	0.6489033942558726	-1	0.8204966614209779	0.17842323651452283	0.9052908975682876	474	220	81
21-198	de	8.25	1.8257575757575757	9.171439393939394	6.120612121212122	0.21212121212121213	0.030303030303030304	0.6893939393939394	0.03787878787878788	0.007575757575757576	1.0	0.7257081807081807	3.4375	1.6388888888888888	0.003526467043939394	9.877085416666667e-05	0.022727272727272728	0.022727272727272728	16.0	1.622811134943488	3.484375	2.192982456140351	0.6136363636363636	0.6599999999999998	-1	-1	0.16666666666666666	0.9396531333497671	125	48	16
21-245	de	7.111111111111111	1.9973958333333333	10.752604166666668	9.112532465277777	0.3229166666666667	0.040364583333333336	0.6927083333333334	0.01171875	0.013020833333333334	0.8981481481481481	0.7128078307984844	3.4074074074074074	1.5298507462686568	0.004178750819010417	6.174470785340314e-05	0.004490858843537415	1.26171875	16.00925925925926	1.8284872255256244	3.330659025787966	2.250871080139373	0.3984375	0.7028550074738403	0.5503587522248452	0.7430729929542205	0.18489583333333334	0.8961310762567347	751	382	108
21-226	de	6.362068965517241	1.953929539295393	9.947575460237363	7.485973703392206	0.27371273712737126	0.04065040650406504	0.6693766937669376	0.0	0.008130081300813009	0.8793103448275862	0.5930622009569376	2.7241379310344827	1.5263157894736843	0.004932363204607046	4.7473181547619045e-05	0.007859078590785908	0.3821138211382114	12.982758620689655	1.6694719552478172	3.4634794156706508	2.3523809523809525	0.46070460704607047	0.6210740740740736	-1	-1	0.23848238482384823	0.9277173317795203	366	168	58
15-22	de	5.458823529411765	2.0452586206896552	10.672992900608524	8.946573052738337	0.3168103448275862	0.07327586206896551	0.6961206896551724	0.01293103448275862	0.004310344827586207	0.8235294117647058	0.6646877593306161	2.6511627906976742	1.6369047619047619	0.004818970685129311	4.724250269058296e-05	0.00646551724137931	0.42887931034482757	12.674418604651162	1.8736128412171504	3.2219227313566936	2.2857142857142856	0.49137931034482757	0.7009041095890407	-1	0.7741199234356959	0.15301724137931033	0.9229284361038804	448	223	86
17-164	de	7.177083333333333	1.7924528301886793	8.360005896226415	5.890233297048864	0.25544267053701014	0.03483309143686502	0.6168359941944848	0.008708272859216255	0.00725689404934688	0.8541666666666666	0.6990741483816275	3.125	1.7912621359223302	0.0049375117843251095	5.442884966887417e-05	0.006047411707789067	0.5312046444121916	14.197916666666666	1.6402384507853258	3.4005826656955573	2.405857740585774	0.34252539912917274	0.6080338983050859	0.6597603183688716	0.6994489472253781	0.20754716981132076	0.8854409293672587	678	302	96
16-93	de	7.717391304347826	1.6774647887323944	7.213867115737905	4.904756276791183	0.2577464788732394	0.04366197183098591	0.6887323943661972	0.016901408450704224	0.008450704225352112	0.9347826086956522	0.7257683339088774	3.1630434782608696	1.6470588235294117	0.005048445002957746	8.07842910543131e-05	0.005962441314553991	0.4253521126760563	14.782608695652174	1.608272086972754	3.4140740740740743	2.122448979591837	0.3591549295774648	0.6373813420621924	0.7340678361428146	0.8271059483634053	0.19436619718309858	0.8937725079936633	698	313	92
8-20	de	6.103896103896104	2.046808510638298	10.942859906051396	9.251018237082068	0.33617021276595743	0.07234042553191489	0.7148936170212766	0.0	0.006382978723404255	0.8831168831168831	0.7340943413311836	2.831168831168831	1.5555555555555556	0.0037887440782978727	4.50008766798419e-05	0.006715425531914894	0.9170212765957447	13.636363636363637	1.7212748110475384	3.304469273743017	2.2966507177033493	0.4702127659574468	0.7080323450134767	-1	0.7083629496587812	0.12978723404255318	0.9149175280974449	458	253	77
24-110	de	8.85	2.1299435028248586	12.994833333333332	10.195906440677966	0.2937853107344633	0.04519774011299435	0.7005649717514124	0.005649717514124294	0.04519774011299435	0.95	0.6947914658440973	3.25	1.9583333333333333	0.004026657805084746	8.346340123456789e-05	0.013472403302911778	0.07344632768361582	17.3	1.6839138461708796	3.9339080459770117	2.480769230769231	0.5649717514124294	0.6074358974358977	-1	-1	0.1977401129943503	0.9354696617213983	175	81	20
17-50	de	6.669064748201439	1.8478964401294498	8.816113245326068	6.531782836255267	0.30097087378640774	0.061488673139158574	0.7184466019417476	0.018338727076591153	0.012944983818770227	0.841726618705036	0.6978947426811184	2.726618705035971	1.5393939393939393	0.004239528673247033	6.504733725055432e-05	0.004475659299042897	0.7065803667745415	14.158273381294965	1.7156253926288674	3.339204831404127	2.2986666666666666	0.35706580366774543	0.6457487922705338	0.8062525321311259	0.8347468015727233	0.1704422869471413	0.8940294534029581	902	451	139
3-31	de	6.895652173913043	1.9218158890290038	9.776731838368335	8.250676877021768	0.27364438839848676	0.058007566204287514	0.6658259773013872	0.006305170239596469	0.011349306431273645	0.8695652173913043	0.6967203848782793	2.991304347826087	1.709016393442623	0.005127318544388399	4.883580819209039e-05	0.00433137781676627	0.8209331651954602	13.965217391304348	1.5898468475258758	3.418877236273905	2.3413793103448275	0.34047919293820933	0.615533141210375	0.7711449828876062	0.8343721506589911	0.17023959646910466	0.8939782992438459	779	354	115
22-37	de	7.260869565217392	1.93562874251497	10.082158292111433	7.6099155948971635	0.22904191616766467	0.0688622754491018	0.7395209580838323	0.0074850299401197605	0.029940119760479042	0.9130434782608695	0.6880178057560923	3.0760869565217392	1.554585152838428	0.004174624422754491	8.325018260869565e-05	0.0052095808383233536	0.3652694610778443	13.978260869565217	1.6672347579956277	3.6158583525789068	2.305	0.38772455089820357	0.6725659050966608	0.7134847371016295	0.7904365349295642	0.18562874251497005	0.9179158964769404	662	276	92
15-39	de	6.89	1.93033381712627	9.875039042089988	7.727312789550073	0.26995645863570394	0.05224963715529753	0.6560232220609579	0.027576197387518143	0.010159651669085631	0.83	0.6583408454620575	2.97	1.8401826484018264	0.005092980027721335	9.13020885620915e-05	0.006157364647930685	0.4005805515239477	13.12	1.5950099965039224	3.6966717095310138	2.182648401826484	0.3483309143686502	0.6038474576271189	0.5691099548077067	0.7048422720020585	0.18577648766328012	0.8856169886407682	668	306	100
8-15	de	7.08641975308642	1.7944250871080138	8.34791973157827	6.042532309545319	0.25609756097560976	0.059233449477351915	0.6742160278745645	0.003484320557491289	0.010452961672473868	0.9259259259259259	0.7281595314407812	2.876543209876543	1.6939890710382515	0.00488566505	6.90691948e-05	0.006323396567299007	0.4547038327526132	14.555555555555555	1.6108327363200656	3.334181509754029	2.3155339805825244	0.3780487804878049	0.6247368421052628	0.7545931658179105	0.8868521395072502	0.19686411149825783	0.8988281732113356	567	250	81
9-8	de	7.148936170212766	1.7678571428571428	8.058799392097267	6.06506403242148	0.2767857142857143	0.041666666666666664	0.7113095238095238	0.0	0.020833333333333332	0.8297872340425532	0.6967329383199624	2.7872340425531914	1.4919354838709677	0.003988141841666667	6.064403178807947e-05	0.011267006802721087	0.17261904761904762	14.446808510638299	1.664634082789178	3.3275613275613276	2.293577981651376	0.4375	0.6530379746835442	-1	-1	0.19642857142857142	0.9097256561167577	332	151	47
16-44	de	6.80327868852459	1.846987951807229	8.857736519849894	6.816592534070709	0.3060240963855422	0.043373493975903614	0.6987951807228916	0.024096385542168676	0.004819277108433735	0.9098360655737705	0.7428864726263849	3.0163934426229506	1.5661016949152542	0.004643280765363855	7.353127721179625e-05	0.003951807228915662	1.106024096385542	13.98360655737705	1.6350732006732995	3.368728121353559	2.2012779552715656	0.38072289156626504	0.6959644322845415	0.6256228600207574	0.8395927149281992	0.1710843373493976	0.9100735222789897	799	373	122
17-165	de	7.826666666666667	1.778534923339012	8.449112095400341	6.147911681998865	0.22657580919931858	0.03236797274275979	0.6712095400340715	0.008517887563884156	0.01192504258943782	0.9066666666666666	0.7332813859129648	2.8947368421052633	1.7515527950310559	0.004920023917717206	6.179906706827309e-05	0.006435737270490251	0.4787052810902896	15.473684210526315	1.6621229893342295	3.397621070518267	2.1574074074074074	0.3492333901192504	0.6378073770491798	0.47258660777601913	0.713420679151859	0.2282793867120954	0.8835956399962962	575	249	76
6-29	de	6.074074074074074	1.9878048780487805	10.2349864498645	7.983979494128276	0.2845528455284553	0.044715447154471545	0.7296747967479674	0.0040650406504065045	0.016260162601626018	0.9382716049382716	0.7659677128427129	2.6790123456790123	1.5535714285714286	0.004573917167886179	6.588468362068966e-05	0.005900865460267506	0.6626016260162602	12.753086419753087	1.6449209226987005	3.508704061895551	2.26	0.43902439024390244	0.6895674300254448	-1	0.8279652601534805	0.1910569105691057	0.9199333384718275	490	232	81
11-8	de	6.96	2.1149425287356323	12.080721839080464	9.137447632183907	0.3103448275862069	0.04597701149425287	0.7126436781609196	0.011494252873563218	0.0	1.0	0.6953986985236985	3.2	1.492537313432836	0.003691091901149425	7.958403414634146e-05	0.016420361247947456	0.25287356321839083	14.16	1.6783030303030302	3.6089385474860336	2.324324324324324	0.5344827586206896	0.6407999999999997	-1	-1	0.16091954022988506	0.9009632088581384	173	82	25
21-42	de	6.048780487804878	1.9778225806451613	10.107330841856808	8.258009323367428	0.3185483870967742	0.06048387096774194	0.6935483870967742	0.010080645161290322	0.010080645161290322	0.8170731707317073	0.6892377855340815	2.8048780487804876	1.5675675675675675	0.004315949257862903	5.79962706122449e-05	0.006404174573055028	0.7298387096774194	13.060975609756097	1.7729328170235632	3.192131747483989	2.302197802197802	0.41935483870967744	0.6730982367758186	-1	0.8261278649266945	0.16129032258064516	0.9008533807960527	484	245	82
17-51	de	6.615384615384615	1.6666666666666667	6.65666666666667	4.726363625521765	0.2713178294573643	0.03875968992248062	0.7674418604651163	0.015503875968992248	0.01937984496124031	0.9230769230769231	0.7243118723381883	2.769230769230769	1.4505494505494505	0.0038304117600775193	6.376893305084746e-05	0.011627906976744186	0.1124031007751938	13.435897435897436	1.6573536086766463	3.259047619047619	2.1666666666666665	0.6085271317829457	0.7694968553459124	-1	-1	0.1744186046511628	0.9545541678120448	254	118	39
13-123	de	7.320754716981132	1.9510309278350515	10.287259288076253	8.716324003112236	0.28865979381443296	0.03608247422680412	0.711340206185567	0.007731958762886598	0.023195876288659795	0.9622641509433962	0.768509962259962	3.150943396226415	1.5434782608695652	0.004793901036340207	4.8067663783783783e-05	0.008545849158979924	0.2551546391752577	16.150943396226417	1.7729071351019186	3.316529894490035	2.104575163398693	0.5077319587628866	0.667508650519031	-1	-1	0.18556701030927836	0.9294443571472101	374	185	53
5-23	de	4.947368421052632	1.7801418439716312	7.345147443075778	6.149363120567377	0.28368794326241137	0.08156028368794327	0.7553191489361702	0.0	0.014184397163120567	0.8947368421052632	0.7430768140589571	2.3508771929824563	1.5858585858585859	0.004039787430141844	4.420703533333333e-05	0.015957446808510637	0.09574468085106383	10.087719298245615	1.5965293478451372	3.370051635111876	2.4017857142857144	0.5106382978723404	0.6713661202185799	-1	-1	0.19858156028368795	0.9002570017082938	278	150	57
13-32	de	5.805084745762712	2.3635036496350366	14.563326116540889	12.005872943214152	0.381021897810219	0.08175182481751825	0.7474452554744525	0.014598540145985401	0.00291970802919708	0.7966101694915254	0.6754049725203569	2.6440677966101696	1.5833333333333333	0.003236818475766423	4.5026605958549226e-05	0.00656934306569343	0.7167883211678832	15.466101694915254	2.056876416650056	3.1059459459459458	2.263157894736842	0.45255474452554745	0.7136348122866907	0.7157096055109268	0.9908859060909943	0.14890510948905109	0.907877672950292	648	386	118
19-145	de	7.5	1.9372549019607843	10.194607843137256	7.703431372549019	0.2901960784313726	0.047058823529411764	0.6823529411764706	0.0392156862745098	0.023529411764705882	0.9411764705882353	0.6984600268022729	3.088235294117647	1.6666666666666667	0.004352596250588235	5.040758859649122e-05	0.013943355119825708	0.08627450980392157	16.235294117647058	1.5937795207776027	3.4184782608695654	2.4379084967320264	0.5686274509803921	0.7275000000000001	-1	-1	0.18823529411764706	0.9380205041864985	239	114	34
5-57	de	5.416666666666667	2.076923076923077	11.03019230769231	9.826320512820514	0.3269230769230769	0.08076923076923077	0.7730769230769231	0.0	0.007692307692307693	0.8333333333333334	0.698600749132664	2.3541666666666665	1.5625	0.0036016063138461537	4.539545815602837e-05	0.011538461538461539	0.11923076923076924	12.604166666666666	1.8149536805786806	3.288961038961039	2.308411214953271	0.5961538461538461	0.6995031055900622	-1	-1	0.18461538461538463	0.932581216117274	258	141	48
13-115	de	5.37593984962406	2.1216783216783215	11.542420737157581	10.408262737262739	0.3412587412587413	0.06013986013986014	0.7706293706293706	0.009790209790209791	0.008391608391608392	0.7368421052631579	0.7144793968657606	2.345864661654135	1.4330985915492958	0.0037226561492307696	4.1751474175824176e-05	0.006433566433566433	0.8251748251748252	12.112781954887218	1.7146806889270634	3.384662576687117	2.498759305210918	0.3622377622377622	0.6739935064935073	0.8036733602919939	0.8434201835200339	0.1986013986013986	0.8758099398198814	677	364	133
17-141	de	6.233333333333333	1.8912655971479502	9.157934046345815	6.9963933689839575	0.2905525846702317	0.0677361853832442	0.6809269162210339	0.0053475935828877	0.012477718360071301	0.8222222222222222	0.6878578413234202	2.6777777777777776	1.7538461538461538	0.004584245807486631	4.818583783783784e-05	0.006071746880570409	0.6577540106951871	13.21111111111111	1.654987320996093	3.372322899505766	2.481675392670157	0.3689839572192513	0.6380303030303033	0.7498451275650653	0.848537262514169	0.1836007130124777	0.9005040736162383	557	259	90
21-144	de	7.552941176470588	1.7679127725856698	8.217017775334433	5.782898493677845	0.2538940809968847	0.04672897196261682	0.6713395638629284	0.012461059190031152	0.01557632398753894	0.9294117647058824	0.7271089661174244	3.1294117647058823	1.803191489361702	0.0052408216426791275	5.627507730496454e-05	0.006479750778816199	0.2834890965732087	15.176470588235293	1.7700314228255405	3.358139534883721	2.231578947368421	0.3847352024922118	0.651252302025784	0.7836008143018512	0.8587102493959947	0.1853582554517134	0.9039259888015513	629	282	85
16-183	de	6.38655462184874	2.181578947368421	12.643387881468382	10.502568774878373	0.3394736842105263	0.08157894736842106	0.7605263157894737	0.006578947368421052	0.015789473684210527	0.7899159663865546	0.7092973189433803	2.85	1.5985401459854014	0.0034342674902631577	5.384892009569378e-05	0.004636591478696742	0.8907894736842106	13.991666666666667	1.6717164887267801	3.4923619271445356	2.4272151898734178	0.44473684210526315	0.7356127080181539	0.7510411703408933	0.8639010818535977	0.175	0.910808572066741	747	418	120
20-19	de	7.36734693877551	1.7285318559556786	7.679941206399459	5.918260851376563	0.29362880886426596	0.027700831024930747	0.7368421052631579	0.024930747922437674	0.0221606648199446	0.9387755102040817	0.6831005799755802	2.938775510204082	1.8333333333333333	0.0035870409562326873	9.519260736196319e-05	0.013850415512465374	0.2299168975069252	14.0	1.4854884627843812	3.506588579795022	2.4779874213836477	0.4515235457063712	0.6667557251908393	-1	-1	0.1745152354570637	0.8812046513433691	344	163	49
21-47	de	7.485714285714286	1.9236641221374047	10.028665212649948	7.295141962922575	0.3053435114503817	0.03816793893129771	0.6965648854961832	0.02480916030534351	0.0019083969465648854	0.8714285714285714	0.6844998091801162	3.25	1.6551724137931034	0.004111707137404581	6.386346470588236e-05	0.007124681933842239	0.648854961832061	15.26388888888889	1.8481459444694737	3.297127468581688	2.041176470588235	0.39122137404580154	0.6481647058823518	0.5007080951316797	0.6908663978338324	0.16984732824427481	0.8878806946705983	509	255	72
16-235	de	5.851239669421488	2.4491525423728815	15.591983471074382	12.744683204930663	0.3813559322033898	0.059322033898305086	0.7711864406779662	0.015536723163841809	0.014124293785310734	0.7768595041322314	0.7055397270882487	2.4214876033057853	1.4227941176470589	0.0029416253650579095	2.916099655172414e-05	0.004912797838368951	0.730225988700565	15.685950413223141	2.051462878107683	3.2507869884575027	2.463636363636364	0.4505649717514124	0.6973234811165848	0.831686179371055	0.8884585645882822	0.13559322033898305	0.9152261003038696	677	377	121
21-238	de	6.284090909090909	1.7269439421338155	7.2387339717244785	5.152282278481014	0.26763110307414106	0.039783001808318265	0.6925858951175407	0.009041591320072333	0.02531645569620253	0.8522727272727273	0.6803979864324691	2.8181818181818183	1.6041666666666667	0.004629243168716094	8.496603827160495e-05	0.007166298305538811	0.484629294755877	11.579545454545455	1.5159611537452446	3.6258570029382957	2.4302325581395348	0.3508137432188065	0.627819383259911	0.6823954200085167	0.6773547270621042	0.2115732368896926	0.8789841124307564	545	243	88
17-119	de	6.722222222222222	1.8057851239669422	8.339931129476586	6.838707621671257	0.25	0.03305785123966942	0.6921487603305785	0.010330578512396695	0.012396694214876033	0.9305555555555556	0.712501797889122	2.861111111111111	1.5231788079470199	0.004762159636446281	7.55525311111111e-05	0.006959547629404089	0.16942148760330578	13.597222222222221	1.6121769048852381	3.43254376930999	2.1666666666666665	0.4772727272727273	0.6490129870129867	-1	0.9763558352616231	0.23140495867768596	0.9382035020835782	479	225	72
12-150	de	8.989010989010989	1.9914425427872862	11.414736290604264	8.59506532684919	0.34963325183374083	0.08679706601466992	0.7334963325183375	0.019559902200488997	0.007334963325183374	0.9340659340659341	0.7206001831289183	3.117021276595745	1.6397306397306397	0.0037113819216381422	4.790008459770115e-05	0.004744440563511468	0.676039119804401	20.96808510638298	1.6607612227674278	3.188193743693239	2.3359173126614987	0.44254278728606355	0.7039916550764953	1.0616236310477116	0.9400375982238495	0.11858190709046455	0.909487774170723	787	435	94
21-337	de	6.365384615384615	1.8006042296072509	8.139629909365564	5.885485661166628	0.30513595166163143	0.03625377643504532	0.676737160120846	0.006042296072507553	0.0030211480362537764	0.9230769230769231	0.7082075876193524	2.923076923076923	1.6120689655172413	0.005365820013897281	4.6593666233766234e-05	0.012084592145015106	0.10574018126888217	12.634615384615385	1.607413526644296	3.3834586466165413	2.2857142857142856	0.525679758308157	0.6704310344827591	-1	-1	0.18126888217522658	0.9385412553707673	329	154	52
10-35	de	4.610169491525424	2.2408088235294117	12.649510219341973	10.736978427218345	0.3125	0.05698529411764706	0.7077205882352942	0.009191176470588236	0.007352941176470588	0.711864406779661	0.6719219052552384	2.3813559322033897	1.5487179487179488	0.0040960601571691175	5.033896914893617e-05	0.007077205882352941	0.25	10.694915254237289	1.8636738026568536	3.3605182926829267	2.4008264462809916	0.5073529411764706	0.7127640449438196	1.0037873255640903	1.0509704621509182	0.19669117647058823	0.9417393644093341	530	282	118
17-172	de	6.030769230769231	1.9362244897959184	9.60944897959184	7.984135431711147	0.3494897959183674	0.030612244897959183	0.6632653061224489	0.0	0.007653061224489796	0.8153846153846154	0.7147377795815295	2.5454545454545454	1.674074074074074	0.005323302090306122	5.847480505050505e-05	0.009026687598116168	0.5051020408163265	13.545454545454545	1.7087997860725135	3.231023102310231	2.422110552763819	0.4489795918367347	0.6479863481228668	-1	-1	0.17346938775510204	0.906873748575984	381	198	66
13-35	de	6.259541984732825	1.776829268292683	7.8178067398994635	6.28321737106684	0.2951219512195122	0.04024390243902439	0.675609756097561	0.03414634146341464	0.01097560975609756	0.8473282442748091	0.694170082054697	2.931297709923664	1.6575875486381324	0.005045897049878049	5.203791408839779e-05	0.005016629711751663	0.7414634146341463	13.458015267175572	1.7447148862476305	3.2525252525252526	2.3560311284046693	0.34512195121951217	0.6336338418862705	0.8224125804620804	0.9401003526371489	0.18292682926829268	0.8860609428179608	767	362	131
1-37	de	7.178571428571429	1.9950248756218905	10.750936389481165	7.9490382373845065	0.25870646766169153	0.06467661691542288	0.7014925373134329	0.004975124378109453	0.004975124378109453	0.9642857142857143	0.6799730105285662	2.8214285714285716	1.7868852459016393	0.004481554644278607	5.908656632653061e-05	0.014925373134328358	0.20398009950248755	15.285714285714286	1.6860987227058657	3.460280373831776	2.2586206896551726	0.4975124378109453	0.5787254901960786	-1	-1	0.208955223880597	0.9036344850133701	200	98	28
20-20	de	6.6909090909090905	1.8070652173913044	8.342824110671941	6.941029782608696	0.38858695652173914	0.02717391304347826	0.75	0.010869565217391304	0.008152173913043478	0.9454545454545454	0.7756440061995618	3.036363636363636	1.5419847328244274	0.004252028783967391	5.784203282828283e-05	0.012551759834368528	0.25271739130434784	12.836363636363636	1.5045684446585093	3.471167369901547	2.357615894039735	0.45108695652173914	0.5873234200743491	-1	-1	0.1956521739130435	0.881846371797075	354	198	55
12-19	de	6.542857142857143	1.9312227074235808	9.750142233312541	7.483922046163444	0.2980349344978166	0.0425764192139738	0.6539301310043668	0.008733624454148471	0.012008733624454149	0.8428571428571429	0.7278578935053749	3.0214285714285714	1.7010309278350515	0.004604270646615721	4.5864227160493825e-05	0.0040986746341837126	1.3384279475982532	13.542857142857143	1.6234684316310257	3.4152321335419926	2.314121037463977	0.314410480349345	0.6282374541003694	0.6716635967978285	0.8167511995453731	0.19541484716157206	0.8833119025696305	898	405	140
19-33	de	6.648648648648648	1.725609756097561	7.3651680949241936	5.351796330476819	0.23780487804878048	0.042682926829268296	0.7134146341463414	0.012195121951219513	0.014227642276422764	0.8918918918918919	0.7403128454498319	2.6973684210526314	1.5324675324675325	0.004201979157723577	7.764185069124424e-05	0.007065427797135115	0.3678861788617886	13.105263157894736	1.4660663897506003	3.507056451612903	2.3043478260869565	0.35365853658536583	0.640687022900764	-1	0.5991278599087215	0.1991869918699187	0.8753940627162777	485	217	76
19-140	de	5.767123287671233	2.026128266033254	10.567491621384182	8.143894842677254	0.24703087885985747	0.05463182897862233	0.6959619952494062	0.004750593824228029	0.011876484560570071	0.9178082191780822	0.7608965879799212	2.506849315068493	1.528169014084507	0.0036773833517814727	7.211540638297872e-05	0.00831353919239905	0.1496437054631829	12.082191780821917	2.0224801834390878	3.5811577752553916	2.4907975460122698	0.45368171021377673	0.6360248447204959	-1	-1	0.24703087885985747	0.9220600116596954	413	188	73
21-145	de	8.551020408163266	1.7136038186157518	7.965423018849549	4.100864263796211	0.21479713603818615	0.014319809069212411	0.6157517899761337	0.007159904534606206	0.00954653937947494	0.9183673469387755	0.6351406569477221	3.3469387755102042	1.825242718446602	0.005605466589260143	5.190691011904762e-05	0.008844587954513549	0.2577565632458234	16.3265306122449	1.6150059750489394	3.4415094339622643	2.4615384615384617	0.3532219570405728	0.5770312500000009	-1	-1	0.21241050119331742	0.867034053000449	410	168	49
16-240	de	7.535211267605634	2.121495327102804	12.382377254179286	8.675167697775438	0.2822429906542056	0.052336448598130844	0.7271028037383177	0.007476635514018692	0.024299065420560748	0.9154929577464789	0.6995619092932225	3.112676056338028	1.4426229508196722	0.0037157305839252337	5.457393684210526e-05	0.006205607476635514	0.2672897196261682	16.633802816901408	1.8316065345710777	3.3685978169605373	2.2919254658385095	0.45607476635514016	0.6982568807339453	0.7915954021796103	0.9601339942217791	0.17570093457943925	0.9245582067508411	530	247	71
21-282	de	6.672	1.7781774580335732	7.994574004796167	6.180606361630696	0.2446043165467626	0.03237410071942446	0.7278177458033573	0.016786570743405275	0.019184652278177457	0.904	0.7116186680702808	2.7857142857142856	1.5703125	0.004451490647841727	7.10741530183727e-05	0.006284627470437443	0.34772182254196643	13.198412698412698	1.5553824922872541	3.4946107784431137	2.205357142857143	0.328537170263789	0.6108435374149647	0.6518726427801913	0.8750301808758834	0.2182254196642686	0.8709952003828958	815	381	126
15-34	de	5.0	2.134426229508197	11.546229508196724	9.648295081967214	0.3836065573770492	0.05737704918032787	0.7147540983606557	0.001639344262295082	0.003278688524590164	0.7131147540983607	0.6545757961047213	2.4836065573770494	1.497991967871486	0.004074684756393442	3.588054326018809e-05	0.005118768819003011	1.162295081967213	11.901639344262295	1.8399962447816836	3.242281879194631	2.4046822742474916	0.4311475409836066	0.7148923679060671	0.6432912421447329	0.8344960442539405	0.15245901639344261	0.9092061167803518	590	319	122
21-285	de	5.2709677419354835	2.090575275397797	11.134465669048843	9.0061222079204	0.3353733170134639	0.09302325581395349	0.7099143206854345	0.017135862913096694	0.0024479804161566705	0.7290322580645161	0.665127305955228	2.490322580645161	1.6677524429967427	0.0042596718341493265	5.70940724137931e-05	0.004295512805708875	1.2031823745410037	11.806451612903226	1.833357637555284	3.3660762211486848	2.371794871794872	0.3806609547123623	0.657256267409471	0.7020956050864218	0.8285586634251846	0.1456548347613219	0.8936685418692963	804	435	155
9-71	de	6.439024390243903	1.7424242424242424	7.481825572801185	6.860279120473024	0.23484848484848486	0.026515151515151516	0.6856060606060606	0.003787878787878788	0.007575757575757576	0.9512195121951219	0.673105158730159	2.926829268292683	1.4269662921348314	0.004441367873863636	8.341224758064517e-05	0.012878787878787878	0.13257575757575757	12.292682926829269	1.4507380153721618	3.6448412698412698	2.2987012987012987	0.4772727272727273	0.5787272727272719	-1	-1	0.2803030303030303	0.9142037010261508	264	124	41
10-1	de	5.907563025210084	1.9857752489331437	10.146097517243032	8.819131451044147	0.31721194879089615	0.05263157894736842	0.7098150782361309	0.00995732574679943	0.008534850640113799	0.8319327731092437	0.6789401276689412	2.966386554621849	1.558139534883721	0.004113993352204836	3.3617834604105567e-05	0.005991637570584939	0.5704125177809388	12.957983193277311	1.7897585141282621	3.377663008392511	2.2666666666666666	0.3940256045519203	0.6698013245033122	0.8743936940846616	0.8505253544900069	0.18492176386913228	0.9023999042169039	687	341	119
22-34	de	6.802469135802469	1.8711433756805809	9.142454795993817	7.274351060921781	0.22141560798548093	0.043557168784029036	0.7441016333938294	0.009074410163339383	0.019963702359346643	0.9259259259259259	0.7298015873015873	3.0987654320987654	1.5454545454545454	0.00430639999491833	6.899873833333333e-05	0.005293405928614639	0.38656987295825773	13.419753086419753	1.5476347061314382	3.5884509624197984	2.2804232804232805	0.4029038112522686	0.6719690265486716	0.6607257821428604	0.9148546997098812	0.19600725952813067	0.9248746858020175	547	240	81
16-98	de	7.540322580645161	1.8844919786096257	9.587731154045198	7.538319475590825	0.30802139037433157	0.06203208556149733	0.7336898395721925	0.025668449197860963	0.011764705882352941	0.8870967741935484	0.73188632532248	3.193548387096774	1.6474358974358974	0.004303868849528342	5.227386361607143e-05	0.003963510537905002	1.1411764705882352	16.10483870967742	1.8446438333684914	3.3331670822942643	2.1272727272727274	0.39037433155080214	0.7061124401913909	0.7365617853711305	0.8132225331101783	0.16898395721925133	0.9115002253927992	900	448	124
5-51	de	6.490909090909091	2.042016806722689	11.037252864782278	9.192969075630252	0.3389355742296919	0.07563025210084033	0.7058823529411765	0.008403361344537815	0.0028011204481792717	0.9090909090909091	0.6998450653679411	3.036363636363636	1.6296296296296295	0.004969590478319328	4.402363743315508e-05	0.008912655971479501	0.5266106442577031	14.236363636363636	1.8152308045489862	3.329145728643216	2.3153846153846156	0.48739495798319327	0.7005038759689926	-1	-1	0.15126050420168066	0.9245233202325449	351	187	55
13-69	de	5.057377049180328	2.3776337115072934	14.43845484496639	12.274094252995724	0.42787682333873583	0.06320907617504051	0.7617504051863857	0.017828200972447326	0.006482982171799027	0.7786885245901639	0.7293738657496552	2.4796747967479673	1.3666666666666667	0.00261937644833906	3.935813305322129e-05	0.006324860655413685	1.0940032414910859	13.94308943089431	1.97137866499416	3.0103092783505154	2.1939953810623556	0.4651539708265802	0.7635714285714291	0.6766046493264214	0.8490868662639148	0.13614262560777957	0.9089102420230395	583	357	123
17-66	de	6.5353535353535355	1.9319938176197837	9.756314926701325	8.141976953460416	0.34312210200927357	0.04482225656877898	0.7017001545595054	0.015455950540958269	0.021638330757341576	0.898989898989899	0.6980359609711347	2.84	1.6008583690987124	0.004304847720401855	5.824337408536585e-05	0.005368909135280241	0.6136012364760433	13.9	1.6234943634796577	3.438483547925608	2.424137931034483	0.4234930448222566	0.6664963503649628	0.8407068706491675	0.901319100907611	0.1545595054095827	0.9119957393318885	628	328	100
15-40	de	6.434782608695652	2.0213963963963963	10.772042694868784	8.283035291813553	0.3153153153153153	0.061936936936936936	0.668918918918919	0.04391891891891892	0.009009009009009009	0.7898550724637681	0.6785216733316773	2.920289855072464	1.926056338028169	0.004494172150337838	5.065848992443325e-05	0.0047920260686218135	0.7105855855855856	13.202898550724637	1.647819347019273	3.4967462039045554	2.2386058981233243	0.3783783783783784	0.6335614702154619	0.6805492104846986	0.8153868169740189	0.1554054054054054	0.8990565910442209	844	397	138
16-82	de	6.623655913978495	1.9431818181818181	9.922771260997067	7.467735009076945	0.29383116883116883	0.04707792207792208	0.6704545454545454	0.003246753246753247	0.011363636363636364	0.8709677419354839	0.7322629354518735	2.806451612903226	1.6323529411764706	0.005611669101298701	6.47891506849315e-05	0.005832130832130833	0.42857142857142855	13.78494623655914	1.7109082694153352	3.419656786271451	2.28099173553719	0.42045454545454547	0.6580270793036742	0.6732475249908861	0.8624458678934602	0.19155844155844157	0.9186475121618335	608	292	93
1-115	de	7.315789473684211	1.7715827338129497	8.16783415372965	5.539512949640288	0.2446043165467626	0.052158273381294966	0.685251798561151	0.0	0.007194244604316547	0.8947368421052632	0.7097821622821622	3.0526315789473686	1.702247191011236	0.004842060534712231	6.133960347490348e-05	0.008093525179856115	0.28597122302158273	14.092105263157896	1.577660182909083	3.433768656716418	2.2196969696969697	0.35251798561151076	0.6010722100656453	0.7974521026677088	0.828119744640705	0.210431654676259	0.8814092762216802	556	259	76
23-78	de	7.276595744680851	1.8771929824561404	9.39874953340799	7.801091252955084	0.30409356725146197	0.04093567251461988	0.6754385964912281	0.0	0.005847953216374269	0.9574468085106383	0.7373114204635943	3.1914893617021276	1.596638655462185	0.004847503088304094	6.427169689440995e-05	0.009026188660055936	0.5087719298245614	14.404255319148936	1.6286368434424285	3.557184750733138	2.2857142857142856	0.4590643274853801	0.6699176954732514	-1	-1	0.20175438596491227	0.9062790235160064	341	161	47
16-184	de	5.598130841121495	1.8647746243739567	8.597611595650076	7.622159396501958	0.2704507512520868	0.05509181969949917	0.679465776293823	0.018363939899833055	0.00333889816360601	0.7850467289719626	0.701193355910337	2.5233644859813085	1.7119565217391304	0.0046317496332220365	4.640924409722222e-05	0.006288258208124653	0.48747913188647746	11.36448598130841	1.482911117957847	3.4481054365733113	2.3100436681222707	0.39565943238731216	0.6539000000000004	1.0465800600530304	0.884761243288696	0.2003338898163606	0.9037664716837106	589	288	107
12-73	de	8.434782608695652	1.791237113402062	8.836163155535633	6.499316270730613	0.2551546391752577	0.03350515463917526	0.6752577319587629	0.005154639175257732	0.01804123711340206	1.0	0.7104623064891382	3.4565217391304346	1.7818181818181817	0.005896640181185566	4.6544256069364166e-05	0.00979381443298969	0.23969072164948454	17.5	1.680273788733146	3.3046192259675404	2.2195121951219514	0.4072164948453608	0.6013148788927328	-1	-1	0.20103092783505155	0.9067658502870537	380	173	46
15-41	de	5.688888888888889	2.05078125	10.827885416666668	7.676963472222223	0.287109375	0.056640625	0.716796875	0.03125	0.015625	0.8666666666666667	0.6752434207490386	2.611111111111111	1.7005988023952097	0.0040857095296875	9.152633333333334e-05	0.0069010416666666664	0.693359375	12.355555555555556	1.6390852537937162	3.5316681534344334	2.629283489096573	0.40234375	0.6436319612590802	-1	0.7306754901117468	0.169921875	0.8936890722927205	481	222	90
1-79	de	8.05	1.8990683229813665	9.95850621118013	6.912450683229814	0.2748447204968944	0.04813664596273292	0.6956521739130435	0.0015527950310559005	0.021739130434782608	0.8375	0.7004183485945004	3.037037037037037	1.693467336683417	0.004869540180900621	4.29414365942029e-05	0.007223872535781798	0.2096273291925466	17.08641975308642	1.9043629773988082	3.367741935483871	2.298342541436464	0.32608695652173914	0.5504954128440375	0.96753254742099	1.136433964019978	0.18478260869565216	0.8779576494675998	641	276	81
19-169	de	5.926829268292683	1.9602194787379972	9.852053263742516	8.52929918699187	0.35253772290809327	0.056241426611796985	0.7091906721536351	0.0	0.00411522633744856	0.8292682926829268	0.6293313699051403	2.7578125	1.4945848375451263	0.004297727224554184	4.47078537037037e-05	0.006172839506172839	0.6584362139917695	12.5078125	1.6092876570158643	3.3514669926650367	2.2446483180428136	0.39094650205761317	0.6494285714285718	0.8493574886715312	0.9843319108739274	0.14540466392318244	0.8977204973126508	714	378	128
21-332	de	6.6015625	1.9242603550295858	9.690881564349116	8.403467640532545	0.31479289940828403	0.05798816568047337	0.7159763313609467	0.03905325443786982	0.014201183431952662	0.859375	0.7740845164643338	2.7251908396946565	1.6597222222222223	0.004301457842485207	5.1169280047505934e-05	0.005418872625350357	0.5668639053254438	13.923664122137405	1.841311289571666	3.4032876712328766	2.363934426229508	0.3810650887573965	0.6672520107238596	0.7752397201112342	0.9178524891943662	0.1739644970414201	0.9020965866370266	811	421	131
11-10	de	5.556451612903226	2.388969521044993	14.766856477363177	13.319916793857391	0.3875181422351234	0.08272859216255443	0.7779390420899854	0.010159651669085631	0.018867924528301886	0.7580645161290323	0.8015790893839673	2.725806451612903	1.4016064257028114	0.00263977680037881	4.603097871794872e-05	0.004797613288179326	0.4949201741654572	15.64516129032258	2.0769622282477447	3.084318766066838	2.310416666666667	0.43831640058055155	0.7090677966101725	0.7485537020075226	0.9472918703425813	0.14804063860667635	0.911489366036267	635	390	124
18-54	de	6.752212389380531	1.998689384010485	10.627897563182131	8.165057722775723	0.290956749672346	0.05897771952817824	0.6893840104849279	0.0	0.015727391874180863	0.8849557522123894	0.7224074376253996	2.9734513274336285	1.6070038910505837	0.004508138474180866	6.277003780821917e-05	0.004986734008886616	0.9148099606815203	14.451327433628318	1.8369307005283335	3.436396835057821	2.367816091954023	0.35517693315858456	0.6856777108433751	0.5876061681861428	0.6902923643482796	0.19003931847968544	0.8884471544029132	754	365	113
24-66	de	6.7594936708860756	2.1217228464419478	12.082532119660556	10.566535656378893	0.4307116104868914	0.05056179775280899	0.7640449438202247	0.026217228464419477	0.018726591760299626	0.8734177215189873	0.726020098135483	2.8072289156626504	1.5380710659898478	0.003334812560486891	4.2358258496732025e-05	0.005815099546619357	0.5973782771535581	15.819277108433734	1.8878514951069878	3.231003039513678	2.0680473372781063	0.5374531835205992	0.7317471264367811	0.9206450249126351	0.9512373161906784	0.15355805243445692	0.9342234692891189	506	306	83
21-148	de	8.541666666666666	1.648780487804878	7.196859756097563	4.589459349593497	0.25365853658536586	0.024390243902439025	0.6195121951219512	0.02926829268292683	0.0	0.9583333333333334	0.7339701361440492	4.0	1.8596491228070176	0.005128383313658536	6.08409404494382e-05	0.015176151761517615	0.11707317073170732	16.208333333333332	1.528832163207163	3.3469387755102042	2.3777777777777778	0.5024390243902439	0.602358490566038	-1	-1	0.17073170731707318	0.9121577746487028	194	89	24
10-63	de	9.0	2.013888888888889	11.683888888888891	8.293411111111112	0.2916666666666667	0.08333333333333333	0.6666666666666666	0.0	0.013888888888888888	1.0	0.7896103896103897	4.5	1.75	0.005664619851388889	2.5018508823529412e-05	0.03125	0.041666666666666664	19.0	2.0236999520087755	3.4836601307189543	2.3333333333333335	0.6388888888888888	0.6388888888888888	-1	-1	0.19444444444444445	0.9449415302021363	72	34	8
7-63	de	5.821917808219178	1.8741176470588234	8.795136180499597	7.076907010475423	0.31411764705882356	0.052941176470588235	0.731764705882353	0.02823529411764706	0.011764705882352941	0.6917808219178082	0.7187911186413909	2.503401360544218	1.7231833910034602	0.0041695905618	4.196810404040404e-05	0.006063348416289593	0.5905882352941176	12.537414965986395	1.6513880505865515	3.17524115755627	2.232727272727273	0.3164705882352941	0.5979760319573909	0.700598312776566	0.8254035515932389	0.16588235294117648	0.8576397710880452	786	396	147
9-94	de	6.483870967741935	2.0049751243781095	10.597416145081048	8.786798084844595	0.29850746268656714	0.04311774461028192	0.6550580431177446	0.008291873963515755	0.008291873963515755	0.8387096774193549	0.7046725768193156	2.7311827956989245	1.6285714285714286	0.004140771450580431	4.788170604982207e-05	0.0067842605156037995	0.6898839137645107	14.387096774193548	1.7721579465749544	3.320208023774146	2.37603305785124	0.36981757877280264	0.62938492063492	0.5991949288379638	0.7562033290210379	0.19237147595356552	0.8862890979425757	589	281	93
24-98	de	7.133333333333334	1.766355140186916	8.034990654205611	5.163300809968848	0.19626168224299065	0.028037383177570093	0.822429906542056	0.0	0.0	0.8666666666666667	0.5993506493506493	3.1333333333333333	1.3846153846153846	0.00439327529906542	7.321493181818181e-05	0.0249221183800623	0.018691588785046728	13.133333333333333	1.44507733007733	3.580808080808081	2.096774193548387	0.5233644859813084	0.5225	-1	-1	0.2523364485981308	0.9074564270526515	107	44	15
16-182	de	6.304635761589404	1.8476890756302522	8.671539039456846	6.985784259001615	0.27836134453781514	0.051470588235294115	0.6785714285714286	0.026260504201680673	0.011554621848739496	0.8675496688741722	0.7094618110933898	2.8552631578947367	1.6426332288401253	0.004514599083517858	6.22182425882353e-05	0.003298687896211116	1.028361344537815	12.375	1.5824750341079927	3.51005291005291	2.2375366568914954	0.37184873949579833	0.6791324736225065	0.5738435887649833	0.7756577973644565	0.21323529411764705	0.9162418612323678	927	425	152
24-29	de	5.517241379310345	1.921875	9.239849137931035	7.67729525862069	0.309375	0.028125	0.696875	0.015625	0.015625	0.8620689655172413	0.6923837371205792	2.6724137931034484	1.459016393442623	0.0041814498081249995	6.723654335664335e-05	0.0125	0.140625	11.224137931034482	1.573214358888801	3.4674735249621786	2.3963963963963963	0.50625	0.6679638009049765	-1	-1	0.203125	0.9238587584859482	317	143	58
21-229	de	8.076923076923077	2.1	12.34	7.9103663003663005	0.3333333333333333	0.04285714285714286	0.6142857142857143	0.0	0.014285714285714285	1.0	0.7086428571428572	3.730769230769231	1.6455696202531647	0.004429479112380953	4.349734315789473e-05	0.01471861471861472	0.14285714285714285	17.076923076923077	1.720507095706548	3.5711060948081266	2.2987012987012987	0.5190476190476191	0.6063963963963963	-1	-1	0.14285714285714285	0.9265748296706998	206	95	26
7-44	de	6.705263157894737	2.0282574568288854	10.958490622159797	8.273262857142857	0.30612244897959184	0.04709576138147567	0.7001569858712716	0.026687598116169546	0.01726844583987441	0.8736842105263158	0.7181426859540123	2.8210526315789473	1.8235294117647058	0.004594214160016719	4.9032992334494776e-05	0.005570466399959488	0.5290423861852434	14.378947368421052	1.7325940409181761	3.3950437317784257	2.339041095890411	0.4317111459968603	0.6794423791821551	0.7496982234571474	0.8712815872052025	0.1554160125588697	0.913596650350842	604	287	95
9-48	de	6.944444444444445	1.832	8.735933333333335	7.122991111111112	0.32	0.04	0.6704	0.0016	0.008	0.8666666666666667	0.6817340669055629	3.0444444444444443	1.5726495726495726	0.00553789621328	5.4861938888888885e-05	0.00627027027027027	0.7792	13.78888888888889	1.662404729439043	3.4911858974358974	2.366279069767442	0.36	0.6184220532319388	0.6900378079004316	0.8354026819395914	0.1776	0.8899579739050661	623	306	90
5-46	de	5.263888888888889	1.9525065963060686	9.502494503078278	7.6831169451773675	0.3034300791556728	0.06596306068601583	0.7387862796833773	0.0079155672823219	0.013192612137203167	0.8055555555555556	0.7680528000950535	2.3013698630136985	1.7131147540983607	0.004703587417150396	5.1331707978723404e-05	0.009611760271390877	0.17678100263852242	10.904109589041095	1.7440239923922438	3.4474660074165637	2.50625	0.5224274406332454	0.7046428571428572	-1	-1	0.20052770448548812	0.9353373597411082	374	188	73
23-9	de	5.406976744186046	2.0344086021505374	10.5247424356089	8.375025006251564	0.2946236559139785	0.03655913978494624	0.7053763440860215	0.004301075268817204	0.008602150537634409	0.8023255813953488	0.6761488674723968	2.3488372093023258	1.6481481481481481	0.0047912092522580645	6.711066803652967e-05	0.006699751861042184	0.4666666666666667	11.872093023255815	1.7974948823786034	3.3442307692307693	2.3963414634146343	0.432258064516129	0.6579781420765023	-1	0.8050898639342438	0.17634408602150536	0.9074566777733855	456	219	86
11-33	de	6.130434782608695	2.0851063829787235	11.405124884366334	9.359878672011511	0.37943262411347517	0.05555555555555555	0.7316784869976359	0.030732860520094562	0.008274231678486997	0.8478260869565217	0.7088650496014168	2.9927536231884058	1.5227963525835866	0.003390135041004728	9.204854468085106e-05	0.0044780869248954355	1.1312056737588652	13.572463768115941	1.6986647883084147	3.431413612565445	2.3120728929384966	0.4326241134751773	0.73491298527443	0.7912229469350411	0.9525237793378432	0.13829787234042554	0.9123719746540979	794	423	138
8-42	de	7.46	1.8900804289544235	9.622349061662202	5.824537201072386	0.2707774798927614	0.05093833780160858	0.67828418230563	0.0	0.005361930294906166	0.98	0.7372338627368228	3.22	1.7317073170731707	0.004855545656568365	4.684968620689655e-05	0.011298353121409423	0.15013404825737264	15.82	1.6567431457431456	3.259119496855346	2.417910447761194	0.43699731903485256	0.610109489051095	-1	-1	0.19302949061662197	0.9075559294425626	369	174	50
23-71	de	5.633587786259542	1.9078590785907859	9.119836364012496	7.895458913092947	0.31842818428184283	0.04336043360433604	0.7032520325203252	0.013550135501355014	0.008130081300813009	0.8473282442748091	0.7087655331094245	2.6946564885496183	1.509727626459144	0.004640873787628726	5.091703400576369e-05	0.004516711833785005	0.5772357723577236	11.977099236641221	1.6629999102277127	3.2842105263157895	2.301829268292683	0.43902439024390244	0.7217370892018801	0.7068563432574574	0.8859758314916569	0.16395663956639567	0.9266941404682151	714	347	131
5-34	de	6.790909090909091	1.8273092369477912	8.620703541438484	6.352327550200804	0.2583668005354752	0.04685408299866131	0.6987951807228916	0.002677376171352075	0.009370816599732263	0.9090909090909091	0.7090674106729146	2.955357142857143	1.6694560669456067	0.005511443008835341	5.222595661971831e-05	0.006532797858099062	0.30120481927710846	13.5625	1.6472783217371272	3.419882275997384	2.2301255230125525	0.3668005354752343	0.6389043209876548	0.9098520944430435	0.8804207499725594	0.2074966532797858	0.8979723751479463	742	355	112
12-35	de	5.280701754385965	1.8372093023255813	8.148543451652387	6.080491472868217	0.28903654485049834	0.053156146179401995	0.6710963455149501	0.0033222591362126247	0.009966777408637873	0.8947368421052632	0.7559948979591837	2.543859649122807	1.6037735849056605	0.004971808330232559	4.6531837086092715e-05	0.0115171650055371	0.22259136212624583	11.456140350877194	1.6839166681271944	3.2261001517450683	2.4081632653061225	0.4717607973421927	0.6304455445544553	-1	-1	0.2026578073089701	0.9097256561167577	301	151	57
9-107	de	7.4186046511627906	1.677115987460815	7.093224465991106	4.380218283881316	0.2476489028213166	0.0438871473354232	0.677115987460815	0.0	0.009404388714733543	0.9767441860465116	0.7169221321007038	2.953488372093023	1.7115384615384615	0.0055075611485893424	6.335519411764707e-05	0.010867293625914315	0.14420062695924765	13.744186046511627	1.5574912452648428	3.457482993197279	2.2615384615384615	0.4106583072100313	0.5848636363636361	-1	-1	0.16927899686520376	0.9019190034513189	319	136	43
21-91	de	6.125	1.8966836734693877	9.179617346938773	7.509801530612245	0.31505102040816324	0.04974489795918367	0.6900510204081632	0.026785714285714284	0.012755102040816327	0.8125	0.6934417038110877	2.705426356589147	1.6417910447761195	0.0039871526688520405	5.8957718750000006e-05	0.0051374716553287975	0.6505102040816326	14.426356589147288	1.8200502541124381	3.1149118118653125	2.0357852882703775	0.413265306122449	0.6900583941605837	0.8510080665620967	0.9367882605130571	0.16709183673469388	0.9229171975167837	733	352	129
10-4	de	6.677777777777778	1.7221297836938436	7.335464780920688	5.663853895359584	0.3194675540765391	0.03161397670549085	0.7121464226289518	0.011647254575707155	0.013311148086522463	0.9333333333333333	0.7024382418862144	2.765957446808511	1.5627906976744186	0.003967936370715475	4.487091792114696e-05	0.007803086809340753	0.5657237936772047	13.308510638297872	1.6067557738943845	3.2978382706164933	2.3387622149837135	0.3843594009983361	0.6475498007968139	0.604446642694608	0.9388259632435846	0.16139767054908485	0.8837766958945547	573	279	94
21-7	de	7.784313725490196	1.478589420654912	4.893237516669139	4.344824408554354	0.2695214105793451	0.0654911838790932	0.7984886649874056	0.15365239294710328	0.012594458438287154	0.9607843137254902	0.75119227994228	3.1176470588235294	2.146788990825688	0.0027883704463476074	5.104394285714286e-05	0.011003579477661406	0.2518891687657431	16.098039215686274	1.4982530044550504	3.0521212121212122	2.0197628458498023	0.41309823677581864	0.5733221476510051	-1	-1	0.15365239294710328	0.8820117255742028	336	154	51
22-72	de	6.807017543859649	2.0463917525773194	11.212159522517634	8.454885910652923	0.25773195876288657	0.05025773195876289	0.7177835051546392	0.01288659793814433	0.02190721649484536	0.9385964912280702	0.7128352430148365	2.807017543859649	1.5862068965517242	0.00420261098878866	0.0001095645289017341	0.0050441826215022086	0.538659793814433	13.570175438596491	1.5693108996402545	3.715214564369311	2.270175438596491	0.37371134020618557	0.686986706056129	0.7125798902329565	0.8333910546792841	0.20231958762886598	0.897473534580661	764	346	114
16-258	de	6.865384615384615	2.176470588235294	12.76985294117647	10.942528162034044	0.29411764705882354	0.047619047619047616	0.6750700280112045	0.01680672268907563	0.0196078431372549	0.9038461538461539	0.6966701887117113	2.9615384615384617	1.5913043478260869	0.0042670368016806725	4.961917176470588e-05	0.009243697478991597	0.20448179271708683	14.923076923076923	1.832425844229994	3.4878361075544175	2.4885496183206106	0.4957983193277311	0.6784496124031003	-1	-1	0.23809523809523808	0.9221932103540115	351	170	52
7-19	de	7.608695652173913	2.1028571428571428	12.191105590062111	10.483231055900621	0.29714285714285715	0.07428571428571429	0.6514285714285715	0.0	0.011428571428571429	0.9565217391304348	0.679207661025843	3.0869565217391304	1.9298245614035088	0.005067616969714286	3.6732996666666664e-05	0.022857142857142857	0.18857142857142858	16.91304347826087	1.8472202917855092	3.2930591259640103	2.3513513513513513	0.38857142857142857	0.4906578947368423	-1	-1	0.15428571428571428	0.8556245449882496	175	90	23
16-241	de	6.284313725490196	2.294851794071763	13.940133522987981	11.563007145697593	0.36505460218408736	0.062402496099843996	0.6989079563182528	0.0109204368174727	0.0171606864274571	0.8921568627450981	0.7092471111755818	3.1067961165048543	1.4703389830508475	0.0036916564436817473	4.3209380825958705e-05	0.005534507094569497	0.7363494539781591	14.310679611650485	1.701599484023813	3.45010183299389	2.2579505300353357	0.41497659906396256	0.6697416974169733	0.9163927318505755	0.970689662655891	0.1482059282371295	0.906832068548224	626	339	103
10-21	de	6.395348837209302	2.3127272727272725	14.194367864693447	11.43982959830867	0.33454545454545453	0.05454545454545454	0.6909090909090909	0.0	0.0036363636363636364	0.7674418604651163	0.6638123936443265	2.9302325581395348	1.5	0.00448295500509091	7.52485385620915e-05	0.012822966507177033	0.49818181818181817	15.13953488372093	1.869285296167181	3.32375189107413	2.4069767441860463	0.41454545454545455	0.5964204545454549	-1	-1	0.1781818181818182	0.876011058306523	274	153	43
4-6	de	5.604651162790698	1.8506224066390042	8.43315835182862	7.191516761555533	0.2863070539419087	0.024896265560165973	0.6846473029045643	0.0	0.008298755186721992	0.8837209302325582	0.6831581117295406	2.627906976744186	1.3888888888888888	0.004073722080082988	5.578533909090909e-05	0.016078838174273857	0.11618257261410789	11.55813953488372	1.54458706668009	3.3432539682539684	2.3516483516483517	0.5228215767634855	0.6422535211267604	-1	-1	0.1950207468879668	0.9348936305856931	238	110	43
5-72	de	5.380530973451328	1.8026315789473684	7.779459711224966	6.036598462971588	0.30098684210526316	0.05592105263157895	0.6924342105263158	0.008223684210526315	0.008223684210526315	0.7787610619469026	0.7041354478854478	2.353982300884956	1.6439024390243901	0.005029425661019737	5.08564889632107e-05	0.005263157894736842	0.7450657894736842	11.11504424778761	1.4899959281914954	3.3861852433281006	2.409090909090909	0.43585526315789475	0.6805500982318262	0.6482613808520221	0.7726592600049854	0.18092105263157895	0.9099968693761213	597	299	113
21-255	de	7.398496240601504	1.6382113821138211	6.626307842777678	4.715737921022068	0.25609756097560976	0.037601626016260166	0.7134146341463414	0.01016260162601626	0.013211382113821139	0.9774436090225563	0.696068174744645	2.9774436090225564	1.6736111111111112	0.004144850127642276	9.927041101321586e-05	0.004657859078590786	0.32113821138211385	13.06766917293233	1.5072492902034422	3.7332945961650204	2.15311004784689	0.35365853658536583	0.6516271186440658	0.7172919682576877	0.8589751309009367	0.18800813008130082	0.9050745824684286	980	454	133
8-21	de	5.305555555555555	1.963350785340314	9.646705933682377	7.498999883653287	0.3193717277486911	0.041884816753926704	0.675392670157068	0.0	0.015706806282722512	0.8333333333333334	0.6654318697175842	2.25	1.6865671641791045	0.005199022994240838	5.8132154368932044e-05	0.014543339150668994	0.10471204188481675	12.055555555555555	1.7572380551547218	3.2162162162162162	2.5789473684210527	0.6282722513089005	0.7270652173913043	-1	-1	0.18324607329842932	0.9481566593931573	190	103	36
23-95	de	5.304635761589404	1.9637952559300873	9.6515919669949	8.103408257889559	0.33208489388264667	0.056179775280898875	0.6629213483146067	0.004993757802746567	0.016229712858926344	0.7483443708609272	0.6844619454619455	2.6887417218543046	1.6066176470588236	0.004685469102996255	4.694796044226044e-05	0.005444583159938965	0.4556803995006242	12.304635761589404	1.8124243793060801	3.215230037017451	2.2756756756756755	0.4107365792759051	0.678632478632478	0.7222953864733798	0.815649858667964	0.16978776529338327	0.9148509124249458	789	407	151
17-13	de	7.392857142857143	1.6111111111111112	6.304325396825398	3.8632596273291924	0.21497584541062803	0.01932367149758454	0.6618357487922706	0.007246376811594203	0.004830917874396135	0.8928571428571429	0.708997113997114	2.875	1.7045454545454546	0.005113982643478261	4.7104177777777784e-05	0.010265700483091786	0.28502415458937197	13.892857142857142	1.554771430946934	3.4358974358974357	2.3069306930693068	0.3864734299516908	0.6014285714285705	-1	-1	0.20531400966183574	0.901406507309895	414	171	56
21-131	de	6.285714285714286	2.0972222222222223	11.608650793650796	9.324014357864359	0.3560606060606061	0.06818181818181818	0.6919191919191919	0.005050505050505051	0.013888888888888888	0.873015873015873	0.7140599609540783	2.865079365079365	1.6423611111111112	0.00410233955959596	3.888141462140992e-05	0.004040404040404041	1.2815656565656566	14.96031746031746	1.841192816976025	3.2929025423728815	2.3847926267281108	0.3977272727272727	0.6903751803751833	0.6642015092404692	0.7867019455725401	0.14393939393939395	0.9105696943706949	762	383	126
23-48	de	7.10126582278481	1.9215686274509804	9.854003474807644	7.837714889776395	0.28520499108734404	0.044563279857397504	0.7272727272727273	0.0035650623885918	0.0142602495543672	0.9493670886075949	0.7215438135687005	2.911392405063291	1.586021505376344	0.004458776319073084	4.7401120996441276e-05	0.0071301247771836	0.3850267379679144	14.974683544303797	1.630790214220826	3.353526970954357	2.276923076923077	0.42602495543672014	0.6676839826839831	0.7414467194317829	0.8087200995765755	0.20677361853832443	0.9098219278088171	553	281	79
10-70	de	5.761904761904762	1.9421487603305785	9.574498229043687	6.803845021645023	0.256198347107438	0.05785123966942149	0.6900826446280992	0.004132231404958678	0.024793388429752067	0.8095238095238095	0.7336698093871697	2.5	1.6794871794871795	0.004423276480165289	6.092520666666667e-05	0.015610651974288337	0.128099173553719	11.952380952380953	1.6994657458943172	3.5533596837944663	2.6598639455782314	0.48760330578512395	0.6742657342657342	-1	-1	0.21074380165289255	0.9128774038449984	234	105	42
24-36	de	4.95	1.9292929292929293	9.106156565656566	8.131091178451179	0.3569023569023569	0.06060606060606061	0.7878787878787878	0.03367003367003367	0.006734006734006734	0.7833333333333333	0.6856736483855129	2.5166666666666666	1.4732142857142858	0.002639553960953028	5.001421963190184e-05	0.010311447811447811	0.24579124579124578	11.466666666666667	1.7865989103489104	3.2145922746781115	2.0691244239631335	0.5993265993265994	0.7230808080808075	-1	-1	0.13131313131313133	0.931520381115614	279	163	60
10-23	de	6.4375	2.0436893203883497	11.036158980582528	8.80391067961165	0.36529126213592233	0.03762135922330097	0.6856796116504854	0.007281553398058253	0.00849514563106796	0.8203125	0.6880206735521696	2.96875	1.426791277258567	0.003955769184466019	4.4049503512880564e-05	0.004429611650485436	1.6868932038834952	14.8203125	1.7584731743708863	3.2384453781512605	2.2257142857142855	0.3616504854368932	0.6684965517241371	0.7209897051560447	0.8042877369494362	0.14320388349514562	0.8985655916795128	805	427	128
24-118	de	8.772727272727273	1.9145077720207253	10.422555346208195	8.49700725388601	0.27979274611398963	0.038860103626943004	0.6683937823834197	0.0	0.0	1.0	0.6842088770782342	3.840909090909091	1.680327868852459	0.005819563215803109	5.149942947976878e-05	0.00892343120322395	0.26424870466321243	16.681818181818183	1.5420086824393044	3.649932157394844	2.230769230769231	0.4326424870466321	0.6290592334494776	-1	-1	0.18652849740932642	0.9138877773461812	386	173	44
21-356	de	5.631578947368421	2.072429906542056	11.060988686669948	9.335735514018694	0.3060747663551402	0.0630841121495327	0.6822429906542056	0.007009345794392523	0.002336448598130841	0.868421052631579	0.7517186147186148	2.5921052631578947	1.7062937062937062	0.004659182106074767	6.227121793721973e-05	0.007355486327448944	0.6985981308411215	13.06578947368421	1.8426335843808754	3.246276067527309	2.326923076923077	0.441588785046729	0.7026443768996945	-1	0.7196924595567048	0.21261682242990654	0.9030232677938118	423	223	76
15-12	de	5.747747747747748	2.2711598746081503	13.451308141997796	10.306822796464175	0.3510971786833856	0.07053291536050156	0.7100313479623824	0.006269592476489028	0.014106583072100314	0.7747747747747747	0.7302334994179914	2.6814159292035398	1.5269709543568464	0.003980544445492163	3.6808019207317076e-05	0.004629292119268061	0.9670846394984326	13.300884955752212	1.9161783228050797	3.3333333333333335	2.3987730061349692	0.45297805642633227	0.7184786641929484	0.6596888565656598	0.8552974952156365	0.19122257053291536	0.9205431151667592	616	328	113
24-70	de	6.395348837209302	2.0436363636363635	11.01909513742072	9.566575052854123	0.38545454545454544	0.04909090909090909	0.74	0.02909090909090909	0.01090909090909091	0.872093023255814	0.7187282411431016	2.7032967032967035	1.566326530612245	0.0032823016914545456	7.515395016949153e-05	0.0061157024793388436	0.2909090909090909	13.923076923076923	1.7514171101185865	3.241973375097886	2.2248322147651005	0.52	0.7093348115299342	1.3068243305114262	1.071383248948482	0.14909090909090908	0.9253935280444036	527	295	91
23-57	de	6.9787234042553195	1.8201219512195121	8.60914115204982	6.558869992215879	0.25	0.038109756097560975	0.7088414634146342	0.007621951219512195	0.012195121951219513	0.9361702127659575	0.7170797541765284	2.776595744680851	1.6533333333333333	0.00517828699847561	7.146694501718213e-05	0.005139372822299652	0.6600609756097561	13.861702127659575	1.595296768834003	3.4692307692307693	2.2153846153846155	0.38109756097560976	0.6601256732495506	0.6879243521410657	0.7421488081024727	0.18902439024390244	0.8999919859046238	649	291	94
7-48	de	4.7272727272727275	2.5064102564102564	15.82927738927739	12.599502564102565	0.358974358974359	0.057692307692307696	0.6794871794871795	0.0	0.00641025641025641	0.8484848484848485	0.6883709172771673	2.0606060606060606	1.7586206896551724	0.004824663391666667	2.4042810714285714e-05	0.015734265734265732	0.15384615384615385	12.757575757575758	2.168502667366304	3.208920187793427	2.563380281690141	0.6410256410256411	0.6980701754385965	-1	-1	0.17307692307692307	0.9386267300524292	154	84	33
19-65	de	6.609195402298851	1.982608695652174	10.382368815592205	8.65284007996002	0.32869565217391306	0.05391304347826087	0.6834782608695652	0.01565217391304348	0.0052173913043478265	0.9655172413793104	0.7539262417169393	2.8160919540229883	1.5707317073170732	0.003718532084173913	6.941451020408163e-05	0.006376811594202898	0.6747826086956522	14.28735632183908	1.6718904761754658	3.3668543845534997	2.226244343891403	0.4260869565217391	0.6850210084033614	0.6012330131760624	0.8381746832855085	0.17391304347826086	0.9087205925398509	564	294	87
5-67	de	5.957746478873239	1.8061465721040189	8.046050677587989	6.248676582425999	0.26713947990543735	0.04964539007092199	0.6808510638297872	0.004728132387706856	0.016548463356973995	0.8732394366197183	0.6936559472273757	2.492957746478873	1.5931034482758621	0.00442210189929078	7.15221824742268e-05	0.007880220646178094	0.38534278959810875	11.887323943661972	1.6713981636516846	3.352112676056338	2.292682926829268	0.43498817966903075	0.6589814814814803	-1	-1	0.18203309692671396	0.9165610750158881	417	194	71
24-35	de	5.857142857142857	1.8585365853658538	8.625017421602792	7.46714355400697	0.32682926829268294	0.02926829268292683	0.775609756097561	0.00975609756097561	0.0	0.8285714285714286	0.7077439309056957	2.657142857142857	1.2839506172839505	0.0037802630473170733	6.902581442307692e-05	0.015609756097560976	0.04878048780487805	13.057142857142857	2.0228783302467512	3.2339055793991416	2.1473684210526316	0.6585365853658537	0.7401886792452835	-1	-1	0.17073170731707318	0.9640310024950636	201	104	35
13-102	de	7.41044776119403	1.8298086606243706	8.891816822233249	7.204278628007998	0.27492447129909364	0.0473313192346425	0.7200402819738168	0.044310171198388724	0.019133937562940583	0.8582089552238806	0.794785550706603	2.9558823529411766	1.6957928802588997	0.003433621790271903	7.185420674698796e-05	0.00350530637539701	0.8418932527693856	14.522058823529411	1.555880677724661	3.517641129032258	2.2359081419624216	0.36656596173212486	0.637706935123043	0.6130513937004172	0.7459530401934263	0.2014098690835851	0.8999169496358629	925	415	136
11-40	de	5.377906976744186	1.894054054054054	8.857221558768071	7.307288749214331	0.2864864864864865	0.04432432432432432	0.7610810810810811	0.010810810810810811	0.015135135135135135	0.6918604651162791	0.6597700382788101	2.4709302325581395	1.4925816023738872	0.0037874100354594598	8.210638382022471e-05	0.003423423423423423	0.7859459459459459	10.622093023255815	1.6640767606650548	3.4782608695652173	2.4196185286103544	0.3816216216216216	0.6885351089588382	0.6114202555259389	0.7777205958812758	0.19675675675675675	0.9099718744200017	906	445	172
21-153	de	5.972972972972973	1.8144796380090498	8.15031918796625	6.785208230402348	0.3020361990950226	0.05203619909502263	0.6730769230769231	0.016968325791855202	0.013574660633484163	0.8378378378378378	0.7226782099231076	2.5	1.7958477508650519	0.004955593196832579	5.843936354166667e-05	0.0047762694821518355	0.7669683257918553	12.27027027027027	1.6042863623455728	3.442128359846407	2.3579952267303104	0.34502262443438914	0.6339490445859858	0.6606240309907062	0.8412218969261734	0.19457013574660634	0.891215505080683	858	384	148
12-155	de	8.276923076923078	1.674721189591078	7.399710037174724	4.394310460394624	0.26579925650557623	0.03531598513011153	0.637546468401487	0.01858736059479554	0.013011152416356878	0.8923076923076924	0.6637729458041957	3.4153846153846152	1.7610062893081762	0.005522587381226766	6.306991369863013e-05	0.008519206939281288	0.45724907063197023	14.876923076923077	1.5019031168614403	3.5778688524590163	2.128834355828221	0.3382899628252788	0.5883371298405475	0.42573599188459615	0.7592257102916575	0.20446096654275092	0.8804729953974497	526	219	65
19-75	de	7.4411764705882355	1.7786561264822134	8.300201116019533	7.685370239479191	0.19367588932806323	0.03162055335968379	0.6442687747035574	0.0	0.02766798418972332	0.9411764705882353	0.6838012156193974	3.2058823529411766	1.8852459016393444	0.005729614388932806	7.088685045045044e-05	0.014624505928853756	0.15019762845849802	13.529411764705882	1.445265926883574	3.776086956521739	2.396551724137931	0.3438735177865613	0.47948051948051906	-1	-1	0.2134387351778656	0.8430335391937354	253	111	34
21-354	de	5.382716049382716	2.1376146788990824	11.733112470268434	9.863384618869636	0.36009174311926606	0.052752293577981654	0.6857798165137615	0.006880733944954129	0.006880733944954129	0.8024691358024691	0.641573045010545	2.6049382716049383	1.5654761904761905	0.004044725115366973	6.21076556561086e-05	0.00702408256880734	0.823394495412844	12.08641975308642	1.8518237249718732	3.380811078140455	2.5228426395939088	0.44954128440366975	0.6886943620178034	-1	0.6971689428728023	0.17660550458715596	0.9017020641276747	426	221	81
21-51	de	7.7727272727272725	1.804093567251462	8.729667729930888	6.591091228070176	0.3157894736842105	0.03508771929824561	0.6403508771929824	0.04678362573099415	0.005847953216374269	0.9318181818181818	0.7533493638144804	3.2954545454545454	1.7543859649122806	0.004555749592148246	6.270325782312925e-05	0.009064327485380117	0.22514619883040934	15.363636363636363	1.708758350235623	3.5125925925925925	2.0865384615384617	0.49707602339181284	0.6168312757201644	-1	-1	0.17543859649122806	0.9325765390534206	330	147	44
17-128	de	6.5508474576271185	1.8188874514877102	8.42770243602956	7.322138693621593	0.31047865459249674	0.037516170763260026	0.6895213454075032	0.03363518758085381	0.016817593790426907	0.8813559322033898	0.7279505869249456	3.042372881355932	1.6363636363636365	0.004056105188098318	5.7707074576271185e-05	0.004693281988026114	0.6882276843467011	13.567796610169491	1.7113881362074284	3.291871921182266	2.207317073170732	0.40103492884864167	0.6572997032640955	0.7256927467797143	0.8958793231206117	0.16946959896507116	0.9102170721692789	739	354	118
19-119	de	6.863157894736842	2.0521472392638036	11.301969002260254	9.60778073619632	0.3665644171779141	0.049079754601226995	0.6794478527607362	0.007668711656441718	0.004601226993865031	0.9052631578947369	0.6797620575780774	3.2736842105263158	1.5595238095238095	0.004721164883236197	4.3502538226299695e-05	0.0052013870365430785	1.2177914110429449	15.4	1.694568935678765	3.2885003362474783	2.3493589743589745	0.4171779141104294	0.6890415913200731	0.6223073742881499	0.7629524416153999	0.147239263803681	0.908933746272963	631	327	95
22-66	de	6.554347826086956	2.0066334991708126	10.644470942389503	7.522031235128706	0.2537313432835821	0.03316749585406302	0.7346600331674958	0.013266998341625208	0.02155887230514096	0.9347826086956522	0.7214006111490204	2.760869565217391	1.6037735849056605	0.004645918396517412	9.692512537878788e-05	0.0062649714391007924	0.439469320066335	12.51086956521739	1.4635977549021026	3.801038062283737	2.345622119815668	0.3681592039800995	0.6696825396825394	0.6471830236146509	0.7962350263747644	0.20563847429519072	0.8887862794165138	596	264	92
16-100	de	6.758064516129032	1.9451073985680192	9.99791246439295	6.865091585187466	0.3341288782816229	0.05250596658711217	0.6801909307875895	0.002386634844868735	0.00954653937947494	0.9032258064516129	0.7088104973350873	3.096774193548387	1.5584415584415585	0.004786661065871121	8.99155068627451e-05	0.009438055977435453	0.3723150357995227	14.096774193548388	1.8617554771205027	3.3177676537585423	2.292682926829268	0.41766109785202865	0.5859999999999995	-1	0.9164076780242546	0.1575178997613365	0.9017830645318126	414	204	62
12-34	de	5.898550724637682	1.9754299754299753	10.020508492682406	7.261581661503401	0.28992628992628994	0.051597051597051594	0.6265356265356266	0.012285012285012284	0.007371007371007371	0.9130434782608695	0.6465511204481791	2.739130434782609	1.7703703703703704	0.005104781424324324	3.519606898395722e-05	0.0085995085995086	0.3464373464373464	12.956521739130435	1.639336951293473	3.349330357142857	2.3505747126436782	0.3906633906633907	0.6046103896103884	-1	-1	0.2285012285012285	0.8950552492904532	399	187	69
13-99	de	5.934782608695652	1.934065934065934	9.546543239369328	6.61286341774168	0.315018315018315	0.06593406593406594	0.6593406593406593	0.0	0.01098901098901099	0.8913043478260869	0.6921842355175689	2.617021276595745	1.5816326530612246	0.004330308554945055	3.285036818181818e-05	0.014957264957264956	0.17582417582417584	12.404255319148936	1.8634942775900223	3.250841750841751	2.1782178217821784	0.46886446886446886	0.626494252873563	-1	-1	0.16483516483516483	0.8999851364735976	267	132	47
7-79	de	4.786127167630058	2.010869565217391	10.004850464940937	8.186532732959147	0.30917874396135264	0.06280193236714976	0.6847826086956522	0.0024154589371980675	0.010869565217391304	0.6705202312138728	0.6841899057015335	2.2586206896551726	1.570945945945946	0.004171808557246377	4.2181154634146343e-05	0.0043859649122807015	0.5277777777777778	10.362068965517242	1.6554472666541633	3.3708173340647285	2.4896907216494846	0.4227053140096618	0.6774211248285329	0.9306094359493624	1.0008281801165928	0.20169082125603865	0.9268290297499293	813	410	174
17-68	de	6.231884057971015	1.8104651162790697	8.20392315470172	6.967319851702058	0.3302325581395349	0.03488372093023256	0.7209302325581395	0.02558139534883721	0.012790697674418604	0.8478260869565217	0.7407058575842528	2.888111888111888	1.474025974025974	0.003866151761627907	6.642559448275862e-05	0.003937168502651979	1.2593023255813953	12.503496503496503	1.6631266696158036	3.3679092382495948	2.297222222222222	0.4069767441860465	0.7130749014454651	0.7411510907542359	0.8501895083315341	0.15465116279069768	0.9075085958810798	832	435	143
19-92	de	6.052083333333333	1.8485370051635113	8.583049160929434	7.5953420682730926	0.28055077452667815	0.03442340791738382	0.7469879518072289	0.0034423407917383822	0.0189328743545611	0.8541666666666666	0.7426441979073555	2.8958333333333335	1.4764150943396226	0.0037468341406196215	5.55492033457249e-05	0.005220883534136547	0.5197934595524957	13.052083333333334	1.6675556821382091	3.3288108539505186	2.297169811320755	0.4440619621342513	0.700103734439834	0.7297415787075878	0.9041140260467407	0.19793459552495696	0.9321188178933583	576	269	96
19-31	de	6.1940298507462686	1.7542168674698795	7.525430677935628	5.951557453695379	0.27349397590361446	0.02650602409638554	0.6771084337349398	0.030120481927710843	0.03614457831325301	0.8059701492537313	0.6782690784570482	2.762962962962963	1.701195219123506	0.004956376980000001	5.769533081081081e-05	0.004572836801752465	0.9204819277108434	12.57037037037037	1.5487650530933985	3.348946135831382	2.1834625322997416	0.3457831325301205	0.6246374829001389	0.5498339882669637	0.6461530472650476	0.24457831325301205	0.8855059273390455	794	370	135
17-15	de	6.426356589147287	1.9722557297949337	10.18889668134766	8.360355337990107	0.30156815440289503	0.07478890229191798	0.6755126658624849	0.0	0.009650180940892641	0.8682170542635659	0.7098601013467738	2.9153846153846152	1.6629213483146068	0.003690697738359469	5.171003464373465e-05	0.004652765810787524	0.7876960193003619	13.376923076923077	1.7098795646813032	3.445073612684032	2.3442622950819674	0.3498190591073583	0.6556164383561647	0.674304456862975	0.8148347446702775	0.19059107358262967	0.8960995951470041	822	407	130
16-141	de	7.059523809523809	1.954468802698145	10.225946157552396	7.6451837468883	0.2765598650927487	0.06239460370994941	0.6762225969645869	0.02023608768971332	0.01517706576728499	0.9285714285714286	0.7140689965991169	2.9166666666666665	1.8020833333333333	0.0045250024235750416	6.967880871212122e-05	0.005677346824058459	0.5581787521079258	14.5	1.7814600655724604	3.5065897858319603	2.30327868852459	0.448566610455312	0.6906680161943329	0.6303128086547312	0.8474218609374464	0.20067453625632378	0.9241998983796237	571	264	84
24-112	de	7.5	1.8	8.575000000000003	7.081400000000001	0.2	0.05333333333333334	0.6666666666666666	0.0	0.04	1.0	0.755050505050505	3.1	1.7142857142857142	0.005905471066666667	9.958218749999999e-05	0.03333333333333333	0.04	12.8	1.4137395937395936	3.89922480620155	2.066666666666667	0.64	0.64	-1	-1	0.22666666666666666	0.9287712379549449	75	32	10
18-30	de	4.248407643312102	2.2488755622188905	12.60361061507463	10.871480684498517	0.3868065967016492	0.06296851574212893	0.7151424287856072	0.0029985007496251873	0.005997001499250375	0.6560509554140127	0.6847954040261731	2.1910828025477707	1.4465648854961832	0.004339343581559221	3.3417565840220384e-05	0.004819019061897622	0.6611694152923538	11.286624203821656	1.9355766402740924	3.076541850220264	2.4790697674418603	0.46476761619190404	0.6783098591549287	0.9678398173827077	1.0539845301223312	0.17841079460269865	0.924782137704973	642	363	157
21-117	de	6.91919191919192	1.837956204379562	8.796368060163683	6.94559691808597	0.2846715328467153	0.05401459854014599	0.6671532846715329	0.00291970802919708	0.027737226277372264	0.8686868686868687	0.6705811112323712	2.878787878787879	1.8115942028985508	0.0040322284020437955	6.918739447852762e-05	0.006875441488109254	0.4759124087591241	13.070707070707071	1.4962757764017265	3.643625192012289	2.4796747967479673	0.35474452554744523	0.6123890784982922	0.6420267251437615	0.7925640578460236	0.19562043795620437	0.8844106738260537	677	326	99
4-39	de	4.931034482758621	1.6783216783216783	6.137299252471671	4.363664769713046	0.2517482517482518	0.006993006993006993	0.6713286713286714	0.0	0.013986013986013986	0.8275862068965517	0.79757326007326	2.310344827586207	1.5	0.004971589347552448	5.8430539705882356e-05	0.022144522144522144	0.04895104895104895	9.689655172413794	1.6063628899835796	3.313588850174216	2.289473684210526	0.5944055944055944	0.6043181818181815	-1	-1	0.23076923076923078	0.9318209391823413	143	68	29
23-13	de	6.2592592592592595	1.8520710059171597	8.7055489809336	7.48154814814815	0.28994082840236685	0.05325443786982249	0.6863905325443787	0.008875739644970414	0.020710059171597635	0.9259259259259259	0.679548360444587	2.6	1.623931623931624	0.004565274115384615	5.1419816455696206e-05	0.007889546351084811	0.39644970414201186	13.0	1.7028841360659543	3.3798882681564244	2.236842105263158	0.45857988165680474	0.6666945606694559	-1	-1	0.19822485207100593	0.9135577274327158	334	158	55
22-29	de	6.947368421052632	1.875	9.244473684210526	6.758342424242425	0.24621212121212122	0.06060606060606061	0.7196969696969697	0.003787878787878788	0.007575757575757576	0.9473684210526315	0.6787888537888538	3.0	1.5340909090909092	0.00422178583219697	6.949079380530973e-05	0.011363636363636364	0.24242424242424243	13.0	1.4826629510840037	3.789046653144016	2.3088235294117645	0.45075757575757575	0.6334545454545454	-1	-1	0.20454545454545456	0.8986982674094584	264	113	38
3-44	de	7.901408450704225	1.6702317290552584	7.2002836986266985	5.917256312922095	0.20855614973262032	0.016042780748663103	0.7076648841354723	0.016042780748663103	0.0285204991087344	0.9577464788732394	0.7136580150454829	3.0422535211267605	1.6851851851851851	0.005341187891622103	6.817222959641256e-05	0.0071301247771836	0.1408199643493761	14.014084507042254	1.393620630639469	3.598385469223007	2.1794871794871793	0.38146167557932265	0.6268614718614725	0.8002208850297542	0.9833144808922868	0.2192513368983957	0.8973323705988732	546	223	71
15-38	de	6.478260869565218	1.988255033557047	10.39793113510359	9.392695418733586	0.32550335570469796	0.06879194630872483	0.6795302013422819	0.031879194630872486	0.006711409395973154	0.9021739130434783	0.7073616249440423	3.0652173913043477	1.763819095477387	0.004356117121812081	4.6025924113475176e-05	0.006267272009474931	0.6610738255033557	14.293478260869565	1.7279037281275134	3.374717832957111	2.15625	0.42953020134228187	0.6553923541247494	0.7370455512025806	0.8343676453599145	0.15604026845637584	0.911334322216641	569	282	92
2-16	de	7.171428571428572	1.8087649402390438	8.550283437677859	6.314580785429712	0.26294820717131473	0.05179282868525897	0.6892430278884463	0.0	0.00796812749003984	0.8857142857142857	0.6604502582763453	3.2857142857142856	1.6176470588235294	0.0054558643673306775	7.316018042553191e-05	0.011329681274900399	0.13745019920318724	13.871428571428572	1.588037427092049	3.444672131147541	2.4	0.34063745019920316	0.5548138957816382	-1	0.7653503124415784	0.17131474103585656	0.8558944305123528	490	235	70
15-32	de	6.617021276595745	2.1639871382636655	12.525686529383595	9.435771102141345	0.3762057877813505	0.04180064308681672	0.7106109324758842	0.01607717041800643	0.006430868167202572	0.8936170212765957	0.7574384552645421	2.893617021276596	1.5609756097560976	0.00444560124051447	3.83803901734104e-05	0.010523238819058756	0.4437299035369775	14.53191489361702	1.7439795529694089	3.453623188405797	2.4482758620689653	0.4983922829581994	0.6374056603773587	-1	-1	0.1607717041800643	0.9156281543107482	305	173	47
22-45	de	6.416666666666667	1.7893217893217894	8.026497113997117	5.461286580086582	0.19336219336219337	0.02886002886002886	0.7777777777777778	0.005772005772005772	0.021645021645021644	0.9074074074074074	0.7295494225400766	2.779816513761468	1.3174603174603174	0.00404814548917749	9.866415037593985e-05	0.0039000039000039	0.7518037518037518	11.614678899082568	1.4132992950486323	3.7149606299212596	2.2379032258064515	0.35209235209235207	0.6752020202020206	0.5113606184636821	0.7462741331786308	0.2222222222222222	0.9166288521346735	691	266	109
16-153	de	5.36	2.388059701492537	14.679504477611939	12.413460656716419	0.43582089552238806	0.07611940298507462	0.7567164179104477	0.04477611940298507	0.008955223880597015	0.696	0.7862150595819947	2.152173913043478	1.3780918727915195	0.0026542235141791045	3.3264917934782607e-05	0.0051741293532338315	1.5731343283582089	14.246376811594203	1.9071918978804159	3.0333839150227617	2.4153577661431065	0.41044776119402987	0.6694220665499131	0.5995022466047423	0.842896854096879	0.10597014925373134	0.8854155690772756	607	368	138
18-36	de	4.194117647058824	2.3394109396914446	13.65075497071199	11.243830103126804	0.38288920056100983	0.07713884992987377	0.7251051893408135	0.001402524544179523	0.008415147265077139	0.6352941176470588	0.6511394839449137	2.0584795321637426	1.5698924731182795	0.004077296801823282	3.275509676549865e-05	0.005154277699859747	0.6549789621318373	10.567251461988304	1.9722274604776913	3.1168274383708465	2.514018691588785	0.45722300140252453	0.7207003257328977	1.1524175082609267	1.1088965605061185	0.1640953716690042	0.9242517553102649	688	371	171
15-37	de	6.875	1.9666666666666666	10.297916666666666	7.855500000000001	0.27575757575757576	0.07121212121212121	0.6666666666666666	0.015151515151515152	0.024242424242424242	0.90625	0.6924240525556312	3.09375	1.7685185185185186	0.004440746286060606	7.297540209790209e-05	0.0056565656565656566	0.4803030303030303	13.177083333333334	1.6350538329283735	3.6390804597701147	2.4218009478672986	0.4121212121212121	0.6549554367201431	0.6276220964897635	0.8226416580212361	0.18181818181818182	0.9267600078614393	648	286	96
17-110	de	6.87378640776699	1.8559322033898304	8.99077669902913	7.213195392463387	0.2966101694915254	0.05649717514124294	0.7090395480225988	0.0	0.022598870056497175	0.8543689320388349	0.7270215280821566	2.941747572815534	1.5121951219512195	0.004523880718220338	4.366331019830028e-05	0.0053358443188951665	0.6779661016949152	14.37864077669903	1.606766793552916	3.3597315436241613	2.3057851239669422	0.3601694915254237	0.6525944170771754	0.7457064949333704	0.9906009977783772	0.19915254237288135	0.8961943235699035	701	353	103
5-15	de	5.524590163934426	1.9940652818991098	10.094560490343923	8.290996341878678	0.31750741839762614	0.06231454005934718	0.6617210682492581	0.002967359050445104	0.008902077151335312	0.8688524590163934	0.7734620472120473	2.5245901639344264	1.6694214876033058	0.004634856507418398	4.288658421052631e-05	0.013238986532755079	0.16023738872403562	12.065573770491802	2.1797542166394623	3.369918699186992	2.2717391304347827	0.4688427299703264	0.6515546218487389	-1	-1	0.1661721068249258	0.9051468068679175	335	171	61
10-45	de	6.7190082644628095	1.916359163591636	9.643451353521801	7.655429251928883	0.3013530135301353	0.03567035670356704	0.6998769987699877	0.03690036900369004	0.007380073800738007	0.8512396694214877	0.7425145918895918	2.9421487603305785	1.6185567010309279	0.004689044039286593	5.394942724867725e-05	0.004980049800498005	0.8142681426814268	14.173553719008265	1.6955337382384947	3.3789107763615296	2.1450617283950617	0.3714637146371464	0.6660364145658252	0.6907195294460197	0.8132537998967917	0.15867158671586715	0.8901934145072716	776	378	121
8-79	de	7.774647887323944	1.8876811594202898	9.716750357215762	8.009105909369259	0.2717391304347826	0.03804347826086957	0.6811594202898551	0.0	0.009057971014492754	0.9577464788732394	0.6853743082314508	3.380281690140845	1.6228571428571428	0.004913004214492754	6.275393098039216e-05	0.00538150042625746	0.9094202898550725	15.943661971830986	1.7153131102074763	3.5336879432624113	2.3333333333333335	0.39311594202898553	0.6751655629139077	0.48616408450823123	0.6819995992974229	0.22644927536231885	0.9005947012101657	545	255	71
13-113	de	5.1891891891891895	2.1041666666666665	11.26295045045045	8.715288682432433	0.3333333333333333	0.046875	0.71875	0.010416666666666666	0.015625	0.8648648648648649	0.7007688299354968	2.189189189189189	1.625	0.004155801978125	4.6281822826086956e-05	0.016276041666666664	0.09375	11.72972972972973	1.8545765486941959	3.32648401826484	2.4210526315789473	0.6197916666666666	0.7019354838709677	-1	-1	0.15104166666666666	0.9488412313050654	189	92	37
24-84	de	5.479591836734694	2.206703910614525	12.586146961577928	11.091113267206323	0.3407821229050279	0.0633147113594041	0.7169459962756052	0.00186219739292365	0.024208566108007448	0.7653061224489796	0.6368351579691783	2.683673469387755	1.6180904522613064	0.004390005187150838	5.347189325842697e-05	0.006374444921930955	0.45996275605214154	12.489795918367347	1.7954398067918476	3.4166001596169195	2.5129310344827585	0.49534450651769085	0.708310502283106	0.800597503934033	0.875813836568198	0.19366852886405958	0.9381624723608539	521	267	98
13-104	de	5.844444444444444	2.0038022813688214	10.334200253485427	8.383826092099705	0.2965779467680608	0.049429657794676805	0.6844106463878327	0.019011406844106463	0.015209125475285171	0.8666666666666667	0.7526360335570863	2.5217391304347827	1.8024691358024691	0.004462246859695818	5.8179402362204725e-05	0.01052939455981281	0.19011406844106463	11.891304347826088	1.592105977639865	3.4776386404293382	2.337078651685393	0.596958174904943	0.7118292682926828	-1	-1	0.19771863117870722	0.9527131042775654	260	127	46
12-93	de	7.673267326732673	1.6941935483870967	7.394058128393485	4.502550942190994	0.24516129032258063	0.05935483870967742	0.7096774193548387	0.016774193548387096	0.014193548387096775	0.9306930693069307	0.6956615402571282	3.108910891089109	1.7863247863247864	0.005156527363870968	8.173421876923077e-05	0.005568760611205433	0.6245161290322581	13.554455445544555	1.4532442461775295	3.523638968481375	2.1784037558685445	0.2864516129032258	0.5629733727810663	0.5227890244387615	0.5970841893970844	0.18580645161290324	0.8556205857495847	760	325	101
6-84	de	5.5	1.9454545454545455	9.51136363636364	8.611327272727275	0.23636363636363636	0.0	0.7090909090909091	0.0	0.0	1.0	0.7671957671957671	2.8	1.4444444444444444	0.003678467018181818	8.479561538461538e-05	0.03636363636363636	0.0	11.7	1.6858974358974357	3.4152542372881354	2.111111111111111	0.8	0.8	-1	-1	0.23636363636363636	0.9879620776439305	54	26	10
21-165	de	9.051020408163266	1.7282976324689967	8.333810022317838	5.349018323631595	0.2525366403607666	0.03494926719278467	0.6347237880496054	0.02367531003382187	0.018038331454340473	0.9489795918367347	0.7428670695746439	3.5306122448979593	1.7452471482889733	0.005221321210372041	5.1891676502732246e-05	0.005362747189128249	0.6155580608793687	17.448979591836736	1.5593897452615255	3.4174927113702624	2.2125435540069684	0.3032694475760992	0.6160532994923855	0.5946530341661234	0.7014295257156418	0.18489289740698986	0.8788256889491638	869	366	98
7-41	de	5.718446601941747	1.9134125636672326	9.21846242603063	7.324825460299667	0.3157894736842105	0.03904923599320883	0.7096774193548387	0.022071307300509338	0.01867572156196944	0.7864077669902912	0.7360301687291304	2.592233009708738	1.4976076555023923	0.004153412091001698	5.826469540229885e-05	0.005460468957922269	0.8115449915110357	12.009708737864077	1.6179547259644347	3.317034700315457	2.335689045936396	0.43463497453310695	0.6956734693877535	0.7323756438441852	0.8546551248900291	0.16808149405772496	0.9131792127669316	558	261	103
16-260	de	7.2	2.2669753086419755	13.968308641975312	10.619688765432098	0.2932098765432099	0.05709876543209876	0.7391975308641975	0.012345679012345678	0.009259259259259259	0.9555555555555556	0.721625503086177	3.2222222222222223	1.4786324786324787	0.0037215868908950615	3.955900725552051e-05	0.007359924026590693	0.2700617283950617	15.311111111111112	1.6584013362225436	3.6052439912600147	2.284974093264249	0.3950617283950617	0.6518943533697643	0.787973764841872	0.9195779410330719	0.19907407407407407	0.8997867568773203	641	317	90
7-11	de	5.494949494949495	2.1875	12.365530303030305	10.331641584967318	0.37683823529411764	0.05514705882352941	0.7481617647058824	0.022058823529411766	0.0055147058823529415	0.8585858585858586	0.6570574550166388	2.6565656565656566	1.4811320754716981	0.0030220319744485294	3.5596302572347266e-05	0.006758217993079584	0.8897058823529411	14.444444444444445	1.7226805750201473	2.989532449406839	2.193820224719101	0.44485294117647056	0.6919999999999995	0.7016521353423023	0.7055965116814209	0.13786764705882354	0.9018007812774196	529	311	99
22-58	de	5.943181818181818	1.9388145315487573	9.605852381366244	8.742046080305927	0.28680688336520077	0.06309751434034416	0.6902485659655831	0.0	0.021032504780114723	0.8636363636363636	0.6561407302786613	2.784090909090909	1.7028571428571428	0.0044939032091778205	6.45030054054054e-05	0.006612492033142129	0.42829827915869984	11.977272727272727	1.6729246447996446	3.5507921714818265	2.435374149659864	0.4340344168260038	0.681132075471699	0.8979458505360758	0.8600617957328767	0.19694072657743786	0.9252875020448446	522	259	88
20-10	de	8.2	1.7349593495934958	8.080520325203253	5.970690406504066	0.25691056910569104	0.04715447154471545	0.71869918699187	0.0065040650406504065	0.014634146341463415	0.9733333333333334	0.7055315378844792	3.493333333333333	1.7587939698492463	0.004768666359674797	9.008571268115942e-05	0.005878674171357098	0.3983739837398374	15.453333333333333	1.5620591075591075	3.5251299826689775	2.1779141104294477	0.375609756097561	0.6457170542635658	0.7656440761866005	0.8029308426695522	0.1967479674796748	0.8938651603109882	609	276	75
21-6	de	7.84	1.8265306122448979	9.020661224489796	6.577786775510205	0.28061224489795916	0.08333333333333333	0.7448979591836735	0.013605442176870748	0.022108843537414966	0.88	0.7047354891125922	3.24	1.6354679802955665	0.0033803229644557824	6.0382411594202906e-05	0.006274923762608492	0.32482993197278914	15.706666666666667	1.615876516060948	3.3956594323873124	2.305439330543933	0.4217687074829932	0.6659100204498957	0.6362534986178949	0.9991493996171097	0.1921768707482993	0.9073848199924558	574	276	75
8-63	de	6.763636363636364	1.8790322580645162	9.220398826979476	8.357035913978494	0.2903225806451613	0.05913978494623656	0.6532258064516129	0.024193548387096774	0.005376344086021506	0.9090909090909091	0.6846291689428944	2.8363636363636364	1.846774193548387	0.005474320882526882	6.231469944134078e-05	0.009707287933094385	0.1989247311827957	13.290909090909091	1.6427055970892166	3.4918918918918918	2.1379310344827585	0.4731182795698925	0.6613186813186813	-1	-1	0.1827956989247312	0.9147058472151189	364	179	55
8-43	de	6.213483146067416	1.9620253164556962	9.985157161143508	7.88351463518703	0.28390596745027125	0.05786618444846293	0.6672694394213382	0.003616636528028933	0.012658227848101266	0.8876404494382022	0.7329497207338117	2.606741573033708	1.687830687830688	0.004915157713019891	4.189100661764706e-05	0.007099323555019758	0.5135623869801085	14.134831460674157	1.9807488513765994	3.312946783161239	2.371308016877637	0.4141048824593128	0.6598017621145373	0.5305430087379704	0.8889003719359632	0.19349005424954793	0.9042246126912364	543	272	89
23-84	de	6.351648351648351	1.9238754325259515	9.588872960949086	6.911978303357542	0.27335640138408307	0.04844290657439446	0.6660899653979239	0.00865051903114187	0.00865051903114187	0.9120879120879121	0.7345791862458529	2.8461538461538463	1.6564102564102565	0.005209757653979239	5.736975375494071e-05	0.007058823529411765	0.39792387543252594	13.31868131868132	1.7058541275574242	3.401968826907301	2.336322869955157	0.3754325259515571	0.6449269311064715	0.595623731671888	0.861047375685141	0.18685121107266436	0.8943451207365134	566	253	91
5-103	de	6.125	2.076530612244898	11.3018112244898	8.01690612244898	0.2857142857142857	0.0663265306122449	0.6581632653061225	0.0	0.00510204081632653	0.96875	0.7138051017083276	2.875	1.703125	0.004031505831122449	6.57497623655914e-05	0.016581632653061222	0.05612244897959184	13.125	1.6616596077533579	3.458628841607565	2.4375	0.5612244897959183	0.6245360824742265	-1	-1	0.1989795918367347	0.9309244532965925	193	93	32
24-127	de	5.53932584269663	2.1399594320486814	11.821858376826128	10.33740246142626	0.28600405679513186	0.08113590263691683	0.7281947261663286	0.0	0.018255578093306288	0.7752808988764045	0.6072269586474132	2.460674157303371	1.6331360946745561	0.003545333987626775	5.634429170124481e-05	0.0068789134844342535	0.359026369168357	12.179775280898877	1.7316954758618235	3.5063636363636363	2.3163841807909606	0.45233265720081134	0.7183248730964467	-1	0.8026514544766168	0.20689655172413793	0.9171602854931852	479	241	89
4-30	de	6.186440677966102	1.9917808219178081	10.325725563036919	7.796085210123055	0.3780821917808219	0.07945205479452055	0.6767123287671233	0.0	0.0	0.9152542372881356	0.677418530308997	3.2033898305084745	1.4822695035460993	0.0033404679887671235	4.686496850828729e-05	0.00980533525594809	0.3506849315068493	13.779661016949152	1.7277684415396282	3.2179640718562874	2.3575129533678756	0.4931506849315068	0.6764285714285719	-1	-1	0.1178082191780822	0.9209376698665342	354	181	59
13-81	de	6.2	1.93841642228739	9.701313782991203	8.223384868035192	0.3225806451612903	0.0747800586510264	0.7067448680351907	0.016129032258064516	0.010263929618768328	0.7727272727272727	0.7174619722784856	2.8	1.6095617529880477	0.004511330940615835	6.498619512195122e-05	0.004835589941972921	1.312316715542522	13.89090909090909	1.737530543386449	3.251779935275081	2.1739130434782608	0.39296187683284456	0.6831217838765018	0.6104579067743303	0.755592459992363	0.15542521994134897	0.8964171676335301	653	328	110
24-39	de	6.023076923076923	1.9195402298850575	9.409574712643678	7.454178512624031	0.2554278416347382	0.05491698595146871	0.768837803320562	0.0	0.02681992337164751	0.7923076923076923	0.6823138855115595	2.6153846153846154	1.5305343511450382	0.004097935969220945	7.050800113636364e-05	0.004557064901892488	0.9808429118773946	12.307692307692308	1.7364209502161991	3.43992606284658	2.4054982817869415	0.34355044699872284	0.6901754385964916	0.4981190535973842	0.6459580926710401	0.21328224776500637	0.8817887483366067	768	352	130
24-64	de	6.238532110091743	1.8720588235294118	8.933321640582843	7.031906098219103	0.40588235294117647	0.045588235294117645	0.736764705882353	0.03823529411764706	0.011764705882352941	0.8165137614678899	0.7577507026581097	2.743119266055046	1.6329113924050633	0.002952518993382353	5.272317768595041e-05	0.0051062091503267975	0.4235294117647059	14.146788990825687	1.8001038693598919	3.1874189364461736	2.056847545219638	0.5029411764705882	0.700808950086058	1.1266933398367867	0.9279827378130302	0.16323529411764706	0.9298039305156408	637	363	109
14-49	de	5.328125	2.2536656891495603	13.081223881964814	10.356141092375367	0.3255131964809384	0.06158357771260997	0.6935483870967742	0.001466275659824047	0.016129032258064516	0.6796875	0.6511715537306086	2.4186046511627906	1.5846774193548387	0.005120692484897361	4.3527040058479535e-05	0.006905685365622931	0.5366568914956011	11.813953488372093	1.849777962448961	3.3526785714285716	2.4748201438848922	0.36950146627565983	0.680360205831904	0.6184521735974114	0.8561885500100351	0.16422287390029325	0.8928286430527842	672	342	129
24-95	de	8.227272727272727	2.3572744014732967	15.434474301021265	12.189808103130755	0.40331491712707185	0.03867403314917127	0.7348066298342542	0.011049723756906077	0.009208103130755065	0.8939393939393939	0.7116561216561217	3.196969696969697	1.5654450261780104	0.003921150324309392	5.2502762765957445e-05	0.0070902394106814	0.6961325966850829	18.272727272727273	1.646988744035254	3.5073770491803278	2.3518518518518516	0.40699815837937386	0.596644144144144	0.7330408567573656	0.7754769622223996	0.10865561694290976	0.8916201309490895	525	282	66
24-9	de	7.234567901234568	1.872013651877133	9.321242573631654	6.70716241520246	0.26109215017064846	0.06825938566552901	0.6535836177474402	0.0017064846416382253	0.010238907849829351	0.9012345679012346	0.6583553772616273	3.1481481481481484	1.7526315789473683	0.004559800190955632	9.429722411067194e-05	0.005843417106215741	0.5255972696245734	13.246913580246913	1.5035025947564646	3.822429906542056	2.3174603174603177	0.3890784982935154	0.61182751540041	0.6685653924162499	0.7657617316007235	0.23208191126279865	0.8943451207365134	580	253	81
17-107	de	7.242424242424242	1.8253138075313808	8.773248383415751	7.00170739191074	0.28556485355648537	0.03347280334728033	0.7102510460251046	0.05543933054393305	0.011506276150627616	0.9166666666666666	0.7116154920547594	2.9696969696969697	1.6325878594249201	0.00409948845125523	6.803411699029127e-05	0.00401673640167364	0.8305439330543933	15.151515151515152	1.7165007441310918	3.358641358641359	2.2159827213822894	0.3608786610878661	0.677992998833142	0.6443815880250993	0.7893713542643653	0.18305439330543932	0.895042489811753	898	412	132
1-9	de	4.578947368421052	2.0416666666666665	10.287456140350876	9.011189080459772	0.4209770114942529	0.09051724137931035	0.7772988505747126	0.0	0.0028735632183908046	0.6513157894736842	0.7070575671569047	2.5	1.546075085324232	0.003511082696839081	3.908058677494199e-05	0.005427841634738187	1.5057471264367817	10.927631578947368	1.832963089542037	3.1099773242630384	2.5228070175438595	0.40086206896551724	0.6877386934673358	0.5733948288518147	0.7141335589815545	0.10632183908045977	0.886877924631318	685	431	152
23-59	de	5.62	1.8576512455516014	8.522084697508898	6.775802790035588	0.26334519572953735	0.042704626334519574	0.6512455516014235	0.0	0.0071174377224199285	0.98	0.7032423358953971	2.36	1.7142857142857142	0.005328957682562278	7.22445870967742e-05	0.012141511408833995	0.28825622775800713	11.52	1.5889321789321789	3.3947826086956523	2.3684210526315788	0.4412811387900356	0.6280769230769224	-1	-1	0.2099644128113879	0.895692099055708	277	124	50
19-42	de	6.2105263157894735	2.0542372881355933	11.072105263157898	9.226450847457627	0.31864406779661014	0.04406779661016949	0.6915254237288135	0.013559322033898305	0.010169491525423728	0.8736842105263158	0.7301173677013542	2.7083333333333335	1.645933014354067	0.0048473044455932205	5.251272132867133e-05	0.005486173059768064	0.8203389830508474	14.427083333333334	1.8099811867734663	3.3335709194583036	2.2384341637010676	0.43389830508474575	0.687922606924641	0.49341281647233115	0.8036230300845969	0.1711864406779661	0.9111207665894401	576	286	96
5-130	de	6.6	1.9406060606060607	9.883151515151514	7.773610909090909	0.27636363636363637	0.06909090909090909	0.7163636363636363	0.007272727272727273	0.008484848484848486	0.864	0.7366575181091308	2.944	1.6140350877192982	0.004498389468484848	6.453372191435768e-05	0.004536796536796537	0.5563636363636364	14.16	1.6408027814462798	3.3645598194130923	2.2170087976539588	0.4109090909090909	0.6761570247933881	0.8785994912500102	0.9479639943515141	0.1781818181818182	0.9179679036805735	813	397	125
5-50	de	5.96039603960396	2.0714285714285716	11.17741159830269	9.18106326765567	0.3106312292358804	0.059800664451827246	0.6976744186046512	0.011627906976744186	0.006644518272425249	0.8514851485148515	0.7255056441143395	2.4257425742574257	1.6067961165048543	0.004093063820764119	7.314118389261745e-05	0.004898202572621178	0.8239202657807309	13.623762376237623	1.8960970167798938	3.263233190271817	2.5182724252491693	0.4318936877076412	0.7278926441351871	0.6438389574970784	0.8637489270412093	0.16611295681063123	0.9065650732530971	578	298	101
24-17	de	6.494623655913978	1.978476821192053	10.288929715872676	8.001132863348289	0.2897350993377483	0.04304635761589404	0.6605960264900662	0.006622516556291391	0.0	0.8387096774193549	0.6891787166834424	2.978494623655914	1.624413145539906	0.005523152458443709	5.828282699619772e-05	0.00574296357615894	0.6672185430463576	14.13978494623656	1.8299539647926744	3.31797583081571	2.3304347826086955	0.36920529801324503	0.5979801980198036	0.9271978981320693	0.8593079590219546	0.1870860927152318	0.9016047459985225	592	263	93
7-85	de	5.084967320261438	2.0668380462724936	10.781826200917386	8.713162834148227	0.34704370179948585	0.03598971722365039	0.7159383033419023	0.011568123393316195	0.010282776349614395	0.7058823529411765	0.6976059082386481	2.4285714285714284	1.4833333333333334	0.004683385669794345	3.7753225885558585e-05	0.004736741883271446	1.2275064267352185	11.155844155844155	1.7911423177249841	3.315729699034639	2.3089430894308944	0.36118251928020567	0.6774374079528716	0.7267467188317248	0.9276811605828865	0.18508997429305912	0.8849155747221049	756	367	154
16-250	de	7.0285714285714285	2.4634146341463414	16.21943554006969	12.01867307781649	0.2886178861788618	0.06910569105691057	0.7113821138211383	0.0	0.02032520325203252	1.0	0.7892713087566029	3.1142857142857143	1.4634146341463414	0.003598548903658537	5.913069826086957e-05	0.020325203252032523	0.0975609756097561	16.17142857142857	1.8584400916543773	3.364746945898778	2.452830188679245	0.5121951219512195	0.6646938775510214	-1	-1	0.1951219512195122	0.9127071205927247	241	115	35
5-127	de	7.433333333333334	1.9088191330343798	9.833065769805685	6.925102959641257	0.28550074738415543	0.06726457399103139	0.6651718983557549	0.013452914798206279	0.007473841554559043	0.9333333333333333	0.6625256448598883	3.2777777777777777	1.7358490566037736	0.004991552293572496	5.3414040584415576e-05	0.005637411915438821	0.5874439461883408	15.377777777777778	1.6412513466925231	3.4288824383164007	2.267605633802817	0.3976083707025411	0.645087719298247	0.8447363251944581	0.8552932568949635	0.18236173393124067	0.9081877950083849	660	308	90
24-105	de	6.170212765957447	1.896551724137931	9.19569332355099	7.432705551479581	0.2747126436781609	0.04367816091954023	0.7011494252873564	0.005747126436781609	0.008045977011494253	0.8368794326241135	0.6944172786278044	2.858156028368794	1.627177700348432	0.004498654444367816	4.8377689603960396e-05	0.004476709013914095	0.4850574712643678	11.97872340425532	1.6108993449418982	3.55819339895773	2.3091603053435112	0.3758620689655172	0.6513359273670558	0.8618219895484489	0.9523011578794283	0.19425287356321838	0.9146072780793041	863	404	141
21-250	de	6.5	1.8759305210918114	9.080980148883377	7.462618858560793	0.2630272952853598	0.03970223325062035	0.6997518610421837	0.01488833746898263	0.01488833746898263	0.8870967741935484	0.7463031958933597	2.774193548387097	1.7480314960629921	0.0045767927218362285	6.049469829545455e-05	0.01010280042538107	0.20347394540942929	13.5	1.909598287017642	3.324644549763033	2.1884057971014492	0.4665012406947891	0.6543750000000006	-1	-1	0.19106699751861042	0.9226766061057043	391	176	62
24-47	de	5.913043478260869	1.9044117647058822	9.188145780051151	7.014543222506394	0.25	0.08823529411764706	0.6764705882352942	0.0	0.0	0.9130434782608695	0.75753552003552	2.608695652173913	1.6222222222222222	0.004196721318382353	6.869263676470589e-05	0.018907563025210086	0.11029411764705882	12.434782608695652	1.9397342995169082	3.3506944444444446	2.303030303030303	0.6911764705882353	0.7356756756756757	-1	-1	0.20588235294117646	0.9539860979036051	136	68	23
21-160	de	5.991071428571429	1.812220566318927	8.1307205397062	6.886587917819885	0.2816691505216095	0.06259314456035768	0.7004470938897168	0.014903129657228018	0.020864381520119227	0.8928571428571429	0.707335632335632	2.6517857142857144	1.6394849785407726	0.004230830578837556	5.2433595221843e-05	0.006297774145473775	0.5529061102831595	12.419642857142858	1.6360182971790116	3.382689556509299	2.385159010600707	0.3710879284649776	0.6498776223776223	0.5683821182504395	0.7492507893882582	0.18628912071535023	0.8878999748903744	653	293	112
7-59	de	8.11111111111111	1.6335616438356164	6.8493607305936095	4.969773668188738	0.3150684931506849	0.0273972602739726	0.6678082191780822	0.0547945205479452	0.0	0.9166666666666666	0.5724974232117089	3.361111111111111	1.7830188679245282	0.00490471772260274	9.461158536585367e-05	0.0136986301369863	0.2945205479452055	14.11111111111111	1.34210581312297	3.6208251473477406	2.086206896551724	0.3972602739726027	0.5324870466321242	-1	-1	0.1404109589041096	0.8542635860539821	276	123	36
17-170	de	6.7272727272727275	1.635135135135135	6.328230958230961	4.641827027027026	0.24662162162162163	0.013513513513513514	0.6655405405405406	0.013513513513513514	0.006756756756756757	0.9090909090909091	0.7137890533239372	2.5681818181818183	1.7142857142857142	0.005110087689189189	6.722790839694657e-05	0.010930047694753578	0.20270270270270271	12.318181818181818	1.5069867595268667	3.5506445672191527	2.2753623188405796	0.41216216216216217	0.6124873096446701	-1	-1	0.20608108108108109	0.8772293377056402	296	131	44
21-99	de	6.0	1.75	7.400000000000002	5.6642769230769225	0.2705128205128205	0.05512820512820513	0.7064102564102565	0.005128205128205128	0.008974358974358974	0.8769230769230769	0.7050602820951654	2.5538461538461537	1.6363636363636365	0.004553142413846154	6.171558463541667e-05	0.005488782051282051	0.4512820512820513	11.63076923076923	1.5982203929673564	3.440052700922266	2.2478991596638656	0.34615384615384615	0.6320704845814986	0.6249472439832295	0.8417547385802038	0.21153846153846154	0.8826397118681913	771	384	130
7-67	de	5.915254237288136	1.9197707736389684	9.3702442814822	7.016265465494632	0.2722063037249284	0.05157593123209169	0.6790830945558739	0.0	0.017191977077363897	0.7966101694915254	0.6549556525849628	2.542372881355932	1.663716814159292	0.004968729240401146	6.38963255033557e-05	0.009270183718186414	0.2979942693409742	12.525423728813559	1.708440805898433	3.3213811420982737	2.5314285714285716	0.4584527220630373	0.6435199999999998	-1	-1	0.18911174785100288	0.9182991921146075	333	149	59
12-49	de	7.641025641025641	2.0	10.990000000000002	8.841287540870763	0.2953020134228188	0.06711409395973154	0.6661073825503355	0.0016778523489932886	0.015100671140939598	0.9102564102564102	0.7328398153073478	3.3974358974358974	1.665	0.0048874679125838925	3.988498576388889e-05	0.006711409395973154	0.6946308724832215	16.974358974358974	1.9429189835087073	3.32827899924185	2.1695906432748537	0.3523489932885906	0.6312072434607644	0.6156453957568437	0.8047800159106763	0.15436241610738255	0.8905986779547812	595	288	78
21-142	de	6.675	1.8913857677902621	9.331602059925093	6.956827790262172	0.2883895131086142	0.04868913857677903	0.6367041198501873	0.0	0.003745318352059925	0.875	0.7087423972039356	2.8	1.7752808988764044	0.004276380331835206	6.292953719008264e-05	0.008489388264669164	0.12734082397003746	13.875	1.839180194805195	3.4181494661921707	2.5046728971962615	0.5243445692883895	0.6685714285714286	-1	-1	0.19101123595505617	0.94735054399768	259	121	40
24-44	de	6.413043478260869	1.8644067796610169	8.91108695652174	8.114650700073692	0.27796610169491526	0.04745762711864407	0.6847457627118644	0.01694915254237288	0.02711864406779661	0.8695652173913043	0.6458160974827643	2.8260869565217392	1.5096153846153846	0.00444848378440678	3.8668344186046515e-05	0.012106537530266344	0.2847457627118644	12.456521739130435	1.4799653813080924	3.6753472222222223	2.3168316831683167	0.4440677966101695	0.6189285714285716	-1	-1	0.18305084745762712	0.9067673565566505	291	129	46
24-33	de	5.358974358974359	2.0	10.100000000000001	8.092360225739174	0.2966507177033493	0.028708133971291867	0.7607655502392344	0.0	0.0	0.8461538461538461	0.6891641983747248	2.4146341463414633	1.36	0.0035232082416267944	5.602357476635514e-05	0.01541733120680489	0.12440191387559808	10.292682926829269	1.5423974061169183	3.6325581395348836	2.328358208955224	0.5406698564593302	0.6989090909090913	-1	-1	0.22488038277511962	0.9239559732415248	209	107	41
12-87	de	6.833333333333333	1.7509627727856225	7.736360718870348	6.915428070175438	0.3170731707317073	0.04878048780487805	0.7265725288831836	0.03209242618741977	0.012836970474967908	0.8771929824561403	0.7428620298089325	2.8956521739130436	1.6679104477611941	0.00513191555224647	5.835647065527065e-05	0.005238871734378794	0.5609756097560976	14.165217391304347	1.8063573765639993	3.367484662576687	2.1331058020477816	0.36970474967907574	0.6612941176470587	0.7266844326851601	0.8945011116433568	0.15532734274711169	0.9005813312380507	746	351	115
7-75	de	6.2407407407407405	2.1186943620178043	11.84448236069898	9.34230941861743	0.27596439169139464	0.08605341246290801	0.7151335311572701	0.01483679525222552	0.026706231454005934	0.7592592592592593	0.7232057774510604	2.685185185185185	1.8	0.0034015993925816026	6.319666381578947e-05	0.008077810748433894	0.3115727002967359	14.24074074074074	1.9976317149928262	3.348717948717949	2.5625	0.4896142433234421	0.7267647058823522	-1	-1	0.17507418397626112	0.9146554801746237	311	152	54
7-40	de	4.951515151515151	1.981640146878825	9.724444642261044	8.853089171766628	0.3843329253365973	0.04895960832313342	0.7417380660954712	0.03671970624235006	0.011015911872705019	0.7878787878787878	0.7008661810849757	2.5301204819277108	1.5487012987012987	0.003484156269920685	3.52164523255814e-05	0.004487964096287229	1.2545899632802937	11.060240963855422	1.628201450490607	3.217506631299735	2.2838709677419353	0.43084455324357407	0.7007660167130912	0.7420768148652704	0.7988076529707572	0.1383108935128519	0.9085724752807299	772	430	166
7-62	de	7.82258064516129	1.8804123711340206	9.649672430994347	6.827925174592616	0.30721649484536084	0.03505154639175258	0.6762886597938145	0.01443298969072165	0.006185567010309278	0.9354838709677419	0.6806575937723479	3.629032258064516	1.5975609756097562	0.005272665704632989	4.580965844155844e-05	0.008400152730049638	0.49896907216494846	16.032258064516128	1.725550229867118	3.3797979797979796	2.1125827814569536	0.3835051546391753	0.6230310880829021	-1	0.7282543438482089	0.1731958762886598	0.8811875164093099	474	231	62
17-162	de	6.60655737704918	1.9925558312655087	10.498716185982186	9.891800016271407	0.27791563275434245	0.07692307692307693	0.6699751861042184	0.0024813895781637717	0.01240694789081886	0.9508196721311475	0.7266241166241166	2.7903225806451615	1.8032786885245902	0.004565228810173697	5.11506268292683e-05	0.009216589861751152	0.4119106699751861	13.451612903225806	1.591644687802183	3.5617577197149646	2.449612403100775	0.40198511166253104	0.6196052631578937	-1	0.9207276819503245	0.1761786600496278	0.8864343463167503	400	205	62
20-38	de	7.0	1.7747252747252746	8.081758241758244	6.617954945054945	0.28846153846153844	0.02197802197802198	0.7005494505494505	0.019230769230769232	0.0027472527472527475	0.9230769230769231	0.7124476350254898	2.8461538461538463	1.7666666666666666	0.004388170580769231	7.01102465116279e-05	0.013461538461538464	0.08791208791208792	14.423076923076923	1.7357661569200031	3.3092369477911645	2.1818181818181817	0.49175824175824173	0.6321509433962257	-1	-1	0.20054945054945056	0.930062531265839	356	172	52
12-108	de	9.263157894736842	1.9090909090909092	10.5499043062201	8.171243181818184	0.26704545454545453	0.05113636363636364	0.6363636363636364	0.0	0.005681818181818182	0.9473684210526315	0.6498931623931622	3.8947368421052633	1.8363636363636364	0.0056437805397727275	3.775777027027027e-05	0.016477272727272726	0.1534090909090909	16.789473684210527	1.5361327961050952	3.79375	2.242424242424242	0.5056818181818182	0.5822077922077925	-1	-1	0.16477272727272727	0.9089135319084667	176	74	19
5-2	de	4.3602484472049685	2.2905982905982905	13.139556723469767	11.70772299906213	0.43162393162393164	0.09544159544159544	0.7749287749287749	0.007122507122507123	0.007122507122507123	0.7080745341614907	0.76808249042624	2.3703703703703702	1.4396284829721362	0.0034409893156695155	3.4889067272727276e-05	0.004814814814814815	1.1666666666666667	11.54320987654321	1.7126413979419655	3.0658241179568195	2.318396226415094	0.49145299145299143	0.7296185737976776	0.8396174136000081	0.9139581902747684	0.10683760683760683	0.92922640718281	690	440	162
9-19	de	7.153846153846154	1.6924731182795698	7.171182795698925	5.084735980148883	0.24086021505376345	0.02795698924731183	0.6838709677419355	0.004301075268817204	0.015053763440860216	0.9384615384615385	0.703264227092352	3.0923076923076924	1.6293706293706294	0.00521378837655914	5.0249530198019806e-05	0.012121212121212121	0.09462365591397849	13.646153846153846	1.493528957415002	3.429864253393665	2.335570469798658	0.3913978494623656	0.6127595628415311	-1	0.875226128626989	0.22580645161290322	0.9034567996532353	460	202	65
16-257	de	5.946902654867257	2.3050595238095237	13.928994416350612	10.831732838179521	0.3229166666666667	0.050595238095238096	0.6964285714285714	0.019345238095238096	0.017857142857142856	0.8053097345132744	0.69057254749219	2.73109243697479	1.5210084033613445	0.003823131841071429	4.081768480243161e-05	0.005339635854341737	0.4836309523809524	13.159663865546218	1.9139265992973358	3.3905362776025236	2.462025316455696	0.44494047619047616	0.6811343804537513	0.9479906355397284	1.0330919000069525	0.17857142857142858	0.9249894318257034	643	329	119
21-281	de	6.9411764705882355	1.9887005649717515	10.58372549019608	7.586468660684613	0.2542372881355932	0.07062146892655367	0.7062146892655368	0.01694915254237288	0.00847457627118644	0.9607843137254902	0.7140650460650462	2.9607843137254903	1.7719298245614035	0.004833667921751413	7.690336545454546e-05	0.0073760200878844944	0.211864406779661	14.372549019607844	1.6413808957926606	3.5765027322404372	2.302752293577982	0.5141242937853108	0.6728235294117645	-1	-1	0.211864406779661	0.9376308006526246	352	165	51
22-24	de	6.444444444444445	1.818390804597701	8.38034482758621	6.705189272030651	0.23563218390804597	0.028735632183908046	0.7482758620689656	0.013793103448275862	0.01954022988505747	0.9037037037037037	0.7220876473784725	2.7555555555555555	1.5244755244755244	0.0043801642960919545	9.00988435323383e-05	0.00421455938697318	0.6977011494252874	12.348148148148148	1.5327408702408702	3.5244630071599046	2.170909090909091	0.31839080459770114	0.6850713359273677	0.6526027543317363	0.740046295436943	0.19195402298850575	0.8810549389305146	858	402	135
24-54	de	6.222222222222222	1.9339285714285714	9.65702380952381	8.508266269841268	0.42678571428571427	0.03571428571428571	0.7714285714285715	0.030357142857142857	0.014285714285714285	0.8333333333333334	0.7043089089437403	2.6	1.6684491978609626	0.0030379613848271784	6.224835599999999e-05	0.005669642857142857	0.5821428571428572	12.31578947368421	1.638127825172772	3.468407750631845	2.27217125382263	0.5089285714285714	0.6931236442516264	1.1286393770771432	1.071912532332365	0.15714285714285714	0.9253146429505891	525	325	95
21-167	de	5.851063829787234	1.8727272727272728	8.790096711798842	6.186897872340427	0.2581818181818182	0.025454545454545455	0.6509090909090909	0.01090909090909091	0.02181818181818182	0.8723404255319149	0.7071678321678323	2.404255319148936	1.752808988764045	0.005988021248363637	5.026988260869566e-05	0.009393939393939394	0.17454545454545456	12.170212765957446	1.6282482293120593	3.38986013986014	2.3551401869158877	0.5127272727272727	0.6346590909090906	-1	-1	0.22181818181818183	0.9459853688740709	270	115	47
16-36	de	6.1610738255033555	1.7854030501089324	7.880574783231712	6.833573809419369	0.29520697167755994	0.05664488017429194	0.7374727668845316	0.04030501089324619	0.00980392156862745	0.8389261744966443	0.7442447004947	2.7880794701986753	1.6050156739811912	0.004053552473965142	5.389355678733032e-05	0.0038459828375794767	0.7178649237472767	13.0	1.649693816766275	3.2580971659919027	2.1924050632911394	0.3790849673202614	0.6702564102564111	0.7698268780480979	0.8464165600491687	0.1579520697167756	0.908407156399688	879	442	151
17-57	de	5.381818181818182	1.7567567567567568	7.238638820638823	5.206731891891892	0.23648648648648649	0.04054054054054054	0.793918918918919	0.0	0.02702702702702703	0.9090909090909091	0.7681176847843515	2.5272727272727273	1.4782608695652173	0.004165164723310811	5.721628541666666e-05	0.009009009009009009	0.15878378378378377	11.090909090909092	1.516486594213867	3.300163132137031	2.361344537815126	0.5506756756756757	0.6991370558375637	-1	-1	0.21621621621621623	0.9458062270052353	295	144	55
17-163	de	7.111111111111111	1.6171875	6.266145833333336	2.8480793402777773	0.2109375	0.03515625	0.6640625	0.00390625	0.00390625	0.9722222222222222	0.7722083472083475	2.861111111111111	1.7536231884057971	0.004734064105078125	8.763665982142857e-05	0.021763392857142856	0.05859375	12.027777777777779	1.380937268069621	3.7093821510297484	2.2916666666666665	0.44921875	0.6356687898089175	-1	-1	0.1953125	0.8677218483891083	255	112	36
16-147	de	5.264	1.946808510638298	9.435300425531917	8.198924994528875	0.32066869300911854	0.05927051671732523	0.7279635258358662	0.0243161094224924	0.013677811550151976	0.728	0.6959956598061433	2.496	1.592274678111588	0.003847534085106383	7.143670872274144e-05	0.005091185410334347	0.9361702127659575	11.352	1.7793959619328041	3.3130553656869446	2.3245033112582782	0.4194528875379939	0.707549194991055	0.811928373718999	0.8603520225723851	0.15653495440729484	0.9045151312653741	630	321	125
5-45	de	5.565656565656566	1.925589836660617	9.302566133201346	8.030786489211536	0.27404718693284935	0.05989110707803993	0.7386569872958257	0.025408348457350273	0.007259528130671506	0.797979797979798	0.7421460342378708	2.484848484848485	1.615819209039548	0.0038606599500907446	6.278571254355402e-05	0.006786080643888582	0.38656987295825773	11.878787878787879	1.8139504227467904	3.349873843566022	2.158139534883721	0.4482758620689655	0.7273230088495561	0.47627421576849344	0.8504181324017145	0.1851179673321234	0.9085042342186318	535	287	99
17-108	de	4.856209150326797	2.0672947510094213	10.697999630538625	9.573055074376095	0.351278600269179	0.07133243606998654	0.7388963660834454	0.020188425302826378	0.008075370121130552	0.7516339869281046	0.6496364944806019	2.4193548387096775	1.5164835164835164	0.0036040049584118443	4.4257213647642675e-05	0.004591877127701686	1.1884253028263796	11.348387096774193	1.8088538964724923	3.1499448732083795	2.2556962025316456	0.43337819650067294	0.7312888198757761	0.7754990660581795	0.8286346939408691	0.15881561238223418	0.9065072205328528	715	403	155
13-100	de	5.744	1.807799442896936	7.982193426183844	6.449658638440112	0.35236768802228413	0.03203342618384401	0.7409470752089137	0.034818941504178275	0.011142061281337047	0.824	0.7206899369079156	2.574803149606299	1.5075187969924813	0.003936875010724234	5.093637664835165e-05	0.005509130300216651	1.0376044568245126	12.204724409448819	1.6015132329404287	3.2450415866922584	2.1907216494845363	0.3983286908077994	0.688610662358639	0.7879813213734632	0.8113468130361531	0.1532033426183844	0.8950274620095167	682	364	127
21-193	de	6.705882352941177	1.8491228070175438	8.844943240454075	7.126749845201239	0.3	0.04912280701754386	0.6596491228070176	0.015789473684210527	0.012280701754385965	0.9294117647058824	0.6901845839345839	2.9176470588235293	1.8457142857142856	0.005328936298947369	7.873275328467154e-05	0.005802968960863697	0.3456140350877193	13.08235294117647	1.6180002367773267	3.61455525606469	2.3251231527093594	0.44912280701754387	0.6437367303609326	1.1625922408389986	1.0309743000202165	0.19649122807017544	0.930986532761651	555	274	85
19-83	de	6.337837837837838	1.8272921108742004	8.443803665072323	5.9777781709214555	0.279317697228145	0.023454157782515993	0.6332622601279317	0.0	0.006396588486140725	0.8783783783783784	0.6823355867876416	2.7027027027027026	1.6	0.005222775454797442	5.2264695433789954e-05	0.007879855381477705	0.4690831556503198	13.297297297297296	1.7145298395298394	3.303030303030303	2.24	0.39232409381663114	0.6136486486486487	-1	0.8292583636567208	0.21748400852878466	0.9046450980096998	468	219	74
7-49	de	6.2745098039215685	1.84375	8.613308823529412	7.137566789215686	0.271875	0.059375	0.684375	0.0	0.00625	0.9411764705882353	0.6619884559884559	2.588235294117647	1.7476635514018692	0.005124817315625	7.629958985507247e-05	0.010546875	0.23125	12.745098039215685	1.7467967762085408	3.471927162367223	2.1733333333333333	0.4875	0.6461538461538454	-1	-1	0.18125	0.9325925036043646	309	138	51
18-28	de	4.408805031446541	2.2139800285306706	12.254398298926066	11.130682871728618	0.39372325249643364	0.08416547788873038	0.7303851640513552	0.018544935805991442	0.011412268188302425	0.660377358490566	0.7091370303395618	2.1823899371069184	1.5444839857651245	0.00364870454721826	5.135275874673629e-05	0.005198922174671105	0.9828815977175464	11.125786163522013	1.9648315433692791	3.1487376509330405	2.364835164835165	0.47218259629101283	0.7321594684385374	0.8369549920718199	0.8795142042123573	0.1355206847360913	0.9200131948829191	662	383	159
18-27	de	6.695238095238095	1.9174964438122333	9.647600894127212	7.903689897717268	0.29445234708392604	0.044096728307254626	0.689900426742532	0.008534850640113799	0.01422475106685633	0.9047619047619048	0.7051545142891296	2.933333333333333	1.6885964912280702	0.005565477998577525	5.972094842406877e-05	0.0043967412388465025	0.9288762446657184	13.885714285714286	1.7344694104280571	3.481203007518797	2.298076923076923	0.406827880512091	0.6833609271523172	0.6359633925310044	0.7710207502646499	0.17496443812233287	0.9116093108030626	694	349	105
15-8	de	4.993243243243243	2.2205683355886334	12.560071224810741	11.178706535493545	0.34100135317997293	0.08119079837618404	0.7293640054127198	0.012178619756427604	0.0027063599458728013	0.7094594594594594	0.6878116592402305	2.4121621621621623	1.5880281690140845	0.0038622798606224628	5.701640077922078e-05	0.004841377236505789	0.9512855209742895	11.472972972972974	1.7550424987924986	3.4114583333333335	2.4457831325301207	0.41271989174560214	0.7082500000000005	0.7422425367765876	0.8633327296704916	0.16644113667117727	0.9005666096043801	711	385	148
10-40	de	6.876712328767123	2.195219123505976	12.995503465589696	9.052415783441576	0.3645418326693227	0.08964143426294821	0.7729083665338645	0.017928286852589643	0.00796812749003984	0.863013698630137	0.742733274828218	2.4935064935064934	1.604878048780488	0.003593348561155379	4.95690606557377e-05	0.00774046670461013	0.6912350597609562	16.545454545454547	1.879885340579334	3.2166538164996146	2.7344913151364763	0.41434262948207173	0.6321339950372206	-1	0.8087043207692226	0.11752988047808766	0.8768663006211599	467	244	77
13-24	de	5.463917525773196	2.0056603773584905	10.207720287881738	8.58632172729041	0.32264150943396225	0.05660377358490566	0.7226415094339622	0.005660377358490566	0.005660377358490566	0.865979381443299	0.7134861666111664	2.7422680412371134	1.517766497461929	0.004848963189433963	5.100499318181818e-05	0.005603201829616924	0.7415094339622641	12.402061855670103	1.7250907883639843	3.325390304026294	2.357487922705314	0.4660377358490566	0.6930394431554519	0.7959337961432507	0.9069900024313333	0.19245283018867926	0.9252335707841114	522	264	97
21-280	de	6.134228187919463	1.8851203501094091	9.046769124579619	7.268892405974183	0.30087527352297594	0.03938730853391685	0.7024070021881839	0.02516411378555799	0.010940919037199124	0.7785234899328859	0.6634465981795702	2.8410596026490067	1.5242424242424242	0.003867565292588118	8.429748314087759e-05	0.0051235523296152	0.6761487964989059	12.278145695364238	1.6218235124201617	3.435710567412806	2.238095238095238	0.37199124726477023	0.6761472392638059	0.7656576430372177	0.8751126324620415	0.20459518599562362	0.9007241600823261	885	433	151
3-34	de	7.676923076923077	1.8957915831663326	9.774340681362727	8.111547470325267	0.29458917835671344	0.02404809619238477	0.7334669338677354	0.008016032064128256	0.01002004008016032	0.9076923076923077	0.6442415657259404	3.1818181818181817	1.4010695187165776	0.004862409692985972	5.6933201762114535e-05	0.007775551102204408	0.4909819639278557	15.772727272727273	1.5504132156131691	3.4235181644359463	2.2774193548387096	0.3967935871743487	0.629525000000001	-1	0.6909890962136153	0.20240480961923848	0.9028359310533871	495	227	66
24-55	de	6.568421052631579	1.8060897435897436	8.283543184885293	7.719041282051283	0.38782051282051283	0.03205128205128205	0.7387820512820513	0.03205128205128205	0.009615384615384616	0.8315789473684211	0.6883435713222944	2.845360824742268	1.584070796460177	0.0033078810048076924	7.113173552631579e-05	0.00598604826546003	0.34935897435897434	13.845360824742269	1.7010060055749976	3.3148967551622417	2.2151898734177213	0.4775641025641026	0.692	1.1963605711871332	0.9814025441674366	0.15705128205128205	0.9310799697243208	565	304	97
16-49	de	5.328859060402684	2.0680100755667508	10.890773925244705	9.988806393589508	0.4357682619647355	0.04030226700251889	0.7670025188916877	0.0163727959697733	0.018891687657430732	0.7449664429530202	0.6930753688106623	2.390728476821192	1.6290322580645162	0.0033983850756926955	5.031861478260869e-05	0.005220975498053584	0.9735516372795969	13.033112582781458	1.7030382610291062	3.175314861460957	2.4168421052631577	0.4282115869017632	0.634978417266187	0.8787923931770198	1.0375944360943468	0.1397984886649874	0.8998938313449624	760	460	151
24-73	de	6.426666666666667	2.112033195020747	11.838391701244813	8.582795928077456	0.3132780082987552	0.05186721991701245	0.7219917012448133	0.012448132780082987	0.02074688796680498	0.8266666666666667	0.7210175533704942	2.933333333333333	1.5341614906832297	0.0037110159902489625	7.162660657894737e-05	0.009232365145228216	0.2966804979253112	13.333333333333334	1.6728021550173253	3.5609514370664024	2.5308056872037916	0.43775933609958506	0.6732637075718009	-1	1.0246728784106327	0.18049792531120332	0.9048336984731822	469	228	75
18-42	de	5.489795918367347	2.094175960346964	11.26229674025744	9.577652241863289	0.3754646840148699	0.080545229244114	0.7199504337050805	0.0012391573729863693	0.011152416356877323	0.6666666666666666	0.627136808657176	2.598639455782313	1.562700964630225	0.0046438207898389094	3.759562533333333e-05	0.004123014531936465	1.4089219330855018	12.91156462585034	1.8587035452279146	3.1746926229508197	2.413680781758958	0.42627013630731103	0.7184463276836157	0.891424586964915	0.8804014021739841	0.14002478314745972	0.9163848547884766	796	450	147
7-65	de	6.591397849462366	2.135399673735726	12.17836131137189	10.482693465943974	0.3703099510603589	0.05546492659053834	0.7047308319738989	0.011419249592169658	0.004893964110929853	0.8279569892473119	0.6749474559257164	3.0531914893617023	1.538812785388128	0.004181741430831974	3.268413247588425e-05	0.006232484209645711	0.9216965742251223	15.51063829787234	1.798954701047366	3.1685849695328367	2.3280839895013123	0.38499184339314846	0.6526070038910511	0.9035548036743426	0.8717490195244079	0.1370309951060359	0.8937428219819518	579	311	94
8-9	de	7.172839506172839	2.0327022375215145	11.193293810161283	9.533679144089586	0.3803786574870912	0.06368330464716007	0.76592082616179	0.025817555938037865	0.010327022375215147	0.8518518518518519	0.7055331942396103	2.876543209876543	1.803921568627451	0.003373464453184165	3.996647916666667e-05	0.005924028339270704	1.1583476764199656	17.37037037037037	1.637192741783606	3.2146932952924394	2.3537414965986394	0.42857142857142855	0.6760165975103734	0.587768766133068	0.8555937812090266	0.12736660929432014	0.9108663961668207	567	312	81
8-36	de	5.886075949367089	1.9333333333333333	9.518902953586501	7.785495984755684	0.3032258064516129	0.043010752688172046	0.6559139784946236	0.0	0.010752688172043012	0.759493670886076	0.6549621674621676	2.810126582278481	1.6903225806451614	0.006406060995913979	4.237853729508197e-05	0.008602150537634409	0.5505376344086022	13.49367088607595	1.6788638597275976	3.2371134020618557	2.366279069767442	0.3978494623655914	0.6298087431693976	-1	0.9606814580783217	0.21505376344086022	0.8936701014773887	463	244	79
8-22	de	6.878787878787879	1.9030837004405285	9.549114937925513	7.67815095447871	0.2907488986784141	0.07709251101321586	0.6651982378854625	0.0	0.0022026431718061676	0.9242424242424242	0.7017968306203602	2.91044776119403	1.767741935483871	0.004719035036343613	4.6122450672645744e-05	0.007793968146391054	0.5418502202643172	14.044776119402986	1.6267508371004051	3.341463414634146	2.2238805970149254	0.4118942731277533	0.6353802816901396	-1	0.8745804095730895	0.17841409691629956	0.9125794669915243	453	223	67
7-26	de	6.644230769230769	1.9204052098408104	9.662031476121562	7.352890782589334	0.31982633863965265	0.02894356005788712	0.6801736613603473	0.002894356005788712	0.005788712011577424	0.8173076923076923	0.6520426714601468	2.798076923076923	1.625514403292181	0.0057300790004341535	4.863848820058997e-05	0.005426917510853835	0.8031837916063675	15.201923076923077	1.732222625131279	3.2036685641998734	2.28	0.3704775687409551	0.6253378378378365	0.7637923282718665	0.9758864709587036	0.18523878437047755	0.8969698897006817	675	339	104
16-244	de	5.08029197080292	2.4094827586206895	14.823210420337276	12.910430564644685	0.40660919540229884	0.05028735632183908	0.7341954022988506	0.01293103448275862	0.015804597701149427	0.7372262773722628	0.6324270434726749	2.460431654676259	1.3816254416961131	0.003137594198994253	2.8870797252747255e-05	0.004662209711470795	1.0172413793103448	13.410071942446043	1.9666294168475005	3.102671555788371	2.469798657718121	0.47413793103448276	0.742278056951423	0.8591999910884836	0.970774662161749	0.16522988505747127	0.9293701752330797	653	364	139
13-70	de	5.566433566433567	1.9836683417085428	9.988195523069898	7.551285581754929	0.31532663316582915	0.04020100502512563	0.6846733668341709	0.013819095477386936	0.011306532663316583	0.7622377622377622	0.6857785309369814	2.5384615384615383	1.530612244897959	0.004335177476413567	4.187601955922865e-05	0.0045655104792253955	0.8605527638190955	12.615384615384615	1.6548912852935456	3.2577433628318584	2.311926605504587	0.3844221105527638	0.6745050215208036	0.65489062670618	0.8568200740880503	0.1884422110552764	0.9134928870976363	772	363	143
21-297	de	6.852459016393443	1.8086124401913874	8.424085810651817	6.836209616440507	0.24401913875598086	0.03110047846889952	0.7081339712918661	0.007177033492822967	0.004784688995215311	0.9672131147540983	0.7126321363821365	2.80327868852459	1.6641221374045803	0.004838402211004784	7.940143535353535e-05	0.008584294962003941	0.2511961722488038	14.19672131147541	1.7198610721754404	3.4303944315545243	2.243478260869565	0.47129186602870815	0.6866144200626954	-1	-1	0.22727272727272727	0.9084301183827171	417	198	61
21-118	de	6.521428571428571	1.8652792990142388	8.963652871225165	7.329687347832891	0.32201533406352684	0.0700985761226725	0.6823658269441402	0.014238773274917854	0.019715224534501644	0.8785714285714286	0.7135985816741208	2.9571428571428573	1.6582278481012658	0.004189200309994743	5.514468693693694e-05	0.0045002142959188534	0.7447973713033954	12.935714285714285	1.554954215495867	3.464266230223677	2.293296089385475	0.3822562979189485	0.6621498771498789	0.7868197724681776	0.9970646720586068	0.1796276013143483	0.9070846824543766	891	444	140
18-41	de	6.60377358490566	1.9942857142857142	10.518043126684638	8.341550943396227	0.33285714285714285	0.05857142857142857	0.6842857142857143	0.008571428571428572	0.004285714285714286	0.8490566037735849	0.7578787536770729	3.0660377358490565	1.607843137254902	0.004676950823714286	4.599304606741573e-05	0.004468085106382979	1.1657142857142857	14.320754716981131	1.63888324109606	3.3155497722836693	2.372549019607843	0.3985714285714286	0.6598835274542425	0.673120534381317	0.8011927890611334	0.19142857142857142	0.9101566938716888	689	356	106
10-43	de	5.867647058823529	1.9749373433583959	10.002643004570249	7.8758199616688795	0.3132832080200501	0.03258145363408521	0.6791979949874687	0.0	0.002506265664160401	0.9117647058823529	0.713045826478662	2.6911764705882355	1.614814814814815	0.0050487238503759396	5.138302910052911e-05	0.007339778016469745	0.7192982456140351	13.25	1.6526845950317313	3.283499446290144	2.3944954128440368	0.44611528822055135	0.6762666666666663	-1	-1	0.18295739348370926	0.9164923509149162	388	189	68
8-41	de	5.324324324324325	2.030456852791878	10.44587734943065	9.068475757991495	0.3020304568527919	0.0532994923857868	0.6979695431472082	0.017766497461928935	0.005076142131979695	0.7972972972972973	0.7369350208391303	2.472972972972973	1.6793893129770991	0.004709637544923858	6.405456223404255e-05	0.00908362276248998	0.35786802030456855	11.72972972972973	1.8110639625345508	3.2536475869809203	2.32967032967033	0.48223350253807107	0.6944745762711855	-1	-1	0.18527918781725888	0.9158490783701793	377	188	74
21-14	de	5.5519480519480515	1.8350877192982455	8.229294827979036	5.749379281537176	0.22923976608187135	0.03625730994152047	0.7567251461988304	0.0	0.012865497076023392	0.7922077922077922	0.6842980687559691	2.4545454545454546	1.3174603174603174	0.004382619277426901	9.707118870967742e-05	0.005081669691470054	0.3532163742690059	10.207792207792208	1.4473705046756995	3.728309056364788	2.3036437246963564	0.33567251461988307	0.6528174603174596	0.7030629595431565	0.8431806892069984	0.23508771929824562	0.9025899743256778	855	372	154
18-62	de	6.087719298245614	2.047550432276657	10.945305627180343	8.559639000960615	0.3414985590778098	0.05187319884726225	0.6801152737752162	0.004322766570605188	0.010086455331412104	0.8157894736842105	0.6926979240032333	2.7280701754385963	1.548780487804878	0.004275443184005763	3.6826880672268905e-05	0.0044380403458213254	1.2031700288184437	14.368421052631579	1.695307647447333	3.2399512789281366	2.2564102564102564	0.42939481268011526	0.6848571428571412	0.7105003413153614	0.933923066977341	0.1628242074927954	0.9207025039523845	677	357	114
17-160	de	6.389830508474576	1.8488063660477454	8.71794901766848	7.396032180910847	0.26525198938992045	0.034482758620689655	0.7029177718832891	0.013262599469496022	0.002652519893899204	0.8983050847457628	0.7104223841292806	2.6779661016949152	1.7083333333333333	0.004816003444827586	5.345632287234042e-05	0.00991204802457071	0.40583554376657827	13.389830508474576	1.7131352639827215	3.31125	2.210526315789474	0.44562334217506633	0.6256474820143874	-1	-1	0.21220159151193635	0.8923671583932827	372	188	59
22-14	de	8.27450980392157	1.867298578199052	9.67118204627823	6.919588086609053	0.22274881516587677	0.07109004739336493	0.7037914691943128	0.0	0.02132701421800948	1.0	0.7434190151953309	3.549019607843137	1.6618705035971224	0.004086413438625592	7.877183485714286e-05	0.008441943127962086	0.20616113744075829	15.784313725490197	1.546643669351282	3.649689440993789	2.28	0.41706161137440756	0.6307120743034059	-1	-1	0.17772511848341233	0.90654893557329	421	175	51
21-159	de	6.525773195876289	1.7756714060031595	7.907974137229036	5.202223022426345	0.2985781990521327	0.04897314375987362	0.669826224328594	0.023696682464454975	0.01263823064770932	0.8865979381443299	0.6914231601731601	2.804123711340206	1.7792792792792793	0.004955631435559242	6.0695332028469755e-05	0.0064361359780001175	0.4486571879936809	13.0	1.600336880120082	3.3949246629659	2.2641509433962264	0.41232227488151657	0.644194756554308	0.7783030516986046	0.8692960470733283	0.1721958925750395	0.9160094170758878	622	281	97
21-205	de	5.887755102040816	1.9705372616984402	9.958564177837513	8.120385859300393	0.3327556325823224	0.043327556325823226	0.7001733102253033	0.0034662045060658577	0.008665511265164644	0.9081632653061225	0.7541603585418016	2.7676767676767677	1.5606060606060606	0.004190400181975736	6.693840620689654e-05	0.005740901213171576	0.4731369150779896	12.656565656565656	1.6412878549664365	3.5274027005559967	2.489028213166144	0.45753899480069327	0.6755230125522995	1.0486016044805044	1.060695202236657	0.18197573656845753	0.9207170125777719	555	290	99
9-87	de	6.532608695652174	2.0033277870216306	10.596985278159593	8.54998095927078	0.3211314475873544	0.04658901830282862	0.7021630615640599	0.018302828618968387	0.004991680532445923	0.8804347826086957	0.7427694333020428	2.7934782608695654	1.680952380952381	0.00446519994109817	4.2947397297297296e-05	0.0061513638884687135	0.6405990016638935	14.391304347826088	1.8215354606301404	3.321882001493652	2.256038647342995	0.4043261231281198	0.6610956175298818	0.6089373395470863	0.9017973208473541	0.18801996672212978	0.9004640252575957	588	296	92
23-100	de	7.115384615384615	2.4756756756756757	16.397972972972973	14.57723284823285	0.4864864864864865	0.08648648648648649	0.7675675675675676	0.016216216216216217	0.010810810810810811	0.9230769230769231	0.6924835164835167	3.0	1.8108108108108107	0.003961255759459459	2.6067185714285716e-05	0.021621621621621623	0.2702702702702703	20.85185185185185	1.812891172613395	3.0052724077328645	2.5	0.5405405405405406	0.6396511627906971	-1	-1	0.11351351351351352	0.91592526715382	173	105	27
23-26	de	5.974025974025974	1.9173913043478261	9.36508752117448	7.316118012422363	0.3391304347826087	0.06304347826086956	0.7043478260869566	0.013043478260869565	0.008695652173913044	0.935064935064935	0.7300660815792394	2.727272727272727	1.6337209302325582	0.004584170110008848	4.021218602620087e-05	0.007246376811594203	0.33260869565217394	13.311688311688311	1.811691857450147	3.318982387475538	2.1778846153846154	0.4826086956521739	0.6365096952908579	-1	1.0802284771329063	0.13260869565217392	0.9305308225266177	449	229	77
16-163	de	6.3896103896103895	1.684959349593496	6.78446837715131	5.347631475029036	0.23373983739837398	0.054878048780487805	0.7073170731707317	0.018292682926829267	0.018292682926829267	0.948051948051948	0.7198017990781148	2.909090909090909	1.6712328767123288	0.004270654304674796	6.502691778846153e-05	0.007065427797135115	0.3719512195121951	11.883116883116884	1.510330903811765	3.5592469545957917	2.111111111111111	0.42276422764227645	0.6764122137404588	-1	0.7206738298146588	0.19715447154471544	0.9104969991396522	482	208	77
17-122	de	5.462068965517242	1.9785353535353536	9.886924068268897	8.758447324973877	0.3484848484848485	0.06691919191919192	0.7058080808080808	0.006313131313131313	0.006313131313131313	0.7241379310344828	0.6582406949441261	2.689655172413793	1.5225806451612902	0.005011543476136364	3.4866461323155215e-05	0.004372427983539095	1.2765151515151516	12.648275862068965	1.7324968940232632	3.205552589428724	2.2814645308924484	0.380050505050505	0.6749639249639257	0.8949760890643756	0.9641056450387399	0.1527777777777778	0.9095907564174911	763	393	145
10-84	de	6.4	1.834375	8.551625000000005	7.103283125000001	0.2484375	0.0484375	0.6734375	0.0125	0.0109375	0.9	0.7312862221953127	2.73	1.7912087912087913	0.005000374560781251	5.788736511627907e-05	0.005781250000000001	0.55	12.58	1.6113517454767454	3.5103174603174603	2.2209302325581395	0.4015625	0.6624214417744909	0.6397394701730796	0.8170163695618099	0.2203125	0.8998947275949026	633	301	100
10-39	de	7.166666666666667	2.3255813953488373	14.646860465116283	11.211057364341087	0.2558139534883721	0.08139534883720931	0.7325581395348837	0.0	0.0	1.0	0.700944510035419	3.0	1.7	0.004019899843023256	9.837729210526317e-05	0.03197674418604651	0.03488372093023256	15.5	1.6724562474562472	3.847826086956522	2.659090909090909	0.6976744186046512	0.6976744186046512	-1	-1	0.20930232558139536	0.9440291043837286	84	38	12
7-5	de	8.018518518518519	1.6397228637413395	6.88595201437003	5.069345257035327	0.2840646651270208	0.03926096997690531	0.6651270207852193	0.020785219399538105	0.0023094688221709007	0.9444444444444444	0.685326099477043	3.6296296296296298	1.5918367346938775	0.004668336295311778	5.0655040109890116e-05	0.01125866050808314	0.18475750577367206	15.518518518518519	1.6172579236304727	3.335722819593787	2.0307692307692307	0.394919168591224	0.6052694610778437	-1	-1	0.16859122401847576	0.8906078079682609	423	182	54
18-61	de	6.752577319587629	1.9969465648854963	10.60747462028803	8.256427874399938	0.2687022900763359	0.05648854961832061	0.6580152671755726	0.025954198473282442	0.007633587786259542	0.865979381443299	0.7121979871979871	3.0618556701030926	1.7661691542288558	0.004812441297235115	5.362586282894738e-05	0.007450381679389313	0.2900763358778626	13.917525773195877	1.598805479458427	3.4330651060716897	2.2465753424657535	0.37709923664122136	0.6016906474820145	0.7959048360115352	0.9071308788324828	0.19541984732824427	0.8952193481864499	629	304	97
23-47	de	6.991869918699187	1.9651162790697674	10.32520136131594	8.355935999243714	0.3395348837209302	0.03837209302325582	0.672093023255814	0.005813953488372093	0.00813953488372093	0.8780487804878049	0.6918518647717244	3.008130081300813	1.5718954248366013	0.004299834433139535	4.3146576341463415e-05	0.004828109201213347	0.9430232558139535	16.0	1.6991265074334518	3.187753036437247	2.1670146137787056	0.39069767441860465	0.6796714848883055	0.8452196244830388	0.9175459242232799	0.16627906976744186	0.9171058451440701	814	410	123
11-25	de	5.930769230769231	1.8119325551232166	8.103804150453957	5.664302955203033	0.25421530479896237	0.04539559014267185	0.767833981841764	0.007782101167315175	0.01556420233463035	0.9384615384615385	0.7334684480033311	2.5692307692307694	1.4395604395604396	0.003649613339169909	0.0001156821974789916	0.0046441571482364755	0.45136186770428016	11.153846153846153	1.3643582297211136	3.673342541436464	2.4083601286173635	0.39299610894941633	0.6779017857142843	0.9350298876917418	0.9116634847121928	0.19974059662775617	0.9137256636775124	764	357	130
5-112	de	7.3428571428571425	1.6848249027237354	7.1546481378543625	4.887356064480267	0.2529182879377432	0.042801556420233464	0.6770428015564203	0.0038910505836575876	0.007782101167315175	0.9714285714285714	0.7981654783125374	3.057142857142857	1.5925925925925926	0.004913473494163424	7.026639126213593e-05	0.01047590541753966	0.07392996108949416	14.457142857142857	1.7593985986002791	3.3529411764705883	2.232142857142857	0.48249027237354086	0.6241772151898736	-1	-1	0.19066147859922178	0.92865518224146	252	103	35
5-117	de	5.934426229508197	1.643646408839779	6.119453853817593	4.162401811430125	0.23480662983425415	0.058011049723756904	0.7044198895027625	0.011049723756906077	0.013812154696132596	0.9508196721311475	0.775191798941799	2.3548387096774195	1.7142857142857142	0.004778382128729282	7.165242420382166e-05	0.008124796880077998	0.22375690607734808	10.983870967741936	1.5174768108235852	3.430858806404658	2.3220338983050848	0.425414364640884	0.6191634980988586	-1	-1	0.20165745856353592	0.9067928370532867	355	157	62
10-82	de	6.542168674698795	1.847145488029466	8.75776254188023	6.131005298542236	0.26335174953959484	0.040515653775322284	0.6869244935543278	0.007366482504604052	0.020257826887661142	0.8674698795180723	0.7172654242776194	2.7349397590361444	1.69364161849711	0.005249658589134438	6.434515165289256e-05	0.007785032646911101	0.31675874769797424	12.927710843373495	1.589143183750405	3.455719557195572	2.2520661157024793	0.4014732965009208	0.6440090090090074	0.5754099421360541	0.8190241557547104	0.20257826887661143	0.9028754387183209	530	242	83
21-152	de	7.86	1.7608142493638677	8.253008142493641	5.867461720101781	0.2366412213740458	0.04580152671755725	0.6412213740458015	0.007633587786259542	0.007633587786259542	0.98	0.6776164878205696	3.34	1.9047619047619047	0.005521577178880408	5.7726812426035506e-05	0.008340401470172462	0.22646310432569974	14.84	1.5929647019647022	3.5443383356070943	2.070588235294118	0.4681933842239186	0.6320748299319738	-1	-1	0.21374045801526717	0.9364748334617551	390	169	50
16-13	de	5.660377358490566	1.92	9.27354716981132	7.711070649895179	0.3322222222222222	0.051111111111111114	0.7233333333333334	0.025555555555555557	0.0077777777777777776	0.779874213836478	0.6471193548475352	2.691823899371069	1.5091463414634145	0.0037859195744444443	5.425417235955056e-05	0.004044444444444444	0.8744444444444445	11.779874213836479	1.6902060456213357	3.3372629420809843	2.3042168674698793	0.4111111111111111	0.6878901373283403	0.8144281399812506	0.956414805707522	0.16555555555555557	0.9156163159754516	872	445	159
16-213	de	8.666666666666666	1.810897435897436	9.158589743589744	6.962987606837607	0.3215811965811966	0.049145299145299144	0.7083333333333334	0.05235042735042735	0.010683760683760684	0.9074074074074074	0.7064233915732714	3.759259259259259	1.7247386759581882	0.003966759413888889	7.760236302083333e-05	0.004708768597657487	0.8942307692307693	17.61111111111111	1.5915060711458404	3.304029304029304	1.9761904761904763	0.29594017094017094	0.6398446833930703	0.5916644236835358	0.6327586168896534	0.13675213675213677	0.8560000295416279	859	384	108
21-244	de	5.702127659574468	2.048507462686567	10.806217846935535	8.493470371546524	0.31716417910447764	0.0708955223880597	0.7238805970149254	0.011194029850746268	0.007462686567164179	0.7446808510638298	0.741827435849175	2.74468085106383	1.5888888888888888	0.005151154657835821	5.712525528455285e-05	0.01753731343283582	0.11940298507462686	12.425531914893616	1.8295482990101262	3.4568527918781724	2.4081632653061225	0.4552238805970149	0.5826627218934917	-1	-1	0.17164179104477612	0.8971992331748848	260	123	47
24-37	de	4.857142857142857	2.0955882352941178	11.032226890756306	7.646378991596638	0.3014705882352941	0.029411764705882353	0.7720588235294118	0.007352941176470588	0.007352941176470588	0.7142857142857143	0.5375955320399765	2.4642857142857144	1.2857142857142858	0.003442478570588235	5.373747246376812e-05	0.022058823529411763	0.08088235294117647	10.392857142857142	1.7199894351680065	3.606060606060606	2.339622641509434	0.6102941176470589	0.6727027027027028	-1	-1	0.20588235294117646	0.9093176086925753	135	69	28
9-7	de	6.532467532467533	1.9502982107355864	9.97118122434226	7.915300142005114	0.3081510934393638	0.04771371769383698	0.7176938369781312	0.005964214711729622	0.015904572564612324	0.8961038961038961	0.7119962943976099	2.909090909090909	1.5274725274725274	0.004074783776739563	4.2477436776859506e-05	0.007852882703777335	0.27435387673956263	14.558441558441558	1.736962879822633	3.361061946902655	2.3496932515337425	0.44532803180914515	0.6761633663366343	0.6010060363144499	0.9025375028483077	0.18687872763419483	0.9176552647720538	502	242	77
11-17	de	6.470588235294118	1.8909090909090909	9.246256684491978	7.170518716577542	0.21363636363636362	0.07272727272727272	0.7454545454545455	0.0	0.00909090909090909	0.9705882352941176	0.6237493987493987	3.0294117647058822	1.527027027027027	0.004013851931818182	0.00011646693548387097	0.012396694214876032	0.15	11.058823529411764	1.3432395219159925	4.007957559681698	2.2459016393442623	0.4727272727272727	0.5883471074380163	-1	-1	0.2727272727272727	0.9033104664126702	219	93	34
18-29	de	5.006944444444445	2.3009708737864076	13.514164644012947	10.960898975188782	0.39667128987517336	0.06934812760055478	0.7350901525658807	0.005547850208044383	0.013869625520110958	0.8125	0.7170704295704297	2.4726027397260273	1.4580419580419581	0.0038075126894590848	3.7622917794486217e-05	0.004420943134535367	0.9153952843273232	13.082191780821917	1.8772945195005077	3.2166925868325555	2.3354166666666667	0.4535367545076283	0.7279903536977487	0.9345377313535456	0.9049195197579892	0.1539528432732316	0.9205984748233975	698	399	146
12-88	de	5.98989898989899	1.93929173693086	9.629703101844754	7.584538092561363	0.3288364249578415	0.06913996627318718	0.6913996627318718	0.0	0.01517706576728499	0.8181818181818182	0.6971666204733116	2.78	1.608294930875576	0.004356306775042159	3.824795301587302e-05	0.005593715296343519	1.0505902192242833	13.33	1.8909144599007133	3.222303741746148	2.4114583333333335	0.3811129848229342	0.6606680161943324	0.706742663644603	0.7343849458123374	0.16020236087689713	0.8865366416068964	589	315	100
16-238	de	7.347368421052631	2.1862464183381087	13.07318142060021	10.378537306590257	0.332378223495702	0.07020057306590258	0.7134670487106017	0.01002865329512894	0.024355300859598854	0.9157894736842105	0.710370150365045	3.3263157894736843	1.5258964143426295	0.004011258835530086	4.3543421739130434e-05	0.00484901917566674	0.6189111747851003	16.74736842105263	1.7747666171118184	3.3867924528301887	2.366533864541833	0.41260744985673353	0.6753255425709518	0.7852182015821747	0.8771911623995939	0.1833810888252149	0.9174726472658646	687	345	95
21-23	de	5.046632124352332	1.6160164271047228	5.4471803683331395	4.6163738932450995	0.27720739219712526	0.03285420944558522	0.7628336755646817	0.048254620123203286	0.004106776180698152	0.7202072538860104	0.7076955239409282	2.466321243523316	1.5272727272727273	0.003184110892915811	8.609273821656051e-05	0.004132443531827516	0.5903490759753593	10.10880829015544	1.5313590478403036	3.277379733879222	1.9636363636363636	0.4137577002053388	0.7153828571428626	0.7335965094538204	0.8638599605837007	0.23100616016427106	0.9183784733824886	929	471	193
16-245	de	6.336734693877551	2.2334943639291467	13.236560024976178	10.43918803115449	0.2898550724637681	0.04669887278582931	0.7198067632850241	0.001610305958132045	0.020933977455716585	0.826530612244898	0.684563540192709	2.7755102040816326	1.3842592592592593	0.004549546816264091	3.5557739383561645e-05	0.007204000339011781	0.178743961352657	14.459183673469388	1.9325933752018842	3.3158995815899583	2.4381443298969074	0.4476650563607085	0.6732183908045979	0.8167819273486694	1.0025614618946233	0.2028985507246377	0.9350885880025589	613	292	98
21-227	de	5.730769230769231	1.9838926174496645	10.054932885906041	7.831681259679918	0.3946308724832215	0.06845637583892618	0.738255033557047	0.020134228187919462	0.024161073825503355	0.7538461538461538	0.6985547987077974	2.5615384615384613	1.5354838709677419	0.0034358661610322146	5.391506982097187e-05	0.007255577725376382	0.625503355704698	12.961538461538462	1.7440594000402105	3.261627906976744	2.4433734939759035	0.38523489932885907	0.6689009287925686	0.6812155420487852	0.7281723621489582	0.1221476510067114	0.8764223350335182	717	391	130
21-248	de	6.013888888888889	2.046189376443418	10.900451308699001	9.33170005132153	0.3464203233256351	0.06466512702078522	0.7159353348729792	0.020785219399538105	0.018475750577367205	0.875	0.7334102908046569	2.763888888888889	1.5590062111801242	0.00478947186512702	4.3933003493449786e-05	0.00686048091291944	0.9815242494226328	13.847222222222221	1.7153398140530494	3.391	2.2757009345794392	0.45496535796766746	0.6915868263473042	-1	0.8702208458729533	0.16166281755196305	0.9094396841385954	423	229	72
3-36	de	5.695364238410596	1.8558139534883722	8.529796704142925	7.656718389034346	0.3081395348837209	0.05	0.7197674418604652	0.00813953488372093	0.02441860465116279	0.8410596026490066	0.6765199245199247	2.5231788079470197	1.63013698630137	0.004468049775816744	5.311616178489702e-05	0.003837209302325581	0.8930232558139535	12.258278145695364	1.6431744961697496	3.320424403183024	2.3	0.41627906976744183	0.6678712220762142	0.7434907503856829	0.8561585788665375	0.17325581395348838	0.9189654687171946	849	437	151
21-101	de	6.80327868852459	2.031325301204819	11.032917242741458	9.3293877147936	0.3108433734939759	0.06385542168674699	0.6746987951807228	0.00963855421686747	0.012048192771084338	0.8770491803278688	0.7171806499285835	2.7555555555555555	1.7372262773722629	0.00499028826433735	6.405707358490567e-05	0.004332222507049475	0.983132530120482	13.22962962962963	1.800351193831586	3.4078801331853494	2.316784869976359	0.3746987951807229	0.6719972640218888	0.8150800573128955	0.8820720606252034	0.1746987951807229	0.9147162308837667	789	371	135
21-38	de	6.477064220183486	1.9220963172804533	9.61679158978091	7.1480359591444245	0.2818696883852691	0.028328611898016998	0.6784702549575071	0.015580736543909348	0.0084985835694051	0.8348623853211009	0.6630704988548123	3.018348623853211	1.565217391304348	0.004682560701274787	6.545342569659443e-05	0.0056657223796034	0.4405099150141643	13.81651376146789	1.6998027468565997	3.348454963839579	2.1973333333333334	0.3881019830028329	0.6447281713344305	0.7038707547555643	0.8599955136514006	0.22096317280453256	0.9035427424553848	685	323	109
18-40	de	5.165048543689321	2.0150375939849625	10.201812541061393	8.20540062778305	0.3157894736842105	0.046992481203007516	0.6691729323308271	0.0037593984962406013	0.007518796992481203	0.7766990291262136	0.7030419743655034	2.4854368932038833	1.5052631578947369	0.00421557415056391	4.026714406130269e-05	0.006468376824413976	0.7969924812030075	11.776699029126213	1.7636838889266073	3.225806451612903	2.4754098360655736	0.39285714285714285	0.6614780600461894	0.46546640988967	0.6448850605340156	0.18609022556390978	0.8906117140085575	524	261	103
21-133	de	7.367647058823529	2.0139720558882237	11.048252612422218	8.782279769872021	0.30538922155688625	0.08582834331337326	0.6646706586826348	0.023952095808383235	0.007984031936127744	0.8970588235294118	0.710721011835794	3.0441176470588234	1.8641975308641976	0.004621191757485031	5.418746978723404e-05	0.006875138611665558	0.5449101796407185	15.558823529411764	1.7138174354101552	3.4291044776119404	2.326923076923077	0.42714570858283435	0.6490796019900503	-1	0.7823109479617876	0.1536926147704591	0.9115588957306997	491	235	68
21-100	de	5.4523809523809526	1.940320232896652	9.432207319609066	7.801135911831983	0.2765647743813683	0.06841339155749636	0.7016011644832606	0.013100436681222707	0.005822416302765648	0.753968253968254	0.7213420964999908	2.5196850393700787	1.6244541484716157	0.004677190993304221	5.85457262345679e-05	0.005024181809644551	0.5400291120815138	11.606299212598426	1.6814415072601732	3.3419827012641385	2.4111405835543764	0.4148471615720524	0.6669897959183677	0.7534123378114324	0.8749147349433088	0.2081513828238719	0.9165460034809779	668	324	127
18-75	de	6.421052631578948	1.8114754098360655	8.289620362381367	5.705116393442624	0.25	0.04918032786885246	0.6065573770491803	0.0	0.00819672131147541	0.868421052631579	0.61478063978064	2.789473684210526	1.868421052631579	0.005433677533196721	4.0963800909090913e-05	0.018954918032786885	0.10655737704918032	12.342105263157896	1.6315704934899982	3.5348837209302326	2.3	0.42213114754098363	0.5631034482758615	-1	-1	0.22131147540983606	0.8880767379169576	244	110	38
19-143	de	5.25	1.949579831932773	9.462542016806722	7.693668347338935	0.3389355742296919	0.07563025210084033	0.7226890756302521	0.022408963585434174	0.022408963585434174	0.7941176470588235	0.6537577265189204	2.5588235294117645	1.515625	0.0035226131341736695	4.900769885714286e-05	0.008636788048552755	0.6666666666666666	11.794117647058824	1.885898782589959	3.312958435207824	2.3433734939759034	0.48739495798319327	0.7224031007751941	-1	-1	0.1568627450980392	0.9010945223393382	342	175	68
21-230	de	3.587912087912088	2.228177641653905	12.101781885801795	10.780442545815594	0.40888208269525267	0.0888208269525268	0.7656967840735069	0.006125574272588055	0.036753445635528334	0.45054945054945056	0.6548812912072579	1.8010752688172043	1.4405594405594406	0.0026452017828483923	4.7195181750000004e-05	0.007316658158924622	1.0398162327718223	8.978494623655914	1.9227700167216295	3.1227272727272726	2.411378555798687	0.32006125574272587	0.6476534296028883	0.5243746649771929	0.6047555238330522	0.16845329249617153	0.829482217661603	634	400	186
13-33	de	5.920353982300885	2.286995515695067	13.705485138299142	11.123268836064923	0.3542600896860987	0.08071748878923767	0.7159940209267563	0.029895366218236172	0.005979073243647235	0.7876106194690266	0.6670328555373197	2.7787610619469025	1.632	0.0034586170170403585	4.7452645427728616e-05	0.00507048858407339	0.9805680119581465	14.230088495575222	1.9154325458994763	3.2837095790115924	2.43801652892562	0.414050822122571	0.6979122807017558	0.5137201147277073	0.9195591693132853	0.16741405082212257	0.8978902369445124	629	339	113
11-27	de	6.413793103448276	1.92831541218638	9.665501174144111	7.875146063527376	0.26523297491039427	0.05017921146953405	0.7150537634408602	0.005376344086021506	0.017921146953405017	0.9310344827586207	0.7097762702413863	2.8620689655172415	1.4195121951219511	0.004378302453405018	0.00012344183921568627	0.007936507936507938	0.23118279569892472	11.804597701149426	1.4569389798091623	3.72577519379845	2.239766081871345	0.41397849462365593	0.6398474945533761	0.741179364624637	0.9497609907929104	0.1989247311827957	0.9078142341357659	551	255	87
21-301	de	6.928571428571429	1.7525773195876289	7.792555228276878	5.800982916053019	0.25773195876288657	0.010309278350515464	0.6907216494845361	0.0	0.010309278350515464	1.0	0.7921245421245421	3.0	1.6	0.005915570713402062	6.215140952380953e-05	0.030927835051546393	0.030927835051546393	13.428571428571429	1.8713589981447125	3.4202127659574466	2.210526315789474	0.6082474226804123	0.6082474226804123	-1	-1	0.18556701030927836	0.9587575426481765	97	42	14
5-69	de	6.222222222222222	2.107142857142857	11.700952380952383	8.69370376984127	0.3125	0.05357142857142857	0.6629464285714286	0.0	0.006696428571428571	0.9027777777777778	0.6907367855379455	2.9027777777777777	1.695364238410596	0.004595975019866071	4.649124419642857e-05	0.007383241758241757	0.421875	13.791666666666666	1.7427937802937803	3.374875373878365	2.375796178343949	0.43080357142857145	0.6385100286532942	-1	0.9068460049659024	0.16964285714285715	0.9157707304051177	446	224	72
21-176	de	6.168	1.9559014267185473	9.895156835278858	8.034473776394293	0.3346303501945525	0.04539559014267185	0.6770428015564203	0.007782101167315175	0.010376134889753566	0.856	0.731596908915457	2.808	1.6088560885608856	0.004785591900285343	5.014517740259741e-05	0.004804857917698384	0.9974059662775616	13.528	1.7272980107611686	3.3115814226925337	2.335423197492163	0.383916990920882	0.6674255952380934	0.8166110147611064	0.9602624313647935	0.1828793774319066	0.905998166627541	755	385	125
13-25	de	7.676470588235294	1.8773946360153257	9.557080234392611	7.475594004958305	0.2796934865900383	0.06513409961685823	0.6704980842911877	0.011494252873563218	0.01532567049808429	1.0	0.7250406159497069	2.8823529411764706	1.9176470588235295	0.005208787138697319	0.00010794938305084746	0.012588943623426382	0.26053639846743293	15.794117647058824	1.7224075760840467	3.420074349442379	2.4285714285714284	0.4482758620689655	0.606296296296296	-1	-1	0.17624521072796934	0.9050038838020833	256	118	34
9-24	de	7.111111111111111	1.9722222222222223	10.45555555555556	8.293248611111112	0.3229166666666667	0.046875	0.6666666666666666	0.003472222222222222	0.010416666666666666	0.9506172839506173	0.6944529082029082	3.419753086419753	1.608910891089109	0.00501581913125	4.359680071942446e-05	0.006239149305555555	0.6336805555555556	15.08641975308642	1.7175753590542604	3.4238517324738114	2.309941520467836	0.3993055555555556	0.6664570230607967	0.7179489928086958	0.9216007333453847	0.1736111111111111	0.9105026574973033	572	278	81
16-108	de	6.2631578947368425	1.9226890756302522	9.540362671384347	7.126603361344538	0.32605042016806723	0.06554621848739496	0.6873949579831933	0.030252100840336135	0.015126050420168067	0.8631578947368421	0.682336074091393	2.8421052631578947	1.7095238095238094	0.004676010796638656	6.831322483221477e-05	0.0056662665066026414	0.7058823529411765	13.347368421052632	1.5852100599778618	3.3470031545741326	2.2784313725490195	0.4336134453781513	0.6751008064516131	0.871737087748149	0.8696267598360525	0.17142857142857143	0.9134494105465226	578	298	95
12-78	de	7.1	1.943661971830986	10.114211267605636	7.76317633802817	0.23943661971830985	0.056338028169014086	0.6901408450704225	0.0	0.007042253521126761	1.0	0.7218424850003797	3.05	1.6122448979591837	0.005126522947887324	7.1863415625e-05	0.01721439749608764	0.1267605633802817	13.7	1.6003318903318902	3.763837638376384	2.21875	0.5845070422535211	0.6144186046511628	-1	-1	0.2323943661971831	0.9205936593428355	142	64	20
12-120	de	6.276595744680851	1.952542372881356	9.897872340425536	7.664073927154707	0.3271186440677966	0.059322033898305086	0.6932203389830508	0.010169491525423728	0.011864406779661017	0.851063829787234	0.7220657180334601	2.904255319148936	1.6534653465346534	0.004523784114067796	6.158881888111889e-05	0.006598062953995157	0.4457627118644068	13.638297872340425	1.6705693442630236	3.327731092436975	2.30188679245283	0.4322033898305085	0.6981466395112021	0.586613540966747	0.9229788764523927	0.15254237288135594	0.9171487476197085	568	286	94
15-35	de	6.764705882352941	1.95	10.058235294117647	8.685906649616369	0.26304347826086955	0.03695652173913044	0.6739130434782609	0.002173913043478261	0.02391304347826087	0.9264705882352942	0.655569016389912	2.8088235294117645	1.7189542483660132	0.00586465401152174	6.0070678048780486e-05	0.009610983981693366	0.29782608695652174	13.588235294117647	1.6208803046163391	3.541176470588235	2.3846153846153846	0.41739130434782606	0.6431578947368435	-1	0.8974860955972613	0.19782608695652174	0.9025008526305344	457	205	68
12-82	de	7.119658119658119	2.0720288115246097	11.636606642657064	8.29810791803901	0.33373349339735897	0.055222088835534214	0.6938775510204082	0.013205282112845138	0.008403361344537815	0.905982905982906	0.7128591954022987	2.7899159663865545	1.6633333333333333	0.0037006688426170467	6.036374691689008e-05	0.006097175712390219	0.5558223289315727	15.941176470588236	1.6202731183471557	3.453263707571802	2.5237154150197627	0.36014405762304924	0.6385694822888293	0.6201215902891288	0.7504537332512707	0.18607442977190877	0.8851942241735835	777	373	119
21-28	de	6.230769230769231	1.8395061728395061	8.546172839506173	5.378451282051283	0.20781893004115226	0.024691358024691357	0.7304526748971193	0.00205761316872428	0.02880658436213992	0.9230769230769231	0.6830449492787155	2.769230769230769	1.4457831325301205	0.003842420305967078	0.00011043096237113402	0.007973251028806584	0.16872427983539096	11.23076923076923	1.4263787661977707	3.7771493212669682	2.3641975308641974	0.41358024691358025	0.6450129198966402	-1	-1	0.26337448559670784	0.9088118165340473	484	194	78
22-53	de	5.813559322033898	1.8775510204081634	8.832390176409547	6.612041695903544	0.2857142857142857	0.037900874635568516	0.6967930029154519	0.0	0.029154518950437316	0.9152542372881356	0.7458485240812824	2.7457627118644066	1.4915254237288136	0.004115909227696793	5.982853006535948e-05	0.010289830217801405	0.24489795918367346	11.694915254237289	1.582182033652622	3.418938307030129	2.230769230769231	0.46355685131195334	0.6584016393442628	-1	-1	0.18658892128279883	0.9052645043555211	335	153	59
24-86	de	7.361111111111111	2.0415094339622644	11.370644654088053	10.044023060796647	0.39245283018867927	0.06792452830188679	0.7433962264150943	0.020754716981132074	0.011320754716981131	0.9444444444444444	0.7430046077001337	3.1805555555555554	1.679144385026738	0.0031716195541509435	4.5579876610169496e-05	0.00783744557329463	0.21509433962264152	15.75	1.6228577598154734	3.418340611353712	2.144628099173554	0.49433962264150944	0.6623897911832957	1.035565693695731	0.8945236973825489	0.15471698113207547	0.9188973656950276	512	295	72
8-35	de	5.96078431372549	1.832236842105263	8.355100619195046	7.971939189886482	0.26644736842105265	0.0625	0.6644736842105263	0.013157894736842105	0.003289473684210526	0.8627450980392157	0.6662619047619047	2.8823529411764706	1.6826923076923077	0.005519906914703948	4.516755395683453e-05	0.010560941828254847	0.28289473684210525	12.313725490196079	1.7752475737769855	3.2990506329113924	2.0759493670886076	0.41118421052631576	0.5330731707317067	-1	-1	0.18421052631578946	0.8905608205096683	300	139	51
13-88	de	5.792792792792793	1.9502332814930015	9.681941910806607	7.823446090258221	0.3001555209953344	0.04510108864696734	0.6827371695178849	0.006220839813374806	0.007776049766718507	0.8378378378378378	0.748827715659266	2.774774774774775	1.6203703703703705	0.004408087448055987	7.507873951890034e-05	0.004665629860031105	0.578538102643857	12.378378378378379	1.624666882755118	3.4122302158273383	2.5451977401129944	0.4276827371695179	0.6957352941176467	0.6629823665089242	0.8383890164735412	0.19440124416796267	0.9229937580201814	617	291	111
23-25	de	7.741935483870968	1.8	8.66935483870968	6.313201612903226	0.25416666666666665	0.025	0.6291666666666667	0.020833333333333332	0.0125	0.9032258064516129	0.7172065434565434	3.3225806451612905	1.7236842105263157	0.005383042022083334	5.374810689655172e-05	0.013782051282051282	0.22083333333333333	14.838709677419354	1.5927145670778946	3.438864628820961	2.0833333333333335	0.44583333333333336	0.610354609929078	-1	-1	0.21666666666666667	0.901351210948747	237	87	31
24-83	de	7.717948717948718	1.8604651162790697	9.373488372093025	7.056537371155978	0.26245847176079734	0.046511627906976744	0.6976744186046512	0.006644518272425249	0.016611295681063124	0.9743589743589743	0.7182606136553505	3.4871794871794872	1.4038461538461537	0.004295460874750831	0.0001020650171641791	0.010520487264673311	0.10963455149501661	15.128205128205128	1.585834767800712	3.5209380234505865	2.1724137931034484	0.45182724252491696	0.6310891089108907	-1	-1	0.21262458471760798	0.9164522632563701	298	134	39
24-31	de	5.35	2.0903426791277258	11.162543613707168	10.013632149532711	0.3894080996884735	0.08411214953271028	0.7757009345794392	0.009345794392523364	0.012461059190031152	0.7833333333333333	0.7267847971237802	2.35	1.6637931034482758	0.003928596745487259	4.572421352941176e-05	0.010903426791277258	0.1059190031152648	13.1	2.0400085460348616	3.225967540574282	2.2096069868995634	0.6386292834890965	0.765990990990992	-1	-1	0.12149532710280374	0.9607997653359619	304	170	60
5-13	de	5.839080459770115	1.9409448818897639	9.590390985609563	8.066058032401122	0.2952755905511811	0.07283464566929133	0.7421259842519685	0.00984251968503937	0.007874015748031496	0.8850574712643678	0.7211768851303735	2.5977011494252875	1.6610169491525424	0.004831325819488189	6.716833120300752e-05	0.00875984251968504	0.2677165354330709	12.39080459770115	1.7411412342446824	3.3965201465201464	2.3544973544973544	0.4409448818897638	0.6788019559902196	-1	0.9421916336583516	0.17125984251968504	0.9009476577392169	498	266	87
19-57	de	7.315789473684211	1.6067146282973621	6.2223905086457165	4.971941007194245	0.2182254196642686	0.045563549160671464	0.6930455635491607	0.002398081534772182	0.011990407673860911	0.9649122807017544	0.7256145640074209	2.789473684210526	1.7295081967213115	0.004102283586570743	6.601280217391305e-05	0.007860378363975486	0.26139088729016785	14.421052631578947	1.588293887055497	3.4341463414634146	2.2395833333333335	0.434052757793765	0.6842767295597482	-1	-1	0.20863309352517986	0.913179789003035	417	184	57
11-29	de	6.180327868852459	2.143236074270557	12.110513545245034	9.927687689698658	0.3076923076923077	0.08488063660477453	0.753315649867374	0.0	0.005305039787798408	0.8688524590163934	0.6458008658008656	3.0163934426229506	1.4892086330935252	0.003852770518567639	6.176623846153846e-05	0.011273209549071617	0.09018567639257294	14.098360655737705	1.8747285046465374	3.407577497129736	2.245398773006135	0.493368700265252	0.648812949640288	-1	-1	0.1962864721485411	0.9216409655238776	366	195	61
13-121	de	5.927083333333333	2.0	10.321562500000002	8.26957599589924	0.28295254833040423	0.06502636203866433	0.6977152899824253	0.0	0.0035149384885764497	0.7395833333333334	0.7207228505566456	2.6666666666666665	1.621212121212121	0.004837865845694201	5.4704986131386866e-05	0.008099640864980514	0.29173989455184535	12.09375	2.0386186174729173	3.5804794520547945	2.272108843537415	0.3989455184534271	0.6479787234042562	0.8358070128680676	0.8630366686178335	0.21441124780316345	0.9030444533149921	569	274	96
16-256	de	6.94392523364486	2.323014804845222	14.529705538295119	11.491946237154249	0.351278600269179	0.04576043068640646	0.7240915208613729	0.018842530282637954	0.012113055181695828	0.8878504672897196	0.7329966731381827	3.0934579439252334	1.5018315018315018	0.004048380093270525	4.072270444444444e-05	0.004330270934519281	0.8775235531628532	17.411214953271028	1.9071792936418992	3.2915997859818082	2.29156010230179	0.4414535666218035	0.7166770186335405	0.809358569724835	0.9907771686035343	0.14939434724091522	0.920903703079273	714	360	107
15-10	de	6.0588235294117645	2.0	10.37294117647059	8.509006167904056	0.32038834951456313	0.04854368932038835	0.6970873786407767	0.005825242718446602	0.011650485436893204	0.8117647058823529	0.7579511758083184	2.823529411764706	1.6555555555555554	0.004941515529126213	5.4118140551181105e-05	0.005825242718446602	0.6330097087378641	13.117647058823529	1.7086181399389375	3.3825857519788918	2.390909090909091	0.46990291262135925	0.6956249999999996	0.581758949592823	0.8807882752725156	0.2	0.9295979308081422	505	254	85
24-87	de	6.46	1.9473684210526316	9.908347368421055	8.306938625386998	0.2961816305469556	0.043343653250773995	0.7389060887512899	0.007223942208462332	0.013415892672858616	0.9133333333333333	0.7324400837132775	2.8933333333333335	1.4651162790697674	0.0037055112869969044	6.217859595744682e-05	0.003931397120251609	0.6563467492260062	13.153333333333334	1.6031167154101937	3.5307459677419355	2.3653846153846154	0.38080495356037153	0.690137931034485	0.7275588664002964	0.8765498662963802	0.21052631578947367	0.9093051262274768	951	470	150
23-11	de	4.635416666666667	1.9865168539325844	9.658711376404497	7.784648408239702	0.3348314606741573	0.06292134831460675	0.6853932584269663	0.006741573033707865	0.01348314606741573	0.65625	0.574794326673768	2.1979166666666665	1.6226415094339623	0.005533739379550561	3.026899463414634e-05	0.011235955056179777	0.12134831460674157	10.114583333333334	1.8534667544011907	3.2152777777777777	2.372972972972973	0.451685393258427	0.6496531791907508	-1	0.8640362354270376	0.13707865168539327	0.9296920181951609	438	205	96
16-231	de	8.051724137931034	2.044967880085653	11.68079339880381	8.583710802628666	0.2676659528907923	0.04068522483940043	0.6659528907922913	0.009635974304068522	0.011777301927194861	0.9051724137931034	0.6673062852622245	3.4224137931034484	1.5432525951557095	0.004843179295503212	4.914783941605839e-05	0.004014989293361884	0.6220556745182013	16.75	1.75319713780856	3.4329580348004094	2.16600790513834	0.3286937901498929	0.6182754491017968	0.8387429306921594	0.8746316332584673	0.1948608137044968	0.891566488012098	921	411	116
17-174	de	6.083333333333333	1.643835616438356	6.179760273972601	4.166220091324201	0.2579908675799087	0.02054794520547945	0.6735159817351598	0.0273972602739726	0.0091324200913242	0.9166666666666666	0.735895911600137	2.8333333333333335	1.7557251908396947	0.005296732909817351	5.915665577889447e-05	0.008998119795863551	0.1917808219178082	11.833333333333334	1.4553503209753211	3.352803738317757	2.3622448979591835	0.4497716894977169	0.6297935103244839	-1	-1	0.19406392694063926	0.9106374420551011	427	199	72
11-31	de	6.2444444444444445	1.8790035587188612	9.017575326215894	7.202594242783709	0.31316725978647686	0.046263345195729534	0.708185053380783	0.0071174377224199285	0.0035587188612099642	0.9555555555555556	0.7367843646252741	2.7111111111111112	1.6236559139784945	0.004413044762989324	6.918283007518796e-05	0.012099644128113879	0.08185053380782918	12.022222222222222	1.5987423070756406	3.688311688311688	2.282051282051282	0.5373665480427047	0.627307692307692	-1	-1	0.18861209964412812	0.9416853613604148	278	133	45
19-85	de	6.47	2.108191653786708	11.809961514683156	8.974666534775888	0.32457496136012365	0.061823802163833076	0.7248840803709428	0.0077279752704791345	0.010819165378670788	0.88	0.7069967721260053	3.0	1.5732217573221758	0.004393280240185472	4.833188466257668e-05	0.006359019651137115	0.5734157650695518	14.34	1.7442215513244925	3.4249485949280327	2.4618320610687023	0.40030911901081917	0.6540875912408772	0.6039821178716159	0.8173969918748595	0.17001545595054096	0.8983219657574233	634	326	100
6-73	de	6.431372549019608	1.7469512195121952	7.532259684361552	4.902581587757055	0.2530487804878049	0.039634146341463415	0.6676829268292683	0.0	0.0	0.9607843137254902	0.6953500943500944	2.823529411764706	1.564102564102564	0.005077198239939024	6.412561608391607e-05	0.012195121951219513	0.12804878048780488	13.215686274509803	1.5874331550802139	3.205621301775148	2.411290322580645	0.39939024390243905	0.6059825327510912	-1	-1	0.20121951219512196	0.9066996864849681	324	143	51
7-3	de	9.25	1.7804054054054055	9.026283783783786	6.003660810810811	0.30743243243243246	0.030405405405405407	0.6317567567567568	0.033783783783783786	0.0	0.96875	0.6594836272730011	3.71875	1.8865979381443299	0.004966666278040541	5.1125591338582684e-05	0.018427518427518427	0.14189189189189189	17.40625	1.671818606141656	3.45750452079566	2.0821917808219177	0.40540540540540543	0.5560406091370559	-1	-1	0.13175675675675674	0.8770295544376424	286	127	32
23-91	de	5.32	1.9323308270676691	9.286303759398496	7.3845791879699245	0.3157894736842105	0.03007518796992481	0.6766917293233082	0.007518796992481203	0.0	0.96	0.6672123015873016	2.32	1.625	0.005177944258646617	6.096286769230769e-05	0.018796992481203006	0.16541353383458646	11.76	1.664907647907648	3.2755102040816326	2.227272727272727	0.5789473684210527	0.6200000000000003	-1	-1	0.21804511278195488	0.9273698774490261	133	65	25
15-43	de	6.779220779220779	2.028735632183908	10.992976563666222	8.168619813902573	0.29118773946360155	0.05555555555555555	0.6724137931034483	0.009578544061302681	0.009578544061302681	0.935064935064935	0.7190575592278377	2.6363636363636362	1.7664670658682635	0.00485703191954023	4.936292672413793e-05	0.007308074357882787	0.5402298850574713	14.935064935064934	1.6866798188810774	3.4451219512195124	2.3819095477386933	0.4157088122605364	0.6384633569739947	0.5413679441361748	0.6945554669351885	0.19157088122605365	0.9005895536574712	516	232	77
12-124	de	8.0	1.9655172413793103	10.723103448275864	7.509862931034483	0.2974137931034483	0.03017241379310345	0.6982758620689655	0.02586206896551724	0.01293103448275862	0.9310344827586207	0.7207472681543888	3.1864406779661016	1.6153846153846154	0.004405713326939655	6.100083881278539e-05	0.007139008620689655	0.7844827586206896	16.627118644067796	1.7080517756863718	3.3538306451612905	2.016949152542373	0.38362068965517243	0.6673424657534242	-1	0.5670414066588769	0.17456896551724138	0.8788523675033296	446	219	59
18-26	de	5.258064516129032	2.2024539877300615	12.449602216505049	11.400375380961806	0.3159509202453988	0.0705521472392638	0.7392638036809815	0.0	0.003067484662576687	0.7903225806451613	0.8147218082463985	2.4838709677419355	1.5365853658536586	0.004596564585582822	3.865319408284024e-05	0.009382894261999277	0.13190184049079753	11.96774193548387	2.2180846412595137	3.3699731903485253	2.3185840707964602	0.5184049079754601	0.6456828193832602	-1	-1	0.18711656441717792	0.9266440636104544	323	169	62
11-9	de	6.018518518518518	2.2984615384615386	13.879068376068378	11.933650142450142	0.3892307692307692	0.055384615384615386	0.7769230769230769	0.006153846153846154	0.018461538461538463	0.8425925925925926	0.733756322652043	2.436974789915966	1.449612403100775	0.002617043367230769	5.620824605597964e-05	0.007692307692307693	0.2076923076923077	14.487394957983193	1.8276402093120605	3.23094688221709	2.3322683706070286	0.4153846153846154	0.575989110707803	0.8518349704012158	0.8222240880522987	0.18461538461538463	0.8918724423697257	644	393	119
16-99	de	6.988888888888889	1.9125596184419713	9.703870164281927	7.502985783430489	0.2861685214626391	0.057233704292527825	0.6963434022257552	0.00794912559618442	0.011128775834658187	0.8555555555555555	0.7516674032437418	2.933333333333333	1.6220095693779903	0.004076087746104928	5.498175017182131e-05	0.005206677265500795	1.0238473767885532	14.7	1.744887916515911	3.303235515425132	2.2375690607734806	0.3942766295707472	0.6916792452830164	0.510462151958004	0.7668975599436417	0.20349761526232116	0.9031679913346231	620	291	90
21-53	de	6.869565217391305	1.9794303797468353	10.44640891579527	7.982056494221245	0.31645569620253167	0.05379746835443038	0.689873417721519	0.011075949367088608	0.011075949367088608	0.9565217391304348	0.7016129017502644	3.1956521739130435	1.6912442396313363	0.004597186831803797	4.8230045820433437e-05	0.005152547874066861	0.8924050632911392	15.217391304347826	1.6899829217797653	3.310858765081618	2.3070539419087135	0.43354430379746833	0.6793808630393998	0.7720443774262693	0.8838328163864748	0.20253164556962025	0.9178996262449036	620	323	92
18-58	de	6.801724137931035	1.902408111533587	9.511088129889433	7.321994790437479	0.27756653992395436	0.043092522179974654	0.7313054499366286	0.0012674271229404308	0.016476552598225603	0.896551724137931	0.7599337420181406	2.8376068376068377	1.5443548387096775	0.004566643774572878	5.901092177419355e-05	0.005069708491761723	0.6311787072243346	14.632478632478632	1.7216828663502475	3.2708333333333335	2.249146757679181	0.36628643852978454	0.66840579710145	0.8185933659512978	0.9817595340247229	0.20278833967046894	0.9049978605047672	776	372	117
24-49	de	6.606060606060606	1.6422018348623852	6.364345287739784	5.655404892966361	0.463302752293578	0.04128440366972477	0.7568807339449541	0.013761467889908258	0.0	0.8787878787878788	0.7758365562133945	2.823529411764706	1.5348837209302326	0.004119048124819119	3.99339296e-05	0.01055045871559633	0.5091743119266054	14.323529411764707	2.1038368689423677	3.1012145748987856	2.0	0.6238532110091743	0.75126050420168	-1	-1	0.10550458715596331	0.9453296616176501	205	125	34
13-18	de	4.742857142857143	2.125	11.334714285714288	9.756168364888124	0.3328313253012048	0.07078313253012049	0.7048192771084337	0.0015060240963855422	0.012048192771084338	0.7214285714285714	0.6812944449635093	2.3	1.5669291338582678	0.0038622907065361447	4.526612645348837e-05	0.005218548613056879	1.0406626506024097	11.392857142857142	1.7818020174270175	3.1979102642901043	2.3758389261744965	0.41566265060240964	0.7073274336283183	0.7892060117024381	0.8479334499285827	0.18825301204819278	0.9036874660110793	646	344	140
24-6	de	6.514705882352941	2.074492099322799	11.429742066126675	9.49516175806666	0.3002257336343115	0.0654627539503386	0.6772009029345373	0.020316027088036117	0.004514672686230248	0.9264705882352942	0.7152135178254581	2.788732394366197	1.7315436241610738	0.005133061037020316	5.436426113989637e-05	0.007309470063420401	0.23927765237020315	13.492957746478874	1.7292393639224626	3.5171696149843914	2.534188034188034	0.4672686230248307	0.6748546511627904	-1	-1	0.16930022573363432	0.9278148147273769	417	193	71
10-14	de	6.432835820895522	1.7354988399071927	7.39769228105413	5.805720961318696	0.2296983758700696	0.027842227378190254	0.7563805104408353	0.0	0.018561484918793503	0.9402985074626866	0.6994591267318543	2.611940298507463	1.5294117647058822	0.004221780126914153	6.31493834224599e-05	0.008410672853828306	0.419953596287703	12.373134328358208	1.4786447359098807	3.541317365269461	2.330827067669173	0.37122969837587005	0.6321987951807224	-1	-1	0.2505800464037123	0.8685147097943153	431	187	67
23-74	de	5.95	1.8974789915966386	9.120752100840335	8.19842823529412	0.3058823529411765	0.06554621848739496	0.7260504201680672	0.005042016806722689	0.0033613445378151263	0.82	0.7035095376004465	2.89	1.4230769230769231	0.00431715866465042	4.644188508474576e-05	0.005338606030647553	0.5714285714285714	12.43	1.6855598584422113	3.4609872611464967	2.3317073170731706	0.41008403361344536	0.6765120967741931	0.838652525656235	0.8891850727539178	0.18487394957983194	0.9131315902575734	587	295	100
4-38	de	7.24	1.660220994475138	6.824207734806631	4.38113573480663	0.20441988950276244	0.03867403314917127	0.7071823204419889	0.008287292817679558	0.019337016574585635	1.0	0.7489509923183393	2.9	1.797979797979798	0.004877397188397791	7.17563302631579e-05	0.009668508287292817	0.14917127071823205	13.02	1.4716210733710733	3.5895865237366005	2.3626373626373627	0.4613259668508287	0.6698098859315585	-1	-1	0.21823204419889503	0.9166559926891628	360	152	50
24-123	de	6.202702702702703	1.8681917211328976	8.873716363422247	7.533965530236118	0.2679738562091503	0.05337690631808279	0.690631808278867	0.006535947712418301	0.013071895424836602	0.7972972972972973	0.7360833597154209	2.7027027027027026	1.584717607973422	0.004481414527233115	5.4953646651270204e-05	0.004433297866950398	0.6721132897603486	12.885135135135135	1.6996588606785974	3.411764705882353	2.278745644599303	0.36056644880174293	0.6726007326007355	0.6006714647813354	0.7057775002363513	0.20697167755991286	0.8979202689685797	907	433	148
17-67	de	6.7936507936507935	1.8364485981308412	8.729617267467738	6.740851683726451	0.2897196261682243	0.04906542056074766	0.6939252336448598	0.014018691588785047	0.009345794392523364	0.9365079365079365	0.6941857425728394	2.9206349206349205	1.5945945945945945	0.004449111349065421	7.661906e-05	0.007009345794392522	0.3341121495327103	14.317460317460318	1.6803458264942859	3.375136314067612	2.3583815028901736	0.46261682242990654	0.655410334346504	-1	0.9631385009436875	0.17757009345794392	0.9215759617222812	418	200	63
21-252	de	6.9523809523809526	1.5856164383561644	5.831702544031312	4.352883300717547	0.2910958904109589	0.04452054794520548	0.6986301369863014	0.030821917808219176	0.010273972602739725	0.9761904761904762	0.7661158624573259	2.5952380952380953	1.5934065934065933	0.003355283441438356	8.496123953488372e-05	0.0136986301369863	0.24315068493150685	13.214285714285714	1.5154361336609237	3.413237924865832	2.185483870967742	0.4554794520547945	0.6064248704663219	-1	-1	0.11301369863013698	0.8911317927415278	286	129	42
22-19	de	6.708860759493671	1.8849056603773584	9.268342488655364	7.648249820874135	0.3113207547169811	0.024528301886792454	0.7452830188679245	0.0037735849056603774	0.016981132075471698	0.9493670886075949	0.6761922613166957	2.911392405063291	1.39	0.004514955780943396	6.693315525291829e-05	0.006682389937106918	0.3113207547169811	14.329113924050633	1.6678274402027193	3.3987730061349692	2.2731958762886597	0.4528301886792453	0.6913225058004632	0.5526920590902935	0.799358146870156	0.16981132075471697	0.9276309061296012	524	257	79
17-49	de	5.9140625	1.915455746367239	9.318862182133422	7.936737458718627	0.332892998678996	0.04491413474240423	0.7239101717305152	0.052840158520475564	0.003963011889035667	0.8046875	0.7054877974169315	2.6953125	1.6186770428015564	0.0037938402387054163	6.0029713243243245e-05	0.004403346543372964	1.0396301188903567	13.7578125	1.7896324404251793	3.2356257046223225	2.240780911062907	0.4319682959048877	0.6741793313069906	0.812925633017378	0.9245279851771179	0.15587846763540292	0.9042199734436986	701	370	128
8-74	de	5.68	2.1690140845070425	12.219566197183102	10.697512901408452	0.40316901408450706	0.08098591549295775	0.7112676056338029	0.0	0.01584507042253521	0.73	0.7119060512999904	2.62	1.6902654867256637	0.004419614657570423	4.0374608490566036e-05	0.0066595223515003065	1.3450704225352113	14.47	1.8823951896355988	3.145116918844567	2.26171875	0.375	0.6308742004264395	0.7474103035725315	0.729994861391944	0.09154929577464789	0.8775079341463076	560	318	100
4-27	de	7.709090909090909	1.6745283018867925	7.175979416809607	4.809974150943397	0.25943396226415094	0.05188679245283019	0.6509433962264151	0.0047169811320754715	0.009433962264150943	0.9090909090909091	0.6707314290647625	3.036363636363636	1.792	0.005242313283490566	3.591556947368421e-05	0.009648370497427101	0.37735849056603776	14.672727272727272	1.5180789917153554	3.4296388542963885	2.336206896551724	0.35141509433962265	0.5856000000000006	-1	-1	0.23349056603773585	0.8617815574814341	423	190	55
21-125	de	6.953271028037383	1.8508064516129032	8.96129182996684	6.8703019696512895	0.2956989247311828	0.07526881720430108	0.6774193548387096	0.01881720430107527	0.008064516129032258	0.9252336448598131	0.6922204044568084	2.9906542056074765	1.8041666666666667	0.005057446691935484	5.348263296089385e-05	0.004790460435621727	0.6344086021505376	15.0	1.6222714333366515	3.305295950155763	2.335195530726257	0.3978494623655914	0.6644651162790702	0.695603729260022	0.8000212994745198	0.14919354838709678	0.9092896074357835	720	358	107
5-92	de	5.226666666666667	2.1530612244897958	11.85452244897959	8.8731588707483	0.3647959183673469	0.07653061224489796	0.7142857142857143	0.00510204081632653	0.002551020408163265	0.7866666666666666	0.691165516165516	2.506666666666667	1.5986842105263157	0.004355515954846938	4.4665699086757985e-05	0.009591836734693876	0.4413265306122449	11.706666666666667	1.7994272328978211	3.3961840628507294	2.36734693877551	0.46938775510204084	0.6549488054607498	-1	0.7822628677982038	0.14285714285714285	0.9017902614792529	390	219	75
11-30	de	6.333333333333333	1.8421052631578947	8.616842105263157	7.206841920590952	0.26869806094182824	0.024930747922437674	0.6869806094182825	0.01662049861495845	0.013850415512465374	0.9473684210526315	0.6995511433011432	3.1228070175438596	1.5354330708661417	0.00467753282068144	0.00011428492115384615	0.009588749200937568	0.16897506925207756	11.964912280701755	1.549172261633562	3.71970802919708	2.0454545454545454	0.4626038781163435	0.6558015267175595	-1	-1	0.20498614958448755	0.9271811355418027	358	156	57
18-57	de	7.087301587301587	1.8678611422172453	9.214809097211116	7.360915078476335	0.2698768197088466	0.0593505039193729	0.696528555431131	0.006718924972004479	0.004479283314669653	0.8492063492063492	0.7122240502187872	2.8333333333333335	1.6145454545454545	0.005151772159798433	6.498226988235294e-05	0.004603707851188254	0.5251959686450168	14.73015873015873	1.7259145446302677	3.386143931256713	2.25	0.3583426651735722	0.6529974811083133	0.7529083730431211	0.8077664761595806	0.2116461366181411	0.8999763915630327	883	425	126
1-99	de	6.709677419354839	2.0492788461538463	11.208264578163774	9.261629699131515	0.34615384615384615	0.06971153846153846	0.6899038461538461	0.004807692307692308	0.009615384615384616	0.8709677419354839	0.6917261832433996	3.1048387096774195	1.6131147540983606	0.004786121071274039	3.6543476765375855e-05	0.004422169811320755	1.0024038461538463	15.169354838709678	1.685547428141119	3.388390501319261	2.361031518624642	0.38100961538461536	0.6612278308321965	0.7083728011718611	0.8125996466271187	0.15264423076923078	0.9014376633358206	822	439	124
18-114	de	6.787878787878788	2.125	12.132272727272731	9.017299404761905	0.26785714285714285	0.08035714285714286	0.6696428571428571	0.017857142857142856	0.008928571428571428	1.0	0.7049163510101009	2.787878787878788	1.826086956521739	0.005258096303705357	3.9943665137614684e-05	0.015066964285714284	0.08482142857142858	15.636363636363637	1.810248926158017	3.2596153846153846	2.1379310344827585	0.5491071428571429	0.6494400000000002	-1	-1	0.16517857142857142	0.9367135554620968	219	109	33
8-68	de	6.735294117647059	1.925764192139738	9.760782173131265	7.9026477266889295	0.31004366812227074	0.05458515283842795	0.7096069868995634	0.004366812227074236	0.008733624454148471	0.9852941176470589	0.7073543786230354	2.7941176470588234	1.7421383647798743	0.005069470247379977	5.311903632478633e-05	0.007074235807860262	0.4410480349344978	14.794117647058824	1.748859963565846	3.280597014925373	2.246913580246914	0.44541484716157204	0.661114206128134	-1	0.8642554841372513	0.1965065502183406	0.9147825547298726	451	234	68
9-54	de	5.435897435897436	2.1650943396226414	12.078113207547172	10.433292428640543	0.4056603773584906	0.04481132075471698	0.6933962264150944	0.03537735849056604	0.01179245283018868	0.6923076923076923	0.6663830938181585	2.717948717948718	1.5813953488372092	0.003906833228301887	6.164812837209303e-05	0.008928571428571428	0.6627358490566038	12.551282051282051	1.8470118043930261	3.2365063788027477	2.4485981308411215	0.44339622641509435	0.673230769230769	-1	0.770834989459443	0.1179245283018868	0.8990205096703513	400	215	78
17-175	de	6.021505376344086	2.025	10.653387096774193	9.083331413210447	0.29642857142857143	0.07857142857142857	0.7214285714285714	0.0	0.0035714285714285713	0.8387096774193549	0.7264443222681207	2.881720430107527	1.5408163265306123	0.003963732180714286	6.456949559322034e-05	0.005603448275862069	0.4642857142857143	13.698924731182796	1.682060015720605	3.37207488299532	2.302752293577982	0.4517857142857143	0.6840780911062911	0.716905556670949	0.9331008541862763	0.2017857142857143	0.9235618406876713	553	295	93
11-23	de	5.448979591836735	1.9475655430711611	9.516375449056028	6.629402721088437	0.21722846441947566	0.033707865168539325	0.7640449438202247	0.0	0.04119850187265917	0.8775510204081632	0.6895750661375663	2.489795918367347	1.446808510638298	0.0038177083078651686	8.17837452991453e-05	0.011860174781523096	0.052434456928838954	10.755102040816327	1.8499440468828225	3.740037950664137	2.467289719626168	0.5355805243445693	0.6461309523809523	-1	-1	0.2209737827715356	0.9627887476279865	264	117	49
5-20	de	5.811475409836065	1.9802538787023978	10.04347117852436	8.738540465675506	0.3131170662905501	0.05077574047954866	0.692524682651622	0.009873060648801129	0.0014104372355430183	0.860655737704918	0.7830598808904591	2.7131147540983607	1.6194331983805668	0.0053735455263751765	5.626886583333333e-05	0.005194537135780385	0.7080394922425952	12.901639344262295	1.7258324894595387	3.361904761904762	2.2852459016393443	0.3921015514809591	0.6653442622950816	0.88359927331258	0.9582668556832044	0.18899858956276447	0.8975722652044885	693	360	122
21-334	de	6.71304347826087	1.8251295336787565	8.564615453931069	6.141293926560035	0.28367875647668395	0.031088082901554404	0.6489637305699482	0.0038860103626943004	0.012953367875647668	0.8695652173913043	0.6674328595381228	3.0434782608695654	1.6951219512195121	0.005895669197279792	4.948631950549451e-05	0.006319673418119015	0.44041450777202074	13.504347826086956	1.617932357497575	3.3822963438101348	2.25	0.3173575129533679	0.5843684992570584	0.8177076689644145	0.9436163488576187	0.20854922279792745	0.881526435963439	769	364	115
9-20	de	6.803030303030303	1.7282850779510022	7.456945738003643	5.98237757980698	0.24276169265033407	0.031180400890868598	0.6325167037861915	0.022271714922048998	0.008908685968819599	0.8787878787878788	0.6944995175764409	2.984848484848485	1.8188976377952757	0.005281509538307349	5.1146155135135134e-05	0.008908685968819599	0.2026726057906459	13.393939393939394	1.4961805029986848	3.4338983050847456	2.198757763975155	0.41870824053452116	0.6023142857142862	-1	-1	0.24053452115812918	0.9186711991083073	439	185	66
19-20	de	6.962962962962963	1.9242021276595744	9.831140661938537	8.531986662726556	0.2473404255319149	0.07712765957446809	0.7047872340425532	0.02127659574468085	0.017287234042553192	0.8981481481481481	0.6926529078398235	3.175925925925926	1.8009049773755657	0.004378463149368617	6.119165821325649e-05	0.0045065011820330965	0.7087765957446809	14.398148148148149	1.6811034485666838	3.483481575603558	2.2226415094339624	0.3803191489361702	0.6911332312404302	0.622647108256208	0.8056764404473009	0.1848404255319149	0.9032159997082579	732	347	108
15-23	de	6.220338983050848	2.155313351498638	12.268629751073757	10.350544765159562	0.329700272479564	0.051771117166212535	0.6730245231607629	0.0027247956403269754	0.013623978201634877	0.9152542372881356	0.6837637458327114	2.9491525423728815	1.593984962406015	0.004895845662397821	5.0132016216216216e-05	0.008563643441027637	0.3106267029972752	13.915254237288135	1.6483247449349143	3.4774665042630937	2.4545454545454546	0.5122615803814714	0.6788805970149253	-1	-1	0.2098092643051771	0.9324143053759274	356	185	59
21-98	de	5.866666666666666	1.9034090909090908	9.158227272727274	7.737611212121212	0.29261363636363635	0.036931818181818184	0.6875	0.002840909090909091	0.005681818181818182	0.8666666666666667	0.7691974221635237	2.85	1.603448275862069	0.005960523968181818	4.035492544378698e-05	0.009859625668449199	0.2471590909090909	12.433333333333334	2.2778187553187554	3.3440428380187415	2.2427184466019416	0.45170454545454547	0.6282608695652185	-1	-1	0.19886363636363635	0.9180552020670757	348	169	60
2-15	de	5.764705882352941	2.2346938775510203	13.027623049219692	10.268552701080432	0.29591836734693877	0.061224489795918366	0.7346938775510204	0.0	0.02040816326530612	1.0	0.7356015512265511	2.5294117647058822	1.4473684210526316	0.0031219608336734692	3.3643233999999996e-05	0.027210884353741492	0.11224489795918367	12.529411764705882	1.8062674253850723	3.4669811320754715	2.0833333333333335	0.6632653061224489	0.6632653061224489	-1	-1	0.21428571428571427	0.9298478446264339	98	50	17
17-140	de	6.097222222222222	1.8337129840546698	8.42572987851177	6.805389496330044	0.29157175398633256	0.05694760820045558	0.6674259681093394	0.01366742596810934	0.00683371298405467	0.875	0.7790817945747522	2.625	1.7248322147651007	0.005560278507517084	4.489016142131979e-05	0.010124019235636548	0.22323462414578588	12.569444444444445	1.6315655511427571	3.3875545851528384	2.306122448979592	0.43507972665148065	0.6339117647058804	-1	-1	0.17084282460136674	0.9077428756930264	431	197	72
12-23	de	6.085106382978723	2.1083916083916083	11.66221246838268	10.503024192828448	0.31993006993006995	0.045454545454545456	0.6870629370629371	0.02097902097902098	0.008741258741258742	0.8297872340425532	0.7622043402166739	2.873684210526316	1.5198019801980198	0.00441678774090909	4.114595740072202e-05	0.005906255906255906	0.972027972027972	13.16842105263158	1.7284858401063388	3.366120218579235	2.4219409282700424	0.40384615384615385	0.6782452431289641	0.4403823661093173	0.6927705690712114	0.19405594405594406	0.8944563056317182	553	277	95
13-27	de	7.1395348837209305	1.8697068403908794	9.25695932126354	5.6304240436330595	0.25732899022801303	0.05863192182410423	0.6970684039087948	0.006514657980456026	0.019543973941368076	0.9302325581395349	0.6952261052050969	2.697674418604651	1.7227722772277227	0.0045335166986970685	0.00010062358787878787	0.012331316891577479	0.23452768729641693	13.86046511627907	1.6326301452525442	3.581512605042017	2.542056074766355	0.40390879478827363	0.6184134615384613	-1	-1	0.1986970684039088	0.8842234811051645	301	132	43
24-3	de	7.304347826086956	1.7857142857142858	8.330124223602486	5.792298861283645	0.21428571428571427	0.041666666666666664	0.7559523809523809	0.0	0.011904761904761904	0.8260869565217391	0.732726616817526	2.9565217391304346	1.5	0.004005982310714286	8.470710933333334e-05	0.03373015873015873	0.017857142857142856	13.565217391304348	1.5594703478570755	3.5936507936507938	2.3846153846153846	0.47023809523809523	0.550869565217391	-1	-1	0.22023809523809523	0.876479456203704	166	75	23
24-7	de	7.0	1.9138321995464853	9.723219954648528	7.218597278911565	0.2675736961451247	0.08616780045351474	0.6938775510204082	0.0	0.0	1.0	0.7042118275989242	3.142857142857143	1.7364864864864864	0.00437590289047619	6.525609267015707e-05	0.006628292342578056	0.3968253968253968	12.682539682539682	1.5320445647826602	3.775561097256858	2.6607142857142856	0.4217687074829932	0.6485672514619878	-1	-1	0.20634920634920634	0.9083085048449063	425	191	63
19-167	de	5.20979020979021	1.8818791946308724	8.647992678462476	6.771620547237998	0.32348993288590605	0.04161073825503356	0.7302013422818792	0.005369127516778523	0.0174496644295302	0.7762237762237763	0.6898335393778636	2.4195804195804196	1.4383561643835616	0.003535936721879195	4.685061101928375e-05	0.0045701502077341	0.785234899328859	11.405594405594405	1.7317356349030557	3.285974499089253	2.3333333333333335	0.4228187919463087	0.6815170278637789	0.806360725281739	0.9460288176648006	0.16778523489932887	0.9218443591889208	738	363	143
3-49	de	5.215909090909091	1.7690631808278867	7.319150079223611	6.431391938997822	0.2679738562091503	0.030501089324618737	0.7276688453159041	0.002178649237472767	0.034858387799564274	0.75	0.7277032992550232	2.090909090909091	1.5064102564102564	0.004196623533333333	8.521311911111111e-05	0.00644122383252818	0.39433551198257083	10.659090909090908	1.7201413865768813	3.4909862142099684	2.389937106918239	0.4596949891067538	0.6616944444444433	-1	0.9738945069542955	0.21568627450980393	0.9214069563310843	458	225	88
12-148	de	7.081967213114754	1.7592592592592593	7.931226472374014	5.856257695810566	0.26851851851851855	0.041666666666666664	0.6597222222222222	0.02546296296296296	0.0023148148148148147	0.8852459016393442	0.6818643028511453	2.7419354838709675	1.7564102564102564	0.005989604502314815	5.8369281767955806e-05	0.009038800705467372	0.31712962962962965	13.274193548387096	1.6029783915220348	3.4440389294403895	2.1714285714285713	0.3611111111111111	0.5757957957957969	-1	-1	0.1736111111111111	0.8839323793969129	427	181	62
16-25	de	7.3	2.2157534246575343	13.402890410958907	10.808779178082192	0.3270547945205479	0.06506849315068493	0.6438356164383562	0.0	0.0	0.8	0.6055367009618523	3.2625	1.6386138613861385	0.004459525367465754	6.416245683453237e-05	0.0073761854583772385	0.4486301369863014	15.7875	1.7209068427980068	3.532863849765258	2.2754491017964074	0.386986301369863	0.6621855670103115	0.5927535580345873	0.775773155782055	0.18493150684931506	0.9083745485139925	574	278	80
8-40	de	6.038095238095238	2.047318611987382	10.92321676430825	8.69545280456662	0.30126182965299686	0.07413249211356467	0.6845425867507886	0.012618296529968454	0.00946372239747634	0.8857142857142857	0.6964120281427972	2.5047619047619047	1.7535545023696681	0.0043634679861198735	5.308191165644172e-05	0.007435781883731411	0.471608832807571	13.123809523809523	1.7910292485292487	3.3328571428571427	2.362162162162162	0.38801261829652994	0.6464859813084114	0.7321782936193442	0.8515244242221037	0.18769716088328076	0.8992740572579068	628	326	105
5-84	de	7.2631578947368425	1.8647342995169083	9.246496313246887	5.685752657004831	0.2826086956521739	0.05314009661835749	0.6980676328502415	0.007246376811594203	0.0024154589371980675	0.9649122807017544	0.7072290804433662	3.0350877192982457	1.6713286713286712	0.005588402989130435	5.5062500000000003e-05	0.007575757575757575	0.30676328502415456	14.614035087719298	1.7001007420512066	3.3819277108433736	2.235294117647059	0.46859903381642515	0.6473015873015873	-1	-1	0.15942028985507245	0.933051647584098	410	195	57
23-51	de	6.428571428571429	2.0248366013071895	10.810214752567692	9.036759103641456	0.3032679738562091	0.0784313725490196	0.7019607843137254	0.01437908496732026	0.01045751633986928	0.8907563025210085	0.7078204751933563	2.7983193277310923	1.831275720164609	0.004966898095429321	6.461604438642298e-05	0.004112864658058346	0.7137254901960784	13.420168067226891	1.7619692748894429	3.526022304832714	2.24609375	0.45359477124183006	0.7180030030030019	0.7195528128353204	0.8472978113834295	0.1607843137254902	0.9276093544340007	751	383	119
8-51	de	4.955882352941177	2.0682492581602374	10.748135363937863	8.476323826147668	0.2997032640949555	0.06231454005934718	0.6706231454005934	0.01483679525222552	0.002967359050445104	0.8382352941176471	0.7249302935870101	2.1690140845070425	1.677685950413223	0.004846755786053413	4.508010909090909e-05	0.009961848240779992	0.1661721068249258	10.43661971830986	1.7921610470906246	3.2960526315789473	2.2275862068965515	0.5252225519287834	0.667310924369748	-1	-1	0.18100890207715134	0.9420243752322689	330	154	71
7-8	de	7.032258064516129	1.8501529051987768	8.98438492650686	7.04794951168985	0.31345565749235477	0.0382262996941896	0.7079510703363915	0.022935779816513763	0.012232415902140673	0.9354838709677419	0.7004497314279918	2.978723404255319	1.5676855895196506	0.0039408667314984715	4.898357672955975e-05	0.005482210785410607	0.9801223241590215	14.5	1.68235068783254	3.310117302052786	2.173611111111111	0.40061162079510704	0.6780180180180173	0.7071567006155443	0.7845603990733818	0.16972477064220184	0.8933440774576706	631	318	94
14-41	de	7.6521739130434785	1.940909090909091	10.297075098814233	8.293909387351778	0.30568181818181817	0.06818181818181818	0.6727272727272727	0.004545454545454545	0.007954545454545454	0.8956521739130435	0.7173427683203563	3.243478260869565	1.6928327645051195	0.004863792619090909	5.4590736299765804e-05	0.004151205936920223	1.0159090909090909	16.85217391304348	1.740163322009628	3.30568356374808	2.2774725274725274	0.36022727272727273	0.6849039692701651	0.6378669611323662	0.7190843997611716	0.18409090909090908	0.901400066804409	862	427	115
16-208	de	6.9787234042553195	1.8871951219512195	9.400604566683967	7.74354987026466	0.23170731707317074	0.06402439024390244	0.7195121951219512	0.0	0.003048780487804878	0.9787234042553191	0.70015895939809	2.851063829787234	1.6339285714285714	0.004236944046646342	7.487521188811189e-05	0.014481707317073171	0.051829268292682924	12.872340425531915	1.4223384111369093	3.701812191103789	2.277227722772277	0.4573170731707317	0.6151091703056769	-1	-1	0.24085365853658536	0.9154618209420086	327	143	47
14-18	de	6.45925925925926	2.051605504587156	11.138056065239553	8.914173927964661	0.28325688073394495	0.04243119266055046	0.6777522935779816	0.006880733944954129	0.011467889908256881	0.9259259259259259	0.6998848477393255	3.022222222222222	1.562937062937063	0.004712896171330276	6.81369518134715e-05	0.0043141109654871125	0.7763761467889908	13.822222222222223	1.7340546631826301	3.451063829787234	2.3869209809264307	0.3646788990825688	0.6656921086675299	0.7756642630048081	0.883522705569638	0.2018348623853211	0.9086289158263752	847	386	135
1-35	de	7.275	1.725085910652921	7.603263745704471	4.718974501718214	0.2611683848797251	0.024054982817869417	0.697594501718213	0.0	0.003436426116838488	0.95	0.628028666490205	3.025	1.5779816513761469	0.005393158945704467	8.106277288135594e-05	0.009163802978235967	0.16494845360824742	14.025	1.5892554137039432	3.516934046345811	2.297872340425532	0.40893470790378006	0.5426562499999997	-1	-1	0.20618556701030927	0.9211359585867896	289	118	40
10-8	de	5.792592592592593	1.9360613810741687	9.514635407786301	8.014416622146443	0.319693094629156	0.04731457800511509	0.6739130434782609	0.008951406649616368	0.0025575447570332483	0.725925925925926	0.6399869616287527	2.7555555555555555	1.6179775280898876	0.00471267526202046	4.740698239795918e-05	0.006003125888036375	0.680306905370844	12.614814814814816	1.6510448399337287	3.3562281722933642	2.483425414364641	0.34398976982097185	0.655241581259152	0.7461520352293824	0.8231819051473472	0.1649616368286445	0.8856196851820026	765	392	135
21-168	de	7.02	1.829059829059829	8.730705982905985	6.625524626780626	0.25071225071225073	0.039886039886039885	0.6324786324786325	0.011396011396011397	0.011396011396011397	0.98	0.675463368830716	3.04	1.7757009345794392	0.005328863057051852	4.429367973856209e-05	0.012820512820512822	0.2022792022792023	13.64	1.6333373260726203	3.432900432900433	2.2747252747252746	0.4358974358974359	0.6067857142857143	-1	-1	0.20512820512820512	0.8967130848258703	348	153	50
17-173	de	6.553719008264463	1.7957124842370744	8.155357727220618	6.707326584890521	0.2988650693568726	0.04665825977301387	0.694829760403531	0.0037831021437578815	0.005044136191677175	0.8760330578512396	0.7033368764890502	2.8595041322314048	1.6486486486486487	0.004769989200378311	4.4542222422680414e-05	0.006496236004432726	0.5422446406052963	14.702479338842975	1.7357489179377852	3.208098987626547	2.245430809399478	0.33669609079445145	0.6186167146974074	0.8572194892143153	0.9069620514913012	0.19672131147540983	0.8711545377039366	775	388	121
8-29	de	6.514705882352941	1.8645598194130926	8.95254116319214	7.294089523303677	0.29909706546275394	0.05869074492099323	0.6817155756207675	0.028216704288939052	0.004514672686230248	0.8823529411764706	0.7199990955546506	2.9338235294117645	1.693069306930693	0.00494117979785553	5.713767216981132e-05	0.004563745215428403	0.9966139954853274	13.558823529411764	1.5987162941846447	3.385241454150841	2.190909090909091	0.39164785553047404	0.6704066073697585	0.6056707116107627	0.8074292811265005	0.16027088036117382	0.9073024070853434	867	424	136
10-5	de	5.216494845360825	1.9841897233201582	9.857871724868588	9.043541811662116	0.36561264822134387	0.023715415019762844	0.7252964426877471	0.023715415019762844	0.01383399209486166	0.6701030927835051	0.6775965967853809	2.216494845360825	1.4527363184079602	0.0037453357577075103	5.158227804878049e-05	0.007575757575757576	0.5454545454545454	12.154639175257731	1.671787027810657	3.3164556962025316	2.3125	0.4407114624505929	0.6551105651105643	-1	0.7469073326646359	0.17588932806324112	0.9113492628133278	477	246	97
21-355	de	7.62280701754386	1.8688147295742232	9.43490854581794	7.2236645186037585	0.30609896432681244	0.05178365937859609	0.7502876869965478	0.01380897583429229	0.018411967779056387	0.9473684210526315	0.7225935680872798	3.3596491228070176	1.5775577557755776	0.004271563673072497	6.266578530120483e-05	0.004502926902486617	0.7928653624856157	15.81578947368421	1.524979721902584	3.3942414174972315	2.214833759590793	0.3716915995397008	0.6776233766233769	0.5667390466021969	0.7049460982629483	0.1565017261219793	0.896222257107245	842	415	114
8-59	de	7.428571428571429	1.8653846153846154	9.318681318681321	7.218114835164837	0.28846153846153844	0.04807692307692308	0.6442307692307693	0.0	0.0	1.0	0.6284258476566168	3.2142857142857144	1.6842105263157894	0.004546867352884615	5.867093125e-05	0.032051282051282055	0.07692307692307693	15.0	1.7349489795918367	3.4095238095238094	2.0555555555555554	0.5288461538461539	0.516	-1	-1	0.21153846153846154	0.8607676276137675	104	48	14
19-9	de	6.40625	1.5447154471544715	5.136079776422765	3.420531504065041	0.2	0.024390243902439025	0.7609756097560976	0.0065040650406504065	0.011382113821138212	0.90625	0.7005478551828557	2.7291666666666665	1.3886255924170616	0.004262972076422764	0.00010611888571428572	0.00997289972899729	0.12195121951219512	11.958333333333334	1.3997834460610195	3.4878682842287696	2.293859649122807	0.34471544715447155	0.5895155038759697	0.725953127092793	0.8330091599462768	0.23089430894308943	0.874742499115656	609	245	96
8-54	de	7.410958904109589	1.8706099815157116	9.373471754488136	7.4349256374547394	0.2754158964879852	0.05730129390018484	0.6839186691312384	0.018484288354898338	0.02033271719038817	0.958904109589041	0.7014209261145532	2.9726027397260273	1.8275862068965518	0.005510486786321626	5.0321289224137934e-05	0.0070979667282809605	0.48428835489833644	15.26027397260274	1.6367764476547717	3.4964028776978417	2.2717948717948717	0.3900184842883549	0.6405882352941181	0.6583835862902261	0.8583649620586767	0.17375231053604437	0.9019445129283209	528	232	73
21-158	de	7.5	1.7222222222222223	7.657222222222224	5.820111111111112	0.28888888888888886	0.044444444444444446	0.6222222222222222	0.011111111111111112	0.011111111111111112	1.0	0.7405385019021383	3.5	1.6666666666666667	0.0048340207366666665	4.21017447368421e-05	0.030555555555555558	0.044444444444444446	14.583333333333334	1.6315494690494692	3.5142857142857142	2.1904761904761907	0.5888888888888889	0.5888888888888889	-1	-1	0.23333333333333334	0.9350149336168546	90	38	12
24-27	de	7.796296296296297	2.137767220902613	12.67620876220639	10.684597747866631	0.33016627078384797	0.07838479809976247	0.7505938242280285	0.022565320665083134	0.019002375296912115	0.9259259259259259	0.7064567688965129	3.4074074074074074	1.5596026490066226	0.00403673056543943	5.378110815347722e-05	0.004807148512611696	0.7292161520190024	17.62037037037037	1.7677033215593156	3.4979035639413	2.162849872773537	0.4180522565320665	0.705504710632569	0.7414244572859178	0.9771816444711643	0.17220902612826602	0.9118481003416679	807	417	108
21-357	de	6.240259740259741	1.6992715920915713	6.89510608538184	5.054552489965809	0.2726326742976067	0.03954214360041623	0.700312174817898	0.021852237252861603	0.014568158168574402	0.8766233766233766	0.7400587248626461	2.642857142857143	1.5975232198142415	0.004959869847866806	7.54867124401914e-05	0.003861718117701469	0.8116545265348595	11.993506493506494	1.6303124725202647	3.396680942184154	2.1896024464831805	0.35691987513007284	0.663143851508122	0.6626153358704147	0.798103331574409	0.18106139438085328	0.9052851650874827	934	418	154
16-15	de	6.404255319148936	1.945736434108527	9.867349496948705	8.418172441742655	0.29346622369878184	0.06755260243632337	0.7054263565891473	0.026578073089700997	0.009966777408637873	0.8368794326241135	0.681004253682825	2.8380281690140845	1.6891891891891893	0.004102889120004651	7.58352258660508e-05	0.004228329809725159	0.7718715393133998	13.091549295774648	1.742299035655498	3.4490666666666665	2.1842900302114803	0.4108527131782946	0.7141666666666645	0.8691552137636619	0.9263894248809073	0.19047619047619047	0.9127825634104141	869	433	142
12-129	de	7.809523809523809	1.8841463414634145	9.68864111498258	9.509731039488967	0.30640243902439024	0.04573170731707317	0.6753048780487805	0.025914634146341462	0.01676829268292683	0.9166666666666666	0.6890382542490976	3.238095238095238	1.7136150234741785	0.005462760061737805	5.4319408385093164e-05	0.007308106169296987	0.6600609756097561	16.392857142857142	1.6576058900638733	3.3622559652928414	2.172566371681416	0.34603658536585363	0.6333931777378835	0.7995951578742849	0.8469880871381877	0.17530487804878048	0.8606405640989842	639	322	84
6-46	de	6.336842105263158	1.8637873754152825	8.874059450952966	6.654619667774087	0.2707641196013289	0.053156146179401995	0.7308970099667774	0.006644518272425249	0.008305647840531562	0.8736842105263158	0.7263217279174726	2.875	1.594871794871795	0.005109353399003322	5.99149514084507e-05	0.006941148552444234	0.4634551495016611	13.125	1.610513444888445	3.336220472440945	2.2231075697211153	0.37375415282392027	0.6423658051689857	0.6901788248108776	0.8468562885017867	0.17109634551495018	0.8858150338413103	586	284	96
16-50	de	6.482758620689655	1.803191489361702	8.215935436537052	6.137410149180728	0.28900709219858156	0.044326241134751775	0.6773049645390071	0.010638297872340425	0.010638297872340425	0.9540229885057471	0.7240638237731262	2.9655172413793105	1.6020408163265305	0.004823173167375887	7.013186341463415e-05	0.006625606569615528	0.20921985815602837	12.620689655172415	1.5050515416894727	3.5395814376706096	2.5313807531380754	0.4734042553191489	0.6853763440860209	0.8397402017602208	1.0445883256466582	0.1773049645390071	0.950189572183261	552	246	87
12-132	de	7.08955223880597	1.8652631578947367	9.185030636292222	7.300878397486255	0.27157894736842103	0.04631578947368421	0.6778947368421052	0.0	0.008421052631578947	0.9402985074626866	0.7087801508256051	3.0	1.6824324324324325	0.0061911473551578946	6.302712801724138e-05	0.008237986270022883	0.4905263157894737	14.36231884057971	1.6810868692262555	3.3323293172690764	2.1447368421052633	0.38526315789473686	0.6184308510638302	-1	0.7781477236139593	0.18736842105263157	0.8950674487376085	474	232	69
19-62	de	6.56989247311828	1.9099836333878888	9.510064938493219	7.228641504320434	0.3011456628477905	0.03764320785597381	0.6693944353518821	0.009819967266775777	0.01309328968903437	0.8064516129032258	0.7395924330563914	2.8617021276595747	1.558139534883721	0.0039026316170212767	5.8642476534296024e-05	0.005371606026270511	0.9214402618657938	12.957446808510639	1.7201404740546737	3.474755700325733	2.106060606060606	0.3862520458265139	0.6573046875000009	0.6363623436468285	0.7232051922193482	0.18985270049099837	0.9024107427920176	598	277	94
23-28	de	7.5131578947368425	1.817863397548161	8.790919670015668	6.981777933450088	0.3169877408056042	0.024518388791593695	0.6830122591943958	0.01926444833625219	0.021015761821366025	0.9342105263157895	0.7149604186663009	3.1315789473684212	1.7595628415300546	0.004848841216132232	5.0706969921875e-05	0.00542907180385289	0.46409807355516636	15.697368421052632	1.7182615713472476	3.320168067226891	2.223938223938224	0.44308231173380036	0.635254237288135	1.0718381965656403	0.8956314666056472	0.17688266199649738	0.9293285284545907	551	256	76
24-68	de	6.359550561797753	2.035335689045936	10.907185849843174	8.728617207289476	0.32685512367491165	0.09717314487632508	0.7243816254416962	0.00530035335689046	0.012367491166077738	0.9101123595505618	0.6783238807311774	2.8764044943820224	1.617801047120419	0.003216262368551237	4.9944596103896104e-05	0.006543646119617851	0.17491166077738515	13.9438202247191	1.8327683093876086	3.325	2.4232804232804233	0.450530035335689	0.6777301927194856	0.7038795127634602	0.9650278649844494	0.21554770318021202	0.9091440551036991	555	308	89
9-110	de	6.38	1.9184952978056427	9.536444514106584	8.090074557993733	0.29780564263322884	0.050156739811912224	0.6990595611285266	0.0	0.006269592476489028	0.88	0.7554008349926717	2.72	1.6055045871559632	0.004391493052351097	4.640233121019108e-05	0.009957588050894337	0.3103448275862069	13.8	1.6969339826839829	3.3385714285714285	2.268292682926829	0.4827586206896552	0.675590909090909	-1	-1	0.1974921630094044	0.9107884314320548	313	157	50
8-50	de	6.909090909090909	1.7894736842105263	8.220334928229668	6.474739473684211	0.2631578947368421	0.03289473684210526	0.6776315789473685	0.0	0.006578947368421052	0.9545454545454546	0.7031737442451728	2.9545454545454546	1.6545454545454545	0.005933923181578947	8.603099375e-05	0.014802631578947368	0.039473684210526314	13.181818181818182	1.5743465134015373	3.5719178082191783	2.625	0.5526315789473685	0.5869811320754714	-1	-1	0.19736842105263158	0.9257648086129396	147	64	22
18-33	de	5.294117647058823	2.0209876543209875	10.322360203340597	8.839941902687	0.33209876543209876	0.06172839506172839	0.6839506172839506	0.012345679012345678	0.008641975308641974	0.7189542483660131	0.7006263290802766	2.6258064516129034	1.6161971830985915	0.00558897082308642	4.437021292682927e-05	0.004651162790697674	0.7925925925925926	12.070967741935483	1.8036235644799512	3.313953488372093	2.2909930715935336	0.3950617283950617	0.6732067510548536	0.8455266004416524	0.8295218584843179	0.15432098765432098	0.910292634743288	786	410	155
21-19	de	6.931034482758621	1.7611940298507462	7.89519300051467	5.427102796363013	0.24875621890547264	0.03980099502487562	0.7562189054726368	0.009950248756218905	0.03980099502487562	0.9310344827586207	0.7720135023706453	3.1379310344827585	1.5211267605633803	0.004382965276616916	6.774854606741572e-05	0.01243781094527363	0.03980099502487562	13.482758620689655	1.5749365576951786	3.568877551020408	2.245614035087719	0.5572139303482587	0.6653921568627449	-1	-1	0.1791044776119403	0.9527762480058651	201	89	29
19-124	de	6.865168539325842	2.044189852700491	11.20885599220287	10.241383184685265	0.3355155482815057	0.058919803600654665	0.7119476268412439	0.0016366612111292963	0.004909983633387889	0.898876404494382	0.7366466606774092	3.1222222222222222	1.558139534883721	0.00399125181603928	4.8201853918495296e-05	0.005424362871171383	0.6808510638297872	15.766666666666667	1.6288861956470315	3.364341085271318	2.2161290322580647	0.45171849427168576	0.6924609374999975	0.6746944301699129	0.8642536225038162	0.15548281505728315	0.9249856072749137	595	319	90
8-71	de	5.848484848484849	1.8082901554404145	8.028732925105984	6.904006563039723	0.27979274611398963	0.05181347150259067	0.7098445595854922	0.0051813471502590676	0.010362694300518135	0.9393939393939394	0.6530257936507937	2.606060606060606	1.5972222222222223	0.004946052916580311	8.131084105263157e-05	0.018134715025906738	0.10362694300518134	12.181818181818182	1.7103557217193581	3.315136476426799	2.265625	0.5958549222797928	0.723404255319149	-1	-1	0.19170984455958548	0.9329402931127878	191	95	33
21-314	de	5.2	1.869727047146402	8.500779156327543	6.700531811414393	0.3610421836228288	0.10918114143920596	0.7444168734491315	0.011166253101736972	0.004962779156327543	0.7935483870967742	0.7361470419911974	2.9612903225806453	1.5243055555555556	0.0032389978699751865	4.106075575620768e-05	0.004264888337468983	0.8957816377171216	11.2	1.7027429575484605	3.127831715210356	2.473239436619718	0.4466501240694789	0.7324328147100433	0.8232124134266297	0.8344770701012353	0.11786600496277916	0.9205559313951057	780	443	155
7-78	de	5.464285714285714	2.2254901960784315	12.801855742296919	11.294968440709617	0.3104575163398693	0.10784313725490197	0.7058823529411765	0.006535947712418301	0.0196078431372549	0.8928571428571429	0.6851883974611248	2.5892857142857144	1.6956521739130435	0.0034781341924836604	5.2625948993288586e-05	0.010893246187363835	0.22549019607843138	12.428571428571429	1.8948918393114822	3.356741573033708	2.5419847328244276	0.4934640522875817	0.7061835748792272	-1	-1	0.14705882352941177	0.9079423527930085	298	149	56
16-126	de	5.225806451612903	2.051440329218107	10.655060400902695	8.330627266693217	0.28600823045267487	0.053497942386831275	0.7345679012345679	0.00411522633744856	0.01440329218106996	0.7634408602150538	0.724647634973722	2.3548387096774195	1.4438202247191012	0.0031583780534979425	7.139574572649572e-05	0.006090534979423869	0.4156378600823045	10.903225806451612	1.8066350811045206	3.5	2.4171122994652405	0.47530864197530864	0.7172351421188631	-1	0.8293046812265039	0.19547325102880658	0.9172597176467684	477	234	93
11-35	de	5.475	2.136986301369863	11.761688356164385	9.827680273972602	0.2785388127853881	0.0502283105022831	0.7397260273972602	0.0	0.0045662100456621	0.875	0.6333740333740334	2.625	1.4545454545454546	0.004094976022831051	8.070902884615385e-05	0.0228310502283105	0.0776255707762557	11.25	1.6731474775224775	3.5779220779220777	2.3333333333333335	0.5205479452054794	0.650333333333333	-1	-1	0.2374429223744292	0.9020891722961958	216	104	40
21-35	de	7.28	1.842032967032967	8.985189010989014	6.941748967032967	0.2980769230769231	0.05357142857142857	0.6785714285714286	0.027472527472527472	0.006868131868131868	0.86	0.7167690720533386	3.18	1.7685589519650655	0.0051979337034434615	7.21342428125e-05	0.004068047337278107	0.9368131868131868	15.25	1.7272839041333623	3.3596605744125325	2.1609498680738786	0.37637362637362637	0.6464705882352955	0.5750696232155025	0.86172119216099	0.14972527472527472	0.9059389513038174	690	320	100
13-97	de	5.2	2.0846153846153848	11.036461538461541	8.612886153846153	0.34307692307692306	0.06307692307692307	0.7323076923076923	0.009230769230769232	0.006153846153846154	0.784	0.7168412232928361	2.536	1.517786561264822	0.0042531851716923075	4.638618006329114e-05	0.004749163879598662	1.1953846153846155	12.472	1.720264977506154	3.2633269107257545	2.4275	0.43538461538461537	0.7052631578947384	0.6658216048526877	0.8342037410809758	0.16615384615384615	0.9161285135592746	618	316	125
21-213	de	5.284313725490196	2.7105751391465676	18.455668994870674	14.361412950634799	0.5009276437847866	0.08719851576994433	0.8571428571428571	0.027829313543599257	0.025974025974025976	0.6764705882352942	0.7201504491108449	2.5090909090909093	1.3204633204633205	0.002635709115465677	2.3786572368421053e-05	0.006300247371675944	1.4044526901669758	18.027272727272727	2.479596533123106	2.9354677338669335	2.6430260047281324	0.49907235621521334	0.7404545454545459	-1	0.7853171503157971	0.06679035250463822	0.8973017069099155	467	304	110
23-27	de	6.809523809523809	1.9685314685314685	10.294385614385615	8.771174758574759	0.3076923076923077	0.06993006993006994	0.6573426573426573	0.01048951048951049	0.017482517482517484	0.9285714285714286	0.6999269700489213	3.1904761904761907	1.7634408602150538	0.005488570666783217	4.084008230769231e-05	0.014335664335664335	0.11888111888111888	14.023809523809524	1.6792082743210563	3.5025295109612142	2.2875	0.5034965034965035	0.6448128342245983	-1	-1	0.18181818181818182	0.9311900181269437	284	130	42
24-63	de	5.803571428571429	1.9661538461538461	9.874008241758244	8.039203296703299	0.36923076923076925	0.033846153846153845	0.7107692307692308	0.012307692307692308	0.009230769230769232	0.8392857142857143	0.6692069042069043	2.8392857142857144	1.3969465648854962	0.0038527286396923075	4.5326550299401194e-05	0.012850678733031674	0.27692307692307694	12.553571428571429	1.6258316998434756	3.5148936170212766	2.3161290322580643	0.49230769230769234	0.6140707964601775	-1	-1	0.18769230769230769	0.903669090428291	315	167	56
12-95	de	6.434782608695652	1.8547297297297298	8.805376028202119	6.735321327849589	0.27702702702702703	0.033783783783783786	0.6739864864864865	0.04222972972972973	0.016891891891891893	0.8260869565217391	0.7639843520338023	2.74468085106383	1.7393617021276595	0.005055592502364865	7.22477486381323e-05	0.005937755937755938	0.5050675675675675	12.297872340425531	1.6004050525187141	3.446503791069924	2.1	0.3969594594594595	0.6103245436105482	0.6637403390105145	0.8060912157431828	0.1875	0.9065361232089544	562	257	94
10-7	de	6.01063829787234	2.0867256637168143	11.377511768028626	11.134704387121069	0.3486725663716814	0.0743362831858407	0.7415929203539823	0.01415929203539823	0.023008849557522124	0.7872340425531915	0.7638030196479211	2.6	1.4929577464788732	0.0031976563752212387	3.719703921568627e-05	0.006504424778761062	1.0442477876106195	15.210526315789474	1.9099961541726247	3.1887052341597797	2.2927756653992395	0.38761061946902653	0.6757510729613726	0.5575251247385185	0.7718740134023279	0.13982300884955753	0.8845146779245158	548	306	95
11-41	de	6.656488549618321	2.084862385321101	11.607406681140137	9.305740114853982	0.31995412844036697	0.052752293577981654	0.7270642201834863	0.005733944954128441	0.01261467889908257	0.8244274809160306	0.6833317323701936	3.0076335877862594	1.5448504983388704	0.003421926917201835	5.718351580188679e-05	0.003627597828122075	0.8990825688073395	14.580152671755725	1.7089488621730486	3.4516295913088464	2.2293333333333334	0.4059633027522936	0.6971410090556259	0.6953945818987324	0.8068831814550218	0.1823394495412844	0.9204280725699503	836	424	131
21-163	de	7.33	1.9154160982264665	9.870609959072304	7.396851579809004	0.2728512960436562	0.03137789904502047	0.6384720327421555	0.001364256480218281	0.015006821282401092	0.91	0.6957989541322874	2.97	1.6724137931034482	0.005541421194952251	4.516836006389776e-05	0.006035801397329364	0.4979536152796726	15.41	1.7112430548467699	3.4169909208819713	2.405982905982906	0.3083219645293315	0.5832018927444795	0.658412800442731	0.7088828060445106	0.2100954979536153	0.8719906219719402	730	313	100
21-108	de	7.767441860465116	1.848802395209581	9.255170589054451	8.067324063500905	0.3278443113772455	0.04790419161676647	0.687125748502994	0.038922155688622756	0.0	0.8953488372093024	0.7117292665043532	3.5813953488372094	1.6394849785407726	0.004783834702835628	7.293969331210192e-05	0.0072785463555647325	0.36077844311377244	16.1046511627907	1.7090046125285345	3.3869814020028612	2.23728813559322	0.4221556886227545	0.6146045694200345	0.9010887124284196	1.0782871519764483	0.14221556886227546	0.9079838233137659	632	314	86
9-56	de	6.131147540983607	1.8128342245989304	8.192591391250986	6.872534285964759	0.28342245989304815	0.058823529411764705	0.6978609625668449	0.0	0.008021390374331552	0.8852459016393442	0.7222047859547859	2.5737704918032787	1.562043795620438	0.004658956279144385	5.806544261363637e-05	0.0095068330362448	0.3342245989304813	12.754098360655737	1.6794677544677545	3.354510800508259	2.4420289855072466	0.4679144385026738	0.6297818181818177	-1	-1	0.1925133689839572	0.9160067902617207	369	176	61
16-247	de	5.933333333333334	2.1179775280898876	11.716134831460675	8.50615445692884	0.3146067415730337	0.016853932584269662	0.6348314606741573	0.0	0.033707865168539325	0.9333333333333333	0.6507525998905309	2.8	1.4782608695652173	0.005167872585955057	7.362249047619047e-05	0.019101123595505618	0.11235955056179775	13.066666666666666	1.8647715247715246	3.318987341772152	2.2653061224489797	0.47191011235955055	0.548101265822785	-1	-1	0.21348314606741572	0.9002818729958816	177	84	30
5-124	de	6.51063829787234	1.6862745098039216	6.847188151856489	5.086683298567655	0.24836601307189543	0.05228758169934641	0.7320261437908496	0.016339869281045753	0.02287581699346405	0.9148936170212766	0.7528400946879207	2.8333333333333335	1.5940594059405941	0.004316583170588235	5.90996265625e-05	0.008636788048552755	0.10457516339869281	12.354166666666666	1.5515811734561735	3.391891891891892	2.2685185185185186	0.5359477124183006	0.6929468599033823	-1	-1	0.18627450980392157	0.9428446917410183	299	128	48
5-118	de	5.532258064516129	1.845481049562682	8.34425703000094	7.14830258628797	0.24198250728862974	0.043731778425655975	0.7113702623906706	0.0	0.011661807580174927	0.9193548387096774	0.7099916931884145	2.4838709677419355	1.55	0.00428845125335277	5.921211371428571e-05	0.014312218393851047	0.13411078717201166	11.016129032258064	1.5422259205584634	3.4240687679083095	2.256198347107438	0.45481049562682213	0.6349590163934435	-1	-1	0.19825072886297376	0.9083334538769443	341	175	62
17-125	de	6.571428571428571	1.8925831202046035	9.305337961271466	7.8969653635367205	0.32608695652173914	0.056265984654731455	0.7135549872122762	0.021739130434782608	0.0076726342710997444	0.9159663865546218	0.7180478184715471	3.0588235294117645	1.5875912408759123	0.004480576641432225	4.521944754901961e-05	0.004475703324808185	0.9002557544757033	14.3109243697479	1.6280308661962408	3.2997671711292202	2.1941489361702127	0.40664961636828645	0.6907759882869694	0.9664820476737682	0.9374654266044744	0.16751918158567775	0.9096351871395779	761	408	119
12-97	de	6.0495049504950495	1.7855973813420623	7.839356030529405	6.484513234269419	0.3011456628477905	0.044189852700491	0.6661211129296236	0.024549918166939442	0.019639934533551555	0.8514851485148515	0.730671050354874	2.656862745098039	1.7632850241545894	0.004896395599018003	4.865186029411765e-05	0.007180191119793042	0.5090016366612111	11.794117647058824	1.5622426063215538	3.469320066334992	2.3221757322175733	0.36661211129296234	0.6346484374999994	0.5949154729281665	0.8683634782064951	0.176759410801964	0.882792476768277	596	272	102
16-40	de	6.011904761904762	1.9287128712871286	9.513454738330978	8.060269684111269	0.3405940594059406	0.04950495049504951	0.699009900990099	0.03762376237623762	0.0039603960396039604	0.8690476190476191	0.7090582108654394	2.764705882352941	1.6384180790960452	0.004191174516662772	6.911901500000001e-05	0.00644978783592645	0.5702970297029702	12.823529411764707	1.6882262447582972	3.3502262443438915	2.3966244725738397	0.46732673267326735	0.6808620689655166	-1	0.9667336445836263	0.1603960396039604	0.9058156781210559	479	260	85
6-34	de	6.840425531914893	1.7573872472783827	7.814935475331726	6.14722614738096	0.25038880248833595	0.03110419906687403	0.6936236391912908	0.013996889580093312	0.02177293934681182	0.9468085106382979	0.7257514149354753	2.8617021276595747	1.5488372093023255	0.004534835377138414	5.64558663003663e-05	0.005255537083713198	0.536547433903577	13.936170212765957	1.672883275464627	3.360091743119266	2.2254901960784315	0.38413685847589424	0.6513051470588237	0.6515407221615195	0.8552392486367043	0.2177293934681182	0.9123842670552195	629	273	94
17-69	de	7.875	1.8015873015873016	8.739980158730159	7.151858730158731	0.373015873015873	0.015873015873015872	0.6904761904761905	0.05555555555555555	0.007936507936507936	1.0	0.7436964886964887	3.625	1.4444444444444444	0.0034554756142857143	4.8567655172413796e-05	0.02222222222222222	0.03968253968253968	14.5625	1.4716880341880343	3.735042735042735	2.142857142857143	0.6666666666666666	0.7192592592592595	-1	-1	0.1746031746031746	0.9584718435900174	118	58	16
17-132	de	7.813559322033898	1.7180043383947938	7.729739328651789	6.092555101290489	0.2646420824295011	0.05422993492407809	0.6529284164859002	0.004338394793926247	0.006507592190889371	0.9830508474576272	0.7426238512445412	3.2711864406779663	1.8041958041958042	0.005547458179392625	6.11825105263158e-05	0.006424161521775405	0.5054229934924078	15.0	1.498345374853351	3.5345413363533407	2.3333333333333335	0.4360086767895879	0.6598895027624297	-1	0.8453983297679623	0.19522776572668113	0.9209421750461697	454	209	59
6-55	de	5.418918918918919	1.9625935162094763	9.681981869650201	8.538325038754465	0.32418952618453867	0.0399002493765586	0.6957605985037406	0.014962593516209476	0.004987531172069825	0.7567567567567568	0.7361030732065335	2.6486486486486487	1.5273972602739727	0.004164570484289277	4.8266557512953367e-05	0.00787504921905762	0.29177057356608477	12.22972972972973	1.772681712953452	3.2629310344827585	2.3405405405405406	0.5062344139650873	0.6926821192052979	-1	-1	0.1970074812967581	0.936261400214121	390	193	74
8-13	de	6.455555555555556	1.7865748709122202	8.009250143430869	7.065676978389751	0.26161790017211706	0.06368330464716007	0.7211703958691911	0.013769363166953529	0.01721170395869191	0.9444444444444444	0.6835109023311269	2.7065217391304346	1.6201923076923077	0.004213169144234079	5.730628652482269e-05	0.006761740840914679	0.4010327022375215	13.402173913043478	1.6561873060514365	3.313614262560778	2.3184357541899443	0.38209982788296043	0.6170954356846469	0.7705101716211303	0.8403590376533151	0.18760757314974183	0.8904578642786695	573	282	92
23-12	de	5.176470588235294	2.0681818181818183	10.833368983957225	10.143488836898397	0.38636363636363635	0.08806818181818182	0.6903409090909091	0.002840909090909091	0.002840909090909091	0.8382352941176471	0.7261283979896795	2.588235294117647	1.6058394160583942	0.004486590458806818	2.7713373170731706e-05	0.009706439393939394	0.6818181818181818	12.764705882352942	1.8271320376390037	3.1109852774631936	2.4275862068965517	0.5028409090909091	0.6683794466403162	-1	0.8555849381303974	0.14204545454545456	0.9201259849495311	352	205	68
5-56	de	5.297297297297297	1.933673469387755	9.293292884721456	7.729993822393823	0.3112244897959184	0.09693877551020408	0.673469387755102	0.00510204081632653	0.0	0.8108108108108109	0.7553155948989283	2.5135135135135136	1.6956521739130435	0.004688805268367347	6.019636237623763e-05	0.018494897959183673	0.09693877551020408	11.162162162162161	1.89024024024024	3.2642857142857142	2.3518518518518516	0.5255102040816326	0.6353608247422677	-1	-1	0.16326530612244897	0.9266640174205345	196	101	37
10-3	de	6.886792452830188	2.1424657534246574	12.376944947014731	9.997951150168003	0.4136986301369863	0.0684931506849315	0.7397260273972602	0.00821917808219178	0.00684931506849315	0.839622641509434	0.6791242756987305	2.822429906542056	1.444794952681388	0.0035597762942465756	3.989437883211679e-05	0.005123287671232877	1.0657534246575342	17.626168224299064	1.7977409269653575	3.1158504476040023	2.317135549872123	0.4315068493150685	0.6768779714738502	0.8774429386457038	0.8894049899084568	0.10684931506849316	0.9064113358281385	706	411	107
21-246	de	5.285714285714286	1.90990990990991	9.008365508365511	7.856729386529388	0.33633633633633636	0.04804804804804805	0.6876876876876877	0.021021021021021023	0.009009009009009009	0.8253968253968254	0.6406667257473709	2.4285714285714284	1.7295081967213115	0.004440713633933934	6.133871118012423e-05	0.008225616921269096	0.40540540540540543	11.34920634920635	1.8308384736956167	3.296448087431694	2.2818791946308723	0.5435435435435435	0.7085042735042737	-1	-1	0.15615615615615616	0.9303309634809579	321	161	63
9-67	de	6.111940298507463	1.8095238095238095	8.146037668798865	7.980884671878702	0.28205128205128205	0.045177045177045176	0.6959706959706959	0.002442002442002442	0.019536019536019536	0.8208955223880597	0.7158221060476692	2.671641791044776	1.543554006968641	0.0049291607150183155	5.1609728608923886e-05	0.004819741661846925	0.5115995115995116	12.895522388059701	1.6041070625794067	3.3244469653998867	2.189655172413793	0.3492063492063492	0.6413055555555549	0.7006755895048156	0.8311051064781648	0.2039072039072039	0.9013574136612695	798	381	134
12-51	de	7.2	1.5833333333333333	5.9013333333333335	4.798469629629631	0.25925925925925924	0.037037037037037035	0.5833333333333334	0.0	0.018518518518518517	0.9333333333333333	0.6883658008658008	3.2666666666666666	1.6285714285714286	0.00560631887037037	6.98437619047619e-05	0.027777777777777776	0.08333333333333333	12.866666666666667	1.4711866782455019	3.523076923076923	2.32	0.5370370370370371	0.5366666666666666	-1	-1	0.17592592592592593	0.9009078313168303	108	42	15
11-20	de	5.230769230769231	1.7610294117647058	7.23014705882353	5.07932726244344	0.26838235294117646	0.04411764705882353	0.7647058823529411	0.0	0.0	0.75	0.6903654624242859	2.6923076923076925	1.3513513513513513	0.004513037349264706	0.00012210304237288136	0.00980392156862745	0.17279411764705882	9.576923076923077	1.3672441874364951	3.5362035225048922	2.4591836734693877	0.48161764705882354	0.6210982658959542	-1	-1	0.22426470588235295	0.9287591085188495	272	118	52
17-41	de	5.902912621359223	1.8700657894736843	8.778912238119574	7.292986727133368	0.28618421052631576	0.047697368421052634	0.6398026315789473	0.0	0.011513157894736841	0.8349514563106796	0.6612729590670767	2.6893203883495147	1.7079207920792079	0.005091644861513158	4.7864125614035085e-05	0.0072747975708502026	0.45230263157894735	12.330097087378642	1.6275133474305377	3.3782101167315175	2.388888888888889	0.36019736842105265	0.6083104125736738	0.69057338895611	0.7553970016159917	0.20230263157894737	0.8989675526885228	606	285	103
3-19	de	6.677777777777778	1.6306156405990018	6.255597892401553	4.105734095026807	0.2512479201331115	0.028286189683860232	0.7171381031613977	0.013311148086522463	0.02329450915141431	0.8777777777777778	0.7723529793258804	2.776595744680851	1.5206185567010309	0.004563139480033279	8.916542316602317e-05	0.005102606766500278	0.4525790349417637	12.138297872340425	1.45356303597485	3.4691035683202784	2.310126582278481	0.40099833610648916	0.6534860557768917	0.8361912059098412	0.8748682639067181	0.194675540765391	0.9099158277360613	578	259	94
21-103	de	5.142857142857143	1.8235294117647058	7.933361344537818	6.809264799253034	0.32189542483660133	0.04084967320261438	0.6830065359477124	0.032679738562091505	0.006535947712418301	0.7142857142857143	0.6758630493799982	2.4453781512605044	1.661764705882353	0.005286950373202614	6.399747955271566e-05	0.005279034690799397	0.738562091503268	10.739495798319327	1.5488797150561855	3.3207692307692307	2.375438596491228	0.41013071895424835	0.6740155945419091	1.1051371242893409	0.964149074850521	0.16176470588235295	0.9007947615035976	597	313	119
12-61	de	7.037383177570093	1.841965471447543	8.889772002333348	8.9140674659617	0.2788844621513944	0.035856573705179286	0.7675962815405046	0.12217795484727756	0.0199203187250996	0.8785046728971962	0.6933161571133267	2.4954954954954953	1.5300751879699248	0.002564810675803453	6.127815323076924e-05	0.006485685166311497	0.8339973439575034	16.972972972972972	1.6553794020013117	3.1424017003188096	2.022257551669316	0.40239043824701193	0.6810244648318053	0.7018668845666228	0.732351092029063	0.1460823373173971	0.8968780421802557	654	325	111
24-69	de	5.834951456310679	1.9600665557404326	9.814416425698273	7.788756961698139	0.3261231281198003	0.04492512479201331	0.7237936772046589	0.036605657237936774	0.014975041597337771	0.883495145631068	0.7355889616919026	2.6990291262135924	1.5539906103286385	0.003834373137271215	7.048680975609756e-05	0.0067665002773155845	0.4176372712146423	11.980582524271844	1.697219547771488	3.4112	2.267857142857143	0.43594009983361065	0.6810159362549801	0.5696035932887559	1.0390124505068885	0.17304492512479203	0.9021930415617103	566	287	103
13-44	de	8.279411764705882	1.9893428063943162	11.113215703688226	9.289957078675165	0.27708703374777977	0.0905861456483126	0.6927175843694494	0.0	0.003552397868561279	0.9117647058823529	0.7295455373813583	3.7794117647058822	1.710382513661202	0.004072620955239787	4.670830510948905e-05	0.006118018551411092	0.5470692717584369	18.176470588235293	1.7077563295906504	3.4063004846526654	2.305699481865285	0.39431616341030196	0.6424137931034469	0.9006771066456499	0.844888320383092	0.1705150976909414	0.8985052579112762	556	274	68
1-34	de	6.369047619047619	1.9532710280373833	9.942526702269696	8.022110369381398	0.30280373831775703	0.05046728971962617	0.6841121495327103	0.018691588785046728	0.016822429906542057	0.8452380952380952	0.6632577262095332	2.880952380952381	1.7247191011235956	0.0042041935278504675	7.969387952755906e-05	0.0057409879839786385	0.2897196261682243	13.321428571428571	1.6961607975705721	3.462817147856518	2.230366492146597	0.48785046728971965	0.6895871559633011	1.0976038623847457	0.9137692305139741	0.17570093457943925	0.9388086000567291	522	254	84
16-79	de	6.030769230769231	1.909438775510204	9.29337755102041	8.083969615384614	0.3354591836734694	0.04974489795918367	0.6811224489795918	0.015306122448979591	0.00510204081632653	0.8538461538461538	0.7360069279285923	2.9307692307692306	1.5824561403508772	0.004598898797114796	5.672504220430107e-05	0.0041016406562625046	0.9897959183673469	12.653846153846153	1.6901545444249064	3.3253873659117996	2.32	0.40433673469387754	0.6579270072992712	0.8866131763324944	0.9198648606578284	0.1798469387755102	0.9158020286778635	763	372	130
6-38	de	7.135593220338983	1.7957244655581948	8.382430049518902	7.258189951286283	0.3016627078384798	0.035629453681710214	0.6508313539192399	0.011876484560570071	0.007125890736342043	0.9152542372881356	0.7166492511320098	3.0	1.6285714285714286	0.0038276550002375293	4.301657684729064e-05	0.008788598574821853	0.2850356294536817	14.728813559322035	1.595313172481667	3.251685393258427	2.2026143790849675	0.43942992874109266	0.6368012422360243	-1	0.8909847116141402	0.21140142517814728	0.9232231533630612	407	203	59
9-39	de	5.929292929292929	2.052810902896082	10.945592896598011	9.275628203672156	0.3577512776831346	0.04599659284497445	0.6848381601362862	0.005110732538330494	0.01192504258943782	0.8484848484848485	0.6974716295978497	2.8484848484848486	1.5327102803738317	0.003922368692163543	4.1929018088737205e-05	0.005189968701715463	1.030664395229983	13.06060606060606	1.7547088900978844	3.3040847201210286	2.3318385650224216	0.43270868824531517	0.6715778688524595	0.5858041529056158	0.8132416438283787	0.16183986371379896	0.9152005386268369	578	293	99
4-36	de	6.604651162790698	1.676056338028169	6.763278742220766	4.707220209629874	0.24295774647887325	0.02464788732394366	0.7007042253521126	0.0	0.02112676056338028	0.8837209302325582	0.7320311963169107	2.883720930232558	1.41	0.004238706151056338	5.972728384615384e-05	0.012730227518959913	0.19014084507042253	13.232558139534884	1.61255495150844	3.326923076923077	2.2133333333333334	0.4295774647887324	0.5819459459459451	-1	-1	0.24295774647887325	0.9002559055876308	284	130	43
21-95	de	5.589743589743589	1.9220183486238531	9.26981651376147	7.179823018113385	0.3451834862385321	0.05963302752293578	0.7305045871559633	0.016055045871559634	0.017201834862385322	0.8141025641025641	0.7178010887433631	2.6794871794871793	1.5695364238410596	0.0030897552208715598	5.1110095881006866e-05	0.005594092638174088	0.5722477064220184	11.724358974358974	1.6828687109463716	3.4371614301191764	2.3573407202216066	0.3704128440366973	0.6703104786545924	0.7781609038385432	0.8998277953612684	0.1834862385321101	0.8958548057830552	849	437	156
16-27	de	4.798816568047338	1.9630086313193589	9.445040311106897	8.68853352351907	0.35388409371146734	0.06411837237977805	0.7324290998766955	0.013563501849568433	0.009864364981504316	0.7159763313609467	0.6820374731089014	2.3859649122807016	1.485342019543974	0.0036711947226880396	6.782811425287356e-05	0.004756033116082438	1.0875462392108508	10.421052631578947	1.7541526508502772	3.298092643051771	2.2664756446991405	0.42663378545006164	0.7059831460674131	0.8626152669444116	0.8961523490787879	0.16769420468557336	0.9101422469133936	784	435	171
13-38	de	6.482142857142857	1.9917355371900827	10.440515053128692	9.197161393152301	0.3305785123966942	0.03856749311294766	0.6887052341597796	0.011019283746556474	0.008264462809917356	0.875	0.7433242646681382	2.9107142857142856	1.633587786259542	0.004782941199242975	3.923719127906977e-05	0.008454450460720055	0.7079889807162535	15.178571428571429	1.8071790929597211	3.3635307781649244	2.7259615384615383	0.4462809917355372	0.6245075757575748	-1	-1	0.17355371900826447	0.8826225657424158	346	172	56
10-27	de	5.375	1.8953488372093024	8.871366279069772	7.148932558139535	0.20930232558139536	0.08139534883720931	0.686046511627907	0.0	0.03488372093023256	1.0	0.7848412698412699	2.3125	1.6206896551724137	0.003774589244186047	4.4541875e-05	0.027131782945736434	0.011627906976744186	10.625	1.5906001984126985	3.5588235294117645	2.272727272727273	0.6395348837209303	0.6395348837209303	-1	-1	0.20930232558139536	0.939509123545538	86	40	16
16-119	de	6.176470588235294	1.8238095238095238	8.339775910364146	6.7160392156862745	0.3380952380952381	0.02857142857142857	0.6952380952380952	0.014285714285714285	0.004761904761904762	1.0	0.7034040034040034	2.676470588235294	1.6538461538461537	0.0046977988276190475	6.378484716981132e-05	0.014625850340136057	0.2	13.205882352941176	1.7075110347169171	3.2556053811659194	2.1129032258064515	0.5428571428571428	0.674414414414415	-1	-1	0.19523809523809524	0.9140635893418788	207	106	34
21-63	de	6.415384615384616	1.9448441247002397	9.86116067146283	7.35772425013835	0.328537170263789	0.03597122302158273	0.6474820143884892	0.0	0.004796163069544364	0.8923076923076924	0.7094442016317015	2.830769230769231	1.5862068965517242	0.004892885766666666	5.2817613846153845e-05	0.00935251798561151	0.2422062350119904	13.292307692307693	1.5747426359066035	3.404157043879908	2.3785714285714286	0.43884892086330934	0.5949999999999994	-1	-1	0.1750599520383693	0.9171785154233502	414	195	65
9-51	de	7.0	1.8571428571428572	9.054285714285715	6.57898353510896	0.2784503631961259	0.03389830508474576	0.6585956416464891	0.0	0.009685230024213076	0.8305084745762712	0.6680723491068317	2.864406779661017	1.7183098591549295	0.005717730080387409	5.271170681818182e-05	0.008777239709443099	0.5375302663438256	14.389830508474576	1.7376765986312346	3.3950762016412663	2.4276315789473686	0.38498789346246975	0.6212101910828032	-1	-1	0.1864406779661017	0.8867578901840777	403	176	59
21-305	de	6.971014492753623	1.5904365904365905	5.895847419325683	4.373817656452438	0.23284823284823286	0.02702702702702703	0.7567567567567568	0.018711018711018712	0.008316008316008316	0.9420289855072463	0.7197238799212482	2.9130434782608696	1.5714285714285714	0.003810573626819127	8.744513849765258e-05	0.009595394210778825	0.0893970893970894	12.579710144927537	1.4574237206673546	3.5231481481481484	2.150943396226415	0.446985446985447	0.6551832460732968	-1	0.9818727080884091	0.2515592515592516	0.9079032255671693	472	213	69
9-83	de	4.815384615384615	2.146964856230032	11.622185303514378	9.717001317276972	0.35942492012779553	0.03194888178913738	0.7060702875399361	0.01437699680511182	0.01597444089456869	0.7	0.7169583216094845	2.3282442748091605	1.4896265560165975	0.003606447447923323	4.227168916408669e-05	0.006201841759067844	0.6405750798722045	11.335877862595419	1.8739305118121912	3.2264397905759163	2.3663663663663663	0.4520766773162939	0.6955028462998102	0.7504666607333449	0.8973242276354734	0.19488817891373802	0.9178996262449036	608	323	131
10-2	de	8.511111111111111	1.835509138381201	9.388341166231505	6.732444200754279	0.30548302872062666	0.04177545691906005	0.6553524804177546	0.010443864229765013	0.013054830287206266	1.0	0.7069511055640735	3.5555555555555554	1.6544117647058822	0.004977209844386423	5.929804912280702e-05	0.010169025697402776	0.3263707571801567	16.68888888888889	1.5631847854396874	3.370860927152318	2.220183486238532	0.42297650130548303	0.6257394366197182	-1	-1	0.17493472584856398	0.8956576281938818	377	171	45
20-33	de	7.493670886075949	1.7179054054054055	7.603815429353407	6.02322893431406	0.32432432432432434	0.02533783783783784	0.6756756756756757	0.037162162162162164	0.008445945945945946	0.9493670886075949	0.7442317298086529	3.2531645569620253	1.7282608695652173	0.004639896733277027	5.3178592418772565e-05	0.0074106364428945075	0.6756756756756757	14.784810126582279	1.53477464684993	3.2948717948717947	2.283737024221453	0.38513513513513514	0.65551724137931	0.5035502370575338	0.7450722618213097	0.16722972972972974	0.8873430036959246	554	277	79
21-262	de	6.802721088435374	1.761	7.842861224489798	5.742994965986395	0.276	0.03	0.741	0.002	0.029	0.8639455782312925	0.7238597549610526	2.9591836734693877	1.433048433048433	0.0045404568853	0.00010132070259179266	0.00603125	0.404	12.639455782312925	1.4473963500374065	3.59828141783029	2.3451612903225807	0.289	0.6115982241953377	0.7041899637495166	0.7382528580515186	0.217	0.8727312615027135	995	463	147
21-350	de	6.857142857142857	2.016025641025641	10.87338827838828	8.259991849816851	0.32211538461538464	0.05448717948717949	0.6810897435897436	0.004807692307692308	0.009615384615384616	0.8131868131868132	0.7091139570306235	3.097826086956522	1.6009174311926606	0.004468391949519231	5.469753092783505e-05	0.006264568764568764	0.4823717948717949	14.869565217391305	1.9304996671154633	3.302375809935205	2.419672131147541	0.3814102564102564	0.6376000000000003	0.8693382067819526	0.8956486069569701	0.17467948717948717	0.8945680646476045	601	291	92
21-204	de	5.598214285714286	2.0207336523126	10.437960668717249	8.208979961266804	0.2982456140350877	0.05741626794258373	0.7097288676236044	0.001594896331738437	0.012759170653907496	0.8035714285714286	0.6827674077674077	2.5575221238938055	1.641255605381166	0.004938433064274322	5.489529729729729e-05	0.006326422115895801	0.48484848484848486	11.451327433628318	1.8551288927395122	3.6022988505747127	2.4054054054054053	0.3827751196172249	0.6276325757575762	0.6260155281573634	0.7096534402321558	0.18341307814992025	0.8994148530507385	622	296	113
21-222	de	7.270491803278689	1.882750845546787	9.461951780730775	7.715304921729167	0.2987598647125141	0.06200676437429538	0.685456595264938	0.02818489289740699	0.007891770011273957	0.9508196721311475	0.737036611635542	3.122950819672131	1.7132867132867133	0.0041682401571691095	6.413114712643678e-05	0.0038519353626456218	1.0101465614430665	14.704918032786885	1.6342486708084587	3.447587354409318	2.2	0.3945885005636979	0.7314593908629452	0.6041762873575902	0.758922212025125	0.17474633596392333	0.9061757976846997	853	435	122
24-133	de	6.702970297029703	1.9970457902511078	10.589298740804658	8.54428907088641	0.33825701624815363	0.04431314623338257	0.7311669128508124	0.03249630723781388	0.008862629246676515	0.7326732673267327	0.6145488726959316	2.98019801980198	1.6906779661016949	0.003910543053914328	5.450916172106825e-05	0.004469189107298413	0.7311669128508124	15.07920792079208	1.8778634684820505	3.1594577146546157	2.152941176470588	0.4623338257016248	0.6975778546712806	0.9402322713105804	0.9055060542343145	0.15805022156573117	0.9267269231206331	649	337	101
23-55	de	6.109375	1.8721227621483376	8.883704843350387	7.339224072890026	0.2608695652173913	0.06649616368286446	0.670076726342711	0.0	0.01278772378516624	0.90625	0.6940413202317962	2.59375	1.7936507936507937	0.005720081435294117	4.690362259887005e-05	0.009271099744245524	0.21483375959079284	12.4375	1.6468561820124321	3.440401505646173	2.3173076923076925	0.4424552429667519	0.6285958904109583	-1	-1	0.2071611253196931	0.9133019837047214	390	177	64
20-6	de	6.957746478873239	1.742914979757085	7.689917887894172	6.574003227461937	0.2773279352226721	0.02834008097165992	0.6882591093117408	0.04048582995951417	0.010121457489878543	0.9154929577464789	0.6676354334173112	2.7746478873239435	1.6975308641975309	0.00489846611659919	0.0001103450308411215	0.008805668016194331	0.2692307692307692	13.028169014084508	1.4614427545206337	3.671351351351351	2.1435406698564594	0.42105263157894735	0.6266329113924064	-1	1.0586420086773396	0.18016194331983806	0.8998015875929404	473	214	71
5-126	de	6.090909090909091	1.9253731343283582	9.504857530529172	7.757031840796019	0.27114427860696516	0.06467661691542288	0.7139303482587065	0.007462686567164179	0.009950248756218905	0.803030303030303	0.7113475413475414	2.5757575757575757	1.7209302325581395	0.004724202503233831	5.608884086021506e-05	0.006988865197820421	0.2960199004975124	12.893939393939394	1.6708125208125209	3.4295774647887325	2.367741935483871	0.5298507462686567	0.6879537953795382	-1	-1	0.18407960199004975	0.9483481245905578	397	186	66
17-94	de	6.666666666666667	1.9514285714285715	10.036857142857148	7.6461952380952365	0.33	0.041428571428571426	0.7257142857142858	0.0	0.01	0.9142857142857143	0.7199775918525918	3.0	1.4392857142857143	0.004232180278	8.411453623595506e-05	0.005598455598455598	0.8028571428571428	13.924528301886792	1.6609023467802457	3.421515561569689	2.2765151515151514	0.3757142857142857	0.6545257903494186	0.722345367450471	0.8653655272385252	0.17857142857142858	0.8992793227319933	691	356	106
24-119	de	5.447368421052632	1.8888888888888888	8.82336257309942	8.242563285024156	0.3140096618357488	0.07246376811594203	0.6956521739130435	0.00966183574879227	0.0024154589371980675	0.8421052631578947	0.7452634587634589	2.6052631578947367	1.7297297297297298	0.004243448090096619	5.5573728708133973e-05	0.008574879227053139	0.3140096618357488	10.68421052631579	1.7750900866419441	3.5347985347985347	2.3017241379310347	0.48792270531400966	0.6458095238095234	-1	0.8164025311070454	0.1642512077294686	0.9263291394689703	410	209	76
15-18	de	6.911764705882353	2.1092198581560284	11.994382561535254	9.068902377972467	0.300709219858156	0.05390070921985816	0.6638297872340425	0.014184397163120567	0.014184397163120567	0.9705882352941176	0.7403513016136777	3.0686274509803924	1.582995951417004	0.004173730971787234	6.495079716088328e-05	0.00574468085106383	1.0297872340425531	14.568627450980392	1.8245769609933697	3.469839142091153	2.225806451612903	0.3404255319148936	0.6915511551155133	0.47576153928284187	0.663083311685402	0.18865248226950354	0.8855623221353583	677	317	102
21-121	de	7.271604938271605	1.762308998302207	8.041172105891974	5.778231700517721	0.27843803056027167	0.07470288624787776	0.6604414261460102	0.008488964346349746	0.008488964346349746	0.9135802469135802	0.7114458458208456	3.037037037037037	1.8146067415730338	0.004793926793378608	6.164626804511278e-05	0.006498448568584977	0.3463497453310696	13.814814814814815	1.4511526237016434	3.5887600356824265	2.4057971014492754	0.3633276740237691	0.6385918367346944	0.769073931909155	0.8361478496437643	0.1799660441426146	0.8913292795758079	580	266	81
16-134	de	5.851612903225806	1.8897464167585447	8.991136750008895	8.245054506526301	0.32855567805953695	0.05512679162072767	0.721058434399118	0.026460859977949284	0.009922822491730982	0.8129032258064516	0.6839102996570525	2.6794871794871793	1.6430868167202572	0.0038153733660418964	8.020513492407809e-05	0.004169590057131402	1.3131201764057332	11.782051282051283	1.677501107913855	3.457824933687003	2.363112391930836	0.38919514884233736	0.6950990099009905	0.6736650235458429	0.7554787791668627	0.15766262403528114	0.8995752204220218	873	461	156
7-30	de	7.781818181818182	1.8738317757009346	9.556124044180123	7.03862	0.2780373831775701	0.04672897196261682	0.7079439252336449	0.002336448598130841	0.011682242990654205	0.9454545454545454	0.7363998383606225	3.0727272727272728	1.6971830985915493	0.005012829485981309	4.8356147738693474e-05	0.01025441329179647	0.24299065420560748	17.01818181818182	1.819305748477997	3.2385026737967912	2.3125	0.3808411214953271	0.5851671732522796	-1	-1	0.1939252336448598	0.8755832399036014	427	199	55
7-10	de	7.176470588235294	2.014344262295082	10.978085824493736	8.568225554484089	0.375	0.05327868852459016	0.7069672131147541	0.004098360655737705	0.006147540983606557	0.8676470588235294	0.6967158256337359	3.0588235294117645	1.5154639175257731	0.00453748235737705	4.4231273895582325e-05	0.007876536885245903	0.8094262295081968	16.75	1.7306629708036554	3.1108179419525066	2.228448275862069	0.4016393442622951	0.6663496143958855	-1	0.7507889777674753	0.13934426229508196	0.8849739207950488	475	249	68
17-120	de	5.981981981981982	1.8343373493975903	8.388153695864542	6.291527748833172	0.26506024096385544	0.045180722891566265	0.6897590361445783	0.004518072289156626	0.004518072289156626	0.8738738738738738	0.7220358429449335	2.6607142857142856	1.4753363228699552	0.0042156325762048195	6.22120463022508e-05	0.005492558469170801	0.49849397590361444	11.571428571428571	1.5812107717504251	3.4854294478527605	2.361904761904762	0.3855421686746988	0.6534867256637161	0.7649151469010297	0.809551237003997	0.19578313253012047	0.9008136833764386	656	311	112
5-39	de	5.783783783783784	1.735981308411215	7.150255114928015	5.896908461732762	0.25934579439252337	0.04672897196261682	0.7313084112149533	0.016355140186915886	0.009345794392523364	0.8918918918918919	0.740238490580956	2.4594594594594597	1.4931506849315068	0.004560203133878505	4.106488090452261e-05	0.008177570093457943	0.26869158878504673	11.337837837837839	1.6175910800910802	3.452581032412965	2.1463414634146343	0.441588785046729	0.6339513677811545	-1	-1	0.205607476635514	0.912154863016718	422	199	74
24-41	de	5.684210526315789	2.087962962962963	11.26480506822612	9.418825925925926	0.4212962962962963	0.041666666666666664	0.6759259259259259	0.0	0.004629629629629629	0.7631578947368421	0.5473294723294724	3.736842105263158	1.2040816326530612	0.003883291452777778	0.0001118813610619469	0.021043771043771045	0.16203703703703703	11.657894736842104	1.8086857350595742	3.58494623655914	2.772727272727273	0.48148148148148145	0.5066666666666665	-1	-1	0.1388888888888889	0.9016987902216147	214	113	38
16-77	de	6.461538461538462	1.8883928571428572	9.213035714285716	7.645071611721612	0.29464285714285715	0.049107142857142856	0.7023809523809523	0.026785714285714284	0.008928571428571428	0.9326923076923077	0.7580001285598086	2.875	1.6854460093896713	0.0044302740778273805	5.629496624605678e-05	0.004789806547619047	0.45089285714285715	13.0	1.59300619880371	3.48594674556213	2.2767857142857144	0.43452380952380953	0.6795986038394399	0.608074006393438	0.721848720486319	0.16815476190476192	0.9276654580562488	652	317	104
12-126	de	7.78125	1.7690763052208835	8.319787901606428	6.386045080321286	0.29518072289156627	0.0321285140562249	0.6626506024096386	0.028112449799196786	0.010040160642570281	0.921875	0.7310492892886377	3.359375	1.7621951219512195	0.004636890907028113	6.346668954545454e-05	0.008552729436263572	0.6546184738955824	15.453125	1.6061584421728157	3.4385786802030456	2.0647058823529414	0.36947791164658633	0.6547869674185456	-1	0.7524570324275878	0.18072289156626506	0.87647650455757	483	220	64
24-43	de	6.371428571428571	1.9304932735426008	9.674677770659837	7.878284919923127	0.31614349775784756	0.07174887892376682	0.7040358744394619	0.011210762331838564	0.008968609865470852	0.8285714285714286	0.6859280910431805	2.7714285714285714	1.7586206896551724	0.004558103486098654	5.990223125e-05	0.00719357249626308	0.32062780269058294	12.885714285714286	1.702593578101097	3.6054945054945056	2.3221476510067114	0.49327354260089684	0.6901152737752164	-1	1.0388904420257878	0.1681614349775785	0.9246625255970268	438	224	70
15-15	de	6.588235294117647	1.8982142857142856	9.378340336134457	6.784035084033613	0.2910714285714286	0.03571428571428571	0.6821428571428572	0.010714285714285714	0.01607142857142857	0.8941176470588236	0.6865312762634189	2.8735632183908044	1.718232044198895	0.005587320453392857	7.0223409765625e-05	0.006216931216931216	0.45	13.425287356321839	1.7023335765729273	3.4153976311336716	2.380566801619433	0.4125	0.6600216919739703	0.6311792455594192	0.7170346492903817	0.18035714285714285	0.9083483175868627	544	256	87
19-12	de	6.762376237623762	2.0248901903367496	10.94103097864691	9.750823040459244	0.33528550512445093	0.07174231332357248	0.7276720351390923	0.0029282576866764276	0.017569546120058566	0.8217821782178217	0.7523220468789523	2.9405940594059405	1.5099601593625498	0.003505796687701318	3.300897445054945e-05	0.006566396024668352	0.5710102489019033	15.950495049504951	1.948643787306397	3.307926829268293	2.217712177121771	0.4158125915080527	0.6977226027397252	0.8503558129126176	0.9290173741849859	0.1698389458272328	0.9091321484982621	667	364	101
8-45	de	5.655172413793103	1.8577235772357723	8.536655452761426	6.873512307261004	0.28252032520325204	0.046747967479674794	0.676829268292683	0.0040650406504065045	0.0	0.9080459770114943	0.7104974160206715	2.5172413793103448	1.6488095238095237	0.004930243853048781	4.1581645535714287e-05	0.0068597560975609765	0.7764227642276422	11.758620689655173	1.633226463829912	3.4121687929342492	2.5444444444444443	0.40853658536585363	0.6544274809160298	-1	0.7141524437696818	0.18292682926829268	0.9036712825195594	486	224	87
12-94	de	8.50909090909091	1.670940170940171	7.445639471639474	4.921651623931625	0.2692307692307692	0.02564102564102564	0.6346153846153846	0.010683760683760684	0.014957264957264958	0.9090909090909091	0.6747002997002997	3.4545454545454546	1.6153846153846154	0.005038867758974359	5.748776042780749e-05	0.008547008547008548	0.3034188034188034	15.636363636363637	1.4240240939284001	3.5029171528588097	2.2056737588652484	0.3782051282051282	0.5889430894308931	-1	-1	0.20726495726495728	0.8968171425677649	463	187	55
14-43	de	5.056603773584905	1.9850746268656716	9.805956068713037	8.253785046465785	0.26865671641791045	0.041044776119402986	0.6902985074626866	0.0037313432835820895	0.022388059701492536	0.8113207547169812	0.7290646853146854	2.2452830188679247	1.6046511627906976	0.004997328304850747	7.264476929133859e-05	0.014096185737976783	0.09701492537313433	10.50943396226415	1.7537025343629118	3.390763765541741	2.3461538461538463	0.5298507462686567	0.693313609467456	-1	-1	0.22761194029850745	0.9356780430350543	268	127	53
19-41	de	6.1	2.0327868852459017	10.775885245901641	9.298375233291301	0.31904161412358134	0.07440100882723834	0.712484237074401	0.0037831021437578815	0.006305170239596469	0.8461538461538461	0.722776566671915	2.7022900763358777	1.7067669172932332	0.004680944068852459	4.705139263959391e-05	0.0043403032346989645	0.6960907944514502	13.083969465648854	1.6085751915848459	3.455754771544245	2.4545454545454546	0.44136191677175285	0.7051729106628265	0.7477533572110205	0.915235272477118	0.17150063051702397	0.9252182764082352	772	394	131
21-13	de	6.8522727272727275	2.0829187396351574	11.660827491331222	9.320716583747927	0.32669983416252074	0.05140961857379768	0.7131011608623549	0.001658374792703151	0.004975124378109453	0.9545454545454546	0.6788596142044414	3.1931818181818183	1.541871921182266	0.0035949979733001657	5.752422993421053e-05	0.006167081260364843	0.3681592039800995	13.465909090909092	1.5783172602251552	3.779831932773109	2.3480662983425415	0.43781094527363185	0.6617063492063477	0.8319280468587829	0.9587827150759554	0.22388059701492538	0.915937832790619	595	304	88
12-121	de	7.175675675675675	1.7250470809792844	7.56406906906907	6.000949997455081	0.2580037664783427	0.02824858757062147	0.6308851224105462	0.009416195856873822	0.013182674199623353	0.9054054054054054	0.6745989740852756	3.1621621621621623	1.9527027027027026	0.0057179532800376645	6.396315683760684e-05	0.007951454279137895	0.5894538606403014	14.14864864864865	1.5790497563523878	3.380952380952381	2.1085714285714285	0.32015065913371	0.6003703703703706	0.32703570080715233	0.6529976211717964	0.2184557438794727	0.8599581551711343	526	234	74
16-80	de	6.133333333333334	1.8111413043478262	8.17346739130435	6.774419963768116	0.3451086956521739	0.03804347826086957	0.686141304347826	0.005434782608695652	0.008152173913043478	0.875	0.7243076987880165	2.825	1.6334661354581674	0.00492931924089674	7.262303534482758e-05	0.004805143160127253	0.6671195652173914	12.458333333333334	1.5961450215591084	3.332892998678996	2.325925925925926	0.4171195652173913	0.6732653061224487	0.6191120238644204	0.7957547562090337	0.16304347826086957	0.9247195514095724	718	348	120
16-233	de	6.544444444444444	2.030560271646859	10.922944538766274	8.780521433691757	0.2869269949066214	0.06112054329371817	0.6977928692699491	0.006791171477079796	0.022071307300509338	0.9333333333333333	0.6995449307247058	2.966666666666667	1.4874371859296482	0.004109070655582343	4.957383234200744e-05	0.007130730050933786	0.22071307300509338	14.155555555555555	1.78082919092336	3.4277992277992277	2.3789954337899544	0.41765704584040747	0.6835714285714274	0.8298999992918527	0.976559853508564	0.18845500848896435	0.9147913922918022	580	269	90
21-169	de	6.966666666666667	2.04066985645933	11.206904306220093	8.513630494417864	0.3062200956937799	0.050239234449760764	0.6794258373205742	0.009569377990430622	0.009569377990430622	0.9	0.6862333092327321	2.8833333333333333	1.7414965986394557	0.00574355675645933	4.47043285e-05	0.009968102073365232	0.2535885167464115	15.7	1.8180006703536116	3.2838983050847457	2.336	0.43301435406698563	0.6198432601880872	-1	0.9489586436981623	0.16028708133971292	0.909775921698996	417	200	60
16-170	de	8.287671232876713	1.8727272727272728	9.740373599003739	7.655128382203102	0.31735537190082647	0.03140495867768595	0.656198347107438	0.024793388429752067	0.0049586776859504135	0.9726027397260274	0.6893972742656955	3.5205479452054793	1.6744186046511629	0.005032587301869752	6.72071237037037e-05	0.005509641873278237	0.7669421487603306	16.876712328767123	1.6414160425384718	3.523265306122449	2.1142857142857143	0.39834710743801655	0.6425494071146249	0.538920291939693	0.7815101199605837	0.17024793388429751	0.9087554265278381	591	270	73
8-27	de	5.836734693877551	1.8251748251748252	8.223389467675183	6.5266013415156285	0.2692307692307692	0.038461538461538464	0.6573426573426573	0.0034965034965034965	0.01048951048951049	0.9591836734693877	0.696866096866097	2.510204081632653	1.553191489361702	0.005002685784615385	4.668564888888889e-05	0.014939605848696757	0.13286713286713286	12.612244897959183	1.699703234607196	3.2029220779220777	2.3727272727272726	0.45454545454545453	0.6175935828877002	-1	-1	0.22727272727272727	0.9056885612236004	284	135	49
9-82	de	5.161764705882353	2.1623931623931623	11.939327551533435	10.62573936651584	0.452991452991453	0.06695156695156695	0.7621082621082621	0.004273504273504274	0.009971509971509971	0.7132352941176471	0.7013583638583638	2.423611111111111	1.4087837837837838	0.0034367403849002846	2.359799817232376e-05	0.004887513508203163	1.3333333333333333	12.8125	2.012657235003081	3.0505857294994674	2.246153846153846	0.4672364672364672	0.7148424543946937	0.9230496762030311	0.9623898020123888	0.1111111111111111	0.9207181131067801	652	383	144
4-42	de	6.333333333333333	1.8280701754385964	8.45122807017544	6.756670175438598	0.25263157894736843	0.03859649122807018	0.6701754385964912	0.0035087719298245615	0.014035087719298246	0.9555555555555556	0.7231388560934018	2.511111111111111	1.6421052631578947	0.0048274754199999995	3.967318661417323e-05	0.013225371120107961	0.17543859649122806	13.622222222222222	1.6822981031314366	3.292483660130719	2.2933333333333334	0.43157894736842106	0.6089784946236545	-1	-1	0.21052631578947367	0.888501004685745	285	127	45
24-67	de	5.504347826086956	1.9589257503949447	9.672019506834264	8.454347493646543	0.3902053712480253	0.03949447077409163	0.7282780410742496	0.02843601895734597	0.007898894154818325	0.782608695652174	0.7027844962055487	2.4358974358974357	1.5082644628099173	0.0035772954093680888	4.423854680851064e-05	0.006562158220925994	0.2480252764612954	12.555555555555555	1.795922081779912	3.132303559435863	2.105820105820106	0.4834123222748815	0.6748876404494375	1.0742659898804838	0.8950137034803006	0.17061611374407584	0.9289926523037256	600	329	117
17-74	de	5.45945945945946	1.6485148514851484	5.991664436713943	3.924158255284988	0.24752475247524752	0.054455445544554455	0.7475247524752475	0.0297029702970297	0.019801980198019802	0.918918918918919	0.6896384479717814	2.27027027027027	1.5151515151515151	0.003334940304950495	7.710925208333333e-05	0.015841584158415842	0.034653465346534656	10.91891891891892	1.4682862932862932	3.411764705882353	2.3211009174311927	0.5891089108910891	0.6666019417475725	-1	-1	0.22772277227722773	0.9429747496586227	193	96	37
23-21	de	6.813186813186813	1.9209677419354838	9.734562211981569	7.560293867422899	0.33225806451612905	0.054838709677419356	0.6790322580645162	0.0016129032258064516	0.012903225806451613	0.8351648351648352	0.7483544070308775	2.967032967032967	1.5947136563876652	0.004955246841290322	5.626448350168351e-05	0.00564516129032258	0.667741935483871	14.043956043956044	1.8288946617272297	3.427350427350427	2.2954545454545454	0.3919354838709677	0.6607869481765843	0.6153421309460466	0.8089536513437757	0.16129032258064516	0.9110695198477634	610	297	91
5-85	de	6.4	1.8350694444444444	8.559819444444447	6.7291425	0.3038194444444444	0.06076388888888889	0.6996527777777778	0.005208333333333333	0.005208333333333333	0.8555555555555555	0.7043582198076579	2.9444444444444446	1.6108374384236452	0.004975162494791667	6.522043202846975e-05	0.005656362007168459	0.5381944444444444	12.844444444444445	1.6877155519918678	3.3713550600343054	2.221518987341772	0.4392361111111111	0.6854297693920357	0.6406825257264808	0.866616046765844	0.1527777777777778	0.924903817415446	569	281	90
24-72	de	7.473118279569892	2.0676258992805754	11.722501740543048	9.666303937495165	0.46618705035971225	0.03597122302158273	0.7856115107913669	0.03884892086330935	0.014388489208633094	0.9032258064516129	0.6878909471460618	2.8645833333333335	1.7802690582959642	0.003090438355994119	5.9860877494199535e-05	0.00463629096722622	0.8618705035971223	15.604166666666666	1.7586240071751913	3.403590425531915	2.0865139949109417	0.5136690647482014	0.711342281879193	1.2137475928532075	1.023965660689296	0.11942446043165468	0.925926642624416	648	431	96
16-84	de	6.4	1.7673611111111112	7.760861111111115	5.992232777777779	0.2690972222222222	0.04513888888888889	0.6666666666666666	0.012152777777777778	0.006944444444444444	0.9111111111111111	0.7407487955240762	3.033333333333333	1.6785714285714286	0.005516657934895833	6.697731712062256e-05	0.007492690058479532	0.1909722222222222	12.477777777777778	1.553409132290711	3.451067615658363	2.2282608695652173	0.4201388888888889	0.6417819706498942	0.7397355174453643	0.8842126630718088	0.1909722222222222	0.928675605750878	571	257	90
8-52	de	6.3061224489795915	1.970873786407767	10.125698434713694	8.029804385443498	0.27184466019417475	0.042071197411003236	0.686084142394822	0.006472491909385114	0.012944983818770227	1.0	0.7486208814333812	2.673469387755102	1.5849056603773586	0.005301463137540453	5.2003527007299274e-05	0.00970873786407767	0.2459546925566343	13.224489795918368	1.736680836170632	3.3950995405819295	2.3333333333333335	0.49514563106796117	0.6492380952380943	-1	-1	0.22653721682847897	0.9298229093710101	308	137	49
12-152	de	7.114285714285714	1.9210174029451137	9.85257678332377	7.325164528590552	0.2998661311914324	0.0535475234270415	0.6305220883534136	0.009370816599732263	0.01740294511378849	0.9047619047619048	0.6966990007855394	3.3047619047619046	1.7142857142857142	0.005225660592235609	4.6096388200589974e-05	0.004736896303161363	1.4069611780455153	14.447619047619048	1.6023978161047125	3.5131233595800526	2.4316239316239314	0.321285140562249	0.6305092592592603	0.617037783363046	0.8293230813274232	0.16733601070950468	0.8794994653213544	740	339	105
21-336	de	6.9465648854961835	1.956043956043956	10.200478986662194	8.002564549953863	0.3054945054945055	0.03956043956043956	0.6758241758241759	0.007692307692307693	0.008791208791208791	0.9083969465648855	0.6871421493486273	2.9618320610687023	1.6397306397306397	0.00491078694967033	4.930921674208145e-05	0.004132823698041089	0.734065934065934	15.083969465648854	1.7475505202580035	3.319919517102616	2.2349397590361444	0.3824175824175824	0.6817385943279908	0.7282923463299833	0.8658498285300027	0.1879120879120879	0.9077569840569955	899	442	131
16-252	de	7.280701754385965	2.0843373493975905	11.844654407102094	9.032911646586346	0.29397590361445786	0.04096385542168675	0.6987951807228916	0.00963855421686747	0.024096385542168676	0.9473684210526315	0.7124972570613325	3.0526315789473686	1.4791666666666667	0.004310096932771085	4.3319284153005463e-05	0.010441767068273093	0.10602409638554217	16.07017543859649	1.8011198983335206	3.3107221006564553	2.1496062992125986	0.4602409638554217	0.6203481012658213	-1	-1	0.1927710843373494	0.9189950030236271	409	183	57
5-3	de	7.4	1.832046332046332	8.914146718146718	6.633110115830117	0.3281853281853282	0.052123552123552123	0.6891891891891891	0.003861003861003861	0.015444015444015444	0.8285714285714286	0.7734191675048451	3.1	1.6612903225806452	0.005253855745945946	4.732592489795918e-05	0.00723938223938224	0.34942084942084944	14.657142857142857	1.6919130721103683	3.4059500959692897	2.3480662983425415	0.4189189189189189	0.6381145584725532	0.4793759286005948	0.8719872130611074	0.14478764478764478	0.9167766579747314	504	245	70
20-7	de	6.245161290322581	1.6601239669421488	6.4350757131431635	4.923984356171688	0.27479338842975204	0.029958677685950414	0.7293388429752066	0.013429752066115703	0.015495867768595042	0.8193548387096774	0.7048080707171617	2.832258064516129	1.5226586102719033	0.004497930571694215	6.0010025e-05	0.0036271808999081725	0.7272727272727273	12.096774193548388	1.555710933678326	3.37532946758039	2.355371900826446	0.37913223140495866	0.6698504027617923	0.8275854730806027	0.9490660348375612	0.20351239669421486	0.9139916150409808	947	448	155
21-146	de	9.583333333333334	1.8695652173913044	10.208369565217396	8.329159420289855	0.28695652173913044	0.034782608695652174	0.6434782608695652	0.017391304347826087	0.004347826086956522	1.0	0.6639312378442813	3.7916666666666665	1.6712328767123288	0.004454953358260869	3.8560615e-05	0.011884057971014493	0.16956521739130434	20.083333333333332	1.8673199485699488	3.3870292887029287	2.1121495327102804	0.48695652173913045	0.6122137404580149	-1	-1	0.16956521739130434	0.9305140711928096	214	80	24
10-9	de	5.6440677966101696	1.7762762762762763	7.571246500738027	6.228883330788415	0.3063063063063063	0.03303303303303303	0.6891891891891891	0.0045045045045045045	0.015015015015015015	0.7966101694915254	0.7022415855749186	2.5847457627118646	1.541501976284585	0.005078510477177177	3.9718287868852455e-05	0.005057689268215584	0.8573573573573574	11.898305084745763	1.6732042439669559	3.2753007784854917	2.3723849372384938	0.37237237237237236	0.6574426807760149	0.5868582386337144	0.8317280555579067	0.17267267267267267	0.9048719606055611	662	305	118
20-32	de	6.948979591836735	1.9676945668135095	10.33889792921574	7.9277944978872625	0.3568281938325991	0.049926578560939794	0.7033773861967695	0.010279001468428781	0.011747430249632892	0.8979591836734694	0.6661713715837426	3.204081632653061	1.6208333333333333	0.004330931613362702	6.89987506060606e-05	0.005600519072499402	0.8105726872246696	14.724489795918368	1.7568416560763498	3.4261049723756907	2.6835016835016834	0.3935389133627019	0.6798281786941589	0.6951490587089154	0.7644038325195577	0.16299559471365638	0.8964328285507327	651	330	98
12-24	de	6.612903225806452	1.8048780487804879	8.286593233674274	5.351018882769473	0.24390243902439024	0.024390243902439025	0.6536585365853659	0.0	0.004878048780487805	0.9354838709677419	0.7001587301587302	2.7096774193548385	1.5507246376811594	0.005500953557560976	4.8255209782608695e-05	0.013658536585365854	0.11219512195121951	13.096774193548388	1.6311742916581626	3.4034653465346536	2.119047619047619	0.5073170731707317	0.6447169811320753	-1	-1	0.1902439024390244	0.9197429319160684	205	92	31
24-124	de	6.741573033707865	1.8866666666666667	9.301880149812735	7.633507677902623	0.285	0.058333333333333334	0.7016666666666667	0.006666666666666667	0.006666666666666667	0.8876404494382022	0.7023369622801441	3.0786516853932584	1.5518867924528301	0.004333097381333334	5.602293740740741e-05	0.005645161290322581	0.44666666666666666	13.44943820224719	1.589694200930156	3.516155758077879	2.357933579335793	0.41	0.6620558882235518	0.7868182471412225	0.8844961383837633	0.18666666666666668	0.9173653709319757	576	270	89
17-129	de	4.78030303030303	2.1648177496038037	11.819167627143067	9.952634337031167	0.32171156893819336	0.05229793977812995	0.7083993660855784	0.003169572107765452	0.006339144215530904	0.6060606060606061	0.678842404414923	2.340909090909091	1.4349775784753362	0.0031804296438985736	8.0007944e-05	0.006678741227077202	0.3201267828843106	10.5	1.8181819946622577	3.6117478510028653	2.390625	0.41362916006339145	0.6354887218045097	0.8599570573093116	0.887262990523841	0.2091917591125198	0.8949353705204597	613	325	132
22-71	de	7.333333333333333	1.7727272727272727	8.188181818181818	5.796360606060607	0.23484848484848486	0.03977272727272727	0.75	0.005681818181818182	0.020833333333333332	0.9583333333333334	0.7294555600893625	2.9166666666666665	1.5132275132275133	0.004308978623484849	0.00011090574864864866	0.007417929292929293	0.45075757575757575	13.26388888888889	1.3494964537550322	3.7463617463617465	2.5555555555555554	0.3333333333333333	0.6453846153846149	0.4447271248116661	0.8305130608687407	0.2159090909090909	0.8596461663109476	523	222	72
23-104	de	5.882352941176471	2.125	11.779117647058825	10.217579411764705	0.3233333333333333	0.06833333333333333	0.6966666666666667	0.011666666666666667	0.008333333333333333	0.7450980392156863	0.669291420092235	2.6176470588235294	1.6666666666666667	0.0045192271789999995	4.1132336896551724e-05	0.006421568627450981	0.7483333333333333	13.480392156862745	1.906270116049528	3.2457264957264957	2.4279279279279278	0.38666666666666666	0.6369860279441127	0.6378292710193002	0.9017816605099049	0.15166666666666667	0.8895116467927584	586	290	102
12-112	de	5.440559440559441	2.11439588688946	11.48168964711381	10.518813209412695	0.38174807197943444	0.07069408740359898	0.7107969151670951	0.042416452442159386	0.0	0.6713286713286714	0.7163286928251716	2.895104895104895	1.5445544554455446	0.004001682772493573	4.3597354887218045e-05	0.005166591058017036	0.8200514138817481	12.86013986013986	1.865330161520001	3.298264071541294	2.329621380846325	0.39331619537275064	0.6772606774668637	0.8196491910944634	0.8770056570861816	0.11825192802056556	0.8888035184408832	734	399	143
8-47	de	6.225	2.0261044176706826	10.745782128514055	7.996824016064259	0.30522088353413657	0.05823293172690763	0.6586345381526104	0.004016064257028112	0.006024096385542169	0.8875	0.7660507834186164	2.75	1.702247191011236	0.005204841323473895	6.316463080357143e-05	0.0068273092369477905	0.7269076305220884	13.9	1.886462184830993	3.2941176470588234	2.5444015444015444	0.41164658634538154	0.6588471177944853	-1	0.8208676318487346	0.18674698795180722	0.9022766595965033	478	224	80
12-107	de	8.285714285714286	1.9008620689655173	10.071600985221679	7.823862807881776	0.2952586206896552	0.028017241379310345	0.6508620689655172	0.010775862068965518	0.004310344827586207	1.0	0.701991528569436	3.4464285714285716	1.6418918918918919	0.004577733349568965	6.120799189189189e-05	0.00908920539730135	0.3168103448275862	17.017857142857142	1.58648535753094	3.4329140461215935	2.213793103448276	0.4331896551724138	0.6515068493150686	-1	0.8274737032641153	0.1788793103448276	0.9023669152555743	457	222	56
11-42	de	8.533980582524272	1.9772468714448237	11.069765510233388	7.7140203474822435	0.2901023890784983	0.05233219567690557	0.6905574516496018	0.0	0.012514220705346985	0.9514563106796117	0.7279182864739532	3.4757281553398056	1.707142857142857	0.004586880640159272	8.485285193236716e-05	0.004074397438950181	0.6860068259385665	15.54368932038835	1.4733159582458595	3.8510506798516686	2.323651452282158	0.3651877133105802	0.6708333333333336	0.8132967245768762	0.9420441399658959	0.19908987485779295	0.9088259804847545	868	414	103
24-28	de	6.59375	2.022116903633491	10.842541962875195	8.613730924170616	0.315955766192733	0.053712480252764615	0.7535545023696683	0.001579778830963665	0.00315955766192733	0.875	0.7069381203591728	3.0618556701030926	1.4801587301587302	0.00417952706192733	5.355564550898203e-05	0.006937289649014355	0.2764612954186414	13.958762886597938	1.7075407789097905	3.457627118644068	2.1875	0.45813586097946285	0.6991011235955061	0.7202867866587455	0.8975961300367411	0.18167456556082148	0.9304836654273548	632	334	97
12-103	de	7.06140350877193	2.1925465838509317	13.035997057862048	10.895915113871634	0.3515527950310559	0.07577639751552795	0.6695652173913044	0.02236024844720497	0.009937888198757764	0.8245614035087719	0.6843190947810938	3.2017543859649122	1.6895306859205776	0.004463309348571429	4.9231611678832114e-05	0.00402655814949668	1.4124223602484471	16.92105263157895	1.953822492213268	3.3210445468509984	2.3324675324675326	0.4074534161490683	0.7102266288951822	0.6739555151730422	0.7646170902419418	0.1391304347826087	0.907825402099873	770	411	114
11-16	de	7.8	2.051282051282051	11.657128205128206	9.695724102564103	0.26666666666666666	0.06666666666666667	0.7128205128205128	0.0	0.010256410256410256	1.0	0.7692186285936287	3.44	1.5	0.003621265298974359	0.00010085734731182795	0.01585081585081585	0.21025641025641026	15.88	1.6278430327842093	3.5822784810126582	2.259259259259259	0.5692307692307692	0.6844791666666673	-1	-1	0.21025641025641026	0.9069572262854936	195	93	25
18-99	de	6.144927536231884	1.7382075471698113	7.31737079573421	5.844035657642877	0.2641509433962264	0.0660377358490566	0.6957547169811321	0.0	0.007075471698113208	0.8695652173913043	0.7273333284362694	2.681159420289855	1.7310344827586206	0.004672999411320755	5.406931280788178e-05	0.009061569016881826	0.25707547169811323	12.55072463768116	1.6430884936319718	3.281933256616801	2.3529411764705883	0.4056603773584906	0.6085846153846147	-1	0.9482352532762396	0.19103773584905662	0.8994801842734926	420	203	69
5-111	de	6.988235294117647	1.8703703703703705	9.205782135076255	6.574039001782532	0.2727272727272727	0.06228956228956229	0.6599326599326599	0.013468013468013467	0.0016835016835016834	0.9176470588235294	0.6950025008060722	3.0930232558139537	1.7566137566137565	0.004769303972895623	5.3633330545454546e-05	0.006385696040868454	0.47474747474747475	13.779069767441861	1.6065027017745896	3.4357262103505843	2.241573033707865	0.38552188552188554	0.6174141414141416	0.8338780571254779	0.867054244150531	0.19528619528619529	0.901335472818212	581	275	86
21-46	de	7.053763440860215	1.833841463414634	8.800297010228167	7.718596564384999	0.3003048780487805	0.036585365853658534	0.7149390243902439	0.028963414634146343	0.007621951219512195	0.9139784946236559	0.7236030472515024	3.172043010752688	1.6228070175438596	0.004311791506859756	5.218464150943396e-05	0.005716463414634146	0.8810975609756098	15.150537634408602	1.66883251416912	3.2446958981612446	2.158671586715867	0.3826219512195122	0.6860502692998192	0.5339643133293474	0.7014749248707977	0.1722560975609756	0.8953504501248124	633	318	93
12-9	de	9.15	2.060109289617486	12.28778961748634	8.003186010928962	0.2568306010928962	0.07650273224043716	0.639344262295082	0.0	0.0273224043715847	1.0	0.727379053694843	3.7	1.8070175438596492	0.005168332730054645	4.7449408571428574e-05	0.01639344262295082	0.16939890710382513	19.1	1.7131087330543853	3.503916449086162	2.2142857142857144	0.5081967213114754	0.6320238095238094	-1	-1	0.15846994535519127	0.906237945991638	181	70	20
5-49	de	4.636363636363637	2.5565610859728505	16.385602632661456	13.35308084464555	0.4358974358974359	0.09049773755656108	0.7873303167420814	0.012066365007541479	0.004524886877828055	0.7692307692307693	0.7323313032820071	2.272727272727273	1.436241610738255	0.0026682535019607843	3.1706124e-05	0.005198806200057765	1.2368024132730016	13.37062937062937	1.9313713384517581	3.0546391752577318	2.459839357429719	0.4962292609351433	0.7863829787234059	0.5782993005369256	0.69711547146404	0.1282051282051282	0.9181825524111844	637	400	143
17-130	de	7.514285714285714	2.079847908745247	11.882776751765345	8.775076784356328	0.2889733840304182	0.07224334600760456	0.714828897338403	0.0038022813688212928	0.0038022813688212928	0.9714285714285714	0.7305546577605401	3.4571428571428573	1.6067415730337078	0.004030432791634981	5.0590940909090904e-05	0.012547528517110265	0.12167300380228137	15.742857142857142	1.6369655741084312	3.6448087431693987	2.3645833333333335	0.5437262357414449	0.6710365853658535	-1	-1	0.22053231939163498	0.928278387084845	260	132	35
16-107	de	4.846153846153846	1.8174603174603174	7.746031746031747	5.097499145299146	0.40476190476190477	0.05555555555555555	0.6984126984126984	0.0	0.0	0.6923076923076923	0.7477525938114173	2.769230769230769	1.4827586206896552	0.006233639463492064	7.321119420289855e-05	0.03273809523809523	0.21428571428571427	9.73076923076923	1.8230311355311355	3.090909090909091	2.473684210526316	0.3888888888888889	0.4148148148148148	-1	-1	0.15079365079365079	0.8328464389800658	126	69	26
21-33	de	7.92	1.7878787878787878	8.595769696969697	6.208592686868688	0.26515151515151514	0.05303030303030303	0.6767676767676768	0.010101010101010102	0.005050505050505051	0.92	0.7429462827422011	3.38	1.6428571428571428	0.005392592691414141	6.7914036875e-05	0.009090909090909092	0.15656565656565657	15.0	1.5594075989370106	3.5425531914893615	2.353846153846154	0.41919191919191917	0.5911111111111116	-1	-1	0.1994949494949495	0.9207229160183189	389	160	50
6-15	de	6.69620253164557	1.77882797731569	8.011689119666915	5.750521887487737	0.2948960302457467	0.03969754253308128	0.6880907372400756	0.001890359168241966	0.003780718336483932	0.8481012658227848	0.6409170182925839	2.848101265822785	1.7528735632183907	0.005407461702079395	5.376498181818182e-05	0.007088846880907372	0.3553875236294896	13.417721518987342	1.5759812620572116	3.384331797235023	2.4220779220779223	0.43100189035916825	0.6326511627906983	0.8640168615724213	0.8305255118779337	0.20982986767485823	0.9238438390737819	525	253	79
17-86	de	7.148936170212766	1.8363095238095237	8.86653748733536	7.500599746707195	0.3482142857142857	0.050595238095238096	0.6994047619047619	0.0	0.01488095238095238	1.0	0.7103527511136206	3.2127659574468086	1.5737704918032787	0.003805429199702381	3.990861736526946e-05	0.009628851540616247	0.2708333333333333	15.148936170212766	1.5997923471327726	3.406779661016949	2.2601626016260163	0.5208333333333334	0.6753164556962011	-1	-1	0.15773809523809523	0.9386531560624849	332	167	47
16-234	de	7.09433962264151	2.0558510638297873	11.43583500602168	9.260721457246085	0.25	0.034574468085106384	0.7021276595744681	0.0026595744680851063	0.026595744680851064	1.0	0.7580919080919083	3.150943396226415	1.4310344827586208	0.004589810924202128	4.973337878787878e-05	0.010638297872340425	0.11702127659574468	14.981132075471699	1.686225074099658	3.458542713567839	2.2990654205607477	0.4574468085106383	0.6581588447653427	-1	-1	0.22872340425531915	0.9096044842001392	375	165	53
12-111	de	6.132075471698113	2.0892307692307694	11.454432510885344	9.264436865021771	0.28923076923076924	0.04923076923076923	0.6923076923076923	0.0	0.006153846153846154	0.9056603773584906	0.6577283827283827	2.7169811320754715	1.6106194690265487	0.004330004865538461	7.49801356687898e-05	0.010427350427350428	0.3476923076923077	12.679245283018869	1.711581463301774	3.6394160583941604	2.357894736842105	0.47692307692307695	0.6684955752212387	-1	-1	0.20307692307692307	0.916634429308637	323	157	53
22-57	de	7.716216216216216	1.6409807355516637	6.782897003833959	6.916289705116677	0.23117338003502627	0.07880910683012259	0.7985989492119089	0.1243432574430823	0.02276707530647986	0.9054054054054054	0.7275202347120155	2.824324324324324	1.7261904761904763	0.0036527500029772332	8.416471829268293e-05	0.0069218580602118255	0.2609457092819615	15.91891891891892	1.5696019713556972	3.3175675675675675	2.0053475935828877	0.38353765323992994	0.6034322033898306	-1	0.9262284378817262	0.15061295971978983	0.8963082242957067	497	246	74
17-64	de	7.684210526315789	1.7762557077625571	8.366659456861335	6.635370776255708	0.2990867579908676	0.045662100456621	0.682648401826484	0.04794520547945205	0.00228310502283105	0.9649122807017544	0.7201458890665824	3.3684210526315788	1.7708333333333333	0.0041862874121004565	6.62639415e-05	0.0066046966731898235	0.2557077625570776	15.280701754385966	1.6680835860076533	3.394318181818182	2.1666666666666665	0.4360730593607306	0.5907669616519176	-1	1.087203679215738	0.16210045662100456	0.9142878297633348	421	200	57
17-19	de	7.1558441558441555	1.7822141560798548	8.230906262521508	6.117645890588541	0.2831215970961887	0.041742286751361164	0.6642468239564429	0.014519056261343012	0.016333938294010888	0.935064935064935	0.7482446435528151	3.103896103896104	1.719298245614035	0.004642794898185118	5.41664036e-05	0.006805807622504537	0.6225045372050817	14.7012987012987	1.6704119484199698	3.3897707231040566	2.28110599078341	0.38838475499092556	0.6434955752212373	0.45710315094438164	0.7222863151165024	0.19419237749546278	0.9013436509747904	538	250	77
7-29	de	8.03061224489796	1.6111817026683608	6.553882866996862	5.155596385136011	0.27573062261753495	0.03939008894536213	0.6632782719186785	0.015247776365946633	0.010165184243964422	0.9795918367346939	0.6978153290008963	3.0816326530612246	1.7193675889328064	0.005209703376543837	5.5484861290322584e-05	0.005953893628607734	0.36086404066073696	15.846938775510203	1.6588502300687176	3.229017566688354	2.0454545454545454	0.3138500635324015	0.5850000000000004	0.8592598529364363	0.9393295795590754	0.17916137229987295	0.8802915304438127	746	310	98
24-2	de	7.836206896551724	1.78987898789879	8.586692746860898	5.41728199992413	0.28052805280528054	0.056105610561056105	0.6798679867986799	0.0176017601760176	0.013201320132013201	0.8706896551724138	0.7393598431302025	3.0258620689655173	1.7655172413793103	0.004047867118261826	0.00010175344036458334	0.006600660066006601	0.47744774477447743	14.78448275862069	1.6045380758725711	3.620649651972158	2.5749440715883667	0.2552255225522552	0.5676913580246908	0.4773327402610051	0.6863169936217345	0.1639163916391639	0.821818666640481	875	384	116
16-37	de	6.588709677419355	1.9167686658506733	9.597467031231496	8.387513531014333	0.31701346389228885	0.05263157894736842	0.6964504283965728	0.019583843329253364	0.012239902080783354	0.8145161290322581	0.7454127512054338	2.975806451612903	1.6205673758865249	0.004721954646640808	5.361203173803527e-05	0.004446331776284565	0.9681762545899633	13.78225806451613	1.5997283630348147	3.4200116346713205	2.2386363636363638	0.3806609547123623	0.6833147632311984	0.6906123301582142	0.864617524402963	0.15177478580171358	0.9005897584854671	797	397	124
17-61	de	5.4392523364485985	1.8213058419243986	8.02271734592286	7.027999691685133	0.3161512027491409	0.058419243986254296	0.7199312714776632	0.013745704467353952	0.01718213058419244	0.7289719626168224	0.7066024646213324	2.3551401869158877	1.6179245283018868	0.0038933816168384883	5.7799931338028176e-05	0.0070446735395189	0.6701030927835051	11.88785046728972	1.6651116284109397	3.232919254658385	2.291512915129151	0.41408934707903783	0.6833540372670824	0.5751314627596591	0.7866567308817908	0.16666666666666666	0.8961972244141245	565	284	107
15-21	de	7.972972972972973	1.8	8.75945945945946	5.807979386165827	0.2745762711864407	0.030508474576271188	0.6711864406779661	0.010169491525423728	0.020338983050847456	1.0	0.7743264066180732	3.054054054054054	1.6734693877551021	0.0051331144959322035	7.491027089552239e-05	0.014043583535108959	0.288135593220339	15.216216216216216	1.5222442833897942	3.5818505338078293	2.2435897435897436	0.45084745762711864	0.6364795918367344	-1	-1	0.17966101694915254	0.8921173478378804	294	134	37
24-93	de	7.391752577319588	2.0209205020920504	11.139645429840833	8.877414280579162	0.3054393305439331	0.05439330543933055	0.6750348675034867	0.001394700139470014	0.00697350069735007	0.9381443298969072	0.6711130951020654	3.11340206185567	1.7370689655172413	0.004595305381171548	5.783104851190476e-05	0.006226339908348277	0.2524407252440725	13.742268041237113	1.5651740376088952	3.7767857142857144	2.3351063829787235	0.40446304044630405	0.6440938511326852	0.8122979794226752	0.8561444257132268	0.18270571827057183	0.9167297386318298	710	336	97
18-44	de	5.2727272727272725	2.146551724137931	11.795673981191221	9.579143103448276	0.36637931034482757	0.08045977011494253	0.7485632183908046	0.008620689655172414	0.008620689655172414	0.7424242424242424	0.7018709951715172	2.409090909090909	1.528301886792453	0.004233117776436782	4.112813064516129e-05	0.004549808429118773	1.7557471264367817	13.037878787878787	1.9927892774879477	3.198961937716263	2.3343023255813953	0.4209770114942529	0.7220770519262986	0.6854091563026194	0.7690308508304283	0.14798850574712644	0.9089362786353132	680	372	132
7-22	de	6.159090909090909	1.900369003690037	9.23639969808789	7.520261254612546	0.3025830258302583	0.04059040590405904	0.6826568265682657	0.0	0.0036900369003690036	0.9772727272727273	0.7413856169670124	3.1136363636363638	1.5544554455445545	0.005406310235424355	5.31165008e-05	0.016974169741697416	0.13284132841328414	12.886363636363637	1.7995109372950282	3.3351063829787235	2.3452380952380953	0.45387453874538747	0.5880232558139534	-1	-1	0.1992619926199262	0.9049635318247443	268	125	44
14-55	de	5.551724137931035	2.0838509316770186	11.164613407581925	9.965577468408654	0.2826086956521739	0.08695652173913043	0.6770186335403726	0.006211180124223602	0.015527950310559006	0.9137931034482759	0.6336814257866891	2.6724137931034484	1.8363636363636364	0.00524439499378882	3.663640251572327e-05	0.010134030728996404	0.4409937888198758	12.241379310344827	1.7106191701019287	3.351123595505618	2.294736842105263	0.4409937888198758	0.6407174887892385	-1	-1	0.2080745341614907	0.9004605353300237	321	159	58
24-65	de	6.451923076923077	2.052160953800298	11.141749254843518	9.50774067408002	0.3174366616989568	0.06408345752608048	0.713859910581222	0.00894187779433681	0.01788375558867362	0.7980769230769231	0.64247270604728	2.875	1.581896551724138	0.003995842390312965	6.020702123076923e-05	0.006649088616301731	0.3472429210134128	13.5	1.7095576609311278	3.490552834149755	2.406392694063927	0.4202682563338301	0.6804195804195805	0.8671875317033539	0.8117143793396665	0.19821162444113263	0.9125646942711503	662	325	104
22-40	de	5.967741935483871	1.748108108108108	7.365095030514386	5.7770226678291206	0.20108108108108108	0.03783783783783784	0.7708108108108108	0.00972972972972973	0.014054054054054054	0.8709677419354839	0.7235274608053142	2.574193548387097	1.4316770186335404	0.0036126121619459457	8.164909684210526e-05	0.003734643734643735	0.4540540540540541	11.761290322580646	1.6719779324618036	3.464575446187128	2.3258785942492013	0.36972972972972973	0.693438256658594	0.6619421389768638	0.7552324252184324	0.20864864864864865	0.9198104856864739	912	380	155
20-25	de	5.08421052631579	1.9855072463768115	9.821827612509534	7.948993043478261	0.29606625258799174	0.08074534161490683	0.7122153209109731	0.006211180124223602	0.014492753623188406	0.7894736842105263	0.6842820300267107	2.4210526315789473	1.7117647058823529	0.004325107710973085	4.019257071129707e-05	0.007811029550159986	0.40165631469979296	10.789473684210526	1.6466187744234835	3.2799625468164795	2.553672316384181	0.453416149068323	0.6634374999999993	-1	0.9282648294914675	0.18012422360248448	0.9255798297849465	476	239	95
23-58	de	5.663551401869159	1.8828382838283828	8.836276795903892	7.064932593072392	0.2854785478547855	0.039603960396039604	0.7046204620462047	0.018151815181518153	0.0165016501650165	0.8691588785046729	0.7072119442402461	2.485981308411215	1.6121495327102804	0.0050471369450495055	6.466420071174378e-05	0.005867253392005867	0.4504950495049505	11.841121495327103	1.6610292225946433	3.390759592795615	2.350194552529183	0.4306930693069307	0.6692899408284043	0.9179868690643469	0.7698045919637164	0.17326732673267325	0.9160094170758878	592	281	107
24-76	de	6.3164556962025316	2.0440881763527052	10.993658202480908	9.96030978919865	0.3106212424849699	0.06012024048096192	0.6993987975951904	0.03206412825651302	0.026052104208416832	0.8354430379746836	0.6658355365934552	3.0126582278481013	1.6134969325153374	0.0042403450138276556	6.698085622317596e-05	0.006813627254509017	0.5891783567134269	13.126582278481013	1.7587322312005857	3.5656759348034517	2.3271604938271606	0.44488977955911824	0.6740749999999995	-1	0.8793645602954685	0.20040080160320642	0.9155012626106743	487	233	79
21-295	de	7.915254237288136	1.777301927194861	8.469111893441735	6.30136412731826	0.26552462526766596	0.032119914346895075	0.6423982869379015	0.004282655246252677	0.010706638115631691	0.9322033898305084	0.7058752828609773	3.2203389830508473	1.838235294117647	0.005815311807708779	5.327275092592592e-05	0.006852248394004283	0.33190578158458245	15.983050847457626	1.6011172050212823	3.3980891719745223	2.262295081967213	0.4411134903640257	0.6242663043478257	-1	0.8170539449414208	0.20556745182012848	0.9179941128401224	465	216	59
21-3	de	7.443478260869565	1.6717289719626167	7.039358390898009	5.1127154530678585	0.22780373831775702	0.0455607476635514	0.7172897196261683	0.005841121495327103	0.010514018691588784	0.9217391304347826	0.7244366500945447	3.121739130434783	1.5418181818181818	0.004287737995911215	8.112906836461127e-05	0.00572027070576861	0.2838785046728972	13.469565217391304	1.3923851610331153	3.5507712082262213	2.382059800664452	0.3107476635514019	0.6371730515191564	0.8582609481075241	1.0483342204766808	0.20093457943925233	0.8769548392137256	846	373	115
7-51	de	6.2100840336134455	2.205683355886333	12.858996372567976	10.424137958403929	0.3085250338294993	0.06089309878213803	0.7198917456021651	0.02435723951285521	0.006765899864682003	0.8487394957983193	0.7466612953901086	2.6504065040650406	1.5769230769230769	0.0038259792828622464	4.896684545454545e-05	0.005412719891745603	0.6806495263870095	14.260162601626016	1.9984388967955757	3.3231118682566723	2.2649842271293377	0.39377537212449254	0.6891718750000003	0.6537759818823489	0.8664633386700474	0.19215155615696888	0.8985111651427138	713	374	123
12-134	de	7.133333333333334	1.7009345794392523	7.2630280373831795	5.044515763239876	0.27102803738317754	0.0	0.616822429906542	0.009345794392523364	0.018691588785046728	1.0	0.746646607360893	3.066666666666667	1.7575757575757576	0.00611250068224299	8.133822448979592e-05	0.037383177570093455	0.08411214953271028	14.8	1.7553235653235653	3.3227272727272728	2.1739130434782608	0.5514018691588785	0.55375	-1	-1	0.205607476635514	0.8823601660519255	107	49	15
21-94	de	6.7592592592592595	1.8794520547945206	9.223645357686458	7.9739152714358195	0.3013698630136986	0.08082191780821918	0.7342465753424657	0.0410958904109589	0.010958904109589041	0.9074074074074074	0.7085775915490042	2.8440366972477062	1.7280701754385965	0.003560057966164384	5.692687410468319e-05	0.005675146771037183	0.6753424657534246	14.422018348623853	1.6393802869272946	3.3301707779886147	2.111111111111111	0.40684931506849314	0.6959746434231376	0.527772866196777	0.8086925334931461	0.15205479452054796	0.8971675637696872	702	363	109
24-1	de	6.472972972972973	1.8914405010438413	9.25345737177679	6.779556655193817	0.32045929018789143	0.038622129436325675	0.6544885177453027	0.015657620041753653	0.003131524008350731	0.8445945945945946	0.6769945466429325	2.918918918918919	1.6555555555555554	0.005084856766050104	4.916528831775701e-05	0.004040052578674708	0.6356993736951984	12.72972972972973	1.5977283580805253	3.4316737288135593	2.2357723577235773	0.33820459290187893	0.6053317811408611	0.8476347670951973	0.9135122117241464	0.1826722338204593	0.8938752732662282	929	428	148
12-115	de	8.029702970297029	1.8224414303329224	9.046393036344327	6.431450430345129	0.2762022194821208	0.0468557336621455	0.6300863131935882	0.008631319358816275	0.012330456226880395	0.900990099009901	0.6409489954489952	3.386138613861386	1.8212927756653992	0.005379748578545006	6.219186381766382e-05	0.005777699489166814	0.5795314426633785	16.03960396039604	1.6751619085631897	3.4276923076923076	2.3076923076923075	0.3082614056720099	0.591292134831461	0.6669360023334394	0.7977005385958272	0.18988902589395806	0.8722358389201733	785	351	101
17-95	de	6.093333333333334	1.8074398249452954	8.114189934354489	6.66338957840992	0.2735229759299781	0.03938730853391685	0.6783369803063457	0.015317286652078774	0.015317286652078774	0.9333333333333333	0.770535245535245	2.8133333333333335	1.5906040268456376	0.004718577941137856	7.185609999999999e-05	0.0072210065645514215	0.3041575492341357	12.0	1.4893380824616522	3.5022075055187636	2.2280701754385963	0.47702407002188185	0.6967039106145237	-1	0.8171820225393208	0.18818380743982493	0.9219310379476542	447	221	75
21-182	de	6.904761904761905	1.728735632183908	7.501937602627258	5.60247619047619	0.2827586206896552	0.04252873563218391	0.6620689655172414	0.0011494252873563218	0.017241379310344827	0.9047619047619048	0.7144663891663892	2.8253968253968256	1.6284722222222223	0.004894087463333334	6.262367120822622e-05	0.005481874447391688	0.7367816091954023	13.833333333333334	1.5413081727258715	3.3844827586206896	2.323943661971831	0.31264367816091954	0.633203631647211	0.6725864976033294	0.8022277916482397	0.2045977011494253	0.8824717314336442	869	389	126
19-34	de	6.066666666666666	1.9462759462759462	9.742056166056166	8.515634822954823	0.3076923076923077	0.03663003663003663	0.7191697191697192	0.01098901098901099	0.007326007326007326	0.7925925925925926	0.6831788236638978	2.889705882352941	1.4895833333333333	0.0040162724192918196	7.750957531486146e-05	0.005158730158730159	0.7203907203907204	12.75	1.6798859483587902	3.4036076662908683	2.323529411764706	0.37606837606837606	0.7022361111111106	0.7188901481312514	0.90686751370989	0.1916971916971917	0.9005897584854671	791	397	136
18-48	de	5.648148148148148	2.1180327868852458	11.605564663023682	10.567763812993322	0.34098360655737703	0.06557377049180328	0.7180327868852459	0.006557377049180328	0.01639344262295082	0.8518518518518519	0.7526659399300909	2.7222222222222223	1.5862068965517242	0.004333251680655738	5.311803544303797e-05	0.009679937548790008	0.4262295081967213	12.87037037037037	1.8844134003856226	3.409026798307475	2.3402061855670104	0.4819672131147541	0.6735436893203892	-1	-1	0.14754098360655737	0.9076609565168261	302	158	54
21-149	de	7.589473684210526	1.765603328710125	8.204014015621581	5.649133370319003	0.27323162274618584	0.033287101248266296	0.6352288488210819	0.006934812760055479	0.015256588072122053	0.8842105263157894	0.652006990458838	3.2526315789473683	1.676595744680851	0.004756527777253814	5.0203311333333334e-05	0.00525585809183152	0.6393897364771152	14.51578947368421	1.6241685215369426	3.4734957020057307	2.2865497076023393	0.34119278779472956	0.6305305466237943	0.5966244508769191	0.7440741429316514	0.19972260748959778	0.8875855724726105	716	300	95
23-5	de	6.787878787878788	1.75	7.707272727272731	6.580424404761905	0.2857142857142857	0.033482142857142856	0.6763392857142857	0.0078125	0.015625	0.9090909090909091	0.6803487542991359	2.9318181818181817	1.5942492012779552	0.005876538654017857	4.2137548223350254e-05	0.004654834494773519	0.7142857142857143	14.204545454545455	1.5330196699910674	3.3141333333333334	2.1662763466042154	0.36607142857142855	0.6410790464240893	0.7123033706733879	0.8639754479060324	0.1796875	0.9170544043548848	870	394	132
21-294	de	5.56	1.841726618705036	8.310774100719424	6.828157179856115	0.2805755395683453	0.02877697841726619	0.6906474820143885	0.007194244604316547	0.014388489208633094	0.84	0.6128111471861472	2.6	1.5416666666666667	0.005358557050359712	5.772111111111111e-05	0.023021582733812954	0.03597122302158273	11.12	1.973	3.4100719424460433	2.3055555555555554	0.6115107913669064	0.6759999999999999	-1	-1	0.19424460431654678	0.9442181497282195	139	63	25
20-24	de	6.36697247706422	1.8789625360230549	9.064877191127092	7.405076530153609	0.31412103746397696	0.0345821325648415	0.7002881844380403	0.005763688760806916	0.010086455331412104	0.8348623853211009	0.689480658230658	3.0275229357798166	1.4705882352941178	0.004828245092651297	5.035921411764706e-05	0.00648414985590778	0.4755043227665706	13.211009174311927	1.696719549035495	3.3463648834019204	2.3556485355648538	0.3962536023054755	0.64978151260504	0.7079462996304869	0.8765211091209422	0.18876080691642652	0.9055007552797303	684	340	109
16-102	de	5.642857142857143	1.7468354430379747	7.2233725135623885	4.362620735382761	0.28270042194092826	0.029535864978902954	0.6329113924050633	0.0	0.02109704641350211	0.9761904761904762	0.6815934065934066	2.4761904761904763	1.670731707317073	0.005343814690295359	0.00011061619636363637	0.013261000602772754	0.31645569620253167	10.69047619047619	1.5233418367346938	3.468609865470852	2.2711864406779663	0.48523206751054854	0.6136956521739128	-1	-1	0.20253164556962025	0.9098359712635639	237	110	42
12-26	de	5.950704225352113	1.8828402366863906	8.948289440786734	7.690667805650472	0.31242603550295855	0.05088757396449704	0.6875739644970414	0.036686390532544376	0.011834319526627219	0.8309859154929577	0.6995844876164021	2.6458333333333335	1.697508896797153	0.004991145701538462	4.4836521897810215e-05	0.007021696252465483	0.2828402366863905	13.472222222222221	1.6993498893718193	3.1858316221765914	2.204035874439462	0.3881656804733728	0.6134852546916882	0.8628829507787406	1.0574169578953763	0.16923076923076924	0.9020954624209282	807	411	144
16-203	de	11.852459016393443	1.7206085753803597	9.335640205881688	5.740410262340431	0.7053941908713693	0.02351313969571231	0.8824343015214384	0.0013831258644536654	0.009681881051175657	0.9016393442622951	0.7045362682378465	3.0634920634920637	2.223529411764706	0.0023037896085753803	4.1613980000000004e-05	0.02284923928077455	0.22821576763485477	30.634920634920636	1.5390986407426825	2.935717988595127	2.4299583911234395	0.3084370677731674	0.4322596153846166	0.5998169292154668	1.1604648436518268	0.07745504840940526	0.921408159410557	703	245	63
21-263	de	7.151162790697675	2.024390243902439	11.086758366420877	9.125324825108716	0.2943089430894309	0.06666666666666667	0.7138211382113822	0.01788617886178862	0.00975609756097561	0.8255813953488372	0.7088846860559663	3.0344827586206895	1.6280193236714975	0.004061078989430894	9.188736348122867e-05	0.007181571815718157	0.2780487804878049	14.425287356321839	1.8140452063705415	3.627052384675528	2.312741312741313	0.41300813008130083	0.6700193798449622	0.8280039452029626	0.8310370238879794	0.16260162601626016	0.9062214885234283	595	293	87
13-103	de	6.3076923076923075	1.8719512195121952	8.959024390243908	7.362512007504691	0.23170731707317074	0.03048780487804878	0.7439024390243902	0.0	0.012195121951219513	1.0	0.777896103896104	2.730769230769231	1.52	0.003408294275609756	8.481453698630136e-05	0.025609756097560978	0.04878048780487805	12.615384615384615	1.5473559560098022	3.547112462006079	2.3962264150943398	0.524390243902439	0.5959999999999999	-1	-1	0.25609756097560976	0.9070870734228258	163	73	26
12-81	de	7.646017699115045	1.8229166666666667	8.902363569321537	6.751064622254999	0.2824074074074074	0.05787037037037037	0.7002314814814815	0.04861111111111111	0.009259259259259259	0.9203539823008849	0.6889143202867279	3.0707964601769913	1.7927272727272727	0.0037113034258101853	7.806103203342617e-05	0.005871725383920506	0.5185185185185185	15.247787610619469	1.5737322929632929	3.442857142857143	2.228506787330317	0.32175925925925924	0.607633986928104	0.4870624852037755	0.6491108124468791	0.17592592592592593	0.8678677007214889	805	359	113
9-114	de	6.580246913580247	1.9193245778611632	9.624326315058024	7.576005276445928	0.28893058161350843	0.054409005628517824	0.6904315196998124	0.013133208255159476	0.00375234521575985	0.9012345679012346	0.7438521547896548	2.925925925925926	1.5862068965517242	0.004227737631714822	4.691596056910569e-05	0.00642228315774282	0.34896810506566606	13.222222222222221	1.662266505785024	3.3883763837638377	2.2757009345794392	0.43902439024390244	0.6540322580645151	0.5098386495961557	0.9438738028931358	0.1801125703564728	0.9089273322206942	512	246	81
6-45	de	6.0	1.8946360153256705	9.106704980842913	6.955154022988506	0.3045977011494253	0.05555555555555555	0.7068965517241379	0.011494252873563218	0.0019157088122605363	0.8850574712643678	0.7213749675616979	2.6931818181818183	1.699421965317919	0.004281879366283525	6.3627975e-05	0.007024265644955299	0.38697318007662834	13.465909090909092	1.651861345276592	3.2779661016949153	2.283464566929134	0.4157088122605364	0.6630732860520093	-1	0.8459764263085593	0.1724137931034483	0.9093112484537526	499	240	88
14-6	de	5.92741935483871	2.016326530612245	10.514346609611593	8.689152951503182	0.3401360544217687	0.05714285714285714	0.7142857142857143	0.024489795918367346	0.014965986394557823	0.8145161290322581	0.7080495239390502	2.661290322580645	1.621212121212121	0.004044041238503402	3.6542352926208654e-05	0.005053449951409135	0.5156462585034014	14.39516129032258	1.8883027544614357	3.1233333333333335	2.2361516034985423	0.45714285714285713	0.6911163522012574	0.9005891659127423	0.9145217288787895	0.1564625850340136	0.9188337229982705	714	393	124
24-52	de	4.925373134328358	2.16969696969697	11.933319764812303	9.83670420624152	0.3181818181818182	0.05454545454545454	0.7151515151515152	0.0	0.006060606060606061	0.7313432835820896	0.647138368662433	2.1791044776119404	1.4491525423728813	0.0035736542912121216	6.760873e-05	0.011471861471861472	0.1696969696969697	10.73134328358209	1.7025988461989572	3.480769230769231	2.4672131147540983	0.5333333333333333	0.6822943722943717	-1	-1	0.21818181818181817	0.9305512184112139	328	170	67
24-115	de	6.415730337078652	1.9544658493870404	9.974831854227755	8.061002581711566	0.30122591943957966	0.04203152364273205	0.7250437828371279	0.0035026269702276708	0.01576182136602452	0.9550561797752809	0.6798662030420404	2.651685393258427	1.702970297029703	0.003878507430472854	7.299504108527132e-05	0.006518777972368165	0.723292469352014	12.674157303370787	1.5717610728846685	3.6830553116769096	2.44811320754717	0.36952714535901926	0.6315466101694911	0.7205370805965327	0.8634514550049145	0.18563922942206654	0.8886205378713096	562	258	89
5-52	de	5.415094339622642	2.083623693379791	11.108646374334366	9.188975202156335	0.3310104529616725	0.06620209059233449	0.7473867595818815	0.010452961672473868	0.003484320557491289	0.7924528301886793	0.7215217586646157	2.4150943396226414	1.5534883720930233	0.004122144718989547	5.6487639661016954e-05	0.00595706417893672	0.6602787456445993	12.49056603773585	2.0687826586411493	3.247376311844078	2.2653846153846153	0.45993031358885017	0.7370947368421044	0.6776933467239198	0.8847714359426865	0.14111498257839722	0.9235618406876713	555	295	106
8-8	de	6.566666666666666	1.8781725888324874	9.133436548223354	7.791791844331641	0.33756345177664976	0.06472081218274112	0.6903553299492385	0.0038071065989847717	0.005076142131979695	0.8	0.6913946697560142	2.941666666666667	1.7	0.0053061540769035525	6.95781469879518e-05	0.005292148180149044	0.998730964467005	14.0	1.6930311565870777	3.3832159624413145	2.356115107913669	0.3299492385786802	0.6244992743105959	0.7408494194378913	0.8224881076349312	0.1446700507614213	0.8755591901597353	773	415	120
10-98	de	7.247311827956989	1.8887240356083086	9.52339523308127	7.2391986088510265	0.2922848664688427	0.04154302670623145	0.6750741839762612	0.004451038575667656	0.013353115727002967	0.8817204301075269	0.7050701715044447	3.064516129032258	1.5594713656387664	0.004812058016765579	4.217174174757282e-05	0.004489081640416952	0.5252225519287834	15.236559139784946	1.7380093104239214	3.3845080251221216	2.396761133603239	0.4065281899109792	0.6416347826086952	0.86007273569501	0.9236420921398523	0.18694362017804153	0.9292794395927608	661	309	93
4-43	de	6.0	2.076388888888889	11.25138888888889	9.34021388888889	0.3402777777777778	0.06944444444444445	0.5972222222222222	0.0	0.0	0.9583333333333334	0.7673156553591334	2.7083333333333335	1.7735849056603774	0.004239298384027778	3.236314090909091e-05	0.022569444444444444	0.1875	12.75	2.1238997113997113	3.5213114754098362	2.1923076923076925	0.5208333333333334	0.5906666666666668	-1	-1	0.1527777777777778	0.9239904596614789	144	66	24
21-178	de	7.096153846153846	1.7777777777777777	8.15527777777778	5.574268250990202	0.23577235772357724	0.032520325203252036	0.6693766937669376	0.0	0.008130081300813009	0.9423076923076923	0.7412895691028681	2.8653846153846154	1.6434782608695653	0.005294331729268293	8.505568278145696e-05	0.010670731707317074	0.25474254742547425	13.692307692307692	1.506524207629977	3.420757363253857	2.347826086956522	0.3821138211382114	0.5878518518518507	-1	-1	0.20596205962059622	0.880724366891557	369	151	52
11-7	de	8.461538461538462	2.187878787878788	13.5269696969697	10.292193473193475	0.23030303030303031	0.08484848484848485	0.7333333333333333	0.024242424242424242	0.015151515151515152	1.0	0.6813324274624586	3.4871794871794872	1.9148936170212767	0.003508027356969697	0.00010847767375	0.01787878787878788	0.08787878787878788	17.358974358974358	1.5974701425788382	3.7588235294117647	2.2941176470588234	0.43636363636363634	0.6141558441558438	-1	-1	0.21515151515151515	0.868289325192545	326	160	39
18-35	de	5.276315789473684	2.1209476309226933	11.494945202782521	10.122773566084788	0.39276807980049877	0.059850374064837904	0.6870324189526185	0.004987531172069825	0.0024937655860349127	0.756578947368421	0.6541130319276014	2.7960526315789473	1.5168195718654434	0.004954174476433915	3.733303021077283e-05	0.004200026250164063	1.133416458852868	12.657894736842104	1.8081008355679409	3.149746192893401	2.3118556701030926	0.41895261845386533	0.6650355618776679	0.7976176860050509	0.8663940486740137	0.13591022443890274	0.9193566241753499	778	427	152
7-46	de	5.358208955223881	2.051532033426184	10.707779486966285	9.632159946784187	0.3649025069637883	0.055710306406685235	0.7144846796657381	0.034818941504178275	0.008356545961002786	0.7985074626865671	0.6705242543588406	2.562962962962963	1.5222222222222221	0.0043962451937883005	3.557944173441735e-05	0.005478180129990714	0.33565459610027853	13.422222222222222	1.8586887259436278	3.034109366540336	2.1844863731656186	0.49025069637883006	0.7119224555735056	0.9139343397940987	0.9632632655574664	0.1309192200557103	0.9374816761367222	671	369	135
4-1	de	7.0256410256410255	1.8175182481751824	8.596715328467152	6.9972054276623625	0.25547445255474455	0.0364963503649635	0.7408759124087592	0.0	0.0072992700729927005	0.9487179487179487	0.7138581101877501	3.0	1.446808510638298	0.004112967832116788	6.9607888e-05	0.009854014598540146	0.08394160583941605	14.512820512820513	1.661856519548827	3.4326241134751774	2.2948717948717947	0.5182481751824818	0.6794285714285718	-1	-1	0.23722627737226276	0.9453296616176501	273	125	39
21-49	de	6.517241379310345	1.9206349206349207	9.615216201423099	8.090106039043972	0.2566137566137566	0.06349206349206349	0.7063492063492064	0.0	0.010582010582010581	0.9137931034482759	0.7117442985864039	2.793103448275862	1.5691056910569106	0.004640033773015873	5.3991240229885055e-05	0.008763227513227513	0.13756613756613756	14.46551724137931	1.7912684059235784	3.2351543942992875	2.2705882352941176	0.4656084656084656	0.6508960573476689	-1	-1	0.22486772486772486	0.9279783729999843	369	174	58
22-43	de	7.280898876404494	1.912037037037037	9.811587598834791	7.459110119295325	0.18518518518518517	0.06172839506172839	0.7932098765432098	0.006172839506172839	0.013888888888888888	0.9325842696629213	0.6797783183702655	2.865168539325843	1.3693693693693694	0.0030237006777777777	8.461547045454545e-05	0.006445170660856935	0.1388888888888889	14.898876404494382	1.5833778791094375	3.4864864864864864	2.25	0.39814814814814814	0.665336976320582	0.7725165393320361	0.8456011308670055	0.23919753086419754	0.9113075228963625	637	264	89
3-29	de	6.225352112676056	2.010180995475113	10.558023070549996	8.416795162832196	0.3042986425339366	0.05656108597285068	0.6968325791855203	0.007918552036199095	0.007918552036199095	0.7676056338028169	0.6818642298460824	2.9014084507042255	1.6193771626297577	0.004518945173981901	4.5050932696897374e-05	0.003789592760180996	0.5373303167420814	13.211267605633802	1.7932453794249568	3.400420388859695	2.3470149253731343	0.4242081447963801	0.7041273885350352	0.7880321481718172	0.9194581167442961	0.1832579185520362	0.9338316012569636	873	419	142
5-47	de	6.076923076923077	1.8945147679324894	9.135274261603378	6.423086854917235	0.26582278481012656	0.06751054852320675	0.7046413502109705	0.0	0.008438818565400843	0.9743589743589743	0.8057121971595657	2.871794871794872	1.6578947368421053	0.0046278866742616035	4.1614015e-05	0.013080168776371307	0.14345991561181434	12.435897435897436	2.0229205267666805	3.3628865979381444	2.3484848484848486	0.5021097046413502	0.6147826086956519	-1	-1	0.17721518987341772	0.9229970191507376	235	120	39
12-85	de	5.818840579710145	1.8655043586550435	8.692299258216472	7.099566433844099	0.26899128268991285	0.0323785803237858	0.7272727272727273	0.0	0.0112079701120797	0.7898550724637681	0.7172447435918881	2.630434782608696	1.4421768707482994	0.004395432281818182	5.061649148351649e-05	0.004948548207380219	0.7733499377334994	12.971014492753623	1.9571494144870658	3.343000557724484	2.3496932515337425	0.3163138231631382	0.61299715909091	0.5971681634650351	0.7380287339875343	0.2191780821917808	0.881526435963439	790	364	138
15-20	de	4.479289940828402	2.023778071334214	10.037504318666809	8.429868585900433	0.3712021136063408	0.05812417437252312	0.7582562747688243	0.0066050198150594455	0.023778071334214	0.6982248520710059	0.7939475537689821	2.2865497076023393	1.456140350877193	0.003249220922324967	5.536125042492919e-05	0.005683389143190685	0.8150594451783355	10.654970760233919	1.840218336683765	3.157752566180443	2.3942446043165466	0.4081902245706737	0.6770516717325239	0.8407155016002946	1.094930733724256	0.178335535006605	0.9031528536640048	654	353	171
24-38	de	7.0344827586206895	1.9803921568627452	10.522075726842463	8.349351791751182	0.3112745098039216	0.04411764705882353	0.6617647058823529	0.007352941176470588	0.012254901960784314	0.896551724137931	0.6915236996119347	3.206896551724138	1.6142857142857143	0.004913245318872549	5.360199754601227e-05	0.00777919863597613	0.4338235294117647	15.189655172413794	1.8085851253111374	3.340497737556561	2.3724696356275303	0.44607843137254904	0.652977346278317	-1	-1	0.19117647058823528	0.9332201234276226	384	163	58
16-103	de	7.552083333333333	1.8386206896551724	9.051036637931038	6.667377298850575	0.28551724137931034	0.04827586206896552	0.6924137931034483	0.016551724137931035	0.008275862068965517	0.9166666666666666	0.6955168223589275	3.4270833333333335	1.6401673640167365	0.004529958607911724	7.082522153392331e-05	0.005593869731800765	0.743448275862069	15.385416666666666	1.679010116211403	3.3654891304347827	2.184834123222749	0.3586206896551724	0.6784984025559105	0.7453349951141416	0.8315296912611747	0.18344827586206897	0.8894238679686491	711	339	96
12-123	de	7.504201680672269	1.8331466965285554	8.967769674499142	6.753397929743006	0.2911534154535274	0.025755879059350503	0.6842105263157895	0.023516237402015677	0.010078387458006719	0.865546218487395	0.7149616748800371	3.411764705882353	1.6596491228070176	0.004891545987793953	5.653461761786601e-05	0.0051991681330987045	0.8409854423292273	14.949579831932773	1.6511201514908482	3.408241758241758	2.223826714801444	0.303471444568869	0.6240176322418133	0.5099226394893194	0.6510734770689652	0.1769316909294513	0.8772705186262411	871	403	119
2-10	de	8.107142857142858	1.947136563876652	10.547997168030207	7.798575959723095	0.28193832599118945	0.046255506607929514	0.6629955947136564	0.01762114537444934	0.011013215859030838	0.9464285714285714	0.6744733890589506	3.517857142857143	1.6233766233766234	0.004925199528634362	7.406629411764706e-05	0.009622072803153258	0.17841409691629956	16.214285714285715	1.6249044633802485	3.5335533553355334	2.382608695652174	0.394273127753304	0.5917183098591555	-1	0.8980541712884664	0.17841409691629956	0.8954619189318831	450	204	56
16-57	de	5.405172413793103	1.8660287081339713	8.537155997360173	7.700642754220976	0.3333333333333333	0.049441786283891544	0.7304625199362041	0.01594896331738437	0.012759170653907496	0.7413793103448276	0.7113141930533233	2.4491525423728815	1.478448275862069	0.004101139370972887	6.125379999999999e-05	0.005329287742638192	1.0781499202551834	11.661016949152541	1.7580553856508887	3.318279569892473	2.3240418118466897	0.4433811802232855	0.7283333333333312	0.6917436500325703	0.8055932747902966	0.16108452950558214	0.9182769976529949	605	317	118
10-30	de	5.4015748031496065	1.9577259475218658	9.617780353986365	7.6421374761828265	0.3629737609329446	0.05102040816326531	0.7259475218658892	0.01749271137026239	0.008746355685131196	0.7559055118110236	0.6869513036474558	2.625	1.518796992481203	0.004009798520116618	4.030975446685879e-05	0.0058309037900874635	1.3294460641399417	12.3984375	1.7848496555527806	3.2163814180929093	2.4242424242424243	0.3556851311953353	0.7080068143100499	0.4783865124205062	0.6732724019983128	0.1618075801749271	0.8708270428528058	662	347	128
21-283	de	6.870689655172414	1.890840652446675	9.401488664388008	8.71697880846277	0.37766624843161856	0.043914680050188205	0.6925972396486826	0.02132998745294856	0.012547051442910916	0.9051724137931034	0.6986747750686371	3.3189655172413794	1.5709342560553634	0.00357903755565872	5.0287223437499996e-05	0.005208210032906418	1.2936010037641155	16.137931034482758	1.695915361631773	3.199042043640234	2.304029304029304	0.3337515683814304	0.6488538681948433	0.702364664121068	0.8619599999404944	0.14178168130489335	0.8799792487204265	741	384	116
19-102	de	6.960629921259843	1.8122171945701357	8.508808565218942	6.322256236861794	0.27714932126696834	0.03733031674208145	0.6628959276018099	0.019230769230769232	0.014705882352941176	0.8818897637795275	0.7283295386476129	2.9448818897637796	1.778169014084507	0.005144077180882353	6.485854816753927e-05	0.0037535993418346364	0.6957013574660633	13.850393700787402	1.609085308852051	3.514220705346985	2.352617079889807	0.3778280542986425	0.664942675159234	0.7895711752041908	0.8993313254644586	0.18099547511312217	0.9175668929899751	860	382	127
22-35	de	5.622754491017964	1.8636847710330138	8.594354549686571	6.219522846957841	0.22257720979765708	0.027689030883919063	0.7380191693290735	0.006389776357827476	0.026624068157614485	0.8502994011976048	0.6722975317854836	2.5748502994011977	1.5164473684210527	0.004448432311608094	0.00010301052704081634	0.0036005882651250066	0.6283280085197018	11.197604790419161	1.589353976030623	3.5642666666666667	2.2915254237288134	0.3258785942492013	0.6177976190476179	0.8625860498993856	0.9472759162707026	0.20873269435569755	0.8978491162426665	932	392	167
10-29	de	5.847222222222222	1.9239904988123515	9.393504552652416	6.926812325151755	0.2660332541567696	0.023752969121140142	0.7078384798099763	0.0	0.026128266033254157	0.9722222222222222	0.6872777457284498	2.638888888888889	1.591549295774648	0.005725451750356294	6.800297371134021e-05	0.008030765750480715	0.3087885985748218	12.805555555555555	1.7660346643189782	3.314254859611231	2.259493670886076	0.43705463182897863	0.630527950310559	-1	-1	0.1995249406175772	0.9103871821881923	416	194	72
16-115	de	5.5	1.931168831168831	9.342792207792208	7.912028571428571	0.34415584415584416	0.04935064935064935	0.7311688311688311	0.006493506493506494	0.012987012987012988	0.7214285714285714	0.7280028231043889	2.535211267605634	1.4142394822006472	0.003931115666233767	4.971761940298507e-05	0.0049184857695496	1.0558441558441558	12.007042253521126	1.796597866311543	3.2582857142857145	2.368217054263566	0.38051948051948054	0.67467958271237	0.8323046324119506	0.8843221200483017	0.16753246753246753	0.8987100455692294	766	402	142
10-68	de	6.16	1.8571428571428572	8.726685714285715	6.729854597402598	0.3116883116883117	0.06168831168831169	0.6590909090909091	0.0	0.006493506493506494	0.84	0.6964337250051538	2.68	1.6635514018691588	0.005220106177272727	7.408639333333333e-05	0.012223071046600458	0.262987012987013	11.96	1.5314275724275725	3.576158940397351	2.3759398496240602	0.4642857142857143	0.5979425837320578	-1	-1	0.19480519480519481	0.9002570017082938	302	150	50
14-7	de	5.126984126984127	2.1470588235294117	11.744817927170867	9.854383448818124	0.3715170278637771	0.06037151702786378	0.7291021671826625	0.017027863777089782	0.01393188854489164	0.7063492063492064	0.6905590305119713	2.3255813953488373	1.4940239043824701	0.0038661979532507744	4.2438042e-05	0.005831953344373245	0.8575851393188855	12.565891472868216	1.862502957002651	3.0933734939759034	2.3508771929824563	0.4071207430340557	0.6617550274223049	0.777314003721419	0.986295241825356	0.17337461300309598	0.8983868627584125	629	350	129
16-59	de	5.466019417475728	2.0373001776198936	10.58188966873028	9.854726617117038	0.38898756660746003	0.06394316163410302	0.7424511545293073	0.0053285968028419185	0.003552397868561279	0.7475728155339806	0.7452309547396964	2.5142857142857142	1.4507042253521127	0.003079555686678508	4.809062793103448e-05	0.005978425681237274	0.9662522202486679	12.942857142857143	1.824389397152555	3.2148040638606674	2.156739811912226	0.4351687388987567	0.6745043103448265	0.5734084476571571	0.7612616434256945	0.14742451154529307	0.9088888575439109	530	290	105
19-3	de	4.607407407407408	2.2282958199356915	12.500779564130053	10.867223470287007	0.3392282958199357	0.0932475884244373	0.7170418006430869	0.006430868167202572	0.008038585209003215	0.6444444444444445	0.5792313042532533	2.2074074074074073	1.728813559322034	0.004422543169131833	3.6101956470588236e-05	0.006028938906752411	0.3408360128617363	10.533333333333333	1.8453579342468232	3.3416610398379474	2.6143497757847536	0.432475884244373	0.6396558317399623	1.0122059372407148	0.9577510887507904	0.1495176848874598	0.9132028892252342	614	340	135
16-112	de	4.775700934579439	1.8688845401174168	8.325360937871501	7.448291716809628	0.34833659491193736	0.043052837573385516	0.726027397260274	0.029354207436399216	0.009784735812133072	0.6635514018691588	0.5835189312783653	2.317757009345794	1.609375	0.004351447856751468	5.4758854618473896e-05	0.006038579815487839	0.5146771037181996	9.878504672897197	1.6523668546345842	3.2786434463794683	2.295336787564767	0.4755381604696673	0.6783252427184469	-1	0.9620957102445651	0.15264187866927592	0.9297584974780739	496	249	107
16-190	de	4.897435897435898	2.073298429319372	10.78492146596859	9.424113062155994	0.3612565445026178	0.03664921465968586	0.6649214659685864	0.0	0.005235602094240838	0.6410256410256411	0.6094886838307891	2.6923076923076925	1.4605263157894737	0.0037241871308900526	6.322303225806452e-05	0.014584891548242334	0.18324607329842932	9.846153846153847	1.5921236770427054	3.5275	2.433333333333333	0.5078534031413613	0.5949999999999998	-1	-1	0.17277486910994763	0.8958309722003773	191	93	39
20-3	de	4.932330827067669	1.8155487804878048	7.757084632312488	7.564655226480838	0.39634146341463417	0.038109756097560975	0.8033536585365854	0.08384146341463415	0.004573170731707317	0.631578947368421	0.6840809838804489	2.2884615384615383	1.29	0.0030938856006097557	5.06720395480226e-05	0.005382030861124938	0.75	11.051282051282051	1.8330199003275927	2.96386222473179	2.238013698630137	0.47103658536585363	0.6359066427289046	0.5735848764737914	0.7120037952879025	0.11280487804878049	0.91503941743171	597	354	156
1-33	de	7.3538461538461535	1.6736401673640167	7.026953974895395	4.14019069198584	0.2824267782426778	0.03556485355648536	0.7468619246861925	0.0	0.0041841004184100415	0.9076923076923077	0.7032923443998813	2.6818181818181817	1.5689655172413792	0.00432034805	8.145536682464455e-05	0.009414225941422593	0.4686192468619247	14.5	1.620630831157147	3.33718487394958	2.349282296650718	0.2907949790794979	0.5437730870712403	-1	0.7591907203465288	0.21338912133891214	0.8279025131717139	465	211	66
16-2	de	6.2	2.1436950146627565	12.123601173020528	8.505247038123168	0.3093841642228739	0.04838709677419355	0.7038123167155426	0.005865102639296188	0.005865102639296188	0.8363636363636363	0.6862087453830571	2.8363636363636364	1.528	0.003742141022434018	5.6049685e-05	0.005402068220404383	0.7888563049853372	13.418181818181818	1.7597178326723781	3.433065595716198	2.3093525179856114	0.3973607038123167	0.6875300171526583	0.7837301626287492	0.9285788145675637	0.19648093841642228	0.9046232208159816	667	340	110
21-302	de	6.933333333333334	1.6442307692307692	6.515923076923077	5.175791794871795	0.2403846153846154	0.038461538461538464	0.6538461538461539	0.0	0.009615384615384616	1.0	0.7132395382395382	3.0	1.7419354838709677	0.006091068904807692	7.300633571428572e-05	0.03076923076923077	0.057692307692307696	12.266666666666667	1.6016137566137565	3.5706521739130435	2.227272727272727	0.5961538461538461	0.602	-1	-1	0.18269230769230768	0.9009078313168303	104	42	15
18-79	de	7.571428571428571	1.6383647798742138	6.695561545372865	4.60176046720575	0.2389937106918239	0.0220125786163522	0.710691823899371	0.0	0.0220125786163522	0.9761904761904762	0.6309532568499571	3.0238095238095237	1.5742574257425743	0.005704647593081761	7.760094125874127e-05	0.011230907457322553	0.16981132075471697	13.404761904761905	1.4974797619534461	3.7642857142857142	2.1594202898550723	0.4056603773584906	0.587442922374429	-1	-1	0.2138364779874214	0.8951824180435107	318	143	42
18-107	de	5.786666666666667	1.7811059907834101	7.683850691244242	5.965940804915515	0.2695852534562212	0.06221198156682028	0.6889400921658986	0.002304147465437788	0.002304147465437788	0.8933333333333333	0.7293650793650793	2.6933333333333334	1.6214285714285714	0.005091679200460829	5.883885525114155e-05	0.008887425938117182	0.3317972350230415	12.306666666666667	1.5483655603655604	3.206896551724138	2.392670157068063	0.41935483870967744	0.6353731343283584	-1	0.8992540077488804	0.2119815668202765	0.898890816326829	432	219	75
17-63	de	5.339506172839506	2.0115606936416186	10.228823592378511	8.781892599728824	0.3236994219653179	0.04971098265895954	0.7121387283236994	0.015028901734104046	0.009248554913294798	0.7962962962962963	0.6970954385392013	2.5609756097560976	1.5	0.004342930203352601	7.650153578199052e-05	0.004455096574087128	0.7526011560693642	11.597560975609756	1.7401888268952472	3.3381221139045665	2.372492836676218	0.4115606936416185	0.6926631853785925	0.7641928972431199	0.9250580100837484	0.19653179190751446	0.9186029286075391	845	422	164
12-33	de	6.5625	1.9657142857142857	10.164803571428571	7.931792857142858	0.3180952380952381	0.03619047619047619	0.6914285714285714	0.0038095238095238095	0.02857142857142857	0.9125	0.7399529795099414	2.632183908045977	1.541237113402062	0.004866717862476191	5.16962049382716e-05	0.008380952380952381	0.7923809523809524	13.126436781609195	1.623664674040589	3.3446180555555554	2.2472527472527473	0.33714285714285713	0.6418779342722991	0.41602622319547133	0.6842156106309156	0.19238095238095237	0.8589925526894504	517	243	87
17-59	de	6.462365591397849	1.7420965058236273	7.487061349363962	5.739234648345947	0.22628951747088186	0.059900166389351084	0.7088186356073212	0.009983361064891847	0.0066555740432612314	0.9247311827956989	0.7237632488919673	2.6881720430107525	1.7023809523809523	0.0041519716762063235	5.582659133333333e-05	0.007210205213533	0.2995008319467554	12.75268817204301	1.527194697671556	3.3904282115869018	2.237623762376238	0.3777038269550749	0.6679681274900392	0.6502520132927189	0.8921789751073795	0.22961730449251247	0.8930477667127008	595	300	93
16-101	de	5.895104895104895	1.9347568208778174	9.539221395449157	7.928134848070078	0.32858837485172004	0.051008303677342826	0.7069988137603797	0.020166073546856466	0.004744958481613286	0.8531468531468531	0.7087135052648719	2.7132867132867133	1.53015873015873	0.004714887303677343	4.926857985436894e-05	0.004534071437986029	0.8291814946619217	12.776223776223777	1.6422196239246836	3.3085279739272133	2.253298153034301	0.4139976275207592	0.6738709677419354	0.7329783957540467	0.8170560089500833	0.17793594306049823	0.915696290525201	819	412	143
19-125	de	6.621052631578947	2.0063593004769475	10.667250271943775	8.487556693163752	0.314785373608903	0.05564387917329094	0.6454689984101749	0.0	0.011128775834658187	0.9052631578947369	0.7261566343543814	3.1052631578947367	1.6743119266055047	0.004785009140699523	4.4163265e-05	0.005413999054698578	0.8139904610492846	14.021052631578947	1.678066979731474	3.385070214338507	2.3853658536585365	0.397456279809221	0.6462641509433961	0.7311104614600767	0.7778356144386751	0.18600953895071543	0.9084819719749955	621	300	95
21-333	de	7.085106382978723	1.9114114114114114	9.727846144016357	7.081491649095904	0.2882882882882883	0.03303303303303303	0.6756756756756757	0.006006006006006006	0.009009009009009009	0.8936170212765957	0.6989348394946115	3.117021276595745	1.547945205479452	0.005556373005255255	4.329129099678457e-05	0.005915005915005915	0.6036036036036037	15.287234042553191	1.6293116214893435	3.2879105520614953	2.300429184549356	0.35135135135135137	0.6257495590828922	0.6761532980640709	0.8381885504923976	0.2087087087087087	0.8957925198995583	661	311	94
12-117	de	7.542168674698795	1.6613418530351438	6.955279648947229	5.661226321259479	0.2507987220447284	0.023961661341853034	0.6533546325878594	0.007987220447284345	0.012779552715654952	0.9759036144578314	0.6714480701030197	3.108433734939759	1.7322404371584699	0.005395678772204472	7.642769353612167e-05	0.009128251939753538	0.2987220447284345	14.144578313253012	1.5279309742837566	3.5195911413969334	2.121212121212121	0.31789137380191695	0.5767362428842506	0.5837736247863492	0.8208907529846698	0.22843450479233227	0.8650661015056553	618	263	83
10-44	de	5.967213114754099	1.9230769230769231	9.429520807061792	7.797676823995676	0.3392857142857143	0.050824175824175824	0.6854395604395604	0.028846153846153848	0.013736263736263736	0.7459016393442623	0.6444009199356793	2.8278688524590163	1.5852713178294573	0.004242148112637362	5.936286074498567e-05	0.005494505494505495	0.864010989010989	13.598360655737705	1.88110776378426	3.1684397163120566	2.3136246786632393	0.39285714285714285	0.6792209856915742	0.6395078655345773	0.7499992473807648	0.12225274725274725	0.8961502338278333	684	349	122
17-75	de	5.703703703703703	1.8149350649350648	8.05067821067821	6.29508783068783	0.2792207792207792	0.022727272727272728	0.6883116883116883	0.0	0.012987012987012988	0.9074074074074074	0.7616162139747047	2.611111111111111	1.4444444444444444	0.004158491443506494	4.72416993006993e-05	0.009227614490772387	0.2532467532467532	11.87037037037037	1.6861482139259918	3.3400936037441498	2.3949579831932772	0.4772727272727273	0.6385167464114828	-1	-1	0.21103896103896103	0.9217921009676667	302	143	54
13-60	de	7.633333333333334	2.1397379912663754	12.635908296943231	10.874961455604076	0.3231441048034934	0.0611353711790393	0.6943231441048034	0.021834061135371178	0.008733624454148471	0.9666666666666667	0.6523928179100594	3.5	1.5555555555555556	0.0037475149681222707	4.672435e-05	0.018714909544603867	0.06986899563318777	17.9	1.8703326644116118	3.3277467411545625	2.4	0.5676855895196506	0.6854615384615381	-1	-1	0.1572052401746725	0.924119469462223	225	110	30
4-33	de	5.877358490566038	1.7592295345104334	7.461078318543869	6.407726442351373	0.3001605136436597	0.03531300160513644	0.680577849117175	0.008025682182985553	0.012841091492776886	0.839622641509434	0.7111153396867682	2.7570093457943927	1.602803738317757	0.004848203955377207	4.729580066666666e-05	0.007739050676450355	0.5634028892455859	11.80373831775701	1.6186417821382086	3.2380228136882128	2.400943396226415	0.3579454253611557	0.6413358778625946	0.6110014306805917	0.8171713908482408	0.1926163723916533	0.8830898837384634	616	300	107
15-44	de	6.076923076923077	2.1379746835443036	12.008101265822784	9.108048880233689	0.30886075949367087	0.05189873417721519	0.6924050632911393	0.007594936708860759	0.016455696202531647	0.8384615384615385	0.7193388001014543	2.8076923076923075	1.6305970149253732	0.004246010799113924	6.172300718085107e-05	0.0046505228398459	0.8139240506329114	13.176923076923076	1.678581820850363	3.5496535796766744	2.468926553672316	0.3822784810126582	0.6796816208393632	0.5709571870221323	0.776629142725088	0.19746835443037974	0.897703002757336	768	376	130
17-138	de	7.816666666666666	1.7590618336886994	8.215429637526654	6.698620440653874	0.24520255863539445	0.02771855010660981	0.650319829424307	0.0	0.006396588486140725	0.9333333333333333	0.7081901367551853	3.3333333333333335	1.6153846153846154	0.0053739296390191895	4.8877554591836735e-05	0.00760174283860202	0.35394456289978676	16.2	1.6650927952766188	3.355828220858896	2.3285714285714287	0.3837953091684435	0.6234324324324335	-1	-1	0.21321961620469082	0.9006227598320834	468	196	60
20-26	de	4.967320261437909	1.993421052631579	9.869623323013418	8.29827278981768	0.3815789473684211	0.04868421052631579	0.7421052631578947	0.015789473684210527	0.014473684210526316	0.7843137254901961	0.7175934993369204	2.287581699346405	1.4567474048442905	0.0036537632734210523	4.9321040875912414e-05	0.005547652916073968	0.5078947368421053	12.418300653594772	1.8137118162925545	3.0950391644908617	2.298279158699809	0.45921052631578946	0.7212405446293496	0.8193624074886613	0.9749688171348923	0.15526315789473685	0.9239171734720678	721	411	153
24-103	de	7.671052631578948	1.6552315608919383	6.933442944840664	5.5856445969125215	0.2658662092624357	0.030874785591766724	0.7787307032590052	0.05317324185248713	0.008576329331046312	0.9473684210526315	0.7668443898149776	2.987012987012987	1.6875	0.0029316927313893654	7.519449384615384e-05	0.005399911060288419	0.28987993138936535	15.168831168831169	1.5302144657726044	3.3923076923076922	2.1415929203539825	0.4665523156089194	0.6883471074380162	0.934216736465304	0.8191518042666791	0.18181818181818182	0.9288044733789745	544	260	77
12-151	de	6.324074074074074	2.089311859443631	11.530268830323735	8.95062823057318	0.3118594436310395	0.05124450951683748	0.6471449487554904	0.010248901903367497	0.0029282576866764276	0.7314814814814815	0.7036812684902294	2.754385964912281	1.5696202531645569	0.004461357414641288	5.627776061538461e-05	0.0057101024890190335	0.8638360175695461	12.859649122807017	1.9745413473273177	3.425987943737441	2.354368932038835	0.37042459736456806	0.6434417808219176	0.6114561376671681	0.8043670896166513	0.18301610541727673	0.8889728500458561	673	325	114
22-36	de	7.805555555555555	1.809608540925267	8.807547449584817	6.545818426255438	0.19217081850533807	0.0498220640569395	0.7544483985765125	0.008896797153024912	0.017793594306049824	0.9444444444444444	0.7118097473731275	3.1944444444444446	1.4734042553191489	0.003987956886120997	9.541861924686193e-05	0.005742478162406988	0.33451957295373663	15.041666666666666	1.5728893618970374	3.5646950092421443	2.1445086705202314	0.3879003558718861	0.6627861771058312	0.6837333756245807	0.7176188624895078	0.22953736654804271	0.9062133954145547	554	239	72
22-67	de	6.653846153846154	1.8352601156069364	8.66106936416185	6.005095331258337	0.2254335260115607	0.02023121387283237	0.7196531791907514	0.005780346820809248	0.02601156069364162	0.8653846153846154	0.7049830862119454	2.826923076923077	1.547008547008547	0.00417015452601156	9.458916934306569e-05	0.008500510030601836	0.29190751445086704	12.23076923076923	1.4798649356341664	3.6973478939157567	2.347107438016529	0.43641618497109824	0.6709311740890679	-1	-1	0.1907514450867052	0.9029813983968922	343	137	52
13-98	de	7.088888888888889	1.7680250783699059	8.037362591431556	5.0051211563915015	0.26959247648902823	0.047021943573667714	0.6990595611285266	0.018808777429467086	0.009404388714733543	0.8888888888888888	0.6674812245834976	2.9555555555555557	1.7477477477477477	0.003883827311598746	7.280027552447553e-05	0.016300940438871474	0.10658307210031348	13.488888888888889	1.5670051553384887	3.433931484502447	2.230088495575221	0.47648902821316613	0.5909999999999997	-1	-1	0.1755485893416928	0.9066996864849681	313	143	45
22-44	de	7.243478260869566	1.7827130852340936	8.270970927501438	5.991631774100946	0.15606242496998798	0.03721488595438175	0.7947178871548619	0.004801920768307323	0.031212484993997598	0.9217391304347826	0.692524463267497	2.9478260869565216	1.3404255319148937	0.003604489276590636	9.562128333333333e-05	0.0038784744667097605	0.304921968787515	13.660869565217391	1.5795590761895109	3.603043753963221	2.2666666666666666	0.34213685474189676	0.6543732970027248	0.6032647330032322	0.6845463062814123	0.2424969987995198	0.913637673630097	828	312	115
18-91	de	6.9375	1.7297297297297298	7.526435810810813	6.344049099099098	0.24924924924924924	0.03903903903903904	0.6816816816816816	0.03003003003003003	0.012012012012012012	1.0	0.736852538714241	2.9583333333333335	1.7523809523809524	0.0044088640111111105	5.178217724137931e-05	0.011011011011011011	0.13213213213213212	12.895833333333334	1.4916929951856421	3.546774193548387	2.0833333333333335	0.5075075075075075	0.6798717948717944	-1	-1	0.1921921921921922	0.9293189173176031	324	145	48
24-94	de	8.31578947368421	2.0443037974683542	11.775942704863425	8.659735443037976	0.27848101265822783	0.04113924050632911	0.629746835443038	0.006329113924050633	0.006329113924050633	1.0	0.6745565620565621	3.8421052631578947	1.679245283018868	0.005391346748417722	6.366767142857143e-05	0.015506329113924052	0.10443037974683544	14.973684210526315	1.5002635329067218	3.9734982332155475	2.238095238095238	0.45569620253164556	0.6394009216589862	-1	-1	0.17721518987341772	0.9132084441338226	312	133	38
24-92	de	5.233870967741935	2.1864406779661016	12.251209677419357	10.706913703464387	0.41756548536209553	0.05855161787365177	0.7904468412942989	0.009244992295839754	0.007704160246533128	0.6370967741935484	0.6860049465424541	1.992	1.34	0.002760173077503852	6.257986658227848e-05	0.0049435028248587575	1.2080123266563945	13.544	1.6022185939489024	3.2296124927703875	2.3471502590673574	0.4776579352850539	0.7256181818181827	0.7015414829597955	0.870084639778104	0.1510015408320493	0.9173610517345888	634	395	125
18-110	de	6.068627450980392	2.0452342487883683	10.910528841585101	9.692404719820075	0.27948303715670436	0.07431340872374798	0.7059773828756059	0.009693053311793215	0.017770597738287562	0.8725490196078431	0.7517670860492638	2.676470588235294	1.6467661691542288	0.0037609899142164783	4.4295259169550176e-05	0.0057324508833185685	0.6025848142164781	13.862745098039216	1.8199859189199454	3.2405594405594407	2.35	0.3990306946688207	0.6807115384615389	0.6200427037963213	0.8781684098425834	0.17447495961227788	0.8989351634060518	589	289	102
22-75	de	6.30379746835443	1.929718875502008	9.639163743581925	6.297247948757055	0.2429718875502008	0.040160642570281124	0.7630522088353414	0.0	0.014056224899598393	0.8987341772151899	0.743532429109352	2.7848101265822787	1.435483870967742	0.003754841017871486	8.223251150442479e-05	0.006693440428380187	0.4738955823293173	12.873417721518987	1.6022337036670617	3.4700686947988224	2.3384615384615386	0.39156626506024095	0.6685463659147867	-1	0.8015909833638433	0.22088353413654618	0.8951201799399889	494	226	79
11-15	de	8.833333333333334	2.0	11.455000000000002	11.014008805031448	0.2830188679245283	0.07547169811320754	0.7358490566037735	0.0	0.0	1.0	0.7234188034188034	3.8333333333333335	1.4444444444444444	0.004131017924528302	9.577592592592592e-05	0.04402515723270441	0.03773584905660377	18.0	1.7525252525252526	3.311926605504587	1.8888888888888888	0.7547169811320755	0.7547169811320755	-1	-1	0.24528301886792453	0.9513499434000904	53	27	6
20-4	de	4.131428571428572	2.5269709543568464	15.83951440426793	13.179343321873148	0.4412171507607192	0.027662517289073305	0.7648686030428768	0.0	0.006915629322268326	0.49142857142857144	0.6802961059299798	2.1542857142857144	1.3190883190883191	0.004418337737897649	3.159967952380953e-05	0.005892116182572614	1.0553250345781466	10.48	2.0464425044462637	3.1562661165549253	2.4563953488372094	0.3582295988934993	0.6231570512820511	0.7175333330929716	0.9561314563959584	0.17012448132780084	0.8738231931471451	701	420	175
24-130	de	6.301587301587301	1.8664987405541562	8.892304186158093	6.801446555515574	0.28211586901763225	0.04534005037783375	0.6775818639798489	0.0	0.012594458438287154	0.8888888888888888	0.686701112507564	2.857142857142857	1.5909090909090908	0.00485039076347607	8.134708206521739e-05	0.008876094518411898	0.4105793450881612	12.523809523809524	1.7072109107823392	3.477386934673367	2.3142857142857145	0.3954659949622166	0.6303691275167773	-1	-1	0.2040302267002519	0.8924290857019749	395	184	63
6-41	de	6.597014925373134	1.9457013574660633	9.942111838995071	8.190034470183022	0.29411764705882354	0.06334841628959276	0.7194570135746606	0.006787330316742082	0.006787330316742082	0.8955223880597015	0.7676550301550297	2.9402985074626864	1.5733333333333333	0.004177978147058823	5.82949393939394e-05	0.006787330316742082	0.34841628959276016	14.08955223880597	1.6416869078633785	3.375	2.2483660130718954	0.502262443438914	0.7027405247813396	-1	0.876640191613672	0.20135746606334842	0.9336667332903564	436	231	67
13-96	de	6.9523809523809526	1.8721461187214612	9.212752772341812	7.223145857795174	0.2831050228310502	0.04337899543378995	0.6643835616438356	0.02511415525114155	0.01598173515981735	0.9047619047619048	0.7348942947733269	2.9206349206349205	1.6170212765957446	0.004031113662100457	5.31429375e-05	0.0078870900788709	0.3127853881278539	14.412698412698413	1.6387792322316133	3.350220264317181	2.25	0.4360730593607306	0.6523893805309734	-1	-1	0.19406392694063926	0.9213868474771895	422	192	63
24-26	de	6.841269841269841	1.7192575406032482	7.365334217213569	5.861412521636652	0.2552204176334107	0.03248259860788863	0.7169373549883991	0.013921113689095127	0.002320185614849188	0.9047619047619048	0.7207606014057625	2.9206349206349205	1.710144927536232	0.004845881166589327	7.128681764705882e-05	0.008120649651972157	0.1531322505800464	13.587301587301587	1.5187321268833875	3.4448356807511735	2.3555555555555556	0.4617169373549884	0.6209638554216865	-1	0.9079267011084302	0.2273781902552204	0.9152735282561898	420	204	63
16-230	de	6.6923076923076925	2.0545977011494254	11.264252873563223	8.234327409372238	0.3620689655172414	0.06321839080459771	0.7155172413793104	0.008620689655172414	0.022988505747126436	0.9423076923076923	0.6815593175887292	3.018867924528302	1.4545454545454546	0.0033210760481034484	5.2945544632768364e-05	0.009995002498750623	0.3620689655172414	16.39622641509434	1.6783267432407276	3.2844036697247705	2.503875968992248	0.46839080459770116	0.6300401606425708	-1	-1	0.15229885057471265	0.8896902956665786	334	177	53
24-34	de	6.675675675675675	1.9757085020242915	10.326873837400154	8.142023175402123	0.2874493927125506	0.05668016194331984	0.7854251012145749	0.008097165991902834	0.0	0.8918918918918919	0.6799748862248862	2.972972972972973	1.4942528735632183	0.0033267895578947366	7.393496692913386e-05	0.010121457489878543	0.11336032388663968	14.513513513513514	1.8617196881902764	3.3743119266055044	2.0232558139534884	0.5506072874493927	0.7246621621621624	-1	-1	0.1902834008097166	0.9356780430350543	241	127	37
9-34	de	6.529411764705882	1.9351351351351351	9.79106518282989	7.99484377318495	0.32432432432432434	0.03783783783783784	0.6972972972972973	0.0036036036036036037	0.005405405405405406	0.8588235294117647	0.7017312319443654	2.9310344827586206	1.5388349514563107	0.003907243150630631	4.4882793639575975e-05	0.005449351790815206	0.9153153153153153	14.551724137931034	1.7132858173679673	3.3861308116627264	2.3451776649746194	0.41621621621621624	0.6578508771929829	0.8650422310110251	0.9454128453239795	0.17657657657657658	0.9117957479969103	550	283	87
22-76	de	6.3428571428571425	1.9054054054054055	9.367498069498073	6.533213401973403	0.2552552552552553	0.03903903903903904	0.7297297297297297	0.006006006006006006	0.010510510510510511	0.9333333333333333	0.717550318271472	2.8380952380952382	1.5278969957081545	0.004035023445345345	7.668621111111111e-05	0.005666957279860506	0.496996996996997	12.619047619047619	1.733377851529112	3.5563165905631657	2.3412322274881516	0.3663663663663664	0.6558201058201064	0.6710235707305373	0.8428730171568305	0.21621621621621623	0.9005654278734734	660	288	105
4-3	de	7.297029702970297	1.842605156037992	8.99858242540672	6.637057938928221	0.2564450474898236	0.054274084124830396	0.6919945725915875	0.009497964721845319	0.009497964721845319	0.9207920792079208	0.6844005724667487	2.881188118811881	1.7830188679245282	0.004693239273405699	4.422409824046921e-05	0.005427408412483039	0.3419267299864315	14.683168316831683	1.5679357841211174	3.4398117014122396	2.3166023166023164	0.3948439620081411	0.6455642633228835	0.7640714030625378	0.9596554033542015	0.19538670284938942	0.9085089398125158	725	341	101
23-65	de	6.082758620689655	1.9160997732426304	9.392253186332002	7.261595064508562	0.31746031746031744	0.05895691609977324	0.6643990929705216	0.01020408163265306	0.006802721088435374	0.8413793103448276	0.7164544560377891	2.7103448275862068	1.6826923076923077	0.005153305606689343	5.436077370892019e-05	0.004021734479955504	1.0612244897959184	13.255172413793103	1.684329320105182	3.2807831014940754	2.286096256684492	0.3854875283446712	0.6541507024265644	0.7075261926257815	0.8881863405755847	0.17233560090702948	0.9132850741858619	864	426	145
16-125	de	6.446808510638298	1.7128712871287128	7.13613650726775	6.321124204760901	0.29372937293729373	0.0429042904290429	0.7095709570957096	0.0297029702970297	0.013201320132013201	0.8297872340425532	0.6761889077106469	2.8085106382978724	1.638095238095238	0.004458537659405941	7.548385174825176e-05	0.0088008800880088	0.16501650165016502	12.25531914893617	1.5462959617214935	3.4948275862068967	2.067415730337079	0.5313531353135313	0.6978431372549014	-1	-1	0.1848184818481848	0.9319197270622712	293	143	47
9-16	de	8.725806451612904	1.5471349353049908	6.069256752727924	4.111404006916702	0.22735674676524953	0.031423290203327174	0.6802218114602587	0.022181146025878003	0.011090573012939002	0.967741935483871	0.6478015693668132	3.3225806451612905	1.7218934911242603	0.0052627515227356755	5.24437637254902e-05	0.008822046714837842	0.36044362292051757	16.016129032258064	1.4305597504850975	3.3748743718592964	2.1414634146341465	0.32162661737523107	0.5600226244343893	1.0028261288943519	0.845201841490913	0.2033271719038817	0.8461278939811147	525	204	62
18-86	de	6.23404255319149	1.7406143344709897	7.3805257425023605	5.501427478033548	0.2150170648464164	0.04778156996587031	0.6484641638225256	0.0	0.020477815699658702	0.8936170212765957	0.6033424305163436	2.4893617021276597	1.8734177215189873	0.0050844749040955635	6.844036511627908e-05	0.010238907849829351	0.1945392491467577	11.829787234042554	1.4847686001941323	3.6406533575317606	2.2666666666666666	0.40955631399317405	0.6090206185567002	-1	-1	0.2525597269624573	0.8938216252864262	292	129	47
13-90	de	6.814814814814815	1.934782608695652	9.898212560386472	9.311556602254429	0.29891304347826086	0.03804347826086957	0.7391304347826086	0.005434782608695652	0.016304347826086956	0.9629629629629629	0.7393455903071288	3.037037037037037	1.4782608695652173	0.0044453313375	4.559425731707317e-05	0.013157894736842105	0.5543478260869565	16.22222222222222	1.920127609016498	3.306122448979592	2.72	0.5108695652173914	0.627294117647059	-1	-1	0.1358695652173913	0.8922342023865606	178	82	27
15-29	de	5.146788990825688	1.9893048128342246	9.89104449786587	9.099874670068195	0.32085561497326204	0.058823529411764705	0.6951871657754011	0.0053475935828877	0.012477718360071301	0.7889908256880734	0.6746999399777178	2.5545454545454547	1.5309278350515463	0.003968993838502673	4.6106924825174825e-05	0.00582935877053524	0.8894830659536542	11.836363636363636	1.6745204888147471	3.2403918613413714	2.310810810810811	0.44385026737967914	0.7118398268398246	0.6744949949662652	0.7205013003710602	0.19786096256684493	0.9121398106244268	544	286	110
6-57	de	7.357142857142857	1.7281553398058251	7.671518723994453	5.503690337494221	0.23948220064724918	0.032362459546925564	0.6893203883495146	0.003236245954692557	0.016181229773462782	0.9285714285714286	0.7118524091085067	3.0952380952380953	1.6391752577319587	0.0051035880857605185	6.390556976744186e-05	0.009328003045878545	0.3074433656957929	13.761904761904763	1.5275909275909274	3.5637931034482757	2.325	0.42718446601941745	0.6052380952380955	-1	-1	0.2168284789644013	0.8964767493451916	309	129	42
21-192	de	6.388888888888889	1.8652173913043477	8.911231884057973	7.639178743961352	0.31521739130434784	0.05	0.6652173913043479	0.02608695652173913	0.017391304347826087	0.8472222222222222	0.7140972095197446	2.8194444444444446	1.773972602739726	0.005489387139347826	7.635239495412845e-05	0.005928853754940711	0.26521739130434785	12.625	1.5164341717650542	3.5087336244541483	2.3197674418604652	0.4891304347826087	0.6573684210526314	-1	0.8758365546859657	0.19130434782608696	0.9482682060916917	447	218	72
11-26	de	5.215909090909091	2.0588235294117645	10.738322192513369	8.272285185185186	0.3093681917211329	0.06971677559912855	0.7516339869281046	0.002178649237472767	0.010893246187363835	0.8409090909090909	0.7110414489724834	2.4431818181818183	1.4795321637426901	0.003723892480392157	0.00010316161203319502	0.00944081336238199	0.25054466230936817	10.136363636363637	1.5862331796990887	3.7083333333333335	2.4297520661157024	0.4335511982570806	0.6756666666666662	-1	0.921625426408123	0.21350762527233116	0.9111025137960341	459	241	88
12-101	de	9.55	1.8429319371727748	9.881096858638742	8.083801884816754	0.2879581151832461	0.031413612565445025	0.643979057591623	0.0	0.010471204188481676	1.0	0.6979926506242297	3.9	1.6031746031746033	0.005551139362303665	5.532096627906977e-05	0.016753926701570682	0.16753926701570682	19.2	1.724621848739496	3.6876640419947506	2.128205128205128	0.5287958115183246	0.6741304347826084	-1	-1	0.17277486910994763	0.9191794644449479	190	86	20
16-135	de	6.682926829268292	1.9172749391727495	9.640185745653078	7.470597044685775	0.30900243309002434	0.051094890510948905	0.6958637469586375	0.01824817518248175	0.010948905109489052	0.8211382113821138	0.6236037186856859	3.024390243902439	1.6654929577464788	0.00454865612013601	7.354004083769633e-05	0.0047141119221411195	0.7384428223844283	13.382113821138212	1.6146110398979838	3.5570228091236493	2.3728813559322033	0.39659367396593675	0.679668049792532	0.7302230613092497	0.8206714022056263	0.170316301703163	0.9168465635004512	795	382	123
15-30	de	6.177777777777778	1.960431654676259	9.952426858513192	9.487744588329338	0.33093525179856115	0.048561151079136694	0.7122302158273381	0.012589928057553957	0.019784172661870502	0.8888888888888888	0.7213517443854524	2.988888888888889	1.4752475247524752	0.004024250094784173	4.653686455223881e-05	0.006126348920863309	0.5503597122302158	14.766666666666667	1.749815282756459	3.298417483044461	2.341040462427746	0.4550359712230216	0.7208533916848995	0.6798787152564046	0.856528226442039	0.18525179856115107	0.9268101622047809	527	268	90
24-131	de	5.406976744186046	1.7849462365591398	7.581086521630407	5.824508877219305	0.2709677419354839	0.023655913978494623	0.7505376344086021	0.008602150537634409	0.02795698924731183	0.7674418604651163	0.7256347458769602	2.4302325581395348	1.4125	0.0038542530178494626	7.669226650000001e-05	0.007646356033452807	0.15483870967741936	10.476744186046512	1.4775075775417774	3.5119825708061003	2.4193548387096775	0.4344086021505376	0.6498633879781422	-1	0.737239320093404	0.22580645161290322	0.9142878297633348	450	200	86
