article_id	language	avg_sentence_length	avg_syllable_length	fkgl	wstf	noun_ratio	adjective_ratio	function_word_ratio	numbers_ratio	negations_ratio	grammar_frequency	adjacent_sent_edit_distance	dep_tree_depth	noun_phrase_complexity	word_freq	word_freq_filtered	lexical_chain_lens	crossing_lexical_chains	bpe_sentence_length	avg_bpe_length	bpe_char_ratio	bpe_char_ratio_lex	type_token_ratio	mattr	heaps_law_beta	heaps_law_beta_lex	verb_ratio	herdans_c	text_length	text_length_lex	text_length_sentences
944	en	7.873134328358209	1.3639810426540284	3.5754986913772377	2.2293880597014932	0.2976303317535545	0.0966824644549763	0.590521327014218	0.012322274881516588	0.014218009478672985	0.9477611940298507	0.7338301103780975	3.074626865671642	1.6865203761755485	0.005957630796041516	0.00017492635148148148	0.004197698036560596	1.1753554502369667	10.201492537313433	1.069198310956432	4.491970802919708	2.196969696969697	0.3127962085308057	0.6957322175732235	0.6078215243024367	0.755017118855767	0.22654028436018958	0.864343884378732	1042	540	134
25	en	7.361256544502618	1.3854907539118066	3.6296809485153396	2.618817741467012	0.3157894736842105	0.11593172119487909	0.6230440967283073	0.01422475106685633	0.004978662873399715	0.900523560209424	0.7339927470190623	3.0575916230366493	1.7818181818181817	0.005620995117431721	0.0002047839637096774	0.003226338466613066	1.2788051209103841	9.350785340314136	1.0143438367914808	4.621295279912184	2.318396226415094	0.32574679943101	0.7180107115531712	0.7254479052597199	0.8465512136688355	0.1984352773826458	0.8863808002083595	1371	744	191
254	en	7.40625	1.520393811533052	5.239084476090017	4.875125281293952	0.3389592123769339	0.08438818565400844	0.6118143459915611	0.009845288326300985	0.011251758087201125	0.8541666666666666	0.7358736464773612	3.03125	1.7543103448275863	0.006522866918284107	0.00015878348671874998	0.005806195679613402	0.7693389592123769	9.645833333333334	1.0391231993374987	4.6855941114616195	2.3962264150943398	0.3924050632911392	0.7180882352941186	0.727346897987366	0.8976482964326855	0.19971870604781997	0.8928793709397415	702	384	96
1166	en	8.480519480519481	1.4196018376722819	4.468704281935523	3.2794819076788455	0.31852986217457885	0.08269525267993874	0.6171516079632465	0.015313935681470138	0.01225114854517611	0.948051948051948	0.721189504509938	3.2337662337662336	1.7860696517412935	0.0075541653473826945	0.0001732291092485549	0.006249741318654029	0.7901990811638591	10.987012987012987	1.0548441595997986	4.67060212514758	2.2402234636871508	0.38591117917304746	0.6977256317689534	0.9512568192675906	0.9239536934252837	0.2082695252679939	0.8843817910309171	645	346	77
410	en	8.764705882352942	1.4429530201342282	4.85508093170154	3.3445611725227	0.2978187919463087	0.10486577181208054	0.5981543624161074	0.012583892617449664	0.008389261744966443	0.9338235294117647	0.7276124422151252	3.3455882352941178	1.6931818181818181	0.005646885757659732	0.000178573788538206	0.0033944243675787297	1.3053691275167785	11.066176470588236	1.0428764763724812	4.685173089483998	2.3125	0.3179530201342282	0.7202195791399788	0.6889459174226606	0.8381264287430643	0.20385906040268456	0.8787173882059321	1182	602	136
1652	en	6.1020408163265305	1.5367892976588629	4.923909630741928	4.8973264418811	0.3737458193979933	0.11036789297658862	0.6421404682274248	0.007525083612040134	0.005016722408026756	0.8010204081632653	0.7188428987637133	2.553299492385787	1.6806930693069306	0.005251753567292475	0.00014498510720461095	0.0032492273824139533	1.93561872909699	8.489795918367347	1.137424508050061	4.4623779437105116	2.3957219251336896	0.36454849498327757	0.7362443026435753	0.6288556854672062	0.7410018246260036	0.1939799331103679	0.8895846960422458	1181	694	197
980	en	7.741176470588235	1.3670212765957446	3.5599098873592006	2.4359508456999825	0.33282674772036475	0.07750759878419453	0.6056231003039514	0.022796352583586626	0.00911854103343465	0.9235294117647059	0.7609578403879242	3.111111111111111	1.6447058823529412	0.006078183445288754	0.0001494055581061693	0.0031524685780004924	1.4794832826747721	10.011695906432749	1.0540941671547468	4.4657455382843985	2.209068010075567	0.3533434650455927	0.7192933442892376	0.8687541110248888	0.8932192307676724	0.20212765957446807	0.8952158740124387	1286	697	171
1148	en	7.140350877192983	1.4078624078624078	3.807513254881677	2.3869133497133492	0.3194103194103194	0.10442260442260443	0.6314496314496314	0.0085995085995086	0.004914004914004914	0.8771929824561403	0.7558382865904992	2.973684210526316	1.72265625	0.005466997183046683	0.00013812864977973566	0.004709254709254709	0.7714987714987716	9.298245614035087	1.0435611918166505	4.502304147465438	2.27027027027027	0.40540540540540543	0.7155244755244766	0.7925444816360775	0.9007324582895696	0.2199017199017199	0.9011672367562344	808	454	114
488	en	7.384615384615385	1.4826388888888888	4.785138888888888	3.3073465811965814	0.30092592592592593	0.1284722222222222	0.6226851851851852	0.016203703703703703	0.018518518518518517	0.905982905982906	0.7585747445027359	2.8803418803418803	1.7153558052434457	0.00491832457349537	0.00020762926674107142	0.004752758077226162	1.0219907407407407	9.495726495726496	1.0063673821731296	4.788478847884789	2.337037037037037	0.35300925925925924	0.725111111111111	0.7314846900787826	0.7789377283367949	0.19560185185185186	0.8835069986831816	850	448	117
1601	en	8.477272727272727	1.5585344057193924	6.106842351125195	4.835009472743522	0.3261840929401251	0.13672922252010725	0.6371760500446828	0.0071492403932082215	0.00804289544235925	0.946969696969697	0.743352297056832	3.1666666666666665	1.8408408408408408	0.005015758975014209	0.00015049324921630094	0.0039038615305018575	1.1197497765862376	11.348484848484848	1.0427384383843026	4.618892508143323	2.3205574912891986	0.3574620196604111	0.7487745098039253	0.6220747751764031	0.7587571610704398	0.19928507596067918	0.8882427717162265	1113	638	132
422	en	7.679389312977099	1.4145129224652087	4.096214317150533	2.7471151654955763	0.33101391650099404	0.07654075546719682	0.5974155069582505	0.010934393638170975	0.0019880715705765406	0.9465648854961832	0.7304520739243294	3.099236641221374	1.7714285714285714	0.006517456978866799	0.0001912439661710037	0.003681038767395626	1.0825049701789264	9.213740458015268	0.9453064958790149	4.908502024291498	2.4153846153846152	0.35984095427435386	0.6969790518191897	0.7357387571676804	0.8548656375269701	0.21769383697813122	0.8961380968188107	999	538	131
302	en	8.669642857142858	1.2368692070030896	2.3862173569221703	0.32916778725908546	0.282183316168898	0.10916580844490216	0.5808444902162719	0.007209062821833162	0.018537590113285273	0.9375	0.7356321335036502	3.1339285714285716	1.740484429065744	0.00661854253069001	0.00018129481058315334	0.0051014298373769544	0.7239958805355304	10.616071428571429	1.0244416785853097	4.477102414654454	2.445414847161572	0.2924819773429454	0.6783830275229384	0.6411981863687655	0.7960127677643023	0.22245108135942326	0.8640503009217987	968	463	112
1451	en	8.84873949579832	1.4235517568850902	4.658919134605412	3.1970353595569296	0.2668566001899335	0.09116809116809117	0.5498575498575499	0.013295346628679962	0.019943019943019943	0.9411764705882353	0.7341068205508431	3.226890756302521	1.8410596026490067	0.007917357518423552	0.0001331400945564516	0.0040118611547182974	0.7939221272554606	11.722689075630251	1.0766607367600411	4.353528153955809	2.2392857142857143	0.32098765432098764	0.6552620545073397	0.6505765277616826	0.8368755051153046	0.2127255460588794	0.8850389503313648	1040	496	119
314	en	9.545454545454545	1.4111111111111112	4.783838383838386	3.173349206349206	0.26825396825396824	0.09365079365079365	0.5825396825396826	0.02142857142857143	0.013492063492063493	0.9772727272727273	0.7308082609966785	3.4696969696969697	1.6693548387096775	0.006537816748212508	0.00017223069193825043	0.004067460317460318	0.6301587301587301	12.378787878787879	1.0796061195582727	4.534798534798535	2.179401993355482	0.3047619047619048	0.6821705426356619	0.6879743575285965	0.8747471077030641	0.21904761904761905	0.8814326498472269	1240	583	132
161	en	8.17557251908397	1.3314659197012138	3.309771134917071	1.972217163099336	0.3146591970121382	0.07376283846872082	0.6143790849673203	0.02054154995331466	0.018674136321195144	0.9389312977099237	0.7489890777899827	3.122137404580153	1.7399380804953561	0.004818362916526611	0.0001871334494485294	0.004999221910986618	0.8478057889822596	9.870229007633588	0.9906358903676512	4.696646341463414	2.1899641577060933	0.2950513538748833	0.692273662551444	0.7071215391953083	0.8416241237295632	0.22875816993464052	0.8584244069213695	1048	544	131
1406	en	8.916030534351146	1.3544520547945205	3.8697861549722887	1.6858287984941964	0.3073630136986301	0.08732876712328767	0.601027397260274	0.017123287671232876	0.01797945205479452	0.9618320610687023	0.7137108087800801	3.366412213740458	1.8366197183098592	0.005983037125	0.00015510262765957447	0.004913639070875521	0.6592465753424658	11.351145038167939	1.0494406423896179	4.470509383378016	2.2291666666666665	0.2962328767123288	0.650523854069223	0.7368262605752149	0.8495308632298108	0.22345890410958905	0.8709401178624457	1148	564	131
110	en	7.08092485549133	1.4293877551020409	4.038336203845702	2.361910227674885	0.3216326530612245	0.09306122448979592	0.6081632653061224	0.011428571428571429	0.008979591836734694	0.9421965317919075	0.7564156763968664	2.817142857142857	1.6331658291457287	0.005521538599755102	0.00018432128658346333	0.00372359470103831	0.9395918367346939	8.98857142857143	1.0099848859828728	4.595547309833024	2.3519061583577714	0.33714285714285713	0.7259946714031987	0.6797019227177212	0.8141850777854657	0.19673469387755102	0.8939541993013654	1215	641	175
1724	en	7.806666666666667	1.3620836891545687	3.527187532023909	2.0523583558212355	0.30657557643040134	0.09308283518360376	0.6114432109308283	0.008539709649871904	0.009393680614859094	0.9866666666666667	0.7110713764237253	3.04	1.7220708446866484	0.005174282753031597	0.00020543002222222223	0.003827055065312965	1.0213492741246797	9.653333333333334	0.9830833418960354	4.74623803009576	2.3046357615894038	0.32536293766011953	0.7054664179104456	0.771689413905272	0.9047368441995924	0.23484201537147736	0.8826716786848509	1168	621	150
1127	en	9.245454545454546	1.4768928220255655	5.443062572628946	3.7689520943952806	0.3303834808259587	0.08456243854473942	0.5978367748279253	0.012782694198623401	0.011799410029498525	0.9454545454545454	0.7370805293682847	3.309090909090909	1.9625850340136055	0.0064730979068829885	0.00011911302614259598	0.004773397693751676	1.1130776794493609	11.954545454545455	1.0833787635965373	4.637931034482759	2.25	0.3176007866273353	0.6934531590413936	0.6775648305147999	0.7134400553454475	0.19370698131760078	0.8666628877891068	1005	547	110
551	en	8.626760563380282	1.3967346938775511	4.255906007473417	2.7389862029318763	0.30448979591836733	0.08081632653061224	0.5828571428571429	0.011428571428571429	0.02040816326530612	0.9295774647887324	0.7215503387124164	3.204225352112676	1.7726027397260273	0.006839022672686449	0.00015499861445783132	0.004081632653061225	0.9093877551020408	11.133802816901408	1.0652711461326232	4.5543071161048685	2.301418439716312	0.30612244897959184	0.6752042628774395	0.6428757488946928	0.8279037044450716	0.21877551020408162	0.8754708935269957	1214	581	142
752	en	7.842696629213483	1.410458452722063	4.112061427513602	3.0858619136537784	0.34025787965616044	0.09383954154727794	0.6210601719197708	0.0035816618911174787	0.007879656160458453	0.9213483146067416	0.7192614516024717	3.0	1.9324009324009324	0.006111153276217764	0.00015219139483204134	0.0038308209791952158	1.166189111747851	10.365168539325843	1.0635625497327483	4.480871413390011	2.286501377410468	0.3037249283667622	0.6821896684656903	0.8081914077964604	0.9319391255221422	0.18839541547277938	0.8695426122199167	1369	774	178
149	en	8.632478632478632	1.3732673267326734	3.9812211221122134	2.721776169924685	0.3455445544554455	0.07326732673267326	0.602970297029703	0.009900990099009901	0.009900990099009901	0.9829059829059829	0.7030151953072842	3.341880341880342	1.7018072289156627	0.005577888934356436	0.000178457239298893	0.0049504950495049506	0.9128712871287129	11.290598290598291	1.091344484849883	4.507530120481928	2.314516129032258	0.3287128712871287	0.6868057080131786	0.7990179391097721	0.8991798451559679	0.19207920792079208	0.8745192871394734	999	542	117
29	en	8.20754716981132	1.4068965517241379	4.212322706571243	2.947244415528086	0.2988505747126437	0.10689655172413794	0.603448275862069	0.01264367816091954	0.010344827586206896	0.9245283018867925	0.7181772258242848	3.0943396226415096	1.6691176470588236	0.005830063605747126	0.00017861794553376907	0.004898741105637657	0.7505747126436781	10.584905660377359	1.0953517063464344	4.623137598597721	2.2966507177033493	0.3816091954022989	0.7238002594033732	0.7878001281218189	0.8848428154802807	0.2045977011494253	0.9002133621630428	860	459	106
635	en	8.517045454545455	1.466310873915944	5.0341160394808675	3.195954603068712	0.33555703802535025	0.08405603735823883	0.6170780520346898	0.008005336891260841	0.00867244829886591	0.9488636363636364	0.7445083016622925	3.164772727272727	1.8302752293577982	0.006198036476283522	0.00014865269762796504	0.003504558594618634	1.284856571047365	10.477272727272727	0.9963296568273016	4.855851063829787	2.2884615384615383	0.29286190793862577	0.6945571428571391	0.6674377346045529	0.7586664528354303	0.21681120747164775	0.8655425871374377	1484	801	176
458	en	8.88888888888889	1.4	4.396666666666665	3.098972222222222	0.2652777777777778	0.0763888888888889	0.575	0.013888888888888888	0.016666666666666666	0.9629629629629629	0.7637796510227817	3.123456790123457	1.5707762557077625	0.0056916899583333335	0.00016101937869822486	0.005694444444444444	0.4986111111111111	11.358024691358025	1.0723684338335755	4.556521739130435	2.2662721893491122	0.3763888888888889	0.7152657004830911	0.7074094398422	0.8412540291532681	0.2388888888888889	0.8927453302915472	708	338	81
1241	en	7.225225225225225	1.4052369077306732	3.8096333490597836	2.6018731190042916	0.3341645885286783	0.0885286783042394	0.6134663341645885	0.012468827930174564	0.017456359102244388	0.954954954954955	0.7398104012658154	2.8828828828828827	1.763779527559055	0.005258586225935162	0.00015920021775700936	0.005640660254126588	0.7581047381546134	9.108108108108109	1.0102831980896625	4.540384615384616	2.3482587064676617	0.3541147132169576	0.6710099573257482	0.7353571420479962	0.7277754701158308	0.2231920199501247	0.8760785225941433	793	428	111
419	en	7.224137931034483	1.4295942720763724	4.096626203604643	3.203663451567772	0.27923627684964203	0.09904534606205251	0.5715990453460621	0.015513126491646777	0.010739856801909307	0.9137931034482759	0.7386709738116387	2.8017241379310347	1.6743295019157087	0.006872883781038186	0.00012122567286063569	0.004858506648482782	0.8031026252983293	9.758620689655173	1.1158829367523453	4.3023255813953485	2.4066985645933014	0.3341288782816229	0.6936941813261142	0.660716337099073	0.7425698739588199	0.22911694510739858	0.8818683243967949	835	409	116
1544	en	8.486486486486486	1.3455414012738853	3.5971182647615763	1.5460742985023246	0.2659235668789809	0.08917197452229299	0.5366242038216561	0.006369426751592357	0.022292993630573247	0.9594594594594594	0.7258589114350599	3.189189189189189	1.654054054054054	0.006902497835031847	0.00011796426713286713	0.006973424115967494	0.46178343949044587	10.54054054054054	1.0407600615401127	4.505660377358491	2.3688524590163933	0.31528662420382164	0.6478827977315671	0.5666978757962946	0.9050356449906263	0.2372611464968153	0.8632972051419209	626	286	74
815	en	7.866666666666666	1.4802259887005649	4.9446666666666665	3.82943802259887	0.3488700564971751	0.0925141242937853	0.625	0.01059322033898305	0.009887005649717515	0.9166666666666666	0.7498154870679948	3.0833333333333335	1.7906458797327394	0.006666302089689265	0.0001959365807743658	0.004060734463276836	1.2019774011299436	9.666666666666666	0.9979004845744345	4.734418865805727	2.3434065934065935	0.3001412429378531	0.6991723614274892	0.5997211000761643	0.7215863318359058	0.18573446327683615	0.8657388963733663	1398	749	180
347	en	8.11023622047244	1.4058252427184466	4.161729990061925	2.2944586805290124	0.2766990291262136	0.08058252427184466	0.5640776699029126	0.002912621359223301	0.013592233009708738	0.9763779527559056	0.7478694320255947	3.0	1.59375	0.006021327108932039	0.00015733526849315068	0.005048543689320388	0.5592233009708738	10.196850393700787	1.0484689368837123	4.639969488939741	2.33953488372093	0.3067961165048544	0.6787432867883975	0.5815265536197783	0.6812760851908387	0.23592233009708738	0.8719943919721356	1028	511	127
122	en	7.485981308411215	1.4544319600499376	4.491829838869641	3.479265313218291	0.31585518102372034	0.09612983770287141	0.6004993757802747	0.003745318352059925	0.004993757802746567	0.9719626168224299	0.6966632162386878	2.9065420560747666	1.746031746031746	0.006394641794631711	0.00013207678325688073	0.004675007304698914	0.9962546816479401	10.009345794392523	1.0619721198158598	4.543040293040293	2.445945945945946	0.383270911360799	0.7090598290598282	0.7714679257745747	0.8209038416564908	0.21098626716604243	0.8940509799668683	796	436	107
719	en	8.140495867768594	1.4598984771573604	4.811595418886608	3.5274716197508065	0.33705583756345175	0.06700507614213198	0.6111675126903553	0.01116751269035533	0.013197969543147208	0.9504132231404959	0.7269985161896926	3.322314049586777	1.6542056074766356	0.006162899609441624	0.00015916550437262357	0.004164157274369784	1.1218274111675126	11.165289256198347	1.1027138058446428	4.33406432748538	2.26171875	0.349238578680203	0.6903386004514683	0.8253134950345358	0.9755867326952758	0.2263959390862944	0.8819133751938736	976	526	121
1742	en	6.9655172413793105	1.4089108910891088	3.751700238989418	2.837535472857631	0.3178217821782178	0.12079207920792079	0.6475247524752475	0.031683168316831684	0.016831683168316833	0.9172413793103448	0.7575705283732239	2.779310344827586	1.9966555183946488	0.004825001272277228	0.00017509871584699452	0.0039003900390039005	1.5207920792079208	8.489655172413793	0.9327532886671351	4.719188767550702	2.2724458204334366	0.3316831683168317	0.7238090010976935	0.6645400820438088	0.7109279253231052	0.18217821782178217	0.8654883186695606	981	549	145
1112	en	9.0	1.3333333333333333	3.653333333333336	2.517577777777778	0.32	0.08296296296296296	0.562962962962963	0.005925925925925926	0.01925925925925926	0.9733333333333334	0.7427616993406467	3.4133333333333336	1.81	0.006350066890962963	0.00011266313850746269	0.006366366366366366	0.8548148148148148	11.146666666666667	1.0107563157691035	4.693682955899881	2.315436241610738	0.3274074074074074	0.6677430555555557	0.5423994536294845	0.7347501463449988	0.20444444444444446	0.8652089755909508	672	335	75
581	en	7.866666666666666	1.3361581920903955	3.244666666666671	2.3113377401129944	0.2810734463276836	0.0748587570621469	0.5508474576271186	0.01694915254237288	0.015536723163841809	0.9222222222222223	0.701357772455626	3.0106382978723403	1.8364485981308412	0.00838781555819209	0.00010763955582822087	0.009501797637390858	0.24293785310734464	9.957446808510639	1.092560267874394	4.230769230769231	2.2045454545454546	0.3149717514124294	0.6111330049261057	0.9182521705853175	1.059313155738676	0.2033898305084746	0.864702789107289	697	326	94
536	en	8.277777777777779	1.3248322147651006	3.2713534675615215	1.466171961222969	0.2738255033557047	0.10335570469798658	0.5879194630872483	0.006711409395973154	0.008053691275167786	0.9777777777777777	0.7686391677821216	3.1666666666666665	1.7638888888888888	0.005793190389530201	0.0001799707054830287	0.006105217579562676	0.5194630872483221	10.233333333333333	0.9867500029019637	4.520212765957447	2.457894736842105	0.38523489932885907	0.7324613003095963	0.6685893228603291	0.8334602606024835	0.21476510067114093	0.8932708009798868	740	383	90
1727	en	7.930434782608696	1.4287280701754386	4.361860793287569	2.865190186880244	0.32894736842105265	0.08771929824561403	0.6107456140350878	0.01425438596491228	0.019736842105263157	0.8782608695652174	0.7644162468078872	3.1478260869565218	1.7963636363636364	0.005502707883442982	0.00021294677611940298	0.005101067887109077	0.9298245614035088	9.97391304347826	1.045214587561998	4.652920962199313	2.2801932367149758	0.3399122807017544	0.7106273062730653	0.6590918164246351	0.7650163215432301	0.20723684210526316	0.8746943277072485	904	469	115
1115	en	9.261194029850746	1.3964544721998389	4.500028443599891	3.3889510938458383	0.31990330378726833	0.10072522159548751	0.5906526994359388	0.011281224818694601	0.008058017727639	0.9477611940298507	0.7406790274691648	3.4477611940298507	1.9688385269121813	0.005959861996035455	0.0001616417782542113	0.003917436310667576	1.2159548751007252	11.701492537313433	1.041471237964059	4.627965043695381	2.3915857605177995	0.3021756647864625	0.6945183887915934	0.663007436222846	0.7913193858980726	0.1909750201450443	0.8676927534788395	1222	653	134
1547	en	8.241935483870968	1.4285714285714286	4.481497695852536	3.1525330219051826	0.3238747553816047	0.11741682974559686	0.6262230919765166	0.007827788649706457	0.010763209393346379	0.9274193548387096	0.7254007344564619	3.0806451612903225	1.9836601307189543	0.006541525218297456	0.00013058679154135338	0.005131994089220816	1.00587084148728	10.338709677419354	1.0509293708343097	4.776758409785932	2.3448275862068964	0.29549902152641877	0.6963921993499463	0.6468297203885428	0.8102215015096431	0.19471624266144813	0.8571296685363845	1022	532	124
1274	en	8.411111111111111	1.439894319682959	4.6810863055922525	3.236357592837223	0.3130779392338177	0.06869220607661823	0.5627476882430648	0.0066050198150594455	0.010568031704095112	0.9555555555555556	0.7551420489622735	3.311111111111111	1.5943775100401607	0.0072500900722589166	0.00012756405362694302	0.005126753475498522	0.964332892998679	11.266666666666667	1.1085929693037535	4.25049115913556	2.2634730538922154	0.3342140026420079	0.6725531914893622	0.7522588453662762	0.8479382708688339	0.22589167767503301	0.8809884734364336	753	386	90
1812	en	8.455089820359282	1.3441926345609065	3.568958117758818	1.801021046292684	0.32082152974504247	0.09915014164305949	0.6055240793201133	0.009206798866855524	0.007790368271954674	0.9221556886227545	0.7457698681483136	3.1497005988023954	1.896135265700483	0.007754226265113314	0.00015325291363636363	0.0033935316336166197	1.3739376770538243	10.389221556886227	1.029550568783007	4.61442362294151	2.3282208588957056	0.3038243626062323	0.70057121096725	0.7012954796194376	0.8294686078296241	0.20679886685552407	0.8726310857544212	1405	748	167
1301	en	8.519480519480519	1.458841463414634	4.946926670890086	2.606713240418118	0.2347560975609756	0.0975609756097561	0.538109756097561	0.010670731707317074	0.013719512195121951	0.974025974025974	0.7285955637929322	3.064935064935065	1.734375	0.005820868370884146	0.00012500557871621622	0.006154019873532069	0.4329268292682927	10.636363636363637	1.0390783183372947	4.585067319461444	2.2954545454545454	0.3384146341463415	0.6676660682226202	0.5262510554792478	0.7194723256766938	0.2423780487804878	0.8918898456190217	656	296	77
710	en	9.284810126582279	1.4239945466939332	4.834211600355502	2.9869158223533785	0.2842535787321063	0.10361281526925699	0.5950920245398773	0.008861622358554875	0.017041581458759374	0.9620253164556962	0.7331182526694844	3.2531645569620253	1.8737623762376239	0.0059910454597818675	0.00018194915933333333	0.003324419275339521	1.0013633265167008	11.468354430379748	1.008636924611848	4.777838131450299	2.328402366863905	0.2822085889570552	0.6804897660818694	0.6685990823695376	0.7948087815368856	0.21813224267211997	0.8650731750123187	1454	750	158
809	en	7.014084507042254	1.3303212851405624	2.843284122405116	1.5119416765654168	0.2991967871485944	0.0853413654618474	0.5823293172690763	0.014056224899598393	0.02208835341365462	0.9225352112676056	0.748315789805151	2.7746478873239435	1.7305194805194806	0.006815239395034036	0.0001629873	0.004098024752069503	0.8865461847389559	8.746478873239436	0.992433735320789	4.5201262825572215	2.312280701754386	0.35240963855421686	0.7128539576365687	0.7503616086784394	0.8759487783617539	0.20582329317269077	0.8907326887016715	982	501	142
560	en	7.731481481481482	1.3712574850299402	3.606116101131075	2.345655799512088	0.29221556886227545	0.08982035928143713	0.5880239520958084	0.00718562874251497	0.009580838323353293	0.9444444444444444	0.7284438417547269	3.111111111111111	1.6653846153846155	0.006908007999281438	0.00012863625433789954	0.004565868263473054	1.1293413173652695	10.194444444444445	1.0677640850434968	4.377797672336616	2.349514563106796	0.33053892215568864	0.6991983695652177	0.6222801076848612	0.7536240352212011	0.22994011976047904	0.8759757330832117	831	438	108
1770	en	7.829670329670329	1.4673684210526317	4.778518796992483	3.3409980721033348	0.32421052631578945	0.10736842105263159	0.6357894736842106	0.008421052631578947	0.018947368421052633	0.9560439560439561	0.7695750228899396	3.197802197802198	1.663677130044843	0.004912093094666667	0.00022382709243807042	0.002922374429223744	1.31859649122807	9.774725274725276	1.0030961955386988	4.702127659574468	2.3583333333333334	0.34596491228070175	0.7502187028657581	0.729128743591703	0.8159621843720383	0.21894736842105264	0.8962371341200707	1415	767	182
1289	en	8.094017094017094	1.4054910242872227	4.151460753255897	3.0601570393234594	0.2914466737064414	0.0791974656810982	0.5649419218585006	0.010559662090813094	0.02006335797254488	0.9401709401709402	0.729762619287347	3.0854700854700856	1.6849315068493151	0.007519920567476241	0.00014202349458333332	0.004707849348820837	1.0232312565997888	10.23076923076923	0.9995071634302507	4.594462540716612	2.270916334661355	0.32946145723336856	0.6781721698113214	0.5918521270447945	0.8056953139305373	0.22175290390707497	0.8808337732151488	935	480	117
1313	en	7.264705882352941	1.426450742240216	4.075354052552196	2.2449219814241483	0.2968960863697706	0.09851551956815115	0.5910931174089069	0.0	0.006747638326585695	0.8921568627450981	0.7574692047165452	2.911764705882353	1.617391304347826	0.006496304082860998	0.0001472338135	0.005964041617691871	0.46288798920377866	9.058823529411764	0.994668984137967	4.474399164054336	2.4021164021164023	0.3765182186234818	0.7038006230529585	0.9282171908708264	0.9319177869658278	0.2213225371120108	0.8940362131087934	741	400	102
1655	en	9.264705882352942	1.407936507936508	4.636886087768442	2.979955648926238	0.3412698412698413	0.0873015873015873	0.6111111111111112	0.014285714285714285	0.011904761904761904	0.9632352941176471	0.720466684667751	3.5294117647058822	1.905511811023622	0.005788207708333333	0.00016922602154531948	0.003775853775853776	1.3515873015873017	11.463235294117647	0.9996991175382519	4.654258675078864	2.218068535825545	0.3119047619047619	0.713789836347977	0.6561013246845521	0.7892423117159473	0.2015873015873016	0.8733411809657019	1239	673	136
116	en	8.67032967032967	1.2623574144486691	2.687246061922867	1.1581772197384361	0.30671736375158426	0.10139416983523447	0.5880861850443599	0.0076045627376425855	0.011406844106463879	0.967032967032967	0.7388346847415473	3.4615384615384617	1.8930232558139535	0.005636329913814956	0.00016008466504854367	0.005480765937039701	0.5830164765525983	10.67032967032967	1.0298507290669539	4.380761523046092	2.372340425531915	0.37896070975918883	0.6938695652173913	0.7959899376696153	1.0024868170731618	0.2002534854245881	0.895042489811753	761	412	91
1779	en	7.78698224852071	1.4202127659574468	4.205433715220952	2.6876977176669485	0.33890577507598785	0.09346504559270517	0.6139817629179332	0.012917933130699088	0.016717325227963525	0.9053254437869822	0.7512239377716485	3.0059171597633134	1.8275	0.0058178348556231	0.00016000921104815862	0.0037172430789452066	1.4224924012158056	9.692307692307692	0.9927161618595004	4.7907949790794975	2.32967032967033	0.29559270516717323	0.6631635168447	0.7829399058057838	0.79161662846546	0.2196048632218845	0.8627765518031197	1299	706	169
500	en	9.293478260869565	1.3298245614035087	3.726386346300533	1.641325705568268	0.25146198830409355	0.07719298245614035	0.5766081871345029	0.014035087719298246	0.008187134502923977	0.9565217391304348	0.7459133587374157	3.239130434782609	1.8619246861924685	0.006982940845614035	0.0001431976286407767	0.004820995578376837	0.6912280701754386	11.554347826086957	1.0408102541462516	4.533333333333333	2.278688524590164	0.3216374269005848	0.6813095238095244	0.7773923525987384	0.9801778870037895	0.22456140350877193	0.875764675307796	851	412	92
767	en	8.630681818181818	1.5049374588545095	5.534227923574122	3.916667511520737	0.3673469387755102	0.08492429229756418	0.6208031599736669	0.0019749835418038184	0.009874917709019092	0.9375	0.7507875520142215	3.210227272727273	1.8586723768736617	0.00573200558439763	0.000153224837587822	0.0033923246718042055	1.4470046082949308	10.988636363636363	1.010170455096325	4.824226804123711	2.292803970223325	0.28834759710335744	0.6836408450704254	0.6486695020219975	0.7478831772012763	0.2053982883475971	0.8661479068761089	1514	854	176
455	en	7.777777777777778	1.3771428571428572	3.6936190476190482	2.3709587301587303	0.2757142857142857	0.09857142857142857	0.58	0.024285714285714285	0.008571428571428572	0.9222222222222223	0.713876713174466	2.888888888888889	1.7798165137614679	0.007486211420309857	0.00019835508761329305	0.005057915057915058	0.8142857142857143	9.822222222222223	1.0443911689254826	4.538888888888889	2.2525252525252526	0.3914285714285714	0.7029450915141443	0.632392334715449	0.7636078544598811	0.22142857142857142	0.9043290282438433	683	331	90
233	en	8.741935483870968	1.4184501845018451	4.5570670158314535	3.2966811331984296	0.3070110701107011	0.1033210332103321	0.6125461254612546	0.010332103321033211	0.01107011070110701	0.967741935483871	0.7460706565447024	3.303225806451613	1.706855791962175	0.005401956177416974	0.0001960296717808219	0.0032763054903276307	1.1837638376383763	11.238709677419354	1.0525434149971131	4.638622247317899	2.2676470588235293	0.34022140221402214	0.7232882165605097	0.72063860805858	0.8269197826924041	0.2132841328413284	0.8923528967567527	1340	730	155
497	en	8.856164383561644	1.3750966744006188	4.090044867516344	2.8095403214357617	0.26450116009280744	0.09358081979891725	0.5792730085073473	0.01160092807424594	0.013921113689095127	0.9794520547945206	0.7258433262762286	3.1986301369863015	1.6957671957671958	0.005619613669760247	0.00022871804	0.004434132508378448	0.5808197989172467	11.164383561643836	1.0307192350882135	4.557387057387057	2.236666666666667	0.26836813611755606	0.6776633165829096	0.6133465027522391	0.7873842744650429	0.24361948955916474	0.8613531161467861	1283	625	146
1550	en	7.378640776699029	1.4210526315789473	4.056090955544203	2.839314001021973	0.3144736842105263	0.0868421052631579	0.5947368421052631	0.003947368421052632	0.009210526315789473	0.9514563106796117	0.6947595568919095	3.1359223300970873	1.6443514644351465	0.004927520247236842	0.00017997201474999997	0.005134788189987163	0.8092105263157895	9.21359223300971	1.0347698053580408	4.644153225806452	2.4457142857142857	0.37236842105263157	0.6890015128593051	0.5535073421136845	0.7880407561245621	0.23026315789473684	0.8940362131087934	757	400	103
620	en	7.323741007194244	1.4145383104125737	3.957811055674128	2.7299617164421703	0.26719056974459726	0.07465618860510806	0.5923379174852652	0.01768172888015717	0.018664047151277015	0.9496402877697842	0.7531306254132341	2.884892086330935	1.513595166163142	0.004626036612671905	0.00020375846032064126	0.004129746201034441	0.7406679764243614	9.194244604316546	1.0257213357245096	4.65815931941222	2.3360323886639676	0.29764243614931235	0.697747551686621	0.6646159191650373	0.7217805760287481	0.23477406679764243	0.8583706597642076	1010	499	139
947	en	7.15819209039548	1.45698500394633	4.394117961820932	3.5457802621076517	0.3259668508287293	0.09707971586424625	0.6132596685082873	0.021310181531176007	0.01578531965272297	0.864406779661017	0.7473552899950924	2.7457627118644066	1.7728395061728395	0.006217950658273725	0.00013734875119402986	0.003580293515436441	1.3267561168113655	9.350282485875706	1.056450745194953	4.568088836937464	2.3146666666666667	0.3362273086029992	0.702508561643837	0.7145384410577496	0.8322419483225946	0.19889502762430938	0.8800681330516358	1243	670	177
485	en	8.271844660194175	1.2875586854460095	2.8292119057386422	1.3267848215506635	0.2546948356807512	0.1267605633802817	0.5845070422535211	0.009389671361502348	0.009389671361502348	0.8737864077669902	0.779357759880433	2.912621359223301	1.9313304721030042	0.007160435633568075	0.00013886374052757793	0.005231388329979879	0.4894366197183099	10.504854368932039	1.056063772538841	4.4387568555758685	2.282178217821782	0.31220657276995306	0.675126162018594	0.8047044707416909	0.9104278569941848	0.21009389671361503	0.8652877869068218	843	417	103
1592	en	8.179310344827586	1.4131534569983137	4.2751418270628605	2.7147729324882257	0.3136593591905565	0.09527824620573355	0.612141652613828	0.011804384485666104	0.02023608768971332	0.9379310344827586	0.7883985494126423	2.9655172413793105	1.7771428571428571	0.005356179217740304	0.0001975732375975039	0.0039030626121960505	1.0733558178752107	10.558620689655172	1.0267347353861063	4.572435897435898	2.3353658536585367	0.31534569983136596	0.7100091996320127	0.6993670670017408	0.8075242104663547	0.2175379426644182	0.8718495932484829	1171	641	145
1280	en	8.165413533834586	1.3406998158379373	3.414769105083149	1.3050729807945278	0.32044198895027626	0.11049723756906077	0.6215469613259669	0.010128913443830571	0.01289134438305709	0.9172932330827067	0.7141381103227107	3.037313432835821	1.76878612716763	0.004440016148434622	0.00016652318664323374	0.005082872928176795	0.8812154696132597	9.932835820895523	1.001741160219107	4.623071271124173	2.3206106870229006	0.292817679558011	0.6684498480243182	0.6964961660841699	0.7528138575642159	0.2154696132596685	0.8551469520608199	1074	569	134
1529	en	7.754098360655738	1.459830866807611	4.6601025889855485	3.2047622015041757	0.3107822410147992	0.09090909090909091	0.6014799154334038	0.014799154334038054	0.009513742071881607	0.9016393442622951	0.7617525441662527	2.9672131147540983	1.7043189368770764	0.0059101161281183935	0.0002001053646090535	0.004309643844527565	1.0116279069767442	9.991803278688524	1.0459997050522605	4.52555910543131	2.268774703557312	0.3477801268498943	0.7278276269185362	0.7120479452718247	0.7898490269022752	0.21458773784355178	0.8811598161280151	929	486	122
1253	en	8.84	1.3610859728506788	3.918414479638013	2.0488489049773757	0.31221719457013575	0.09230769230769231	0.5782805429864254	0.00904977375565611	0.006334841628959276	0.944	0.7319109029875656	3.184	1.8438438438438438	0.008428725247873303	0.00013064105070175437	0.004543740573152338	0.6904977375565611	11.112	1.0303438990165843	4.4642097802976615	2.3035019455252916	0.3248868778280543	0.6532703777336005	0.8889277468238754	0.9721456050615223	0.19095022624434388	0.8828301059703635	1100	570	125
338	en	7.344660194174757	1.4236615994712492	4.073624349488899	2.501936635887037	0.30138797091870456	0.11037673496364839	0.6239259748843358	0.019167217448777262	0.013218770654329148	0.9271844660194175	0.7243983953237897	2.883495145631068	1.6763485477178424	0.005310262313945803	0.00020737238530927835	0.003314860948701001	1.0859220092531394	9.514563106796116	1.0559011351372187	4.5533636823469905	2.2031963470319633	0.3139458030403173	0.6912729844413025	0.7524984533560968	0.8657025001749253	0.22207534699272968	0.8854086518088329	1484	776	206
1181	en	8.257575757575758	1.3669724770642202	3.7607297748123436	2.1008960244648316	0.26788990825688075	0.10458715596330276	0.5431192660550459	0.001834862385321101	0.009174311926605505	0.9242424242424242	0.6979306649662685	3.015151515151515	1.8734177215189873	0.00704710835853211	0.00013775946444444443	0.0067067383739323	0.6275229357798165	10.43939393939394	1.025896473055564	4.4688856729377715	2.3157894736842106	0.3688073394495413	0.6623094170403592	0.6100042022641001	0.8060639811814143	0.24036697247706423	0.8889529547556597	545	270	66
176	en	7.606060606060606	1.450199203187251	4.488714233973202	3.022797078353254	0.32270916334661354	0.10677290836653386	0.6326693227091633	0.004780876494023904	0.009561752988047808	0.9575757575757575	0.7706885737880883	2.915151515151515	1.663265306122449	0.005290705896733068	0.00020127080859598854	0.0032636576979752224	1.5370517928286853	10.0	1.034754648827539	4.644927536231884	2.317415730337079	0.31633466135458166	0.7265657439446369	0.7366293082374008	0.8092513236319533	0.22788844621513943	0.8775215215563131	1246	698	165
713	en	7.9140625	1.4195459032576505	4.247126033440278	3.3350229577986177	0.3129318854886476	0.087857847976308	0.5923000987166831	0.011846001974333662	0.008884501480750246	0.90625	0.6981603588887051	3.1015625	1.7563291139240507	0.006726686713129319	0.00014961474925925927	0.004573201442472349	0.9259624876604146	9.9765625	1.0293200511913048	4.706379707916987	2.279352226720648	0.33859822309970383	0.7056783369803057	0.7241279516591467	0.7997379629156395	0.21224086870681144	0.8807442821088401	1002	540	128
1625	en	9.7265625	1.3582329317269077	4.230507969377513	2.364245105421687	0.3349397590361446	0.09718875502008033	0.6224899598393574	0.01606425702811245	0.00642570281124498	0.953125	0.7224949410984954	3.640625	1.7921052631578946	0.005033581710441767	0.00023327588875562218	0.005360216375706909	0.7919678714859437	12.03125	1.0403145819147162	4.541666666666667	2.1704918032786886	0.2899598393574297	0.684109947643985	0.8461726482335595	0.8730102563346038	0.19919678714859437	0.8497049574285884	1222	667	128
1058	en	7.821782178217822	1.2569620253164557	2.2926469482391276	0.7656880561473867	0.30886075949367087	0.08734177215189873	0.6126582278481013	0.016455696202531647	0.01139240506329114	0.9405940594059405	0.7354361055611055	3.1584158415841586	1.7394957983193278	0.004655918203924051	0.00017216048692493947	0.006597621787495205	0.5341772151898734	9.524752475247524	0.9908714617932042	4.497441146366428	2.346341463414634	0.37341772151898733	0.7151953690303908	0.7412560400298619	0.8398343232879958	0.20379746835443038	0.8820871929309669	781	413	101
1679	en	7.232394366197183	1.3885102239532618	3.6150544454653897	2.1650937284858127	0.2891918208373905	0.09737098344693282	0.5978578383641675	0.017526777020447908	0.013631937682570594	0.9436619718309859	0.7211756838164847	2.823943661971831	1.9319727891156462	0.005848154333340701	0.00016586311125954198	0.005584512285927029	0.4148003894839338	8.816901408450704	0.9738319377681869	4.60248447204969	2.3333333333333335	0.34371957156767285	0.6922413793103462	0.777978182879107	1.0077813807788563	0.22590068159688412	0.8824499364852115	1013	524	142
1622	en	6.6477272727272725	1.417948717948718	3.7344085081585128	2.487081196581197	0.3367521367521368	0.09230769230769231	0.6128205128205129	0.019658119658119658	0.013675213675213675	0.8636363636363636	0.7076613549848839	2.7954545454545454	1.786096256684492	0.006412082297583589	0.00017364299029126214	0.0036101543564230135	1.3085470085470086	7.9772727272727275	0.9725658663137534	4.788606726149623	2.3322683706070286	0.33076923076923076	0.694873949579833	0.7398209100872063	0.8520365746226914	0.20170940170940171	0.880106118335324	1153	618	176
1457	en	8.358490566037736	1.397291196388262	4.1578474381362085	1.8249549725286425	0.32505643340857787	0.1072234762979684	0.6478555304740407	0.02144469525959368	0.023702031602708805	0.9245283018867925	0.7174031928233604	3.0754716981132075	1.7596899224806202	0.004393286669638826	0.00018663373502202644	0.0060537656474451045	0.7720090293453724	10.377358490566039	0.9826281350034197	4.675090252707581	2.2711864406779663	0.2799097065462754	0.6413595933926303	0.7194919215497579	0.7408400263160565	0.2054176072234763	0.8315651370921551	880	454	106
1424	en	8.534653465346535	1.345707656612529	3.617865199512991	1.4743606487330871	0.26450116009280744	0.08932714617169374	0.5870069605568445	0.01160092807424594	0.01160092807424594	0.9702970297029703	0.7310086057733116	3.1782178217821784	1.887966804979253	0.006082777681786542	0.00014920645257009344	0.0050568148015943835	0.7238979118329466	10.217821782178218	0.9740546087786598	4.685576923076923	2.255	0.3352668213457077	0.6805373525557011	0.6741713285929476	0.763823835086054	0.23665893271461716	0.8777045493516443	856	428	101
395	en	9.065217391304348	1.3261390887290168	3.5938760296110956	2.130592437354464	0.22861710631494805	0.08633093525179857	0.548361310951239	0.01598721023181455	0.016786570743405275	0.9710144927536232	0.7478021136746856	3.289855072463768	1.7071005917159763	0.006739202635011991	0.00015816881254612547	0.0038136157740474284	0.7306155075939249	11.065217391304348	1.0174924578910085	4.656638325703074	2.286206896551724	0.27817745803357313	0.6791406249999995	0.716959476102468	0.7968629523208491	0.2414068745003997	0.8679270746901088	1232	542	138
71	en	7.56	1.5238095238095237	5.339352380952381	3.8230743280423285	0.291005291005291	0.08994708994708994	0.5968253968253968	0.006349206349206349	0.007407407407407408	0.896	0.7149007878793534	2.952	1.5205479452054795	0.00515378121079365	0.00015671076512605044	0.004675772117632583	0.5756613756613757	9.336	1.0296762661830774	4.96882898062342	2.5168067226890756	0.344973544973545	0.6769267139479924	0.648129415057103	0.8173495603609502	0.24761904761904763	0.8896066841157173	934	476	125
1421	en	7.989130434782608	1.3170068027210884	3.066441141674062	1.3507962141378291	0.3047619047619048	0.11700680272108843	0.6054421768707483	0.0013605442176870747	0.012244897959183673	0.9456521739130435	0.7413818207935853	2.9347826086956523	1.7245762711864407	0.004293409986394558	0.0001910184886649874	0.005840384934461589	0.8680272108843538	9.543478260869565	0.9555785763471054	4.687637969094923	2.3910614525139664	0.32789115646258504	0.6902515723270424	0.7703237645095355	0.8063910844683565	0.20680272108843537	0.8582642254440034	735	397	92
512	en	9.054878048780488	1.4505050505050505	5.0573620349839885	2.9657365525170416	0.3542087542087542	0.08282828282828283	0.6053872053872054	0.006734006734006734	0.00808080808080808	0.9878048780487805	0.7169080134001119	3.395209580838323	1.9389140271493213	0.007444452992323232	0.000135884117	0.00308511471302169	1.674074074074074	11.077844311377245	0.976660813559049	4.765934654525977	2.2990654205607477	0.31313131313131315	0.6653607503607509	0.7292260888650681	0.838970466881988	0.20673400673400674	0.8842393372790012	1473	800	167
656	en	8.788235294117648	1.5234270414993307	5.813850854397987	3.602090397669107	0.31459170013386883	0.09839357429718876	0.5917001338688086	0.006693440428380187	0.008701472556894244	0.9529411764705882	0.7287863457929132	3.3411764705882354	1.870748299319728	0.006794829814670683	0.00014986113394255875	0.00308593682087658	1.2235609103078982	11.029411764705882	1.0319433654135348	4.778649921507064	2.3697916666666665	0.2891566265060241	0.6694767025089629	0.6744565824008214	0.8432080303851445	0.20682730923694778	0.8732018647046151	1483	766	170
1262	en	9.127659574468085	1.3139083139083139	3.473905338160659	1.6122791019854854	0.3006993006993007	0.07692307692307693	0.5703185703185704	0.020202020202020204	0.00777000777000777	0.9716312056737588	0.7375143774845233	3.3333333333333335	1.8835978835978835	0.006825683292618493	0.00016379933896713613	0.0036937421552806168	1.3333333333333333	11.106382978723405	1.0005012845125487	4.599363057324841	2.1455108359133126	0.2898212898212898	0.7020875420875433	0.6743361102083116	0.7612120754119825	0.1989121989121989	0.8637480423112349	1262	639	141
1217	en	8.37962962962963	1.4022099447513812	4.224132903621854	3.0562950685492125	0.32265193370165746	0.08729281767955802	0.5900552486187846	0.0077348066298342545	0.019889502762430938	0.9444444444444444	0.7458918120545385	3.324074074074074	1.8523985239852399	0.00584743399801105	0.00012331178876889848	0.005254256398692074	1.1193370165745857	10.796296296296296	1.0604491263396492	4.453177257525083	2.272277227722772	0.3160220994475138	0.6728535980148905	0.712950278767738	0.7482911831960576	0.2121546961325967	0.865663450365471	898	463	108
509	en	8.104972375690608	1.4751192910702113	4.977346861147829	2.6794629013245355	0.34083162917518744	0.09815950920245399	0.6141785957736878	0.007498295841854124	0.010224948875255624	0.9392265193370166	0.7400292640366166	3.292817679558011	1.8053097345132743	0.006199014467689161	0.0001621423712328767	0.0032422701134357575	1.6312201772324473	9.939226519337016	0.9792743083686389	4.742547425474255	2.3369565217391304	0.310838445807771	0.6946198830409381	0.5909462933119678	0.7247079183127386	0.19904567143830948	0.8788014441762791	1458	803	181
638	en	8.875739644970414	1.4133333333333333	4.548871794871797	2.567197001972387	0.31266666666666665	0.08666666666666667	0.582	0.009333333333333334	0.014666666666666666	0.9467455621301775	0.7470567664149043	3.337278106508876	1.7555066079295154	0.006767699302946666	0.00018100685170157067	0.003198198198198198	1.0566666666666666	10.928994082840237	0.9829059356458778	4.771815718157182	2.292803970223325	0.2926666666666667	0.6713918629550399	0.7514730502736625	0.88073048882372	0.21466666666666667	0.8730885839900526	1484	764	169
1190	en	8.31858407079646	1.3893617021276596	4.048715872717004	2.256941724722275	0.27872340425531916	0.08617021276595745	0.5659574468085107	0.006382978723404255	0.019148936170212766	0.9469026548672567	0.7692928006222729	3.185840707964602	1.693661971830986	0.006923609969787234	0.00017502136709956708	0.004657210401891253	0.8372340425531914	10.663716814159292	1.0602264270353121	4.525577557755776	2.22488038277512	0.3191489361702128	0.6822829964328198	0.6934632442902378	0.7696805057949033	0.2170212765957447	0.8745691896799084	935	462	113
578	en	8.247524752475247	1.4201680672268908	4.384517846742657	3.234814469946394	0.3205282112845138	0.06842737094837935	0.5522208883553421	0.0012004801920768306	0.013205282112845138	0.9504950495049505	0.7097251527712052	3.0594059405940595	1.7279411764705883	0.006147114135654262	0.0001469217524509804	0.005506550446265463	0.921968787515006	10.514851485148515	1.0387728365171427	4.503261882572227	2.4465116279069767	0.3169267707082833	0.6603814713896461	0.7700943489603701	0.8421576149770569	0.21608643457382953	0.8675268635228963	822	408	101
1139	en	8.214285714285714	1.4720496894409938	4.983757763975156	3.354316770186336	0.3105590062111801	0.08695652173913043	0.6037267080745342	0.013664596273291925	0.013664596273291925	0.9387755102040817	0.7145801370227659	3.0918367346938775	1.7676348547717842	0.0054440416204968945	0.00018174914413265306	0.006017080745341615	0.47577639751552797	10.76530612244898	1.0876013039924257	4.51669758812616	2.314814814814815	0.3763975155279503	0.6823087818696891	0.7868198375335698	0.8869629946209269	0.21987577639751552	0.8930639681097119	794	392	98
617	en	9.191176470588236	1.4832	5.496318823529414	3.7973327058823543	0.248	0.12	0.584	0.0112	0.0192	0.9852941176470589	0.7145870298855374	3.5441176470588234	1.8	0.00685962177568	0.00012912819659863944	0.0066560000000000005	0.3344	11.426470588235293	1.0591129842859945	4.763729246487867	2.3488372093023258	0.3808	0.6948288973384036	0.7194717901037911	0.8566837009972205	0.208	0.8918506310669289	619	294	68
1640	en	7.848920863309353	1.375802016498625	3.705542931374424	2.3411617498302	0.3318056828597617	0.0925756186984418	0.6196150320806599	0.021998166819431713	0.016498625114573784	0.8992805755395683	0.7466555189238252	3.1510791366906474	1.7915407854984895	0.0060310641967919335	0.0002090583428318584	0.0044930896281519025	0.8762603116406966	9.568345323741006	0.9907525747633661	4.675496688741722	2.225925925925926	0.3391384051329056	0.7127016129032264	0.8178298836650645	0.9391071685923467	0.20623281393217233	0.8857949302280337	1076	565	139
152	en	7.321678321678322	1.443170964660936	4.294871928453592	2.978124443464845	0.3113658070678128	0.07831900668576887	0.603629417382999	0.008595988538681949	0.009551098376313277	0.916083916083916	0.7757248763920371	2.958041958041958	1.720257234726688	0.005840094916809933	0.0001710638423076923	0.0043163617662185	0.9808978032473734	9.195804195804195	1.0265826756013814	4.631924198250728	2.530534351145038	0.3428844317096466	0.7045886075949377	0.741382009084175	0.8882818215993409	0.2082139446036294	0.8834969280533058	1032	546	143
1535	en	8.513513513513514	1.3746031746031746	3.9505877305877313	2.7830626340626345	0.3047619047619048	0.10264550264550265	0.6169312169312169	0.02962962962962963	0.009523809523809525	0.963963963963964	0.7186921063191113	3.3333333333333335	1.829268292682927	0.006829056616677249	0.00017122276967213116	0.004462847941108811	0.8444444444444444	10.972972972972974	1.0499889307551846	4.550488599348534	2.110344827586207	0.3724867724867725	0.7173640661938506	0.7456124821541582	0.8361621596299786	0.19894179894179895	0.8913040022561328	911	488	111
749	en	8.204819277108435	1.4111600587371513	4.261568211170676	3.4761996744688	0.28487518355359764	0.08663729809104258	0.5580029368575624	0.013215859030837005	0.00881057268722467	0.9518072289156626	0.7662562578376592	3.1204819277108435	1.6267281105990783	0.006681136792657857	0.00013425250755287008	0.005873715124816446	0.5345080763582967	10.265060240963855	1.014416839383066	4.691954022988506	2.366279069767442	0.38472834067547723	0.6997938144329893	0.5904900214332047	0.7486537867125838	0.2173274596182085	0.8959653517803299	673	331	83
701	en	8.416666666666666	1.4785478547854785	5.139364686468646	2.99579801980198	0.333993399339934	0.07194719471947195	0.5854785478547855	0.005940594059405941	0.010561056105610561	0.9666666666666667	0.7367586580778352	3.272222222222222	1.8325991189427313	0.0066534883346006605	0.00016334974315245477	0.00313933832407631	1.4158415841584158	10.344444444444445	1.0007945408449752	4.8110526315789475	2.3013333333333335	0.29306930693069305	0.6829096045197769	0.552401401652674	0.6587434949763499	0.21848184818481847	0.8772078010958435	1497	774	180
524	en	7.862903225806452	1.3456410256410256	3.3550963606286217	1.498877419354839	0.27794871794871795	0.09538461538461539	0.5692307692307692	0.003076923076923077	0.017435897435897435	0.9596774193548387	0.7384882440827087	3.0161290322580645	1.8279569892473118	0.006616482347692307	0.00015744840702479337	0.004522144522144523	0.72	9.620967741935484	1.0060040007361615	4.494281045751634	2.441048034934498	0.31794871794871793	0.6859817351598182	0.6434793500904439	0.7572999597227656	0.2153846153846154	0.8817475877180733	970	484	124
335	en	7.283132530120482	1.3416046319272126	3.081356343488096	1.6139721825266333	0.28866832092638545	0.10504549214226634	0.6038047973531845	0.004962779156327543	0.013234077750206782	0.9518072289156626	0.7337574086638254	2.7409638554216866	1.7595628415300546	0.006219341484698097	0.00016179393076923076	0.004054558134254529	0.7915632754342432	9.012048192771084	1.0213809937011566	4.681787858572382	2.3062730627306274	0.3068651778329198	0.6778918918918958	0.814855268755447	0.8951636278760167	0.2572373862696443	0.8753906308858972	1208	650	166
1364	en	7.7227722772277225	1.358974358974359	3.457778624016246	1.9293372683422185	0.3269230769230769	0.09487179487179487	0.6307692307692307	0.014102564102564103	0.00641025641025641	0.9306930693069307	0.7335489510489507	3.0	1.8048780487804879	0.005776209732564102	0.00013295130245098038	0.005574136008918617	0.9705128205128205	9.92079207920792	1.0495435788603187	4.368217054263566	2.2578947368421054	0.33205128205128204	0.6920851688693099	0.8051328197001871	0.843527325994551	0.2064102564102564	0.8675268635228963	769	408	101
563	en	8.364341085271318	1.3058387395736792	3.0809901502252295	1.4016457256575499	0.2974976830398517	0.09545875810936053	0.5996292863762743	0.006487488415199258	0.015755329008341055	0.9767441860465116	0.737540747013403	3.2325581395348837	1.7685185185185186	0.00622625247673772	0.0001494038785340314	0.00442796828338997	0.6153846153846154	10.48062015503876	1.0424958509489433	4.602197802197802	2.2991803278688523	0.33271547729379053	0.6786428571428619	0.761533101149008	0.8933773637385239	0.21501390176088972	0.8826803561497296	1072	573	129
1370	en	8.307692307692308	1.3468013468013469	3.542255892255895	2.139197668997669	0.29545454545454547	0.08249158249158249	0.5883838383838383	0.021043771043771045	0.006734006734006734	0.9370629370629371	0.7291924182096101	3.202797202797203	1.7011173184357542	0.005596359200673401	0.00018241883951473136	0.004192566692566692	0.8324915824915825	10.51048951048951	1.0403274144841401	4.517173051519155	2.1683168316831685	0.28619528619528617	0.6833241505968789	0.6846695992032777	0.8384553270201345	0.21296296296296297	0.8665500189664006	1163	577	143
350	en	7.6726190476190474	1.2792862684251358	2.497899395988032	0.6751698954523624	0.25678820791311097	0.09930178432893716	0.5787432117920869	0.02094647013188518	0.019394879751745538	0.9583333333333334	0.7230069501120274	2.9047619047619047	1.6806282722513088	0.005808640600387897	0.00021537383453355152	0.003397447901340253	0.9643134212567882	9.583333333333334	1.0241091328173444	4.415290519877676	2.205438066465257	0.28626842513576417	0.7091512605042033	0.5913727803650616	0.7674133049761167	0.23196276183087663	0.8668117826442951	1261	611	168
1388	en	7.191919191919192	1.4058988764044944	3.8044552264215206	2.1728961922596755	0.3188202247191011	0.08848314606741572	0.5814606741573034	0.009831460674157303	0.007022471910112359	0.898989898989899	0.734504412820739	2.8585858585858586	1.7566371681415929	0.006722910792050562	0.00013020915954415954	0.005069882159495752	0.9438202247191011	9.292929292929292	1.027683380474449	4.413319238900634	2.2731958762886597	0.37640449438202245	0.6701305057096238	0.5462950803363682	0.8439289570668791	0.21910112359550563	0.8970631535710035	706	351	99
1322	en	8.644859813084112	1.2637837837837838	2.6941439757514516	1.1359124526395554	0.2756756756756757	0.10594594594594595	0.6032432432432432	0.03567567567567568	0.016216216216216217	0.9532710280373832	0.7441889179694398	3.336448598130841	1.8909774436090225	0.006901183629297297	0.00018489232554585154	0.005376186997808619	0.6172972972972973	10.757009345794392	0.986225920103901	4.4554112554112555	2.193661971830986	0.33405405405405403	0.686440677966102	0.7470061225682668	0.81180290422671	0.20216216216216215	0.880323601544655	906	458	107
83	en	7.371951219512195	1.3837882547559968	3.6137623817305204	2.5552081099074027	0.2770885028949545	0.09429280397022333	0.6021505376344086	0.019851116625310174	0.011579818031430935	0.9085365853658537	0.7390034436799331	2.896969696969697	1.7021857923497268	0.0050316855820512815	0.00020588200807560136	0.003753897054145193	0.7229114971050455	9.2	1.005145263207464	4.682661548304543	2.5090361445783134	0.3134822167080232	0.719405405405404	0.693194609458813	0.8384522178294405	0.22167080231596362	0.8845107863224171	1188	582	165
662	en	6.614634146341463	1.553834808259587	5.3249580545363	4.113739690625225	0.3945427728613569	0.08628318584070796	0.6622418879056047	0.01032448377581121	0.011061946902654867	0.8682926829268293	0.7339066816650684	2.726829268292683	1.7362637362637363	0.005306664613274337	0.0001374595473158552	0.0031547033759423138	1.913716814159292	8.663414634146342	1.0380997712547673	4.7064270152505445	2.313953488372093	0.34365781710914456	0.7041129673826566	0.7304028230279335	0.8043674361409296	0.18805309734513273	0.8860871986893807	1342	801	205
668	en	7.371859296482412	1.4451261077027948	4.337513196521122	2.657881622838117	0.3387866394001363	0.08657123381049761	0.612815269256987	0.0081799591002045	0.008861622358554875	0.8894472361809045	0.7196640528404459	2.8894472361809047	1.8484162895927603	0.006475398636455351	0.00013311794910485933	0.0030008853787148694	1.730743012951602	9.266331658291458	1.0133227798696005	4.609105180533752	2.3789731051344742	0.3047034764826176	0.6883479532163775	0.639788935757598	0.7558459387535659	0.20245398773006135	0.8762920649765005	1454	782	199
1688	en	9.225563909774436	1.3121434392828035	3.491262508349113	1.4608639189661203	0.28769356153219233	0.07090464547677261	0.5704971475142624	0.011409942950285249	0.011409942950285249	0.9774436090225563	0.7133131122937273	3.511278195488722	1.8096590909090908	0.006825723056153219	0.0001481924536134454	0.0036882018979735613	0.8924205378973105	11.18796992481203	1.0100109145221345	4.562	2.2316602316602316	0.30480847595762023	0.6806294326241145	0.7789977890866756	0.8366629116515523	0.22982885085574573	0.8704121754529186	1213	595	133
1121	en	7.336842105263158	1.441893830703013	4.285715623348185	3.0937429555236737	0.29555236728837875	0.10760401721664276	0.5781922525107605	0.0028694404591104736	0.01291248206599713	0.9578947368421052	0.7307753297125201	2.873684210526316	1.7567567567567568	0.006397355202354233	0.00020710440597014924	0.0049082534168994945	0.6556671449067432	9.052631578947368	0.9643426318037692	4.6651735722284435	2.4731182795698925	0.40459110473457677	0.7113879598662208	0.7011993778271137	0.8251154285368191	0.21233859397417504	0.9121406681584011	691	335	95
1517	en	7.259615384615385	1.4132450331125828	3.917541390728477	2.9067282221090167	0.35894039735099337	0.07947019867549669	0.6344370860927152	0.0013245033112582781	0.01456953642384106	0.9519230769230769	0.7345764600904522	3.0384615384615383	1.774468085106383	0.004955031206092715	0.0001631664943127962	0.006110776640577965	1.1443708609271523	9.35576923076923	1.0321887059019412	4.624127617148554	2.4375	0.3483443708609272	0.698201219512197	0.6210461475390513	0.7881142296705708	0.2185430463576159	0.8714397896113985	754	422	104
353	en	8.848920863309353	1.4747967479674797	5.263680762706912	4.15619810493069	0.3308943089430894	0.08617886178861789	0.5975609756097561	0.01056910569105691	0.00894308943089431	0.9568345323741008	0.7393593916187512	3.2661870503597124	1.7857142857142858	0.0052427867333333334	0.00017669212244897958	0.0036954915003695496	1.3723577235772357	11.273381294964029	1.0433146085159002	4.69647355163728	2.3685897435897436	0.31382113821138213	0.7152785145888599	0.578542205069799	0.7198386407182447	0.2040650406504065	0.8786627942155936	1221	637	139
548	en	9.30841121495327	1.357429718875502	4.0579510565627	2.3260751904815526	0.2600401606425703	0.11144578313253012	0.570281124497992	0.009036144578313253	0.01706827309236948	0.9532710280373832	0.7374729147879595	3.3738317757009346	1.6933797909407666	0.0051742760293172685	0.00012319943456790122	0.00414156626506024	0.8182730923694779	12.16822429906542	1.094407778211777	4.405841660261338	2.2093023255813953	0.2991967871485944	0.6837123745819398	0.6315851906882476	0.8000158606157811	0.23795180722891565	0.8643593929339616	989	486	107
1538	en	7.61025641025641	1.4676549865229112	4.696328840970352	3.2706356804202095	0.3261455525606469	0.10444743935309973	0.6320754716981132	0.008086253369272238	0.01078167115902965	0.9435897435897436	0.7252592040228486	3.020408163265306	1.8009049773755657	0.0057692994623989215	0.0001308610086227545	0.00307277628032345	1.2769541778975741	9.561224489795919	1.0025042899180399	4.7578125	2.355889724310777	0.31805929919137466	0.7149169675090266	0.7942196729552923	0.8579298966855005	0.21091644204851753	0.8829775604823582	1477	835	196
1559	en	9.125	1.3823163138231631	4.280082503113327	2.4499029887920294	0.25653798256537985	0.08094645080946451	0.5840597758405978	0.009962640099626401	0.008717310087173101	0.9659090909090909	0.7541768075089841	3.215909090909091	1.7028301886792452	0.004041903940473226	0.0001773039105	0.005526151930261519	0.5354919053549191	11.079545454545455	1.0117229348530363	4.836713995943205	2.291891891891892	0.32503113325031135	0.7098437500000002	0.6821392399578764	0.8019297058710178	0.2465753424657534	0.8667257913420847	796	400	88
1061	en	7.408163265306122	1.3957759412304866	3.769339779989128	3.0342417758287885	0.3186409550045914	0.10743801652892562	0.6124885215794307	0.02295684113865932	0.009182736455463728	0.9115646258503401	0.7430867078421571	2.945578231292517	1.7363896848137537	0.0051351744952249775	0.00016051390403508772	0.0037161386593204775	1.2681359044995408	10.312925170068027	1.1103367298453226	4.362281270252755	2.301169590643275	0.32323232323232326	0.7067979797979815	0.6354190420855585	0.7818410847322987	0.20752984389348025	0.8701193393220642	1069	570	147
782	en	8.67716535433071	1.3847549909255898	4.1342033811109395	2.3457766751932785	0.279491833030853	0.0925589836660617	0.5771324863883848	0.012704174228675136	0.009981851179673321	0.9921259842519685	0.7306709853204764	3.2283464566929134	1.8031746031746032	0.006995957342468239	0.00011791667546468401	0.004574243490499647	0.896551724137931	10.913385826771654	1.0354733771709224	4.61951909476662	2.2954545454545454	0.2831215970961887	0.6760717846460624	0.6013165704250716	0.7697869202095196	0.2159709618874773	0.8585057456156997	1089	538	127
641	en	8.385057471264368	1.4941740918437285	5.3114266975490985	3.5967280108403656	0.3159698423577793	0.1041809458533242	0.6120630568882797	0.010966415352981495	0.011651816312542838	0.9597701149425287	0.7287136743078594	3.2701149425287355	1.8208616780045352	0.006259647384811515	0.00014758035838751624	0.0035177196306898366	1.1082933516106923	10.373563218390805	1.0379851267474975	4.80446623093682	2.3057851239669422	0.29335161069225496	0.6596544117647105	0.6732679624191445	0.8034084154008441	0.20973269362577107	0.8699269193334132	1442	769	174
290	en	9.635036496350365	1.3371212121212122	3.945694536606947	2.2973568900685692	0.26666666666666666	0.10303030303030303	0.5613636363636364	0.019696969696969695	0.011363636363636364	0.948905109489051	0.73216353554346	3.3260869565217392	1.8486486486486486	0.006883379786136364	0.00016006736388443017	0.003748006379585327	1.0303030303030303	12.55072463768116	1.0901297156619645	4.345224395857307	2.180379746835443	0.26515151515151514	0.6644963144963166	0.7243134988829573	0.8095574976182972	0.21818181818181817	0.8593346976926366	1299	623	138
1352	en	8.21951219512195	1.4085064292779426	4.235985621577285	2.5270175725555473	0.32443125618199803	0.08803165182987141	0.5905044510385756	0.008902077151335312	0.009891196834817012	0.959349593495935	0.6893385303221368	3.16260162601626	1.867741935483871	0.00819897935875371	0.00016414217634615384	0.004721646790959819	0.9317507418397626	10.227642276422765	1.0435210285867238	4.620797498045348	2.2465116279069766	0.31849653808110784	0.670427631578948	0.7580094771554291	0.8310882418146497	0.18892185954500496	0.8681634551468755	1003	520	123
269	en	6.657894736842105	1.4624505928853755	4.263495943415855	3.372962845849803	0.325098814229249	0.08498023715415019	0.6136363636363636	0.016798418972332016	0.011857707509881422	0.881578947368421	0.7175581836031777	2.6258064516129034	1.7942122186495177	0.005563477200197628	0.0001493596788888889	0.0042695204713252295	1.0098814229249011	9.070967741935483	1.0467606574574473	4.504249291784703	2.289405684754522	0.3557312252964427	0.725553121577217	0.7076601189251674	0.8517215705612964	0.20652173913043478	0.8844407943219922	997	540	155
305	en	5.514619883040936	1.43796394485684	3.528676303696681	3.2191441263108285	0.33828207847295866	0.10286320254506894	0.6553552492046659	0.010604453870625663	0.014846235418875928	0.847953216374269	0.7297303187009068	2.2339181286549707	1.5501618122977345	0.004913490396585366	0.00018675042611111112	0.004343747450852435	1.0222693531283138	7.169590643274854	0.9542842148105305	4.83779399837794	2.411764705882353	0.3806998939554613	0.730225118483415	0.7318694350858063	0.8111155908448323	0.22905620360551432	0.895040912197094	913	540	171
953	en	8.300884955752212	1.4466950959488274	4.718347264939528	3.0898056191859906	0.2974413646055437	0.09275053304904052	0.579957356076759	0.017057569296375266	0.017057569296375266	0.8938053097345132	0.7099676665231173	3.168141592920354	1.7483221476510067	0.005884224553411514	0.00019467751890109888	0.004351420738871241	0.8486140724946695	10.778761061946902	1.1252324785394183	4.452936444086887	2.280701754385965	0.35181236673773986	0.7063170441001179	0.7543817059354153	0.7748024213420666	0.21641791044776118	0.8842129199633934	923	455	113
404	en	8.879310344827585	1.437864077669903	4.839727150987613	3.0821643789755613	0.2854368932038835	0.10194174757281553	0.5932038834951456	0.015533980582524271	0.015533980582524271	0.9655172413793104	0.7021608038541676	3.2844827586206895	1.6428571428571428	0.0049484665101941746	0.00016548288484251967	0.004989839692932942	0.6194174757281553	11.206896551724139	1.0283520401779287	4.746738296239448	2.3649635036496353	0.3116504854368932	0.6788829215896884	0.7277726824236054	0.8823074958936218	0.2174757281553398	0.8604940422048969	1015	508	116
1764	en	7.933884297520661	1.3645833333333333	3.60629820936639	2.0915558712121216	0.2760416666666667	0.08541666666666667	0.5760416666666667	0.005208333333333333	0.009375	0.9752066115702479	0.7378671777568828	3.0661157024793386	1.7023411371237458	0.006801374326145833	0.00015492007027600847	0.004446138211382114	0.6645833333333333	10.330578512396695	1.0504684956674952	4.410377358490566	2.3218884120171674	0.33229166666666665	0.691533101045295	0.6659060091105838	0.7548098891526434	0.23229166666666667	0.8904573979812981	959	471	121
311	en	7.983471074380165	1.4389233954451346	4.502849785260857	3.2595879164313946	0.34886128364389235	0.08074534161490683	0.6118012422360248	0.008281573498964804	0.009316770186335404	0.9504132231404959	0.7395202171624387	3.12396694214876	1.825657894736842	0.0063566439779503105	0.00016395765694716242	0.004547471162377996	1.1490683229813665	10.03305785123967	1.0018844901271404	4.608730800323363	2.4153846153846152	0.34782608695652173	0.6964359861591736	0.6806350272229457	0.7797857160220769	0.18944099378881987	0.882778266474187	955	511	121
1553	en	8.19047619047619	1.4844961240310077	5.121339977851608	3.4566763012181614	0.3081395348837209	0.10852713178294573	0.6094961240310077	0.011627906976744186	0.014534883720930232	0.9523809523809523	0.6967546897546893	2.9444444444444446	1.84	0.005413570066622093	0.00015828437749510765	0.004510218463706836	1.0271317829457365	10.142857142857142	1.0254342527507057	4.760279286268426	2.23265306122449	0.29748062015503873	0.686655948553056	0.534909891030739	0.6529778215112685	0.21220930232558138	0.8566417007030382	1021	511	126
263	en	10.666666666666666	1.3257211538461537	4.213509615384613	2.1800291666666674	0.27403846153846156	0.0889423076923077	0.5625	0.002403846153846154	0.007211538461538462	0.9615384615384616	0.7172196503097953	3.6538461538461537	1.7965367965367964	0.0069442488741586535	0.0001463250080882353	0.0050234220907297835	0.7379807692307693	13.346153846153847	1.0109703087185204	4.457854406130268	2.3465346534653464	0.33653846153846156	0.6805866302864949	0.5648969442743131	0.7593757911474333	0.22956730769230768	0.8763307313129831	830	408	78
437	en	8.023255813953488	1.3304347826086957	3.2382002022244727	1.3764448938321534	0.3115942028985507	0.08115942028985507	0.5855072463768116	0.010144927536231883	0.014492753623188406	0.9651162790697675	0.7516767546179308	3.046511627906977	1.7380952380952381	0.005666432889913043	0.00018747685280235988	0.005562083822953388	0.7043478260869566	10.093023255813954	1.0227354250097067	4.587899543378995	2.32967032967033	0.39565217391304347	0.705093062605752	0.8450698867582284	0.9319871811622091	0.21159420289855072	0.8997162578866643	683	339	86
143	en	7.888888888888889	1.3129890453834117	2.9799374021909273	1.153349295774647	0.25508607198748046	0.06885758998435054	0.5242566510172144	0.001564945226917058	0.023474178403755867	0.9753086419753086	0.7367254069903526	2.9012345679012346	1.7005347593582887	0.006805614265727699	0.00012711322905405406	0.006560731912844589	0.405320813771518	10.407407407407407	1.070425000239815	4.191715976331361	2.460526315789474	0.3411580594679186	0.6545925925925932	0.6899096241918996	0.865990931784843	0.2237871674491393	0.8733742287228408	638	296	81
317	en	8.127272727272727	1.43027591349739	4.456892142905566	3.0874594183445185	0.28859060402684567	0.1029082774049217	0.5824011931394482	0.00820283370618941	0.018642803877703208	0.9515151515151515	0.7592512600582899	2.929411764705882	1.896103896103896	0.006081925763534676	0.00015770324476479513	0.003931936817842857	0.8031319910514542	9.776470588235295	1.017248366402209	4.662947739283617	2.2996845425867507	0.2870991797166294	0.677866344605472	0.5775267015488716	0.6994625042073351	0.2214765100671141	0.8708565617102494	1325	659	170
1478	en	8.991379310344827	1.3787152444870565	4.185477815981752	2.34408249413165	0.30488974113135187	0.07957813998082454	0.6184084372003835	0.00862895493767977	0.007670182166826462	0.9568965517241379	0.6832402335030547	3.310344827586207	1.6492307692307693	0.004298806231735379	0.00018597903625218915	0.004924605595746536	0.6375838926174496	10.956896551724139	0.9985399825690207	4.821316614420063	2.2081632653061223	0.3326941514860978	0.6859322033898351	0.6898341024584292	0.9147321915576776	0.25023969319271333	0.8796524246989245	1036	571	116
695	en	8.44	1.4326337169939065	4.606677860528098	2.9577252105619496	0.35071090047393366	0.0907244414353419	0.6337169939065673	0.014895057549085985	0.011509817197020988	0.9428571428571428	0.7225938765979597	3.3238636363636362	1.8830275229357798	0.005663652981985105	0.0001646763327628362	0.003273726552232267	1.6526743398781314	10.125	0.9899624310946188	4.867945205479452	2.3046875	0.3053486797562627	0.6947387518142246	0.707213762172384	0.8295978130844917	0.1997291807718348	0.8668927793693348	1454	818	176
359	en	7.302469135802469	1.2772612003381234	2.329645126952819	0.6650260939440429	0.28317836010143704	0.09636517328825021	0.5790363482671175	0.0084530853761623	0.016060862214708368	0.9691358024691358	0.7414728387554472	2.932098765432099	1.5798319327731092	0.005409203667117498	0.00020098759268292682	0.004376819761435146	0.610312764158918	9.333333333333334	1.010955828256553	4.438076416337286	2.3556231003039514	0.31783601014370244	0.6626014760147618	0.7020958234980316	0.8340166552099818	0.20963651732882502	0.882438076671646	1177	574	162
1523	en	10.305785123966942	1.4073777064955895	5.036313134995066	3.3362668076109934	0.27987169206094625	0.07858861267040898	0.5733761026463512	0.012830793905372895	0.011226944667201283	0.9834710743801653	0.7287636282705939	3.7107438016528924	1.7135278514588859	0.007854580415156374	0.00013982449950331128	0.003925209977630523	1.0216519647153168	12.785123966942148	1.0405898437322993	4.682345360824742	2.1849056603773587	0.2774659182036889	0.6711411149825737	0.7060301002454958	0.8086477155628002	0.2301523656776263	0.8641095297235826	1234	604	121
590	en	8.933333333333334	1.4044776119402984	4.466835820895525	2.5163548258706467	0.2582089552238806	0.10746268656716418	0.5582089552238806	0.005970149253731343	0.022388059701492536	0.9733333333333334	0.7400628814328503	3.1466666666666665	1.881720430107527	0.00700565403	0.00017931463753943216	0.00652294085129906	0.3805970149253731	10.946666666666667	1.0440407677977337	4.6174334140435835	2.3448275862068964	0.373134328358209	0.6883012259194398	0.7646635424530253	0.9276652170439843	0.21343283582089553	0.8948392934697055	660	317	75
89	en	8.755813953488373	1.4661354581673307	5.125165848234971	4.015359875227771	0.2602921646746348	0.11952191235059761	0.6055776892430279	0.0026560424966799467	0.02390438247011952	0.9534883720930233	0.7505738611233966	3.313953488372093	1.5688073394495412	0.00463044291500664	0.00026560407474226805	0.0064276228419654705	0.35723771580345287	10.837209302325581	1.0120421085756102	4.913135593220339	2.342541436464088	0.3944223107569721	0.7183027522935772	0.6762802540837815	0.7418385870536637	0.23904382470119523	0.9025151039170954	751	388	86
425	en	9.219780219780219	1.401668653158522	4.5454043929848496	2.887739147860483	0.25744934445768775	0.08343265792610251	0.5792610250297974	0.004767580452920143	0.00834326579261025	0.945054945054945	0.7297153792200229	3.241758241758242	1.619047619047619	0.007203047991418355	0.00013630770421836226	0.004256768261535842	0.698450536352801	11.813186813186814	1.0610770539685512	4.628465804066543	2.3544973544973544	0.3575685339690107	0.6992837837837852	0.7399558767876362	0.8890304472715291	0.24791418355184744	0.8983378427438683	833	403	91
1118	en	7.450704225352113	1.279773156899811	2.4170978993050944	1.0248598258739587	0.23062381852551986	0.10586011342155009	0.5425330812854442	0.024574669187145556	0.015122873345935728	0.9436619718309859	0.7491066309973874	3.1690140845070425	1.7671232876712328	0.006851766960302457	0.00016039834854771786	0.007561436672967864	0.32892249527410206	9.394366197183098	1.058975714590985	4.250746268656717	2.0317460317460316	0.3856332703213611	0.6601860465116277	0.7735074334515021	0.8598666531008556	0.21739130434782608	0.8943402714668228	515	241	71
1502	en	7.523809523809524	1.4483122362869199	4.4343701024713695	2.8850695599758898	0.3322784810126582	0.07805907172995781	0.6118143459915611	0.006329113924050633	0.012658227848101266	0.9285714285714286	0.7259270396270394	3.0793650793650795	1.610759493670886	0.004724236828691984	0.00019779034838709677	0.00481012658227848	1.0168776371308017	9.293650793650794	1.0172220474225486	4.771739130434782	2.2819383259911894	0.3280590717299578	0.6967020023557104	0.7110217914032864	0.785005343711018	0.23312236286919832	0.8751589949945346	943	527	126
77	en	8.844036697247706	1.338174273858921	3.649630743461877	1.7138370436636339	0.2676348547717842	0.08506224066390042	0.6016597510373444	0.026970954356846474	0.016597510373443983	0.9724770642201835	0.7374308345434072	3.209090909090909	1.7266187050359711	0.005869088382676349	0.00017371441753246753	0.004742145820983995	0.5145228215767634	10.627272727272727	1.0199657762669272	4.661248930710008	2.279279279279279	0.3163900414937759	0.6751098265895953	0.7061197352103705	0.8029190505139835	0.23236514522821577	0.8675664056418981	951	462	110
293	en	9.345132743362832	1.428030303030303	4.90535934566908	3.3505743765084475	0.2556818181818182	0.07954545454545454	0.5511363636363636	0.007575757575757576	0.017045454545454544	0.9823008849557522	0.7431758943379213	3.2123893805309733	1.6349206349206349	0.006018611636174243	0.00018327135185995625	0.005076809764309764	0.53125	11.663716814159292	1.024350279173979	4.632054176072235	2.3551020408163263	0.29640151515151514	0.6768965517241394	0.5794828066512043	0.75662624512002	0.23484848484848486	0.8753582550373556	1045	457	113
440	en	7.161764705882353	1.324435318275154	2.8314249909409384	1.1294491122116206	0.2926078028747433	0.08213552361396304	0.6047227926078029	0.01026694045174538	0.011293634496919919	0.9411764705882353	0.7322433944656165	2.875	1.7314487632508835	0.004772958567967146	0.00018774235626242545	0.004687081510579412	0.7351129363449692	8.867647058823529	1.0031640306780876	4.563004846526656	2.4049586776859506	0.3336755646817248	0.7130514285714294	0.7511059779525421	0.8791603236607535	0.23305954825462014	0.8810480635238692	964	503	136
791	en	8.794117647058824	1.4729096989966555	5.220040330513477	2.8553363368089717	0.32642140468227426	0.08963210702341137	0.5919732441471572	0.009364548494983277	0.010702341137123745	0.9529411764705882	0.7314036559614517	3.2294117647058824	1.8736141906873613	0.007176169297217392	0.00013198324762516046	0.0030578117534639272	1.5177257525083612	11.052941176470588	1.0175438956529892	4.657083115525353	2.313775510204082	0.2923076923076923	0.6797707736389685	0.6142184931603446	0.7274108850673088	0.2153846153846154	0.8719022736552521	1473	779	170
1340	en	7.882352941176471	1.4285714285714286	4.341260504201681	2.94308932647686	0.3251599147121535	0.09808102345415778	0.5948827292110874	0.010660980810234541	0.009594882729211088	0.9495798319327731	0.7359356226921291	3.168067226890756	1.8780487804878048	0.006727715206697015	0.00019203182036659877	0.004205164652925847	1.0181236673773988	9.655462184873949	0.9860383749435314	4.720238095238095	2.3148936170212764	0.36886993603411516	0.7156972586412401	0.7535565026558165	0.8592244979651881	0.19509594882729211	0.8967769170666856	906	491	119
932	en	8.612676056338028	1.5233033524121014	5.7439232204346276	5.1893730425068805	0.2910874897792314	0.09975470155355683	0.5919869174161897	0.02125919869174162	0.014717906786590351	0.9577464788732394	0.7364183283457378	3.035211267605634	1.849056603773585	0.006817517995651513	0.00014334183776	0.003282849855383752	1.2632869991823386	11.408450704225352	1.0470990937051663	4.683466502765826	2.2074468085106385	0.3205233033524121	0.7002046263345217	0.6848023092202623	0.7711600452765867	0.2134096484055601	0.8741593991003155	1198	625	142
647	en	9.767295597484276	1.5286542176432711	6.257365051209469	4.1882012894499185	0.3296844816484224	0.09207984546039923	0.5988409529942048	0.003219575016097875	0.009658725048293626	0.9685534591194969	0.7404804001402835	3.590062111801242	1.7613168724279835	0.006797508310238249	0.00014431260024067388	0.00274737068040352	1.8113329040566646	12.062111801242237	1.0010356205929765	4.8356234096692114	2.270341207349081	0.3019961365099807	0.6888720770288876	0.6453748344822243	0.7678444379481606	0.21377978106889892	0.881240820660409	1543	831	161
986	en	8.477707006369426	1.3298271975957927	3.408266664114432	1.6462968038015582	0.28399699474079637	0.0811419984973704	0.5687453042824944	0.02779864763335838	0.011269722013523666	0.9490445859872612	0.7234785116006832	3.375796178343949	1.7102137767220902	0.007697255461066866	0.00017867404447999998	0.003975138310224712	0.9308790383170549	10.757961783439491	1.0524551326538054	4.392065344224037	2.244299674267101	0.26746806912096166	0.6648457792207801	0.621280634415879	0.7828586920492552	0.19834710743801653	0.8631628500187742	1317	625	157
491	en	8.415584415584416	1.3742283950617284	3.9079729838063173	2.4982739858906533	0.2986111111111111	0.10493827160493827	0.6165123456790124	0.023148148148148147	0.014660493827160493	0.935064935064935	0.7399768437930411	3.064516129032258	1.7910863509749304	0.00467232492970679	0.0002172873486526946	0.003133183688739244	1.3132716049382716	10.148387096774194	0.9789832500099718	4.833229231730169	2.365038560411311	0.33487654320987653	0.7288721804511287	0.6200824041637957	0.7387151010904702	0.2029320987654321	0.8878068424210901	1264	668	155
1556	en	8.016806722689076	1.4842767295597483	5.0510200306537705	3.7695086165283724	0.33752620545073375	0.11425576519916142	0.6289308176100629	0.009433962264150943	0.010482180293501049	0.9243697478991597	0.7355255062377112	2.9243697478991595	1.8586572438162545	0.005480465167085953	0.00016808930933333334	0.004749069439096394	1.0020964360587001	10.336134453781513	1.0411687011055055	4.652656621728787	2.285171102661597	0.36792452830188677	0.7217777777777786	0.6793963793319138	0.8228015451085053	0.20230607966457023	0.8884187423554074	944	525	119
479	en	6.575418994413408	1.4613423959218352	4.218253679698883	3.3812664704793454	0.30246389124893797	0.10790144435004248	0.62107051826678	0.013593882752761258	0.015293118096856415	0.8379888268156425	0.7374289879907853	2.7653631284916202	1.6037234042553192	0.004911145641971113	0.0002444267632786885	0.0035218022857456083	1.0407816482582837	8.720670391061452	1.0852124821357485	4.504337050805452	2.4049844236760123	0.32795242141036535	0.7283209647495344	0.7812956511599184	0.8321255295923192	0.23024638912489379	0.882980700111491	1162	610	179
734	en	10.068181818181818	1.3431151241534989	4.1853493741021985	2.376041083521445	0.24266365688487584	0.1072234762979684	0.5643340857787811	0.007900677200902935	0.012415349887133182	0.9772727272727273	0.7269845491447925	3.4318181818181817	1.9822222222222223	0.006012679289209932	0.00017040385408653846	0.004546024579884625	0.5282167042889391	12.272727272727273	1.0341412906481198	4.732407407407408	2.282608695652174	0.3340857787810384	0.6710292249047022	0.6665908704807332	0.813538977173216	0.22121896162528218	0.8818433999345909	877	416	88
1001	en	8.306748466257668	1.4549483013293945	4.818021857527345	3.533600308107765	0.33677991137370755	0.10265878877400296	0.6314623338257016	0.025110782865583457	0.007385524372230428	0.901840490797546	0.7451490404584943	3.294478527607362	1.717241379310345	0.0053572428168242245	0.00018287748617318436	0.0034606457058451155	1.393648449039882	10.840490797546012	1.0624498030838996	4.607361963190184	2.154040404040404	0.3249630723781389	0.7280637450199191	0.8242638623909808	0.9012223019347703	0.18389955686853768	0.8817066853809516	1321	716	163
1277	en	8.617283950617283	1.3022922636103151	3.13778945134246	1.2094058650818917	0.3008595988538682	0.08739255014326648	0.5544412607449857	0.0057306590257879654	0.0071633237822349575	0.9629629629629629	0.7290508699032302	3.308641975308642	1.899497487437186	0.008317702473925501	0.00011684990177514793	0.007117108790091506	0.45988538681948427	10.481481481481481	0.9929068904272437	4.432369942196532	2.3567251461988303	0.3452722063037249	0.6373455759599327	0.9386955420108883	1.0412909227495204	0.2020057306590258	0.8809648433137673	683	338	81
1232	en	8.376470588235295	1.4353932584269662	4.614463978849969	3.098804309319233	0.3188202247191011	0.10252808988764045	0.6207865168539326	0.0	0.014044943820224719	0.9529411764705882	0.7228610848911603	3.2470588235294118	1.7363636363636363	0.006269535210955056	0.00016522963875968992	0.0049157303370786515	1.1376404494382022	11.494117647058824	1.0681188261646284	4.398989898989899	2.2931937172774868	0.4044943820224719	0.7359869494290391	0.7429689520428535	0.7642505262253807	0.19803370786516855	0.8997834900860814	710	387	85
1346	en	8.179487179487179	1.4503657262277951	4.714315569487987	3.0703950004018976	0.3187042842215256	0.10344827586206896	0.6102403343782654	0.0	0.006269592476489028	0.9572649572649573	0.7493959772103791	3.0085470085470085	1.7123287671232876	0.006743727608777429	0.00016166421762452105	0.004436032412610162	1.1661442006269593	10.461538461538462	1.0524060076101236	4.607890499194847	2.3017241379310347	0.33124346917450365	0.7189627039627035	0.7660122266737832	0.8960713191428296	0.2225705329153605	0.8784691976828444	956	522	117
773	en	8.64245810055866	1.4078862314156433	4.393616189922469	2.844795982131573	0.3148028442146089	0.08209437621202327	0.5934065934065934	0.007110536522301228	0.015513897866839044	0.9553072625698324	0.7561291636495132	3.1675977653631286	1.761603375527426	0.005981906606166774	0.0001622820568069307	0.002953859245743088	1.3361344537815125	10.625698324022347	0.9888962698337537	4.697686375321337	2.3492063492063493	0.29928894634776987	0.7043922651933733	0.6437856030506943	0.7376676428115292	0.2178409825468649	0.8812969843296734	1538	808	179
929	en	9.326086956521738	1.4755244755244756	5.458362724232291	3.739088638897334	0.30186480186480186	0.06876456876456877	0.585081585081585	0.01282051282051282	0.009324009324009324	0.967391304347826	0.7429504435416999	3.402173913043478	1.7153558052434457	0.006470277111655012	0.00014657844449541283	0.00463821892393321	1.1165501165501166	12.33695652173913	1.094143719020469	4.515679442508711	2.2338308457711444	0.351981351981352	0.6910540184453227	0.7222225658659805	0.8703304015766403	0.2365967365967366	0.8821335562448522	848	436	92
413	en	7.9914529914529915	1.3229946524064171	3.138003565062391	1.84826184926185	0.31871657754010696	0.10374331550802139	0.6064171122994653	0.012834224598930482	0.0106951871657754	0.9401709401709402	0.7275673979724769	3.0	1.8419117647058822	0.004282097590374331	0.00021048503556485355	0.004914693149987268	0.7358288770053476	9.683760683760683	0.9567626206503519	4.743523316062176	2.4493927125506074	0.3497326203208556	0.6960167464114821	0.774931645614433	0.8990764734251715	0.21818181818181817	0.8856039776141869	926	478	117
1028	en	8.157894736842104	1.471889400921659	4.959873878244	3.848677419354839	0.34470046082949307	0.08940092165898618	0.6101382488479262	0.012903225806451613	0.007373271889400922	0.9473684210526315	0.7397801717988887	3.218045112781955	1.6044568245125348	0.005531531178801843	0.0001831918806722689	0.004284905812919395	1.1751152073732718	10.646616541353383	1.0446762399678577	4.652631578947369	2.3051948051948052	0.3474654377880184	0.7149087221095322	0.6283769315185976	0.7419251419799473	0.2184331797235023	0.8808901967828854	1078	595	133
611	en	8.513043478260869	1.3585291113381002	3.760730470311323	2.1297802566949415	0.33094994892747703	0.08069458631256383	0.6067415730337079	0.010214504596527068	0.009193054136874362	0.9652173913043478	0.7552950444969894	3.2695652173913046	1.7019230769230769	0.00632560200927477	0.00016528047773584905	0.004586890743346118	1.0429009193054137	10.939130434782609	1.054503599367982	4.380139643134212	2.3430962343096233	0.3452502553626149	0.7074204545454571	0.8053353975565211	0.8747143028358377	0.19816138917262513	0.883368753982542	973	530	115
1643	en	6.354838709677419	1.5299492385786801	4.941788112002623	4.457092484034714	0.36548223350253806	0.09238578680203045	0.6690355329949239	0.014213197969543147	0.01116751269035533	0.8387096774193549	0.741653423395211	2.6774193548387095	1.6780185758513932	0.005114284911961218	0.00012948472382608695	0.00419857179729846	1.300507614213198	9.064516129032258	1.0689452938064743	4.481994459833795	2.32	0.38071065989847713	0.7245598194130931	0.8197894413125772	0.85960665924617	0.2263959390862944	0.8911914861390972	972	575	155
968	en	6.801204819277109	1.383525243578388	3.3880677537430515	2.563339479441237	0.3179805137289637	0.11603188662533215	0.6271036315323295	0.02037201062887511	0.006200177147918512	0.8253012048192772	0.7718200169804447	2.753012048192771	1.7463126843657817	0.005552333012666076	0.0001999004749559083	0.0040246763942628945	1.0389725420726306	8.885542168674698	1.065922098033374	4.398051948051948	2.4257425742574257	0.3179805137289637	0.7034271844660179	0.6732097495163477	0.7821920200877693	0.17980513728963685	0.875198994106327	1094	567	166
737	en	7.458762886597938	1.4478230822391154	4.403229896194759	3.501911650838208	0.3178991015894955	0.09536973047684866	0.6026261230131306	0.022805805114029024	0.01520387007601935	0.845360824742268	0.7481669427798656	2.922680412371134	1.747276688453159	0.005820773505424319	0.00017055763775100403	0.0036857866850956	1.3213545266067726	9.231958762886597	1.019155561008768	4.734794520547945	2.2447368421052634	0.286109191430546	0.6783086053412442	0.6291357075869641	0.7201169970129615	0.20110573600552867	0.8600821326717062	1425	747	194
1676	en	8.706422018348624	1.3772391991570074	4.05692713720865	2.5972891039336443	0.29610115911485774	0.11380400421496312	0.59536354056902	0.009483667017913594	0.01053740779768177	0.9908256880733946	0.7377045677570271	3.2844036697247705	1.7231833910034602	0.006278443394035827	0.00015921945603271983	0.003993122954910986	0.9968387776606955	11.110091743119266	1.024576026337611	4.651815181518152	2.251012145748988	0.3256059009483667	0.6764823529411781	0.7317708359512849	0.8078450945693096	0.20231822971549	0.8657910732490204	939	489	109
1493	en	6.219512195121951	1.522875816993464	4.805544396620437	4.3710985174557635	0.33202614379084966	0.0915032679738562	0.6261437908496732	0.006535947712418301	0.013071895424836602	0.8292682926829268	0.7146809474678327	2.6260162601626016	1.6330645161290323	0.004728408925882353	0.00013930199602803738	0.005427678317703893	0.8745098039215686	8.146341463414634	1.065478499171771	4.527168732125834	2.4029126213592233	0.3411764705882353	0.6925675675675674	0.5999471831364953	0.8282693220058943	0.21568627450980393	0.8694093169956596	759	428	123
74	en	7.290076335877862	1.3780104712041885	3.513653331201791	1.8863300827305065	0.3287958115183246	0.08691099476439791	0.6052356020942409	0.013612565445026177	0.012565445026178011	0.9083969465648855	0.7441840533907095	2.8396946564885495	1.8581560283687943	0.006050575772460733	0.00015051058423153692	0.005043273854044236	0.9256544502617801	9.022900763358779	0.9621542889436326	4.643914473684211	2.398550724637681	0.3183246073298429	0.6820560747663559	0.7836254732968462	0.8420983568488692	0.22198952879581152	0.8705145482694567	941	501	131
1304	en	7.901639344262295	1.3464730290456433	3.3800210870008875	2.0681976668253865	0.2894190871369295	0.0912863070539419	0.5840248962655602	0.03112033195020747	0.011410788381742738	0.9262295081967213	0.7417904411415017	3.1557377049180326	1.8560885608856088	0.006422602654399274	0.0001938084050955414	0.00476235382874387	0.7780082987551867	9.524590163934427	0.9797682036928598	4.53801652892562	2.317269076305221	0.33402489626556015	0.697156069364161	0.7693844605408402	0.8196670085803875	0.20850622406639005	0.8799716125819055	932	471	122
503	en	8.292993630573248	1.3771121351766513	3.8941907110080543	2.334092375277623	0.26036866359447003	0.09062980030721966	0.5407066052227343	0.010752688172043012	0.013056835637480798	0.9617834394904459	0.739500627836392	3.1847133757961785	1.6481481481481481	0.006507330965360983	0.00017084919031198686	0.003509190105408125	0.8717357910906298	10.477707006369426	1.0661198139030859	4.562424969987995	2.2542372881355934	0.2834101382488479	0.6895012468828003	0.6852412241109642	0.7820326273976341	0.24193548387096775	0.87429210127913	1286	609	157
1697	en	8.51968503937008	1.2818853974121995	2.8589248548182873	1.1105819115956166	0.27171903881700554	0.08595194085027727	0.5757855822550831	0.012939001848428836	0.00831792975970425	0.968503937007874	0.7316884523817295	3.062992125984252	1.7658227848101267	0.007355563957208873	0.0001409972380681818	0.0048983364140480585	0.5304990757855823	10.488188976377952	1.0155070587661847	4.576435495898584	2.260330578512397	0.3096118299445471	0.6875788402848403	0.7367545195826477	0.8578195872341638	0.2356746765249538	0.8708728127742962	1072	528	127
461	en	9.376623376623376	1.4016620498614958	4.606495305248767	2.767092758211318	0.25346260387811637	0.08310249307479224	0.5373961218836565	0.009695290858725761	0.015235457063711912	0.987012987012987	0.7403575999164232	3.3766233766233764	1.7857142857142858	0.006460257071745153	0.0002007650318584071	0.00494122931796062	0.6731301939058172	11.441558441558442	1.0354966395721694	4.716216216216216	2.3221476510067114	0.36149584487534625	0.693804173354736	0.5893646851529661	0.743899746237573	0.23961218836565096	0.8874843631547685	717	339	77
167	en	6.886666666666667	1.5459825750242013	5.338394385285579	3.9396742871894155	0.33978702807357214	0.08131655372700872	0.6447241045498547	0.013552758954501452	0.008712487899322363	0.9	0.7210472972217935	2.8333333333333335	1.6298507462686567	0.00518317594842788	0.00016621901553571426	0.0038097617337538646	1.0387221684414327	9.0	1.0471352203294928	4.7186366932559825	2.3449477351916377	0.34849951597289447	0.6929014989293362	0.7992812285556444	0.8673392923868091	0.22555663117134558	0.8823565246635128	1023	560	150
566	en	7.680851063829787	1.3287165281625115	3.0843869472112537	1.23654208365258	0.26869806094182824	0.1283471837488458	0.605724838411819	0.010156971375807941	0.01569713758079409	0.9716312056737588	0.7697352054069935	2.950354609929078	1.7926421404682273	0.005346367425854109	0.00023477014019417474	0.003731132342133529	0.961218836565097	9.21985815602837	0.9810609795706299	4.542042042042042	2.4325396825396823	0.31948291782086796	0.6870223577235772	0.6543217989905855	0.7434628226570478	0.2059095106186519	0.8848983422503399	1079	515	141
539	en	8.761904761904763	1.392663043478261	4.260566770186337	2.429107324016563	0.30366847826086957	0.09714673913043478	0.6059782608695652	0.01358695652173913	0.018342391304347828	0.9642857142857143	0.7154439206062737	3.3154761904761907	1.7002237136465324	0.005265913273641304	0.0001708103277997365	0.0036365089514066493	1.1875	11.041666666666666	1.0385471510265092	4.622139435870143	2.3558441558441556	0.2717391304347826	0.6943262927895107	0.5422491580759937	0.6849637510102106	0.21739130434782608	0.8538840413821143	1452	759	168
1430	en	8.688073394495413	1.3938753959873285	4.24607829650369	2.4576353118975423	0.2713833157338965	0.09714889123548047	0.5786694825765576	0.013727560718057022	0.012671594508975714	0.9724770642201835	0.7300648572814891	3.18348623853211	1.7740740740740741	0.006628290223812038	0.0001729288215932914	0.005252042460957038	0.5628299894403379	11.155963302752294	1.0809625342711648	4.471208434712084	2.269406392694064	0.3220696937697994	0.706521226415093	0.6782990655284055	0.8283939047703588	0.22069693769799367	0.8715466615493288	934	477	109
1160	en	6.387387387387387	1.4217207334273625	3.677385735523959	2.7526749793517067	0.28067700987306066	0.0846262341325811	0.5994358251057827	0.021156558533145273	0.014104372355430184	0.8378378378378378	0.7960944810107486	2.675675675675676	1.624413145539906	0.005494104386483639	0.00021318896648044695	0.0063939821344616826	0.5980253878702397	7.891891891891892	0.975781147594873	4.618579234972677	2.294392523364486	0.37376586741889983	0.7272950819672119	0.7333729220342956	0.6855946075496259	0.22284908321579688	0.8811758325776693	694	358	111
533	en	7.627118644067797	1.3933333333333333	3.8259096045197722	1.8530875706214687	0.30666666666666664	0.11333333333333333	0.6088888888888889	0.013333333333333334	0.016666666666666666	0.9322033898305084	0.7551886684272416	3.1016949152542375	1.6794425087108014	0.004819572833555556	0.00016717527516483518	0.004567901234567901	0.6455555555555555	9.923728813559322	1.0359304429369236	4.51735817104149	2.379166666666667	0.3466666666666667	0.7130961298377035	0.9013303272246279	1.059337388032826	0.20777777777777778	0.8878199263207713	897	455	118
1809	en	7.696	1.3835758835758836	3.7376354261954248	2.6909915742203743	0.32536382536382535	0.07692307692307693	0.58004158004158	0.005197505197505198	0.011434511434511435	0.912	0.7431005192966816	3.064	1.7156549520766773	0.005776100478690229	0.00014148825790513835	0.004717735486966256	1.185031185031185	10.072	1.0999091360756321	4.434210526315789	2.308411214953271	0.32432432432432434	0.6767091541135588	0.6076975225219823	0.7292579210009925	0.21413721413721415	0.874068201889285	957	506	125
260	en	8.632352941176471	1.453151618398637	4.923806744162743	2.762818338510873	0.2870528109028961	0.0868824531516184	0.5630323679727428	0.0017035775127768314	0.016183986371379896	0.9779411764705882	0.7214818551093062	3.1470588235294117	1.5558510638297873	0.006039789078364566	0.000199408806122449	0.003959240330620228	0.9948892674616695	11.279411764705882	1.085546231810289	4.642903858731197	2.2992424242424243	0.2921635434412266	0.6913395348837267	0.6728265344397005	0.7726911154453056	0.24701873935264054	0.8702075736085659	1171	588	136
704	en	8.245454545454546	1.3660418963616316	3.745021649794527	2.246881455347299	0.24255788313120177	0.08158765159867695	0.5402425578831312	0.012127894156560088	0.022050716648291068	0.9454545454545454	0.7189371131357098	2.9545454545454546	1.746031746031746	0.0077031146576626245	0.0001290157863961814	0.0049033830441594616	0.6019845644983461	10.336363636363636	1.040516415402779	4.515734265734266	2.3622448979591835	0.29437706725468576	0.6375123762376227	0.624718798046104	0.771721949494929	0.2392502756339581	0.864602091418285	899	419	110
1310	en	9.0	1.3350970017636685	3.6741446208112905	1.5915813051146386	0.2804232804232804	0.07936507936507936	0.5502645502645502	0.001763668430335097	0.008818342151675485	0.9682539682539683	0.7122838183322056	3.4444444444444446	1.869047619047619	0.008729740906525573	0.00017683525342465753	0.008204892262863278	0.3298059964726631	11.174603174603174	1.0423855245283817	4.480905233380481	2.2358490566037736	0.3915343915343915	0.6693376068376047	0.7522463328168492	0.8158304684646497	0.2204585537918871	0.895125020738801	567	292	63
1379	en	9.384146341463415	1.4606887589343729	5.305944428596334	3.486420431385601	0.32748538011695905	0.11695906432748537	0.6387264457439896	0.010396361273554255	0.010396361273554255	0.9634146341463414	0.7569744032921516	3.457317073170732	1.8133047210300428	0.0047184670247563355	0.00023912485161676646	0.0030239416204328484	1.3157894736842106	11.49390243902439	0.9748544440903161	4.902032308494007	2.3264367816091953	0.3112410656270305	0.7336458333333314	0.7083240748982701	0.8650327381729079	0.20987654320987653	0.8769910412897264	1512	835	164
368	en	8.275167785234899	1.4841849148418491	5.150697431375431	3.3072455232776488	0.259529602595296	0.11597729115977291	0.5952960259529603	0.0170316301703163	0.016220600162206	0.912751677852349	0.7287063691475454	3.134228187919463	1.7886178861788617	0.005917681510056772	0.0001656185491114701	0.0038044680380446803	0.797242497972425	10.476510067114093	1.0377167691827907	4.626751592356688	2.2508474576271187	0.2708840227088402	0.6536948853615493	0.7157638372752154	0.8028888787181907	0.22141119221411193	0.8545381897652803	1214	619	149
374	en	10.456521739130435	1.2972972972972974	3.796151586368982	0.9778626593148338	0.29313929313929316	0.056133056133056136	0.5550935550935551	0.018711018711018712	0.02079002079002079	1.0	0.6955601225209068	3.652173913043478	1.8529411764705883	0.005622172143451143	0.00015329390140845071	0.014414414414414416	0.20997920997921	12.217391304347826	0.9733315708573145	4.815275310834814	2.3679245283018866	0.3804573804573805	0.6287958115183243	-1	0.7386311556095797	0.21621621621621623	0.8551982128479791	475	213	46
1394	en	7.75886524822695	1.3372943327239488	3.2160305729511087	1.7176021963774035	0.3391224862888483	0.07861060329067641	0.5996343692870201	0.007312614259597806	0.011882998171846435	0.9361702127659575	0.7192926482947488	3.0921985815602837	1.9779874213836477	0.006782159852925045	0.00010705127970049916	0.005215614582213141	0.953382084095064	10.01418439716312	1.00731687655968	4.503859649122807	2.346504559270517	0.31078610603290674	0.6801005025125606	0.6117793023470445	0.7423219737484681	0.21755027422303475	0.862917714647196	1083	601	141
632	en	7.335195530726257	1.46991622239147	4.615737681202589	3.637423367527986	0.3008377760853008	0.09215536938309216	0.5872048743335873	0.01904036557501904	0.012185833968012186	0.9106145251396648	0.7668265475436654	2.910614525139665	1.6357142857142857	0.005367225822041127	0.00023907114503105592	0.0031601323163315182	1.0654988575780655	9.212290502793296	0.9844298082426575	4.973493975903614	2.33806146572104	0.3335872048743336	0.7271828665568385	0.7073555829814816	0.8331269531426411	0.20715917745620716	0.8970916273448337	1291	644	179
389	en	8.975409836065573	1.365296803652968	4.0209121191706	2.011003593083315	0.27031963470319637	0.10319634703196347	0.589041095890411	0.015525114155251141	0.01643835616438356	0.9590163934426229	0.7474151703623843	3.180327868852459	1.7763578274760383	0.004983015599086758	0.00016414109210526314	0.004587448231920994	0.6712328767123288	11.278688524590164	1.0192475978698254	4.596250901225667	2.2846715328467155	0.30228310502283107	0.7050100401606382	0.7421923132228544	0.8494307013328638	0.2273972602739726	0.8711758363240534	1080	532	122
1403	en	7.480769230769231	1.4627249357326477	4.587654241645243	3.1416200909630225	0.36503856041131105	0.10154241645244216	0.6413881748071979	0.005141388174807198	0.017994858611825194	0.9423076923076923	0.708132064806822	3.0961538461538463	1.7756653992395437	0.004109173243059126	0.00013430155250000002	0.005858791175943086	0.9138817480719794	9.48076923076923	1.0226592239459886	4.717693836978131	2.3256880733944953	0.37789203084832906	0.7264801178203237	0.575178283102547	0.7511898052349042	0.19408740359897173	0.8838666773313573	773	440	104
1331	en	7.484848484848484	1.3994601889338731	3.842721138510612	2.689435627530364	0.30634278002699056	0.09851551956815115	0.5897435897435898	0.008097165991902834	0.016194331983805668	0.8888888888888888	0.6987499886734578	2.9393939393939394	1.794979079497908	0.006687504704373684	0.00016566980396825397	0.006246385193753615	0.6747638326585695	9.525252525252526	1.0803798364908694	4.573208722741433	2.3352601156069364	0.3576248313090418	0.6656074766355131	0.6204299463874412	0.7784321999632309	0.20107962213225372	0.8823142907408272	736	378	99
506	en	8.735849056603774	1.2894168466522677	3.0320999225722325	1.3926102041647987	0.28725701943844495	0.06047516198704104	0.5529157667386609	0.008639308855291577	0.01511879049676026	0.9811320754716981	0.745167251049604	3.3773584905660377	1.75	0.007318543060475162	0.00014902044700460828	0.009873495834618945	0.32181425485961124	10.735849056603774	1.007774643964988	4.458188153310105	2.419047619047619	0.39740820734341253	0.6437637362637371	-1	0.7246477175693397	0.21382289416846653	0.8819744721041295	461	217	53
758	en	8.595744680851064	1.3333333333333333	3.495673758865248	1.3654098307703109	0.2533003300330033	0.08415841584158416	0.5528052805280528	0.01155115511551155	0.010726072607260726	0.9787234042553191	0.7406089311568081	3.0921985815602837	1.7028571428571428	0.007083452906063532	0.00015248966959578207	0.0038080731150038076	0.7673267326732673	10.368794326241135	1.0170877527886288	4.583333333333333	2.1343873517786562	0.30115511551155116	0.6701796945193168	0.8118626113011427	0.9030564195529978	0.23927392739273928	0.8777505442578475	1198	569	141
377	en	8.03125	1.3450064850843062	3.413264023994813	2.1209248702983134	0.3320363164721141	0.11284046692607004	0.6238651102464332	0.018158236057068743	0.019455252918287938	0.90625	0.674170884155404	2.90625	1.980952380952381	0.004422634212710766	0.00022224497014925373	0.0072262367982212335	0.642023346303502	9.583333333333334	0.9674768582506101	4.886752136752137	2.394230769230769	0.32814526588845655	0.6487499999999993	0.810205131299823	0.9762877925791151	0.20233463035019456	0.8554889856719402	755	402	96
1433	en	8.302752293577981	1.3867403314917126	4.011609306097622	2.41360692381773	0.25524861878453037	0.14033149171270717	0.6	0.0055248618784530384	0.011049723756906077	0.9541284403669725	0.7333800039376017	3.036697247706422	1.7011070110701108	0.005781548276132597	0.0001888083645702306	0.005082872928176795	0.518232044198895	10.330275229357799	1.0064766504348832	4.67693661971831	2.2311111111111113	0.3149171270718232	0.6865136476426804	0.6680774507518039	0.7775558984120484	0.20883977900552486	0.8654274516471577	902	477	109
1511	en	8.028571428571428	1.416370106761566	4.254310116929339	2.896060416878495	0.297153024911032	0.10854092526690391	0.6014234875444839	0.013345195729537367	0.012455516014234875	0.9357142857142857	0.7136513243421831	3.107142857142857	1.8200589970501475	0.00622628722980427	0.00017633574453924914	0.004011098377465469	1.106761565836299	10.128571428571428	1.040157120540524	4.6613128491620115	2.2190812720848054	0.3096085409252669	0.7033560975609775	0.7048576769335222	0.7921838740459447	0.2179715302491103	0.8650795704903583	1109	586	140
86	en	7.224	1.3554817275747508	3.222044385382059	1.3472271078626799	0.3388704318936877	0.11960132890365449	0.654485049833887	0.007751937984496124	0.016611295681063124	0.928	0.75745579596979	2.856	1.5649350649350648	0.004463833303322259	0.0001511253648543689	0.00516795865633075	0.8261351052048727	9.576	1.0459780265142495	4.417763157894737	2.4119718309859155	0.3875968992248062	0.7192039800995056	0.746879273725661	0.8736502065675573	0.21483942414174972	0.8965842918777971	892	515	125
818	en	9.315315315315315	1.3636363636363635	4.133882063882062	2.6497644344537967	0.33268858800773693	0.07059961315280464	0.6015473887814313	0.029980657640232108	0.01644100580270793	0.9459459459459459	0.7339152982771049	3.4144144144144146	1.8032786885245902	0.005674566107485493	0.0002103416699410609	0.004268658707396785	1.2785299806576402	11.594594594594595	1.0369189389855025	4.51617873651772	2.0285714285714285	0.32011605415860733	0.7113582887700539	0.758219103391718	0.7702477017260868	0.20502901353965183	0.8690165385770956	996	509	111
125	en	7.943262411347518	1.3526785714285714	3.469479483282676	2.023113475177305	0.27589285714285716	0.10803571428571429	0.5973214285714286	0.01875	0.011607142857142858	0.950354609929078	0.7334643314140765	3.1702127659574466	1.8557993730407523	0.006727693974821429	0.00013139193283858997	0.004879568106312292	0.7	9.673758865248226	1.0157703369422537	4.615329512893982	2.4661354581673307	0.30892857142857144	0.6946229187071535	0.6340371267759594	0.8196158709539434	0.20535714285714285	0.8772181880503251	1111	539	141
1806	en	9.430769230769231	1.3964110929853182	4.565650897226757	2.284475512611369	0.3205546492659054	0.1199021207177814	0.6084828711256117	0.01794453507340946	0.010603588907014683	0.9307692307692308	0.737585354378046	3.4307692307692306	2.077809798270893	0.006379690850489396	0.00014238588653250775	0.004185275318909957	0.8311582381729201	11.615384615384615	0.9997364538312953	4.708604954367666	2.3404255319148937	0.2903752039151713	0.6578438331854484	0.752565379297695	0.8929723589638627	0.17455138662316477	0.8611229615321073	1206	646	130
1196	en	8.644444444444444	1.4125964010282777	4.449970865467009	3.011572190802627	0.2532133676092545	0.09640102827763496	0.577120822622108	0.032133676092544985	0.019280205655526992	0.9666666666666667	0.7515288366990281	3.111111111111111	1.7980769230769231	0.005543761906041131	0.00016913515776566755	0.004595115681233933	0.7622107969151671	10.733333333333333	1.0153123281374055	4.575664621676892	2.1486486486486487	0.34575835475578404	0.6964801178203262	0.634030033247186	0.6830739452342857	0.2352185089974293	0.8840027011720017	752	367	90
1562	en	7.927835051546392	1.4681404421326398	4.825912887268245	3.7312492351829256	0.3107932379713914	0.11053315994798439	0.6345903771131339	0.010403120936280884	0.010403120936280884	0.9278350515463918	0.710092238566745	3.1237113402061856	1.7119341563786008	0.005637563606371911	0.00015704625778301888	0.005707267735876319	0.7360208062418726	10.195876288659793	1.0279369597701282	4.74003984063745	2.3333333333333335	0.3823146944083225	0.720134328358209	0.7178411946227207	0.842953689588443	0.22626788036410922	0.8900383963416513	755	424	97
665	en	8.32	1.4471153846153846	4.73076153846154	2.893868423076923	0.31810897435897434	0.07371794871794872	0.5793269230769231	0.014423076923076924	0.004807692307692308	0.9733333333333334	0.7584796813640035	3.2533333333333334	1.7958656330749354	0.00672571470363782	0.0001521538571656051	0.0036365877712031557	1.2868589743589745	10.433333333333334	1.0130643191231425	4.700255102040816	2.248502994011976	0.3060897435897436	0.677528285465627	0.669624691724706	0.7726361767723721	0.20833333333333334	0.877369645235343	1234	628	150
449	en	7.266666666666667	1.423165137614679	4.037348623853212	2.4710302446483183	0.28784403669724773	0.13876146788990826	0.6032110091743119	0.005733944954128441	0.014908256880733946	0.925	0.7040094126228579	2.925	1.821561338289963	0.0064963998451834865	0.00016445419037199122	0.004197247706422018	1.1009174311926606	9.408333333333333	1.063865682928183	4.3878260869565215	2.2777777777777777	0.33715596330275227	0.7027166882276854	0.7081536389431315	0.7524534783409229	0.20412844036697247	0.8768841890035312	868	457	120
530	en	8.805882352941177	1.2792251169004676	2.9391504970725784	1.1044978380289998	0.2972611890447562	0.08149632598530394	0.5858383433533734	0.020708082832331328	0.009352037408149633	0.9882352941176471	0.7238001168007393	3.376470588235294	1.7736263736263735	0.007201067202204409	0.0001538195301388889	0.003827761342791403	1.1342685370741483	10.823529411764707	1.0240664996287834	4.52998379254457	2.2011661807580176	0.24983299933199732	0.649599427753933	0.6052768681318068	0.7302324816555434	0.21108884435537742	0.8480797656427373	1468	720	170
170	en	8.282051282051283	1.4045407636738907	4.213581011351913	3.239222338652061	0.34055727554179566	0.09081527347781218	0.6563467492260062	0.030959752321981424	0.014447884416924664	0.9658119658119658	0.7163061957466516	3.1965811965811968	1.8641114982578397	0.005040746373665428	0.00021612939130434783	0.006191950464396284	0.7708978328173375	10.153846153846153	0.982246106752675	4.75206611570248	2.2053872053872055	0.3157894736842105	0.6884482758620706	0.6638014788426887	0.8147251070113475	0.20123839009287925	0.8600920899409239	938	529	117
341	en	9.690265486725664	1.3972602739726028	4.676874772699723	2.408427001252677	0.28127853881278536	0.09863013698630137	0.5680365296803653	0.0091324200913242	0.015525114155251141	0.9823008849557522	0.7400479642991493	3.4070796460176993	1.826625386996904	0.007804196568036529	0.00011973051838235293	0.004528934861615879	0.7552511415525114	12.628318584070797	1.0824651110021943	4.410076976906928	2.246913580246914	0.29406392694063926	0.632811244979917	0.6714458991667305	0.7214069396862324	0.22557077625570776	0.8653885338553143	1088	544	113
725	en	7.535714285714286	1.3515007898894156	3.2966378921236767	2.0732415707515237	0.32622432859399686	0.09004739336492891	0.6184834123222749	0.026066350710900472	0.009478672985781991	0.9047619047619048	0.757611742099237	3.1242603550295858	1.8193717277486912	0.005951235277251185	0.00019560769877675842	0.0036861506055818854	1.1619273301737756	9.633136094674557	0.9989263502000908	4.481103779244151	2.2819843342036554	0.3285939968404423	0.705141388174809	0.7232412366832948	0.8652341755164071	0.1990521327014218	0.8813262677541659	1237	654	169
257	en	8.533898305084746	1.3445878848063555	3.6043573796980475	2.0703484321613117	0.3058589870903674	0.0814299900695134	0.602780536246276	0.014895729890764648	0.011916583912611719	0.9830508474576272	0.733469656565433	3.3389830508474576	1.7692307692307692	0.004951742483654419	0.0002505005312015504	0.0048549045569899595	0.7497517378351539	10.296610169491526	0.9972688947488234	4.828733766233766	2.3722943722943723	0.3346573982125124	0.7199559471365667	0.7138201238758694	0.8800302297083071	0.21549155908639522	0.8794376480558036	998	516	118
998	en	8.220779220779221	1.4770932069510267	5.045803738126015	3.7453910629654708	0.32306477093206953	0.10584518167456557	0.608214849921011	0.013428120063191154	0.010268562401263823	0.948051948051948	0.7192084507828456	3.25974025974026	1.8075949367088608	0.0055765914001406	0.0001809547075036075	0.003389942074776198	1.4739336492890995	10.344155844155845	1.018236381223394	4.764778325123153	2.262536873156342	0.31121642969984203	0.7337275064267332	0.7906820458523551	0.8533946272065551	0.19510268562401265	0.8699485333393674	1246	693	154
1514	en	7.568	1.4947145877378436	4.999152135306556	3.987948881183934	0.3044397463002114	0.14587737843551796	0.6596194503171248	0.012684989429175475	0.013742071881606765	0.968	0.7348440537956663	2.853846153846154	1.7964912280701755	0.004887774167124736	0.0002406632732692308	0.004646758280479211	0.8847780126849895	9.261538461538462	0.9784231655724869	4.9594370860927155	2.266211604095563	0.3572938689217759	0.7296812278630468	0.6365222823929167	0.7579620262601421	0.20824524312896406	0.8828928779825798	938	520	130
854	en	8.06081081081081	1.3218776194467727	3.151872125688133	2.0765898642984983	0.2958927074601844	0.06705783738474434	0.5834031852472757	0.037720033528918694	0.012573344509639563	0.9256756756756757	0.7482575935773004	3.2162162162162162	1.6541554959785523	0.00705263571617435	0.0001412899982174688	0.0037948639792730323	0.9295892707460185	10.358108108108109	1.0662137324482526	4.42095115681234	2.103343465045593	0.3134953897736798	0.6822029250457036	0.8075855085657808	0.8525968265467617	0.21207041072925398	0.8821078199372244	1155	561	148
1700	en	7.695364238410596	1.4432013769363168	4.440968300828672	3.203756122693232	0.3278829604130809	0.1333907056798623	0.6626506024096386	0.008605851979345954	0.00946643717728055	0.9536423841059603	0.7428432449903039	2.9271523178807946	1.7736389684813754	0.004133805224354561	0.00020400668846715328	0.003646547448875405	0.8967297762478486	9.973509933774835	0.9964523489288729	4.700391644908616	2.283333333333333	0.3623063683304647	0.7011759172154302	0.672897013259206	0.7558704308407208	0.22289156626506024	0.8922693200871478	1147	685	151
776	en	8.67231638418079	1.5263843648208468	5.803538894716503	4.361682309207016	0.35700325732899024	0.09511400651465798	0.6299674267100978	0.006514657980456026	0.012377850162866449	0.9491525423728814	0.740657501680284	3.2542372881355934	1.8777292576419213	0.005955986289869056	0.00014550663760092271	0.0034434620753838996	1.5830618892508144	10.853107344632768	1.0019588229070366	4.95643153526971	2.277511961722488	0.2977198697068404	0.7042061281337045	0.7679237636057092	0.8224134462015738	0.2045602605863192	0.8704869223289201	1519	867	177
731	en	7.865168539325842	1.3192857142857144	3.0449871589085085	1.7887061797752812	0.3171428571428571	0.07142857142857142	0.6092857142857143	0.03428571428571429	0.008571428571428572	0.9157303370786517	0.7367902064109492	3.1235955056179776	1.7828162291169452	0.006025987056214286	0.00018755945105189338	0.0030333951762523195	1.3692857142857142	10.241573033707866	1.0503973947630072	4.3061224489795915	2.174107142857143	0.31642857142857145	0.6996848578016917	0.7240209289684366	0.8384342903139678	0.21	0.8804081802190389	1356	713	178
137	en	7.6893939393939394	1.3251231527093597	3.045316838334081	1.8232085385878496	0.2817733990147783	0.10443349753694581	0.593103448275862	0.008866995073891626	0.017733990147783252	0.9242424242424242	0.7318415368837226	3.0984848484848486	1.7239057239057238	0.005292053131921182	0.00017882009305555556	0.004902078577436021	0.5615763546798029	9.742424242424242	1.0433171031142814	4.432847275518036	2.3224489795918366	0.3211822660098522	0.6854694323144103	0.8402446163662419	1.0084569781551465	0.20689655172413793	0.8711078443643299	1006	504	132
446	en	7.721153846153846	1.2889165628891657	2.630465442092156	0.12786982469585206	0.2590286425902864	0.07347447073474471	0.5466998754669987	0.0049813200498132005	0.0112079701120797	0.9711538461538461	0.7437129135838894	2.7596153846153846	1.7456140350877194	0.007626093137110834	0.00015503767513661202	0.005045183127374908	0.6537982565379825	9.365384615384615	0.9896302855013263	4.50460593654043	2.400943396226415	0.3175591531755915	0.6670596590909091	0.6815027053012872	0.8874823599621894	0.24906600249066002	0.874996917849771	802	366	104
962	en	8.337142857142856	1.387251542152159	4.031053911681191	2.3741176469205914	0.30637422892392047	0.09389993145990404	0.6024674434544208	0.023989033584647018	0.00822481151473612	0.92	0.7491267667611478	3.12	1.7130242825607065	0.006091447301825634	0.00021961400416666666	0.003624317195256195	0.9246058944482523	10.245714285714286	0.9908164799473955	4.586433260393873	2.210126582278481	0.28032899246058945	0.6826397058823539	0.6066395114394402	0.7323276168409288	0.20630568882796435	0.8611156689450926	1426	744	175
1220	en	7.780487804878049	1.3808777429467085	3.7387476106736024	1.9408662130132277	0.2884012539184953	0.0877742946708464	0.603448275862069	0.0109717868338558	0.009404388714733543	0.9878048780487805	0.730969241934154	2.9878048780487805	1.6733668341708543	0.00625059555015674	0.000196766753125	0.005385419178522626	0.841692789968652	9.829268292682928	1.0414105830802387	4.4817073170731705	2.2949640287769784	0.3934169278996865	0.716400742115028	0.8190178727737236	0.860617263518874	0.21003134796238246	0.8913622456607274	638	320	82
68	en	9.076923076923077	1.4526836158192091	5.091666666666669	3.196270295523685	0.2796610169491525	0.10451977401129943	0.6009887005649718	0.012005649717514125	0.016242937853107344	0.9871794871794872	0.7267453414180167	3.1666666666666665	1.67458432304038	0.005917025045621469	0.00022284150793201133	0.0029661016949152543	1.2747175141242937	11.852564102564102	1.1015519476179751	4.5990286022665945	2.2589285714285716	0.3114406779661017	0.7034244495064628	0.6440161967146388	0.73176429844039	0.21680790960451976	0.8863523730161553	1393	706	156
797	en	7.862068965517241	1.368421052631579	3.623575317604356	2.3337594222625526	0.32785087719298245	0.08662280701754387	0.6140350877192983	0.008771929824561403	0.01425438596491228	0.9051724137931034	0.7216647131204942	2.9913793103448274	1.7972027972027973	0.005955451193640351	0.00016646321810526315	0.0052540204678362575	1.0010964912280702	9.71551724137931	1.000524155051409	4.730131004366812	2.3946188340807173	0.33881578947368424	0.705313653136536	0.6755244524544026	0.8118492004617293	0.21600877192982457	0.876586310070608	907	475	116
545	en	7.705555555555556	1.3482335976928623	3.324323119442443	1.6268223856444766	0.31218457101658253	0.0821917808219178	0.6092285508291276	0.010814708002883922	0.011535688536409516	0.9333333333333333	0.7046250961219737	2.9226519337016574	1.8453865336658355	0.0060431411694304256	0.00019826388331071912	0.004201576212614673	0.7822638788752704	9.232044198895027	0.960023521365524	4.8277483833039385	2.3848396501457727	0.28334534967555874	0.6706599378882016	0.6725864559372322	0.7958808633818453	0.2213410237923576	0.8628576521101514	1376	737	181
452	en	9.241379310344827	1.3793532338308458	4.290506090238466	2.0760292674558243	0.27487562189054726	0.0845771144278607	0.5870646766169154	0.012437810945273632	0.012437810945273632	0.9540229885057471	0.7413945089538184	3.5517241379310347	1.702127659574468	0.005907478595398009	0.00021833344830287206	0.005427408412483039	0.4502487562189055	11.10344827586207	1.0036605795226483	4.695208970438328	2.3294797687861273	0.373134328358209	0.7104113475177308	0.7789192241063466	0.9052078074005419	0.22761194029850745	0.8965513489691093	795	383	87
146	en	9.095238095238095	1.3795811518324608	4.236200448765896	2.01584161057093	0.2892670157068063	0.07984293193717278	0.56282722513089	0.015706806282722512	0.02225130890052356	0.9166666666666666	0.7559304395502123	3.1547619047619047	1.761061946902655	0.007545349974083769	0.00018943591895043732	0.0058900523560209425	0.5536649214659686	11.202380952380953	0.9816020063882368	4.625929861849096	2.403755868544601	0.3403141361256545	0.6403759398496229	0.6926104479956696	0.7039632281031489	0.22643979057591623	0.8797594345150954	749	343	84
1646	en	8.380952380952381	1.4043560606060606	4.249972943722941	2.4360206168831167	0.3172348484848485	0.11931818181818182	0.625	0.010416666666666666	0.010416666666666666	0.9682539682539683	0.7413979778391548	3.2063492063492065	1.8817891373801916	0.0067055708652462125	0.0001305916386597938	0.004892676767676768	0.759469696969697	10.404761904761905	1.0149307587082812	4.535041446872645	2.2664092664092665	0.32765151515151514	0.68141065830721	0.7200246918701961	0.8259649861188324	0.20075757575757575	0.8734324107319092	1048	582	126
1595	en	10.177083333333334	1.368474923234391	4.527066594165813	2.204110892186968	0.2743091095189355	0.09211873080859775	0.5629477993858751	0.012282497441146366	0.008188331627430911	0.9791666666666666	0.7391684242287144	3.45	1.8071428571428572	0.0069837167199140225	0.00016388069583333332	0.00436117662765342	0.81985670419652	11.94	1.0196436468158605	4.6232247284878865	2.1101321585903086	0.3132036847492323	0.656378132118449	0.6530228099888905	0.740708429127174	0.20573183213920163	0.8743682742921759	968	480	100
1484	en	7.225	1.4175317185697809	3.954624279123415	2.5202402998846596	0.31718569780853517	0.09688581314878893	0.6124567474048442	0.00922722029988466	0.016147635524798153	0.925	0.7456194132664719	2.775	1.8458646616541354	0.0058735166061130335	0.00019149864673913042	0.005014793641241663	0.9238754325259516	8.733333333333333	0.9713177326915717	4.844361602982293	2.325358851674641	0.35870818915801617	0.7270963541666697	0.645502476762473	0.8027102006799227	0.21568627450980393	0.8819070345443951	859	460	120
1472	en	9.74074074074074	1.285171102661597	3.373907900295734	1.0745390508379105	0.2598225602027883	0.10266159695817491	0.5665399239543726	0.019011406844106463	0.008871989860583017	1.0	0.711655054504319	3.4814814814814814	1.728448275862069	0.007327957949429658	0.00016682888246575343	0.005240982427294214	0.6451204055766794	11.987654320987655	1.0405493421972678	4.45679012345679	2.138888888888889	0.34474017743979724	0.6706666666666675	0.606863837790085	0.7521982443064918	0.21673003802281368	0.8866440046924193	774	365	81
251	en	7.977401129943503	1.3767705382436262	3.7670787919527555	2.532610420767913	0.2776203966005666	0.10056657223796034	0.5821529745042493	0.0169971671388102	0.014164305949008499	0.9152542372881356	0.7358319776980067	2.9717514124293785	1.6704545454545454	0.005790973550708215	0.00017659148323529412	0.0035288658786753932	0.876770538243626	10.265536723163843	1.0483565218983963	4.490566037735849	2.3665158371040724	0.28541076487252126	0.7000685453160739	0.6492046567856442	0.78099317886459	0.21813031161473087	0.8724744695323188	1376	680	177
1463	en	8.0	1.4185855263157894	4.269309210526316	2.5866542763157896	0.3067434210526316	0.09046052631578948	0.6110197368421053	0.03125	0.02055921052631579	0.881578947368421	0.7422548533770417	2.986842105263158	1.7738419618528611	0.005929835443207236	0.00015346216859504132	0.003955875680580762	0.9572368421052632	10.460526315789474	1.054552569141385	4.411325451151214	2.068681318681319	0.3157894736842105	0.685210384959718	0.692684573655653	0.7983624884357603	0.21957236842105263	0.869938374359064	1178	605	152
650	en	9.315151515151515	1.465191932335719	5.332173892470578	3.8430723834309273	0.3604424202992843	0.0988939492517892	0.6135328562134027	0.0032530904359141183	0.008458035133376708	0.9515151515151515	0.7504551046983838	3.43030303030303	1.931477516059957	0.006602911273584906	0.0001516166202606635	0.003124396748339494	1.6994144437215355	11.557575757575757	1.0084156605944652	4.945635128071093	2.308988764044944	0.30709173715029275	0.6991863699582791	0.666251743118978	0.7780327521796813	0.17696811971372803	0.8764066786542319	1532	844	165
623	en	7.973821989528796	1.4714379514116875	4.882758402574144	2.9100352493872315	0.34077478660538413	0.08338804990151018	0.6066973079448457	0.001969796454366382	0.007222586999343401	0.9476439790575916	0.7454973574349897	3.0471204188481678	1.8525641025641026	0.007175448001378857	0.00015549876873479317	0.003161401716884317	1.5246224556795798	9.701570680628272	1.0029886337881608	4.84	2.3548387096774195	0.29087327642810246	0.6911797752809001	0.5870946294756786	0.7283837457984438	0.20420223243598162	0.8736379583330138	1514	822	191
1178	en	8.17117117117117	1.2657111356119073	2.5321481569772644	0.5272176147481549	0.28004410143329656	0.08930540242557883	0.5589856670341786	0.008820286659316428	0.020948180815876516	0.954954954954955	0.721322288080309	3.1171171171171173	1.6782006920415224	0.0062618005181918415	0.00015059731376975167	0.00482038922078921	0.74090407938258	10.45045045045045	1.021636892271567	4.258064516129032	2.3157894736842106	0.3263506063947078	0.6636386138613865	0.702914015446744	0.890249232256268	0.2061742006615215	0.8821230593121362	902	443	111
950	en	8.521739130434783	1.3731778425655976	3.9369768031436188	2.723107377360883	0.2886297376093295	0.09475218658892129	0.6122448979591837	0.03935860058309038	0.008746355685131196	0.9440993788819876	0.7141401216011798	3.1614906832298137	1.7461928934010151	0.005431783482434402	0.00015468677991202346	0.00347973290698768	1.0932944606413995	11.136645962732919	1.0523524527364105	4.507438016528925	2.1121495327102804	0.29737609329446063	0.7058680282796558	0.6324154168116053	0.7301647382669734	0.22740524781341107	0.869996628359305	1330	682	161
1103	en	7.396039603960396	1.3440428380187417	3.1541609341657058	1.670359454981643	0.30655957161981257	0.08299866131191433	0.6010709504685409	0.004016064257028112	0.004016064257028112	0.9504950495049505	0.7202204826477272	2.6732673267326734	1.7834101382488479	0.006331884156760375	0.00015403497428571428	0.006818942436412316	0.5609103078982597	9.534653465346535	0.9745961176385197	4.477178423236515	2.3275109170305677	0.3333333333333333	0.6884567901234572	0.729702175901064	0.836634722337745	0.22356091030789826	0.8665957377386005	744	385	101
1439	en	10.251655629139073	1.394702842377261	4.8656392354159195	3.1050199736468334	0.3003875968992248	0.0665374677002584	0.5775193798449613	0.0071059431524547806	0.01227390180878553	0.9867549668874173	0.700312068141298	3.629139072847682	1.6813186813186813	0.005699328574259044	0.0001542774194723618	0.003464881371858116	0.9295865633074936	12.185430463576159	0.989407205759747	4.967952199891363	2.43491124260355	0.2751937984496124	0.6613664596273353	0.6825594207514334	0.8498480091597265	0.2487080103359173	0.8649699124861921	1532	796	151
974	en	7.2063492063492065	1.4592511013215859	4.439639186070906	3.4750998251870495	0.3568281938325991	0.09801762114537445	0.6299559471365639	0.018722466960352423	0.016519823788546256	0.8968253968253969	0.7170132471393339	2.9365079365079363	1.6405228758169934	0.0053450514814999996	0.00018471347205588823	0.0051395007342143915	0.6244493392070485	9.436507936507937	1.1051657217379713	4.598192276088743	2.282758620689655	0.39537444933920707	0.6887021013597031	0.7192173249695933	0.8667974862002824	0.1894273127753304	0.8969442510075156	887	501	126
287	en	8.733333333333333	1.3199167244968772	3.3910173490631514	1.4037976497802456	0.29909784871616935	0.11450381679389313	0.6217904233171409	0.016655100624566273	0.012491325468424705	0.9757575757575757	0.7198602776306564	3.303030303030303	1.7875288683602772	0.006319278029840388	0.0001691515067204301	0.0033950782042385095	1.1158917418459404	10.987878787878788	1.0342416692447591	4.552386176631925	2.325301204819277	0.29354614850798055	0.6859538002980647	0.6550064779760804	0.7893014044811443	0.20541290770298404	0.8700146609073254	1431	744	165
761	en	7.595505617977528	1.5332840236686391	5.464998670301181	4.49780137956253	0.35281065088757396	0.09689349112426035	0.617603550295858	0.011094674556213017	0.008136094674556213	0.898876404494382	0.7309144888848572	3.134831460674157	1.7561521252796422	0.00576464590214497	0.0001298251172	0.0032423971377459745	1.5480769230769231	10.140449438202246	1.0567718761270273	4.540628385698808	2.271144278606965	0.3099112426035503	0.674229848363931	0.7118693856719331	0.85367082824213	0.1893491124260355	0.8718092599696315	1337	750	178
602	en	9.293233082706767	1.3357605177993528	3.7963350122880044	1.9037557558945917	0.33171521035598706	0.10355987055016182	0.61084142394822	0.01779935275080906	0.013754045307443365	0.9624060150375939	0.733646744679942	3.4586466165413534	1.9916201117318435	0.004940872705177994	0.0001876571707165109	0.005022287354216279	0.7831715210355987	11.293233082706767	0.9960272600328843	4.867239101717305	2.277602523659306	0.28640776699029125	0.6479419525065969	0.6792930401346763	0.8113924852816469	0.19336569579288027	0.8541086699536021	1219	642	133
1490	en	6.16289592760181	1.4728340675477238	4.192971408827848	4.339540457538488	0.4067547723935389	0.0881057268722467	0.6593245227606461	0.011013215859030838	0.016152716593245228	0.8144796380090498	0.7287990229467504	2.6968325791855206	1.814569536423841	0.004552326687738619	0.00015740523644736841	0.00366263270714129	1.9706314243759178	7.95475113122172	1.0167639310717844	4.473112438891906	2.2615384615384615	0.3002936857562408	0.6764053840063343	0.7247017155245906	0.8264443854660753	0.19236417033773862	0.8667446081078614	1310	760	221
596	en	8.666666666666666	1.3957816377171215	4.260223325062032	3.4793644334160465	0.2729528535980149	0.11166253101736973	0.5856079404466501	0.00620347394540943	0.011166253101736972	0.956989247311828	0.7532029931637889	3.3763440860215055	1.968888888888889	0.005672265301364765	0.00014583680025252526	0.00517460509592689	0.7196029776674938	10.709677419354838	1.0329158887208423	4.7306930693069305	2.3636363636363638	0.3200992555831266	0.6787694483734079	0.6752433592685231	0.8463132838645834	0.21836228287841192	0.8672507240980399	787	396	93
1412	en	9.75531914893617	1.346782988004362	4.10661372653658	2.009633527460034	0.27699018538713194	0.06543075245365322	0.5550708833151581	0.011995637949836423	0.011995637949836423	0.9787234042553191	0.7246790097536299	3.5319148936170213	1.6304347826086956	0.007558852625517993	0.0001498626448192771	0.005266377636513552	0.697928026172301	12.02127659574468	1.0353738497435352	4.614775725593668	2.195	0.3075245365321701	0.6761124694376515	0.7304179743798139	0.8277890654028126	0.21919302071973829	0.8686463217080346	908	415	94
518	en	8.296875	1.4381669805398618	4.6161516203703705	3.213725258945386	0.35969868173258	0.08725674827369742	0.6101694915254238	0.004394224733207784	0.006905210295040804	0.9583333333333334	0.7153014402544325	3.2135416666666665	1.822265625	0.00643132297200251	0.0001410249644599303	0.0028987112735866473	2.239799121155053	10.119791666666666	0.977383183107302	4.942249240121581	2.3299748110831233	0.28562460765850595	0.6896050870147288	0.6365298406284254	0.6938856333635559	0.19522912743251727	0.8668024915374432	1586	861	192
1730	en	8.771084337349398	1.4711538461538463	5.190338276181652	3.3200829935125116	0.29876373626373626	0.10027472527472528	0.6153846153846154	0.014423076923076924	0.012362637362637362	0.9457831325301205	0.7808140128713066	3.1987951807228914	1.695852534562212	0.0050953145118131865	0.0002036840771838331	0.0030752829260291947	1.154532967032967	11.180722891566266	1.0374591251379073	4.678270042194093	2.2158469945355193	0.32623626373626374	0.7353721444362564	0.7319977192071642	0.827402157798815	0.2190934065934066	0.8886179995399309	1434	767	166
1385	en	8.0	1.459051724137931	4.746810344827587	3.645994396551723	0.3254310344827586	0.10021551724137931	0.615301724137931	0.015086206896551725	0.010775862068965518	0.9137931034482759	0.7330366295809155	3.1551724137931036	1.7333333333333334	0.005743634776724137	0.00014335052016460905	0.00503606615059817	0.9364224137931034	10.5	1.090793217138365	4.563607085346216	2.273469387755102	0.33512931034482757	0.6887937273823904	0.674518593571656	0.8408755519104468	0.19935344827586207	0.8681630954666055	914	486	116
830	en	9.276119402985074	1.409493161705551	4.659705875289681	3.064575370132443	0.29686242960579245	0.06757843925985518	0.5679806918744972	0.02574416733708769	0.017699115044247787	0.9701492537313433	0.7462120364937587	3.373134328358209	1.7272727272727273	0.006978543309654062	0.00014401004043993233	0.0036928108885166764	0.9460981496379727	11.559701492537313	1.026474467193184	4.575892857142857	2.182965299684543	0.29605792437650846	0.6777972027972038	0.7396591332979497	0.8388961979224601	0.2180209171359614	0.867055627055914	1212	591	134
788	en	8.753623188405797	1.380794701986755	4.11729052692197	2.300774671273635	0.2740066225165563	0.0902317880794702	0.5993377483443708	0.014900662251655629	0.011589403973509934	0.9637681159420289	0.7329769623296886	3.2028985507246377	1.7306590257879657	0.004856112826490067	0.00020508948098360655	0.004445004319032537	0.7094370860927153	10.942028985507246	1.0364867563135076	4.618543046357616	2.273356401384083	0.320364238410596	0.7125788999098313	0.6321962591070934	0.7390360987983459	0.23841059602649006	0.8807999358673994	1190	610	138
1574	en	8.973684210526315	1.3049853372434017	3.3085638215774047	1.5206492668621694	0.3176930596285435	0.10459433040078202	0.6080156402737048	0.0009775171065493646	0.01466275659824047	0.9736842105263158	0.7511707020053139	3.3596491228070176	1.7774193548387096	0.004821115957575757	0.00016827277112299463	0.005524108299802224	0.7888563049853372	11.087719298245615	0.9794889237437909	4.490332559938128	2.3724696356275303	0.3040078201368524	0.6900216450216441	0.7042397257233697	0.8265273529563797	0.21994134897360704	0.8638706544492722	1018	561	114
476	en	8.871559633027523	1.2926577042399172	3.123269166911758	1.3120269423071451	0.2647362978283351	0.09100310237849017	0.5594622543950362	0.0031023784901758012	0.015511892450879007	0.9724770642201835	0.7211752745862225	3.1009174311926606	1.6955017301038062	0.005743660220579111	0.00020873856931330473	0.0037702516373664258	0.9472595656670114	11.256880733944953	1.0592163179035108	4.397249190938512	2.2904761904761903	0.33712512926577043	0.7006912442396296	0.6805629013158906	0.7609801031305468	0.2295760082730093	0.8892686729187905	962	466	109
1752	en	8.717171717171718	1.3221320973348782	3.410855718248534	1.3656513196858513	0.2734646581691773	0.07879490150637311	0.5515643105446119	0.010428736964078795	0.012746234067207415	0.9494949494949495	0.6995456874058315	3.0606060606060606	1.8489795918367347	0.007970129932792584	0.00012676715841584158	0.004634994206257242	0.8690614136732329	10.525252525252526	0.9958013194692649	4.6288167938931295	2.3582089552238807	0.3325608342989571	0.6742277486910986	0.618204159481748	0.7335264249161736	0.21205098493626884	0.8803263623948694	862	404	99
743	en	6.967948717948718	1.4259429622815087	3.9536269549218055	3.07971903852051	0.36154553817847285	0.09751609935602576	0.6688132474701012	0.010119595216191352	0.01839926402943882	0.9102564102564102	0.7280350219207201	2.6625766871165646	1.8303030303030303	0.004627496184452622	0.00016976691267387944	0.0048257718814054456	1.1481140754369825	8.319018404907975	0.9695239686533444	4.860398860398861	2.3238993710691824	0.3422263109475621	0.7236032388663987	0.6805498121565191	0.7698524713996373	0.1968721251149954	0.8733292260754303	1068	647	163
1586	en	7.76595744680851	1.4534246575342467	4.589134363159431	3.3389749344214525	0.32054794520547947	0.08767123287671233	0.6068493150684932	0.01643835616438356	0.023287671232876714	0.9574468085106383	0.76151017870907	2.9680851063829787	1.7887323943661972	0.006356947033150684	0.00014183711279373368	0.005268703898840885	0.6794520547945205	10.159574468085106	1.0097417592489557	4.582635983263598	2.2876106194690267	0.42054794520547945	0.6955467511885897	0.5673460508190179	0.7499698481032107	0.2219178082191781	0.9029264350153864	720	383	94
971	en	7.623529411764705	1.3618827160493827	3.4533925199709543	2.048488994190269	0.2993827160493827	0.10725308641975309	0.6003086419753086	0.020061728395061727	0.010802469135802469	0.8941176470588236	0.745850195566245	2.9415204678362574	1.7942708333333333	0.0065243564945524695	0.0001655927861445783	0.003466630882089819	1.4050925925925926	9.345029239766081	1.000120604835768	4.626380368098159	2.2912912912912913	0.2816358024691358	0.6857226399331654	0.7080895976939605	0.8126160574978115	0.20833333333333334	0.8637864557543596	1282	664	171
329	en	8.38150289017341	1.3641379310344828	3.775613713374529	2.5317183177197524	0.2827586206896552	0.09793103448275862	0.5841379310344827	0.011724137931034483	0.021379310344827585	0.953757225433526	0.7331275444701535	3.115606936416185	1.6509009009009008	0.006129156404689654	0.00017504398166666665	0.0032703003337041154	0.9213793103448276	10.942196531791907	1.0592211764410215	4.497124934657606	2.3236842105263156	0.2979310344827586	0.6848778682457469	0.8070178106572458	0.8815973002153108	0.23793103448275862	0.8823397650965962	1433	720	173
1082	en	8.214285714285714	1.4074534161490684	4.221521739130438	2.564043478260869	0.27701863354037265	0.07329192546583851	0.5813664596273292	0.002484472049689441	0.008695652173913044	0.9285714285714286	0.7444763140639429	2.9591836734693877	1.6465863453815262	0.006983727863354037	0.00016191324050632912	0.004673173617272997	0.7875776397515528	10.295918367346939	1.0405507229642375	4.564027370478984	2.368131868131868	0.33540372670807456	0.6736402266288963	0.805672300817095	0.8615313805560215	0.2596273291925466	0.8836435309991847	802	395	98
470	en	6.825688073394495	1.5013440860215055	4.787878563677619	3.5375184867317735	0.29435483870967744	0.10215053763440861	0.5739247311827957	0.010752688172043012	0.016129032258064516	0.8256880733944955	0.7729320289369305	2.5779816513761467	1.6724137931034482	0.006095096999596774	0.0001241332472	0.006598240469208211	0.489247311827957	9.403669724770642	1.1218274037685567	4.388516746411483	2.4857142857142858	0.33602150537634407	0.6588372093023274	0.7039990335907206	0.8923757731735722	0.22983870967741934	0.8714105678546727	743	375	109
1610	en	7.819047619047619	1.3958587088915957	3.9305613363494025	2.493769853256771	0.29598051157125455	0.08891595615103533	0.5895249695493301	0.0097442143727162	0.014616321559074299	0.9428571428571428	0.7323084069336898	3.0285714285714285	1.7695473251028806	0.006787086883313033	0.00013337179952718677	0.005993973972690557	0.7088915956151035	9.790476190476191	1.0222721625353204	4.567049808429119	2.292929292929293	0.31790499390986604	0.6949722991689768	0.6456750147179122	0.7258070197331563	0.22777101096224117	0.8605401706725303	817	423	105
614	en	9.045801526717558	1.4970464135021098	5.603010274744744	3.3093905047186523	0.33839662447257385	0.08270042194092828	0.6042194092827005	0.010126582278481013	0.015189873417721518	0.9618320610687023	0.7546365245852026	3.427480916030534	1.7723577235772359	0.00654956101908692	0.00016014843007874016	0.004083299305839118	1.0725738396624473	11.076335877862595	1.0000375402328152	4.898777173913044	2.3311475409836064	0.3358649789029536	0.6840607734806634	0.7272517500116084	0.8258728175975298	0.1940928270042194	0.883293276936414	1176	635	131
95	en	6.981927710843373	1.4383088869715273	4.104996673492941	3.5588752934083185	0.3330457290767903	0.1000862812769629	0.640207075064711	0.012079378774805867	0.010353753235547885	0.9036144578313253	0.7482544698840785	2.897590361445783	1.6403269754768393	0.004446114614581536	0.00022461963454258675	0.003245206238007547	1.2389991371872304	8.650602409638553	0.955957556303056	4.901158827539196	2.408839779005525	0.3813632441760138	0.7362358490566028	0.7247612885469181	0.8481438550883285	0.21742881794650562	0.9052382737047665	1124	634	166
1214	en	7.290780141843972	1.45136186770428	4.379474294229656	3.6001273891326546	0.32684824902723736	0.08852140077821012	0.6167315175097277	0.014591439688715954	0.008754863813229572	0.9290780141843972	0.737693697136974	2.872340425531915	1.7830188679245282	0.005451325527266537	0.00013550090998217467	0.0039388913695222304	1.328793774319066	9.418439716312056	1.0266861248261385	4.608504398826979	2.2837837837837838	0.33852140077821014	0.6992357373519904	0.8081463818001875	0.8805709167515376	0.22568093385214008	0.8821078199372244	1016	561	141
482	en	8.884615384615385	1.292929292929293	3.131565656565659	1.9318063936063936	0.2712842712842713	0.09090909090909091	0.5685425685425686	0.015873015873015872	0.017316017316017316	0.9487179487179487	0.7291726880243624	3.1666666666666665	1.7121212121212122	0.005129947005772006	0.00026464749169435213	0.007326007326007326	0.3665223665223665	10.85897435897436	1.0029707277019413	4.714117647058823	2.2742857142857145	0.3448773448773449	0.6593771043771047	0.818564503039295	0.9561533992288984	0.21356421356421357	0.8732276739930178	683	301	78
1400	en	8.285714285714286	1.3304597701149425	3.3408538587848966	1.8498925013683638	0.2796934865900383	0.10632183908045977	0.5727969348659003	0.013409961685823755	0.01532567049808429	0.9365079365079365	0.7472619785443312	3.2142857142857144	1.7304075235109717	0.006275160635536398	0.00020223026622137404	0.003724989357173265	1.1130268199233717	10.253968253968255	1.0237479358810901	4.555045871559633	2.187022900763359	0.32567049808429116	0.7079259259259304	0.6484429078179014	0.7642614558519961	0.22030651340996169	0.8824499364852115	1028	524	126
716	en	8.55072463768116	1.4211864406779662	4.514782608695658	2.7051303119626637	0.3288135593220339	0.09745762711864407	0.6186440677966102	0.012711864406779662	0.009322033898305085	0.9565217391304348	0.7390767991132956	3.3043478260869565	1.8114285714285714	0.0051938164549406775	0.00019822122151898732	0.004120397428404442	1.023728813559322	10.333333333333334	0.989855746105746	4.8816242257398486	2.330909090909091	0.32457627118644067	0.7185846438482913	0.7174992398921098	0.8312479728355747	0.20423728813559322	0.8781295714694322	1172	632	138
1271	en	8.149425287356323	1.4499294781382228	4.697443704099996	3.032435812136246	0.3215796897038082	0.09732016925246827	0.610719322990127	0.015514809590973202	0.011283497884344146	0.9425287356321839	0.7477490210048349	3.1264367816091956	1.728110599078341	0.005540340893229901	0.00011805329787798408	0.005422347594420937	0.9774330042313117	9.96551724137931	0.9805061749534366	4.899435028248588	2.2625698324022347	0.38787023977433005	0.7305081967213122	0.7628374658986214	0.8315212793022818	0.2016925246826516	0.8818092394297941	702	377	87
494	en	8.033898305084746	1.3248945147679325	3.176975613244654	1.7276454337409715	0.2679324894514768	0.08966244725738397	0.5896624472573839	0.0031645569620253164	0.010548523206751054	0.9576271186440678	0.7274918576200623	2.983050847457627	1.7153284671532847	0.005567040597890295	0.00013934345966386556	0.0055709388185654005	0.4208860759493671	10.042372881355933	0.9971172424562255	4.622259696458685	2.3896103896103895	0.3206751054852321	0.6778327444051845	0.7648506157335669	0.9286742766327192	0.22573839662447256	0.8798998130772558	946	476	118
629	en	7.91358024691358	1.4141965678627144	4.183815797076328	2.411395547081142	0.33151326053042124	0.11310452418096724	0.6232449297971919	0.0124804992199688	0.0070202808112324495	0.8888888888888888	0.7353012504813442	2.9444444444444446	2.018716577540107	0.005908077120829797	0.00017693498337988825	0.003624144965798632	1.0444617784711387	10.12962962962963	1.016881355968573	4.521244763614602	2.3269689737470167	0.33931357254290173	0.6905663567202	0.697955099409112	0.8582106445001354	0.18252730109204368	0.8876018590603779	1266	716	162
821	en	8.739884393063583	1.3578042328042328	3.840644860384746	2.8157266599382216	0.32142857142857145	0.0787037037037037	0.5906084656084656	0.036375661375661374	0.010582010582010581	0.9364161849710982	0.7313138528707954	3.352601156069364	1.694736842105263	0.006175627409378307	0.00019233197442489853	0.0027866952024255395	1.7380952380952381	11.063583815028903	1.0473734267843862	4.544845360824742	2.111111111111111	0.2943121693121693	0.709136588818122	0.6729137653636204	0.7807795632750246	0.19246031746031747	0.8737593962001816	1469	739	173
599	en	9.434782608695652	1.5115207373271888	5.925509917852132	3.6592632624438277	0.33113890717577354	0.10072416063199473	0.6181698485845951	0.009874917709019092	0.005266622778143515	0.9751552795031055	0.7359380076720775	3.3395061728395063	1.907079646017699	0.007302546173074391	0.0001283915737948084	0.003558786768564368	1.2034233048057932	11.845679012345679	1.0196934908862274	4.789203084832905	2.2596401028277633	0.2916392363396972	0.6684859154929597	0.6635335208252443	0.7794490527659872	0.19552337063857803	0.8683251399639181	1503	809	162
956	en	6.631578947368421	1.5144300144300145	4.866589959747856	4.4606614718614725	0.36507936507936506	0.10678210678210678	0.6645021645021645	0.00937950937950938	0.006493506493506494	0.8421052631578947	0.7525003533105908	2.8373205741626792	1.777027027027027	0.004933802672816594	0.00019141830072028808	0.003216328517533337	1.3564213564213565	8.239234449760765	0.9858852797943597	4.847982310668878	2.377551020408163	0.3412698412698413	0.7157575757575763	0.7754522291945175	0.8369620812990101	0.20274170274170275	0.8809258232209682	1365	833	209
296	en	7.0	1.3755912961210974	3.3719772942289516	2.0639808893093665	0.28382213812677387	0.09839167455061495	0.6045411542100284	0.004730368968779565	0.010406811731315043	0.9403973509933775	0.7559697638962342	2.7152317880794703	1.54434250764526	0.0045621681929990535	0.0002840823574144487	0.004219489120151371	0.8987701040681173	8.344370860927153	0.953643501937484	4.765432098765432	2.43359375	0.3330179754020814	0.7186012526096041	0.6337013620403839	0.7664994958261878	0.2507095553453169	0.8831801218874885	1052	526	151
28	en	7.842592592592593	1.3152302243211333	2.9883277581004855	1.534451493287857	0.31995277449822906	0.08736717827626919	0.602125147579693	0.010625737898465172	0.010625737898465172	0.9074074074074074	0.7256966813041573	2.935185185185185	1.9462809917355373	0.005828379614876033	0.0001748134859090909	0.007563459268004722	0.4462809917355372	9.731481481481481	0.9688115692404908	4.607379375591296	2.3386454183266934	0.31759149940968123	0.6508288770053476	0.6882272264446277	0.9625861544250722	0.23140495867768596	0.8576555005390354	835	440	108
164	en	6.9801324503311255	1.5104364326375712	4.955401560752481	3.9083115422798045	0.27703984819734345	0.10721062618595825	0.6062618595825426	0.009487666034155597	0.016129032258064516	0.8940397350993378	0.7554075695546282	2.587096774193548	1.6687697160883281	0.004442231874003795	0.00026495976759776535	0.003636938646426313	0.937381404174573	8.245161290322581	0.9794062249822262	4.9038901601830664	2.427007299270073	0.3425047438330171	0.7230052356020988	0.7569513999415965	0.7981778094655434	0.2381404174573055	0.8858329926357001	1052	537	155
1106	en	8.7734375	1.3036509349955476	3.214721657947461	1.8126934605966158	0.3312555654496883	0.0792520035618878	0.5716829919857525	0.009795191451469279	0.009795191451469279	0.9140625	0.7380011033255711	3.1846153846153844	1.955621301775148	0.007872998932413179	0.0001388185832179931	0.004808548530721282	0.8958147818343722	11.476923076923077	1.1047144188820648	4.2701453104359315	2.2869565217391306	0.28227960819234194	0.6298632812499979	0.7499715060358716	0.8061277301159114	0.195013357079252	0.8523424857086965	1119	578	130
356	en	7.45045045045045	1.3518742442563483	3.2677917579005857	1.9098446986284952	0.2998790810157195	0.07980652962515115	0.5731559854897219	0.015719467956469165	0.015719467956469165	0.9369369369369369	0.777495988859625	3.009009009009009	1.6844106463878328	0.0053967050724062875	0.0001808733688118812	0.005676474539836087	0.42563482466747277	9.54054054054054	1.022736212442095	4.458941605839416	2.3990384615384617	0.36638452237001207	0.6813598901098892	0.6950456684323091	0.7851150459440102	0.21523579201934703	0.8925539033041814	815	404	111
1571	en	8.532374100719425	1.3372681281618888	3.5173898115908635	1.9194460019168487	0.3330522765598651	0.0893760539629005	0.6112984822934233	0.01433389544688027	0.008431703204047217	0.9568345323741008	0.7297608744394718	3.129496402877698	1.7650273224043715	0.005375566537015177	0.00019495953721682848	0.004075323215289488	1.37858347386172	10.589928057553957	1.0050914657251893	4.573071718538565	2.119047619047619	0.3094435075885329	0.6912327506899746	0.7197295243921543	0.8247044509063887	0.22006745362563238	0.8658726214415408	1158	618	139
572	en	9.31958762886598	1.4756637168141593	5.457471033664813	3.4619186798649757	0.288716814159292	0.13495575221238937	0.6106194690265486	0.00663716814159292	0.01327433628318584	0.979381443298969	0.7348772185399018	3.329896907216495	1.9038461538461537	0.0052302172106194695	0.00015210461857451403	0.006287843502561714	0.6349557522123894	11.278350515463918	1.0177173545391125	4.871584699453552	2.2795698924731185	0.2853982300884956	0.6751677018633542	0.7595128896546467	0.9175830073022563	0.21128318584070796	0.835797791221069	890	463	97
1355	en	7.556603773584905	1.488139825218477	4.917125409276142	3.1504117164864684	0.3383270911360799	0.1111111111111111	0.634207240948814	0.008739076154806492	0.004993757802746567	0.9433962264150944	0.7244361412008471	3.0377358490566038	1.8286852589641434	0.00642310791710362	0.00015670913109619688	0.005279858510195589	1.1410736579275904	9.81132075471698	1.0681130307681945	4.673584905660378	2.3045685279187818	0.36329588014981273	0.7107977207977207	0.5759790167244743	0.806657605737093	0.20599250936329588	0.8777607280002211	797	447	106
812	en	7.564885496183206	1.4712411705348134	4.720951155822252	3.6475986026913985	0.3329969727547931	0.09485368314833502	0.6115035317860746	0.018163471241170535	0.013118062563067608	0.9389312977099237	0.7436067093050895	3.053435114503817	1.7904761904761906	0.006580842388335015	0.0001809532247464503	0.004379033947032729	1.0797174571140262	9.290076335877863	0.9961369464532229	4.721822541966427	2.2745098039215685	0.3693239152371342	0.7076681614349777	0.661003361833997	0.7679570678708014	0.20080726538849647	0.8980463293356558	977	493	131
365	en	7.940217391304348	1.4010951403148528	4.039607438323959	2.484130699639913	0.33401779603011633	0.08487337440109514	0.6098562628336756	0.01163586584531143	0.008213552361396304	0.8967391304347826	0.7432726608499325	3.119565217391304	1.8468468468468469	0.005004361364134155	0.00016184053359173125	0.0034223134839151265	1.3080082135523614	9.798913043478262	0.9893080139954719	4.763243243243243	2.3983739837398375	0.29568788501026694	0.7187224669603542	0.7220976476717845	0.8016911223905138	0.21286789869952089	0.8736492822170375	1445	774	184
794	en	7.573604060913706	1.5281501340482573	5.395877165525782	3.574811960915067	0.3780160857908847	0.08646112600536193	0.6280160857908847	0.006032171581769437	0.012064343163538873	0.9238578680203046	0.7557826666297555	2.9238578680203045	1.9414316702819956	0.006779011183632708	0.00012430969218009478	0.0035065062446871117	1.5737265415549597	9.6751269035533	0.9548388104246396	4.827244258872652	2.3142857142857145	0.30764075067024127	0.6856281407035202	0.659462948579094	0.8027237836339229	0.19638069705093833	0.8710543309669808	1474	844	197
722	en	9.687116564417177	1.4990500316656112	5.876765833776915	4.121753653978406	0.2552248258391387	0.12349588347055099	0.5978467384420519	0.0037998733375554147	0.02026599113362888	0.9877300613496932	0.7489222753917418	3.4662576687116564	1.728538283062645	0.004391613463584547	0.00023849516855345914	0.0028103229892336924	0.8359721342621913	11.723926380368098	0.9964347678023957	4.993795243019648	2.2957317073170733	0.2887903736542115	0.7233783783783803	0.6218962971497722	0.7384831197505922	0.2324255858138062	0.8805378468852332	1574	795	163
542	en	9.262626262626263	1.455834242093784	5.201268299130895	3.45073401187447	0.2410032715376227	0.0916030534351145	0.5747001090512541	0.016357688113413305	0.017448200654307525	0.98989898989899	0.7644879804706777	3.2222222222222223	1.6277372262773722	0.004941476605997819	0.00022748982536231884	0.0051458560523446025	0.4743729552889858	11.232323232323232	1.0031322243230836	4.808071748878924	2.248847926267281	0.3238822246455834	0.696772616136921	0.6783016425703366	0.8080305299610065	0.23227917121046893	0.8792623980623621	906	414	99
977	en	9.032679738562091	1.390738060781476	4.3434542152606355	3.105466657207988	0.3545586107091172	0.09334298118668596	0.613603473227207	0.016642547033285094	0.013024602026049204	0.954248366013072	0.7295605582283211	3.188311688311688	1.8022471910112359	0.005446876462373372	0.00020570436107382548	0.0037292663920739173	1.6729377713458755	10.896103896103897	0.9880396718376673	4.571260997067449	2.203804347826087	0.29160636758321273	0.6824162120031152	0.7575167559767846	0.8602340686619742	0.1874095513748191	0.8604307970660046	1349	745	154
1193	en	8.977443609022556	1.3651591289782246	4.020080729461846	1.9907270638908825	0.3098827470686767	0.09212730318257957	0.5996649916247906	0.009212730318257957	0.007537688442211055	0.9473684210526315	0.7590027506840764	3.3533834586466167	1.864864864864865	0.0066978644513400335	0.00017812389666666667	0.0041876046901172526	0.8115577889447236	10.849624060150376	0.9931549894978927	4.772758384668036	2.2899628252788102	0.31825795644891125	0.6881369863013732	0.7376039705678825	0.8253261008623336	0.20854271356783918	0.8769368416028142	1186	630	133
554	en	7.870689655172414	1.3012048192771084	2.8337858329871217	1.3124250934773576	0.28696604600219056	0.09090909090909091	0.5969331872946331	0.01095290251916758	0.019715224534501644	0.9827586206896551	0.76800047352477	3.043103448275862	1.5354609929078014	0.0056355740157721795	0.00021661125587583147	0.004627601314348302	0.6144578313253012	9.862068965517242	1.0163794761724996	4.472727272727273	2.3440366972477062	0.3559693318729463	0.7034029484029513	0.695098485163415	0.9121857516963403	0.21029572836801752	0.8891026821713179	907	451	116
653	en	7.2105263157894735	1.527007299270073	5.2407913945447575	3.9737313868613136	0.38686131386861317	0.08467153284671533	0.6299270072992701	0.00583941605839416	0.01167883211678832	0.9210526315789473	0.7369522897650813	2.931578947368421	1.8333333333333333	0.006856956904525547	0.00012204936755050504	0.0033543836627573194	1.9708029197080292	9.68421052631579	0.9934005479746477	4.641895530425417	2.331236897274633	0.32408759124087594	0.6939417781274606	0.6803926511636237	0.7964343678515237	0.18394160583941604	0.8806175322603218	1361	792	190
527	en	7.56198347107438	1.4076502732240437	3.969446777762723	2.7211450571286635	0.3005464480874317	0.12349726775956284	0.614207650273224	0.009836065573770493	0.015300546448087432	0.9338842975206612	0.7373094110410285	2.9669421487603307	1.6944444444444444	0.0047591149542076504	0.00019315379144050103	0.004420157862780813	0.8568306010928962	9.619834710743802	1.0261057052270623	4.596652719665272	2.4377682403433476	0.3726775956284153	0.7245098039215682	0.8046031786029536	0.8291835341188643	0.21202185792349726	0.8939923136873051	906	479	121
101	en	8.115646258503402	1.3051131601005868	2.9754373300032526	2.0593040343044176	0.2799664710813076	0.08549874266554904	0.5859178541492037	0.024308466051969825	0.013411567476948869	0.9523809523809523	0.7087820916436947	2.9594594594594597	1.7811634349030472	0.005680336900167645	0.00021032390511363638	0.004909591665668782	0.5917854149203688	9.756756756756756	0.9908582813087121	4.6929945054945055	2.2755102040816326	0.2808046940486169	0.6569744058500923	0.7321546100467299	0.8599779812716865	0.22967309304274938	0.8681343313655825	1174	528	148
827	en	7.958677685950414	1.3800623052959502	3.798619500012876	2.7579442839611072	0.3177570093457944	0.08515057113187954	0.6188992731048806	0.030114226375908618	0.009345794392523364	0.9752066115702479	0.7392966047397159	3.040983606557377	1.62	0.00512479517455867	0.0002100816431952663	0.0034502395069172277	1.367601246105919	10.229508196721312	1.006744114597421	4.539316918189039	2.1555555555555554	0.3883696780893043	0.7474884259259277	0.7433705196899322	0.7921454291398524	0.20768431983385255	0.8982421924559636	935	507	122
1776	en	8.44767441860465	1.497591190640055	5.376169072808462	3.912406427759728	0.3558155540261528	0.09910529938059189	0.6448726772195458	0.012388162422573986	0.008947006194081212	0.9825581395348837	0.7452696181602807	3.3011363636363638	1.7548387096774194	0.005826545288121748	0.00018076416698564594	0.0030418121723466986	1.4356503785271852	10.556818181818182	0.9986221706600024	4.7592592592592595	2.2267002518891688	0.3537508602890571	0.7137666174298412	0.8290677639984091	0.8943091737476989	0.19545767377838955	0.8948366295088507	1440	836	176
173	en	7.584	1.5474683544303798	5.627886582278482	3.3252916354430386	0.29535864978902954	0.10654008438818566	0.5959915611814346	0.011603375527426161	0.0189873417721519	0.936	0.7408446773038427	2.976	1.6768707482993197	0.006279929926898734	0.00017265767442348009	0.003786166365280289	1.1128691983122363	10.112	1.086505298279292	4.568871595330739	2.348	0.35864978902953587	0.7162308598351018	0.6926532746053634	0.8214732388704845	0.22573839662447256	0.8919730038293502	940	477	125
431	en	8.786516853932584	1.3861892583120206	4.193774821115554	2.4312539555734354	0.2710997442455243	0.08695652173913043	0.5728900255754475	0.008951406649616368	0.0076726342710997444	0.9887640449438202	0.6979545799565855	3.359550561797753	1.6333333333333333	0.0064559788086675195	0.000163639536827957	0.004951144337333596	0.6112531969309463	11.629213483146067	1.0839442355648394	4.303000968054211	2.2880434782608696	0.35421994884910485	0.6905270863836015	0.6958686817658729	0.7946406303191945	0.24552429667519182	0.889134071074021	777	372	89
785	en	8.730994152046783	1.4655056932350972	5.108054899472393	2.9472669643521625	0.31882116543871397	0.08774279973208306	0.5967849966510381	0.008707300736771601	0.008037508372404554	0.935672514619883	0.7253308622770012	3.415204678362573	1.8123620309050772	0.006040868965091025	0.00020099649493670886	0.0031110092713364118	1.4413931681178835	10.64327485380117	0.9694269875087521	4.930372807017544	2.3310657596371884	0.30274614869390487	0.6968866571018709	0.6471167993803348	0.7612403632423189	0.20495646349631613	0.8792624534212184	1483	790	171
323	en	7.040322580645161	1.2508591065292096	1.9158632634962878	0.3313515574769976	0.29782359679266895	0.10882016036655212	0.6048109965635738	0.020618556701030927	0.014891179839633447	0.9274193548387096	0.7472492051760342	2.8225806451612905	1.815686274509804	0.005398096392783504	0.0001914348721040189	0.006232733643285493	0.5326460481099656	9.10483870967742	1.0355452132729173	4.252393385552654	2.331877729257642	0.3321878579610538	0.6892764857881143	0.5363982280845062	0.750359546685881	0.20389461626575028	0.8693851174307803	863	423	124
1454	en	9.174418604651162	1.2598225602027884	2.853929466206857	1.145325274854835	0.28517110266159695	0.08491761723700887	0.5437262357414449	0.005069708491761723	0.012674271229404309	0.9883720930232558	0.7170555389481218	3.4302325581395348	1.8388429752066116	0.0070628681969581745	0.00017951323160621762	0.005309492001507211	0.5817490494296578	11.290697674418604	1.0228810386300127	4.43254376930999	2.1317365269461077	0.3485424588086185	0.6648260869565228	0.6879988843110063	0.7329982068165037	0.2256020278833967	0.8929256566188076	770	386	86
398	en	9.168831168831169	1.2563739376770537	2.8110566204333907	0.6269804127883449	0.2507082152974504	0.10339943342776203	0.5679886685552408	0.0	0.007082152974504249	0.974025974025974	0.7447806271905997	3.311688311688312	1.6354679802955665	0.0067164627995750705	0.000177682175070028	0.007200188857412654	0.3286118980169972	11.142857142857142	1.02608362056414	4.478463329452852	2.3076923076923075	0.31869688385269124	0.647018121911039	0.6794039355742939	0.7269015381245942	0.22237960339943344	0.8591498826646067	703	357	77
1136	en	8.100840336134453	1.4636929460580912	4.840904494577913	3.5830393423759546	0.2883817427385892	0.0995850622406639	0.5767634854771784	0.011410788381742738	0.007261410788381743	0.9327731092436975	0.7355031904096951	3.0168067226890756	1.806896551724138	0.00849474618665975	0.00013343944979079498	0.0045466584267679	0.8765560165975104	10.285714285714286	1.0438361505809537	4.667203867848509	2.326530612244898	0.3381742738589212	0.6764624277456641	0.6797277249351518	0.7291958827588679	0.20228215767634855	0.8821330788116023	954	478	119
401	en	8.689655172413794	1.4047619047619047	4.375155993431857	2.635499630541872	0.3402777777777778	0.05952380952380952	0.6101190476190477	0.020833333333333332	0.00992063492063492	0.9741379310344828	0.7302277894029813	3.293103448275862	1.8613861386138615	0.005694233538029762	0.00018205445459662287	0.0052842565597667635	0.8462301587301587	10.758620689655173	1.001097954138752	4.666931637519872	2.264367816091954	0.3323412698412698	0.6949394939493985	0.6551085907018604	0.7891745554553913	0.20734126984126985	0.8709152635983257	996	533	116
644	en	8.235849056603774	1.3699885452462772	3.7878459659815427	2.2945769175906126	0.30126002290950743	0.09392898052691867	0.5876288659793815	0.0057273768613974796	0.010309278350515464	0.9339622641509434	0.7069452373023801	3.2264150943396226	1.643884892086331	0.006957400522565865	0.00019380189844789357	0.004653493699885452	0.9037800687285223	10.273584905660377	1.024808524228251	4.616712079927339	2.453658536585366	0.3230240549828179	0.6979328165374672	0.7431037175057759	0.809195652937628	0.22336769759450173	0.8772512177322216	871	451	106
464	en	8.356060606060606	1.3209428830462375	3.2559896563092394	1.8247443940767596	0.2701722574796011	0.11332728921124206	0.5956482320942883	0.013599274705349048	0.010879419764279238	0.9545454545454546	0.7187458128859114	3.1136363636363638	1.8181818181818181	0.005795963292384406	0.0002118847097069597	0.0043209043035435275	0.7461468721668177	10.515151515151516	1.0473583024719388	4.58117816091954	2.2447257383966246	0.31278331822302813	0.7105776892430322	0.6218398380668617	0.792703527061053	0.21940163191296463	0.8760581813863603	1093	546	132
605	en	8.0	1.4658273381294964	4.826762589928059	3.224443525179856	0.2922661870503597	0.1223021582733813	0.6025179856115108	0.006294964028776978	0.012589928057553957	0.8992805755395683	0.7393599474465	3.179856115107914	1.8628048780487805	0.006072877859532374	0.00014888962927689592	0.0035681132513344167	1.3174460431654675	9.776978417266188	0.9984289508694123	4.80100214745884	2.4208494208494207	0.31384892086330934	0.7336821322803563	0.668207372452042	0.8349684781170738	0.2014388489208633	0.8770294181508262	1106	567	139
119	en	7.980952380952381	1.3412887828162292	3.3497790658029345	1.6561694147062171	0.32577565632458233	0.07637231503579953	0.6026252983293556	0.008353221957040573	0.010739856801909307	0.9333333333333333	0.7540824254814937	3.1320754716981134	1.9757085020242915	0.007070578763961814	0.00015608170688073393	0.00555031359271799	0.7159904534606205	9.462264150943396	1.0062442476927114	4.6627565982404695	2.3833333333333333	0.360381861575179	0.6545060893098766	0.708308468520306	0.7923134806237814	0.2016706443914081	0.88443481739428	831	436	106
728	en	7.433734939759036	1.3873581847649918	3.6799832067329277	2.1850598660444045	0.3209076175040519	0.0713128038897893	0.5972447325769854	0.025121555915721232	0.008103727714748784	0.8313253012048193	0.7698343917141866	2.9156626506024095	1.5790754257907542	0.005881341500405186	0.0001625956716535433	0.003622120720986199	1.2406807131280388	9.25301204819277	1.0020569875408092	4.543573667711598	2.2633053221288515	0.3087520259319287	0.6981850220264296	0.6339406304072382	0.732862999485939	0.20907617504051865	0.8764054018927817	1211	635	166
1469	en	9.05982905982906	1.4886792452830189	5.509748427672957	4.487982664086437	0.2990566037735849	0.09245283018867924	0.5933962264150944	0.02358490566037736	0.009433962264150943	0.9829059829059829	0.7342973676161331	3.5213675213675213	1.8006230529595015	0.007072852189339622	0.00019005083783269963	0.004777197912484946	0.7490566037735849	11.632478632478632	1.0491893682282547	4.767103347889374	2.2192307692307693	0.30471698113207546	0.6802913631633722	0.7125899236703664	0.7830316575307397	0.18679245283018867	0.8714003251822138	1037	526	117
959	en	9.928571428571429	1.3701039168665068	4.449369076167638	2.509901267557383	0.2869704236610711	0.08952837729816147	0.5731414868105515	0.012789768185451638	0.011990407673860911	0.9920634920634921	0.7005006372987177	3.611111111111111	1.7698412698412698	0.007148141142366107	0.00015764480562700965	0.004060751398880895	0.7346123101518784	12.285714285714286	1.0497294469117409	4.62508038585209	2.1219512195121952	0.31095123900879296	0.69490451388889	0.8077390890199865	0.9281496171617083	0.21103117505995203	0.8786789708563556	1236	622	126
1583	en	7.930693069306931	1.431960049937578	4.400098886293122	2.9132341034103417	0.3233458177278402	0.09987515605493133	0.6204744069912609	0.003745318352059925	0.011235955056179775	0.9603960396039604	0.7155574335794923	2.871287128712871	1.9663865546218486	0.007305089374406991	0.00015173077879464286	0.006146163449534237	0.7727840199750312	9.950495049504951	0.9707898537106459	4.857994041708044	2.382608695652174	0.3495630461922597	0.687507122507123	0.5937912142052606	0.6711384760644444	0.21598002496878901	0.872736547488593	795	448	101
1211	en	7.889763779527559	1.4630738522954092	4.751279331101578	3.8729010388671474	0.3473053892215569	0.08982035928143713	0.6327345309381237	0.022954091816367265	0.014970059880239521	0.8976377952755905	0.7406673320713935	3.078740157480315	1.7531645569620253	0.005177576257135728	0.00020219285441696114	0.004597946963216424	1.1616766467065869	10.05511811023622	1.0372589167886088	4.613846153846154	2.199288256227758	0.3592814371257485	0.7372425249169413	0.8369894944667287	0.9027899657159315	0.1906187624750499	0.876665707433145	981	566	127
1755	en	7.643979057591623	1.3904109589041096	3.7980011475292272	2.333203435415621	0.3171232876712329	0.09383561643835617	0.6082191780821918	0.015068493150684932	0.017123287671232876	0.9738219895287958	0.7620607824905525	3.1770833333333335	1.7762237762237763	0.005918245311575342	0.00018219986152832676	0.003424657534246575	1.3342465753424657	9.359375	0.9924167000690801	4.501051524710831	2.350132625994695	0.3089041095890411	0.7086039676708332	0.6611023354032372	0.7643294842791608	0.20684931506849316	0.8789119504577725	1426	759	192
1307	en	8.18348623853211	1.3206278026905829	3.184967704776401	1.7568887645534215	0.3071748878923767	0.08744394618834081	0.5986547085201793	0.007847533632286996	0.01233183856502242	0.9357798165137615	0.7605327380321866	3.0091743119266057	1.8293650793650793	0.006875730642757848	0.00011569905739130435	0.0055766356214786705	0.6704035874439462	10.513761467889909	1.0873987605185214	4.390119250425895	2.287958115183246	0.3475336322869955	0.6694325346784372	0.7636530027202797	0.8724639523287897	0.22085201793721973	0.8833632897911416	885	460	109
1316	en	7.46875	1.3242677824267783	2.9491723326359853	1.5453963389121332	0.25418410041841005	0.09832635983263599	0.551255230125523	0.009414225941422594	0.016736401673640166	0.9296875	0.7398702553172213	2.8828125	1.7428571428571429	0.006731505088389121	0.00017156474361948958	0.004947416035282144	0.5983263598326359	9.453125	1.0086148231471617	4.408531583264971	2.2941176470588234	0.3158995815899582	0.6663360560093358	0.602755528802538	0.8045768035392687	0.22280334728033474	0.8806856344482714	945	431	128
326	en	8.253807106598984	1.447109471094711	4.704876530491195	3.2811804596624636	0.2982779827798278	0.09225092250922509	0.5885608856088561	0.006150061500615006	0.006765067650676507	0.9644670050761421	0.7534670629692185	3.1725888324873095	1.605607476635514	0.005564500678351784	0.0002524134007177033	0.00337807725903346	1.1617466174661746	9.842639593908629	0.961494868389503	4.976032636409995	2.360576923076923	0.2810578105781058	0.7145317616241081	0.5745765006224854	0.6750951190956868	0.21648216482164823	0.8722872446430103	1606	836	197
1094	en	8.964601769911505	1.315893385982231	3.4337366448558164	1.4738024425827083	0.2872655478775913	0.09180651530108588	0.5913129318854886	0.0019743336623889436	0.017769002961500493	0.9646017699115044	0.7674279522021475	3.3628318584070795	1.768976897689769	0.006326720887068114	0.00017942403835051547	0.004557770263174476	0.9042448173741362	10.778761061946902	0.9954319567444615	4.629032258064516	2.410958904109589	0.3198420533070089	0.6883479212253829	0.7307831203153988	0.8201754194601377	0.21224086870681144	0.8814533009633525	1010	485	113
98	en	7.148148148148148	1.4300518134715026	4.07238917674151	3.062769679524083	0.266839378238342	0.1079447322970639	0.6070811744386874	0.010362694300518135	0.013816925734024179	0.9629629629629629	0.7411976267498817	3.049382716049383	1.5588235294117647	0.004673641958894646	0.00026399908642857144	0.004054967334985358	0.6433506044905009	8.62962962962963	0.9775270221810121	4.91991643454039	2.553054662379421	0.32124352331606215	0.7036166194523134	0.5335654254317207	0.6908248566905697	0.23229706390328153	0.8811638443486922	1144	560	162
755	en	9.243478260869566	1.4007525870178739	4.543837048550042	2.7890702425457072	0.27657572906867356	0.08372530573847602	0.5823142050799623	0.007525870178739417	0.0037629350893697085	0.9826086956521739	0.7268807817569425	3.3130434782608695	1.5830721003134796	0.005427397570649106	0.00015847753799621926	0.004791178980069571	0.6698024459078081	11.365217391304348	1.0404261264976031	4.871165644171779	2.269767441860465	0.33584195672624645	0.6984543568464772	0.7509400534966462	0.8470545323084828	0.25493885230479774	0.884258917830015	1057	529	115
299	en	7.918181818181818	1.458094144661309	4.703601816094356	4.056692675086108	0.3099885189437428	0.09644087256027555	0.5752009184845006	0.006888633754305396	0.01722158438576349	0.9454545454545454	0.7367210218276056	3.0727272727272728	1.7272727272727273	0.005494634684156142	0.0001680351256292906	0.00472288905124726	0.722158438576349	9.881818181818181	1.0086276995434749	4.756781193490054	2.349056603773585	0.365097588978186	0.690544041450778	0.6227658719032286	0.8477469133940986	0.20321469575200918	0.8965622283420497	868	437	110
806	en	7.993197278911564	1.4987234042553192	5.212283108988277	4.4519391807786945	0.3174468085106383	0.07829787234042553	0.5872340425531914	0.01957446808510638	0.005957446808510639	0.9319727891156463	0.7511101496073959	3.1140939597315436	1.6876640419947506	0.006936924644680852	0.0001410402625	0.0037775289287047408	0.9880851063829788	10.979865771812081	1.1292544711599009	4.349939975990396	2.242857142857143	0.3557446808510638	0.695111524163573	0.7375350729935467	0.8202918673971576	0.20851063829787234	0.9012434735910886	1152	600	149
332	en	8.39344262295082	1.2158203125	2.030122310450821	0.5241550909323771	0.3017578125	0.0693359375	0.5791015625	0.0224609375	0.0244140625	0.9590163934426229	0.7503086371037271	3.262295081967213	1.6424050632911393	0.005368584068359375	0.00017059463921568626	0.0052490234375	0.533203125	10.62295081967213	1.035039015731994	4.2975460122699385	2.207692307692308	0.3388671875	0.6962702702702729	0.706584095350857	0.8166304889215507	0.20703125	0.8881888779280719	1001	510	122
236	en	7.898148148148148	1.3528722157092614	3.454169923147063	1.9418657982718952	0.324736225087925	0.07033997655334115	0.6096131301289566	0.009378663540445486	0.008206330597889801	0.9537037037037037	0.7222190055683732	3.1203703703703702	1.7176470588235293	0.005601113770574442	0.00017145097445414847	0.004832882742780582	0.9894490035169988	10.12037037037037	1.0176429794485349	4.641681901279708	2.410480349344978	0.35756154747948415	0.6961007957559694	0.750791339948237	0.8439437645249948	0.22626025791324736	0.8818006749483736	848	458	108
941	en	8.693333333333333	1.3680981595092025	3.943958282208591	2.9569992597137014	0.3098159509202454	0.0736196319018405	0.5874233128834356	0.02147239263803681	0.012269938650306749	0.9533333333333334	0.7373376383786793	3.1466666666666665	1.6058394160583942	0.005694759689233129	0.0001447519037037037	0.0033915147325671827	1.594325153374233	11.553333333333333	1.0674532569974027	4.42865296803653	2.145945945945946	0.30598159509202455	0.7118921161825709	0.6409572883713018	0.7296231636408979	0.2254601226993865	0.8779233437693201	1281	648	150
1589	en	9.193548387096774	1.3894736842105264	4.391273344651957	2.030292869269949	0.3017543859649123	0.08771929824561403	0.5921052631578947	0.008771929824561403	0.008771929824561403	0.967741935483871	0.727112275898427	3.217741935483871	1.8240469208211143	0.005598982240350877	0.0001574447056856187	0.004489164086687306	0.8315789473684211	11.346774193548388	1.017192327762071	4.69950389794472	2.1934306569343067	0.29912280701754385	0.6813064361191163	0.6111083688327592	0.7165213121852178	0.23333333333333334	0.8623368242263876	1131	598	124
467	en	9.155963302752294	1.311623246492986	3.4579799966906286	1.7325003107131693	0.250501002004008	0.07715430861723446	0.5490981963927856	0.014028056112224449	0.01503006012024048	0.9724770642201835	0.7358146037462078	3.3486238532110093	1.6505576208178439	0.007082382343286573	0.00017990083761061946	0.0042768463756781856	0.4789579158316633	10.963302752293577	1.0190601740811154	4.6011513157894735	2.5228426395939088	0.3106212424849699	0.6696218020022234	0.7817843201577904	0.9443326479021306	0.23547094188376755	0.8738325112136288	993	452	109
1481	en	8.361904761904762	1.4373576309794989	4.631962902700945	3.182780180062913	0.3223234624145786	0.11617312072892938	0.6184510250569476	0.0056947608200455585	0.0056947608200455585	0.9523809523809523	0.7211456994984322	3.1333333333333333	1.7695035460992907	0.006077110396583143	0.00017220069386892178	0.0057273023104458184	0.4920273348519362	11.314285714285715	1.081763091532951	4.415282392026578	2.2869198312236287	0.34851936218678814	0.6810526315789459	0.8144573190551693	0.9202516832656518	0.1970387243735763	0.8829347438073565	876	473	105
1130	en	8.232142857142858	1.4425162689804771	4.642227688255346	3.3217179733498607	0.2993492407809111	0.08893709327548807	0.5856832971800434	0.015184381778741865	0.014099783080260303	0.9553571428571429	0.7722946631228365	3.0982142857142856	1.832142857142857	0.0062863729272234275	0.0001490997745263158	0.004404798795874098	1.03470715835141	11.107142857142858	1.06282823564295	4.465918203688854	2.2446043165467624	0.3557483731019523	0.7242284325637912	0.6798420532285566	0.786997013636244	0.1984815618221258	0.8837350589492453	909	475	112
344	en	7.304347826086956	1.4682539682539681	4.584092477570739	3.202398067632849	0.25892857142857145	0.10317460317460317	0.5744047619047619	0.007936507936507936	0.010912698412698412	0.927536231884058	0.7674805407845335	3.0217391304347827	1.6496598639455782	0.004763736831845238	0.00020645557845188283	0.004524777390631048	0.5912698412698413	8.86231884057971	0.9953898885249	4.827914353687549	2.4315352697095434	0.3253968253968254	0.7092739273927406	0.7050748403632635	0.8538232307157928	0.24305555555555555	0.8814298899417194	999	478	138
1163	en	9.104651162790697	1.3959131545338441	4.432589176987733	2.8174509311235854	0.2848020434227331	0.09323116219667944	0.5696040868454662	0.007662835249042145	0.01277139208173691	0.9883720930232558	0.7333544886486062	3.63953488372093	1.7467811158798283	0.0064499296615581105	0.00020270443467336683	0.005711650347665674	0.5300127713920817	11.30232558139535	1.0647081875792546	4.598159509202454	2.2039473684210527	0.3524904214559387	0.7027192982456152	0.7998834685179108	0.8571145490121483	0.23116219667943805	0.8842140252777302	774	398	86
992	en	8.434108527131784	1.4457720588235294	4.759412619699045	2.9301737545599638	0.3125	0.08272058823529412	0.6001838235294118	0.011948529411764705	0.014705882352941176	0.937984496124031	0.7360557898964312	3.147286821705426	1.7396449704142012	0.005125505845863971	0.0001670910280733945	0.003837719298245614	1.0110294117647058	10.875968992248062	1.0859797453288704	4.536191145467322	2.2329317269076303	0.3327205882352941	0.721921132457029	0.6447591198767825	0.7730508950627627	0.21691176470588236	0.8849609056491234	1071	545	129
443	en	7.239669421487603	1.3207762557077625	2.8186308917317646	1.4963060606060599	0.2773972602739726	0.10616438356164383	0.6095890410958904	0.023972602739726026	0.02054794520547945	0.9256198347107438	0.7798976717726714	2.7540983606557377	1.6795366795366795	0.005917415933789954	0.00021267500705882353	0.0055446836268754065	0.5114155251141552	8.819672131147541	0.9627852788891634	4.703839122486289	2.2720306513409962	0.3527397260273973	0.6917631917631897	0.6452465468413489	0.7367815300015522	0.2009132420091324	0.8770967428334496	857	425	122
320	en	7.791666666666667	1.3275401069518717	3.1137232620320887	1.3454538324420682	0.25267379679144386	0.12032085561497326	0.5802139037433155	0.00267379679144385	0.016042780748663103	0.9479166666666666	0.7443932744242346	2.9375	1.6756756756756757	0.005401470114304813	0.000169796388	0.0046600458365164245	0.4505347593582888	9.520833333333334	1.0098602402780392	4.589439655172414	2.3658536585365852	0.35561497326203206	0.6795223420647135	0.7575682625208567	0.8350248160069834	0.232620320855615	0.8835004756065925	745	375	96
698	en	7.958620689655173	1.3734835355285961	3.7209677882029553	2.222171847247953	0.29462738301559793	0.0632582322357019	0.5892547660311959	0.016464471403812825	0.01386481802426343	0.9586206896551724	0.7471697399345096	2.972413793103448	1.7319277108433735	0.006865522260987868	0.00016485112982758622	0.004482735635248634	0.9523396880415944	10.427586206896551	1.009762577917212	4.513531353135313	2.3379888268156424	0.3006932409012132	0.6813080568720427	0.7253632722397616	0.8387321212525171	0.23050259965337955	0.8683684637597868	1138	580	145
1508	en	7.391304347826087	1.4258823529411764	4.118020460358057	3.5860613810741686	0.2776470588235294	0.07647058823529412	0.5764705882352941	0.02	0.009411764705882352	0.9565217391304348	0.7350940566457804	2.8869565217391306	1.6984732824427482	0.00705483805126047	0.00015108506737588652	0.004842681258549931	0.8858823529411765	10.104347826086956	1.0853170422927456	4.3835732430143945	2.220833333333333	0.3341176470588235	0.6829294274300928	0.5465448384537565	0.6258583605651898	0.2376470588235294	0.8693851174307803	835	423	115
383	en	9.283783783783784	1.3835516739446871	4.3565854282229886	2.6710477752862034	0.29112081513828236	0.07787481804949054	0.6098981077147017	0.03129548762736536	0.009461426491994178	0.9864864864864865	0.7606713547597795	3.3733333333333335	1.7753086419753086	0.0057511484724163025	0.00018402591585714285	0.003748180494905386	0.9556040756914119	11.566666666666666	1.0136961953675598	4.647838616714697	2.1824817518248176	0.3064046579330422	0.7084705882352947	0.7405222402151125	0.819167788666779	0.21033478893740903	0.8771382576095491	1337	700	150
104	en	8.781818181818181	1.360248447204969	3.885840767927725	2.25024546583851	0.2981366459627329	0.09834368530020704	0.6024844720496895	0.008281573498964804	0.006211180124223602	0.9727272727272728	0.7080640689585642	3.2454545454545456	1.8905109489051095	0.00633376970320911	0.00015828465172413792	0.005348516218081436	0.7184265010351967	10.881818181818181	1.0062018904941818	4.580858085808581	2.308333333333333	0.33540372670807456	0.6768742791234179	0.7628522355195327	0.8212801876028861	0.2028985507246377	0.8777372241146728	948	493	110
1499	en	8.037234042553191	1.4467240238252812	4.615864757734066	3.02106907923455	0.31369953673064194	0.09331568497683654	0.6029119788219722	0.005956320317670417	0.011250827266710787	0.9468085106382979	0.7373291214631837	3.223404255319149	1.5838509316770186	0.0051118440673726005	0.00024751218731836196	0.003009044782704611	1.3256121773659828	9.702127659574469	0.9679851486571235	4.926698769395399	2.3883248730964466	0.31039046988749175	0.710538243626065	0.6268675505892001	0.7087099941849443	0.2084712111184646	0.8874641746984775	1491	757	188
1205	en	8.6	1.3665559246954595	3.889359911406423	1.7627317386489478	0.27353266888150607	0.08859357696567	0.6124031007751938	0.014396456256921373	0.008859357696566999	0.9714285714285714	0.774102630668926	3.0761904761904764	1.8442622950819672	0.0058962169456256925	0.0001392353489224138	0.00556786021902301	0.5038759689922481	10.342857142857143	0.9880732714711044	4.7550091074681236	2.2027649769585254	0.34219269102990035	0.6849502487562182	0.829042297630983	0.8661273763761186	0.2336655592469546	0.8693222216639211	889	464	105
1259	en	7.925465838509317	1.468652037617555	4.831025720905785	3.4318541891391963	0.31347962382445144	0.11128526645768025	0.6246081504702194	0.018808777429467086	0.011755485893416929	0.9565217391304348	0.7817134621914033	3.062111801242236	1.7786259541984732	0.006011616998119122	0.00014981747920227918	0.0031843974445458514	1.7688087774294672	10.372670807453416	1.0887862922608995	4.509433962264151	2.2038216560509554	0.30407523510971785	0.6846049277824958	0.6388623196671641	0.7133487493352862	0.219435736677116	0.8666814657481829	1259	702	161
1418	en	7.777777777777778	1.5202380952380952	5.382142857142856	4.2644206349206355	0.3476190476190476	0.10714285714285714	0.6190476190476191	0.002380952380952381	0.010714285714285714	0.9444444444444444	0.7170448016036249	3.138888888888889	1.7403508771929825	0.004485580938333333	0.0001735321420353982	0.004907677356656949	1.1535714285714285	9.601851851851851	0.984586979378646	4.853271028037383	2.3658536585365852	0.3535714285714286	0.7243454790823224	0.63090988282416	0.7973519354858147	0.1880952380952381	0.8822224295768628	837	452	108
869	en	7.710691823899371	1.4119086460032626	4.077691834159253	2.12499439400002	0.32463295269168024	0.10195758564437195	0.6109298531810766	0.010603588907014683	0.02202283849918434	0.8805031446540881	0.7203613984468411	3.0377358490566038	1.6209476309226933	0.004863061974551387	0.00019662870379746837	0.0045645626803864974	0.8181076672104405	9.628930817610064	1.0041549076889926	4.60702875399361	2.37248322147651	0.29771615008156604	0.690984915705416	0.7023092611919965	0.8557876056437118	0.2169657422512235	0.8704022915143589	1217	632	159
764	en	7.5359477124183005	1.4388551604509974	4.327510501164905	3.6438222528329067	0.3217692974848222	0.0745880312228968	0.6149176062445794	0.03555941023417172	0.007805724197745013	0.9477124183006536	0.77054156975075	3.1372549019607843	1.6366120218579234	0.005553039818335559	0.00019192013416666667	0.00385949696444059	1.225498699045967	10.045751633986928	1.057336420879531	4.440303221730891	2.1925	0.3469210754553339	0.714952561669827	0.7801497836741383	0.868121117794324	0.2142237640936687	0.8836253460532478	1118	600	153
575	en	8.211920529801324	1.4427419354838709	4.637003845332192	3.284791177098911	0.31451612903225806	0.10483870967741936	0.6298387096774194	0.012903225806451613	0.008064516129032258	0.9205298013245033	0.7181325063825064	3.251655629139073	1.6191709844559585	0.006043882621209677	0.00020163246621004568	0.0034037001897533206	1.4201612903225806	10.556291390728477	1.0320519440396216	4.782418952618454	2.269230769230769	0.3282258064516129	0.7118755477651209	0.7388380787320812	0.816858253015473	0.2153225806451613	0.8822231609376828	1228	657	151
428	en	8.615384615384615	1.3696428571428572	3.9317857142857164	2.649278021978022	0.28660714285714284	0.09196428571428572	0.6035714285714285	0.025892857142857145	0.014285714285714285	0.9615384615384616	0.7317768472171232	3.0150375939849625	1.632716049382716	0.006442079566875	0.00015612546177536232	0.004117063492063491	1.0071428571428571	10.834586466165414	1.0264787943761549	4.4609536973047685	2.156156156156156	0.31160714285714286	0.6800587659157706	0.701104795284579	0.7906521102699565	0.23660714285714285	0.8706939719156351	1088	552	133
1505	en	7.8343558282208585	1.3578700078308537	3.4882648654102084	2.1051940360603605	0.3038371182458888	0.0908379013312451	0.6170712607674237	0.01331245105716523	0.007830853563038372	0.9263803680981595	0.7478603666566629	2.9390243902439024	1.7447916666666667	0.005948161716366484	0.00013772228879056046	0.0036971898789427064	1.0203602192638999	9.49390243902439	0.9564508955956325	4.659361302442079	2.2711864406779663	0.312451057165231	0.6992105263157906	0.7460742746624018	0.8302457990014437	0.24197337509788566	0.8739016369586116	1257	678	164
746	en	7.55614973262032	1.4182590233545647	4.092354871305787	2.279315340743517	0.3305024769992923	0.0686482661004954	0.5803255484784147	0.003538570417551309	0.006369426751592357	0.9144385026737968	0.762267549891139	2.9037433155080214	1.6829787234042553	0.007112909364996462	0.00013880703654891305	0.0028308563340410475	1.7119603680113233	9.417112299465241	1.0075866070045802	4.652270210409745	2.3641160949868074	0.3057324840764331	0.6639573820395742	0.7379444458799352	0.8231272470691698	0.20877565463552725	0.8830090017726303	1408	736	187
515	en	9.16470588235294	1.2952503209242618	3.2681890810239373	1.2739370263535452	0.29781771501925547	0.10397946084724005	0.6354300385109114	0.03337612323491656	0.007702182284980745	0.9647058823529412	0.708723115109946	3.3488372093023258	1.971698113207547	0.006820680929011553	0.0001651548985257985	0.007329496045384902	0.38382541720154045	10.930232558139535	0.9843989747682418	4.647558386411889	2.230366492146597	0.3299101412066752	0.6546176470588247	0.7436456633574768	0.8756720435472858	0.19768934531450577	0.8537291069975605	761	407	86
707	en	7.67741935483871	1.3403361344537814	3.2201599349417194	2.2470468690702092	0.30987394957983194	0.10819327731092437	0.5892857142857143	0.014705882352941176	0.015756302521008403	0.9193548387096774	0.7675987816052379	2.935483870967742	1.6170886075949367	0.00550810310987395	0.0002036156187250996	0.004495798319327731	0.9726890756302521	10.112903225806452	1.0045966397875792	4.462579617834395	2.2733118971061095	0.3329831932773109	0.7182883939038683	0.5740210304693575	0.732908297933597	0.20798319327731093	0.8793072453428951	939	502	124
1706	en	8.842105263157896	1.4486607142857142	4.95261748120301	3.495014583333333	0.33407738095238093	0.08407738095238096	0.6197916666666666	0.015625	0.010416666666666666	0.9605263157894737	0.7370262222318686	3.4342105263157894	1.6513317191283292	0.005665776266399479	0.00015772908864265927	0.003094149245063879	1.4114583333333333	10.776315789473685	1.0061938928039844	4.8526758869512925	2.2441176470588236	0.3177083333333333	0.7131084337349415	0.7252252560013237	0.8255748555163662	0.21502976190476192	0.8810499097297585	1324	722	152
1442	en	8.078947368421053	1.4403908794788274	4.557401851534372	3.7235003257329	0.3270358306188925	0.1022801302931596	0.6397394136807818	0.020195439739413682	0.005211726384364821	0.9052631578947369	0.7328752557744146	2.8526315789473684	1.803921568627451	0.005464367659498371	0.00018139406321559073	0.0032820681977487323	1.3811074918566775	10.215789473684211	1.0060116991394896	4.756185567010309	2.150743099787686	0.2931596091205212	0.6934192200557088	0.6672168347505203	0.785471402228694	0.19348534201954398	0.8659743656632581	1504	821	190
521	en	7.54054054054054	1.4148745519713262	4.046330524072459	2.6499629661919983	0.3288530465949821	0.08781362007168458	0.6084229390681004	0.004480286738351254	0.014336917562724014	0.8445945945945946	0.7312698018256555	2.75	1.9538461538461538	0.005636968680376345	0.00019077566885521884	0.004849251528568417	0.9157706093189965	9.222972972972974	0.9814499183117941	4.784244144783535	2.380392156862745	0.2939068100358423	0.6643264503441512	0.633966730177674	0.7694796363751317	0.21057347670250895	0.8613374287293885	1110	594	148
1607	en	8.639097744360901	1.4290687554395127	4.642259434487006	3.2770115379833396	0.31940818102698	0.08964316797214969	0.6118363794604004	0.014795474325500435	0.010443864229765013	0.9849624060150376	0.739939720855496	3.43609022556391	1.6657754010695187	0.005065249019147085	0.00018121646156351792	0.0037318353245246196	1.4482158398607485	11.105263157894736	1.0841189972492493	4.550637156270959	2.1696750902527078	0.32811140121845084	0.7183047619047626	0.7367918078863929	0.7792552993262728	0.22193211488250653	0.876577189962798	1132	614	133
1187	en	8.952	1.4084003574620196	4.520404218051834	2.3594866430741734	0.3136729222520107	0.08042895442359249	0.5960679177837355	0.006255585344057194	0.0071492403932082215	0.944	0.7175973667909151	3.3333333333333335	1.899390243902439	0.006996373072296693	0.00017066058866328258	0.004486513103901078	0.7381590705987489	10.579365079365079	0.9955115841099182	4.8915929203539825	2.355855855855856	0.34048257372654156	0.6930294117647063	0.7155119262214413	0.8600177303310341	0.20107238605898123	0.8862668236428949	1115	591	126
779	en	9.489051094890511	1.386923076923077	4.4764222346996085	2.548984727681078	0.34076923076923077	0.07923076923076923	0.6053846153846154	0.007692307692307693	0.011538461538461539	0.9854014598540146	0.7615007339834331	3.2661870503597124	1.946808510638298	0.006132217943338461	0.00017326441857764877	0.0038244853737811483	1.156923076923077	11.582733812949641	1.0234631639584924	4.690402476780186	2.1964285714285716	0.29615384615384616	0.6754621149042491	0.6652105679730624	0.7813340196448366	0.2123076923076923	0.8659943804770652	1293	689	139
626	en	8.607142857142858	1.2904564315352698	2.994171606401899	1.0585541197391826	0.2966804979253112	0.1016597510373444	0.5995850622406639	0.01037344398340249	0.013485477178423237	0.9642857142857143	0.7561736774198076	3.2410714285714284	1.8056537102473498	0.0059430297608921165	0.00017901860706638113	0.004568729584179394	0.921161825726141	10.223214285714286	0.9811571957331576	4.567521367521367	2.3853658536585365	0.3360995850622407	0.6942658959537564	0.625884857072637	0.7174545746322938	0.19190871369294607	0.8896464722114462	963	467	112
1142	en	7.875	1.318452380952381	3.0389880952380963	1.2570373015873013	0.30158730158730157	0.09325396825396826	0.5992063492063492	0.003968253968253968	0.021825396825396824	0.96875	0.7090918503499863	2.868217054263566	1.7910958904109588	0.005273773534027778	0.00015615565801104973	0.004836309523809524	0.8303571428571429	9.434108527131784	0.9454629074922113	4.614389652384802	2.4338235294117645	0.3055555555555556	0.6800770077007692	0.7386600626462534	0.7977322634761441	0.25396825396825395	0.8642723881723704	1002	543	129
1334	en	8.888	1.4212421242124211	4.646977065706569	2.948940386678668	0.32853285328532855	0.0927092709270927	0.6039603960396039	0.0144014401440144	0.017101710171017102	0.952	0.7482358457440227	3.2	1.8217522658610272	0.006965499901710171	0.00015876950648464165	0.004162916291629163	1.026102610261026	11.368	1.0260699369813195	4.530440867739678	2.2745098039215685	0.34923492349234925	0.7256324110671968	0.7691744353407773	0.8606192913614575	0.19891989198919893	0.8912423660752872	1097	586	125
608	en	8.273743016759777	1.4105334233625928	4.281054172214908	3.1425696973583452	0.3436866981769075	0.08102633355840648	0.6144496961512491	0.007427413909520594	0.008102633355840648	0.9497206703910615	0.7530785439209058	3.122905027932961	1.86	0.0059450374122214725	0.00016048041017811704	0.003049867611468109	1.4577987846049967	10.46927374301676	1.016881034481452	4.6313581541688515	2.2684931506849315	0.30047265361242403	0.6919102749638232	0.7518916790754842	0.8197441860995527	0.20189061444969614	0.876058123551341	1449	786	179
113	en	7.553459119496855	1.4379683597002497	4.323875701066722	3.329287240716594	0.3064113238967527	0.093255620316403	0.6053288925895087	0.017485428809325562	0.011656952539550375	0.9245283018867925	0.7257296719774675	2.880503144654088	1.6564885496183206	0.004747745465445462	0.00017800356634304205	0.0034586562479984634	1.4321398834304746	9.446540880503145	1.0162616929783528	4.674237508111616	2.3465346534653464	0.3180682764363031	0.7121052631578966	0.6900757328999994	0.7992017035618671	0.21232306411323898	0.8806492461979002	1189	618	159
770	en	8.76271186440678	1.372662798194713	4.024878645816258	2.200989382465113	0.3307543520309478	0.08446163765312702	0.5996131528046421	0.008381689232753063	0.0070921985815602835	0.9661016949152542	0.7256661594349376	3.3220338983050848	1.8565217391304347	0.006534208957831077	0.00013611677053682896	0.0035415588307407308	1.1586073500967118	10.717514124293785	0.9816456630853685	4.707342295760083	2.3222506393861893	0.2875564152159897	0.6803236914600537	0.6780506718236697	0.7721551287496966	0.19987105093488072	0.8691686888170761	1535	801	177
434	en	9.585858585858587	1.2750263435194942	3.1937957020148815	0.7751001287905401	0.2950474183350896	0.08113804004214963	0.6016859852476291	0.0136986301369863	0.011591148577449948	0.98989898989899	0.7479022794599024	3.474747474747475	1.7562724014336917	0.005762686952581665	0.00011269551293103448	0.0049315068493150675	0.9178082191780822	11.515151515151516	1.0023756870894625	4.579039301310043	2.292452830188679	0.303477344573235	0.6711176470588215	0.6374072480668248	0.7282825749085353	0.22339304531085352	0.8562857049358479	936	464	99
1496	en	8.156462585034014	1.4036697247706422	4.154323160456848	3.0151825625663116	0.3119266055045872	0.08256880733944955	0.5846538782318599	0.007506255212677231	0.012510425354462052	0.9387755102040817	0.7261612592797122	3.1020408163265305	1.7780748663101604	0.0070075860260216845	0.0001296370729032258	0.003855672076457157	1.2201834862385321	10.714285714285714	1.0712626204259699	4.40470297029703	2.323741007194245	0.3102585487906589	0.6909181818181839	0.6407233918556597	0.7821784163988972	0.21100917431192662	0.8780238262221857	1191	620	147
1199	en	8.627906976744185	1.4272237196765498	4.616123613113523	3.191063135460416	0.2991913746630728	0.1078167115902965	0.5956873315363881	0.018867924528301886	0.016172506738544475	0.9418604651162791	0.7632916946971765	3.116279069767442	1.8202764976958525	0.005012973675055256	0.0001883407241935484	0.006045437042741625	0.5943396226415094	10.627906976744185	0.991998949829971	4.669546436285097	2.2772727272727273	0.36792452830188677	0.6960342146189742	0.7854563214018503	0.8214855009096743	0.20889487870619947	0.8792194648531773	728	372	86
1100	en	9.651785714285714	1.3376503237742832	3.9584702491079717	1.904856277256509	0.26179463459759483	0.07770582793709528	0.5559666975023126	0.008325624421831638	0.009250693802035153	0.9821428571428571	0.7535901848124212	3.2232142857142856	1.839464882943144	0.007769297517391304	0.00015925926077235773	0.004431727728416841	0.6447733580018501	12.401785714285714	1.0631483006188611	4.390401146131805	2.2950819672131146	0.30527289546716	0.6792260692464388	0.6544765264622825	0.8446663678938692	0.21554116558741906	0.877324833665087	1071	492	112
