article_id	language	avg_sentence_length	avg_syllable_length	fkgl	wstf	noun_ratio	adjective_ratio	function_word_ratio	numbers_ratio	negations_ratio	grammar_frequency	adjacent_sent_edit_distance	dep_tree_depth	noun_phrase_complexity	word_freq	word_freq_filtered	lexical_chain_lens	crossing_lexical_chains	bpe_sentence_length	avg_bpe_length	bpe_char_ratio	bpe_char_ratio_lex	type_token_ratio	mattr	heaps_law_beta	heaps_law_beta_lex	verb_ratio	herdans_c	text_length	text_length_lex	text_length_sentences
9576a25ba476ecc0d334769ae5f29805	en	7.089743589743589	1.2875226039783	2.367766726943941	1.1410922891454534	0.26220614828209765	0.11211573236889692	0.6075949367088608	0.0325497287522604	0.018083182640144666	0.9743589743589743	0.7399663467845287	2.9358974358974357	1.6382978723404256	0.0038219118285714284	0.00017892321163636365	0.006726943942133815	0.3092224231464738	9.192307692307692	1.0685727608238922	4.3096862210095495	2.1956521739130435	0.44665461121157324	0.688568281938328	0.8718685424971497	0.6883300103187505	0.2206148282097649	0.9068822838308129	529	275	78
4a3bd386eb3ea44be1efa0b77a830e24	en	7.425925925925926	1.254364089775561	2.107607370462734	0.8718018472337672	0.2344139650872818	0.08728179551122195	0.5311720698254364	0.00997506234413965	0.02493765586034913	1.0	0.7247489993050481	2.8333333333333335	1.7589285714285714	0.006673083696758104	0.0001250514909090909	0.009681678157547308	0.2817955112219451	9.222222222222221	0.979099409123919	4.2312252964426875	2.309734513274336	0.4014962593516209	0.6468211920529816	-1	-1	0.2518703241895262	0.8906652047288877	397	176	54
396be7d2ae6237a29bffab6af6e37c08	en	7.68	1.234375	1.9708250000000014	1.4019258611111112	0.2934027777777778	0.07291666666666667	0.5590277777777778	0.019097222222222224	0.010416666666666666	0.9866666666666667	0.7282747845247844	3.0	1.680232558139535	0.005465828057291667	0.00015723854826254826	0.006944444444444444	0.3767361111111111	9.746666666666666	0.9989085851655511	4.420054200542006	2.327777777777778	0.3715277777777778	0.6295597484276719	0.6676532522356718	0.8509913570327692	0.19618055555555555	0.9029035595678312	564	259	75
6d62dc2aafed81062508d2bbd94149c6	en	7.515151515151516	1.3608870967741935	3.399376832844574	2.5248095430107527	0.3245967741935484	0.0655241935483871	0.5705645161290323	0.011088709677419355	0.010080645161290322	0.9015151515151515	0.7190108156823464	3.0833333333333335	1.6996904024767803	0.004763252927862903	0.00017156319229208924	0.00393715763846622	0.8004032258064516	9.590909090909092	1.0519976874378083	4.411987860394537	2.4135338345864663	0.3719758064516129	0.6886674132138864	0.7522962325378284	0.8856870597065917	0.21673387096774194	0.9099102851999538	961	493	132
e91ff29d586e107c4e3d3b2f431e3596	en	7.153846153846154	1.3369175627240144	2.975627240143371	2.2503166253101736	0.31362007168458783	0.07526881720430108	0.578853046594982	0.008960573476702509	0.012544802867383513	0.9102564102564102	0.7608895115579607	2.7468354430379747	1.670391061452514	0.005200050868996416	0.00018751068576642336	0.006720430107526882	0.35125448028673834	8.886075949367088	1.0025935627034894	4.465846994535519	2.3972602739726026	0.42473118279569894	0.6832461873638347	0.695721088029104	0.8521031690706522	0.22043010752688172	0.9096434959483133	551	274	79
8dab29942f2d2299d04e150931d4d8ca	en	7.909090909090909	1.3218390804597702	3.092246603970743	1.1875149425287357	0.21455938697318008	0.12260536398467432	0.5517241379310345	0.01532567049808429	0.011494252873563218	0.9696969696969697	0.7702037112193363	2.606060606060606	1.6857142857142857	0.0049729901455938695	0.00023602926126126128	0.011919965942954448	0.10727969348659004	9.272727272727273	0.9177237745419564	4.522292993630574	2.3857142857142857	0.48659003831417624	0.6269135802469133	-1	-1	0.23754789272030652	0.911016440653217	257	111	33
1d1233188917ea8ff10a40e5104ea6f3	en	7.406779661016949	1.3935926773455378	3.7430376604739557	2.3705302641275257	0.26773455377574373	0.08924485125858124	0.5560640732265446	0.002288329519450801	0.020594965675057208	0.9830508474576272	0.7408257451360898	3.3220338983050848	1.6028368794326242	0.0047160026302059494	0.0001776548751219512	0.007461944085165655	0.494279176201373	9.389830508474576	1.0273393107391113	4.442340791738382	2.49	0.4416475972540046	0.6805029585798803	-1	0.8625551556102776	0.23569794050343248	0.9201259849495311	431	205	59
6ff1fa45a81d6b514be5be00ecd5fd32	en	6.690476190476191	1.2758007117437722	2.073734112862226	0.9948931706490423	0.22419928825622776	0.08540925266903915	0.5284697508896797	0.005338078291814947	0.030249110320284697	0.9761904761904762	0.7626072757651701	2.761904761904762	1.639751552795031	0.00569402231975089	0.00020599141680327867	0.00596085409252669	0.2313167259786477	8.0	0.9636876738973011	4.361071932299013	2.4642857142857144	0.39501779359430605	0.6602375809935198	0.6731473433180133	0.7930469993891741	0.2491103202846975	0.916281328127806	556	244	84
33e7232bb42577a5e7bbf18bf05b49b9	en	8.026315789473685	1.3049180327868852	2.938295944779984	1.5778852459016401	0.28852459016393445	0.09180327868852459	0.6065573770491803	0.00819672131147541	0.018032786885245903	0.9605263157894737	0.742928300457712	3.1315789473684212	1.6704545454545454	0.004136035787213115	0.00020886198762214985	0.005605499735589635	0.5360655737704918	9.802631578947368	0.9355628814588811	4.6769025367156205	2.3010752688172045	0.4245901639344262	0.7135225048923698	0.683599188742311	0.8635584493133692	0.22295081967213115	0.9087035165670884	601	307	76
b3086027a16e5a8e53d3c1cedb30b4a1	en	7.456140350877193	1.2611764705882353	2.1997770897832822	0.5669137254901959	0.28941176470588237	0.1011764705882353	0.5835294117647059	0.0	0.009411764705882352	0.9298245614035088	0.6767565024261453	3.1052631578947367	1.8	0.006319701938117647	0.0001382624942477876	0.010773993808049534	0.25882352941176473	9.228070175438596	0.9797776315863329	4.326530612244898	2.4272727272727272	0.4164705882352941	0.6261042944785267	-1	0.921347867600837	0.22823529411764706	0.88474487227563	425	226	57
d31824c04bfd92fc93b17c2d5614890f	en	7.661538461538462	1.2991967871485943	2.728522088353415	1.3975353351869018	0.27710843373493976	0.09437751004016064	0.5943775100401606	0.02610441767068273	0.008032128514056224	1.0	0.7191219713586146	3.1076923076923078	1.71875	0.004859844924698795	0.00018548170043103447	0.006597819850831898	0.20682730923694778	9.676923076923076	1.0126748251748252	4.488188976377953	2.3146853146853146	0.4497991967871486	0.6788220551378441	-1	1.0149046339716528	0.22088353413654618	0.9271341103242223	489	232	65
32dad4203c520db7ad31df35e91b835c	en	7.75	1.4721407624633431	4.8037609970674495	3.983497947214076	0.23460410557184752	0.10850439882697947	0.5542521994134897	0.0	0.011730205278592375	0.9772727272727273	0.6616464285068936	3.2045454545454546	1.5333333333333334	0.004798291797653959	0.0001719844906832298	0.009925558312655087	0.18181818181818182	9.931818181818182	1.1299577761810382	4.711060948081264	2.2388059701492535	0.4633431085043988	0.671611570247933	-1	-1	0.26392961876832843	0.9232384485196323	341	161	44
4d13d3a92a75b0c4101b76b58ec769a9	en	7.95	1.3144654088050314	3.021191823899372	1.545372075471699	0.23270440251572327	0.11320754716981132	0.5471698113207547	0.025157232704402517	0.012578616352201259	0.95	0.6694919115971748	3.25	1.7272727272727273	0.005506333727044025	0.000161616403030303	0.022461814914645106	0.0440251572327044	9.5	0.9942294722186027	4.533678756476684	2.4047619047619047	0.5031446540880503	0.5408333333333334	-1	-1	0.20754716981132076	0.8863670863981864	156	66	20
147e7daf2ebd03af6a8b23512580c65c	en	6.528301886792453	1.2283236994219653	1.4502573890282484	-0.23023093030864894	0.2861271676300578	0.06069364161849711	0.5809248554913294	0.002890173410404624	0.011560693641618497	0.9245283018867925	0.7141039107950872	2.6226415094339623	1.4774774774774775	0.00419969348265896	0.00020599970108695653	0.008160489629377763	0.33236994219653176	8.20754716981132	0.9858492489645073	4.3558558558558556	2.316326530612245	0.5	0.7176113360323878	-1	-1	0.24855491329479767	0.9227696330393095	346	184	53
ae8a917cdc09fbde2c813f2486fa012c	en	8.298245614035087	1.241014799154334	2.290290419494827	0.5331009161381255	0.24735729386892177	0.07610993657505286	0.547568710359408	0.012684989429175475	0.012684989429175475	1.0	0.7126410296053152	3.245614035087719	1.5379310344827586	0.006018016931501057	0.0001727987076190476	0.007445537273646476	0.49471458773784355	9.701754385964913	0.9774233978955341	4.279863481228669	2.4257425742574257	0.4059196617336152	0.6514438502673806	-1	0.8297889227420708	0.23890063424947147	0.9059453281293193	467	210	57
e3fa50662bca7f0df9b98af527221652	en	7.054794520547945	1.4252427184466019	3.979233940683603	2.93294999335018	0.33980582524271846	0.07961165048543689	0.6019417475728155	0.001941747572815534	0.011650485436893204	0.9315068493150684	0.7589833777333779	2.904109589041096	1.5795454545454546	0.004252795559805825	0.0001817958751798561	0.007551240560949298	0.47378640776699027	9.424657534246576	1.0792150067230648	4.368863955119215	2.3947368421052633	0.44854368932038835	0.7241346153846157	0.7294275395398694	0.9657701611694347	0.21553398058252426	0.9105026574973033	513	278	73
73995f7e9b42b23326b2516fec5c8556	en	6.898305084745763	1.3267813267813269	2.7563586390705055	0.982524374297256	0.22604422604422605	0.11302211302211303	0.5749385749385749	0.004914004914004914	0.019656019656019656	0.9830508474576272	0.7806650246305418	2.9491525423728815	1.6206896551724137	0.004041813243243243	0.00019096246231155778	0.006825006825006825	0.25061425061425063	8.288135593220339	1.008179319951241	4.335892514395393	2.5172413793103448	0.457002457002457	0.6894480519480509	-1	-1	0.2334152334152334	0.9166353392792105	406	199	59
95af84047bb727812a70b97d80e0cc2d	en	8.11111111111111	1.2590286425902864	2.429871315898712	0.4906920990729211	0.22914072229140722	0.08094645080946451	0.5417185554171855	0.0112079701120797	0.023661270236612703	0.9595959595959596	0.7388703550018074	2.8585858585858586	1.5309734513274336	0.006118119840722292	0.000164881586	0.005165813384991467	0.3001245330012453	10.141414141414142	0.9778494802475354	4.370919881305638	2.343220338983051	0.3586550435865504	0.6556392045454557	0.640822511883886	0.7358751524754867	0.25155666251556663	0.9070103462985479	789	350	99
5d0ac88fb60a0f1a93c3a22608725afb	en	8.0	1.3689024390243902	3.6830487804878054	2.4690939024390244	0.25914634146341464	0.056402439024390245	0.5548780487804879	0.013719512195121951	0.021341463414634148	0.975609756097561	0.7395562296978416	2.768292682926829	1.675257731958763	0.00483082937972561	0.00017104595868055555	0.005887300252312868	0.44664634146341464	9.902439024390244	1.0067715111045221	4.467469879518072	2.296774193548387	0.36128048780487804	0.6400359066427277	0.6083074166067154	0.8334071582848525	0.27134146341463417	0.9005654278734734	645	288	82
1ade92ee498e1d47374530fcd5783161	en	9.214285714285714	1.5348837209302326	6.115199335548176	4.9791944629014395	0.2868217054263566	0.11627906976744186	0.58656330749354	0.028423772609819122	0.002583979328165375	1.0	0.7748489826851981	3.4285714285714284	1.865546218487395	0.005418664297674418	0.00016434300110497238	0.010639914880680954	0.24031007751937986	11.333333333333334	1.024303281305161	4.603238866396761	2.2688172043010755	0.43410852713178294	0.6498958333333328	-1	-1	0.17571059431524547	0.8896749936506354	376	181	42
1a147ff708c792046f2ddce85c854636	en	7.862068965517241	1.3728070175438596	3.6753297035692682	2.600327404718693	0.2741228070175439	0.08552631578947369	0.5723684210526315	0.017543859649122806	0.015350877192982455	0.9827586206896551	0.7408243674110546	2.9310344827586206	1.5827338129496402	0.005549578183991228	0.00017919523649289097	0.007928475033738192	0.625	9.706896551724139	0.970482042926529	4.588339222614841	2.3053435114503817	0.40131578947368424	0.6753501400560205	-1	0.6766065177720552	0.21052631578947367	0.884963377255724	450	211	58
ccc8150b39adf46d928d7be6c7c4b5e5	en	8.604651162790697	1.4378378378378378	4.7323004399748605	3.040967944688875	0.3162162162162162	0.10540540540540541	0.581081081081081	0.0	0.005405405405405406	0.9534883720930233	0.7338449907832926	3.4186046511627906	1.7272727272727273	0.007648223859729729	0.00015641879844559585	0.007285546415981199	0.44324324324324327	10.790697674418604	1.0776161707137737	4.619450317124736	2.3132530120481927	0.5351351351351351	0.6960885608856079	-1	-1	0.20540540540540542	0.9376333692478879	369	193	43
cdb4be5948a6cb514f3743760b7162d5	en	8.574074074074074	1.3347732181425487	3.504212862970963	2.1204642348612115	0.27645788336933047	0.09287257019438445	0.5550755939524838	0.0021598272138228943	0.02159827213822894	0.9814814814814815	0.6892152350670664	3.425925925925926	1.6619718309859155	0.004851080430885529	0.000129464015625	0.0064794816414686825	0.8855291576673866	10.25925925925926	1.0162859097800618	4.601374570446735	2.5058823529411764	0.39956803455723544	0.6785164835164825	-1	0.8208934356819678	0.24622030237580994	0.8922079698185769	461	224	54
295ee5a77e74ba5bd1fa0868004dda87	en	6.950980392156863	1.3638928067700988	3.2148174728283436	1.8955537100030426	0.3624823695345557	0.07052186177715092	0.6050775740479548	0.029619181946403384	0.00846262341325811	0.9215686274509803	0.7398548912745188	2.9705882352941178	1.8033472803347281	0.005422055402378984	0.00018195404696132595	0.005641748942172073	0.6544428772919605	9.029411764705882	1.058897512303085	4.511578947368421	2.4444444444444446	0.42736248236953456	0.6759836065573783	0.712719735734001	0.7170246906219144	0.1692524682651622	0.9075747513715605	690	362	102
26cd008d842d341175501fb4d7f002da	en	8.79245283018868	1.2811158798283262	2.9562239857478367	0.586857769859908	0.259656652360515	0.11587982832618025	0.6115879828326181	0.02575107296137339	0.012875536480686695	0.9622641509433962	0.6833192982231446	3.2264150943396226	1.9914529914529915	0.0062687349472102995	0.00013671771288888888	0.01072961373390558	0.27896995708154504	11.18867924528302	1.0734851888153774	4.253333333333333	2.1481481481481484	0.388412017167382	0.6620708446866487	-1	0.8321402496532714	0.20600858369098712	0.8728397680346242	452	225	53
0f45c97ec611d717def85e61fd821305	en	7.98	1.25062656641604	2.2795934837092737	0.051386325814536615	0.2556390977443609	0.09273182957393483	0.5338345864661654	0.007518796992481203	0.012531328320802004	0.96	0.7115334878540159	3.36	1.64	0.005833258147869674	0.00015787710055865923	0.009189640768588136	0.17794486215538846	9.9	1.0198304473304474	4.2375249500998	2.3255813953488373	0.43107769423558895	0.6158666666666678	-1	-1	0.22556390977443608	0.9096101674146319	398	179	50
03da74842e8a66b4f2cf0c3d2390d3cb	en	6.648148148148148	1.3788300835654597	3.272972763850202	2.9159018466934903	0.3064066852367688	0.06963788300835655	0.5933147632311978	0.011142061281337047	0.011142061281337047	0.9629629629629629	0.7212270957553976	2.537037037037037	1.709090909090909	0.0042615754401114205	0.00015930372023809523	0.010744130521289296	0.17548746518105848	8.444444444444445	1.0252065759827198	4.509394572025053	2.388888888888889	0.4986072423398329	0.6804999999999994	-1	-1	0.23119777158774374	0.926027612105862	349	168	54
3bec59aad843408d032d320bf3b105f4	en	7.583333333333333	1.342032967032967	3.20348901098901	1.6438948717948723	0.29120879120879123	0.07554945054945054	0.5590659340659341	0.006868131868131868	0.01510989010989011	0.96875	0.7094601150483503	3.1875	1.5311203319502074	0.005514215928571429	0.00019908971601208456	0.0050718512256973805	0.7747252747252747	8.822916666666666	1.0086390809966177	4.468508287292818	2.449275362318841	0.3447802197802198	0.6665341812400651	0.5658315271612367	0.741456578183035	0.23626373626373626	0.8930847692254014	721	331	96
f02254e5cef0ba2d9da941b76edc54a2	en	7.134615384615385	1.320754716981132	2.777405660377358	1.3900101181837035	0.33962264150943394	0.12398921832884097	0.6415094339622641	0.0026954177897574125	0.018867924528301886	0.9615384615384616	0.7407324157324157	3.019230769230769	1.9541284403669725	0.004023153575471698	0.0001888563726851852	0.009113079193941729	0.3611859838274933	8.576923076923077	0.9667727037919345	4.514644351464435	2.5121951219512195	0.49326145552560646	0.7044852941176473	-1	1.0773057199227571	0.21024258760107817	0.9111788131660794	371	216	52
1827f88aaa03e2470f6d7520b8325f62	en	8.23076923076923	1.3457943925233644	3.5003738317757005	1.3532562664749577	0.22585669781931464	0.06697819314641744	0.5420560747663551	0.009345794392523364	0.010903426791277258	0.9743589743589743	0.7614336859647661	3.076923076923077	1.5380434782608696	0.004912548528037383	0.00015999369642857143	0.007194778222815605	0.24299065420560748	10.128205128205128	0.9679295082866114	4.427148194271482	2.3058823529411763	0.35669781931464173	0.6353406998158385	0.7344511699538198	0.7412686914988582	0.2585669781931464	0.8880449241851059	636	280	78
8ad8e83785d07d424f5a87254da6cff4	en	6.952830188679245	1.310719131614654	2.588089526637823	1.3229541844806847	0.23609226594301222	0.08955223880597014	0.5915875169606513	0.014925373134328358	0.012211668928086838	0.9433962264150944	0.7244420464378447	2.952830188679245	1.6238095238095238	0.004515966153188602	0.0002075342075301205	0.004770867072263317	0.4423337856173677	8.20754716981132	0.9627194612460253	4.537634408602151	2.451219512195122	0.36363636363636365	0.6685579937304087	0.6818271546338428	0.8245412564185983	0.2537313432835821	0.9056629002045542	725	332	106
26a05f5edcaa88e7675f2db5bca4e554	en	6.582278481012659	1.3076923076923077	2.407857838364169	1.5384800389483932	0.26346153846153847	0.10384615384615385	0.5788461538461539	0.021153846153846155	0.0057692307692307696	0.9620253164556962	0.7622103586172412	2.848101265822785	1.5935483870967742	0.005180722934615384	0.00016752313944223108	0.0061872909698996665	0.38269230769230766	7.594936708860759	0.9205994427513415	4.5813953488372094	2.448529411764706	0.4442307692307692	0.6971733966745837	0.8912936748636877	0.9382068096619094	0.20961538461538462	0.9092251035687366	509	251	79
f13a8e1ed0756572d26e70742cd9bab3	en	6.6923076923076925	1.2528735632183907	1.8039080459770105	1.1976032714412028	0.29022988505747127	0.04597701149425287	0.5747126436781609	0.020114942528735632	0.008620689655172414	0.8846153846153846	0.7220278632043339	2.6538461538461537	1.5294117647058822	0.006204449721839081	0.00013518850424242424	0.010237068965517241	0.2557471264367816	8.5	1.0275781910397295	4.475770925110132	2.1770833333333335	0.4885057471264368	0.6702409638554214	-1	-1	0.23850574712643677	0.915174057057095	340	165	52
4f9a642103444e30f2ebffe2c46a9e5d	en	7.342465753424658	1.3022388059701493	2.6399795542833786	1.4418580351666326	0.2630597014925373	0.06529850746268656	0.5541044776119403	0.018656716417910446	0.018656716417910446	0.9452054794520548	0.7787681613049259	2.9452054794520546	1.6163522012578617	0.0044393431811567165	0.00017484755271966529	0.0057405281285878304	0.48507462686567165	8.73972602739726	0.9796078104901633	4.522895125553914	2.378787878787879	0.43283582089552236	0.6936842105263148	0.6922817303066818	0.7255636868695048	0.24253731343283583	0.9149399510435962	525	239	73
96a946660144b8cb64c208df4746f1d2	en	8.26	1.2663438256658595	2.5742571428571424	1.0429000871670704	0.23486682808716708	0.06779661016949153	0.5181598062953995	0.004842615012106538	0.007263922518159807	0.96	0.7267762283068409	3.14	1.6333333333333333	0.006698492847457627	0.0001510585810055866	0.01016949152542373	0.18886198547215496	9.84	0.995936343498263	4.42094861660079	2.395348837209302	0.4019370460048426	0.6065286624203808	-1	-1	0.2687651331719128	0.8989960008105146	412	179	50
81997edb2dbcb188c7ad641b3c78304e	en	7.770491803278689	1.259493670886076	2.302517119734386	1.2065890987065093	0.2552742616033755	0.07383966244725738	0.5337552742616034	0.006329113924050633	0.029535864978902954	1.0	0.7400101981351981	3.1475409836065573	1.75177304964539	0.005094032200421941	0.00019760261057692307	0.008055235903337168	0.4092827004219409	9.360655737704919	1.013723298559364	4.493127147766323	2.3225806451612905	0.39451476793248946	0.677999999999999	-1	0.7993165983372521	0.2468354430379747	0.8953797465701572	460	208	61
fcc9e2fad9a3ff5f9f65243e2ded97f2	en	8.333333333333334	1.2857142857142858	2.8314285714285745	1.529895238095238	0.29523809523809524	0.07047619047619047	0.5828571428571429	0.015238095238095238	0.009523809523809525	1.0	0.7871340945581932	3.1746031746031744	1.7579617834394905	0.006925706719809524	0.00016460034061302684	0.006984126984126984	0.259047619047619	10.34920634920635	1.0109395657598272	4.493150684931507	2.246268656716418	0.45714285714285713	0.6561502347417844	1.1286783890501324	0.8843764324818091	0.21714285714285714	0.9229543718254227	520	261	63
97e53b3e065db40ac3d5554fe61ef883	en	7.8125	1.376	3.693674999999999	3.05907	0.27	0.06	0.528	0.006	0.014	0.96875	0.7455764066828494	3.0	1.4968553459119496	0.005012213991999999	0.0001979056583333333	0.008375	0.192	9.921875	1.0058341926649759	4.443076923076923	2.298507462686567	0.442	0.6777805486284282	-1	0.923103635988835	0.256	0.9237235117725819	495	240	64
cfa5c35cdfafef259e5d016d26626fc1	en	6.6454545454545455	1.4651162790697674	4.290099365750528	3.602864186046512	0.32147742818057456	0.09165526675786594	0.6019151846785226	0.0013679890560875513	0.006839945280437756	0.9636363636363636	0.7007620564960013	2.963636363636364	1.607843137254902	0.004759276641586868	0.0002063903205128205	0.005374242720343952	0.8563611491108071	8.245454545454546	1.024564639905549	4.753959873284055	2.47953216374269	0.32968536251709984	0.6522784810126582	0.808533091275406	0.927997082414537	0.2188782489740082	0.8647214902347996	729	390	110
073fe96376a5ef5dfc631192d4650898	en	7.32258064516129	1.2577092511013215	2.106775614608498	0.24451169532471217	0.2907488986784141	0.05947136563876652	0.5638766519823789	0.004405286343612335	0.022026431718061675	0.967741935483871	0.7183107420812341	3.2580645161290325	1.563758389261745	0.004639728427312775	0.00015282553777777778	0.0073740662708293445	0.32819383259911894	8.693548387096774	0.9876345204974237	4.2854671280276815	2.5051546391752577	0.43171806167400884	0.663661971830985	-1	0.895177412974635	0.21806167400881057	0.9056838710822129	453	225	62
da052f5ecfd8fefb25df7c6f34cf90c2	en	7.7254901960784315	1.33248730964467	3.146291430277696	1.0668034836269529	0.24619289340101522	0.08121827411167512	0.5583756345177665	0.01015228426395939	0.01015228426395939	0.9803921568627451	0.7982534116210587	3.0980392156862746	1.5847457627118644	0.004914687718274111	0.00016313372872340425	0.007487309644670051	0.28426395939086296	9.392156862745098	1.0192867317867318	4.421686746987952	2.357142857142857	0.4517766497461929	0.7178983050847456	-1	-1	0.24111675126903553	0.9077901034421786	390	188	51
eaf00422dfc4928c9de43469084d864a	en	7.0	1.410898379970545	3.788600883652432	2.6450170839469807	0.3240058910162003	0.08836524300441827	0.5949926362297496	0.011782032400589101	0.007363770250368188	0.9175257731958762	0.7328510548905286	2.8247422680412373	1.711111111111111	0.0047320138020790865	0.00016703349269005848	0.005310840362386754	0.47717231222385864	9.391752577319588	0.9975713842826287	4.564130434782609	2.3923076923076922	0.4374079528718704	0.706155172413792	0.7401850838423273	0.8541949062257611	0.20618556701030927	0.9212429759787238	668	342	97
1af1900b734ca94a79c9804678f3c4cc	en	8.533333333333333	1.2838541666666667	2.887479166666669	1.2083358333333334	0.2630208333333333	0.0625	0.5625	0.018229166666666668	0.015625	1.0	0.729498925215573	3.2888888888888888	1.8173076923076923	0.004973017369791667	0.0002074253142857143	0.007378472222222222	0.3177083333333333	10.333333333333334	1.01307066065838	4.414376321353066	2.303370786516854	0.4557291666666667	0.649719298245614	-1	-1	0.2265625	0.90654893557329	373	175	45
78ee87dfb3084169a9d1404db79ecb37	en	7.416666666666667	1.3089887640449438	2.7485674157303386	1.1312043071161049	0.2640449438202247	0.07303370786516854	0.574438202247191	0.008426966292134831	0.019662921348314606	0.9270833333333334	0.7733937115516062	2.9791666666666665	1.5794871794871794	0.0037435099620786515	0.00016756669911504425	0.006019261637239165	0.8117977528089888	8.791666666666666	0.9655743491741461	4.4869466515323495	2.374269005847953	0.32162921348314605	0.6682218597063632	0.42097744397674874	0.5662243088528176	0.23876404494382023	0.8656754246417148	701	339	96
038522586227d0b54535df593243364e	en	7.3478260869565215	1.4378698224852071	4.2425160792384915	3.3047103678929766	0.28106508875739644	0.08284023668639054	0.5887573964497042	0.0029585798816568047	0.01775147928994083	0.9565217391304348	0.6967116833783501	3.0652173913043477	1.6203703703703705	0.004017882262130177	0.0001438094388235294	0.009368836291913214	0.4289940828402367	9.695652173913043	1.0653787094547964	4.41991341991342	2.4457831325301207	0.47928994082840237	0.7363598326359841	-1	-1	0.23964497041420119	0.9024359201471281	338	170	46
c333e9e4c9d843c5d3f76172f5da1b8e	en	7.967032967032967	1.3144827586206898	3.0280394088669986	1.7119568776051541	0.30344827586206896	0.06482758620689655	0.5710344827586207	0.006896551724137931	0.011034482758620689	0.9230769230769231	0.7137107518480066	3.142857142857143	1.6888888888888889	0.005192224252275862	0.00018657738328767121	0.005233265720081135	0.4924137931034483	10.032967032967033	1.016302491288032	4.365853658536586	2.3877551020408165	0.3986206896551724	0.6780990415335468	0.6751797593882303	0.7567056479940275	0.21241379310344827	0.9071103805265953	721	365	91
1740c979dc12a1f94fbab1f2a8f615f7	en	7.195652173913044	1.4259818731117824	4.042890450545123	2.9423728622093797	0.27492447129909364	0.11178247734138973	0.5830815709969789	0.012084592145015106	0.006042296072507553	0.9782608695652174	0.7355848164181498	2.8260869565217392	1.723809523809524	0.004634284362537764	0.00013352656603773586	0.00925226586102719	0.3504531722054381	8.804347826086957	0.9626772382207165	4.736077481840193	2.2988505747126435	0.48942598187311176	0.6870689655172415	-1	-1	0.2326283987915408	0.9218617373781022	327	159	46
c39db6c52a16a931b626396743f2ae66	en	6.892857142857143	1.2504317789291883	1.8533092770787079	0.9164321736984946	0.28324697754749567	0.08981001727115717	0.5906735751295337	0.022452504317789293	0.0069084628670120895	0.9404761904761905	0.746733166868054	3.0	1.608433734939759	0.005844562704490501	0.00016513129813432834	0.005547705029570314	0.6044905008635578	8.488095238095237	1.0572883342666255	4.227696404793608	2.281045751633987	0.4110535405872193	0.6606041666666667	0.7313152924615501	0.9014783072028845	0.22279792746113988	0.9164685944117643	561	268	84
9bcc22c8aafc818260cb1074325fec86	en	8.15267175572519	1.3370786516853932	3.3670700746204645	2.0310667924636188	0.28370786516853935	0.1151685393258427	0.6104868913857678	0.027153558052434457	0.012172284644194757	0.9541984732824428	0.746437895940158	3.16793893129771	1.6590909090909092	0.0047701858080524346	0.00016627451224105461	0.0040921070883617695	1.099250936329588	10.526717557251908	1.0277838056192226	4.391648668106551	2.201780415430267	0.31741573033707865	0.6894220846233219	0.6061050306633052	0.7381471614825049	0.19850187265917604	0.874764287087701	1034	531	131
e92f8263ba93ae1c01f69308d69fbcab	en	8.803921568627452	1.334075723830735	3.5856229529673804	1.7177283811520154	0.267260579064588	0.10244988864142539	0.5523385300668151	0.004454342984409799	0.013363028953229399	0.9607843137254902	0.7693188690394571	3.3529411764705883	1.7608695652173914	0.0073007002844098	0.00013959545654205607	0.006774313288789903	0.42538975501113585	10.764705882352942	0.9988449092349349	4.544964028776978	2.3168316831683167	0.43207126948775054	0.6777714285714277	-1	0.8305701846223602	0.22494432071269488	0.9155193523011018	446	214	51
a2339752ccccdc91236a2f0c2fba7b92	en	7.7	1.448051948051948	4.500012987012987	2.6279919480519482	0.2597402597402597	0.1038961038961039	0.5941558441558441	0.0	0.012987012987012988	0.95	0.7611904121519506	2.775	1.8426966292134832	0.0071183023019480525	0.00016447812258064517	0.011363636363636364	0.2305194805194805	9.45	1.0164574095495147	4.744845360824742	2.3970588235294117	0.474025974025974	0.6398564593301431	-1	-1	0.262987012987013	0.8944039818067702	307	155	40
dcc3dcd50e8ea8a0d96b235d3ada1546	en	7.642857142857143	1.3769470404984423	3.638689363595905	2.042106898086337	0.2866043613707165	0.040498442367601244	0.5638629283489096	0.009345794392523364	0.009345794392523364	0.9523809523809523	0.7467873589824812	2.9761904761904763	1.6176470588235294	0.004816073233644859	0.00018639940259740262	0.010730356524749048	0.3395638629283489	9.69047619047619	1.042314292850007	4.601941747572815	2.3037974683544302	0.46417445482866043	0.6783333333333323	-1	-1	0.2367601246105919	0.9019927604823852	318	154	42
26ed0b80a5adecfb839d57c92a76c644	en	9.27027027027027	1.4285714285714286	4.882548262548262	2.773181609014262	0.2944606413994169	0.09912536443148688	0.5743440233236151	0.0058309037900874635	0.011661807580174927	1.0	0.7267916172521436	3.2972972972972974	1.7184466019417475	0.0048402080303206994	0.00020576401428571428	0.009820469541199937	0.46647230320699706	11.27027027027027	1.0335009724715607	4.76112412177986	2.295774647887324	0.45481049562682213	0.6931967213114754	-1	-1	0.23323615160349853	0.8987514753225126	342	168	37
375c90a01801316ceda518c469019956	en	7.880597014925373	1.321969696969697	3.082675260063322	1.5990373360470387	0.24621212121212122	0.07765151515151515	0.5454545454545454	0.00946969696969697	0.026515151515151516	0.9850746268656716	0.7428077183759	3.0597014925373136	1.6598639455782314	0.005120087285984848	0.0001873660693877551	0.006628787878787879	0.30113636363636365	9.671641791044776	1.0018187810705486	4.548780487804878	2.3053435114503817	0.4034090909090909	0.650815850815851	0.7069879793798619	0.7468613671628962	0.2518939393939394	0.9071438561478811	525	245	67
38d5e1bf9743314665b10b234b572b9b	en	8.360655737704919	1.2588235294117647	2.524773384763744	0.8259800707168115	0.2607843137254902	0.09411764705882353	0.5529411764705883	0.00980392156862745	0.0196078431372549	1.0	0.7223420125626007	3.1311475409836067	1.7753623188405796	0.006271185896078431	0.00012593151914893616	0.008419838523644751	0.1784313725490196	9.524590163934427	0.9781478084756774	4.554098360655738	2.289156626506024	0.42549019607843136	0.6850121654501213	0.9129358856835131	1.0358857892022508	0.2411764705882353	0.9128177603954177	504	235	61
ba53f14cb7d52573f6fa109557bc3ba8	en	7.344827586206897	1.323943661971831	2.897017969888296	1.7313493821164538	0.27699530516431925	0.081377151799687	0.5868544600938967	0.023474178403755867	0.012519561815336464	0.9310344827586207	0.7897477439778272	2.9886363636363638	1.458128078817734	0.004792518180907668	0.00017957934723127034	0.005033202216300808	0.6666666666666666	9.125	1.0832830141486558	4.261988304093567	2.3386243386243386	0.38810641627543035	0.6820000000000006	0.752502912559458	0.7764879023386236	0.2269170579029734	0.9038392429333598	620	307	88
4623def05626595cc6d98af948693a50	en	7.685714285714286	1.312267657992565	2.8921869357408383	1.6140662984599041	0.24907063197026022	0.10408921933085502	0.5576208178438662	0.022304832713754646	0.007434944237918215	1.0	0.6989374595992244	3.257142857142857	1.6219512195121952	0.0058709690539033455	0.0002066604549180328	0.011417950079660117	0.241635687732342	9.657142857142857	1.0808163265306123	4.545189504373178	2.1454545454545455	0.49070631970260226	0.6586470588235307	-1	-1	0.2342007434944238	0.9042019969117088	264	122	35
2237b2106c26c1568fd59da4463108cb	en	7.161616161616162	1.3215796897038081	2.7976706415352375	1.4263855508540981	0.2750352609308886	0.08180535966149506	0.5684062059238364	0.023977433004231313	0.012693935119887164	0.8888888888888888	0.7329110798498552	2.8686868686868685	1.6285714285714286	0.005176690433004232	0.00022293667398119122	0.005158170461414467	0.4231311706629055	8.515151515151516	0.9793730669680571	4.531818181818182	2.265625	0.3723554301833568	0.6392295081967215	0.7523802792214616	0.9942110794036574	0.22708039492242596	0.8978279540592362	689	319	99
70ecde1da862386a02916508bc3b73fa	en	5.816091954022989	1.3122529644268774	2.16286084230612	1.6994070964517745	0.31620553359683795	0.1067193675889328	0.6146245059288538	0.007905138339920948	0.01383399209486166	0.8505747126436781	0.7597985670660086	2.5632183908045976	1.631578947368421	0.004371306579051383	0.00017495645620437957	0.007066714576595999	0.8201581027667985	7.275862068965517	1.0121553414656863	4.330383480825959	2.44	0.41699604743083	0.6926044226044229	-1	0.7738129850537927	0.22529644268774704	0.8902722651344787	499	274	87
96a795f9e73a294da7189ebf82da1d61	en	9.092592592592593	1.3767820773930755	4.202139624349403	2.8142224183450257	0.2892057026476578	0.14052953156822812	0.6211812627291242	0.010183299389002037	0.006109979633401222	0.9814814814814815	0.7733406766256736	3.4444444444444446	1.7517241379310344	0.004845971100203666	0.00014374459029850746	0.007298031228784792	0.4439918533604888	11.296296296296296	1.022519558258286	4.591836734693878	2.336283185840708	0.4480651731160896	0.6967091836734692	-1	0.7805213947328222	0.19144602851323828	0.9099639031474765	485	268	54
941ae44d17e34d0a5a0ecd6ea30acab6	en	8.12	1.4729064039408868	4.957095566502463	3.095792078817734	0.2561576354679803	0.11822660098522167	0.583743842364532	0.0049261083743842365	0.009852216748768473	0.96	0.7533780721890748	3.16	1.7107438016528926	0.005162241865517242	0.00015660201725888325	0.007491789819376026	0.47783251231527096	10.04	1.0511977211454018	4.563706563706564	2.352272727272727	0.47044334975369456	0.7268729641693805	-1	-1	0.22167487684729065	0.9077428756930264	405	197	50
6d6ee8d2a9542eca4cd74093377397ad	en	6.951612903225806	1.382830626450116	3.4385304243694357	1.7729477284634387	0.29930394431554525	0.06496519721577726	0.5545243619489559	0.0069605568445475635	0.016241299303944315	0.967741935483871	0.7193525509099279	2.8225806451612905	1.4594594594594594	0.004456729793735499	0.00013768415613207548	0.00817108846968627	0.4779582366589327	9.03225806451613	1.0108873921777148	4.46572934973638	2.357142857142857	0.41299303944315546	0.6578915662650588	-1	0.7528123495221526	0.23433874709976799	0.8998793855700917	428	212	62
38a1d98a8fc8a7d1b832aceeee4bb12c	en	8.15	1.2837423312883436	2.7366595092024575	1.5679407361963196	0.24846625766871167	0.07975460122699386	0.5552147239263804	0.015337423312883436	0.013803680981595092	1.0	0.7452462601103703	3.2625	1.6368421052631579	0.0056155355953987724	0.00015806465586206897	0.00516927970915701	0.2883435582822086	10.0375	0.9921870534114149	4.447688564476886	2.281081081081081	0.42024539877300615	0.6837793851717892	0.8477477148687655	0.9286086741985301	0.2361963190184049	0.9235541334926798	635	290	80
e2402bcb846d257beef9c5e219f025b4	en	7.2	1.2972222222222223	2.525222222222226	2.0039233333333337	0.2777777777777778	0.09722222222222222	0.5888888888888889	0.022222222222222223	0.019444444444444445	1.0	0.7040022052777156	2.88	1.8173076923076923	0.005185704109166666	0.00017786810297619048	0.008823529411764706	0.31666666666666665	9.22	1.0030728335991492	4.429184549356223	2.254385964912281	0.4638888888888889	0.7060153256704975	-1	-1	0.23055555555555557	0.9173523437492702	350	168	50
bda9f042a2fce43b8b46fcffc95f6756	en	7.674698795180723	1.3720565149136579	3.5933994061016463	2.0039553214427577	0.2857142857142857	0.08006279434850863	0.5510204081632653	0.0015698587127158557	0.02511773940345369	0.9397590361445783	0.7655786286883847	2.9036144578313254	1.6613756613756614	0.005960430921507064	0.0001391780092879257	0.0048403976975405555	0.7158555729984302	9.566265060240964	0.9955474573171987	4.506748466257669	2.4166666666666665	0.4207221350078493	0.7013940520446104	0.7340860098479819	0.8207005335460797	0.23547880690737832	0.9187585892050288	633	323	83
bdfe6c4cb54a4c78ee30ec3aeb916ffd	en	8.307692307692308	1.382716049382716	3.9660493827160472	2.070928869895537	0.2808641975308642	0.09259259259259259	0.5740740740740741	0.0030864197530864196	0.021604938271604937	0.9743589743589743	0.7882299545999236	3.282051282051282	1.735632183908046	0.005416421864197531	0.00017669131288343558	0.010802469135802469	0.3425925925925926	9.692307692307692	0.9717916829758935	4.753846153846154	2.380952380952381	0.4537037037037037	0.6517777777777776	-1	-1	0.24691358024691357	0.8855674755708294	323	163	39
0da35f82d6f0477a126b9e2fcedd5285	en	8.56	1.4018691588785046	4.290456074766354	1.8698301308411218	0.3060747663551402	0.09579439252336448	0.5887850467289719	0.007009345794392523	0.016355140186915886	0.98	0.7622617278679704	3.56	1.5684931506849316	0.00487249089228972	0.00016430461705069124	0.008233199821984867	0.3341121495327103	11.6	1.05396419197455	4.321976149914821	2.25	0.48130841121495327	0.7262310030395145	-1	0.8928293279331929	0.2266355140186916	0.9211750209954988	426	217	50
98e20d63607202de612a9df7bc9c9337	en	7.389830508474576	1.231651376146789	1.8255201368371985	0.9446851656041049	0.20871559633027523	0.07110091743119266	0.5504587155963303	0.020642201834862386	0.013761467889908258	0.9491525423728814	0.7256215766991627	3.016949152542373	1.6785714285714286	0.005431968908256881	0.00018735654891304348	0.006880733944954129	0.2408256880733945	8.610169491525424	0.9701377649159304	4.348230912476723	2.290909090909091	0.4105504587155963	0.6452818991097915	-1	-1	0.29128440366972475	0.8942467004138558	414	184	59
fe150c7f658a123355b0b63373709ad7	en	8.657142857142857	1.2046204620462047	2.0008071664309277	0.5044544837340879	0.2376237623762376	0.054455445544554455	0.533003300330033	0.024752475247524754	0.00825082508250825	0.9571428571428572	0.7651478789844024	3.0714285714285716	1.6783625730994152	0.006729162066006601	0.00012404833203125	0.005913091309130913	0.4372937293729373	10.257142857142858	0.9851439033071102	4.2530446549391066	2.168831168831169	0.37458745874587457	0.6649704142011827	0.47321304887264815	0.644186398168794	0.24917491749174916	0.9023960650577703	583	256	70
9cc13f731b5cd4a47ac83f09ea2052d6	en	6.852941176470588	1.3690987124463518	3.2380118656904813	2.263730219641505	0.3283261802575107	0.0815450643776824	0.628755364806867	0.008583690987124463	0.008583690987124463	0.9264705882352942	0.7243694039249928	2.764705882352941	1.854014598540146	0.004097809748497854	0.0001699386483870968	0.008345255126371007	0.7274678111587983	8.794117647058824	1.0101241354198516	4.615755627009646	2.3819444444444446	0.41630901287553645	0.6990463215258851	-1	0.761587549974368	0.2317596566523605	0.8856198469931689	457	248	68
09f4795511afccf5bb9fefcf253e0f3f	en	8.321428571428571	1.3476394849785407	3.5575030656039246	2.539175475168609	0.30257510729613735	0.0944206008583691	0.5708154506437768	0.002145922746781116	0.004291845493562232	0.9821428571428571	0.7169778561262755	3.142857142857143	1.6516129032258065	0.005208450399356223	0.00012673220042553192	0.006054567749846721	0.5064377682403434	10.857142857142858	1.0527273861176172	4.2843601895734595	2.3692307692307693	0.4742489270386266	0.6976294277929143	-1	0.791217620927901	0.2017167381974249	0.9295895818621329	463	235	56
07ee20a03afef9e2241139e5b3131aa4	en	7.8088235294117645	1.4425612052730696	4.477663398692812	2.2775279494848792	0.23163841807909605	0.0903954802259887	0.5536723163841808	0.009416195856873822	0.011299435028248588	0.9411764705882353	0.7025741171812288	2.9558823529411766	1.6624203821656052	0.004781190376647834	0.00013664030973451326	0.007005649717514125	0.5612052730696798	10.058823529411764	1.0723450364994482	4.490566037735849	2.2992125984251968	0.3352165725047081	0.6595833333333322	0.44295316856742317	0.5386993221068308	0.2448210922787194	0.875362326596962	528	226	68
97d72d8211ef8809b4119a72eefd1c9e	en	7.372549019607843	1.4441489361702127	4.326251564455568	3.2903630684188574	0.31382978723404253	0.07313829787234043	0.5558510638297872	0.006648936170212766	0.007978723404255319	0.9411764705882353	0.7313365160896047	2.8627450980392157	1.6254826254826256	0.0054620333321010635	0.00017337026703296706	0.005027244421380384	0.7367021276595744	10.343137254901961	1.1304001393270988	4.416822429906542	2.4268774703557314	0.37101063829787234	0.6796171516079631	0.6992948920233234	0.8150340891462409	0.21675531914893617	0.8932882331548184	743	364	102
1b9bbf3fdcb77be389ba501850495d9f	en	6.793103448275862	1.2868020304568528	2.243574304218452	1.0991317696481708	0.2969543147208122	0.09898477157360407	0.5888324873096447	0.007614213197969543	0.015228426395939087	0.9310344827586207	0.7327491709070657	2.8793103448275863	1.6451612903225807	0.00560717455609137	0.00012822916315789474	0.010786802030456852	0.3477157360406091	9.258620689655173	1.0584167118423016	4.232472324723247	2.344	0.4289340101522843	0.6657288135593211	-1	0.8947330863574068	0.22842639593908629	0.8976957111646354	390	209	58
2f251bb9a962507be9e44bf403d01f67	en	7.095238095238095	1.2751677852348993	2.224122722914668	1.1057085969958447	0.2505592841163311	0.09172259507829977	0.5548098434004475	0.008948545861297539	0.017897091722595078	0.9523809523809523	0.7667935111483499	2.9206349206349205	1.7067669172932332	0.005642751357941834	0.00014209239903846153	0.008713057812316025	0.29977628635346754	8.396825396825397	1.0100125403696831	4.38898756660746	2.4554455445544554	0.39373601789709173	0.6225287356321842	-1	0.811404461791842	0.24161073825503357	0.8953797465701572	440	208	63
f685529c884a6edda2208baf1b0e536a	en	7.416666666666667	1.4943820224719102	4.936207865168544	4.25082509363296	0.3061797752808989	0.12078651685393259	0.6404494382022472	0.0	0.011235955056179775	0.9583333333333334	0.7282021170319042	3.0	1.7904761904761906	0.0046011209584269665	0.0001721065758454106	0.008309925093632958	0.5421348314606742	8.9375	0.972223599073928	5.116704805491991	2.4204545454545454	0.5140449438202247	0.7316342412451363	-1	0.7389110633508985	0.24157303370786518	0.914204838507139	355	207	48
575cb90914fc183031d7ab599d008ad2	en	7.0344827586206895	1.3513071895424837	3.0988731124633766	2.218109961685823	0.29901960784313725	0.07516339869281045	0.5816993464052288	0.03104575163398693	0.011437908496732025	0.9425287356321839	0.7412915212162816	3.0568181818181817	1.634517766497462	0.005666164637908497	0.00018352725479452053	0.005430603613994618	0.5849673202614379	8.738636363636363	1.0348671259887974	4.286413708690331	2.288135593220339	0.4117647058823529	0.6615594541910333	0.7693650229369857	0.8101671519957333	0.19607843137254902	0.9118150818000201	595	292	88
e1dd8be78bdda914b03eb042aa213f61	en	8.075187969924812	1.3165735567970205	3.0948912784755187	1.7876947060388408	0.2737430167597765	0.06890130353817504	0.5558659217877095	0.00931098696461825	0.0074487895716946	0.9849624060150376	0.7375534082920446	3.112781954887218	1.5786350148367954	0.005002541613165735	0.00018049942208588958	0.004078212290502793	0.7243947858472998	10.293233082706767	1.0482530558467473	4.432276657060519	2.3208191126279862	0.28584729981378026	0.6490051282051299	0.6953746291071233	0.8695694117124662	0.239292364990689	0.8739226847674353	1053	489	133
1b18c0133c839da986e04b37216bd12c	en	8.181818181818182	1.3611111111111112	3.662020202020205	2.293722222222223	0.26555555555555554	0.09222222222222222	0.56	0.008888888888888889	0.013333333333333334	0.9636363636363636	0.7351086613642632	3.1272727272727274	1.6755725190839694	0.00571576751	0.0001741399550827423	0.004771241830065359	0.47333333333333333	10.127272727272727	1.0009279193250484	4.519719544259422	2.325	0.34444444444444444	0.6630087390761561	0.6513196379258156	0.776493987799691	0.23777777777777778	0.9013896105903929	887	423	110
2afea0b19312301f8904d0af987e3a6a	en	9.423076923076923	1.3959183673469389	4.556836734693881	2.8035588697017264	0.3020408163265306	0.06938775510204082	0.5857142857142857	0.006122448979591836	0.00816326530612245	1.0	0.7769061921606997	3.5576923076923075	1.7785714285714285	0.005967088427142857	0.00020145475325203252	0.006122448979591837	0.5081632653061224	11.596153846153847	0.9851150881355731	4.709677419354839	2.375	0.46938775510204084	0.7243478260869562	-1	0.8343138980699226	0.22040816326530613	0.9172664669311895	487	246	52
e5c26a4a8813f9a599cfb0bfacb1006c	en	7.135593220338983	1.342042755344418	3.0289858689963367	1.5701139417850962	0.28741092636579574	0.0855106888361045	0.5629453681710214	0.011876484560570071	0.021377672209026127	0.9661016949152542	0.7449479413982455	2.864406779661017	1.7633587786259541	0.004927077316389549	0.00012999914673366835	0.009897070467141727	0.2684085510688836	9.152542372881356	1.0597337492520364	4.1834215167548505	2.4326923076923075	0.42042755344418054	0.6287888198757776	-1	-1	0.2042755344418052	0.9012676923842131	415	199	59
87952e21a72861e135d25474f3b0e067	en	5.9625	1.29979035639413	2.0729012054507336	1.0329991823899376	0.24109014675052412	0.09643605870020965	0.5723270440251572	0.016771488469601678	0.012578616352201259	0.95	0.7288933640199465	2.55	1.6524822695035462	0.004945856521802935	0.0001408065863849765	0.007127882599580713	0.2851153039832285	7.5375	1.0285715673215674	4.20625	2.4285714285714284	0.4444444444444444	0.6703174603174595	-1	0.8638425924026625	0.24947589098532494	0.9121586694155932	465	213	80
57d85ea99854cc7a6814ed432908584c	en	8.08695652173913	1.2688172043010753	2.535956054230951	1.195149883122955	0.2616487455197133	0.13440860215053763	0.6021505376344086	0.0035842293906810036	0.014336917562724014	0.9855072463768116	0.7579203064383359	3.2028985507246377	1.6832298136645962	0.0060423396433691755	0.0001475655472972973	0.005878136200716846	0.46415770609318996	9.782608695652174	0.9932114133798045	4.307799442896936	2.443609022556391	0.42473118279569894	0.6817864923747277	0.7186945597039391	0.8482679501972009	0.23297491039426524	0.9086392584758667	551	296	69
128c73f87bd3ad8963c4ddaba1ad0c20	en	7.7592592592592595	1.2124105011933175	1.7425550251922566	-0.14516975161318824	0.25059665871121717	0.059665871121718374	0.5083532219570406	0.0	0.028639618138424822	0.9814814814814815	0.725248886333792	2.7777777777777777	1.6585365853658536	0.005342740824105012	0.00018287516031746033	0.006968973747016707	0.3818615751789976	9.444444444444445	0.9636036472849974	4.376953125	2.4056603773584904	0.3747016706443914	0.585062499999999	-1	-1	0.24821002386634844	0.8967392650366078	414	189	54
16bf6f281648aacb674855e03af5b5be	en	7.82051282051282	1.3360655737704918	3.225573770491806	1.9569831862126943	0.26229508196721313	0.08360655737704918	0.5704918032786885	0.018032786885245903	0.018032786885245903	0.9871794871794872	0.7780735180276814	2.923076923076923	1.718918918918919	0.005124519037704918	0.00016386797358490564	0.006504494976203068	0.6852459016393443	9.243589743589743	0.971606173698934	4.697135061391542	2.2337662337662336	0.34262295081967215	0.6714481409001966	0.5955463801225982	0.7040384998645631	0.23114754098360657	0.875096478658504	600	265	78
0016793347acd852818ea220bc61e144	en	7.6375	1.364975450081833	3.4953353109656327	2.7435939279869066	0.281505728314239	0.07528641571194762	0.5597381342062193	0.01800327332242226	0.004909983633387889	0.975	0.7722562370956619	3.125	1.7379679144385027	0.00604978978903437	0.00014562874778156998	0.005150669105612785	0.7757774140752864	10.3375	1.0357611126690074	4.245508982035928	2.25	0.40916530278232405	0.6880273437500009	0.6045447340621357	0.8125140035667958	0.20458265139116202	0.9102688159212268	597	293	80
2ff24778d89f665ec1c6fd0f59072d34	en	7.626262626262626	1.2980132450331126	2.7007987156331517	1.1602435614422375	0.28344370860927154	0.10728476821192053	0.5867549668874172	0.006622516556291391	0.017218543046357615	0.9494949494949495	0.7498909020817782	3.090909090909091	1.5365853658536586	0.0046141089785430465	0.00013779927338501292	0.005676442762535478	0.6463576158940397	10.545454545454545	1.0667985924091095	4.130841121495327	2.2589285714285716	0.3562913907284768	0.6690701219512187	0.6077138891970274	0.7545398892222341	0.223841059602649	0.8900515121493319	750	387	99
6f3d168663c6cdf2a9571cf458e874a4	en	7.666666666666667	1.2494279176201373	2.1432494279176204	0.21707261632341757	0.2837528604118993	0.08924485125858124	0.5354691075514875	0.0	0.032036613272311214	1.0	0.732005188439012	2.754385964912281	1.9596774193548387	0.006543981812356979	0.0001383007136150235	0.008625242034853018	0.6361556064073226	9.280701754385966	0.9966683721531368	4.234317343173432	2.3181818181818183	0.39588100686498856	0.6170118343195264	-1	0.7788074392092289	0.22654462242562928	0.8834061457584796	431	213	57
22b34a58b7608361de4f8f2ed4d05be1	en	8.709090909090909	1.394572025052192	4.26249535016132	2.2367758663883084	0.2881002087682672	0.07724425887265135	0.5511482254697286	0.008350730688935281	0.016701461377870562	0.9636363636363636	0.8021790089600545	3.1636363636363636	1.695364238410596	0.005715994503632568	0.00016707067136563877	0.007058355701361964	0.27348643006263046	11.272727272727273	1.045421157789579	4.531001589825119	2.3284671532846715	0.453027139874739	0.6802894736842106	-1	0.8516281492333614	0.21711899791231734	0.9186456291116272	472	227	55
7cd9e3c55c8431c880093be61a9e3f11	en	8.787878787878787	1.4597701149425288	5.062560083594569	3.5537356321839084	0.30689655172413793	0.08735632183908046	0.5666666666666667	0.008045977011494253	0.011494252873563218	0.9292929292929293	0.7453562377331883	3.242424242424242	1.7785714285714285	0.006113740981724137	0.0001523571684090909	0.005172413793103448	0.764367816091954	11.313131313131313	1.0900033634835211	4.532513181019332	2.305699481865285	0.3252873563218391	0.6268093385214032	0.6586476918243067	0.7732706500138938	0.2218390804597701	0.87926009645357	862	440	99
0efbdfd56e3193d0d432c3d569d221c6	en	8.8	1.201048951048951	2.014377622377623	0.3436502097902103	0.256993006993007	0.05944055944055944	0.541958041958042	0.015734265734265736	0.02097902097902098	1.0	0.7436965956497206	3.353846153846154	1.705521472392638	0.005154320195804195	0.00017161902371541502	0.0072690467427309535	0.23601398601398602	10.307692307692308	0.9924294808178451	4.36676217765043	2.3484848484848486	0.4125874125874126	0.6575475687103581	0.8905147676160786	0.9163340023984918	0.2395104895104895	0.9205479229654121	558	253	65
b63b0f29da3a87cb766f504678b646e6	en	7.53030303030303	1.2233400402414487	1.7822306566672772	0.17050529845741114	0.25553319919517103	0.08853118712273642	0.5633802816901409	0.018108651911468814	0.014084507042253521	0.9696969696969697	0.7726126010741395	3.1363636363636362	1.6666666666666667	0.0057564577416499	0.00015730503247863247	0.006515282169205711	0.29979879275653926	9.136363636363637	0.9870190625872444	4.2863924050632916	2.304	0.4607645875251509	0.7008793969849249	-1	0.813090038465175	0.22132796780684105	0.9233100116203443	486	234	66
8ebd037bd7e213fd577cbc9187978f3c	en	6.722222222222222	1.334710743801653	2.7812534435261718	1.0325712580348947	0.25826446280991733	0.11776859504132231	0.5723140495867769	0.008264462809917356	0.012396694214876033	0.875	0.7479772759980322	2.8055555555555554	1.6274509803921569	0.004713321793181818	0.00017083977543103448	0.009115216334467673	0.1962809917355372	8.416666666666666	1.0339755152255152	4.389154704944179	2.4384615384615387	0.39462809917355374	0.6537922077922075	-1	0.8764384019377244	0.22520661157024793	0.8908140658956069	481	232	72
01f53acf6f28ac1f79ed98de0bfe461a	en	6.203007518796992	1.4024242424242424	3.3777789929368893	2.841003463203463	0.3381818181818182	0.09818181818181818	0.6278787878787879	0.03636363636363636	0.0048484848484848485	0.8195488721804511	0.725029476106031	2.8421052631578947	1.7007575757575757	0.004534512369616242	0.00017532075869565217	0.00529505582137161	0.38545454545454544	8.285714285714286	1.1512606754148107	4.3530906011854364	2.6115942028985506	0.41818181818181815	0.680867768595042	0.759713894033632	0.7953565884060109	0.1781818181818182	0.9024560673179091	784	414	133
b9eca5eccade076975768113b38a0d4a	en	8.880952380952381	1.193029490616622	1.951319417847568	-0.27474283160985546	0.22788203753351208	0.08310991957104558	0.5308310991957105	0.01876675603217158	0.01876675603217158	1.0	0.7519470247590766	3.238095238095238	1.8712871287128714	0.00659683455227882	0.00017824865822784811	0.011548772942874819	0.12064343163538874	10.238095238095237	0.9436697794891072	4.426267281105991	2.3783783783783785	0.4343163538873995	0.6397810218978109	-1	-1	0.2386058981233244	0.9015827182880111	371	158	42
ed0e158a5c268d3bcefd3c8ceae35076	en	8.231707317073171	1.3022222222222222	2.9865880758807606	1.3211636856368565	0.25925925925925924	0.0725925925925926	0.5792592592592593	0.017777777777777778	0.02666666666666667	0.9512195121951219	0.7533623642556103	3.2804878048780486	1.5555555555555556	0.0046551747431111115	0.00019184113902439025	0.004403292181069959	0.48444444444444446	9.939024390243903	0.967460684352894	4.49346016646849	2.288135593220339	0.41185185185185186	0.6878993055555558	0.6398004983571816	0.8785341560016198	0.25925925925925924	0.9111172553766451	659	328	82
6192116585f416eee1cf967fb0486c9f	en	8.052631578947368	1.4640522875816993	4.826343309253524	3.5827398692810455	0.32189542483660133	0.0784313725490196	0.5964052287581699	0.0016339869281045752	0.017973856209150325	0.9210526315789473	0.7345733340733339	3.1973684210526314	1.6435643564356435	0.005487583124019608	0.00013224728972809668	0.006711017740429505	0.2581699346405229	10.539473684210526	1.0106881175669875	4.5884520884520885	2.3220338983050848	0.4411764705882353	0.6524366471734886	0.6722223522235281	0.9699729563137908	0.21895424836601307	0.9199291938531755	609	331	76
d5da0082da362d948562b54717e6559f	en	7.1911764705882355	1.3312883435582823	2.923761277517144	1.5639904727535185	0.31901840490797545	0.10224948875255624	0.5950920245398773	0.006134969325153374	0.012269938650306749	0.9264705882352942	0.7741747887270272	3.1029411764705883	1.537037037037037	0.004560474469734151	0.0001653905428	0.006837934560327199	0.803680981595092	9.294117647058824	1.045714807587645	4.204545454545454	2.423076923076923	0.4171779141104294	0.6629743589743574	-1	0.8786137279635052	0.18813905930470348	0.9013436509747904	485	250	68
0693f0ee75684b594b2bd5513810db70	en	8.123076923076923	1.3598484848484849	3.624212121212121	2.387231491841491	0.2840909090909091	0.07386363636363637	0.571969696969697	0.011363636363636364	0.028409090909090908	0.9230769230769231	0.7109171715743408	2.8923076923076922	1.4790419161676647	0.003971644658712121	0.00014475913647058822	0.007747933884297521	0.3352272727272727	9.753846153846155	0.9626895648747732	4.5233785822021115	2.2711864406779663	0.42613636363636365	0.6933333333333337	0.5687698683159063	0.9134488780714882	0.23863636363636365	0.9089899011958331	522	255	65
0b8f4eb75f8cc8b9948e7b3e39153d8b	en	7.959183673469388	1.358974358974359	3.5499790685504955	1.860031920460492	0.28974358974358977	0.07435897435897436	0.5666666666666667	0.010256410256410256	0.01282051282051282	0.9795918367346939	0.7982030632765929	3.0408163265306123	1.4883720930232558	0.004677348728717949	0.00016425805604395604	0.008333333333333333	0.3128205128205128	10.489795918367347	1.0413941983719894	4.342967244701349	2.309734513274336	0.46923076923076923	0.6933333333333325	-1	-1	0.21794871794871795	0.9231389069239996	382	182	49
ec66184de283aec11378a36208aaa644	en	7.342105263157895	1.2365591397849462	1.864818902093944	0.7850731182795698	0.27060931899641577	0.06630824372759857	0.5806451612903226	0.025089605734767026	0.010752688172043012	0.9736842105263158	0.769497133150074	2.986842105263158	1.628930817610063	0.004762345130645161	0.0001594396996	0.006155524388343463	0.24193548387096775	8.855263157894736	0.9617572472428265	4.225806451612903	2.361842105263158	0.4336917562724014	0.667952069716776	0.6669061313941633	0.9128568154219779	0.24193548387096775	0.9269274723759701	540	250	76
88baec576e09e1adffcf0001d7b99807	en	8.723076923076922	1.2680776014109347	2.775315696649031	0.9346095726495727	0.2257495590828924	0.09523809523809523	0.5379188712522046	0.012345679012345678	0.014109347442680775	0.9846153846153847	0.7895239959693082	3.4615384615384617	1.7358490566037736	0.006107035745502646	0.00015398742967479676	0.00580540858318636	0.3403880070546737	10.261538461538462	0.9802137527339957	4.458944281524927	2.216666666666667	0.3897707231040564	0.6807051282051273	0.7307449017171315	0.7769088845713006	0.24691358024691357	0.906472671846742	556	246	65
965ab550e00f240af974bb1c295a5343	en	8.05084745762712	1.288421052631579	2.7531989295272083	1.4604701159678868	0.2673684210526316	0.06315789473684211	0.5873684210526315	0.018947368421052633	0.004210526315789474	0.9661016949152542	0.7790714481063579	2.8813559322033897	1.7703703703703704	0.005305463425263158	0.00014412335944700462	0.006698564593301435	0.24421052631578946	9.94915254237288	0.9754306565893357	4.506688963210703	2.3649635036496353	0.4610526315789474	0.6764627659574459	-1	0.9350575076476946	0.24210526315789474	0.9301192898508388	466	217	59
766439c430befcd1065bf6cd55c658ca	en	8.267441860465116	1.30098452883263	2.9859197658064325	1.2652347038236353	0.2714486638537271	0.08860759493670886	0.5485232067510548	0.007032348804500703	0.01969057665260197	0.9767441860465116	0.7549537872435337	3.0348837209302326	1.579185520361991	0.005415860209985935	0.00014939217311178249	0.006479807112718504	0.31223628691983124	10.011627906976743	0.9840986909300862	4.438340807174888	2.3354037267080745	0.3727144866385373	0.641617647058824	0.6076762469971925	0.798489358656509	0.2419127988748242	0.8940503226984992	706	331	86
cda382743ea2b1e25acfca6b4a1f48e1	en	8.0	1.228846153846154	2.030384615384616	0.9036961538461536	0.25384615384615383	0.09615384615384616	0.5807692307692308	0.013461538461538462	0.019230769230769232	1.0	0.7634970178761298	3.0153846153846153	1.8115942028985508	0.005142336349423077	0.00014788848266129032	0.006009615384615385	0.40576923076923077	9.707692307692307	1.0270548317946506	4.343032159264931	2.344	0.42115384615384616	0.6791923990498816	0.8653853531775341	0.8494064652528504	0.23076923076923078	0.911208025376364	509	248	65
2a080af7ab6160cb5f17a33124892585	en	7.208333333333333	1.260115606936416	2.090614161849711	0.42636050096339106	0.2745664739884393	0.09248554913294797	0.5867052023121387	0.005780346820809248	0.014450867052023121	0.9583333333333334	0.7433694083694079	2.84375	1.7053140096618358	0.005110250835693641	0.000154576018694362	0.005831957060280759	0.4754335260115607	8.895833333333334	0.9662253443043883	4.41271676300578	2.317204301075269	0.38439306358381503	0.6892411467116356	0.6320685337310185	0.7364851038160307	0.2398843930635838	0.9033368484509687	687	337	96
f3d426c8b6b986983a9541939af43c59	en	9.546875	1.2176759410801965	2.5018573547463205	0.6153455196399347	0.25368248772504093	0.06873977086743044	0.5384615384615384	0.019639934533551555	0.016366612111292964	0.984375	0.7392157774974629	3.65625	1.625	0.005966566304418985	0.00018756662109375	0.005135730007336757	0.5417348608837971	11.515625	0.9580908411675875	4.37466307277628	2.2254335260115607	0.397708674304419	0.6662304687500008	0.6089597363968455	0.7305586342504179	0.22913256955810146	0.9185910192788848	596	256	64
286ce864be51e03f0258cf4a8a521155	en	7.3896103896103895	1.2003514938488578	1.456095679364573	0.596693999497866	0.23725834797891038	0.06678383128295255	0.5483304042179262	0.026362038664323375	0.01757469244288225	0.961038961038961	0.724533470204839	2.9220779220779223	1.6226415094339623	0.005328374868189807	0.00018348054824561403	0.006527742907356264	0.2513181019332162	9.116883116883116	0.9727565452966523	4.397743300423131	2.3043478260869565	0.3532513181019332	0.6130212765957449	0.7717366125698457	0.9157203395035257	0.22495606326889278	0.9034743988813004	550	228	77
5ab8dd1b5fab337950293acf34e93ce7	en	7.621212121212121	1.2385685884691848	1.9973820712091097	0.8758670642809818	0.23658051689860835	0.09343936381709742	0.5666003976143141	0.019880715705765408	0.015904572564612324	0.9545454545454546	0.7883127983127983	2.984848484848485	1.6666666666666667	0.004880246318091451	0.00015941389519650656	0.005272711556746476	0.28628230616302186	9.515151515151516	0.9745989638703544	4.36734693877551	2.2916666666666665	0.43339960238568587	0.672128712871287	-1	0.893239580973072	0.23856858846918488	0.934014256142312	488	229	66
e2ba5561e8b7805e2214b5c892702f2c	en	7.711538461538462	1.2493765586034913	2.160143391521199	0.5738954153078843	0.26683291770573564	0.08229426433915212	0.57356608478803	0.00997506234413965	0.012468827930174564	1.0	0.7439527248350779	3.173076923076923	1.8508771929824561	0.005811408865087282	0.0001746866453125	0.008728179551122194	0.18204488778054864	9.192307692307692	0.9828440523152062	4.385395537525355	2.3544303797468356	0.4389027431421446	0.6358940397350984	-1	-1	0.24189526184538654	0.9090114503074214	398	192	52
3cb770f0701a15f76a2b1257a2167606	en	7.027027027027027	1.2442307692307693	1.8324636174636204	0.7048419958419956	0.24807692307692308	0.075	0.5442307692307692	0.015384615384615385	0.01730769230769231	0.972972972972973	0.7292691897143951	3.0	1.5949367088607596	0.005702021228846154	0.00016503313559322033	0.007692307692307693	0.25769230769230766	9.121621621621621	1.0160551403198461	4.237113402061856	2.308139534883721	0.4269230769230769	0.6709026128266041	0.5303527585789964	0.6917519487471354	0.2173076923076923	0.9095838739041686	509	236	74
52d6ff025d8e41caa2328e4916794c20	en	7.031914893617022	1.2465960665658093	1.862280393987188	0.9239585605304663	0.27685325264750377	0.07715582450832073	0.5688350983358548	0.019667170953101363	0.012102874432677761	0.9468085106382979	0.7339757048585567	2.8191489361702127	1.6650717703349283	0.005909986292586989	0.000195475848	0.006107469042416093	0.30257186081694404	8.840425531914894	1.0124217199154621	4.468489892984542	2.322751322751323	0.3812405446293495	0.6606049822064054	0.7610263863117668	0.8413458784208259	0.2254160363086233	0.902470334323842	650	300	94
c084070280deaf2dc330d301c60197d7	en	7.976470588235294	1.2772861356932153	2.592799930591706	1.716114259934062	0.3141592920353982	0.06489675516224189	0.5811209439528023	0.025073746312684365	0.007374631268436578	0.9411764705882353	0.6995181039740967	3.0470588235294116	1.6188340807174888	0.004835677521297935	0.0002040893130718954	0.006391347099311701	0.5530973451327433	10.294117647058824	1.0283564816676272	4.452164009111617	2.1566265060240966	0.38495575221238937	0.6597927461139907	0.6354375188290509	0.7632106130247748	0.2153392330383481	0.9013677978605955	638	306	85
4790a815e79191393e182e713c680afc	en	7.463414634146342	1.3545751633986929	3.3047186354216507	2.1789613582018177	0.30718954248366015	0.0915032679738562	0.6045751633986928	0.0196078431372549	0.008169934640522876	0.9512195121951219	0.6999561652339429	3.231707317073171	1.7074468085106382	0.0034481968713071898	0.00019913460687499997	0.0072211680371073155	0.5277777777777778	9.170731707317072	0.9655575214112743	4.674479166666667	2.3155339805825244	0.3741830065359477	0.6392202729044818	0.6285684405164149	0.8394353170832614	0.23202614379084968	0.8851701348839303	591	320	82
8187a424d10825784984625c2b13ee65	en	7.160714285714286	1.2618453865336658	2.0924541325258303	1.0383811542572148	0.2194513715710723	0.10723192019950124	0.5561097256857855	0.007481296758104738	0.0199501246882793	0.9821428571428571	0.7484718816536997	2.8214285714285716	1.5546218487394958	0.004638899995012468	0.0001804831182795699	0.007481296758104738	0.09975062344139651	8.678571428571429	0.9821675439744049	4.32741617357002	2.4144144144144146	0.48129675810473815	0.6841059602649014	-1	-1	0.2518703241895262	0.9372516705771936	394	186	56
4937e3cde0f76fbc6aa48d28eecb0fa6	en	7.933333333333334	1.2752100840336134	2.551478991596639	1.2202978711484591	0.2668067226890756	0.07142857142857142	0.5630252100840336	0.01050420168067227	0.01050420168067227	0.9833333333333333	0.775879017404441	3.433333333333333	1.619718309859155	0.005882525665336134	0.000157606240969163	0.007033248081841433	0.31932773109243695	9.866666666666667	1.0178764145211514	4.281045751633987	2.330357142857143	0.4495798319327731	0.6989389920424401	-1	0.8520054144028552	0.22899159663865545	0.9186456291116272	471	227	60
7fdf5e28bbefa5860c6828c7e5c02f21	en	7.6	1.3421052631578947	3.2108421052631577	1.9578859919028337	0.305668016194332	0.10728744939271255	0.6255060728744939	0.022267206477732792	0.018218623481781375	0.9846153846153847	0.759327143604711	3.0615384615384613	1.7635135135135136	0.004230608918906882	0.00023557071404255316	0.006950067476383265	0.5870445344129555	9.4	1.0326795002055675	4.503134796238244	2.3203125	0.43724696356275305	0.7116455696202526	-1	0.8440184414846496	0.2145748987854251	0.8943539596433623	482	235	65
b9049af28c5a8fbbdf7146e53382e877	en	6.552238805970149	1.287015945330296	2.1521612892258517	1.4927666745996664	0.28929384965831434	0.07972665148063782	0.5626423690205011	0.011389521640091117	0.004555808656036446	0.9850746268656716	0.7793141202232111	2.8208955223880596	1.6474820143884892	0.006313621217767653	0.00014310342870813396	0.006924829157175398	0.4054669703872437	8.805970149253731	1.0087619522014883	4.214046822742475	2.274390243902439	0.44419134396355353	0.6530882352941176	-1	0.8696939709059583	0.2255125284738041	0.9153955738398761	429	209	67
8f71adbfaa7d4939e8ef478502abf22a	en	7.5	1.3466666666666667	3.225666666666669	1.7501555555555557	0.2651851851851852	0.0874074074074074	0.5837037037037037	0.017777777777777778	0.011851851851851851	0.9888888888888889	0.7784969383727514	3.077777777777778	1.7540983606557377	0.005025570681037037	0.00020472517006578947	0.00546031746031746	0.6888888888888889	8.988888888888889	0.9796232891564811	4.485242030696576	2.3258426966292136	0.35703703703703704	0.6693055555555559	0.6608730724975975	0.7642499282754305	0.2311111111111111	0.8855292115834451	659	304	90
0bbf962ebf0274b9ea2568f76363447d	en	7.894736842105263	1.3276190476190477	3.1548521303258177	1.7979047619047623	0.25333333333333335	0.08571428571428572	0.5685714285714286	0.01619047619047619	0.012380952380952381	0.9398496240601504	0.7319085028995668	3.0902255639097747	1.5981012658227849	0.005002932789999999	0.00014076965041493776	0.003064935064935065	0.9485714285714286	10.308270676691729	1.0017950326165719	4.2541516245487365	2.237142857142857	0.3504761904761905	0.6802839116719239	0.7036321777334085	0.790711377361103	0.23142857142857143	0.9055943654261447	1028	482	133
b59735e638d199db43c89b2c47422f4b	en	8.60655737704918	1.321904761904762	3.365033567525373	1.8822068696330994	0.25142857142857145	0.09523809523809523	0.5504761904761905	0.013333333333333334	0.009523809523809525	0.9836065573770492	0.705764409882057	3.360655737704918	1.6484848484848484	0.006252684212	0.0001299826252	0.007532467532467533	0.3352380952380952	10.639344262295081	1.0282681961992275	4.387537993920972	2.158333333333333	0.41333333333333333	0.6660798122065735	0.7414827387495563	0.8129879740031813	0.21904761904761905	0.90009027927706	516	250	61
8e952efd1f7afaffa5c6bfcd9a9ffdc9	en	7.456521739130435	1.3206997084548104	2.902300038027633	1.4426050703511222	0.2565597667638484	0.0728862973760933	0.5451895043731778	0.01749271137026239	0.0029154518950437317	0.9565217391304348	0.7355478764250692	2.847826086956522	1.6636363636363636	0.004862272262390671	0.00019339623312883436	0.010828821324448146	0.18950437317784258	9.0	0.9787218305280965	4.622327790973872	2.3295454545454546	0.44314868804664725	0.646516393442623	-1	-1	0.24198250728862974	0.9060358939687118	341	163	46
e96cbbe1392ab69f62754d36be8635ce	en	8.105263157894736	1.3474025974025974	3.470403280929599	1.7968233766233759	0.32142857142857145	0.05844155844155844	0.5762987012987013	0.003246753246753247	0.012987012987012988	0.9868421052631579	0.7322580937580938	3.236842105263158	1.7978142076502732	0.0049137823376623375	0.0001501435	0.006797889610389611	0.6038961038961039	9.881578947368421	0.9917219905063154	4.72608125819135	2.3877551020408165	0.38636363636363635	0.6917408123791098	0.5446885163730384	0.6887280717376456	0.22402597402597402	0.8913622456607274	612	320	76
98f6e4e70af9a7d800ab0077e47ad2a9	en	7.439024390243903	1.321311475409836	2.9026949220311877	1.4874934026389441	0.26229508196721313	0.08032786885245902	0.5622950819672131	0.014754098360655738	0.009836065573770493	0.9512195121951219	0.7863330184683395	3.0121951219512195	1.6666666666666667	0.0058256367655737705	0.00015404203819444445	0.005023796932839767	0.44426229508196724	9.231707317073171	1.0340390508554822	4.355081555834379	2.328767123287671	0.4245901639344262	0.6872798434442273	0.9512065389811679	0.9334769191844001	0.23114754098360657	0.9227941272137841	599	288	82
0d6c9bc430c9a38406649e3d224d6654	en	8.6	1.2248062015503876	2.216713178294576	0.5964548837209303	0.26046511627906976	0.09147286821705426	0.5348837209302325	0.013953488372093023	0.007751937984496124	1.0	0.7466429789959201	3.223684210526316	1.8277777777777777	0.0077117598716279065	0.00014764681337792643	0.005980066445182724	0.4186046511627907	10.302631578947368	0.9689038368141554	4.24159402241594	2.3757225433526012	0.3643410852713178	0.6706593406593385	0.5786906364118829	0.845075095543812	0.22790697674418606	0.8999121996170822	633	299	76
4ea85b63c39828a4962aa1c24aded74e	en	8.264150943396226	1.4155251141552512	4.336215214956493	2.831743206685621	0.2922374429223744	0.0958904109589041	0.5958904109589042	0.0045662100456621	0.0182648401826484	0.9433962264150944	0.7668716984967878	2.981132075471698	1.673758865248227	0.004263043694063926	0.00016967738604651165	0.008656773211567732	0.5091324200913242	10.641509433962264	1.039551656179818	4.654044750430293	2.396039603960396	0.4269406392694064	0.6729793510324478	-1	0.646877510182713	0.22602739726027396	0.8898614034462587	437	215	53
e838b7df780a06481789ea618ad57da6	en	7.116504854368932	1.2919508867667122	2.4304573570510897	1.1221783838196537	0.24693042291950887	0.06275579809004093	0.5538881309686221	0.0068212824010914054	0.013642564802182811	0.9611650485436893	0.7296172509407801	2.7572815533980584	1.5622119815668203	0.0049704627395634375	0.0001288413296735905	0.0050022737608003635	0.4379263301500682	8.854368932038835	0.9976606831704671	4.53695652173913	2.3210526315789473	0.35743519781718963	0.6575236593059959	0.8585415504954661	0.9105513416057729	0.2728512960436562	0.8969555739238018	726	337	103
e28598d5f73974210a3052105583323b	en	9.235294117647058	1.3630573248407643	4.095841139003372	2.8480265267890603	0.2515923566878981	0.0732484076433121	0.5318471337579618	0.028662420382165606	0.01910828025477707	1.0	0.7195022001171734	2.9705882352941178	2.0240963855421685	0.005710385883757961	0.00017586224609375	0.01251137397634213	0.2356687898089172	11.705882352941176	1.053493450707073	4.423940149625935	2.1538461538461537	0.43630573248407645	0.64060465116279	-1	-1	0.22611464968152867	0.8785353027863833	304	128	34
c5197150866fc3e174df759a68c85432	en	7.6521739130434785	1.4289772727272727	4.256279644268776	2.3459207509881432	0.25	0.09943181818181818	0.5397727272727273	0.0	0.014204545454545454	0.9782608695652174	0.7557985224651889	2.869565217391304	1.5135135135135136	0.005320854090340909	0.00017864809693251535	0.008116883116883118	0.11079545454545454	9.543478260869565	1.0243423456339058	4.583333333333333	2.4022988505747125	0.5	0.6776679841897231	-1	-1	0.23863636363636365	0.9398756425126206	352	163	46
a70c2db90902d7880d14009df68b4ec1	en	7.40625	1.2784810126582278	2.3845134493670876	0.5851815400843878	0.2742616033755274	0.1308016877637131	0.5991561181434599	0.012658227848101266	0.0	0.9375	0.6616810608746093	2.9375	1.7941176470588236	0.005302398540084388	0.00019783362393162394	0.012939521800281293	0.35864978902953587	9.59375	1.0667457542457544	4.300632911392405	2.357142857142857	0.459915611814346	0.6189130434782606	-1	-1	0.22784810126582278	0.8765717773122282	234	117	32
0e5fc7b5bc16b10a33e02c006e452557	en	7.7974683544303796	1.271103896103896	2.450038632253822	0.8460094361334876	0.2727272727272727	0.10714285714285714	0.560064935064935	0.011363636363636364	0.012987012987012988	0.9240506329113924	0.7363314894423489	3.2658227848101267	1.631578947368421	0.006159548734577922	0.0001653529381625442	0.006444313262495081	0.836038961038961	9.987341772151899	1.0535036036951426	4.375780274656679	2.327272727272727	0.3181818181818182	0.6558220502901356	0.5924187105220765	0.6491182149224657	0.20941558441558442	0.8608375018796938	605	283	79
f0257b8a36bc65e5ad78ee8ecabeb317	en	8.297872340425531	1.2974358974358975	2.9559138025095493	1.2515837424986356	0.2794871794871795	0.11025641025641025	0.5820512820512821	0.002564102564102564	0.015384615384615385	0.9361702127659575	0.7437267035236144	3.0425531914893615	1.9075630252100841	0.0059452640000000005	0.00017647323671497584	0.008275058275058275	0.4153846153846154	10.72340425531915	1.0364029320789787	4.4	2.21	0.43846153846153846	0.6578694158075591	-1	0.9190106835585957	0.21025641025641026	0.8993143519311935	390	207	47
6e58d68833c2d14e059913aaa8efd777	en	6.768115942028985	1.3747323340471092	3.271406759147194	1.9795840176271606	0.26124197002141325	0.09635974304068523	0.5802997858672377	0.014989293361884369	0.014989293361884369	0.9565217391304348	0.7859619355077829	2.63768115942029	1.5944055944055944	0.0042756077059957175	0.00018371387534246576	0.0059957173447537475	0.430406852248394	8.304347826086957	1.0067612942612942	4.571669477234401	2.3271028037383177	0.4518201284796574	0.7179347826086951	-1	0.968744591754135	0.2398286937901499	0.9143047137220011	463	219	69
0d3a69a1589f9225636446a2a4459a81	en	6.412698412698413	1.25990099009901	1.7777840641206986	0.6126982241081258	0.24504950495049505	0.09158415841584158	0.5965346534653465	0.022277227722772276	0.017326732673267328	0.9841269841269841	0.7543500406403633	2.6825396825396823	1.6902654867256637	0.004640402478217822	0.00021032233263157892	0.0075560187597707145	0.29207920792079206	8.317460317460318	1.00332198665532	4.246240601503759	2.2653061224489797	0.47029702970297027	0.695967213114754	-1	-1	0.25742574257425743	0.9247204124073651	390	190	63
c08b0450062757b1bdbecd53089df555	en	8.377777777777778	1.193633952254642	1.7622139699381094	-0.14025677571470663	0.22015915119363394	0.07294429708222812	0.5411140583554377	0.015915119363395226	0.01856763925729443	0.9666666666666667	0.7276004912323485	3.066666666666667	1.603864734299517	0.005367992297612732	0.00015848594223602484	0.005407059783717608	0.34350132625994695	10.0	0.9638447590919323	4.297475301866081	2.3051643192488265	0.3448275862068966	0.6262748091603072	0.5846884141372078	0.7279243469677852	0.2493368700265252	0.9002425539480965	735	322	90
dc1cd19f0261911fa095960fd3716e65	en	7.961832061068702	1.3250239693192714	3.1503973417841955	1.407407198846545	0.31543624161073824	0.05752636625119847	0.5637583892617449	0.02109300095877277	0.011505273250239693	0.9389312977099237	0.7395871003715132	3.2061068702290076	1.654970760233918	0.005294666204467881	0.0001570046993865031	0.004083049558633914	0.7564717162032598	9.83206106870229	1.0253787686958344	4.5844057532172595	2.3811074918566777	0.311601150527325	0.6157309322033899	0.6317636778116072	0.7592191248460645	0.2109300095877277	0.8795895558317366	1018	489	131
8deb68283e9399e6fa764a8b639e53b1	en	7.742857142857143	1.4059040590405905	4.0193821823932545	1.7316721349499211	0.2564575645756458	0.09225092250922509	0.5645756457564576	0.005535055350553505	0.01845018450184502	1.0	0.7280002246249384	3.2714285714285714	1.5555555555555556	0.005667160331918819	0.000221946483984375	0.006541429050654143	0.33025830258302585	9.557142857142857	0.9709983162110492	4.636632200886263	2.352517985611511	0.41697416974169743	0.6968848758465012	0.6501051139947261	0.8511954096850604	0.23062730627306274	0.9083483175868627	541	256	70
2e777b9166385099c8c9e06f3db20261	en	7.6923076923076925	1.2833333333333334	2.553333333333338	1.432637179487179	0.26	0.115	0.57	0.01	0.015	0.8846153846153846	0.7936875173888158	3.1666666666666665	1.7329545454545454	0.005566319103333333	0.00012656692881355932	0.0052525252525252525	0.7916666666666666	10.064102564102564	1.0096160940728098	4.306818181818182	2.3045685279187818	0.39166666666666666	0.7147504990019968	0.8239635178236473	0.7447266178424341	0.21	0.9051374683864322	588	295	78
dc83b35e20cbc78943c8caa441b9293e	en	6.891891891891892	1.3555555555555556	3.093393393393395	1.821651121709945	0.2718954248366013	0.08888888888888889	0.5777777777777777	0.01437908496732026	0.0196078431372549	0.9279279279279279	0.7395136681500316	2.8018018018018016	1.646551724137931	0.004962094879607843	0.000159150221657754	0.0041592394533571	0.6980392156862745	8.558558558558559	1.0318420040943261	4.482305358948433	2.3779904306220097	0.36470588235294116	0.6819669669669666	0.6235723319462229	0.7097573937508871	0.22875816993464052	0.8968562737214318	753	374	111
d9073e327e511ed0c96cce1decd87657	en	6.293333333333333	1.3453389830508475	2.7394000000000034	2.3119910960451975	0.3177966101694915	0.07838983050847458	0.5720338983050848	0.01694915254237288	0.00847457627118644	0.8666666666666667	0.7577205452205451	2.72	1.623456790123457	0.00561059294279661	0.00020170978695652173	0.006355932203389831	0.4957627118644068	7.946666666666666	0.9742888606634736	4.4016	2.4	0.4364406779661017	0.7108042895442359	-1	0.7858897718083184	0.2033898305084746	0.9126098293779039	465	230	75
4ae7d83cdd85635e81532731a7b9cdb1	en	8.651515151515152	1.2469352014010509	2.4979262856233113	0.6590464681844721	0.2574430823117338	0.0840630472854641	0.5831873905429071	0.01576182136602452	0.012259194395796848	0.9696969696969697	0.781706138758175	3.242424242424242	1.7261146496815287	0.005063561954465849	0.00018416573946360154	0.006533746463693924	0.2714535901926445	9.969696969696969	0.9634515681465442	4.4002890173410405	2.376923076923077	0.4028021015761821	0.6762076271186463	0.6349224058449129	0.8295312051032875	0.22942206654991243	0.9004613025594179	556	261	66
53b8f6ae429157a4af940bcf2ba90326	en	7.476923076923077	1.3806584362139918	3.6177695473251035	2.388948122823679	0.2613168724279835	0.06995884773662552	0.5617283950617284	0.018518518518518517	0.0102880658436214	0.9692307692307692	0.7308143773497037	2.9692307692307693	1.5664335664335665	0.005654624703703703	0.00016060762445414847	0.006973022405121171	0.2674897119341564	9.107692307692307	1.0366588027357257	4.477346278317152	2.287037037037037	0.46296296296296297	0.7132041343669255	-1	0.7568916649615021	0.24074074074074073	0.9209058363074775	478	229	65
82c257d6d193177921eaa3ca20e3d9ef	en	7.966101694915254	1.4319148936170212	4.413375405697803	2.870485394879193	0.2957446808510638	0.09574468085106383	0.5723404255319149	0.0	0.014893617021276596	0.9830508474576272	0.7948853671150031	3.1016949152542375	1.5902777777777777	0.00541641704425532	0.0001320101294117647	0.007497467071935157	0.2553191489361702	10.305084745762711	1.0326677989521356	4.314641744548287	2.403669724770642	0.41702127659574467	0.6607816711590286	-1	0.8966436406639661	0.2276595744680851	0.9131880661179662	469	238	59
d8890fbe04483d06a7f6b48afb9ebac6	en	6.463414634146342	1.3132075471698113	2.426580763920846	1.1128904739990801	0.27169811320754716	0.09622641509433963	0.590566037735849	0.016981132075471698	0.020754716981132074	0.9512195121951219	0.7672622302251929	2.6219512195121952	1.6257668711656441	0.004279043541509434	0.00019195543656716417	0.006641509433962264	0.3622641509433962	8.21951219512195	1.0361702829690635	4.305035971223021	2.3701298701298703	0.41509433962264153	0.6732018561484916	0.768237913931275	0.8903983578394851	0.23018867924528302	0.899740589439326	523	268	82
52b5d8e73e1d2b8c82521bd11e0dff93	en	7.646551724137931	1.3720405862457723	3.582234090113907	2.529997247599425	0.2818489289740699	0.08117249154453213	0.5783540022547914	0.007891770011273957	0.010146561443066516	0.9568965517241379	0.7490371492673285	3.060344827586207	1.568904593639576	0.004659164185343856	0.00020407383917995443	0.005043612413220198	0.5636978579481398	9.89655172413793	1.0589582251787333	4.622527944969906	2.326771653543307	0.3382187147688839	0.6659898477157354	0.7231042940685137	0.871429783465299	0.23449830890642615	0.8886798082091154	875	439	116
f3b92419f6dc850bcb7cc2df7ccb856c	en	7.051020408163265	1.361794500723589	3.229073067722023	1.7433806846037982	0.3256150506512301	0.07670043415340087	0.5803183791606368	0.020260492040520984	0.00723589001447178	0.9183673469387755	0.7725979725752312	3.2346938775510203	1.6283185840707965	0.0053784917125904485	0.00014665544606060605	0.00550633581589072	0.6063675832127352	8.86734693877551	1.0573796609886046	4.421109902067465	2.490740740740741	0.38205499276411	0.6553040540540537	0.7541426618697117	0.82033577841768	0.19971056439942114	0.8935507430298392	670	330	98
f30e17d972902306066876e01d182f78	en	6.9787234042553195	1.3201219512195121	2.7091411520498205	1.1907145044110008	0.32621951219512196	0.10365853658536585	0.6112804878048781	0.004573170731707317	0.007621951219512195	0.9680851063829787	0.7336680564609257	3.095744680851064	1.7136150234741785	0.0045560774045731705	0.00016019551767955801	0.0049966124661246615	0.5320121951219512	8.904255319148936	1.0207437552712897	4.28268156424581	2.4550898203592815	0.4634146341463415	0.7194434470377031	0.8235308913147417	0.8680534740267049	0.17682926829268292	0.9215331805095427	652	362	94
ab5217d559326e4fe387fb61feeb0d54	en	8.153846153846153	1.1962264150943396	1.7054716981132074	0.26598345428156733	0.20566037735849058	0.04150943396226415	0.5433962264150943	0.016981132075471698	0.024528301886792454	0.9692307692307692	0.7510548045704293	3.0307692307692307	1.626865671641791	0.006169038841509434	0.00021529778403755868	0.008136792452830189	0.17547169811320754	9.8	1.0102387783157014	4.112275449101796	2.2212389380530975	0.3622641509433962	0.643503480278422	0.6518646846743499	0.6865548032279356	0.28679245283018867	0.8960565655159686	514	213	65
a581b81466dfef7e15bc6f078439621f	en	8.352941176470589	1.3380281690140845	3.4563794531897294	1.747837116818559	0.3112676056338028	0.056338028169014086	0.5605633802816902	0.02112676056338028	0.007042253521126761	0.9294117647058824	0.7410299986759517	3.3529411764705883	1.6071428571428572	0.00561513995915493	0.00014269078086419753	0.005672926447574335	0.5633802816901409	9.905882352941177	0.9761184237234177	4.480091012514221	2.3101604278074865	0.3619718309859155	0.6352536824877262	0.49333064402918797	0.735246371690464	0.19859154929577466	0.8914582666433093	693	324	85
7d2dba066742e51abe54f639d00f3faf	en	7.84375	1.252988047808765	2.254321464143427	0.7139650398406379	0.25298804780876494	0.09362549800796813	0.5697211155378487	0.025896414342629483	0.01195219123505976	0.9375	0.7476377354878754	3.078125	1.5454545454545454	0.005127109733067728	0.0002160149746835443	0.005164527076877675	0.41434262948207173	9.90625	1.0146368171758797	4.365054602184087	2.2091503267973858	0.450199203187251	0.7015880893300243	-1	0.9735684876955365	0.2250996015936255	0.9246873068039566	488	237	64
948fb2dd0f4c1ecf2dc62b3f65254989	en	9.428571428571429	1.2818181818181817	3.212597402597403	2.112941991341992	0.2818181818181818	0.10909090909090909	0.5909090909090909	0.04090909090909091	0.00909090909090909	0.9428571428571428	0.7780703335690546	3.157142857142857	1.8369565217391304	0.004537139959393939	0.00017164550372670808	0.005694879832810868	0.4015151515151515	11.771428571428572	1.0940200214547848	4.4611708482676224	2.0	0.4106060606060606	0.6894830659536546	0.731469424600477	0.906287115426686	0.1984848484848485	0.9049614731979214	633	322	70
55e2bee9809c47f0d9fe823ab877eb03	en	8.85	1.1977401129943503	1.994833333333336	0.4516126553672315	0.2711864406779661	0.04519774011299435	0.5254237288135594	0.0	0.011299435028248588	1.0	0.7018128070759648	3.2	1.92	0.009475063389830509	8.245275e-05	0.02033898305084746	0.14124293785310735	10.5	0.9512998194615842	4.295774647887324	2.3488372093023258	0.4406779661016949	0.5197435897435897	-1	-1	0.24858757062146894	0.8635706601997611	174	80	20
f63d303f81c07166463b4a1ce6e6f181	en	6.382022471910112	1.4295774647887325	3.768002848551987	3.5307185235005534	0.31866197183098594	0.08626760563380281	0.6109154929577465	0.01936619718309859	0.01584507042253521	0.9438202247191011	0.7871515479470024	2.764044943820225	1.6284153005464481	0.00478736399789912	0.0001524190024054983	0.007887323943661973	0.3345070422535211	8.584269662921349	1.0757907400670124	4.3678887484197215	2.336734693877551	0.44014084507042256	0.6966950959488274	0.8163929680464818	0.871472354507408	0.20422535211267606	0.901057025595016	552	291	89
aea511925bf945e8762908a3824e040a	en	8.62962962962963	1.167381974248927	1.5506628516928949	-0.30661090446669803	0.2145922746781116	0.05793991416309013	0.48068669527896996	0.008583690987124463	0.02145922746781116	1.0	0.7319857306954975	3.074074074074074	1.6071428571428572	0.007639933887339055	0.00022017618	0.008869814020028613	0.12875536480686695	10.12962962962963	0.9695101471137763	4.2272727272727275	2.2589285714285716	0.3626609442060086	0.566103542234333	-1	-1	0.2532188841201717	0.8916478261130536	457	175	54
ef52bcc2f6d2cff50ed67067c0541f72	en	7.385964912280702	1.2921615201900238	2.538032254031755	0.7965366587490101	0.2589073634204275	0.10451306413301663	0.5676959619952494	0.0	0.011876484560570071	0.9649122807017544	0.7202500376607519	3.087719298245614	1.5873015873015872	0.004682375806650831	0.00020024504593301435	0.008251031378922366	0.2494061757719715	9.210526315789474	0.9679106530117638	4.391465677179963	2.4166666666666665	0.44418052256532065	0.6639130434782605	-1	0.7644570123055419	0.23990498812351543	0.9096795848321029	419	209	57
90485b8c1054ff78f576b697c98a8b64	en	6.693548387096774	1.2987951807228915	2.3462670034978608	1.2969323746599302	0.30843373493975906	0.06746987951807229	0.5927710843373494	0.016867469879518072	0.007228915662650603	0.9516129032258065	0.736603150947413	2.9516129032258065	1.593984962406015	0.005019694017831326	0.00016311137990430622	0.008981380065717415	0.39518072289156625	8.564516129032258	0.9921828593080966	4.3023255813953485	2.4049586776859506	0.45542168674698796	0.6946518987341768	-1	0.8211955056454321	0.20722891566265061	0.9007643716045257	407	209	62
c1335b8e0dcfa7c4a6fa3b22754b5a24	en	8.421052631578947	1.228125	2.1860855263157895	1.6107656249999995	0.2640625	0.0875	0.5484375	0.028125	0.0125	0.9210526315789473	0.7454333560411992	3.3947368421052633	1.664864864864865	0.00614531050890625	0.00015477719042553194	0.005386513157894737	0.89375	10.355263157894736	1.0323326709839868	4.2749391727493915	2.1968911917098444	0.3515625	0.6258410351201489	0.43231249071525174	0.5358924501959778	0.215625	0.8833195157324139	615	282	76
9724d126de2855a10f100a11c4b792e8	en	7.909090909090909	1.2413793103448276	2.142821316614423	0.45740000000000025	0.26436781609195403	0.022988505747126436	0.5402298850574713	0.0	0.011494252873563218	1.0	0.7562193362193363	3.272727272727273	1.4375	0.005394369448275862	0.00012706299999999999	0.025287356321839084	0.04597701149425287	9.727272727272727	1.0287212787212787	4.385321100917431	2.1875	0.5977011494252874	0.5977011494252874	-1	-1	0.21839080459770116	0.9449415302021363	87	34	11
543d1545f39d9af5ef5f05aa35a2c6e9	en	7.2894736842105265	1.4620938628158844	4.505602318069542	3.88567725631769	0.36462093862815886	0.07942238267148015	0.6245487364620939	0.007220216606498195	0.010830324909747292	1.0	0.7622591747591749	3.1315789473684212	1.7173913043478262	0.004720418404693141	0.0001632172955128205	0.011689874505758983	0.5956678700361011	9.026315789473685	1.0474104842525895	4.782122905027933	2.3076923076923075	0.5054151624548736	0.7034269662921349	-1	-1	0.21660649819494585	0.8975700468778296	275	156	38
5bb741c3ed4e8e0f58d88271606d5caf	en	7.611111111111111	1.3712200208550573	3.5587295794230123	1.946034503533773	0.27528675703858185	0.07612095933263817	0.5693430656934306	0.008342022940563087	0.010427528675703858	0.9682539682539683	0.7256593581856737	2.9126984126984126	1.5810810810810811	0.005139484991866527	0.0001741861356984479	0.0035832780358327804	0.9885297184567258	9.65079365079365	0.9827641735274788	4.467755102040816	2.323741007194245	0.3420229405630866	0.6732209302325592	0.8202081791557044	0.8800637841132547	0.23253388946819603	0.8967795488191186	950	451	126
697bde4fe2524dd4d90e11f8a7be8ebd	en	8.209302325581396	1.4730878186968839	4.994064167599976	3.682864470650241	0.2747875354107649	0.09631728045325778	0.5977337110481586	0.0028328611898017	0.0056657223796034	1.0	0.75990372235673	3.5813953488372094	1.683168316831683	0.005132774507082153	0.0002199700588235294	0.008970727101038715	0.2521246458923513	9.651162790697674	0.9736858653582319	4.9422632794457275	2.4285714285714284	0.49291784702549574	0.6806299212598423	-1	-1	0.26345609065155806	0.9304976835641355	353	187	43
7094c4fb65e67c91c0ac0a8fa5e10da8	en	10.837837837837839	1.2917705735660847	3.8796495248365552	1.7264381074341175	0.26184538653366585	0.07481296758104738	0.5361596009975063	0.012468827930174564	0.014962593516209476	1.0	0.7486549139380668	3.5675675675675675	1.7321428571428572	0.0057669185491271814	0.00013750187888888888	0.009450059062869142	0.28428927680798005	12.91891891891892	0.9940069693956488	4.6521739130434785	2.247191011235955	0.3790523690773067	0.6174172185430454	-1	-1	0.24438902743142144	0.868649525894591	397	180	37
afe37766750a8053c73d678dfd71141f	en	7.107142857142857	1.4020100502512562	3.7255043072505387	2.4041434314429293	0.27638190954773867	0.09547738693467336	0.5703517587939698	0.0	0.005025125628140704	0.8928571428571429	0.7270806406902662	2.6607142857142856	1.7692307692307692	0.0038558125201005023	0.00020538297883597882	0.008565555047967108	0.36432160804020103	8.357142857142858	0.963699098520527	4.869834710743802	2.3552631578947367	0.4296482412060301	0.629030100334447	-1	-1	0.2562814070351759	0.9001767650630131	398	189	56
55a80d6dc903affdbde3b142c4bb64f7	en	6.524193548387097	1.4894932014833127	4.530455261374058	4.296599178595638	0.3584672435105068	0.08529048207663782	0.61557478368356	0.018541409147095178	0.00865265760197775	0.8467741935483871	0.6934640788299324	3.0403225806451615	1.606164383561644	0.0046067285330778735	0.00016090649691943127	0.004555235086755482	1.245982694684796	8.169354838709678	1.0185319343691586	4.687441860465117	2.425	0.37082818294190356	0.7017323943661962	0.7793227359233617	0.817596411915287	0.1903584672435105	0.8944858590785858	792	422	124
8acbedd5459439fc2547d956ba6920fe	en	8.333333333333334	1.1825	1.613500000000002	-0.04156666666666675	0.2225	0.09	0.51	0.0275	0.0275	1.0	0.7178413846946884	3.0208333333333335	1.7549019607843137	0.00679153137375	0.00015947048181818183	0.009027777777777779	0.32	10.791666666666666	1.0275775089919827	3.872137404580153	2.302521008403361	0.4	0.6266777408637872	-1	-1	0.2175	0.8877101246619211	390	165	48
1c7dad92f71a6372486b497b26c0c050	en	8.609756097560975	1.3087818696883853	3.211430940371727	1.986364250673669	0.254957507082153	0.06515580736543909	0.509915014164306	0.0084985835694051	0.028328611898016998	0.975609756097561	0.7201517232767233	3.2439024390243905	1.6428571428571428	0.0048633805949008495	0.00017455064516129032	0.010953729933899906	0.1954674220963173	9.707317073170731	0.9566319859002785	4.857843137254902	2.257575757575758	0.45892351274787535	0.6528346456692914	-1	-1	0.26062322946175637	0.9050096086795767	350	155	41
38419cd9ce06c3196a847934b7436960	en	8.347826086956522	1.3802083333333333	3.9521105072463776	2.4354961050724633	0.25	0.08072916666666667	0.5520833333333334	0.010416666666666666	0.015625	0.9782608695652174	0.6928137349215784	3.1739130434782608	1.7413793103448276	0.005862755692708333	0.00014450506285714284	0.00759548611111111	0.4817708333333333	10.08695652173913	1.0108231364339186	4.435845213849287	2.45	0.4088541666666667	0.6203157894736849	-1	-1	0.24479166666666666	0.9010945223393382	380	175	46
4bfa8c8521b0d3b4c23405ebd53a2cea	en	9.119402985074627	1.2454991816693943	2.6634575078779577	1.2170636881061148	0.23404255319148937	0.11129296235679215	0.5548281505728314	0.02618657937806874	0.02618657937806874	1.0	0.7400401853436032	3.4328358208955225	1.7672955974842768	0.005822237974795417	0.00019486009353612168	0.006100282696027377	0.23895253682487724	11.164179104477611	1.0260085009264808	4.213642213642213	2.1801242236024843	0.41080196399345337	0.6613281249999983	0.558407448344656	0.7685723514225212	0.19476268412438624	0.9184946760017131	588	263	67
a2c94734b12286714cb58597837c131d	en	6.074074074074074	1.3841463414634145	3.1118157181571817	2.7705394534778685	0.3277439024390244	0.06402439024390244	0.6112804878048781	0.03201219512195122	0.010670731707317074	0.8703703703703703	0.7796340990266223	2.675925925925926	1.6111111111111112	0.00462603191722561	0.00016429107311178247	0.00584349593495935	0.49390243902439024	8.157407407407407	1.0839775654930883	4.449069003285871	2.4586466165413534	0.4176829268292683	0.66588868940754	0.664660017205413	0.7724239930669143	0.21036585365853658	0.8987985801427366	630	331	108
3aa6beb82d439bee0621a12bcd236df7	en	7.068965517241379	1.3804878048780487	3.4566526492851146	2.756418839360807	0.35121951219512193	0.1048780487804878	0.6439024390243903	0.007317073170731708	0.0024390243902439024	0.896551724137931	0.763904419167577	3.1206896551724137	1.6788321167883211	0.00521083747707317	0.00014095540854700854	0.008911819887429643	0.6048780487804878	9.413793103448276	1.08448214367332	4.481675392670157	2.3689320388349513	0.4658536585365854	0.7387138263665596	-1	0.9959181453291059	0.1926829268292683	0.8991725096858564	406	234	58
9452320faa33913f35030c43b2c81e82	en	8.03125	1.350194552529183	3.474483219844359	1.7540701361867703	0.29961089494163423	0.05252918287937743	0.556420233463035	0.011673151750972763	0.01556420233463035	0.96875	0.7267818481145917	3.578125	1.4715909090909092	0.005239633799610895	0.00014979074089068825	0.006851632549484013	0.36964980544747084	9.640625	0.9619967593815069	4.525821596244131	2.2936507936507935	0.4163424124513619	0.6687228915662637	0.47058431897281616	0.8416900794833732	0.23346303501945526	0.907035766664192	507	247	64
beae9d2f0b2d70ce83be69b70d96109d	en	6.62962962962963	1.388268156424581	3.377119801365609	2.9472450237947445	0.2905027932960894	0.10614525139664804	0.6089385474860335	0.00558659217877095	0.00558659217877095	0.9629629629629629	0.7857288675684901	2.4444444444444446	1.6886792452830188	0.005341240224301676	0.00017156878235294117	0.007998984255967496	0.505586592178771	8.833333333333334	1.0113939558384002	4.448132780082988	2.365079365079365	0.5083798882681564	0.7354054054054054	-1	-1	0.2122905027932961	0.9214646299016104	353	187	54
f66a410b2a82332d917f4538bb002b77	en	8.86	1.4853273137697518	5.392262302483072	3.6284461760722344	0.27765237020316025	0.07674943566591422	0.5304740406320542	0.004514672686230248	0.011286681715575621	0.98	0.7630826373173312	3.08	1.876923076923077	0.005613005878103837	0.00016908260696517414	0.00838439213157046	0.3295711060948081	10.74	1.0135093035619351	4.732368896925859	2.3258426966292136	0.4153498871331828	0.6664244186046496	-1	0.8870645821227463	0.20993227990970656	0.8963448780556919	440	201	50
5a74ba44857474a7a8ebecfceb762c49	en	8.211764705882352	1.2650429799426934	2.5400953986179005	1.1096832765885725	0.3237822349570201	0.09455587392550144	0.6174785100286533	0.014326647564469915	0.02148997134670487	0.8823529411764706	0.7217929156797467	3.3176470588235296	1.8634146341463416	0.004266983693409742	0.00020267671671388103	0.006642354779890597	0.5372492836676218	9.388235294117647	0.9331153112554498	4.688311688311688	2.3975155279503104	0.3624641833810888	0.6561769616026708	0.6796303535559861	0.8061485488417226	0.20630372492836677	0.8823281201465653	688	353	85
5f86f254a25570e428265af6fd944105	en	7.8307692307692305	1.280943025540275	2.5791277013752456	1.0315541242254795	0.25736738703339884	0.07072691552062868	0.5520628683693517	0.0137524557956778	0.021611001964636542	0.9692307692307692	0.7732096047227625	3.1846153846153844	1.4933333333333334	0.00455297056935167	0.00016201634083333333	0.006235585547108567	0.37721021611001965	9.753846153846155	1.022123886671398	4.287009063444109	2.3333333333333335	0.43222003929273084	0.6949024390243911	0.5863130458619529	0.7436891917121792	0.24165029469548133	0.9142429129487085	501	240	65
3c094430ac4ef632b1ddfb9b92cabcf6	en	7.885245901639344	1.2058212058212059	1.713936130329575	0.39649003783102144	0.25571725571725573	0.06860706860706861	0.5426195426195426	0.012474012474012475	0.018711018711018712	0.9836065573770492	0.7472996393584628	2.8852459016393444	1.5633802816901408	0.004882946263617463	0.00023701468039215686	0.007878323667797352	0.24740124740124741	9.770491803278688	0.9995153619550919	4.231404958677686	2.335664335664336	0.39501039501039503	0.6347905759162291	-1	0.8200447136127722	0.2494802494802495	0.8954619189318831	470	204	61
8dbfdeb5a4913e7dbcc118d722a754bd	en	7.283185840707965	1.3718104495747265	3.437805782857879	2.0003671415821676	0.284325637910085	0.09356014580801944	0.5856622114216282	0.00850546780072904	0.010935601458080195	0.9026548672566371	0.7674976724142603	3.0265486725663715	1.5830258302583027	0.004593894906075334	0.00022000468677884613	0.0039962197920885645	0.9902794653705954	9.274336283185841	1.027523248133268	4.40934065934066	2.3583333333333334	0.36087484811664644	0.6903038674033152	0.7006699984354798	0.7832678237040335	0.23572296476306198	0.8928496232873907	811	416	113
17178c1b6b54bcd44e8134fd40ba0eb5	en	7.2615384615384615	1.36864406779661	3.3919999999999995	3.175845332464146	0.2288135593220339	0.059322033898305086	0.5338983050847458	0.00847457627118644	0.019067796610169493	0.9538461538461539	0.7385044617351603	3.0153846153846153	1.404109589041096	0.00614144758940678	0.00015059394485981308	0.006473634651600753	0.19491525423728814	9.153846153846153	1.027844562095574	4.561797752808989	2.4031007751937983	0.4067796610169492	0.6452010723860587	-1	0.6741819420754794	0.2775423728813559	0.9085387839142808	465	214	65
6a3fc443f6c8b6a68a35fe44113a41fb	en	7.807228915662651	1.2237654320987654	1.8952513758738654	1.171109415439536	0.27314814814814814	0.0941358024691358	0.5817901234567902	0.032407407407407406	0.009259259259259259	0.9518072289156626	0.7337190637167041	3.0481927710843375	1.7513812154696133	0.005977341214506173	0.00014976730952380953	0.005824372759856631	0.4645061728395062	9.795180722891565	0.9948158936110743	4.288598574821853	2.1839622641509435	0.38117283950617287	0.6750637522768672	0.6395563489580458	0.8253524844763038	0.21296296296296297	0.8884991878303692	614	294	83
c88e54998c9f7b709c3bf678b822fbd9	en	7.868421052631579	1.2240802675585285	1.9228313677169524	0.1690113712374588	0.2993311036789298	0.06354515050167224	0.5618729096989966	0.006688963210702341	0.021739130434782608	0.9342105263157895	0.7379833869833871	3.0921052631578947	1.5885416666666667	0.004680944454682275	0.00014267024389438943	0.005803659256344678	0.7290969899665551	9.56578947368421	0.9818970685747	4.523224043715847	2.2661870503597124	0.4096989966555184	0.6749098196392772	0.6406691642109122	0.8348411420922212	0.2157190635451505	0.9107892973327211	595	303	76
0cc35e14990b91deadfeee6c9015025d	en	7.957446808510638	1.4518716577540107	4.645489816816475	3.988372806917739	0.30213903743315507	0.06951871657754011	0.5454545454545454	0.00267379679144385	0.008021390374331552	1.0	0.751948296801238	3.4468085106382977	1.5203252032520325	0.006602231414438502	0.00016055411764705882	0.007639419404125286	0.29411764705882354	10.23404255319149	1.1192962179664308	4.556224899598393	2.3625	0.48663101604278075	0.6721818181818182	-1	-1	0.22192513368983957	0.9319625494858408	372	187	47
848d7183f7392d248c3bf607eb2ca20c	en	7.590909090909091	1.3512974051896207	3.315763926692071	2.1517249500998	0.2634730538922156	0.08582834331337326	0.5568862275449101	0.013972055888223553	0.023952095808383235	0.9393939393939394	0.719732959348344	2.8181818181818183	1.6734693877551021	0.004474082173053892	0.00025138193981900453	0.007897248980300267	0.2954091816367265	9.409090909090908	1.043728119284776	4.456828885400314	2.2301587301587302	0.3872255489021956	0.6561691542288568	-1	0.9500551225360991	0.27345309381237526	0.8884116338783846	491	221	66
3fb517b7065198fb1c68cd79de7c161e	en	8.1875	1.334351145038168	3.348468511450381	1.4995988549618318	0.2916030534351145	0.07022900763358779	0.583206106870229	0.015267175572519083	0.007633587786259542	0.975	0.7257605088301292	3.45	1.6213592233009708	0.004489602847786259	0.00017479348240740741	0.005627044711014177	0.5969465648854961	9.825	0.9996811759147285	4.601466992665037	2.326797385620915	0.383206106870229	0.6866546762589937	0.7413375058432806	0.9332618964489968	0.23053435114503817	0.9021219750300941	646	324	80
806aa5e68a0b3f967473938fa5c533f7	en	8.316831683168317	1.3404761904761904	3.471183404054692	2.0694314002828857	0.25833333333333336	0.05952380952380952	0.5416666666666666	0.015476190476190477	0.016666666666666666	0.9801980198019802	0.7591376760494406	3.3465346534653464	1.54863813229572	0.005131333871309524	0.00016422238255208333	0.004086229086229087	0.4976190476190476	10.485148514851485	1.0343045843045842	4.2993630573248405	2.343612334801762	0.3607142857142857	0.6871794871794884	0.693428305965607	0.8584951234973709	0.225	0.9056285404797136	832	384	101
cccb2f933d8a6e1adcfb7672a0aea42b	en	7.566666666666666	1.3480176211453745	3.267607929515421	1.5228118649045528	0.2555066079295154	0.06607929515418502	0.5550660792951542	0.006607929515418502	0.015418502202643172	0.9666666666666667	0.7198795084388305	2.85	1.5547445255474452	0.004666023226872247	0.00020252332568807338	0.008932941752325013	0.19823788546255505	8.85	0.9591335046675604	4.7818853974122	2.404040404040404	0.43392070484581496	0.6757746478873246	-1	0.6775544503575109	0.2753303964757709	0.9025567574472547	452	218	60
023f353c74543d752292147f556d8d36	en	7.156716417910448	1.286757038581856	2.384852458250979	1.1790586680777548	0.34410844629822734	0.08133472367049009	0.6089676746611054	0.026068821689259645	0.0031282586027111575	0.9029850746268657	0.7217607058772474	3.074074074074074	1.697452229299363	0.0058618741391449425	0.00017365098167006112	0.004436439472935824	0.7664233576642335	9.311111111111112	1.0996981885217179	4.213688212927757	2.382716049382716	0.36496350364963503	0.6570930232558161	0.7646164348642936	0.831147262024316	0.18248175182481752	0.8923551916991939	933	491	135
463b262a225bf8a2a736a79ef911e7ae	en	7.808510638297872	1.3024523160762942	2.8242564786364426	1.5424085918024235	0.28337874659400547	0.07629427792915532	0.547683923705722	0.010899182561307902	0.013623978201634877	0.9787234042553191	0.7527661951574995	2.9148936170212765	1.7079646017699115	0.005694506320435967	0.00014145720697674417	0.00885558583106267	0.28337874659400547	10.042553191489361	1.0180062462916029	4.275574112734864	2.31	0.4659400544959128	0.6745522388059696	-1	-1	0.23433242506811988	0.930062531265839	364	172	47
19af937d128e8b17150f88036eeccc0f	en	7.644230769230769	1.2893081761006289	2.6050864779874203	1.4508134978229323	0.2528301886792453	0.10943396226415095	0.5886792452830188	0.011320754716981131	0.012578616352201259	0.9326923076923077	0.7345869764659777	2.9326923076923075	1.6460176991150441	0.00463800786163522	0.00018620971989528795	0.004913522012578616	0.4817610062893082	9.403846153846153	1.0195062545499405	4.473529411764706	2.3627906976744186	0.3610062893081761	0.6849281609195397	0.5836430561365593	0.6528130323905076	0.23522012578616353	0.8936635990648675	781	382	104
762492bd295e57819b12aeb5b3990cce	en	8.211538461538462	1.3864168618266979	3.972218969555037	2.6482502612141965	0.27634660421545665	0.09133489461358314	0.5667447306791569	0.00702576112412178	0.00936768149882904	0.9615384615384616	0.7164189568601336	3.326923076923077	1.7716535433070866	0.006428773564637002	0.00015957565598086125	0.008135091827930482	0.2693208430913349	10.23076923076923	1.0265364274726623	4.483576642335766	2.297029702970297	0.45433255269320844	0.699999999999999	-1	0.8979128020976134	0.23185011709601874	0.9153955738398761	423	209	52
40378b7c9364b71641ecdf3175101159	en	8.431818181818182	1.1725067385444743	1.5339886057338887	-0.3043374663072771	0.2695417789757412	0.07816711590296496	0.5525606469002695	0.0026954177897574125	0.013477088948787063	0.9090909090909091	0.721351805589152	3.4318181818181817	1.603448275862069	0.005152717547169811	0.00015743972067039106	0.012706969580284945	0.20215633423180593	10.431818181818182	1.027794288737263	4.309523809523809	2.3417721518987342	0.42048517520215634	0.6632720588235282	-1	-1	0.24528301886792453	0.8877631929367745	370	179	44
ce74e7f10bd1d95bfdcb7f2fb79180eb	en	7.918032786885246	1.300207039337474	2.840475851067442	1.4503650612632786	0.2836438923395445	0.06418219461697723	0.546583850931677	0.002070393374741201	0.012422360248447204	0.9836065573770492	0.7123780386280384	3.262295081967213	1.5403726708074534	0.006698038428778468	0.00017151162052401746	0.0074962518740629685	0.7494824016563147	9.934426229508198	0.9864368243682308	4.478048780487805	2.2711864406779663	0.37681159420289856	0.654765624999998	-1	0.6213033489270997	0.2318840579710145	0.877977309355378	480	229	61
828c77461e2a478e22e40ad1b988d191	en	7.830508474576271	1.2272727272727273	1.9457164869029278	0.47207486976300483	0.24891774891774893	0.09307359307359307	0.5692640692640693	0.017316017316017316	0.010822510822510822	0.9491525423728814	0.7522666270511096	2.816666666666667	1.7230769230769232	0.005639333321645022	0.0001747079093457944	0.006390434961863534	0.23160173160173161	9.466666666666667	1.027078021379492	4.258064516129032	2.3173076923076925	0.43073593073593075	0.6877685950413225	-1	0.7626868588442042	0.24242424242424243	0.9113624650075591	455	214	60
172ab922c38107f819e6f912c4b99a62	en	7.939024390243903	1.294930875576037	2.7864038439923604	1.0098242328874907	0.23963133640552994	0.08141321044546851	0.5606758832565284	0.0015360983102918587	0.009216589861751152	0.975609756097561	0.7456056118093156	2.951219512195122	1.6473684210526316	0.00469572688187404	0.0002075715658146965	0.004887585532746823	0.6482334869431644	9.74390243902439	0.971531162473334	4.571428571428571	2.35625	0.3671274961597542	0.6865398550724636	0.7488503571635315	0.8595832006669094	0.26574500768049153	0.8917129815107699	648	313	82
2f4f972a2da5457d395d19dd1f7001f6	en	7.957446808510638	1.3502673796791445	3.446559335533056	2.1598968710888617	0.27807486631016043	0.06684491978609626	0.5374331550802139	0.0106951871657754	0.013368983957219251	0.9787234042553191	0.7727119852946887	3.1702127659574466	1.680672268907563	0.007136646178609626	0.00015325571885714285	0.010537905001572822	0.2967914438502674	9.74468085106383	1.001982496823087	4.410901467505241	2.367816091954023	0.4117647058823529	0.6399636363636353	-1	-1	0.2192513368983957	0.8973709678638992	369	175	47
a8510dac2bc3ac7c0dad9a990f6865a6	en	8.842696629213483	1.3824650571791615	4.171739360107363	2.644286678183402	0.33799237611181704	0.060991105463786534	0.5806861499364676	0.007623888182973317	0.01397712833545108	0.9550561797752809	0.7188055965128156	3.539325842696629	1.5494505494505495	0.00540731890343075	0.0001577777196969697	0.006635606381476776	0.5984752223634053	10.842696629213483	1.0305174641609747	4.624873609706775	2.2670454545454546	0.33799237611181704	0.6392732558139537	0.8415377031161378	0.8506113596035646	0.20584498094027953	0.8772213203840349	777	396	89
32280e88aca2d28453edbd4fb0a1906f	en	7.4	1.293139293139293	2.5550436590436583	2.4298891476091478	0.29313929313929316	0.09355509355509356	0.5925155925155925	0.037422037422037424	0.002079002079002079	0.8461538461538461	0.7349099085656989	3.0923076923076924	1.7	0.005602091411642411	0.0001811400381355932	0.006572329152974315	0.43451143451143454	9.953846153846154	1.0568905610808443	4.143288084464555	2.1077844311377247	0.4386694386694387	0.6415445026178002	-1	0.8388672344079469	0.20374220374220375	0.8991226415896281	461	236	65
b8f37be68dee111703dd572605176ee5	en	7.39622641509434	1.471938775510204	4.6634058529072	3.326521505583366	0.2780612244897959	0.09948979591836735	0.5637755102040817	0.002551020408163265	0.012755102040816327	0.9433962264150944	0.7775570969047094	3.018867924528302	1.7033898305084745	0.005616630507142857	0.00013587156751269035	0.008361678004535146	0.27040816326530615	9.39622641509434	1.0758375107183449	4.492307692307692	2.395348837209302	0.46683673469387754	0.6819795221843005	-1	-1	0.23214285714285715	0.9213224967984155	390	197	53
f73dbd22baa2dd334940c6bda8db576e	en	7.080645161290323	1.2596810933940774	2.035688514953339	0.35091120581967905	0.2619589977220957	0.06150341685649203	0.5603644646924829	0.015945330296127564	0.01366742596810934	1.0	0.7059476498001085	2.8548387096774195	1.814516129032258	0.006480812792710706	0.00013932048979591838	0.009471286416496822	0.25968109339407747	8.983870967741936	1.0050765700670825	4.341030195381883	2.246031746031746	0.4214123006833713	0.6480588235294112	-1	-1	0.23006833712984054	0.8939743025557904	433	196	62
7561927eacba535df2af48cbc2b3d081	en	8.1	1.2098765432098766	1.8455432098765456	0.39601135802469134	0.2222222222222222	0.1037037037037037	0.5358024691358024	0.012345679012345678	0.01728395061728395	1.0	0.7560794264425719	3.22	1.6886792452830188	0.005707872141481481	0.0001614633241935484	0.008796296296296297	0.2419753086419753	9.64	0.9819346559872875	4.229571984435798	2.4105263157894736	0.4419753086419753	0.675130718954248	-1	-1	0.23703703703703705	0.9112906216355012	398	186	50
70231a04efdbf8a1d0811a2ad6aceec4	en	8.033898305084746	1.229957805907173	2.056722448687694	0.49858425230637193	0.26582278481012656	0.10126582278481013	0.569620253164557	0.016877637130801686	0.010548523206751054	0.9830508474576272	0.7792090293167876	2.983050847457627	1.562043795620438	0.005260713740506329	0.0001769151809954751	0.006237387635296275	0.3924050632911392	9.677966101694915	1.0032123171611964	4.1907131011608625	2.357142857142857	0.45358649789029537	0.6724266666666661	-1	0.7850657559381944	0.20675105485232068	0.925724649306901	458	221	59
e10b274f3791961c29e97e4bba217bbd	en	6.946428571428571	1.437017994858612	4.075919482188766	3.3606587954461986	0.2699228791773779	0.10796915167095116	0.5912596401028277	0.015424164524421594	0.007712082262210797	0.9285714285714286	0.7769453645633603	2.7142857142857144	1.623931623931624	0.005115459385604113	0.0001428607193877551	0.00758966825804872	0.2930591259640103	8.464285714285714	0.9972265003515003	4.72635814889336	2.404255319148936	0.4524421593830334	0.6979655172413793	-1	-1	0.2416452442159383	0.917787391751132	383	196	56
4d5b9fbf93de2e39ece05a0c25bdf972	en	7.907692307692308	1.350194552529183	3.4262957198443615	1.782516348398683	0.2509727626459144	0.08560311284046693	0.5525291828793775	0.009727626459143969	0.013618677042801557	1.0	0.7258596081206375	3.2615384615384615	1.53125	0.005500983093385214	0.00015765771784232365	0.006770428015564202	0.35019455252918286	9.553846153846154	1.0533611900919593	4.504702194357367	2.3125	0.39105058365758755	0.6399999999999997	0.7730140207774306	0.8952657862877509	0.26848249027237353	0.8983475131177526	510	241	65
e1903e4ae0f390abb3a58f75fca4d3b9	en	7.5606060606060606	1.214428857715431	1.6888968846784493	-0.08587668670674686	0.2925851703406814	0.09819639278557114	0.5691382765531062	0.006012024048096192	0.02004008016032064	0.9545454545454546	0.7571929779622089	3.090909090909091	1.6774193548387097	0.005891995303607215	0.00011490223493975905	0.0068937875751503	0.42685370741482964	9.606060606060606	1.0290622046303866	4.315132605304212	2.369565217391304	0.4288577154308617	0.680299999999999	-1	0.8955873851385303	0.2124248496993988	0.9140857586932564	497	249	66
db411d4c59a2a497d14652d614c421f8	en	8.98	1.2616926503340757	2.8001732739420966	1.1820796080178182	0.2594654788418708	0.10467706013363029	0.5567928730512249	0.01002227171492205	0.01002227171492205	0.95	0.7356928199857015	3.52	1.6877470355731226	0.00636296376570156	0.00017463948841607566	0.004201255314841061	0.8975501113585747	10.9	1.0577947531565952	4.415780141843972	2.33	0.3374164810690423	0.6593241551939926	0.6380705556907083	0.7140692803813716	0.20601336302895323	0.8992466724250511	886	423	100
7805c0807a82b03380f71dbf8c3a6536	en	6.654545454545454	1.2349726775956285	1.5779503229011453	0.2576673224043713	0.27595628415300544	0.11202185792349727	0.546448087431694	0.01912568306010929	0.00546448087431694	0.9818181818181818	0.7648534336034336	2.6545454545454548	1.5491803278688525	0.00697403356830601	0.0001467453128834356	0.008044930176077717	0.1885245901639344	8.472727272727273	1.0201975801975802	4.053941908713693	2.265957446808511	0.4726775956284153	0.6732958801498129	-1	-1	0.17759562841530055	0.9280760996021368	360	163	55
caae3ff039a4c6583a8a93d910a4b91e	en	7.946428571428571	1.4359550561797754	4.453376805778493	2.8877776886035313	0.3101123595505618	0.0449438202247191	0.550561797752809	0.0	0.006741573033707865	0.9821428571428571	0.7299795101230507	3.2142857142857144	1.6111111111111112	0.005218572851685393	0.00014251561187214612	0.007671445176288261	0.6224719101123596	9.910714285714286	1.138069225739348	4.640138408304498	2.45	0.4067415730337079	0.6845953757225427	-1	0.7377429147470937	0.2606741573033708	0.8914375769306813	444	219	56
c609859d6fa80276199f3c18c99a226b	en	7.818181818181818	1.2422480620155039	2.1176180408738574	0.16192868217054235	0.23449612403100775	0.06782945736434108	0.5484496124031008	0.01937984496124031	0.02131782945736434	0.9848484848484849	0.7453743704761803	3.196969696969697	1.683453237410072	0.004399974480620155	0.0001924534	0.008785529715762274	0.12209302325581395	9.424242424242424	0.9697144544403903	4.25705329153605	2.280821917808219	0.42441860465116277	0.6617985611510786	-1	0.9228750476222363	0.25	0.9137127310941211	499	225	66
031a38d9d2af3fd7e1698054555236f7	en	7.868131868131868	1.3924581005586592	3.909577015163606	2.6055376818712013	0.31424581005586594	0.08379888268156424	0.6019553072625698	0.018156424581005588	0.012569832402234637	0.9340659340659341	0.7566194478742151	3.142857142857143	1.6923076923076923	0.0047288124124022345	0.00016794224375	0.005280010900667665	0.8128491620111732	9.725274725274724	1.073630175341467	4.67103825136612	2.387434554973822	0.37988826815642457	0.6758995137763371	0.8560249342161848	0.8933795014541805	0.20949720670391062	0.8898817817979408	702	368	91
1d637a54f926a7816bb7f624f29fcb56	en	8.74074074074074	1.1822033898305084	1.7688888888888918	1.0481255806654115	0.211864406779661	0.07627118644067797	0.5233050847457628	0.03389830508474576	0.019067796610169493	1.0	0.7303933611092323	3.2962962962962963	1.8571428571428572	0.005959903444279661	0.00015890083166666667	0.009604519774011298	0.13135593220338984	10.407407407407407	0.9987377659161284	4.373493975903615	2.25	0.3940677966101695	0.619410187667561	-1	-1	0.2288135593220339	0.8998397191882808	456	180	54
82db4199e83b69e3f4fc89472a19871f	en	9.147058823529411	1.2909967845659165	3.211114999054285	1.439661547191224	0.23633440514469453	0.1157556270096463	0.5530546623794212	0.028938906752411574	0.028938906752411574	1.0	0.7105252127640188	3.323529411764706	1.7151898734177216	0.005305022488745981	0.0002168008185053381	0.0060598565421716545	0.42443729903536975	11.485294117647058	1.0060952014649365	4.337992376111817	2.160220994475138	0.36977491961414793	0.6545506692160604	0.5112783179582213	0.6954238150299094	0.2282958199356913	0.8956258169985344	604	281	68
c3215fc54f9637e7921ae1b39880a4c7	en	8.6	1.4023255813953488	4.311441860465116	2.239129302325582	0.2744186046511628	0.09767441860465116	0.586046511627907	0.011627906976744186	0.004651162790697674	0.96	0.7336528431587509	3.26	1.6870229007633588	0.004956034880465116	0.0001358222048076923	0.013621262458471759	0.20930232558139536	11.02	1.0928516518585778	4.294736842105263	2.3838383838383836	0.4116279069767442	0.6355891238670686	-1	0.7625666598663072	0.2069767441860465	0.8889739159722811	426	208	50
5b44df7190e52c30b83ff7c6a8bd4ef1	en	8.176470588235293	1.4316546762589928	4.49234870926788	2.818760558611934	0.2949640287769784	0.09892086330935251	0.5935251798561151	0.0035971223021582736	0.014388489208633094	0.9558823529411765	0.7497471471866138	2.898550724637681	1.6021505376344085	0.004165105198561152	0.0001770193323943662	0.006994404476418865	0.4244604316546763	10.391304347826088	1.0483635617601654	4.610354223433243	2.3185185185185184	0.4010791366906475	0.69617067833698	0.639183704270421	0.9426735520491732	0.2356115107913669	0.898423961813967	554	284	69
dafd37bc0291ebdfc45eb5f565aa5ca8	en	8.358490566037736	1.2776523702031604	2.7461092891520096	1.549875965756633	0.2618510158013544	0.0835214446952596	0.582392776523702	0.01805869074492099	0.009029345372460496	1.0	0.7710152282685729	3.1132075471698113	1.7734375	0.006204093659142212	0.00019557996774193548	0.008653122648607976	0.1038374717832957	10.830188679245284	1.0514724150297197	4.139261744966443	2.209090909090909	0.4785553047404063	0.682093023255814	-1	0.9224559160347532	0.22799097065462753	0.9362544062478921	435	217	53
694e8edd7fad9bacbb7d64f23f4baf2a	en	6.087719298245614	1.4596541786743515	4.008129834673138	3.2469732949087415	0.3285302593659942	0.08069164265129683	0.6282420749279539	0.024495677233429394	0.010086455331412104	0.9035087719298246	0.7885082469153268	2.7982456140350878	1.5132743362831858	0.0053291210207639765	0.00023992601902173913	0.005242504138819056	1.0518731988472623	7.675438596491228	1.030911806202054	4.5885471898197245	2.5608695652173914	0.39337175792507206	0.6907563025210102	0.5305584940294087	0.6354946261044393	0.21757925072046108	0.8854155690772756	678	368	114
3dcdce73ff4562dbd85cca99c0553432	en	7.865384615384615	1.4180929095354524	4.210996332518338	2.6298478089148016	0.26894865525672373	0.11246943765281174	0.58679706601467	0.017114914425427872	0.014669926650366748	1.0	0.7035987433046256	2.769230769230769	1.7563025210084033	0.0058912230376528115	0.00023179767024390243	0.010938103204220822	0.22982885085574573	9.403846153846153	0.9879435735204966	4.7645875251509056	2.3214285714285716	0.4400977995110024	0.6401612903225797	-1	1.032221804571999	0.2273838630806846	0.8881042562834954	409	205	52
37e26ea0ed51ab92e33514a1f8b11957	en	7.7368421052631575	1.3945578231292517	3.8831507339778	2.5348414965986397	0.2976190476190476	0.05102040816326531	0.5391156462585034	0.008503401360544218	0.00510204081632653	0.9473684210526315	0.740292536439595	3.223684210526316	1.4832535885167464	0.00549078112585034	0.00014240256204379562	0.007029478458049887	0.5	9.68421052631579	1.0092809639417306	4.5458167330677295	2.3214285714285716	0.3520408163265306	0.6363394683026605	0.500085598041019	0.6834400369689989	0.2465986394557823	0.8890644382584694	586	274	76
0289b29ec2093b9243715255e8c4e985	en	7.593023255813954	1.2894333843797856	2.586593005448915	0.7600971330887858	0.32465543644716693	0.09800918836140889	0.6094946401225115	0.0015313935681470138	0.007656967840735069	0.9069767441860465	0.7295898435727246	2.988372093023256	1.7014218009478672	0.004919053523583461	0.00016164862251461987	0.007105666156202144	0.3675344563552833	9.69767441860465	1.007104532554349	4.495848161328588	2.364130434782609	0.41347626339969373	0.6808483754512646	0.7398082135724567	0.8152256932556287	0.21592649310872894	0.9080529952571087	650	342	86
7b899a9d773eb366b5365ccdbe0b2bf8	en	7.851851851851852	1.240566037735849	2.11090146750524	0.9117290006988128	0.25943396226415094	0.08962264150943396	0.5518867924528302	0.018867924528301886	0.015723270440251572	0.9753086419753086	0.7646566189658295	3.0246913580246915	1.797752808988764	0.006253248410377358	0.00016500048620689655	0.005638690088917805	0.46226415094339623	10.074074074074074	1.0628261071616192	4.138625592417061	2.2115384615384617	0.3805031446540881	0.6543947858472986	0.6250935148999629	0.7968878611842899	0.2279874213836478	0.9026633684092169	624	290	81
e3896564162f9e9d23d3fc3cd85de0f9	en	7.60655737704918	1.2413793103448276	2.0248332391181485	0.6417086348219332	0.2521551724137931	0.10991379310344827	0.5538793103448276	0.008620689655172414	0.00646551724137931	0.9508196721311475	0.702996880713599	2.918032786885246	1.6764705882352942	0.005740779019482759	0.0001334194694063927	0.009578544061302683	0.2650862068965517	9.475409836065573	1.0252173988552966	4.2267343485617594	2.369369369369369	0.3922413793103448	0.6344109589041095	-1	0.7524661059989044	0.24568965517241378	0.8883703878525033	460	219	61
1d55439c4241a636ba3ad5f01dacea2b	en	8.41891891891892	1.2680577849117174	2.6564602403366457	1.090299744045811	0.2247191011235955	0.09149277688603531	0.565008025682183	0.03210272873194221	0.025682182985553772	0.972972972972973	0.784604819423122	3.1486486486486487	1.65359477124183	0.004997362368731942	0.0002293231217712177	0.007062600321027288	0.2664526484751204	10.378378378378379	1.0175258939964822	4.259445843828716	2.1758241758241756	0.34991974317817015	0.6490267175572519	0.5209858033259027	0.6789191724894863	0.23274478330658105	0.8846344063839486	605	271	74
bdb2925c6ab1f31ced8212978a836db2	en	7.606060606060606	1.2762284196547145	2.4358589882892687	1.6497877822045148	0.2961487383798141	0.06640106241699867	0.5737051792828686	0.02257636122177955	0.017264276228419653	0.9393939393939394	0.7714086624011115	3.1515151515151514	1.7422222222222221	0.005656287296786188	0.00015983266601671308	0.005312084993359893	0.6321381142098274	9.83838383838384	1.0807344568872386	4.229941291585127	2.4838709677419355	0.37715803452855245	0.6909174311926602	0.7028712931581469	0.8113178161810901	0.22576361221779548	0.8997135419744707	739	359	99
1d571c2545b7c3546cffd3a829ebe59f	en	7.619047619047619	1.234375	1.9470535714285724	0.25142038690476154	0.234375	0.11875	0.5765625	0.0234375	0.0171875	0.9761904761904762	0.7381883150668818	2.9166666666666665	1.6416184971098267	0.004707786743593749	0.00018864480176678444	0.005010775862068966	0.340625	9.654761904761905	0.9927151922575264	4.235365853658537	2.248803827751196	0.3859375	0.6465249537892807	0.791070804626525	0.9988513579909583	0.23125	0.9055063099593775	620	283	84
20df8eeec6649776d2dca4fd6a4c6d77	en	7.634146341463414	1.340255591054313	3.202333047611628	1.5303430063118522	0.2795527156549521	0.0878594249201278	0.5654952076677316	0.01757188498402556	0.01757188498402556	0.9878048780487805	0.7574422491089158	3.0609756097560976	1.5906735751295338	0.005878607392811502	0.0002087072111842105	0.005058572949946751	0.7651757188498403	9.341463414634147	0.980203256260316	4.4044665012406945	2.2974683544303796	0.38817891373801916	0.7002846299810246	0.7584576860268566	0.8752421102719479	0.22044728434504793	0.9003794883742332	614	304	82
42f2aa68d934853a462f78a27e817386	en	7.090909090909091	1.3974358974358974	3.6651981351981355	2.394446153846154	0.26666666666666666	0.1358974358974359	0.5923076923076923	0.002564102564102564	0.017948717948717947	0.9272727272727272	0.7666325658091223	2.7818181818181817	1.7692307692307692	0.004007634015897436	0.00014461326467661692	0.009230769230769232	0.1794871794871795	8.927272727272728	1.011567354214413	4.429672447013488	2.4468085106382977	0.4461538461538462	0.6537800687285219	-1	1.0394640564499509	0.2282051282051282	0.9011594799780448	389	201	55
cbe398bac614cdbcae679b60bff11b7d	en	7.3580246913580245	1.3640939597315436	3.3759383544618444	2.245865755240699	0.2953020134228188	0.08892617449664429	0.5838926174496645	0.0016778523489932886	0.006711409395973154	0.9382716049382716	0.735947398190045	2.9146341463414633	1.4924623115577889	0.004790399678691276	0.0002014852138047138	0.0051677852348993285	0.337248322147651	9.134146341463415	0.999277017395367	4.677124183006536	2.366013071895425	0.47651006711409394	0.7040241448692166	0.7383117263791621	0.8716148225175493	0.24496644295302014	0.9399560785452539	596	297	82
609d20f6b5ebf24fbb9e1b3ab47fe0c2	en	7.530612244897959	1.424119241192412	4.151545821580665	3.4008121342846085	0.2601626016260163	0.07181571815718157	0.5501355013550135	0.012195121951219513	0.009485094850948509	0.9489795918367347	0.7815411020823392	3.204081632653061	1.6017699115044248	0.005072210196124661	0.00021634227630057802	0.005420054200542005	0.5094850948509485	8.857142857142858	0.9997571708325027	4.818478260869565	2.4696132596685083	0.34688346883468835	0.6526134585289511	0.6420680112855679	0.7799837291737105	0.23577235772357724	0.8891732610702827	716	346	98
c4b152fd339c6d217a0a1fb14259c5ab	en	6.956043956043956	1.2748815165876777	2.166459038591743	1.674037911219902	0.2812006319115324	0.09636650868878358	0.584518167456556	0.022116903633491312	0.011058451816745656	0.9230769230769231	0.7570045549947509	2.989010989010989	1.6855670103092784	0.00545847999921011	0.00015229484060402685	0.004777867683890109	1.1927330173775672	8.725274725274724	1.0100878659811097	4.305288461538462	2.2797927461139897	0.41232227488151657	0.7319662921348319	0.506816124150884	0.6072937745247481	0.21642969984202212	0.9105319788288564	613	298	91
af7cf1918d41788a6fe9963b130f28b9	en	7.032786885245901	1.4638694638694638	4.426446558905575	3.4614880278191746	0.34265734265734266	0.09090909090909091	0.6130536130536131	0.011655011655011656	0.009324009324009324	0.9344262295081968	0.7043426570180957	2.901639344262295	1.6142857142857143	0.005422338724941725	0.00015786775663716813	0.008460675127341794	0.5337995337995338	9.147540983606557	1.0825468314499174	4.572164948453608	2.3043478260869565	0.4568764568764569	0.695999999999999	-1	0.8149982339020161	0.1958041958041958	0.9007970473840484	425	226	61
f1b78a6f4676b2463dec7746d60598ab	en	7.372093023255814	1.2555205047318612	2.1002582349057306	0.7883868241508334	0.27129337539432175	0.10252365930599369	0.5914826498422713	0.02050473186119874	0.01892744479495268	0.9767441860465116	0.7455433455433452	3.104651162790698	1.7150537634408602	0.005057217228706625	0.00016188112732919255	0.005444184389946067	0.3627760252365931	9.069767441860465	1.0061479816353276	4.314565483476132	2.278787878787879	0.40063091482649843	0.6792710280373833	0.6445172482078639	0.7748302854029976	0.2113564668769716	0.9011966809945889	618	322	86
5e83161027af775c355925659643d668	en	7.564102564102564	1.2796610169491525	2.460000000000001	0.8465993046501517	0.2677966101694915	0.08644067796610169	0.5711864406779661	0.01694915254237288	0.013559322033898305	1.0	0.730282992620655	2.9871794871794872	1.6900584795321638	0.005223811742372881	0.00015228906761565838	0.005988700564971751	0.511864406779661	9.166666666666666	0.9966929312517547	4.471879286694102	2.2745098039215685	0.38305084745762713	0.6685743380855412	0.8044794164097417	0.7889582491920515	0.23220338983050848	0.8933373116467715	580	281	78
c5180a28e26041141826fe9340c6f146	en	8.346938775510203	1.315403422982885	3.187066513647025	1.5879186767127393	0.26405867970660146	0.07090464547677261	0.5623471882640587	0.014669926650366748	0.019559902200488997	1.0	0.7748411021848521	3.0408163265306123	1.7058823529411764	0.005805024781662591	0.00015608185260416666	0.008964955175224124	0.28361858190709044	10.346938775510203	1.0233810082257286	4.269811320754717	2.4691358024691357	0.4572127139364303	0.6714193548387091	-1	-1	0.2371638141809291	0.9074063383579629	406	192	49
1752e3340ecb715566052086c5e03e5d	en	8.576271186440678	1.326086956521739	3.402571849668387	2.6996837676693235	0.2549407114624506	0.08300395256916997	0.5652173913043478	0.01383399209486166	0.01383399209486166	1.0	0.7455895428908923	3.169491525423729	1.5231788079470199	0.005718573981818182	0.00014030657	0.006126482213438735	0.541501976284585	11.796610169491526	1.072524793820512	4.23	2.302325581395349	0.3893280632411067	0.6629238329238315	0.7391386447721501	0.7133684888437102	0.23517786561264822	0.8963653607635234	501	240	59
d555ff2a43c7215d0331a1d232a48366	en	8.31578947368421	1.3312236286919832	3.3615967133022444	2.000779746835443	0.2679324894514768	0.12447257383966245	0.609704641350211	0.012658227848101266	0.010548523206751054	0.9649122807017544	0.7389235676788196	3.245614035087719	1.7887323943661972	0.005005239200421941	0.00017551869795918366	0.007426160337552742	0.5358649789029536	10.403508771929825	1.0168363556521451	4.616026711185309	2.2033898305084745	0.39662447257383965	0.6858133333333323	-1	0.7603548753683151	0.21308016877637131	0.8776744432841679	466	245	57
fab5a9d32af9b9f2e3dc4dd86c5d9868	en	7.4035087719298245	1.2417061611374407	1.9495011224744339	-0.146114375987362	0.24644549763033174	0.054502369668246446	0.533175355450237	0.016587677725118485	0.018957345971563982	0.9122807017543859	0.7440061251773435	2.7719298245614037	1.677685950413223	0.007663386649289099	0.0001478607891891892	0.009757457485363814	0.1990521327014218	9.105263157894736	0.9795354086544018	4.3584905660377355	2.3063063063063063	0.38388625592417064	0.6174922600619188	-1	-1	0.25355450236966826	0.8859497260830643	415	185	57
c79ea24bfefa9f2d9942c2c7f295c994	en	6.101694915254237	1.2944444444444445	2.0641054613935985	1.3986478342749522	0.2361111111111111	0.11666666666666667	0.5833333333333334	0.025	0.022222222222222223	0.9152542372881356	0.7476504817022057	2.610169491525424	1.6176470588235294	0.0048289655825	0.0001780872029239766	0.0060457516339869274	0.17777777777777778	7.423728813559322	0.9899236356863474	4.29957805907173	2.4343434343434343	0.5027777777777778	0.7180076628352486	-1	-1	0.24722222222222223	0.924523773068446	350	171	59
d0e9a8ce3181f63a1d009657c0d0724d	en	6.991304347826087	1.3930348258706469	3.5744196409258073	2.535053052130652	0.35572139303482586	0.08208955223880597	0.6281094527363185	0.0236318407960199	0.008706467661691543	0.9043478260869565	0.7344963143724753	3.1130434782608694	1.6954887218045114	0.0045920621427860695	0.00018531065878220142	0.005477420589360888	0.7562189054726368	9.165217391304347	1.1090964741873344	4.395495495495496	2.462686567164179	0.3383084577114428	0.6195744680851051	0.5554427568222016	0.6017795974953577	0.1927860696517413	0.8610073838226759	780	427	115
fd06c1d0e01346378f3e0ce3014aee5d	en	7.430555555555555	1.3289719626168224	2.989785825545173	1.904248701973001	0.2766355140186916	0.056074766355140186	0.5682242990654206	0.003738317757009346	0.011214953271028037	0.9444444444444444	0.8010866676359635	2.9305555555555554	1.6111111111111112	0.006452529785046728	0.000168620788	0.006604361370716511	0.6074766355140186	9.305555555555555	1.001008311087968	4.472913616398243	2.326797385620915	0.3850467289719626	0.6546788990825685	0.8550368215867413	0.7539165249138777	0.24299065420560748	0.8936899140528881	528	250	72
ae88b2072ec8b76164242ac6058fda33	en	7.375	1.2937853107344632	2.5529166666666683	1.0767629001883239	0.2542372881355932	0.07532956685499058	0.551789077212806	0.02448210922787194	0.02071563088512241	0.9444444444444444	0.703721995614138	3.0	1.5121951219512195	0.005786336026365348	0.0001393869547325103	0.007382297551789077	0.4689265536723164	9.569444444444445	1.0660389050401304	4.206751054852321	2.1791044776119404	0.3860640301318267	0.6992592592592594	0.17329082243636	0.9966934455489065	0.24293785310734464	0.8916411823298923	519	243	72
b2546eee83da1854b57d52d17e463458	en	9.078947368421053	1.3536231884057972	3.9235430968726206	2.4545362318840582	0.22318840579710145	0.06956521739130435	0.5101449275362319	0.005797101449275362	0.02608695652173913	0.9736842105263158	0.6661109417688367	3.1842105263157894	1.7777777777777777	0.007021885744927536	0.00014376844285714287	0.011594202898550725	0.10434782608695652	10.605263157894736	0.9845334017547639	4.614457831325301	2.388059701492537	0.4318840579710145	0.6172357723577238	-1	-1	0.25217391304347825	0.9150375908140738	341	140	38
8f9ea7b0f71122d0bd5f3496bf727c6e	en	10.291666666666666	1.3279352226720649	4.093385627530367	1.896778812415655	0.26720647773279355	0.06680161943319839	0.5668016194331984	0.010121457489878543	0.010121457489878543	1.0	0.7318234467557637	3.375	1.7602739726027397	0.007080153065384615	0.0001660169563265306	0.008009153318077803	0.291497975708502	12.395833333333334	0.9897425941325902	4.722871452420701	2.2233009708737863	0.4008097165991903	0.6588607594936694	-1	0.7418255457772932	0.23684210526315788	0.8903126543965536	488	245	48
0936f89a4935b8cf6b0d48ed6511633b	en	7.36144578313253	1.3887070376432078	3.6677068996115416	2.4310792341214285	0.31342062193126025	0.06710310965630115	0.5720130932896891	0.011456628477905073	0.013911620294599018	0.9036144578313253	0.7455962442192385	2.9397590361445785	1.6175	0.004673091708290261	0.00019227951647058823	0.0037696868879289525	1.0155482815057284	9.475903614457831	1.013183150325994	4.529228855721393	2.4059945504087192	0.30032733224222585	0.651816562778275	0.6787689735601297	0.7659149471582218	0.2193126022913257	0.8757388439195897	1209	595	166
e09e697039cff14b08da97e162ff7252	en	7.627906976744186	1.2560975609756098	2.206834940442427	1.4027336074872379	0.25609756097560976	0.08231707317073171	0.5304878048780488	0.009146341463414634	0.018292682926829267	0.9767441860465116	0.7310305435305436	3.13953488372093	1.6701030927835052	0.006181941145426829	0.0001393874654676259	0.009325681492109038	0.24695121951219512	9.44186046511628	0.998478049538241	4.346793349168646	2.3703703703703702	0.4573170731707317	0.6541048034934499	-1	-1	0.22560975609756098	0.9096484104607097	322	139	43
a2a698ca21f02acfde2e4087cd181a79	en	7.87037037037037	1.4164705882352941	4.193797385620915	2.8179847494553383	0.3058823529411765	0.08470588235294117	0.6094117647058823	0.004705882352941176	0.002352941176470588	0.9629629629629629	0.7184158054302338	3.3518518518518516	1.8	0.005238700684705882	0.00017894417105263156	0.006787330316742081	0.4541176470588235	9.666666666666666	1.0659078726889184	4.607207207207207	2.522727272727273	0.4682352941176471	0.7131288343558272	-1	0.9990785192407636	0.2235294117647059	0.9034743988813004	422	228	54
2b4c339feb241089c0bbcc505236c78a	en	7.475409836065574	1.3201754385964912	2.903480011504172	1.53137975266034	0.2741228070175439	0.08991228070175439	0.5350877192982456	0.0021929824561403508	0.010964912280701754	0.9836065573770492	0.7246912442133034	3.0	1.7462686567164178	0.007099572882894737	0.00011743236390243904	0.00932017543859649	0.25219298245614036	9.344262295081966	1.0083931002566489	4.479930191972077	2.373913043478261	0.3969298245614035	0.6374229691876744	-1	1.0674481916342315	0.2149122807017544	0.8930267291882457	446	205	61
dea51d136d58c7a57a0e41c943397be6	en	7.36036036036036	1.2692778457772338	2.2580191207119	0.923914186156781	0.2937576499388005	0.09057527539779682	0.5960832313341493	0.01835985312117503	0.009791921664626682	0.9819819819819819	0.7508777333777334	2.81981981981982	1.70703125	0.005592631896940024	0.00019409971308641976	0.004283965728274173	0.5055079559363526	9.207207207207206	0.9647838941317202	4.490328820116054	2.3292682926829267	0.39412484700122397	0.6811420612813377	0.8871402050764036	0.9730998928070346	0.20807833537331702	0.9114546313924479	806	405	111
460830d637dc3c8b5b3774725ddaf1d2	en	8.53448275862069	1.1737373737373737	1.5885492859630794	-0.18791327063740892	0.25252525252525254	0.05454545454545454	0.501010101010101	0.012121212121212121	0.012121212121212121	0.9827586206896551	0.7312752407159284	3.2413793103448274	1.5816993464052287	0.007693469608080808	0.00014801969	0.006637806637806638	0.29494949494949496	10.224137931034482	0.9612616416802655	4.22	2.300699300699301	0.4	0.6374999999999985	-1	0.835127804095945	0.22424242424242424	0.9201406759779366	479	200	58
7ed5d09fb38596692d167ceb210dbb85	en	7.151515151515151	1.402542372881356	3.74909090909091	1.8284282485875711	0.34576271186440677	0.10423728813559321	0.6101694915254238	0.005932203389830509	0.011864406779661017	0.7818181818181819	0.7025180490534825	2.915151515151515	1.668257756563246	0.004899317816864406	0.00011772224983974359	0.0036260072242289523	0.8364406779661017	9.163636363636364	1.0257944651745665	4.508301404853129	2.4145569620253164	0.3559322033898305	0.6428492136910274	0.9665659951512824	0.9016916477858916	0.17796610169491525	0.9056571528000125	1173	624	165
211a11b846eea612053de065658cb033	en	7.9	1.2088607594936709	1.7555569620253166	0.029202784810126392	0.21835443037974683	0.0759493670886076	0.49050632911392406	0.00949367088607595	0.012658227848101266	0.975	0.6601252024328947	3.275	1.5196078431372548	0.005045638819620253	0.00018682779838709676	0.013924050632911394	0.08860759493670886	8.9	0.9214382145632145	4.3931398416886545	2.5076923076923077	0.4208860759493671	0.5999539170506913	-1	-1	0.23734177215189872	0.901151802593601	311	124	40
05acbb7976cd992e1edd2991a9c455e4	en	6.56989247311828	1.3617021276595744	3.04034317089911	2.1290506696232168	0.337152209492635	0.058919803600654665	0.5875613747954174	0.008183306055646482	0.01309328968903437	0.9354838709677419	0.7387364597962424	2.89247311827957	1.5476190476190477	0.0044074194371522095	0.00017143881078431373	0.00744963034031266	0.3911620294599018	8.387096774193548	1.0398572698445363	4.5675675675675675	2.4529411764705884	0.3878887070376432	0.6639257812499997	0.8101302781865248	0.8739692141754203	0.22749590834697217	0.8920886792019365	604	306	93
ef19a1ea921b5950fa3a257252b213c0	en	8.163934426229508	1.3012048192771084	2.9481512936993894	0.9329014023306343	0.2931726907630522	0.10040160642570281	0.5883534136546185	0.012048192771084338	0.018072289156626505	0.9508196721311475	0.7354896029896031	3.0491803278688523	1.6226415094339623	0.004741942412449799	0.00013810390423728812	0.0069611780455153946	0.6827309236947792	10.163934426229508	1.028148052695076	4.361635220125786	2.25	0.42771084337349397	0.6919548872180434	-1	0.8302066210545	0.19477911646586346	0.9031160015928715	491	236	61
12b25218e531a0b7231fe3a15162d3a2	en	7.608108108108108	1.2717584369449377	2.3839117181124294	1.1863296721232781	0.27886323268206037	0.07282415630550622	0.5737122557726465	0.017761989342806393	0.015985790408525755	0.9459459459459459	0.7700262446837789	2.9324324324324325	1.650887573964497	0.004520202898401421	0.00017581263984375	0.007246891651865009	0.3019538188277087	9.216216216216216	1.0542169134080899	4.381084840055633	2.430894308943089	0.4067495559502664	0.6668318965517247	0.9975836146199623	0.9653323766146481	0.23978685612788633	0.9059909391804483	552	256	74
fd7e77288a2b895ff49882797049fdb1	en	7.3428571428571425	1.3229571984435797	2.8846092273485304	1.1968307726514729	0.26653696498054474	0.07782101167315175	0.519455252918288	0.0038910505836575876	0.013618677042801557	0.9142857142857143	0.688978107712123	2.7857142857142856	1.6140350877192982	0.004927846075680933	0.00014408872572614105	0.007689457105799519	0.3132295719844358	9.185714285714285	1.0816251219754143	4.254814814814814	2.48	0.39105058365758755	0.6430843373493967	0.7426691186951864	0.7790049751571176	0.23151750972762647	0.8943402714668228	510	241	70
02ed48f0b29ea0206530cbe105e029db	en	6.174757281553398	1.4025157232704402	3.3678408743970216	3.2117747633876776	0.2940251572327044	0.11320754716981132	0.6053459119496856	0.01729559748427673	0.0110062893081761	0.941747572815534	0.7510555348790641	2.6990291262135924	1.6436170212765957	0.004572322560440251	0.0001554400071875	0.004809470958194599	0.6509433962264151	8.077669902912621	1.020852744881871	4.309255079006772	2.432558139534884	0.4418238993710692	0.6832774674115448	0.5100810556147775	0.7977692716208409	0.23270440251572327	0.9211009551854253	618	320	103
622e52ff8a2dc88581c10f1ca975b1fa	en	8.927710843373495	1.2847503373819162	3.0518612100222775	1.4917078549013865	0.2388663967611336	0.09176788124156546	0.5344129554655871	0.014844804318488529	0.020242914979757085	0.9397590361445783	0.7330249712434188	3.4819277108433737	1.5772727272727274	0.00559936175951417	0.00020105130121951217	0.004114413613771765	0.728744939271255	10.91566265060241	1.0306215024432546	4.34796573875803	2.2732558139534884	0.3562753036437247	0.6862461059190033	0.7957213330037854	0.8165460641394019	0.21862348178137653	0.9011468258115223	725	328	83
c400f88ebe7485c59bc7441d85f38c79	en	6.861538461538461	1.2331838565022422	1.6375695067264608	0.4209039392894103	0.2937219730941704	0.08744394618834081	0.5874439461883408	0.01569506726457399	0.008968609865470852	0.9692307692307692	0.7412733010963711	2.6769230769230767	1.651851851851852	0.005028907793049328	0.00017304827621145375	0.007649696649960432	0.23766816143497757	8.692307692307692	0.9294129801822109	4.431064572425829	2.3594771241830066	0.47533632286995514	0.6990778097982695	-1	0.7687785324584108	0.21748878923766815	0.9260694577198468	442	227	65
269862fdc61e35542dac5eaf2d8f1dde	en	7.1571428571428575	1.2874251497005988	2.392902480752781	0.807342948388936	0.30538922155688625	0.059880239520958084	0.5728542914171657	0.013972055888223553	0.015968063872255488	0.9714285714285714	0.7388742497438151	3.142857142857143	1.638157894736842	0.005524385149700599	0.0001746782745098039	0.007369875633348687	0.36327345309381237	8.971428571428572	1.0458259795759794	4.3379416282642085	2.4	0.4231536926147705	0.6774626865671638	-1	0.7220818324654166	0.2155688622754491	0.895616061177256	497	255	70
761bb4ff512a7b44ed58d1392ec5b00d	en	7.173076923076923	1.3458445040214477	3.0884651474530855	1.8036146009486496	0.34316353887399464	0.08579088471849866	0.6327077747989276	0.005361930294906166	0.00804289544235925	0.9230769230769231	0.7811260906849142	2.8461538461538463	1.8596491228070176	0.005000499689008043	0.0001868468732394366	0.01126005361930295	0.3726541554959786	8.865384615384615	0.9495261306064473	4.872068230277185	2.4095238095238094	0.4906166219839142	0.6920072992700731	-1	0.8333013803495263	0.2225201072386059	0.9093325214362846	373	213	52
410439b4ff5bdf109c27681241994039	en	7.174311926605505	1.3209718670076727	2.7954496820666854	1.4945961050235814	0.2659846547314578	0.11125319693094629	0.5818414322250639	0.016624040920716114	0.014066496163682864	0.908256880733945	0.730778120419503	2.7981651376146788	1.6506550218340612	0.0049855343661125325	0.0001694224764864865	0.004272971118457988	0.5959079283887468	9.34862385321101	1.0164150070387528	4.3008763388510225	2.2595419847328246	0.37468030690537085	0.6451537335285511	0.5973121390025999	0.7505765236253399	0.21483375959079284	0.9034127905018609	761	370	109
87fcea405efe1b5f1cf52afa468f4a0c	en	9.158730158730158	1.2946273830155979	3.2585078814888178	1.612769491898434	0.2651646447140381	0.10745233968804159	0.5580589254766031	0.01559792027729636	0.006932409012131715	1.0	0.7543643842979708	3.4761904761904763	1.686046511627907	0.0061032421904679375	0.000172311796	0.00633248900146647	0.36048526863084923	11.476190476190476	1.022226177961472	4.324763193504736	2.219858156028369	0.3986135181975737	0.6744979079497915	0.6613249540515788	0.9800420000565565	0.21143847487001732	0.9068822838308129	568	275	63
7dfe31c5b4ddca9be62cb14113a1c92c	en	7.535211267605634	1.314018691588785	2.854152955113861	1.6798219033829147	0.23925233644859814	0.08411214953271028	0.5663551401869159	0.011214953271028037	0.013084112149532711	0.9859154929577465	0.7692638372365262	2.9014084507042255	1.6733333333333333	0.005526702482242991	0.00019303110162601625	0.006591244466305952	0.2691588785046729	9.549295774647888	0.9915391257458366	4.385630498533724	2.339622641509434	0.4224299065420561	0.687362385321102	0.8472500307917045	0.8166370090393418	0.2504672897196262	0.9137393249724604	523	246	71
844ffa3f564644061dc0e7058765b3ca	en	7.658227848101266	1.3024793388429752	2.765965059106602	1.2947614813264985	0.30578512396694213	0.05785123966942149	0.5702479338842975	0.021487603305785124	0.023140495867768594	0.9493670886075949	0.7093409149880926	3.0759493670886076	1.6519337016574585	0.004397620771570248	0.00018472184842105265	0.006847697756788666	0.5074380165289256	9.341772151898734	1.0051501984688684	4.284427284427284	2.344155844155844	0.3950413223140496	0.6507509881422935	0.8473105843107862	0.9294168073917835	0.20330578512396694	0.9043781642610029	591	285	79
110983f292cfbe32d474f49e12094e51	en	7.864406779661017	1.3146551724137931	2.9900496785505553	1.5373210549386327	0.2521551724137931	0.09267241379310345	0.5603448275862069	0.010775862068965518	0.008620689655172414	0.9830508474576272	0.6962581479822858	3.0847457627118646	1.6592592592592592	0.006085060419181034	0.00014677340315315317	0.00646551724137931	0.34913793103448276	10.35593220338983	1.0956252551591537	4.251993620414673	2.3135593220338984	0.41163793103448276	0.6615342465753419	-1	0.8157435995717518	0.24568965517241378	0.9051714145713102	459	222	59
931c3feb296c2c00dfa62ff43bf215cd	en	8.584905660377359	1.353846153846154	3.7334978229317883	2.842396226415094	0.34285714285714286	0.0989010989010989	0.5868131868131868	0.002197802197802198	0.002197802197802198	0.9056603773584906	0.7368313821073017	3.4150943396226414	1.8652482269503545	0.006259979226373626	0.00018237049372384935	0.0077655677655677656	0.6	10.79245283018868	0.9699523058846033	4.573378839590443	2.327272727272727	0.42417582417582417	0.6557022471910112	-1	0.7249619283272479	0.16043956043956045	0.9010329177467704	444	239	53
9711e8f7758f959e99cdca63748e2afd	en	6.828947368421052	1.3815028901734103	3.3750235777304525	2.164487861271677	0.2909441233140655	0.07707129094412331	0.5973025048169557	0.0038535645472061657	0.009633911368015413	0.9736842105263158	0.7415304325304324	2.763157894736842	1.5625	0.0047778487982658956	0.00015556761423357664	0.007539582809751194	0.27167630057803466	9.355263157894736	1.0846460556986872	4.339805825242719	2.2746478873239435	0.43545279383429675	0.7026428571428561	0.7282537506583123	1.0488027255328578	0.2504816955684008	0.9096434959483133	517	274	76
c6efabd53b3d554b8634cfccb81c4df6	en	7.0	1.2311688311688311	1.667792207792207	0.6945168831168833	0.2701298701298701	0.06493506493506493	0.5805194805194805	0.033766233766233764	0.012987012987012988	0.9363636363636364	0.7167001703698952	2.8	1.6854460093896713	0.004154154113896104	0.00018982869506849317	0.005328005328005327	0.574025974025974	8.581818181818182	1.0088684837147404	4.12214498510427	2.161943319838057	0.3142857142857143	0.6235618479880773	0.7285456464978649	0.6996901241425676	0.23376623376623376	0.8704894558770148	738	365	110
60d41393a481f1b718e482efcacd57ef	en	8.673076923076923	1.2727272727272727	2.81068181818182	0.15591451475353946	0.2616407982261641	0.08869179600886919	0.5853658536585366	0.03547671840354767	0.015521064301552107	1.0	0.7311471752648224	3.1346153846153846	1.8671875	0.005190525430820399	0.00016669338101851853	0.011216903612886396	0.19955654101995565	10.26923076923077	0.9514970527838175	4.498154981549815	2.3394495412844036	0.3835920177383592	0.5899147727272732	-1	0.8135062514068142	0.20620842572062084	0.8640279715562339	445	216	52
b81900e508e01d2e75f38444188f475d	en	8.5	1.4551083591331269	4.8952786377709	3.0868191950464396	0.29721362229102166	0.08978328173374613	0.5928792569659442	0.007739938080495356	0.010835913312693499	0.9605263157894737	0.6895628456510808	3.6842105263157894	1.778894472361809	0.004435112675696595	0.00015946483033033032	0.006578947368421053	0.7244582043343654	10.789473684210526	1.0501211837878777	4.658273381294964	2.302158273381295	0.35294117647058826	0.6599451553930523	0.5828171721607582	0.8579472444920355	0.23529411764705882	0.8780546339250314	643	333	76
5eb04540504c44085eb3685c35cc4c54	en	8.064935064935066	1.1916264090177133	1.616516301733693	0.17677437313089506	0.22544283413848631	0.08695652173913043	0.5394524959742351	0.02254428341384863	0.017713365539452495	0.987012987012987	0.7234629706378932	3.090909090909091	1.819277108433735	0.0057360839705314	0.00016087184734848485	0.0058811174123083385	0.30917874396135264	9.831168831168831	0.9863297934803905	4.302477183833116	2.24	0.4138486312399356	0.6897701149425269	0.7420692022638852	0.8302431864786154	0.23832528180354268	0.9241998983796237	604	264	77
8b72882ebbc734e696cf52abbb767a2b	en	6.5	1.2874493927125505	2.1369028340080973	0.9638040485829964	0.2854251012145749	0.10121457489878542	0.5890688259109311	0.0020242914979757085	0.02631578947368421	0.9078947368421053	0.7507308802308805	2.6973684210526314	1.6	0.0048421654453441295	0.0001400338372093023	0.008097165991902834	0.41295546558704455	7.802631578947368	0.9556929053059084	4.212168486739469	2.518181818181818	0.4008097165991903	0.6523291139240497	-1	0.8175296842472174	0.25101214574898784	0.8999187185394674	492	258	76
0547d84f3ac4abdbb0361428d8a3a18a	en	7.75	1.3528225806451613	3.3958064516129056	1.8317475806451617	0.2782258064516129	0.10080645161290322	0.5786290322580645	0.006048387096774193	0.014112903225806451	0.984375	0.735369877036544	3.359375	1.5906040268456376	0.004389494466330645	0.0001497107068548387	0.006231671554252199	0.2842741935483871	10.109375	1.0358942719351727	4.361990950226244	2.3759398496240602	0.4375	0.7027455919395463	-1	0.8079255624343571	0.22379032258064516	0.9147529330867549	493	248	64
b286d9946e6f295f385e0d3f7152db7f	en	8.10204081632653	1.3652392947103276	3.6796195959492124	1.7271171438852617	0.29974811083123426	0.060453400503778336	0.5541561712846348	0.0	0.020151133501259445	1.0	0.7337871330058832	3.183673469387755	1.6666666666666667	0.006229123192443325	0.00013602208923076922	0.007556675062972292	0.6221662468513854	10.428571428571429	1.043088945534924	4.375722543352601	2.382978723404255	0.42317380352644834	0.6608389261744978	-1	-1	0.23425692695214106	0.9079256862456588	395	195	49
13d3e4c65553b737eda388edaaca3e82	en	8.01086956521739	1.2415196743554953	2.1841712878296278	0.42040110907911066	0.25780189959294436	0.10040705563093623	0.5658073270013568	0.005427408412483039	0.0203527815468114	0.9782608695652174	0.7696680270307491	2.902173913043478	1.7853658536585366	0.0054689066187245585	0.0002052963014925373	0.005524326419848807	0.3649932157394844	9.902173913043478	0.9512639177976105	4.379760609357998	2.3304721030042916	0.35956580732700133	0.6378683385579947	0.8043377502395888	0.8424449228541839	0.23337856173677068	0.8997232841988727	729	335	92
199dddcc04fd291de829b95cbee0b02a	en	7.098039215686274	1.3839779005524862	3.5091745206369858	2.5041954717798713	0.23204419889502761	0.09668508287292818	0.5441988950276243	0.008287292817679558	0.024861878453038673	0.9803921568627451	0.7646775152951625	2.784313725490196	1.5961538461538463	0.003942749861878453	0.00020512798089171973	0.0071823204419889505	0.13812154696132597	8.647058823529411	0.9213587338587339	4.664444444444444	2.371900826446281	0.47513812154696133	0.663041825095057	-1	-1	0.2513812154696133	0.9332020342650357	352	157	51
c2ed22e1bacce27e968457c99d5c54a6	en	6.910714285714286	1.3074935400516796	2.5336023440383926	0.9899546327057953	0.29198966408268734	0.08527131782945736	0.5762273901808785	0.0	0.015503875968992248	0.875	0.6991021392217565	2.8214285714285716	1.6829268292682926	0.004903451481653747	0.00014209911256281407	0.007859603789836347	0.5710594315245479	8.875	1.0771574159967017	4.25	2.3516483516483517	0.4625322997416021	0.687916666666666	-1	-1	0.25839793281653745	0.9151536227106897	386	199	56
685f811d850da8ad415b0e1eb02b194c	en	8.191489361702128	1.3467532467532468	3.496369162752142	2.5205390991986745	0.3064935064935065	0.06753246753246753	0.5701298701298702	0.033766233766233764	0.014285714285714285	0.9148936170212766	0.7492610436158823	3.265957446808511	1.6482213438735178	0.004935937520935065	0.00013236741627218934	0.006456400742115028	0.4987012987012987	10.446808510638299	1.047239092518124	4.508	2.214574898785425	0.3168831168831169	0.6003725782414305	0.6360408836727447	0.7968214077265119	0.22597402597402597	0.8627581872132141	743	338	94
06715502e9d1aeed2d77a3c8c8e3b8f7	en	8.161290322580646	1.274703557312253	2.6344052020910382	0.9059313782991212	0.26877470355731226	0.07707509881422925	0.575098814229249	0.017786561264822136	0.009881422924901186	0.9838709677419355	0.7678758159230675	3.096774193548387	1.748299319727891	0.006511805579644268	0.00017533053608695653	0.006882922175275998	0.5711462450592886	9.935483870967742	1.01456010082608	4.49597423510467	2.310924369747899	0.4308300395256917	0.7221130221130232	-1	0.7492129304780074	0.2450592885375494	0.8936633925855658	499	230	62
935838a39259f5c987cb795233886f5c	en	8.779069767441861	1.3086092715231787	3.2754266132758367	1.5594564916063458	0.3350993377483444	0.0728476821192053	0.5841059602649007	0.009271523178807948	0.011920529801324504	0.9534883720930233	0.7227688412857819	3.2325581395348837	1.6395348837209303	0.004972422397403973	0.0001895344717277487	0.00533112582781457	0.7205298013245033	10.790697674418604	1.0343199668196108	4.426638917793965	2.386138613861386	0.37218543046357616	0.6504573170731721	0.6931203172932796	0.7424744026311751	0.21721854304635763	0.8961310762567347	740	382	86
6c67c4f5c810b05ac691994b371b6051	en	7.366197183098592	1.3690248565965584	3.4373102092478405	2.14391306385156	0.2734225621414914	0.08795411089866156	0.5697896749521989	0.0038240917782026767	0.0019120458891013384	0.9577464788732394	0.7291260326974613	2.8732394366197185	1.70625	0.006437570524856597	0.000158431189453125	0.00696971566027262	0.7782026768642447	9.788732394366198	1.0582104906048568	4.312944523470839	2.3503649635036497	0.35372848948374763	0.6536556603773568	0.5812205210597232	0.695225295723299	0.22753346080305928	0.8735855858465208	520	256	71
cc731a6201ab12b8cc5d20d3b618ecc5	en	8.293103448275861	1.3534303534303533	3.614788515305758	2.082916667861496	0.25571725571725573	0.09563409563409564	0.577962577962578	0.018711018711018712	0.016632016632016633	0.9655172413793104	0.7384496979372327	3.086206896551724	1.6642857142857144	0.005649694991683991	0.0001514920140186916	0.0073150073150073155	0.5654885654885655	10.482758620689655	1.0243700552321242	4.374193548387097	2.2748091603053435	0.40332640332640335	0.6711518324607326	-1	0.7533309351124009	0.2079002079002079	0.8793365564970531	474	214	58
e7ae87aa8b4d898c6b19d7f203576f0e	en	7.529411764705882	1.26953125	2.326939338235295	0.7510074908088238	0.265625	0.0859375	0.572265625	0.009765625	0.009765625	1.0	0.7707793084878247	3.0588235294117645	1.7133333333333334	0.0069411095921874996	0.00021001155238095239	0.007401315789473684	0.216796875	9.117647058823529	0.9900503778986751	4.423728813559322	2.3628318584070795	0.439453125	0.6674334140435825	0.8886013910371554	0.9622673109342617	0.212890625	0.9109353827848007	506	252	68
85a02d92b613b0d1a3e974b0d3758867	en	8.25531914893617	1.4484536082474226	4.721327045404696	2.6840264751041896	0.23195876288659795	0.1134020618556701	0.5463917525773195	0.005154639175257732	0.01804123711340206	1.0	0.7465006611745746	2.7872340425531914	1.6638655462184875	0.00543147017757732	0.00016333773930635837	0.008138903960933261	0.31443298969072164	10.382978723404255	1.0298056674934022	4.551724137931035	2.3369565217391304	0.4329896907216495	0.665051903114186	-1	-1	0.22938144329896906	0.8993725472818542	388	173	47
6c67b89e99b6f207589969179afba6dd	en	7.188235294117647	1.297872340425532	2.5283053817271615	0.9503099297198423	0.2684124386252046	0.08183306055646482	0.5711947626841244	0.014729950900163666	0.016366612111292964	0.9647058823529412	0.7605815811172952	2.929411764705882	1.699421965317919	0.005305324841243863	0.0001658466701754386	0.0058075075233620195	0.5711947626841244	8.694117647058823	1.0238504536601423	4.314649681528662	2.4097222222222223	0.3698854337152209	0.639921875	0.6620532578180738	0.8939202211917351	0.24877250409165302	0.8978652861379939	598	285	85
36bec1ba52b338bd9f5365309d9f60cc	en	8.868421052631579	1.258160237388724	2.7149750117132605	0.5817465875370917	0.26112759643916916	0.050445103857566766	0.5252225519287834	0.008902077151335312	0.02373887240356083	0.9736842105263158	0.7114012706117968	3.263157894736842	1.5918367346938775	0.006229743791097923	0.0002465438	0.013238986532755079	0.20474777448071216	10.526315789473685	0.9871197881066301	4.518427518427519	2.3098591549295775	0.41543026706231456	0.6305882352941183	-1	-1	0.2522255192878338	0.8819510695881236	335	152	38
8602384edae0804f380b25269933828a	en	7.930232558139535	1.2111436950146628	1.7942862988474424	0.6623425083543606	0.2697947214076246	0.07624633431085044	0.5454545454545454	0.011730205278592375	0.008797653958944282	0.9534883720930233	0.7606723863352378	3.0232558139534884	1.7272727272727273	0.005675091771260997	0.00017739024999999998	0.009775171065493646	0.24926686217008798	9.767441860465116	1.0173293648268371	4.170842824601367	2.2386363636363638	0.45161290322580644	0.6654958677685944	-1	-1	0.20821114369501467	0.9098507940800948	332	144	43
3f2c1e1d04efcf037912d3baf881ea34	en	8.714285714285714	1.3536299765807962	3.781405152224824	2.4497803278688517	0.234192037470726	0.08196721311475409	0.5292740046838408	0.01405152224824356	0.0	0.9591836734693877	0.7323091482028378	3.142857142857143	1.608	0.007675956266978923	0.00020445234065934068	0.007433051624070868	0.40749414519906324	11.040816326530612	1.1169640629092832	4.327956989247312	2.2346938775510203	0.37236533957845436	0.6195426829268302	-1	-1	0.2529274004683841	0.8829965306435394	422	182	49
32f9e6e5725c17157790b14f17b5d364	en	7.724137931034483	1.1964285714285714	1.5402709359605922	0.3480383620689662	0.23660714285714285	0.078125	0.5625	0.013392857142857142	0.013392857142857142	0.9827586206896551	0.7396952462741936	3.1379310344827585	1.7916666666666667	0.004341937708705357	0.00019376958980582527	0.008769132653061224	0.11607142857142858	9.672413793103448	0.9947828202899196	4.389770723104056	2.3333333333333335	0.4263392857142857	0.6438395415472761	-1	0.997390387082841	0.26339285714285715	0.9121481525472003	437	206	58
1bb4e021c225777d5d7330f2855e8bd3	en	7.311111111111111	1.364741641337386	3.36528470111449	2.397569753461668	0.24924012158054712	0.0972644376899696	0.601823708206687	0.00911854103343465	0.02127659574468085	0.9333333333333333	0.7194127841855117	3.1555555555555554	1.7934782608695652	0.004132713404255319	0.00016468478260869566	0.008928571428571428	0.2978723404255319	8.066666666666666	0.9287981381841031	4.8264248704663215	2.4285714285714284	0.48632218844984804	0.6882608695652169	-1	-1	0.25835866261398177	0.913997502569464	326	161	45
9fb79a7e1aa8cfaf8b409c2840d00cad	en	8.076086956521738	1.363391655450875	3.6476954473638052	1.999520931593422	0.2503364737550471	0.06729475100942127	0.5464333781965006	0.006729475100942127	0.021534320323014805	0.9782608695652174	0.7619171013978636	3.141304347826087	1.6036866359447004	0.005300040030820996	0.00018558749513677812	0.004906004428428776	0.3351278600269179	9.76086956521739	0.9967628927267674	4.459893048128342	2.4011627906976742	0.3768506056527591	0.6570496894409946	0.9446456463670682	0.933977557315927	0.23687752355316286	0.9141243228379481	735	329	92
b9b9f94070590a8f6d48653e3b078cc8	en	7.278688524590164	1.337837837837838	3.035175011076653	1.1112534780682322	0.30855855855855857	0.07882882882882883	0.5923423423423423	0.006756756756756757	0.009009009009009009	0.9180327868852459	0.7460018795274214	3.1311475409836067	1.4452054794520548	0.0054672155529279275	0.0001500596774891775	0.006688506688506689	0.8558558558558559	9.032786885245901	1.055489562938936	4.383944153577661	2.4107142857142856	0.44819819819819817	0.7067826086956513	-1	0.8115035952759033	0.22972972972972974	0.9013043539372385	441	231	61
6983e7807852b0588bbae3ee62232c65	en	8.0	1.3636363636363635	3.620909090909091	2.5273045454545455	0.3409090909090909	0.06363636363636363	0.5840909090909091	0.011363636363636364	0.00909090909090909	1.0	0.7854802374904714	3.3454545454545452	1.6308724832214765	0.00570680708159091	0.00013874590694444445	0.008129370629370629	0.5886363636363636	9.654545454545454	1.0043996474020396	4.4466546112115735	2.225225225225225	0.44772727272727275	0.6801759530791793	-1	0.8735103784072759	0.20909090909090908	0.9111788131660794	430	216	55
3c5851587b8d9141521a58dd0d5e32d5	en	8.142857142857142	1.256140350877193	2.408170426065162	0.43876641604010036	0.28421052631578947	0.08771929824561403	0.5596491228070175	0.021052631578947368	0.010526315789473684	0.9714285714285714	0.7620286103022677	2.9	1.7738095238095237	0.005385652905614035	0.00018480232762645914	0.00647307924984876	0.47719298245614034	10.1	1.0398276128633273	4.254445964432285	2.2661870503597124	0.37543859649122807	0.6620169851380042	0.6338415468940108	0.8905593738063022	0.20877192982456141	0.8905342703915392	554	257	70
7638a6701854eef6225576dbc880d1b3	en	6.349397590361446	1.3870967741935485	3.25400699572484	1.8229001120230444	0.301707779886148	0.09487666034155598	0.5977229601518027	0.0018975332068311196	0.015180265654648957	0.9397590361445783	0.7608377793098023	2.8433734939759034	1.5459770114942528	0.003923416733396585	0.00017807416726618706	0.00683111954459203	0.269449715370019	7.807228915662651	1.0436669650366543	4.525179856115108	2.50381679389313	0.48007590132827327	0.7327803738317753	0.7163296474160983	0.8616738350866757	0.22011385199240988	0.9247258445343289	524	278	83
758176a6e2fbaa99e300f2a8ea0dc52a	en	8.615384615384615	1.163265306122449	1.4965306122449	-0.2166633045525903	0.24107142857142858	0.05739795918367347	0.5382653061224489	0.016581632653061226	0.007653061224489796	0.9560439560439561	0.7505505742489745	2.978021978021978	1.5576036866359446	0.0059796438002551015	0.00016286113175074184	0.004430719656283566	0.5714285714285714	10.296703296703297	0.9621594269673743	4.236037934668071	2.287671232876712	0.33163265306122447	0.6575182481751828	0.6551879618231482	0.7867194847907663	0.2614795918367347	0.8922479134804728	765	337	91
7244a8ce1c65a6885cb9bf8dd16a36b5	en	7.656716417910448	1.3508771929824561	3.336470280178059	1.3453004509615671	0.253411306042885	0.0935672514619883	0.5555555555555556	0.009746588693957114	0.011695906432748537	0.9701492537313433	0.7061650013725109	2.8805970149253732	1.6842105263157894	0.0048288679247563355	0.00018974294592274677	0.005639097744360902	0.46393762183235865	9.82089552238806	1.0609557523736628	4.281296023564065	2.3615384615384616	0.4074074074074074	0.6774879227053127	0.8706917196825015	0.914349165230363	0.253411306042885	0.9091528338714057	506	233	67
75612d15b0310fbad090ed8267ca31f4	en	8.11111111111111	1.226027397260274	2.040456621004566	0.18334672754946757	0.2694063926940639	0.06164383561643835	0.5525114155251142	0.0091324200913242	0.01598173515981735	0.9629629629629629	0.7942622670279075	3.0555555555555554	1.702290076335878	0.005946414757990867	0.0001487944854368932	0.008892093246815669	0.2579908675799087	9.62962962962963	0.9785962946413358	4.465290806754221	2.2884615384615383	0.4429223744292237	0.6632153392330375	-1	0.8268788151529823	0.23515981735159816	0.9062361031561337	432	206	54
5c79cc16b8038f26ba7ac5061840c304	en	8.0	1.245	2.2210000000000036	0.7349500000000004	0.2425	0.1225	0.575	0.0075	0.025	0.98	0.6927864219280786	3.02	1.6310679611650485	0.00515847448025	0.00017018483299492386	0.007391304347826087	0.48	9.54	1.002180153180153	4.214990138067061	2.472972972972973	0.415	0.6734551495016617	-1	-1	0.2325	0.8947956697179238	397	197	50
8c0683b629d8bb23850eac1c7403205f	en	7.76	1.2422680412371134	2.09516288659794	0.45502354639175246	0.2860824742268041	0.1134020618556701	0.6108247422680413	0.015463917525773196	0.010309278350515464	0.98	0.7508875195099685	3.14	1.7722772277227723	0.005878756619072165	0.00013080221895734597	0.009327442317133039	0.5025773195876289	9.5	0.996074874359357	4.452282157676349	2.26	0.45103092783505155	0.6852941176470587	-1	0.9063169299022482	0.22422680412371135	0.8898169226516274	383	211	50
3d7df9a4a874d06a873f5b51b6ea9335	en	7.7011494252873565	1.4492537313432836	4.514642305712819	3.1521247212214796	0.3358208955223881	0.09402985074626866	0.6104477611940299	0.004477611940298508	0.007462686567164179	0.9770114942528736	0.6840108373538606	3.5632183908045976	1.5676855895196506	0.004596542365820896	0.00020640873247863248	0.005096468875136513	0.7044776119402985	10.195402298850574	1.1264605689061225	4.422077922077922	2.377483443708609	0.41940298507462687	0.6750788091068289	0.7487888814112256	0.8515300271769767	0.1865671641791045	0.9195134448411243	666	351	87
86f8e57cd631c2fc1ef3ba4e81694e68	en	7.544444444444444	1.385861561119293	3.7054997545409947	2.5856505514645716	0.30633284241531666	0.07363770250368189	0.5949926362297496	0.011782032400589101	0.004418262150220913	0.9777777777777777	0.748620323826867	3.1444444444444444	1.5943396226415094	0.004634902840206186	0.00019607790425531916	0.005038369118672971	0.7319587628865979	9.533333333333333	1.014323389936135	4.516816143497758	2.2937853107344632	0.39911634756995584	0.7040517241379304	0.7089640661052834	0.8460263073260612	0.23564064801178203	0.9079775280379057	666	329	90
bcf70c63425b49eb0849f1b471150b33	en	6.714285714285714	1.3500967117988394	2.9597126277977353	1.8375125172699645	0.2572533849129594	0.09864603481624758	0.5725338491295938	0.007736943907156673	0.02321083172147002	0.9090909090909091	0.7212409784487956	2.7012987012987013	1.603896103896104	0.003950913922630561	0.0001624522131147541	0.006025889004612409	0.33268858800773693	8.532467532467532	0.9982885042545936	4.325072886297376	2.4285714285714284	0.39264990328820115	0.6380143540669856	0.5083662389234102	0.8742581807760504	0.2553191489361702	0.902800210374716	509	244	77
f064f61cc22134116baf4cd480d945ca	en	7.095238095238095	1.2885906040268456	2.3825119846596365	0.5249144135506554	0.30201342281879195	0.09395973154362416	0.5771812080536913	0.010067114093959731	0.030201342281879196	0.8571428571428571	0.6644977651075212	2.642857142857143	1.6633663366336633	0.005005783441275168	0.00019954289642857144	0.015100671140939596	0.2181208053691275	8.571428571428571	0.9957937773727247	4.365591397849462	2.3582089552238807	0.4261744966442953	0.6279396984924611	-1	-1	0.21476510067114093	0.8626038698264452	297	140	42
9cbef934de9c7b93fd2aa15a188bd3b7	en	7.1	1.3380281690140845	2.967732394366198	1.452441931589537	0.2676056338028169	0.07042253521126761	0.5392354124748491	0.008048289738430584	0.01006036217303823	0.9714285714285714	0.7760351966873704	2.7714285714285714	1.5802469135802468	0.005347152343460765	0.00019757673738738738	0.00687458081824279	0.44064386317907445	9.057142857142857	1.0366822521549413	4.411214953271028	2.3984375	0.4044265593561368	0.6750251256281398	-1	0.6789981256149453	0.2414486921529175	0.9065578885729396	493	222	70
8ac6030fa69051566617d2eaf630c83e	en	7.75	1.2766749379652604	2.497264267990076	1.6880828784119117	0.33126550868486354	0.05955334987593052	0.5880893300248139	0.018610421836228287	0.00620347394540943	0.9134615384615384	0.7135677317178865	3.144230769230769	1.5678571428571428	0.005860384462580645	0.00016450112983870966	0.0048108573454195575	1.0397022332506203	10.0	1.0506123402850238	4.248134328358209	2.234848484848485	0.3523573200992556	0.6610466760961812	0.6900686050771315	0.7372632040424028	0.21712158808933002	0.8993251290180615	766	372	104
c58c1bc1b562f619106cd68afc900c19	en	7.823529411764706	1.4210526315789473	4.229597523219816	2.679755771782397	0.3022556390977444	0.08270676691729323	0.5894736842105263	0.006015037593984963	0.016541353383458645	0.8941176470588236	0.6970891060228492	2.929411764705882	1.6046511627906976	0.004631285652330827	0.00011403830845481049	0.004742625795257374	0.5518796992481203	10.129411764705882	1.0504330926767642	4.413600891861761	2.372093023255814	0.4255639097744361	0.6890636042402837	0.846900000349	0.8634346032008025	0.22706766917293233	0.9175802691048351	658	343	85
ce68f29841622748644779e4a1298084	en	7.72463768115942	1.399624765478424	3.9381809282975766	2.404983435299236	0.2589118198874296	0.09568480300187618	0.5328330206378987	0.009380863039399626	0.0150093808630394	0.8985507246376812	0.7925902120755063	2.8550724637681157	1.632183908045977	0.004801687606003752	0.00015358440163934427	0.0061288305190744215	0.574108818011257	9.942028985507246	1.0309742367606818	4.48567335243553	2.3661971830985915	0.3789868667917448	0.6532258064516132	0.5709190620302742	0.7062861000856975	0.21575984990619138	0.8854621599643628	531	244	69
386e4bc5e52ca1c7896010448bc253b2	en	7.7	1.1904761904761905	1.4606190476190513	0.04096813852813863	0.2748917748917749	0.08874458874458875	0.5606060606060606	0.023809523809523808	0.023809523809523808	0.9666666666666667	0.7066525808300486	3.216666666666667	1.703448275862069	0.00586198326017316	0.00022942030090909092	0.008953168044077135	0.30735930735930733	9.733333333333333	1.0645402092460916	4.05050505050505	2.130841121495327	0.4155844155844156	0.6565564738292001	-1	0.8743365797694364	0.2077922077922078	0.8876200111406956	453	220	60
b404338667767134e82130f91f284b5e	en	7.333333333333333	1.2522727272727272	2.046818181818182	0.264451515151515	0.2431818181818182	0.08636363636363636	0.5022727272727273	0.006818181818181818	0.01818181818181818	0.9666666666666667	0.7758875509980888	2.7	1.6717557251908397	0.006520271878181818	0.00017464537382198955	0.010489510489510488	0.10227272727272728	8.916666666666666	1.0069514990550796	4.187155963302752	2.3904761904761904	0.3795454545454545	0.588416422287391	-1	-1	0.2545454545454545	0.89666508528743	438	191	60
aa9c88b4b6d6601390d36c6ec20ecd4a	en	7.171428571428572	1.3665338645418326	3.3319567444507676	1.8987242117245309	0.31673306772908366	0.09163346613545817	0.6155378486055777	0.02390438247011952	0.00597609561752988	0.9571428571428572	0.7613575804651318	3.1142857142857143	1.6666666666666667	0.005245318806772909	0.00021333331178707225	0.007048728164266013	0.3844621513944223	8.571428571428571	0.9696778943664219	4.576619273301738	2.3	0.448207171314741	0.6903722084367228	-1	0.8970828188058043	0.20717131474103587	0.9062664057899171	491	263	70
8b8a6a5939342df267f5992308b2e466	en	6.566666666666666	1.4060913705583757	3.562878172588835	2.047159864636209	0.3401015228426396	0.07106598984771574	0.616751269035533	0.017766497461928935	0.02030456852791878	0.95	0.7863586977993758	2.783333333333333	1.8017241379310345	0.004724767697969543	0.00016704891346153844	0.007809449433814916	0.5812182741116751	8.1	0.9712446581196582	4.590291262135922	2.4504504504504503	0.5	0.7183050847457616	-1	0.7913276678242659	0.21573604060913706	0.9258280407220687	386	208	60
5e4f977ec30b05e96d5adacd8918e7a3	en	8.619047619047619	1.3001841620626151	3.113601683767431	1.4179832149434355	0.2523020257826888	0.09576427255985268	0.5598526703499079	0.003683241252302026	0.014732965009208104	0.9523809523809523	0.685424342682407	3.4285714285714284	1.7267080745341614	0.005971438076427256	0.0001507331685185185	0.008567539434702539	0.4162062615101289	10.047619047619047	1.0018832293342097	4.580398162327718	2.392523364485981	0.3462246777163904	0.630720720720722	0.5246206239367159	0.6489405555811084	0.23941068139963168	0.8680682592262393	541	270	63
afc964bf69b72bcaaf2558bc92cd2657	en	7.097560975609756	1.2646048109965635	2.100385550247257	0.28169501299136757	0.24742268041237114	0.11168384879725086	0.5756013745704467	0.003436426116838488	0.013745704467353952	0.9390243902439024	0.7647663530288801	2.9634146341463414	1.66875	0.0058968251941580755	0.00014630618085106385	0.007545196473927984	0.30412371134020616	8.231707317073171	0.9415166750922475	4.346260387811634	2.515151515151515	0.3694158075601375	0.6381159420289851	0.7162872029013853	0.8369840855047549	0.24742268041237114	0.8927748257959351	577	282	82
2d564acc8839fb2df65831b5aa57f0b4	en	7.615384615384615	1.2777777777777777	2.4577777777777783	1.739580186480187	0.2878787878787879	0.06818181818181818	0.5909090909090909	0.050505050505050504	0.010101010101010102	0.9423076923076923	0.7756491460575418	3.173076923076923	1.625	0.00558326460479798	0.00018472256077348067	0.009627525252525254	0.16414141414141414	9.923076923076923	1.1105782262308919	4.105263157894737	2.0476190476190474	0.48484848484848486	0.6620538720538729	-1	-1	0.18686868686868688	0.9110707229241677	376	181	52
7e85bc9b0801fc2023c9e98d31343397	en	7.8023255813953485	1.4232488822652758	4.247243787474439	1.9869258863896304	0.26229508196721313	0.07302533532041729	0.533532041728763	0.005961251862891207	0.013412816691505217	0.9534883720930233	0.7495665935371816	3.0	1.6729857819905214	0.005216764187034277	0.00020883231911262797	0.005298890544792184	0.5380029806259314	9.918604651162791	1.0298386434586846	4.465895953757226	2.36046511627907	0.36065573770491804	0.644038461538461	0.8218994981520383	0.914401179060266	0.23397913561847988	0.8878999748903744	668	293	86
0c05aee49c1ab2d2252d42a97605c532	en	6.836734693877551	1.471641791044776	4.441699664940604	3.119534876637222	0.373134328358209	0.08955223880597014	0.6567164179104478	0.0	0.011940298507462687	0.9591836734693877	0.748631578456946	3.0816326530612246	1.9134615384615385	0.005163564619402985	0.00016843422413793103	0.009873708381171067	0.8149253731343283	8.285714285714286	1.0012857070724954	4.936915887850467	2.4927536231884058	0.4835820895522388	0.7269067796610168	-1	0.7247297341519073	0.21791044776119403	0.8897429983629025	334	203	49
183a7eb5bf5a3c71f4f3350f927af414	en	9.030303030303031	1.2533557046979866	2.7214154972544264	1.0704035794183446	0.24161073825503357	0.09060402684563758	0.5385906040268457	0.013422818791946308	0.016778523489932886	0.9696969696969697	0.7746363690405749	3.090909090909091	1.8064516129032258	0.005198127677852349	0.00015634022924901185	0.006471716203259827	0.4597315436241611	10.681818181818182	0.9982335856395388	4.433936022253129	2.255813953488372	0.35067114093959734	0.6352313883299803	0.7453805080685718	0.8709311753484231	0.23825503355704697	0.8851427881461562	585	253	66
5463d016dc42d4837a63b68d6e4fe3d7	en	6.573170731707317	1.3673469387755102	3.1082304629168753	2.6065758903117784	0.2820037105751391	0.09461966604823747	0.5825602968460112	0.0074211502782931356	0.0037105751391465678	0.8536585365853658	0.7001089929194504	2.682926829268293	1.5730337078651686	0.005805829228942486	0.00013847879253731343	0.00596342433077127	0.424860853432282	8.560975609756097	1.1165023724314482	4.350543478260869	2.3518518518518516	0.4230055658627087	0.6787954545454545	0.6245677482745682	0.7953331395364699	0.23562152133580705	0.9143265413022754	531	268	82
f7b07a0007015365c3cddcc1dbe1ac18	en	7.533333333333333	1.2300884955752212	1.8630442477876095	0.13835335861778297	0.26548672566371684	0.07838179519595449	0.5372945638432364	0.015170670037926675	0.01390644753476612	0.9523809523809523	0.7554498374994326	3.057142857142857	1.4734848484848484	0.004952760772439949	0.00018425701453488372	0.004951538137378845	0.47029077117572693	8.895238095238096	0.9926781909344934	4.295991778006167	2.2783505154639174	0.3324905183312263	0.6334393063583807	0.6626623277209464	0.8729158997228011	0.21871049304677623	0.8891072514839989	774	344	105
8c433b9d34d31826efcd628f387c8add	en	8.53061224489796	1.2511961722488039	2.5010536080460923	0.5096915730885656	0.2607655502392344	0.06220095693779904	0.5215311004784688	0.0	0.019138755980861243	0.9795918367346939	0.7343830835558779	3.020408163265306	1.7844827586206897	0.00657017795215311	0.00015334429946524064	0.00992822966507177	0.35645933014354064	10.244897959183673	1.0055065116289605	4.343811394891945	2.3658536585365852	0.35645933014354064	0.6370846394984314	-1	-1	0.23444976076555024	0.8685147097943153	418	187	49
ba13fde7c00f625cabc6ae6c43b5788c	en	8.712765957446809	1.4578754578754578	5.010909126334656	3.5547048710155105	0.32844932844932845	0.09157509157509157	0.6166056166056166	0.002442002442002442	0.008547008547008548	0.9361702127659575	0.7738086543289776	3.3085106382978724	1.7628458498023716	0.005707117031379731	0.000147804520995671	0.005115005115005115	0.5531135531135531	11.46808510638298	1.080846512567496	4.586050724637682	2.3689320388349513	0.40293040293040294	0.7113055555555559	0.792605730289447	0.9448856499364529	0.22466422466422467	0.9063031244438757	818	462	94
156c6447fd7fd108acdcb43b9b1b2421	en	8.678571428571429	1.1810699588477367	1.7312683715461539	-0.7831198118753675	0.24691358024691357	0.12757201646090535	0.5432098765432098	0.00411522633744856	0.0	0.9285714285714286	0.6499464433166442	3.107142857142857	1.9014084507042253	0.007981015481481482	0.0001395501043478261	0.011712567268122824	0.18106995884773663	10.357142857142858	0.9491885594564166	4.331081081081081	2.2830188679245285	0.5020576131687243	0.6520138888888891	-1	-1	0.18518518518518517	0.9181814847565428	243	115	28
2bf953254e50dd1e238b8bdaec0358bc	en	7.1521739130434785	1.3799392097264438	3.4826305008589955	2.8550076119994716	0.2826747720364742	0.0972644376899696	0.5805471124620061	0.00911854103343465	0.015197568389057751	0.9782608695652174	0.7275195791862461	2.8043478260869565	1.625	0.004707289091185411	0.0001680796948051948	0.010385005065856129	0.17933130699088146	9.195652173913043	1.0127987674856365	4.451612903225806	2.336734693877551	0.5045592705167173	0.6906956521739124	-1	-1	0.2006079027355623	0.9313861480414015	320	154	46
62f5d6d4c9d1824e95f5b9ca59f66e8f	en	7.408163265306122	1.2479338842975207	2.024803508180131	0.5334245122842525	0.24517906336088155	0.07988980716253444	0.5344352617079889	0.008264462809917356	0.024793388429752067	0.9795918367346939	0.7629748723498723	2.979591836734694	1.6481481481481481	0.006394814456473829	0.0001635967701754386	0.010284664830119377	0.21487603305785125	9.224489795918368	0.9876168332800986	4.3769063180827885	2.3297872340425534	0.4325068870523416	0.6767045454545457	-1	-1	0.24517906336088155	0.8937029425667385	361	171	49
c977cc1101ce794f1330c903fe4559c3	en	9.5	1.2711323763955342	3.114362041467306	1.2445004784689	0.26953748006379585	0.10526315789473684	0.5598086124401914	0.009569377990430622	0.012759170653907496	1.0	0.747700246209296	3.3333333333333335	1.6373626373626373	0.00472299383046252	0.00020904957040816327	0.005774624649397789	0.4784688995215311	11.590909090909092	1.0318730356555097	4.349367088607595	2.3216783216783217	0.4019138755980861	0.6835227272727273	0.8191367683494314	0.7945143885570808	0.21371610845295055	0.9126969301373477	617	294	66
728c5437ebf732ddda290455bf1b15fd	en	7.730769230769231	1.2388059701492538	2.0429104477611943	0.6086045158821278	0.26119402985074625	0.07213930348258707	0.5497512437810945	0.022388059701492536	0.024875621890547265	0.9615384615384616	0.7148911273911271	2.980769230769231	1.492063492063492	0.0052847605462686565	0.0001750955659090909	0.009376195943360121	0.10199004975124377	9.653846153846153	0.9898908783524168	4.3713163064833	2.2540983606557377	0.4626865671641791	0.6520462046204603	-1	-1	0.21144278606965175	0.9160067902617207	393	176	52
0efea88f6a4391dd32e098de2a77df61	en	8.290322580645162	1.4747081712062258	5.044782226685079	3.7907268900882816	0.33073929961089493	0.09208819714656291	0.6121919584954605	0.005188067444876783	0.009079118028534372	0.967741935483871	0.7271523055435761	3.5161290322580645	1.6141732283464567	0.004508597345136187	0.00018023693985507247	0.005978931384644585	0.8897535667963683	9.935483870967742	0.9690500315974699	5.060190073917634	2.3411764705882354	0.31906614785992216	0.6614583333333324	0.5791832780735928	0.6650328186339177	0.2230869001297017	0.8599234654073475	768	414	93
59fe5648aeae3279c8cd24a868fc24ed	en	7.106194690265487	1.2515566625155665	1.9497845468872264	0.7307273586881053	0.273972602739726	0.07970112079701121	0.5853051058530511	0.0136986301369863	0.008717310087173101	0.9026548672566371	0.7783654093921951	3.0353982300884956	1.6260504201680672	0.005983544593399751	0.00014790453291139242	0.004009962640099627	1.0311332503113324	8.761061946902656	0.9931798340765025	4.311459353574927	2.358139534883721	0.36612702366127026	0.6757812499999993	0.7987506136000466	0.8515448766361031	0.21544209215442092	0.9013505093963984	794	395	113
d6c7471f56f2ccda1ba763a386a52049	en	7.638888888888889	1.230909090909091	1.9138939393939403	0.6660585858585861	0.2927272727272727	0.06545454545454546	0.5509090909090909	0.01090909090909091	0.00909090909090909	0.9583333333333334	0.7766382862281782	3.0694444444444446	1.7592592592592593	0.006517164227272727	0.000129272983805668	0.0074909090909090915	0.4109090909090909	9.416666666666666	1.0245789704123038	4.17948717948718	2.3309352517985613	0.3927272727272727	0.6671396895787142	1.0096220912348683	0.8803783197921676	0.21636363636363637	0.9020626240004306	532	247	72
cd4bf5f92496df6293009f81b11bccaf	en	6.783333333333333	1.3120393120393121	2.537563882063882	0.7350701392301393	0.2678132678132678	0.085995085995086	0.5749385749385749	0.007371007371007371	0.009828009828009828	0.9	0.7496826619707977	3.0327868852459017	1.4765625	0.0045480059656019655	0.00018369478125	0.006486486486486487	0.5233415233415234	8.426229508196721	1.015101765026269	4.194085027726432	2.4245283018867925	0.44717444717444715	0.701525974025973	-1	-1	0.23832923832923833	0.9137470800816658	404	192	61
ff462668b0e25343373d30862e4d7c44	en	8.0	1.402027027027027	4.07391891891892	3.1896608108108104	0.30405405405405406	0.09121621621621621	0.6216216216216216	0.0033783783783783786	0.016891891891891893	0.9459459459459459	0.7148832486551786	3.7027027027027026	1.7469879518072289	0.0050048377635135135	0.00012604894478527608	0.011201991465149361	0.44932432432432434	9.567567567567568	0.9832134082134082	4.9316939890710385	2.435483870967742	0.4966216216216216	0.6911167512690364	-1	-1	0.22635135135135134	0.9021093828682062	287	163	37
9466f9addf8b5f8002402e3b99325bb5	en	9.209302325581396	1.446969696969697	5.075870331219168	3.808987268029129	0.32323232323232326	0.08838383838383838	0.5883838383838383	0.015151515151515152	0.005050505050505051	0.9767441860465116	0.7266098254893774	3.5348837209302326	1.6564885496183206	0.004543740126767677	0.00021471186570048309	0.008264462809917357	0.3333333333333333	12.069767441860465	1.0104427143984092	4.568702290076335	2.191666666666667	0.4595959595959596	0.6698989898989897	-1	0.8360284236103079	0.18434343434343434	0.905413153118054	389	207	43
dd325f74fd0ca4e6dbd61b77384bd5dd	en	7.431034482758621	1.4164733178654292	4.022488599087929	2.928675462036964	0.33178654292343385	0.05916473317865429	0.5754060324825986	0.012761020881670533	0.010440835266821345	0.8879310344827587	0.7674207689081827	3.0948275862068964	1.592982456140351	0.005031149625034803	0.0002111868068235294	0.004288200198873052	1.2749419953596288	9.21551724137931	1.032259623450106	4.612989323843417	2.4267241379310347	0.345707656612529	0.6970904325032767	0.675159272349363	0.7504534259512283	0.20649651972157773	0.8842992864275997	848	425	116
74d67a33a5fa69ac4d2ca9142abc7e05	en	6.787234042553192	1.3009404388714734	2.4081184552791335	1.2873020209431072	0.2962382445141066	0.07210031347962383	0.5658307210031348	0.012539184952978056	0.012539184952978056	0.925531914893617	0.7298731084784217	2.8404255319148937	1.702020202020202	0.0046935694369905955	0.00015016342193548387	0.0054146480478768876	0.6003134796238244	8.26595744680851	0.9905085015457356	4.473876063183475	2.378698224852071	0.3981191222570533	0.7110204081632658	0.585488964258926	0.8144599994248763	0.21630094043887146	0.901319416354293	628	310	94
55cd146c4d56699b136b798e5cff8504	en	7.761904761904762	1.2392638036809815	2.0604557405784405	0.6482301489921123	0.23517382413087934	0.08997955010224949	0.5480572597137015	0.006134969325153374	0.018404907975460124	0.9523809523809523	0.7303668948593046	3.0476190476190474	1.7285714285714286	0.0056897047075664614	0.00015016713242009132	0.007770961145194274	0.28016359918200406	9.19047619047619	0.9555622508003461	4.546232876712328	2.375	0.4049079754601227	0.6877692307692298	-1	0.7730770689815252	0.24130879345603273	0.9074566777733855	482	219	63
c3b144c3582b1fbf7570991f856df4a3	en	8.488888888888889	1.4476439790575917	4.80286561954625	3.1334521698662012	0.3089005235602094	0.10471204188481675	0.6204188481675392	0.0	0.010471204188481676	0.9777777777777777	0.7585816478530384	3.3777777777777778	1.7317073170731707	0.004245869079581152	0.00014094169126213592	0.01031721589159224	0.3298429319371728	10.88888888888889	1.041095099526472	4.694779116465863	2.3157894736842106	0.49214659685863876	0.7294699646643112	-1	0.5737638904557322	0.21204188481675393	0.9135975192083748	381	206	45
c410d0c371c4daaa61e86ae84a3d9243	en	7.299065420560748	1.263764404609475	2.1690554884104962	0.3663000251295361	0.26504481434058896	0.08194622279129321	0.5646606914212549	0.011523687580025609	0.010243277848911651	0.9252336448598131	0.7790316470740997	2.8796296296296298	1.6902654867256637	0.005590283614212549	0.00018938910767195768	0.005299473609332765	0.558258642765685	8.481481481481481	0.9640531022475467	4.430220356768101	2.3666666666666667	0.3700384122919334	0.6801759530791802	0.6955749675881179	0.7944267855666545	0.22791293213828426	0.8969005686853192	771	378	108
8ae976aa349834703d50c3b6d6f39ac0	en	7.6	1.2048872180451127	1.5916691729323311	-0.07433639097744438	0.212406015037594	0.10714285714285714	0.5526315789473685	0.013157894736842105	0.022556390977443608	1.0	0.7236323945992139	3.357142857142857	1.5615384615384615	0.0052741129768797	0.00019598566680497926	0.006066302118933697	0.32894736842105265	8.742857142857142	0.9582524787152116	4.295007564296521	2.4869565217391303	0.42105263157894735	0.6593995381062345	0.6886377855067297	0.8062049999326988	0.25	0.9171602854931852	524	241	70
e6315a842e68c0eb1b6e6ec78c267111	en	7.637931034482759	1.345372460496614	3.2641881373083237	2.4070282089203707	0.23476297968397292	0.0835214446952596	0.5237020316027088	0.013544018058690745	0.01805869074492099	0.9482758620689655	0.7731048678417098	2.913793103448276	1.4285714285714286	0.004804198526410835	0.00018830973020833334	0.0073990469024329064	0.24379232505643342	9.931034482758621	1.026368633620155	4.3938356164383565	2.2857142857142856	0.4221218961625282	0.6613081395348839	-1	-1	0.255079006772009	0.9198832456767634	436	192	58
4e64eec0b10224cb2e4a0fe96a08f236	en	7.269230769230769	1.2998236331569666	2.5829188712522075	1.3566411341744686	0.27336860670194	0.08112874779541446	0.5749559082892416	0.012345679012345678	0.010582010582010581	0.9615384615384616	0.7195206669232643	3.1538461538461537	1.6046511627906976	0.004307276569664903	0.00016926830465949818	0.005015432098765432	0.6843033509700176	9.076923076923077	1.0175210944158908	4.302788844621514	2.3972602739726026	0.41975308641975306	0.70378205128205	0.6463338284110792	0.7179778349652424	0.25220458553791886	0.90564280396762	551	279	78
e89d8628bca36ac19aaf618e3a10b0d7	en	8.216867469879517	1.344574780058651	3.4805607179450924	2.492320651521041	0.3093841642228739	0.08211143695014662	0.5982404692082112	0.01466275659824047	0.007331378299120235	0.963855421686747	0.7540953395296252	3.1325301204819276	1.6651162790697673	0.004379408332697948	0.00016468689491017964	0.004948680351906158	0.841642228739003	10.27710843373494	1.0024366517969412	4.451977401129944	2.276595744680851	0.39589442815249265	0.6977530017152677	0.6051249073966097	0.7485266035961318	0.21700879765395895	0.9056208058392201	667	334	83
e7700262cab4800708beaca736a904f0	en	7.585106382978723	1.338008415147265	3.156690788099432	1.8113223538539582	0.270687237026648	0.08555399719495091	0.5708274894810659	0.015427769985974754	0.011220196353436185	0.925531914893617	0.759076409542054	3.127659574468085	1.502202643171806	0.005141628093969145	0.00019862768529411764	0.005869824944158745	0.3211781206171108	9.53191489361702	1.0445809657245828	4.356913183279743	2.312883435582822	0.3870967741935484	0.6853908794788287	0.8020888178158256	0.8375499340163493	0.23422159887798036	0.9055007552797303	701	340	94
c7de1b8788e121f742d79efd5773f17b	en	9.380952380952381	1.416243654822335	4.780246555474982	3.2005003142373702	0.2512690355329949	0.06598984771573604	0.583756345177665	0.015228426395939087	0.02284263959390863	0.9761904761904762	0.7668394939358845	3.3333333333333335	1.819047619047619	0.005280741172588832	0.0001802643626943005	0.010333575054387235	0.13959390862944163	10.880952380952381	0.9670096890021702	4.754756871035941	2.289156626506024	0.46446700507614214	0.6406101694915244	-1	-1	0.26649746192893403	0.8982835107183202	390	193	42
eb7e48a86bb55f3b9860fed59d4db766	en	7.338461538461538	1.2578616352201257	2.1147672955974848	0.38243102080309654	0.28721174004192873	0.07966457023060797	0.5953878406708596	0.014675052410901468	0.014675052410901468	0.9538461538461539	0.7491398575382948	2.876923076923077	1.8169014084507042	0.0051580105587002096	0.00017079590000000002	0.006795344466131714	0.4947589098532495	8.984615384615385	0.9889298876879254	4.442786069651741	2.3185840707964602	0.44863731656184486	0.6927248677248676	-1	0.8577893684359215	0.22851153039832284	0.9051314261507547	471	235	65
7d4818f914fe4774199c276ebc8be6a0	en	8.32258064516129	1.2093023255813953	1.9255738934733664	0.7426982745686419	0.24806201550387597	0.08527131782945736	0.5581395348837209	0.023255813953488372	0.003875968992248062	1.0	0.7273223508517627	3.2903225806451615	1.5921052631578947	0.005126973403100775	0.00014252436134453783	0.016795865633074933	0.06201550387596899	10.0	1.0062895602793736	4.452229299363057	2.230769230769231	0.47674418604651164	0.6091823899371066	-1	-1	0.29457364341085274	0.906177324467239	252	119	31
7c32baa8c37a93794cb3875a03ed66c3	en	7.032258064516129	1.3371559633027523	2.931021012133769	1.7080412548091148	0.33715596330275227	0.05504587155963303	0.573394495412844	0.009174311926605505	0.011467889908256881	0.8548387096774194	0.7493116574842706	2.9838709677419355	1.595890410958904	0.004968739720642202	0.0001522377086757991	0.006798820445609437	0.536697247706422	8.693548387096774	1.0362497167906386	4.337370242214533	2.515151515151515	0.4793577981651376	0.6917507418397618	-1	0.9396824430722583	0.19724770642201836	0.924761604885528	432	219	62
c45fc85d23fbfb601f72ea3c64e014ff	en	8.344827586206897	1.3574380165289257	3.6822513536620143	1.0905031062980899	0.2644628099173554	0.09504132231404959	0.5392561983471075	0.004132231404958678	0.004132231404958678	0.9310344827586207	0.7110999538244122	3.1724137931034484	1.7115384615384615	0.006185532871487603	0.00016844182133333332	0.007325319308790383	0.28512396694214875	10.068965517241379	0.9747449097881467	4.643463497453311	2.3771929824561404	0.44008264462809915	0.6505714285714268	-1	0.8610665389664027	0.22933884297520662	0.9188776744971311	480	225	58
2ca7f9fe2c05dfd257d73ad4e1bcbb0f	en	7.482758620689655	1.237327188940092	1.9287366915620545	0.4008637851581116	0.2534562211981567	0.08064516129032258	0.5368663594470046	0.013824884792626729	0.0069124423963133645	0.9655172413793104	0.7520409014217063	3.0517241379310347	1.734375	0.0073629257396313355	0.00018213985353535353	0.011376728110599078	0.2350230414746544	8.775862068965518	0.9787381377444898	4.295454545454546	2.3488372093023258	0.3709677419354839	0.6111044776119401	-1	-1	0.23732718894009217	0.8800539615614483	429	198	58
a584e06877ce019b7843cfe8340d5283	en	8.948717948717949	1.2836676217765044	3.047277936962754	0.9111683344353829	0.25501432664756446	0.10028653295128939	0.5415472779369628	0.011461318051575931	0.008595988538681949	0.9743589743589743	0.7344774248799018	3.4871794871794872	1.7314814814814814	0.004951408817765043	0.00017028062435897436	0.012034383954154728	0.2836676217765043	11.307692307692308	1.1461279948122054	4.223946784922394	2.339622641509434	0.3868194842406877	0.6381599999999994	-1	-1	0.22063037249283668	0.8702127641587799	349	156	39
270747d4e87dc964112c18a62eab2f69	en	7.686868686868687	1.40473061760841	3.9837000756580245	3.7614928018688865	0.2956636005256242	0.1038107752956636	0.59526938239159	0.00788436268068331	0.006570302233902759	0.9494949494949495	0.7465136337585312	3.0202020202020203	1.8401826484018264	0.004582234265571616	0.0001536107829842932	0.005995400788436268	0.5637319316688568	9.333333333333334	1.0214001172731701	4.814122533748702	2.445026178010471	0.3771353482260184	0.7018126888217533	0.6273858565452236	0.700219430708948	0.2102496714848883	0.8894689507819268	734	382	99
8f0ffc721484503086622ddf3767cf1e	en	7.896551724137931	1.3122270742358078	2.9739346483963267	1.5951942779701853	0.2925764192139738	0.10698689956331878	0.5764192139737991	0.0	0.008733624454148471	0.9310344827586207	0.7372288043340677	3.0517241379310347	1.727891156462585	0.005377891555458516	0.0001688801378723404	0.008733624454148471	0.4192139737991266	10.224137931034482	1.121574243965351	4.349180327868853	2.2872340425531914	0.4410480349344978	0.6991643454039003	-1	0.917726649014949	0.2183406113537118	0.8984701797838544	457	235	58
bbe09d05558d28a74ad436e86768db7b	en	8.0	1.3008474576271187	2.8800000000000026	1.5791677966101694	0.24364406779661016	0.0635593220338983	0.5360169491525424	0.01059322033898305	0.014830508474576272	0.9661016949152542	0.73950419790937	3.1186440677966103	1.5357142857142858	0.004993202067161017	0.00021158562300469482	0.006709039548022599	0.24152542372881355	9.576271186440678	0.980794903464395	4.579584775086505	2.3300970873786406	0.4279661016949153	0.678257372654155	-1	0.9352974119789497	0.2775423728813559	0.9163191883399237	463	213	59
345f16fc2bce371cfab1de21983d49c0	en	7.456521739130435	1.2332361516034986	1.8702300671821526	0.5458412219546198	0.2857142857142857	0.08163265306122448	0.6005830903790087	0.029154518950437316	0.011661807580174927	0.9782608695652174	0.7321402526304488	3.108695652173913	1.8041237113402062	0.004016913309037901	0.00016471792546583853	0.009329446064139942	0.4198250728862974	9.0	0.9726762368066716	4.264976958525345	2.3260869565217392	0.5131195335276968	0.7136475409836073	-1	-1	0.20699708454810495	0.9232384485196323	329	161	46
94a1832117b9851f6539999fb2da702c	en	8.650943396226415	1.2562704471101418	2.6078592004279777	1.0511542025884237	0.2268266085059978	0.09596510359869138	0.5408942202835333	0.017448200654307525	0.013086150490730643	0.9716981132075472	0.7310054200390335	3.311320754716981	1.5535055350553506	0.004934787183097055	0.00023605285075757577	0.0035251451903324797	0.5517993456924755	10.70754716981132	1.0333445338046126	4.3665791776028	2.272357723577236	0.3227917121046892	0.6407457212713918	0.5154865658829016	0.7120319823544089	0.22137404580152673	0.8939537276412798	893	396	106
79f2916db75adf55540b174c6aea40b2	en	8.147727272727273	1.3361227336122734	3.3538618929884656	1.574761645746165	0.2594142259414226	0.100418410041841	0.5550906555090656	0.016736401673640166	0.009762900976290097	0.9886363636363636	0.7159239183337428	3.397727272727273	1.8076923076923077	0.006084785480613668	0.00017536525032258064	0.004649000464900047	0.6722454672245467	9.647727272727273	0.9984840156130264	4.5225225225225225	2.3511904761904763	0.37656903765690375	0.6708414239482207	0.621528233792894	0.8247787543407844	0.2217573221757322	0.910013080001152	704	310	88
e337982917038aed2c66b66f753297b4	en	8.204545454545455	1.373961218836565	3.822515109544195	2.409847091412743	0.2880886426592798	0.10526315789473684	0.6011080332409973	0.00554016620498615	0.013850415512465374	1.0	0.7203027538616855	3.2045454545454546	1.6608695652173913	0.005437042831024931	0.00014700460962566845	0.010102656020857095	0.2631578947368421	10.090909090909092	1.027165321075397	4.6815144766147	2.2948717948717947	0.48753462603878117	0.7077480916030534	-1	-1	0.2299168975069252	0.9167828269030288	359	187	44
240c209164f2019580a1d05967ae72b7	en	7.7407407407407405	1.4545454545454546	4.5925252525252525	2.9482949140528087	0.2822966507177033	0.06220095693779904	0.5502392344497608	0.0	0.009569377990430622	0.9259259259259259	0.7038683538683539	2.925925925925926	1.7936507936507937	0.005253747363636364	0.0002224637156862745	0.014354066985645932	0.24880382775119617	9.037037037037036	0.9464639995685746	4.768924302788845	2.4705882352941178	0.5263157894736842	0.6883636363636365	-1	-1	0.2679425837320574	0.9091280725616078	206	102	27
69f48908f28ca1cd204c00f6c8be2419	en	8.727272727272727	1.2934027777777777	3.075789141414141	1.4667347222222222	0.2777777777777778	0.0625	0.5260416666666666	0.003472222222222222	0.019097222222222224	1.0	0.7570709652470784	3.1515151515151514	1.576086956521739	0.005788751191666667	0.0001281413671641791	0.00992063492063492	0.2916666666666667	11.303030303030303	1.06369717008086	4.2	2.338235294117647	0.3385416666666667	0.6028301886792456	0.6296396091597739	0.803009697698603	0.22395833333333334	0.8760241826754153	575	268	66
3ea28da9b48b87d07eb493e12b975122	en	7.878048780487805	1.284829721362229	2.6434297364645474	1.537937310277127	0.26006191950464397	0.04024767801857585	0.5263157894736842	0.021671826625386997	0.006191950464396285	1.0	0.7258138042513043	3.048780487804878	1.415929203539823	0.005348628118885449	0.00024404973142857144	0.008559460936077217	0.34674922600619196	9.463414634146341	0.9956960722204625	4.471321695760598	2.3376623376623376	0.43653250773993807	0.6487053571428572	-1	-1	0.24458204334365324	0.9037295167739957	320	140	41
c3deb9f67c28c145b2ac3f83de06de36	en	7.714285714285714	1.3743386243386244	3.6357671957671975	2.1581751322751326	0.32407407407407407	0.07804232804232804	0.5912698412698413	0.005291005291005291	0.006613756613756613	0.9693877551020408	0.7228997226623379	3.4591836734693877	1.5494071146245059	0.004685011440396825	0.00020051961902313624	0.004056437389770723	0.6574074074074074	9.53061224489796	1.020984837710607	4.6067073170731705	2.5458937198067635	0.42063492063492064	0.6832876712328763	0.6941680704804438	0.7467971377971728	0.20238095238095238	0.9154880315269713	749	389	98
89f584c53a2ffaf8982f58d13e731a37	en	5.5	1.316017316017316	2.0840043290043297	0.8346432900432901	0.18614718614718614	0.0735930735930736	0.5497835497835498	0.008658008658008658	0.025974025974025976	0.9761904761904762	0.7292876500193576	2.3333333333333335	1.5423728813559323	0.0036033849437229434	0.0001714817596153846	0.01406926406926407	0.017316017316017316	7.119047619047619	0.9397914721444133	4.490131578947368	2.4022988505747125	0.5844155844155844	0.7165909090909086	-1	-1	0.2987012987012987	0.9380581698011324	230	104	42
941778f6410b9ee30d5b4ff1c97ffec3	en	7.293333333333333	1.223034734917733	1.6862098720292522	0.7752131578305916	0.2742230347349177	0.07495429616087751	0.5795246800731262	0.025594149908592323	0.02376599634369287	0.9733333333333334	0.7676796729428308	2.88	1.685897435897436	0.00592509931297989	0.00016326756363636364	0.006137372682162445	0.6782449725776966	9.346666666666666	1.0050592185592186	4.24225352112676	2.245614035087719	0.3930530164533821	0.6959151785714297	0.9125405820172168	0.7832342536706118	0.21023765996343693	0.9079866128348907	530	231	75
40d210e87ca54d0901134841cdfd2a70	en	9.054054054054054	1.3582089552238805	3.9679467527228702	2.5104497781363455	0.28059701492537314	0.0955223880597015	0.564179104477612	0.0029850746268656717	0.011940298507462687	1.0	0.7496428297221642	3.2972972972972974	1.6261682242990654	0.004572667806268657	0.00018088382590361447	0.010447761194029851	0.2865671641791045	10.972972972972974	1.000117847943935	4.760095011876484	2.3692307692307693	0.44776119402985076	0.6863983050847454	-1	-1	0.2507462686567164	0.9028035096940202	335	166	37
2f770d94fdaae23d4613602495a64697	en	8.933333333333334	1.2723880597014925	2.9081791044776146	0.8629070646766168	0.2667910447761194	0.12313432835820895	0.5597014925373134	0.022388059701492536	0.011194029850746268	0.95	0.7174672698200798	3.0833333333333335	1.889655172413793	0.007687961313805971	0.00013542263571428572	0.007462686567164179	0.5223880597014925	11.6	1.0474644259106334	4.127298444130127	2.2532467532467533	0.3582089552238806	0.6422425629290622	0.7182329090711809	0.6023966015787199	0.18097014925373134	0.8760736433711581	527	252	60
bec8323ea9abbdd90f8cf458daef37df	en	6.880597014925373	1.2906724511930585	2.3233677598989857	1.0987113089649374	0.2646420824295011	0.08026030368763558	0.5835140997830802	0.0021691973969631237	0.015184381778741865	0.9253731343283582	0.7250700621813063	2.8208955223880596	1.472972972972973	0.0038575968026030366	0.00013579074107142856	0.008098336948662329	0.1475054229934924	8.805970149253731	1.049753453550644	4.384488448844884	2.4017094017094016	0.4229934924078091	0.6830110497237558	-1	0.7947896476381224	0.2668112798264642	0.9050554587308971	461	224	67
c33e0a618fd739d19822007c7616b604	en	7.531914893617022	1.265536723163842	2.280780141843973	1.411596057218416	0.2514124293785311	0.07815442561205273	0.5423728813559322	0.01224105461393597	0.01694915254237288	0.9219858156028369	0.7415869488821166	2.9148936170212765	1.5589123867069485	0.005612854533898305	0.00020963190444444444	0.004019107987690046	0.4510357815442561	8.78014184397163	0.9629875578363821	4.571209800918836	2.432900432900433	0.3088512241054614	0.6180269989615796	0.8121108978696374	0.8977754946981561	0.243879472693032	0.8901389631458554	1049	450	141
2266959456de38e1ce8bc8a6240ca041	en	8.703703703703704	1.3595744680851063	3.8474231678486994	2.140769897557132	0.274468085106383	0.06595744680851064	0.548936170212766	0.019148936170212766	0.010638297872340425	0.9814814814814815	0.7269022299558544	3.537037037037037	1.5751633986928104	0.0060443201063829785	0.00013907099056603773	0.007180851063829787	0.3829787234042553	11.38888888888889	1.0745486044011157	4.493527508090615	2.2063492063492065	0.4276595744680851	0.6846361185983816	-1	0.9323091023457171	0.2170212765957447	0.9129600229431931	464	212	54
