language	source_a	article_id_a	title_a	source_b	article_id_b	title_b	cluster_ids	max_tier
de	apoum	1094211	Bluthochdruck	gesund	377	Bluthochdruck	19	4
de	apoum	1094211	Bluthochdruck	msd	1-43	Hypertonie	19	4
de	apoum	1094211	Bluthochdruck	msd	12-105	Hypertonie in der Schwangerschaft	19	4
de	apoum	1094211	Bluthochdruck	msd	14-9	Portale Hypertonie	19	4
de	apoum	1094211	Bluthochdruck	msd	19-55	Idiopathische intrakranielle Hypertension	19	4
de	apoum	1094211	Bluthochdruck	msd	23-83	Portopulmonale Hypertonie	19	4
de	apoum	1096603	Ess-Störungen	msd	22-25	Binge-Eating-Störung	878	3
de	apoum	1096603	Ess-Störungen	msd	22-26	Vermeidende/restriktive Essstörung (ARFID)	878	3
de	apoum	1097463	Magersucht	msd	22-23	Anorexia nervosa	876	3
de	apoum	1098199	Laktose-Intoleranz	gesund	404	Laktoseintoleranz	1317	4
de	apoum	1098199	Laktose-Intoleranz	msd	9-84	Kohlenhydratintoleranz	1317	4
de	apoum	1098455	Borreliose	gesund	401	Borreliose	444	4
de	apoum	1098455	Borreliose	msd	16-39	Lyme-Krankheit	444	4
de	apoum	1098937	Nachtschweiß	apoum	1345741	Übermäßiges Schwitzen	1145	3
de	apoum	1098937	Nachtschweiß	msd	5-58	Hyperhidrose	1145	3
de	apoum	1100087	Grauer Star	gesund	464	Katarakt	761	4
de	apoum	1100087	Grauer Star	msd	21-186	Angeborene Katarakt	761	4
de	apoum	1101701	Zahnfleisch-Entzündung	apoum	1415109	Schmerzende Brüste	21	4
de	apoum	1101701	Zahnfleisch-Entzündung	apoum	722047	Herzinfarkt	21	4
de	apoum	1101701	Zahnfleisch-Entzündung	apoum	725139	Koronare Herzkrankheit	21	4
de	apoum	1101701	Zahnfleisch-Entzündung	apoum	753269	Parodontitis	21	4
de	apoum	1101701	Zahnfleisch-Entzündung	gesund	347	Zahnfleischentzündung	21	4
de	apoum	1101701	Zahnfleisch-Entzündung	msd	1-4	Thoraxschmerz	21	4
de	apoum	1101701	Zahnfleisch-Entzündung	msd	1-51	Akuter Myokardinfarkt	21	4
de	apoum	1101701	Zahnfleisch-Entzündung	msd	1-53	Medikamente für akute Koronarsyndrome	21	4
de	apoum	1101701	Zahnfleisch-Entzündung	msd	1-57	Übersicht zur koronaren Herzkrankheit	21	4
de	apoum	1101701	Zahnfleisch-Entzündung	msd	1-58	Angina pectoris	21	4
de	apoum	1101701	Zahnfleisch-Entzündung	msd	1-59	Übersicht zum akuten Koronarsyndrom	21	4
de	apoum	1101701	Zahnfleisch-Entzündung	msd	12-50	Mastalgie (Brustschmerzen)	21	4
de	apoum	1101701	Zahnfleisch-Entzündung	msd	4-10	Zahnfleischhyperplasie	21	4
de	apoum	1101701	Zahnfleisch-Entzündung	msd	4-11	Akute nekrotisierende ulzerierende Gingivitis (ANUG)	21	4
de	apoum	1104659	Fußpilz	apoum	1406765	Juckreiz	1101	4
de	apoum	1104659	Fußpilz	apoum	722743	Krätze	1101	4
de	apoum	1104659	Fußpilz	gesund	104	Nagelpilz	1101	4
de	apoum	1104659	Fußpilz	gesund	116	Fußpilz	1101	4
de	apoum	1104659	Fußpilz	gesund	1472	Ringelflechte	1101	4
de	apoum	1104659	Fußpilz	gesund	1724	Chronischer Juckreiz	1101	4
de	apoum	1104659	Fußpilz	gesund	590	Kleienpilzflechte	1101	4
de	apoum	1104659	Fußpilz	gesund	959	Krätze	1101	4
de	apoum	1104659	Fußpilz	msd	5-105	Onychomykose	1101	4
de	apoum	1104659	Fußpilz	msd	5-75	Tinea corporis (Körperringelflechte)	1101	4
de	apoum	1104659	Fußpilz	msd	5-76	"Tinea cruris (""Jock Itch"")"	1101	4
de	apoum	1104659	Fußpilz	msd	5-77	Tinea pedis (Fußpilz)	1101	4
de	apoum	1104659	Fußpilz	msd	5-80	Übersicht zu Dermatophytien	1101	4
de	apoum	1104659	Fußpilz	msd	5-82	Tinea versicolor	1101	4
de	apoum	1104659	Fußpilz	msd	5-88	Skabies	1101	4
de	apoum	1104659	Fußpilz	msd	9-109	Pruritus ani (analer Juckreiz)	1101	4
de	apoum	1104695	Schlafapnoe	gesund	440	Obstruktive Schlafapnoe	828	4
de	apoum	1104695	Schlafapnoe	msd	21-331	Frühgeborenenapnoe	828	4
de	apoum	1104695	Schlafapnoe	msd	23-99	Zentrale Schlafapnoe	828	4
de	apoum	1115363	Gebärmutterhals-Krebs	apoum	1185773	Gebärmutterkrebs	184,185,186,187	4
de	apoum	1115363	Gebärmutterhals-Krebs	apoum	953305	Aids	184,185,186	4
de	apoum	1115363	Gebärmutterhals-Krebs	gesund	599	Gebärmutterhalskrebs	184,185,186,187	4
de	apoum	1115363	Gebärmutterhals-Krebs	gesund	761	Sarkom	184,185,186,187	4
de	apoum	1115363	Gebärmutterhals-Krebs	gesund	953	Toxoplasmose	184,185,186	4
de	apoum	1115363	Gebärmutterhals-Krebs	gesund	974	HIV und Aids	184,185,186	4
de	apoum	1115363	Gebärmutterhals-Krebs	msd	12-55	Uterussarkome	184,185,186,187	4
de	apoum	1115363	Gebärmutterhals-Krebs	msd	14-56	AIDS-Cholangiopathie	184,185,186	4
de	apoum	1115363	Gebärmutterhals-Krebs	msd	16-128	Kryptosporidiose	184,185,186	4
de	apoum	1115363	Gebärmutterhals-Krebs	msd	16-179	Häufige Krebserkrankungen bei Patienten mit HIV-Infektion	184,185,186	4
de	apoum	1115363	Gebärmutterhals-Krebs	msd	18-112	Primär maligne Knochentumoren	184,187	4
de	apoum	1115363	Gebärmutterhals-Krebs	msd	21-112	Rhabdomyosarkome	184,185,186,187	4
de	apoum	1115363	Gebärmutterhals-Krebs	msd	21-175	Angeborene neurologische Anomalien im Überblick	186	4
de	apoum	1115363	Gebärmutterhals-Krebs	msd	5-125	Kaposi-Sarkom	184,187	4
de	apoum	1118963	Bipolare Störung	gesund	1514	Bipolare Störung	802	4
de	apoum	1118963	Bipolare Störung	msd	21-273	Bipolare Störung bei Kindern und Jugendlichen	802	4
de	apoum	1118963	Bipolare Störung	msd	22-32	Bipolare Störungen	802	4
de	apoum	1118963	Bipolare Störung	msd	22-33	Medikamentöse Behandlung der bipolaren Störungen	802	4
de	apoum	1126409	Ohrenschmerzen	msd	6-16	Otalgie	1160	3
de	apoum	1131707	Fieber	apoum	936561	Herzbeutel-Entzündung	200,201,463	3
de	apoum	1131707	Fieber	msd	12-90	Fieber in der Schwangerschaft	200,201	3
de	apoum	1131707	Fieber	msd	16-199	Fieber	200,201	3
de	apoum	1131707	Fieber	msd	16-200	Fieber unbekannter Ursache (FUU)	200,201	3
de	apoum	1131707	Fieber	msd	16-81	Histoplasmose	200,463	3
de	apoum	1131707	Fieber	msd	21-311	Fieber bei Säuglingen und Kindern	200,201	3
de	apoum	1131707	Fieber	msd	21-79	Rheumatisches Fieber	200,201,463	3
de	apoum	1136041	Ringelröteln	apoum	1206671	Röteln	402	4
de	apoum	1136041	Ringelröteln	apoum	930885	Masern	402	4
de	apoum	1136041	Ringelröteln	gesund	830	Röteln	402	4
de	apoum	1136041	Ringelröteln	msd	16-219	Impfstoff gegen Masern, Mumps und Röteln (MMR)	402	4
de	apoum	1136041	Ringelröteln	msd	21-318	Subakute sklerosierende Panenzephalitis (SSPE)	402	4
de	apoum	1136041	Ringelröteln	msd	21-65	Kongenitale Röteln	402	4
de	apoum	1151345	Allergien	apoum	723297	Neurodermitis	302,303,304	4
de	apoum	1151345	Allergien	apoum	912037	Heuschnupfen	302,303,304	4
de	apoum	1151345	Allergien	apoum	953249	Arzneimittel-Allergie	302,303,304	4
de	apoum	1151345	Allergien	gesund	1148	Lichen simplex	302,303,304	4
de	apoum	1151345	Allergien	gesund	1220	Nummuläres Ekzem	302,303,304	4
de	apoum	1151345	Allergien	gesund	1232	Dyshidrotisches Ekzem	302,303,304	4
de	apoum	1151345	Allergien	gesund	149	Hausstauballergie	302,303,304	4
de	apoum	1151345	Allergien	gesund	254	Kontaktallergie	302,303,304	4
de	apoum	1151345	Allergien	gesund	299	Medikamentenallergie	302,303,304	4
de	apoum	1151345	Allergien	gesund	311	Nahrungsmittelallergie	302,303,304	4
de	apoum	1151345	Allergien	gesund	353	Allergien	302,303,304	4
de	apoum	1151345	Allergien	gesund	449	Seborrhoisches Ekzem	302,303,304	4
de	apoum	1151345	Allergien	gesund	578	Tierallergie	302,303,304	4
de	apoum	1151345	Allergien	msd	15-24	Arzneimittelüberempfindlichkeit	302,303,304	4
de	apoum	1151345	Allergien	msd	15-25	Nahrungsmittelallergien	302,303,304	4
de	apoum	1151345	Allergien	msd	15-27	Allergische Rhinitis	302,303,304	4
de	apoum	1151345	Allergien	msd	16-251	Penicilline	302,303	4
de	apoum	1151345	Allergien	msd	5-27	Definition von Dermatitis	302,303,304	4
de	apoum	1151345	Allergien	msd	5-28	Atopische Dermatitis (Ekzem)	303,304	4
de	apoum	1151345	Allergien	msd	5-30	Hand- und Fußekzem	303,304	4
de	apoum	1151345	Allergien	msd	5-31	Lichen simplex chronicus	303,304	4
de	apoum	1151345	Allergien	msd	5-33	Seborrhoische Dermatitis	303,304	4
de	apoum	1151463	Durchfall	apoum	725083	Reizdarm-Syndrom	1314	4
de	apoum	1151463	Durchfall	apoum	769781	Reisedurchfall	1314	4
de	apoum	1151463	Durchfall	gesund	113	Durchfall	1314	4
de	apoum	1151463	Durchfall	gesund	1340	Morbus Crohn	1314	4
de	apoum	1151463	Durchfall	gesund	488	Reizdarmsyndrom	1314	4
de	apoum	1151463	Durchfall	msd	9-81	Reisediarrhö	1314	4
de	apoum	1151463	Durchfall	msd	9-91	Übersicht zu entzündlichen Darmerkrankheiten	1314	4
de	apoum	1158161	Hagelkorn	apoum	722641	Gerstenkorn	605	4
de	apoum	1158161	Hagelkorn	gesund	143	Augenlidentzündung	605	4
de	apoum	1158161	Hagelkorn	gesund	263	Furunkel und Karbunkel	605	4
de	apoum	1158161	Hagelkorn	msd	18-88	Palmarabszess	605	4
de	apoum	1158161	Hagelkorn	msd	8-23	Chalazion und Hordeolum (Gerstenkorn)	605	4
de	apoum	1158161	Hagelkorn	msd	9-102	Anorektalabszess	605	4
de	apoum	1162837	Listeriose	gesund	1529	Listeriose	467	4
de	apoum	1164533	Hallux valgus	gesund	302	Ballenzeh	608	4
de	apoum	1164533	Hallux valgus	msd	18-96	Ballen	608	4
de	apoum	1177087	Keuchhusten	gesund	950	Keuchhusten	911	4
de	apoum	1177087	Keuchhusten	msd	23-10	Hämoptysen	911	4
de	apoum	1185733	Überbein	gesund	302	Ballenzeh	608	4
de	apoum	1185733	Überbein	msd	18-96	Ballen	608	4
de	apoum	1185773	Gebärmutterkrebs	apoum	953305	Aids	184,185,186	4
de	apoum	1185773	Gebärmutterkrebs	gesund	599	Gebärmutterhalskrebs	184,185,186,187	4
de	apoum	1185773	Gebärmutterkrebs	gesund	761	Sarkom	184,185,186,187	4
de	apoum	1185773	Gebärmutterkrebs	gesund	953	Toxoplasmose	184,185,186	4
de	apoum	1185773	Gebärmutterkrebs	gesund	974	HIV und Aids	184,185,186	4
de	apoum	1185773	Gebärmutterkrebs	msd	12-55	Uterussarkome	184,185,186,187	4
de	apoum	1185773	Gebärmutterkrebs	msd	14-56	AIDS-Cholangiopathie	184,185,186	4
de	apoum	1185773	Gebärmutterkrebs	msd	16-128	Kryptosporidiose	184,185,186	4
de	apoum	1185773	Gebärmutterkrebs	msd	16-179	Häufige Krebserkrankungen bei Patienten mit HIV-Infektion	184,185,186	4
de	apoum	1185773	Gebärmutterkrebs	msd	18-112	Primär maligne Knochentumoren	184,187	4
de	apoum	1185773	Gebärmutterkrebs	msd	21-112	Rhabdomyosarkome	184,185,186,187	4
de	apoum	1185773	Gebärmutterkrebs	msd	21-175	Angeborene neurologische Anomalien im Überblick	186	4
de	apoum	1185773	Gebärmutterkrebs	msd	5-125	Kaposi-Sarkom	184,187	4
de	apoum	1204399	Nabelbruch	apoum	775271	Leistenbruch	178	4
de	apoum	1204399	Nabelbruch	gesund	341	Hernie	178	4
de	apoum	1204399	Nabelbruch	msd	12-37	Senkungen der Beckenorgane im Überblick	178	4
de	apoum	1204399	Nabelbruch	msd	12-38	Vorderer und hinterer Vaginalwandprolaps	178	4
de	apoum	1204399	Nabelbruch	msd	12-39	Uterus- und Apikalprolaps	178	4
de	apoum	1204399	Nabelbruch	msd	21-155	Omphalozele	178	4
de	apoum	1204399	Nabelbruch	msd	21-157	Zwerchfellhernie	178	4
de	apoum	1204399	Nabelbruch	msd	9-36	Bauchwandhernien	178	4
de	apoum	1204399	Nabelbruch	msd	9-53	Hiatushernie	178	4
de	apoum	1206671	Röteln	apoum	930885	Masern	402	4
de	apoum	1206671	Röteln	gesund	830	Röteln	402	4
de	apoum	1206671	Röteln	msd	16-219	Impfstoff gegen Masern, Mumps und Röteln (MMR)	402	4
de	apoum	1206671	Röteln	msd	21-317	Röteln	402	4
de	apoum	1206671	Röteln	msd	21-318	Subakute sklerosierende Panenzephalitis (SSPE)	402	4
de	apoum	1206671	Röteln	msd	21-65	Kongenitale Röteln	402	4
de	apoum	1207943	Hand-Fuß-Mund-Krankheit	gesund	809	Hand-Fuß-Mund-Krankheit	372	4
de	apoum	1207943	Hand-Fuß-Mund-Krankheit	msd	16-162	Hand-Fuß-Mundkrankheit (HFMK)	372	4
de	apoum	1208025	Stirnhöhlen-Entzündung	apoum	722617	Nasennebenhöhlen-Entzündung	1185	4
de	apoum	1208025	Stirnhöhlen-Entzündung	gesund	560	Nasennebenhöhlenentzündung	1185	4
de	apoum	1218299	Schwindel	gesund	461	Gutartiger Lagerungsschwindel	1162	4
de	apoum	1218299	Schwindel	msd	6-18	Benommenheit (dizziness) und Schwindel (vertigo)	1162	4
de	apoum	1218299	Schwindel	msd	6-24	Benigner paroxysmaler Lagerungsschwindel	1162	4
de	apoum	1218299	Schwindel	msd	6-27	Menière-Krankheit	1162	4
de	apoum	1234043	Mundrose	apoum	1321837	Halsschmerzen	445	4
de	apoum	1234043	Mundrose	apoum	722661	Mandelentzündung	445	4
de	apoum	1234043	Mundrose	apoum	917853	Scharlach	445	4
de	apoum	1234043	Mundrose	gesund	122	Wundrose und Phlegmone	445	4
de	apoum	1234043	Mundrose	gesund	1385	Streptokokken-Pharyngitis	445	4
de	apoum	1234043	Mundrose	gesund	419	Mandelentzündung	445	4
de	apoum	1234043	Mundrose	msd	16-3	Streptokokkeninfektionen	445	4
de	apoum	1234043	Mundrose	msd	5-63	Erysipel	445	4
de	apoum	1234043	Mundrose	msd	5-71	Nekrotisierende Weichteilinfektion	445	4
de	apoum	1234043	Mundrose	msd	6-53	Infektion im Submandibularbereich	445	4
de	apoum	1234043	Mundrose	msd	6-59	Peritonsillarabszess und Peritonsillitis	445	4
de	apoum	1234043	Mundrose	msd	6-60	Parapharyngealabszess	445	4
de	apoum	1235615	Speiseröhrenentzündung	gesund	356	Refluxkrankheit	1300	4
de	apoum	1235615	Speiseröhrenentzündung	msd	9-45	Eosinophile Ösophagitis	1300	4
de	apoum	1237437	Aspergillose	msd	23-32	Allergische bronchopulmonale Aspergillose (ABPA)	927	3
de	apoum	1246091	Darmkrebs	apoum	722601	Schilddrüsenunterfunktion	182	4
de	apoum	1246091	Darmkrebs	apoum	722735	Schilddrüsenüberfunktion	182,183	4
de	apoum	1246091	Darmkrebs	apoum	750463	Kropf	182	4
de	apoum	1246091	Darmkrebs	apoum	769817	Dickdarmkrebs	182,183	4
de	apoum	1246091	Darmkrebs	gesund	317	Schilddrüsenunterfunktion	182	4
de	apoum	1246091	Darmkrebs	gesund	509	Darmkrebs	182,183	4
de	apoum	1246091	Darmkrebs	gesund	596	Schilddrüsenüberfunktion	182,183	4
de	apoum	1246091	Darmkrebs	gesund	641	Eierstockkrebs	182,183	4
de	apoum	1246091	Darmkrebs	gesund	767	Schilddrüsenkrebs	182,183	4
de	apoum	1246091	Darmkrebs	msd	12-53	Ovarial-, Eileiter- und Peritonealkarzinom	182,183	4
de	apoum	1246091	Darmkrebs	msd	13-107	Maligne Tumoren im Überblick	182,183	4
de	apoum	1246091	Darmkrebs	msd	13-114	Tumorantigene	182,183	4
de	apoum	1246091	Darmkrebs	msd	7-32	Hyperthyreose	182	4
de	apoum	1246091	Darmkrebs	msd	7-33	Bösartige Tumoren der Schilddrüse	182,183	4
de	apoum	1246091	Darmkrebs	msd	7-34	Hypothyreose	182	4
de	apoum	1246091	Darmkrebs	msd	9-112	Kolorektale Karzinome	182,183	4
de	apoum	1246091	Darmkrebs	msd	9-115	Lynch-Syndrom	182,183	4
de	apoum	1253147	Polyneuropathie	gesund	1502	Diabetische Neuropathie	620	4
de	apoum	1253147	Polyneuropathie	gesund	1550	Polyneuropathie	620	4
de	apoum	1253147	Polyneuropathie	msd	19-117	Chronische inflammatorische demyelinisierende Polyneuropathie (CIDP)	620	4
de	apoum	1259987	Rosazea	gesund	1334	Akne inversa	1111	4
de	apoum	1259987	Rosazea	gesund	707	Rosazea	1111	4
de	apoum	1259987	Rosazea	gesund	86	Akne	1111	4
de	apoum	1259987	Rosazea	msd	5-11	Hidradenitis suppurativa	1111	4
de	apoum	1259987	Rosazea	msd	5-8	Acne vulgaris	1111	4
de	apoum	1263121	Colitis ulcerosa	gesund	1121	Colitis ulcerosa	457	4
de	apoum	1263121	Colitis ulcerosa	gesund	1469	Darmentzündung durch C. difficile	457	4
de	apoum	1263121	Colitis ulcerosa	msd	16-62	Clostridioides (früher Clostridium) difficile-induzierte Diarrhö	457	4
de	apoum	1263121	Colitis ulcerosa	msd	9-93	Colitis Ulcerosa	457	4
de	apoum	1264097	Geschwollene Lymphknoten am Hals	msd	1-3	Lymphadenopathie	11	3
de	apoum	1294593	Weißer Hautkrebs	apoum	768161	Schwarzer Hautkrebs	1117	3
de	apoum	1294593	Weißer Hautkrebs	msd	5-129	Maligne Hauttumoren im Überblick	1117	3
de	apoum	1294999	Long Covid	apoum	723315	Grippe	362,363,364	4
de	apoum	1294999	Long Covid	apoum	723743	Corona-Virus	362,363,364	4
de	apoum	1294999	Long Covid	apoum	750455	Chronische Bronchitis	362,363,364	4
de	apoum	1294999	Long Covid	apoum	750471	Akute Bronchitis	362,363,364	4
de	apoum	1294999	Long Covid	apoum	761557	Erkältung	362,363,364	4
de	apoum	1294999	Long Covid	apoum	888577	COPD	362,363,364	4
de	apoum	1294999	Long Covid	apoum	939565	FSME	362,363,364	4
de	apoum	1294999	Long Covid	gesund	137	Erkältung	362,363,364	4
de	apoum	1294999	Long Covid	gesund	1379	Long COVID: Langzeitfolgen von COVID-19	362,363,364	4
de	apoum	1294999	Long Covid	gesund	1571	Vogelgrippe	362,363,364	4
de	apoum	1294999	Long Covid	gesund	1625	Schweinegrippe	362,363,364	4
de	apoum	1294999	Long Covid	gesund	1643	Gehirnentzündung	362,363,364	4
de	apoum	1294999	Long Covid	gesund	1652	Hirnhautentzündung	362,363,364	4
de	apoum	1294999	Long Covid	gesund	1655	Zika-Virus-Infektion	362,363	4
de	apoum	1294999	Long Covid	gesund	176	Chronisch obstruktive Lungenerkrankung (COPD)	362,363,364	4
de	apoum	1294999	Long Covid	gesund	731	Frühsommer-Meningoenzephalitis	362,363,364	4
de	apoum	1294999	Long Covid	gesund	968	COVID-19, Erkältung, Grippe: Kennzeichen im Überblick	362,363,364	4
de	apoum	1294999	Long Covid	msd	16-17	Haemophilus-Infektionen	362,363,364	4
de	apoum	1294999	Long Covid	msd	16-173	Sonstige Arbovirusinfektionen	362,363	4
de	apoum	1294999	Long Covid	msd	16-174	Zika-Virus (ZV)-Infektionen	362	4
de	apoum	1294999	Long Covid	msd	16-218	Influenza-Impfstoff	362,363,364	4
de	apoum	1294999	Long Covid	msd	16-225	COVID-19-Impfstoff	362,363,364	4
de	apoum	1294999	Long Covid	msd	19-63	Enzephalitis	362,363,364	4
de	apoum	1294999	Long Covid	msd	19-72	Rezidivierende Meningitis	362,363,364	4
de	apoum	1294999	Long Covid	msd	23-33	Therapie der stabilen chronischer obstruktiver Lungenerkrankung	362,363,364	4
de	apoum	1294999	Long Covid	msd	23-34	Therapie der akut exazerbierten chronischen obstruktiven Lungenerkrankung	362,363,364	4
de	apoum	1321049	Diphtherie	apoum	753607	Kehlkopf-Entzündung	272,273,400	4
de	apoum	1321049	Diphtherie	gesund	1764	Akute Kehlkopfentzündung	272,273,400	4
de	apoum	1321049	Diphtherie	gesund	485	Pseudokrupp	272,273,400	4
de	apoum	1321049	Diphtherie	gesund	806	Diphtherie	273,400	4
de	apoum	1321049	Diphtherie	gesund	812	Hepatitis A	272	4
de	apoum	1321049	Diphtherie	msd	14-23	Fulminante Hepatitis	272	4
de	apoum	1321049	Diphtherie	msd	14-25	Hepatitis B, Akut	272,273	4
de	apoum	1321049	Diphtherie	msd	14-27	Hepatitis C, Akut	272,273	4
de	apoum	1321049	Diphtherie	msd	14-29	Hepatitis D	272	4
de	apoum	1321049	Diphtherie	msd	14-30	Hepatitis E	272	4
de	apoum	1321049	Diphtherie	msd	14-38	Ischämische Hepatitis	272	4
de	apoum	1321049	Diphtherie	msd	16-211	Diphtherie-Tetanus-Pertussis-Impfstoff	273,400	4
de	apoum	1321049	Diphtherie	msd	16-212	Tetanus-Diphtherie-Impfstoff	273,400	4
de	apoum	1321049	Diphtherie	msd	16-215	Hepatitis A (HepA)-Impfstoff	272	4
de	apoum	1321049	Diphtherie	msd	16-216	Hepatitis B-Impfstoff	272	4
de	apoum	1321049	Diphtherie	msd	21-358	Krupp	272,273,400	4
de	apoum	1321049	Diphtherie	msd	6-74	Dysphonia spastica	272,273,400	4
de	apoum	1321837	Halsschmerzen	apoum	722661	Mandelentzündung	445	4
de	apoum	1321837	Halsschmerzen	apoum	917853	Scharlach	445	4
de	apoum	1321837	Halsschmerzen	gesund	122	Wundrose und Phlegmone	445	4
de	apoum	1321837	Halsschmerzen	gesund	1385	Streptokokken-Pharyngitis	445	4
de	apoum	1321837	Halsschmerzen	gesund	419	Mandelentzündung	445	4
de	apoum	1321837	Halsschmerzen	msd	16-3	Streptokokkeninfektionen	445	4
de	apoum	1321837	Halsschmerzen	msd	16-8	Erysipeloid	445	4
de	apoum	1321837	Halsschmerzen	msd	5-63	Erysipel	445	4
de	apoum	1321837	Halsschmerzen	msd	5-71	Nekrotisierende Weichteilinfektion	445	4
de	apoum	1321837	Halsschmerzen	msd	6-53	Infektion im Submandibularbereich	445	4
de	apoum	1321837	Halsschmerzen	msd	6-59	Peritonsillarabszess und Peritonsillitis	445	4
de	apoum	1321837	Halsschmerzen	msd	6-60	Parapharyngealabszess	445	4
de	apoum	1345741	Übermäßiges Schwitzen	msd	5-58	Hyperhidrose	1145	3
de	apoum	1354829	Sonnenstich	msd	17-53	Hitzschlag	531	3
de	apoum	1356997	Mundgeruch	gesund	1421	Mundgeruch	1084	4
de	apoum	1381451	Entzündung der Speicheldrüsen	gesund	1697	Speichelsteine	1178,1179	4
de	apoum	1381451	Entzündung der Speicheldrüsen	gesund	668	Kehlkopfkrebs	1178,1179	4
de	apoum	1381451	Entzündung der Speicheldrüsen	gesund	746	Krebs der Mundhöhle und des Rachens	1178,1179	4
de	apoum	1381451	Entzündung der Speicheldrüsen	msd	6-70	Überblick zu Larynxstörungen	1178	4
de	apoum	1381451	Entzündung der Speicheldrüsen	msd	6-78	Oropharyngeales Plattenepithelkarzinom	1178,1179	4
de	apoum	1381451	Entzündung der Speicheldrüsen	msd	6-82	Nasopharynxkarzinom	1178,1179	4
de	apoum	1381451	Entzündung der Speicheldrüsen	msd	6-83	Orales Plattenepithelkarzinom	1178,1179	4
de	apoum	1381451	Entzündung der Speicheldrüsen	msd	6-85	Speicheldrüsentumoren	1178,1179	4
de	apoum	1402397	Magen-Darm-Grippe	msd	9-75	Medikamentenassoziierte Gastroenteritis und chemikalienassoziierte Gastroenteritis	1312	3
de	apoum	1402573	Blähungen	msd	9-13	Gasbedingte Symptome	1288	3
de	apoum	1406765	Juckreiz	apoum	722743	Krätze	1101	4
de	apoum	1406765	Juckreiz	gesund	104	Nagelpilz	1101	4
de	apoum	1406765	Juckreiz	gesund	1472	Ringelflechte	1101	4
de	apoum	1406765	Juckreiz	gesund	1724	Chronischer Juckreiz	1101	4
de	apoum	1406765	Juckreiz	gesund	590	Kleienpilzflechte	1101	4
de	apoum	1406765	Juckreiz	gesund	959	Krätze	1101	4
de	apoum	1406765	Juckreiz	msd	5-105	Onychomykose	1101	4
de	apoum	1406765	Juckreiz	msd	5-4	Juckreiz	1101	4
de	apoum	1406765	Juckreiz	msd	5-75	Tinea corporis (Körperringelflechte)	1101	4
de	apoum	1406765	Juckreiz	msd	5-76	"Tinea cruris (""Jock Itch"")"	1101	4
de	apoum	1406765	Juckreiz	msd	5-77	Tinea pedis (Fußpilz)	1101	4
de	apoum	1406765	Juckreiz	msd	5-80	Übersicht zu Dermatophytien	1101	4
de	apoum	1406765	Juckreiz	msd	5-82	Tinea versicolor	1101	4
de	apoum	1406765	Juckreiz	msd	5-88	Skabies	1101	4
de	apoum	1406765	Juckreiz	msd	9-109	Pruritus ani (analer Juckreiz)	1101	4
de	apoum	1415109	Schmerzende Brüste	apoum	722047	Herzinfarkt	21	4
de	apoum	1415109	Schmerzende Brüste	apoum	725139	Koronare Herzkrankheit	21	4
de	apoum	1415109	Schmerzende Brüste	apoum	753269	Parodontitis	21	4
de	apoum	1415109	Schmerzende Brüste	gesund	347	Zahnfleischentzündung	21	4
de	apoum	1415109	Schmerzende Brüste	gesund	74	Angina Pectoris	21	4
de	apoum	1415109	Schmerzende Brüste	msd	1-4	Thoraxschmerz	21	4
de	apoum	1415109	Schmerzende Brüste	msd	1-51	Akuter Myokardinfarkt	21	4
de	apoum	1415109	Schmerzende Brüste	msd	1-53	Medikamente für akute Koronarsyndrome	21	4
de	apoum	1415109	Schmerzende Brüste	msd	1-57	Übersicht zur koronaren Herzkrankheit	21	4
de	apoum	1415109	Schmerzende Brüste	msd	1-58	Angina pectoris	21	4
de	apoum	1415109	Schmerzende Brüste	msd	1-59	Übersicht zum akuten Koronarsyndrom	21	4
de	apoum	1415109	Schmerzende Brüste	msd	12-50	Mastalgie (Brustschmerzen)	21	4
de	apoum	1415109	Schmerzende Brüste	msd	4-10	Zahnfleischhyperplasie	21	4
de	apoum	1415109	Schmerzende Brüste	msd	4-11	Akute nekrotisierende ulzerierende Gingivitis (ANUG)	21	4
de	apoum	722019	Bindehaut-Entzündung	gesund	470	Bindehautentzündung	1245	4
de	apoum	722019	Bindehaut-Entzündung	msd	8-30	Virale Konjunktivitis	1245	4
de	apoum	722019	Bindehaut-Entzündung	msd	8-31	Akute bakterielle Konjunktivitis	1245	4
de	apoum	722019	Bindehaut-Entzündung	msd	8-32	Einschlusskonjunktivitis des Erwachsenen	1245	4
de	apoum	722019	Bindehaut-Entzündung	msd	8-33	Allergische Konjunktivitis	1245	4
de	apoum	722019	Bindehaut-Entzündung	msd	8-37	Übersicht über die Konjunktivitis	1245	4
de	apoum	722027	Blasenentzündung	gesund	293	Blasenentzündung	38	4
de	apoum	722027	Blasenentzündung	msd	10-18	Interstitielle Zystitis	38	4
de	apoum	722047	Herzinfarkt	apoum	725139	Koronare Herzkrankheit	21	4
de	apoum	722047	Herzinfarkt	apoum	753269	Parodontitis	21	4
de	apoum	722047	Herzinfarkt	gesund	119	Herzinfarkt	21	4
de	apoum	722047	Herzinfarkt	gesund	347	Zahnfleischentzündung	21	4
de	apoum	722047	Herzinfarkt	msd	1-4	Thoraxschmerz	21	4
de	apoum	722047	Herzinfarkt	msd	1-51	Akuter Myokardinfarkt	21	4
de	apoum	722047	Herzinfarkt	msd	1-53	Medikamente für akute Koronarsyndrome	21	4
de	apoum	722047	Herzinfarkt	msd	1-57	Übersicht zur koronaren Herzkrankheit	21	4
de	apoum	722047	Herzinfarkt	msd	1-58	Angina pectoris	21	4
de	apoum	722047	Herzinfarkt	msd	1-59	Übersicht zum akuten Koronarsyndrom	21	4
de	apoum	722047	Herzinfarkt	msd	12-50	Mastalgie (Brustschmerzen)	21	4
de	apoum	722047	Herzinfarkt	msd	4-10	Zahnfleischhyperplasie	21	4
de	apoum	722047	Herzinfarkt	msd	4-11	Akute nekrotisierende ulzerierende Gingivitis (ANUG)	21	4
de	apoum	722055	Lebensmittel-Vergiftung	gesund	1001	Salmonellose	438	4
de	apoum	722055	Lebensmittel-Vergiftung	msd	16-26	Übersicht zu Infektionen mit Salmonella	438	4
de	apoum	722055	Lebensmittel-Vergiftung	msd	16-35	Nichttyphöse Salmonelleninfektionen (Salmonella)	438	4
de	apoum	722055	Lebensmittel-Vergiftung	msd	9-79	Staphylokokken-Lebensmittelintoxikationen	438	4
de	apoum	722063	Pfeiffersches Drüsenfieber	gesund	1511	Pfeiffersches Drüsenfieber	370	4
de	apoum	722063	Pfeiffersches Drüsenfieber	msd	16-158	Infektiöse Mononukleose	370	4
de	apoum	722071	Rheuma	gesund	575	Rheumatoide Arthritis	244	4
de	apoum	722071	Rheuma	msd	13-74	Hämophagozytische Lymphohistiozytose (HLH)	244	4
de	apoum	722071	Rheuma	msd	21-326	Juvenile idiopathische Arthritis (JIA)	244	4
de	apoum	722071	Rheuma	msd	21-327	Makrophagenaktivierungssyndrom	244	4
de	apoum	722079	Schlaganfall	gesund	422	Schlaganfall	643	4
de	apoum	722079	Schlaganfall	msd	19-21	Übersicht zum Schlaganfall	643	4
de	apoum	722079	Schlaganfall	msd	19-22	Ischämischer Insult	643	4
de	apoum	722079	Schlaganfall	msd	24-104	Rehabilitation nach einem Schlaganfall	643	4
de	apoum	722089	Sehnenscheidenentzündung	gesund	1082	Sehnenreizung	592	4
de	apoum	722089	Sehnenscheidenentzündung	gesund	425	Sehnenscheidenentzündung	592	4
de	apoum	722089	Sehnenscheidenentzündung	msd	18-64	Tendinitis und Tenosynovitis	592	4
de	apoum	722097	Wechseljahre	msd	12-14	Primäre Ovarialinsuffizienz	149	3
de	apoum	722601	Schilddrüsenunterfunktion	apoum	722735	Schilddrüsenüberfunktion	182,1203	4
de	apoum	722601	Schilddrüsenunterfunktion	apoum	750463	Kropf	182,1203	4
de	apoum	722601	Schilddrüsenunterfunktion	apoum	769817	Dickdarmkrebs	182	4
de	apoum	722601	Schilddrüsenunterfunktion	gesund	317	Schilddrüsenunterfunktion	182,1203	4
de	apoum	722601	Schilddrüsenunterfunktion	gesund	596	Schilddrüsenüberfunktion	182,1203	4
de	apoum	722601	Schilddrüsenunterfunktion	gesund	641	Eierstockkrebs	182,1203	4
de	apoum	722601	Schilddrüsenunterfunktion	gesund	767	Schilddrüsenkrebs	182,1203	4
de	apoum	722601	Schilddrüsenunterfunktion	msd	12-53	Ovarial-, Eileiter- und Peritonealkarzinom	182	4
de	apoum	722601	Schilddrüsenunterfunktion	msd	13-107	Maligne Tumoren im Überblick	182	4
de	apoum	722601	Schilddrüsenunterfunktion	msd	13-114	Tumorantigene	182	4
de	apoum	722601	Schilddrüsenunterfunktion	msd	7-32	Hyperthyreose	182,1203	4
de	apoum	722601	Schilddrüsenunterfunktion	msd	7-33	Bösartige Tumoren der Schilddrüse	182,1203	4
de	apoum	722601	Schilddrüsenunterfunktion	msd	7-34	Hypothyreose	182,1203	4
de	apoum	722601	Schilddrüsenunterfunktion	msd	9-112	Kolorektale Karzinome	182	4
de	apoum	722601	Schilddrüsenunterfunktion	msd	9-115	Lynch-Syndrom	182	4
de	apoum	722617	Nasennebenhöhlen-Entzündung	gesund	560	Nasennebenhöhlenentzündung	1185	4
de	apoum	722625	Magenschleimhaut-Entzündung	apoum	786353	Geschwüre im Magen und Zwölffingerdarm	1295	4
de	apoum	722625	Magenschleimhaut-Entzündung	gesund	1127	Magengeschwür	1295	4
de	apoum	722625	Magenschleimhaut-Entzündung	gesund	1130	Zwölffingerdarmgeschwür	1295	4
de	apoum	722625	Magenschleimhaut-Entzündung	gesund	269	Magenschleimhautentzündung	1295	4
de	apoum	722625	Magenschleimhaut-Entzündung	msd	9-28	Übersicht zur gastrointestinalen Blutung	1295	4
de	apoum	722625	Magenschleimhaut-Entzündung	msd	9-30	Gastrointestinale Gefäßfehlbildungen	1295	4
de	apoum	722625	Magenschleimhaut-Entzündung	msd	9-58	Nichterosive Gastritis	1295	4
de	apoum	722625	Magenschleimhaut-Entzündung	msd	9-59	Postgastrektomiegastritis	1295	4
de	apoum	722625	Magenschleimhaut-Entzündung	msd	9-60	Seltene Gastritis-Syndrome	1295	4
de	apoum	722625	Magenschleimhaut-Entzündung	msd	9-61	Übersicht zur Säuresekretion	1295	4
de	apoum	722625	Magenschleimhaut-Entzündung	msd	9-63	Übersicht zur Gastritis	1295	4
de	apoum	722625	Magenschleimhaut-Entzündung	msd	9-64	Autoimmune metaplastische atrophische Gastritis	1295	4
de	apoum	722641	Gerstenkorn	gesund	143	Augenlidentzündung	605	4
de	apoum	722641	Gerstenkorn	gesund	263	Furunkel und Karbunkel	605	4
de	apoum	722641	Gerstenkorn	msd	18-88	Palmarabszess	605	4
de	apoum	722641	Gerstenkorn	msd	8-23	Chalazion und Hordeolum (Gerstenkorn)	605	4
de	apoum	722641	Gerstenkorn	msd	9-102	Anorektalabszess	605	4
de	apoum	722649	Lungenembolie	gesund	1115	Lungenembolie	929	4
de	apoum	722649	Lungenembolie	msd	23-37	Nicht-thrombotisch bedingte Lungenembolie	929	4
de	apoum	722649	Lungenembolie	msd	23-38	Lungenembolie (LE)	929	4
de	apoum	722661	Mandelentzündung	apoum	917853	Scharlach	445	4
de	apoum	722661	Mandelentzündung	gesund	122	Wundrose und Phlegmone	445	4
de	apoum	722661	Mandelentzündung	gesund	1385	Streptokokken-Pharyngitis	445	4
de	apoum	722661	Mandelentzündung	gesund	419	Mandelentzündung	445	4
de	apoum	722661	Mandelentzündung	msd	16-3	Streptokokkeninfektionen	445	4
de	apoum	722661	Mandelentzündung	msd	16-8	Erysipeloid	445	4
de	apoum	722661	Mandelentzündung	msd	5-63	Erysipel	445	4
de	apoum	722661	Mandelentzündung	msd	5-71	Nekrotisierende Weichteilinfektion	445	4
de	apoum	722661	Mandelentzündung	msd	6-53	Infektion im Submandibularbereich	445	4
de	apoum	722661	Mandelentzündung	msd	6-59	Peritonsillarabszess und Peritonsillitis	445	4
de	apoum	722661	Mandelentzündung	msd	6-60	Parapharyngealabszess	445	4
de	apoum	722701	Multiple Sklerose	gesund	1776	Multiple Sklerose	680	4
de	apoum	722701	Multiple Sklerose	msd	19-98	Multiple Sklerose (MS)	680	4
de	apoum	722735	Schilddrüsenüberfunktion	apoum	750463	Kropf	182,1203	4
de	apoum	722735	Schilddrüsenüberfunktion	apoum	769817	Dickdarmkrebs	182,183	4
de	apoum	722735	Schilddrüsenüberfunktion	gesund	317	Schilddrüsenunterfunktion	182,1203	4
de	apoum	722735	Schilddrüsenüberfunktion	gesund	596	Schilddrüsenüberfunktion	182,183,1203	4
de	apoum	722735	Schilddrüsenüberfunktion	gesund	641	Eierstockkrebs	182,183,1203	4
de	apoum	722735	Schilddrüsenüberfunktion	gesund	767	Schilddrüsenkrebs	182,183,1203	4
de	apoum	722735	Schilddrüsenüberfunktion	msd	12-53	Ovarial-, Eileiter- und Peritonealkarzinom	182,183	4
de	apoum	722735	Schilddrüsenüberfunktion	msd	13-107	Maligne Tumoren im Überblick	182,183	4
de	apoum	722735	Schilddrüsenüberfunktion	msd	13-114	Tumorantigene	182,183	4
de	apoum	722735	Schilddrüsenüberfunktion	msd	7-32	Hyperthyreose	182,1203	4
de	apoum	722735	Schilddrüsenüberfunktion	msd	7-33	Bösartige Tumoren der Schilddrüse	182,183,1203	4
de	apoum	722735	Schilddrüsenüberfunktion	msd	7-34	Hypothyreose	182,1203	4
de	apoum	722735	Schilddrüsenüberfunktion	msd	9-112	Kolorektale Karzinome	182,183	4
de	apoum	722735	Schilddrüsenüberfunktion	msd	9-115	Lynch-Syndrom	182,183	4
de	apoum	722743	Krätze	gesund	104	Nagelpilz	1101	4
de	apoum	722743	Krätze	gesund	1472	Ringelflechte	1101	4
de	apoum	722743	Krätze	gesund	1724	Chronischer Juckreiz	1101	4
de	apoum	722743	Krätze	gesund	590	Kleienpilzflechte	1101	4
de	apoum	722743	Krätze	gesund	959	Krätze	1101	4
de	apoum	722743	Krätze	msd	5-105	Onychomykose	1101	4
de	apoum	722743	Krätze	msd	5-75	Tinea corporis (Körperringelflechte)	1101	4
de	apoum	722743	Krätze	msd	5-76	"Tinea cruris (""Jock Itch"")"	1101	4
de	apoum	722743	Krätze	msd	5-77	Tinea pedis (Fußpilz)	1101	4
de	apoum	722743	Krätze	msd	5-80	Übersicht zu Dermatophytien	1101	4
de	apoum	722743	Krätze	msd	5-82	Tinea versicolor	1101	4
de	apoum	722743	Krätze	msd	5-88	Skabies	1101	4
de	apoum	722743	Krätze	msd	9-109	Pruritus ani (analer Juckreiz)	1101	4
de	apoum	722751	Arthrose	gesund	1562	Psoriasis-Arthritis	579	4
de	apoum	722751	Arthrose	gesund	233	Hüftarthrose	579	4
de	apoum	722751	Arthrose	gesund	29	Arthrose	579	4
de	apoum	722751	Arthrose	gesund	329	Kniearthrose	579	4
de	apoum	722751	Arthrose	gesund	338	Schuppenflechte	579	4
de	apoum	722751	Arthrose	msd	18-47	Psoriasisarthritis	579	4
de	apoum	722751	Arthrose	msd	18-85	Arthrose der Hand	579	4
de	apoum	722751	Arthrose	msd	5-43	Psoriasis	579	4
de	apoum	722761	Nagelbett-Entzündung	msd	18-81	Panaritium	601	3
de	apoum	722761	Nagelbett-Entzündung	msd	18-82	Herpetische Nagelbettinfektion	601	3
de	apoum	722797	Akute Mittelohr-Entzündung	gesund	125	Akute Mittelohrentzündung	1169	4
de	apoum	722797	Akute Mittelohr-Entzündung	msd	6-33	Akute Otitis media	1169	4
de	apoum	722837	Besenreiser	gesund	563	Krampfadern	3	4
de	apoum	722837	Besenreiser	msd	1-113	Varikosis	3	4
de	apoum	722837	Besenreiser	msd	1-114	Idiopathische Teleangiektasien	3	4
de	apoum	722837	Besenreiser	msd	9-29	Varizen	3	4
de	apoum	722925	Scheidenpilz	gesund	320	Pilzinfektion der Mundhöhle	165	4
de	apoum	722925	Scheidenpilz	gesund	605	Scheidenpilz	165	4
de	apoum	722925	Scheidenpilz	gesund	617	Bakterielle Scheideninfektion	165	4
de	apoum	722925	Scheidenpilz	msd	12-21	Candida-Vaginitis	165	4
de	apoum	722925	Scheidenpilz	msd	12-22	Entzündliche Vaginitis	165	4
de	apoum	722925	Scheidenpilz	msd	16-78	Kandidose	165	4
de	apoum	722925	Scheidenpilz	msd	5-79	Kandidose (Mukokutane)	165	4
de	apoum	722933	Nierenbecken-Entzündung	msd	10-25	Chronische Pyelonephritis	43	3
de	apoum	722941	Hashimoto-Thyreoiditis	msd	7-31	Hashimoto-Thyreoiditis	1202	3
de	apoum	722949	Blinddarm-Entzündung	gesund	1136	Blinddarmentzündung	1297	4
de	apoum	722949	Blinddarm-Entzündung	msd	9-35	Appendizitis	1297	4
de	apoum	722983	Bandscheibenvorfall	apoum	723251	Bänderriss am Sprunggelenk	506	4
de	apoum	722983	Bandscheibenvorfall	apoum	725147	Ischias-Schmerzen	506	4
de	apoum	722983	Bandscheibenvorfall	apoum	750365	Hexenschuss	506	4
de	apoum	722983	Bandscheibenvorfall	apoum	769749	Bänderriss im Knie	506	4
de	apoum	722983	Bandscheibenvorfall	apoum	906277	Rückenschmerzen	506	4
de	apoum	722983	Bandscheibenvorfall	gesund	383	Kreuzbandriss	506	4
de	apoum	722983	Bandscheibenvorfall	gesund	566	Rücken- und Kreuzschmerzen	506	4
de	apoum	722983	Bandscheibenvorfall	gesund	626	Nackenschmerzen	506	4
de	apoum	722983	Bandscheibenvorfall	gesund	77	Bandscheibenvorfall	506	4
de	apoum	722983	Bandscheibenvorfall	msd	17-168	Knieverstauchungen und Meniskusverletzungen	506	4
de	apoum	722983	Bandscheibenvorfall	msd	18-70	Bandscheibenvorfall der Lendenwirbelsäule	506	4
de	apoum	722983	Bandscheibenvorfall	msd	18-71	Lumbosakrale Radikulopathie	506	4
de	apoum	722983	Bandscheibenvorfall	msd	18-72	Übersicht über Nacken- und Rückenschmerzen	506	4
de	apoum	723237	Hämorrhoiden	gesund	503	Hämorrhoiden	1279	4
de	apoum	723237	Hämorrhoiden	msd	9-105	Hämorrhoiden	1279	4
de	apoum	723243	Blutvergiftung	apoum	800055	Schock	158,159,160,161,162	4
de	apoum	723243	Blutvergiftung	msd	12-163	Spontanabort	158,159,160,161	4
de	apoum	723243	Blutvergiftung	msd	12-164	Septischer Abort	158,159,162	4
de	apoum	723243	Blutvergiftung	msd	12-63	Induzierter Abort	158,159,160,161,162	4
de	apoum	723243	Blutvergiftung	msd	12-79	Wiederholte Fehlgeburten	158,160,161	4
de	apoum	723243	Blutvergiftung	msd	16-4	Toxisches Schocksyndrom (TSS)	158,159,160,162	4
de	apoum	723243	Blutvergiftung	msd	21-75	Sepsis bei Neugeborenen	158,159,162	4
de	apoum	723243	Blutvergiftung	msd	3-53	Sepsis und septischer Schock	158,159,160,161,162	4
de	apoum	723251	Bänderriss am Sprunggelenk	apoum	725147	Ischias-Schmerzen	506	4
de	apoum	723251	Bänderriss am Sprunggelenk	apoum	750365	Hexenschuss	506	4
de	apoum	723251	Bänderriss am Sprunggelenk	apoum	769749	Bänderriss im Knie	506	4
de	apoum	723251	Bänderriss am Sprunggelenk	apoum	906277	Rückenschmerzen	506	4
de	apoum	723251	Bänderriss am Sprunggelenk	gesund	383	Kreuzbandriss	506	4
de	apoum	723251	Bänderriss am Sprunggelenk	gesund	566	Rücken- und Kreuzschmerzen	506	4
de	apoum	723251	Bänderriss am Sprunggelenk	gesund	626	Nackenschmerzen	506	4
de	apoum	723251	Bänderriss am Sprunggelenk	msd	17-168	Knieverstauchungen und Meniskusverletzungen	506	4
de	apoum	723251	Bänderriss am Sprunggelenk	msd	18-70	Bandscheibenvorfall der Lendenwirbelsäule	506	4
de	apoum	723251	Bänderriss am Sprunggelenk	msd	18-71	Lumbosakrale Radikulopathie	506	4
de	apoum	723251	Bänderriss am Sprunggelenk	msd	18-72	Übersicht über Nacken- und Rückenschmerzen	506	4
de	apoum	723297	Neurodermitis	apoum	912037	Heuschnupfen	302,303,304	4
de	apoum	723297	Neurodermitis	apoum	953249	Arzneimittel-Allergie	302,303,304	4
de	apoum	723297	Neurodermitis	gesund	1220	Nummuläres Ekzem	302,303,304	4
de	apoum	723297	Neurodermitis	gesund	1232	Dyshidrotisches Ekzem	302,303,304	4
de	apoum	723297	Neurodermitis	gesund	149	Hausstauballergie	302,303,304	4
de	apoum	723297	Neurodermitis	gesund	254	Kontaktallergie	302,303,304	4
de	apoum	723297	Neurodermitis	gesund	299	Medikamentenallergie	302,303,304	4
de	apoum	723297	Neurodermitis	gesund	311	Nahrungsmittelallergie	302,303,304	4
de	apoum	723297	Neurodermitis	gesund	449	Seborrhoisches Ekzem	302,303,304	4
de	apoum	723297	Neurodermitis	gesund	578	Tierallergie	302,303,304	4
de	apoum	723297	Neurodermitis	gesund	68	Neurodermitis	302,303,304	4
de	apoum	723297	Neurodermitis	msd	15-24	Arzneimittelüberempfindlichkeit	302,303,304	4
de	apoum	723297	Neurodermitis	msd	15-25	Nahrungsmittelallergien	302,303,304	4
de	apoum	723297	Neurodermitis	msd	15-27	Allergische Rhinitis	302,303,304	4
de	apoum	723297	Neurodermitis	msd	16-251	Penicilline	302,303	4
de	apoum	723297	Neurodermitis	msd	5-27	Definition von Dermatitis	302,303,304	4
de	apoum	723297	Neurodermitis	msd	5-28	Atopische Dermatitis (Ekzem)	303,304	4
de	apoum	723297	Neurodermitis	msd	5-30	Hand- und Fußekzem	303,304	4
de	apoum	723297	Neurodermitis	msd	5-31	Lichen simplex chronicus	303,304	4
de	apoum	723297	Neurodermitis	msd	5-33	Seborrhoische Dermatitis	303,304	4
de	apoum	723303	Muskelfaserriss und Muskelzerrung	gesund	1205	Muskelzerrung	552	4
de	apoum	723303	Muskelfaserriss und Muskelzerrung	msd	17-85	Muskelzerrung im hinteren Oberschenkel	552	4
de	apoum	723315	Grippe	apoum	723743	Corona-Virus	362,363,364	4
de	apoum	723315	Grippe	apoum	750455	Chronische Bronchitis	362,363,364	4
de	apoum	723315	Grippe	apoum	750471	Akute Bronchitis	362,363,364	4
de	apoum	723315	Grippe	apoum	761557	Erkältung	362,363,364	4
de	apoum	723315	Grippe	apoum	888577	COPD	362,363,364	4
de	apoum	723315	Grippe	apoum	939565	FSME	362,363,364,382	4
de	apoum	723315	Grippe	gesund	137	Erkältung	362,363,364	4
de	apoum	723315	Grippe	gesund	1379	Long COVID: Langzeitfolgen von COVID-19	362,363,364	4
de	apoum	723315	Grippe	gesund	1571	Vogelgrippe	362,363,364,382	4
de	apoum	723315	Grippe	gesund	1625	Schweinegrippe	362,363,364	4
de	apoum	723315	Grippe	gesund	1643	Gehirnentzündung	362,363,364,382	4
de	apoum	723315	Grippe	gesund	1652	Hirnhautentzündung	362,363,364,382	4
de	apoum	723315	Grippe	gesund	1655	Zika-Virus-Infektion	362,363,382	4
de	apoum	723315	Grippe	gesund	176	Chronisch obstruktive Lungenerkrankung (COPD)	362,363,364	4
de	apoum	723315	Grippe	gesund	554	Grippe	362,363,364,382	4
de	apoum	723315	Grippe	gesund	731	Frühsommer-Meningoenzephalitis	362,363,364,382	4
de	apoum	723315	Grippe	gesund	968	COVID-19, Erkältung, Grippe: Kennzeichen im Überblick	362,363,364	4
de	apoum	723315	Grippe	msd	16-17	Haemophilus-Infektionen	362,363,364,382	4
de	apoum	723315	Grippe	msd	16-173	Sonstige Arbovirusinfektionen	362,363,382	4
de	apoum	723315	Grippe	msd	16-174	Zika-Virus (ZV)-Infektionen	362,382	4
de	apoum	723315	Grippe	msd	16-218	Influenza-Impfstoff	362,363,364	4
de	apoum	723315	Grippe	msd	16-225	COVID-19-Impfstoff	362,363,364	4
de	apoum	723315	Grippe	msd	19-63	Enzephalitis	362,363,364,382	4
de	apoum	723315	Grippe	msd	19-72	Rezidivierende Meningitis	362,363,364,382	4
de	apoum	723315	Grippe	msd	23-33	Therapie der stabilen chronischer obstruktiver Lungenerkrankung	362,363,364	4
de	apoum	723315	Grippe	msd	23-34	Therapie der akut exazerbierten chronischen obstruktiven Lungenerkrankung	362,363,364	4
de	apoum	723391	Schleimbeutel-Entzündung	gesund	431	Schleimbeutelentzündung	549	4
de	apoum	723391	Schleimbeutel-Entzündung	gesund	443	Schultersteife	549	4
de	apoum	723391	Schleimbeutel-Entzündung	msd	17-77	Verletzung der Rotatorenmanschette/Subakromiale Bursitis	549	4
de	apoum	723391	Schleimbeutel-Entzündung	msd	18-100	Bursitis calcanea inferior	549	4
de	apoum	723587	Divertikulitis	gesund	173	Divertikulitis	1324	4
de	apoum	723587	Divertikulitis	msd	9-95	Definition der Divertikulose	1324	4
de	apoum	723587	Divertikulitis	msd	9-96	Kolon-Divertikulose	1324	4
de	apoum	723587	Divertikulitis	msd	9-97	Kolonische Divertikulitis	1324	4
de	apoum	723743	Corona-Virus	apoum	750455	Chronische Bronchitis	362,363,364	4
de	apoum	723743	Corona-Virus	apoum	750471	Akute Bronchitis	362,363,364	4
de	apoum	723743	Corona-Virus	apoum	761557	Erkältung	362,363,364	4
de	apoum	723743	Corona-Virus	apoum	888577	COPD	362,363,364	4
de	apoum	723743	Corona-Virus	apoum	939565	FSME	362,363,364	4
de	apoum	723743	Corona-Virus	gesund	137	Erkältung	362,363,364	4
de	apoum	723743	Corona-Virus	gesund	1379	Long COVID: Langzeitfolgen von COVID-19	362,363,364	4
de	apoum	723743	Corona-Virus	gesund	1571	Vogelgrippe	362,363,364	4
de	apoum	723743	Corona-Virus	gesund	1625	Schweinegrippe	362,363,364	4
de	apoum	723743	Corona-Virus	gesund	1643	Gehirnentzündung	362,363,364	4
de	apoum	723743	Corona-Virus	gesund	1652	Hirnhautentzündung	362,363,364	4
de	apoum	723743	Corona-Virus	gesund	1655	Zika-Virus-Infektion	362,363	4
de	apoum	723743	Corona-Virus	gesund	176	Chronisch obstruktive Lungenerkrankung (COPD)	362,363,364	4
de	apoum	723743	Corona-Virus	gesund	731	Frühsommer-Meningoenzephalitis	362,363,364	4
de	apoum	723743	Corona-Virus	gesund	968	COVID-19, Erkältung, Grippe: Kennzeichen im Überblick	362,363,364	4
de	apoum	723743	Corona-Virus	msd	16-17	Haemophilus-Infektionen	362,363,364	4
de	apoum	723743	Corona-Virus	msd	16-173	Sonstige Arbovirusinfektionen	362,363	4
de	apoum	723743	Corona-Virus	msd	16-174	Zika-Virus (ZV)-Infektionen	362	4
de	apoum	723743	Corona-Virus	msd	16-218	Influenza-Impfstoff	362,363,364	4
de	apoum	723743	Corona-Virus	msd	16-225	COVID-19-Impfstoff	362,363,364	4
de	apoum	723743	Corona-Virus	msd	19-63	Enzephalitis	362,363,364	4
de	apoum	723743	Corona-Virus	msd	19-72	Rezidivierende Meningitis	362,363,364	4
de	apoum	723743	Corona-Virus	msd	23-33	Therapie der stabilen chronischer obstruktiver Lungenerkrankung	362,363,364	4
de	apoum	723743	Corona-Virus	msd	23-34	Therapie der akut exazerbierten chronischen obstruktiven Lungenerkrankung	362,363,364	4
de	apoum	725051	Gutartige Prostata-Vergrößerung	gesund	395	Gutartige Prostatavergrößerung	78	4
de	apoum	725051	Gutartige Prostata-Vergrößerung	msd	10-86	Benigne Prostatahyperplasie	78	4
de	apoum	725083	Reizdarm-Syndrom	apoum	769781	Reisedurchfall	1314	4
de	apoum	725083	Reizdarm-Syndrom	gesund	1340	Morbus Crohn	1314	4
de	apoum	725083	Reizdarm-Syndrom	gesund	488	Reizdarmsyndrom	1314	4
de	apoum	725083	Reizdarm-Syndrom	msd	9-81	Reisediarrhö	1314	4
de	apoum	725083	Reizdarm-Syndrom	msd	9-91	Übersicht zu entzündlichen Darmerkrankheiten	1314	4
de	apoum	725139	Koronare Herzkrankheit	apoum	753269	Parodontitis	21	4
de	apoum	725139	Koronare Herzkrankheit	gesund	347	Zahnfleischentzündung	21	4
de	apoum	725139	Koronare Herzkrankheit	gesund	365	Koronare Herzkrankheit	21	4
de	apoum	725139	Koronare Herzkrankheit	msd	1-4	Thoraxschmerz	21	4
de	apoum	725139	Koronare Herzkrankheit	msd	1-51	Akuter Myokardinfarkt	21	4
de	apoum	725139	Koronare Herzkrankheit	msd	1-53	Medikamente für akute Koronarsyndrome	21	4
de	apoum	725139	Koronare Herzkrankheit	msd	1-57	Übersicht zur koronaren Herzkrankheit	21	4
de	apoum	725139	Koronare Herzkrankheit	msd	1-58	Angina pectoris	21	4
de	apoum	725139	Koronare Herzkrankheit	msd	1-59	Übersicht zum akuten Koronarsyndrom	21	4
de	apoum	725139	Koronare Herzkrankheit	msd	12-50	Mastalgie (Brustschmerzen)	21	4
de	apoum	725139	Koronare Herzkrankheit	msd	4-10	Zahnfleischhyperplasie	21	4
de	apoum	725139	Koronare Herzkrankheit	msd	4-11	Akute nekrotisierende ulzerierende Gingivitis (ANUG)	21	4
de	apoum	725147	Ischias-Schmerzen	apoum	750365	Hexenschuss	506	4
de	apoum	725147	Ischias-Schmerzen	apoum	769749	Bänderriss im Knie	506	4
de	apoum	725147	Ischias-Schmerzen	apoum	906277	Rückenschmerzen	506	4
de	apoum	725147	Ischias-Schmerzen	gesund	383	Kreuzbandriss	506	4
de	apoum	725147	Ischias-Schmerzen	gesund	566	Rücken- und Kreuzschmerzen	506	4
de	apoum	725147	Ischias-Schmerzen	gesund	626	Nackenschmerzen	506	4
de	apoum	725147	Ischias-Schmerzen	msd	17-168	Knieverstauchungen und Meniskusverletzungen	506	4
de	apoum	725147	Ischias-Schmerzen	msd	18-70	Bandscheibenvorfall der Lendenwirbelsäule	506	4
de	apoum	725147	Ischias-Schmerzen	msd	18-71	Lumbosakrale Radikulopathie	506	4
de	apoum	725147	Ischias-Schmerzen	msd	18-72	Übersicht über Nacken- und Rückenschmerzen	506	4
de	apoum	749003	Warzen	gesund	359	Warzen	386	4
de	apoum	749003	Warzen	msd	16-186	Humane Papillomavirus (HPV)- Infektion	386	4
de	apoum	749003	Warzen	msd	16-217	Humanes Papillomavirus (HPV)-Impfstoff	386	4
de	apoum	749003	Warzen	msd	5-121	Seborrhoische Keratosen	386	4
de	apoum	749541	Thrombose	gesund	1307	Venenentzündung	1	4
de	apoum	749541	Thrombose	gesund	1809	Thromboseneigung (Thrombophilie)	1	4
de	apoum	749541	Thrombose	gesund	611	Tiefe Venenthrombose	1	4
de	apoum	749541	Thrombose	msd	1-110	Tiefe Venenthrombose (TVT)	1	4
de	apoum	749541	Thrombose	msd	1-112	Oberflächliche Venenthrombose	1	4
de	apoum	749541	Thrombose	msd	13-45	Antiphospholipid-Syndrom (APS)	1	4
de	apoum	749541	Thrombose	msd	13-53	Erhöhte Faktor VIII-, IX- und XI-Spiegel	1	4
de	apoum	749541	Thrombose	msd	14-42	Portalvenenthrombose	1	4
de	apoum	750365	Hexenschuss	apoum	769749	Bänderriss im Knie	506	4
de	apoum	750365	Hexenschuss	apoum	906277	Rückenschmerzen	506	4
de	apoum	750365	Hexenschuss	gesund	383	Kreuzbandriss	506	4
de	apoum	750365	Hexenschuss	gesund	566	Rücken- und Kreuzschmerzen	506	4
de	apoum	750365	Hexenschuss	gesund	626	Nackenschmerzen	506	4
de	apoum	750365	Hexenschuss	msd	17-168	Knieverstauchungen und Meniskusverletzungen	506	4
de	apoum	750365	Hexenschuss	msd	18-70	Bandscheibenvorfall der Lendenwirbelsäule	506	4
de	apoum	750365	Hexenschuss	msd	18-71	Lumbosakrale Radikulopathie	506	4
de	apoum	750365	Hexenschuss	msd	18-72	Übersicht über Nacken- und Rückenschmerzen	506	4
de	apoum	750407	Endometriose	gesund	260	Endometriose	168	4
de	apoum	750407	Endometriose	msd	12-36	Uterine Adenomyose	168	4
de	apoum	750415	Hörsturz	gesund	1439	Schwerhörigkeit und Gehörlosigkeit bei Kindern	1163	4
de	apoum	750415	Hörsturz	gesund	1478	Schwerhörigkeit und Gehörlosigkeit bei Erwachsenen	1163	4
de	apoum	750415	Hörsturz	gesund	1679	Hörsturz	1163	4
de	apoum	750415	Hörsturz	msd	6-20	Plötzlicher Hörverlust	1163	4
de	apoum	750415	Hörsturz	msd	8-6	Akuter Visusverlust	1163	4
de	apoum	750455	Chronische Bronchitis	apoum	750471	Akute Bronchitis	362,363,364	4
de	apoum	750455	Chronische Bronchitis	apoum	761557	Erkältung	362,363,364	4
de	apoum	750455	Chronische Bronchitis	apoum	888577	COPD	362,363,364	4
de	apoum	750455	Chronische Bronchitis	apoum	939565	FSME	362,363,364	4
de	apoum	750455	Chronische Bronchitis	gesund	137	Erkältung	362,363,364	4
de	apoum	750455	Chronische Bronchitis	gesund	1379	Long COVID: Langzeitfolgen von COVID-19	362,363,364	4
de	apoum	750455	Chronische Bronchitis	gesund	1571	Vogelgrippe	362,363,364	4
de	apoum	750455	Chronische Bronchitis	gesund	1625	Schweinegrippe	362,363,364	4
de	apoum	750455	Chronische Bronchitis	gesund	1643	Gehirnentzündung	362,363,364	4
de	apoum	750455	Chronische Bronchitis	gesund	1652	Hirnhautentzündung	362,363,364	4
de	apoum	750455	Chronische Bronchitis	gesund	1655	Zika-Virus-Infektion	362,363	4
de	apoum	750455	Chronische Bronchitis	gesund	176	Chronisch obstruktive Lungenerkrankung (COPD)	362,363,364	4
de	apoum	750455	Chronische Bronchitis	gesund	731	Frühsommer-Meningoenzephalitis	362,363,364	4
de	apoum	750455	Chronische Bronchitis	gesund	968	COVID-19, Erkältung, Grippe: Kennzeichen im Überblick	362,363,364	4
de	apoum	750455	Chronische Bronchitis	msd	16-17	Haemophilus-Infektionen	362,363,364	4
de	apoum	750455	Chronische Bronchitis	msd	16-173	Sonstige Arbovirusinfektionen	362,363	4
de	apoum	750455	Chronische Bronchitis	msd	16-174	Zika-Virus (ZV)-Infektionen	362	4
de	apoum	750455	Chronische Bronchitis	msd	16-218	Influenza-Impfstoff	362,363,364	4
de	apoum	750455	Chronische Bronchitis	msd	16-225	COVID-19-Impfstoff	362,363,364	4
de	apoum	750455	Chronische Bronchitis	msd	19-63	Enzephalitis	362,363,364	4
de	apoum	750455	Chronische Bronchitis	msd	19-72	Rezidivierende Meningitis	362,363,364	4
de	apoum	750455	Chronische Bronchitis	msd	23-33	Therapie der stabilen chronischer obstruktiver Lungenerkrankung	362,363,364	4
de	apoum	750455	Chronische Bronchitis	msd	23-34	Therapie der akut exazerbierten chronischen obstruktiven Lungenerkrankung	362,363,364	4
de	apoum	750463	Kropf	apoum	769817	Dickdarmkrebs	182	4
de	apoum	750463	Kropf	gesund	1406	Kropf	182,1203	4
de	apoum	750463	Kropf	gesund	317	Schilddrüsenunterfunktion	182,1203	4
de	apoum	750463	Kropf	gesund	596	Schilddrüsenüberfunktion	182,1203	4
de	apoum	750463	Kropf	gesund	641	Eierstockkrebs	182,1203	4
de	apoum	750463	Kropf	gesund	767	Schilddrüsenkrebs	182,1203	4
de	apoum	750463	Kropf	msd	12-53	Ovarial-, Eileiter- und Peritonealkarzinom	182	4
de	apoum	750463	Kropf	msd	13-107	Maligne Tumoren im Überblick	182	4
de	apoum	750463	Kropf	msd	13-114	Tumorantigene	182	4
de	apoum	750463	Kropf	msd	7-32	Hyperthyreose	182,1203	4
de	apoum	750463	Kropf	msd	7-33	Bösartige Tumoren der Schilddrüse	182,1203	4
de	apoum	750463	Kropf	msd	7-34	Hypothyreose	182,1203	4
de	apoum	750463	Kropf	msd	9-112	Kolorektale Karzinome	182	4
de	apoum	750463	Kropf	msd	9-115	Lynch-Syndrom	182	4
de	apoum	750471	Akute Bronchitis	apoum	761557	Erkältung	362,363,364	4
de	apoum	750471	Akute Bronchitis	apoum	888577	COPD	362,363,364	4
de	apoum	750471	Akute Bronchitis	apoum	939565	FSME	362,363,364	4
de	apoum	750471	Akute Bronchitis	gesund	137	Erkältung	362,363,364	4
de	apoum	750471	Akute Bronchitis	gesund	1379	Long COVID: Langzeitfolgen von COVID-19	362,363,364	4
de	apoum	750471	Akute Bronchitis	gesund	1571	Vogelgrippe	362,363,364	4
de	apoum	750471	Akute Bronchitis	gesund	1625	Schweinegrippe	362,363,364	4
de	apoum	750471	Akute Bronchitis	gesund	1643	Gehirnentzündung	362,363,364	4
de	apoum	750471	Akute Bronchitis	gesund	1652	Hirnhautentzündung	362,363,364	4
de	apoum	750471	Akute Bronchitis	gesund	1655	Zika-Virus-Infektion	362,363	4
de	apoum	750471	Akute Bronchitis	gesund	176	Chronisch obstruktive Lungenerkrankung (COPD)	362,363,364	4
de	apoum	750471	Akute Bronchitis	gesund	476	Akute Bronchitis	362,363,364	4
de	apoum	750471	Akute Bronchitis	gesund	731	Frühsommer-Meningoenzephalitis	362,363,364	4
de	apoum	750471	Akute Bronchitis	gesund	968	COVID-19, Erkältung, Grippe: Kennzeichen im Überblick	362,363,364	4
de	apoum	750471	Akute Bronchitis	msd	16-17	Haemophilus-Infektionen	362,363,364	4
de	apoum	750471	Akute Bronchitis	msd	16-173	Sonstige Arbovirusinfektionen	362,363	4
de	apoum	750471	Akute Bronchitis	msd	16-174	Zika-Virus (ZV)-Infektionen	362	4
de	apoum	750471	Akute Bronchitis	msd	16-218	Influenza-Impfstoff	362,363,364	4
de	apoum	750471	Akute Bronchitis	msd	16-225	COVID-19-Impfstoff	362,363,364	4
de	apoum	750471	Akute Bronchitis	msd	19-63	Enzephalitis	362,363,364	4
de	apoum	750471	Akute Bronchitis	msd	19-72	Rezidivierende Meningitis	362,363,364	4
de	apoum	750471	Akute Bronchitis	msd	23-33	Therapie der stabilen chronischer obstruktiver Lungenerkrankung	362,363,364	4
de	apoum	750471	Akute Bronchitis	msd	23-34	Therapie der akut exazerbierten chronischen obstruktiven Lungenerkrankung	362,363,364	4
de	apoum	750505	Parkinson	gesund	305	Parkinson-Erkrankung	651	4
de	apoum	750505	Parkinson	msd	19-40	Demenz mit Lewy-Körperchen und Demenz bei M. Parkinson	651	4
de	apoum	750505	Parkinson	msd	19-89	M. Parkinson	651	4
de	apoum	750505	Parkinson	msd	19-95	Sekundärer und atypischer Parkinsonismus	651	4
de	apoum	753241	Migräne	gesund	83	Migräne	658	4
de	apoum	753241	Migräne	msd	19-56	Migräne	658	4
de	apoum	753253	Schlüsselbeinbruch	gesund	1262	Schlüsselbeinbruch	534	4
de	apoum	753253	Schlüsselbeinbruch	msd	17-6	Schlüsselbeinbrüche	534	4
de	apoum	753269	Parodontitis	gesund	347	Zahnfleischentzündung	21	4
de	apoum	753269	Parodontitis	msd	1-4	Thoraxschmerz	21	4
de	apoum	753269	Parodontitis	msd	1-51	Akuter Myokardinfarkt	21	4
de	apoum	753269	Parodontitis	msd	1-53	Medikamente für akute Koronarsyndrome	21	4
de	apoum	753269	Parodontitis	msd	1-57	Übersicht zur koronaren Herzkrankheit	21	4
de	apoum	753269	Parodontitis	msd	1-58	Angina pectoris	21	4
de	apoum	753269	Parodontitis	msd	1-59	Übersicht zum akuten Koronarsyndrom	21	4
de	apoum	753269	Parodontitis	msd	12-50	Mastalgie (Brustschmerzen)	21	4
de	apoum	753269	Parodontitis	msd	4-10	Zahnfleischhyperplasie	21	4
de	apoum	753269	Parodontitis	msd	4-11	Akute nekrotisierende ulzerierende Gingivitis (ANUG)	21	4
de	apoum	753269	Parodontitis	msd	4-12	Parodontitis	21	4
de	apoum	753607	Kehlkopf-Entzündung	gesund	1764	Akute Kehlkopfentzündung	272,273,400	4
de	apoum	753607	Kehlkopf-Entzündung	gesund	485	Pseudokrupp	272,273,400	4
de	apoum	753607	Kehlkopf-Entzündung	gesund	812	Hepatitis A	272	4
de	apoum	753607	Kehlkopf-Entzündung	msd	14-23	Fulminante Hepatitis	272	4
de	apoum	753607	Kehlkopf-Entzündung	msd	14-25	Hepatitis B, Akut	272,273	4
de	apoum	753607	Kehlkopf-Entzündung	msd	14-27	Hepatitis C, Akut	272,273	4
de	apoum	753607	Kehlkopf-Entzündung	msd	14-29	Hepatitis D	272	4
de	apoum	753607	Kehlkopf-Entzündung	msd	14-30	Hepatitis E	272	4
de	apoum	753607	Kehlkopf-Entzündung	msd	14-38	Ischämische Hepatitis	272	4
de	apoum	753607	Kehlkopf-Entzündung	msd	16-211	Diphtherie-Tetanus-Pertussis-Impfstoff	273,400	4
de	apoum	753607	Kehlkopf-Entzündung	msd	16-212	Tetanus-Diphtherie-Impfstoff	273,400	4
de	apoum	753607	Kehlkopf-Entzündung	msd	16-215	Hepatitis A (HepA)-Impfstoff	272	4
de	apoum	753607	Kehlkopf-Entzündung	msd	16-216	Hepatitis B-Impfstoff	272	4
de	apoum	753607	Kehlkopf-Entzündung	msd	21-358	Krupp	272,273,400	4
de	apoum	753607	Kehlkopf-Entzündung	msd	6-74	Dysphonia spastica	272,273,400	4
de	apoum	761557	Erkältung	apoum	888577	COPD	362,363,364	4
de	apoum	761557	Erkältung	apoum	939565	FSME	362,363,364	4
de	apoum	761557	Erkältung	gesund	137	Erkältung	362,363,364	4
de	apoum	761557	Erkältung	gesund	1379	Long COVID: Langzeitfolgen von COVID-19	362,363,364	4
de	apoum	761557	Erkältung	gesund	1571	Vogelgrippe	362,363,364	4
de	apoum	761557	Erkältung	gesund	1625	Schweinegrippe	362,363,364	4
de	apoum	761557	Erkältung	gesund	1643	Gehirnentzündung	362,363,364	4
de	apoum	761557	Erkältung	gesund	1652	Hirnhautentzündung	362,363,364	4
de	apoum	761557	Erkältung	gesund	1655	Zika-Virus-Infektion	362,363	4
de	apoum	761557	Erkältung	gesund	176	Chronisch obstruktive Lungenerkrankung (COPD)	362,363,364	4
de	apoum	761557	Erkältung	gesund	731	Frühsommer-Meningoenzephalitis	362,363,364	4
de	apoum	761557	Erkältung	gesund	968	COVID-19, Erkältung, Grippe: Kennzeichen im Überblick	362,363,364	4
de	apoum	761557	Erkältung	msd	16-17	Haemophilus-Infektionen	362,363,364	4
de	apoum	761557	Erkältung	msd	16-173	Sonstige Arbovirusinfektionen	362,363	4
de	apoum	761557	Erkältung	msd	16-174	Zika-Virus (ZV)-Infektionen	362	4
de	apoum	761557	Erkältung	msd	16-218	Influenza-Impfstoff	362,363,364	4
de	apoum	761557	Erkältung	msd	16-225	COVID-19-Impfstoff	362,363,364	4
de	apoum	761557	Erkältung	msd	19-63	Enzephalitis	362,363,364	4
de	apoum	761557	Erkältung	msd	19-72	Rezidivierende Meningitis	362,363,364	4
de	apoum	761557	Erkältung	msd	23-33	Therapie der stabilen chronischer obstruktiver Lungenerkrankung	362,363,364	4
de	apoum	761557	Erkältung	msd	23-34	Therapie der akut exazerbierten chronischen obstruktiven Lungenerkrankung	362,363,364	4
de	apoum	761569	Lippenherpes	msd	4-23	Lippenulzera und Entzündungen	1086	3
de	apoum	761741	Karies	gesund	434	Karies	1091	4
de	apoum	761823	Fettleber	gesund	1196	Nicht alkoholische Fettleber	268	4
de	apoum	761823	Fettleber	gesund	1199	Alkoholische Fettleber	268	4
de	apoum	761823	Fettleber	msd	14-1	Metabolismus-assoziierte Lebererkrankung (MASLD)	268	4
de	apoum	761823	Fettleber	msd	14-17	Einflüsse von Leberkrankheiten auf den Medikamentenmetabolismus	268	4
de	apoum	761823	Fettleber	msd	14-2	Diagnostische Untersuchung von Patienten mit Lebererkrankung	268	4
de	apoum	768147	Asthma	msd	23-29	Medikamentöse Behandlung von Asthma	925	4
de	apoum	768147	Asthma	msd	23-30	Behandlung von akuten Asthma-Exazerbationen	925	4
de	apoum	768147	Asthma	msd	23-73	Übersicht über umwelt- und berufsbedingte Lungenerkrankungen	925	4
de	apoum	768151	Blasenkrebs	gesund	512	Blasenkrebs	81	4
de	apoum	768151	Blasenkrebs	msd	10-89	Blasenkarzinom	81	4
de	apoum	768161	Schwarzer Hautkrebs	msd	5-129	Maligne Hauttumoren im Überblick	1117	3
de	apoum	769749	Bänderriss im Knie	apoum	906277	Rückenschmerzen	506	4
de	apoum	769749	Bänderriss im Knie	gesund	383	Kreuzbandriss	506	4
de	apoum	769749	Bänderriss im Knie	gesund	566	Rücken- und Kreuzschmerzen	506	4
de	apoum	769749	Bänderriss im Knie	gesund	626	Nackenschmerzen	506	4
de	apoum	769749	Bänderriss im Knie	msd	17-168	Knieverstauchungen und Meniskusverletzungen	506	4
de	apoum	769749	Bänderriss im Knie	msd	18-70	Bandscheibenvorfall der Lendenwirbelsäule	506	4
de	apoum	769749	Bänderriss im Knie	msd	18-71	Lumbosakrale Radikulopathie	506	4
de	apoum	769749	Bänderriss im Knie	msd	18-72	Übersicht über Nacken- und Rückenschmerzen	506	4
de	apoum	769771	Gallensteine	gesund	551	Gallensteine	286	4
de	apoum	769771	Gallensteine	msd	14-53	Akalkulöser biliärer Schmerz	286	4
de	apoum	769781	Reisedurchfall	gesund	1340	Morbus Crohn	1314	4
de	apoum	769781	Reisedurchfall	gesund	488	Reizdarmsyndrom	1314	4
de	apoum	769781	Reisedurchfall	msd	9-81	Reisediarrhö	1314	4
de	apoum	769781	Reisedurchfall	msd	9-91	Übersicht zu entzündlichen Darmerkrankheiten	1314	4
de	apoum	769785	Altersbedingte Makula-Degeneration	gesund	368	Makuladegeneration	1265	4
de	apoum	769785	Altersbedingte Makula-Degeneration	msd	8-64	Altersbedingte Makuladegeneration (AMD)	1265	4
de	apoum	769803	Adipositas	gesund	1742	Metabolisches Syndrom	713	4
de	apoum	769803	Adipositas	gesund	491	Starkes Übergewicht	713	4
de	apoum	769803	Adipositas	msd	20-54	Adipositas	713	4
de	apoum	769803	Adipositas	msd	20-56	Metabolisches Syndrom (Syndrom X)	713	4
de	apoum	769803	Adipositas	msd	21-16	Adipositas bei Jugendlichen	713	4
de	apoum	769817	Dickdarmkrebs	gesund	317	Schilddrüsenunterfunktion	182	4
de	apoum	769817	Dickdarmkrebs	gesund	596	Schilddrüsenüberfunktion	182,183	4
de	apoum	769817	Dickdarmkrebs	gesund	641	Eierstockkrebs	182,183	4
de	apoum	769817	Dickdarmkrebs	gesund	767	Schilddrüsenkrebs	182,183	4
de	apoum	769817	Dickdarmkrebs	msd	12-53	Ovarial-, Eileiter- und Peritonealkarzinom	182,183	4
de	apoum	769817	Dickdarmkrebs	msd	13-107	Maligne Tumoren im Überblick	182,183	4
de	apoum	769817	Dickdarmkrebs	msd	13-114	Tumorantigene	182,183	4
de	apoum	769817	Dickdarmkrebs	msd	7-32	Hyperthyreose	182	4
de	apoum	769817	Dickdarmkrebs	msd	7-33	Bösartige Tumoren der Schilddrüse	182,183	4
de	apoum	769817	Dickdarmkrebs	msd	7-34	Hypothyreose	182	4
de	apoum	769817	Dickdarmkrebs	msd	9-112	Kolorektale Karzinome	182,183	4
de	apoum	769817	Dickdarmkrebs	msd	9-115	Lynch-Syndrom	182,183	4
de	apoum	769825	Oberschenkelhals-Bruch	msd	17-17	Oberschenkelschaftfrakturen	509	3
de	apoum	769829	Prostatakrebs	gesund	776	Prostatakrebs	85	4
de	apoum	769829	Prostatakrebs	msd	10-92	Prostatakarzinom	85	4
de	apoum	769847	Lungenentzündung	gesund	410	Lungenentzündung	390	4
de	apoum	769847	Lungenentzündung	msd	16-19	Klebsiella-, Enterobacter- und Serratia-infektionen	390	4
de	apoum	769847	Lungenentzündung	msd	21-74	Pneumonie bei Neugeborenen	390	4
de	apoum	769847	Lungenentzündung	msd	23-40	Pneumocystis jirovecii-Pneumonie	390	4
de	apoum	769847	Lungenentzündung	msd	23-41	Beatmungsassoziierte Pneumonie	390	4
de	apoum	769847	Lungenentzündung	msd	23-42	Übersicht über Pneumonie (Lungenentzündung)	390	4
de	apoum	769847	Lungenentzündung	msd	23-54	Kryptogene organisierende Pneumonie	390	4
de	apoum	769847	Lungenentzündung	msd	23-56	Akute Interstitielle Pneumonie	390	4
de	apoum	771193	Distale Radiusfraktur	msd	17-10	Distale Radiusfrakturen	478	3
de	apoum	771193	Distale Radiusfraktur	msd	17-7	Proximale Humerusfrakturen	478	3
de	apoum	773355	Brustkrebs	gesund	1214	Lymphödem	9	4
de	apoum	773355	Brustkrebs	gesund	635	Brustkrebs	9	4
de	apoum	773355	Brustkrebs	msd	1-1	Lymphödem	9	4
de	apoum	773355	Brustkrebs	msd	24-25	Mammographie	9	4
de	apoum	775271	Leistenbruch	gesund	341	Hernie	178	4
de	apoum	775271	Leistenbruch	msd	12-37	Senkungen der Beckenorgane im Überblick	178	4
de	apoum	775271	Leistenbruch	msd	12-38	Vorderer und hinterer Vaginalwandprolaps	178	4
de	apoum	775271	Leistenbruch	msd	12-39	Uterus- und Apikalprolaps	178	4
de	apoum	775271	Leistenbruch	msd	21-155	Omphalozele	178	4
de	apoum	775271	Leistenbruch	msd	21-157	Zwerchfellhernie	178	4
de	apoum	775271	Leistenbruch	msd	9-36	Bauchwandhernien	178	4
de	apoum	775271	Leistenbruch	msd	9-53	Hiatushernie	178	4
de	apoum	782577	Alzheimer Krankheit	gesund	95	Alzheimer-Demenz	649	4
de	apoum	782577	Alzheimer Krankheit	gesund	956	vaskuläre Demenz	649	4
de	apoum	782577	Alzheimer Krankheit	msd	19-35	Demenz	649	4
de	apoum	782577	Alzheimer Krankheit	msd	19-39	Vaskuläre kognitive Beeinträchtigung und Demenz	649	4
de	apoum	786353	Geschwüre im Magen und Zwölffingerdarm	gesund	1127	Magengeschwür	1295	4
de	apoum	786353	Geschwüre im Magen und Zwölffingerdarm	gesund	1130	Zwölffingerdarmgeschwür	1295	4
de	apoum	786353	Geschwüre im Magen und Zwölffingerdarm	gesund	269	Magenschleimhautentzündung	1295	4
de	apoum	786353	Geschwüre im Magen und Zwölffingerdarm	msd	9-28	Übersicht zur gastrointestinalen Blutung	1295	4
de	apoum	786353	Geschwüre im Magen und Zwölffingerdarm	msd	9-30	Gastrointestinale Gefäßfehlbildungen	1295	4
de	apoum	786353	Geschwüre im Magen und Zwölffingerdarm	msd	9-57	Erosive Gastritis	1295	4
de	apoum	786353	Geschwüre im Magen und Zwölffingerdarm	msd	9-58	Nichterosive Gastritis	1295	4
de	apoum	786353	Geschwüre im Magen und Zwölffingerdarm	msd	9-59	Postgastrektomiegastritis	1295	4
de	apoum	786353	Geschwüre im Magen und Zwölffingerdarm	msd	9-60	Seltene Gastritis-Syndrome	1295	4
de	apoum	786353	Geschwüre im Magen und Zwölffingerdarm	msd	9-61	Übersicht zur Säuresekretion	1295	4
de	apoum	786353	Geschwüre im Magen und Zwölffingerdarm	msd	9-63	Übersicht zur Gastritis	1295	4
de	apoum	786353	Geschwüre im Magen und Zwölffingerdarm	msd	9-64	Autoimmune metaplastische atrophische Gastritis	1295	4
de	apoum	788579	Knochenbruch	gesund	1538	Wirbelbruch	508	4
de	apoum	788579	Knochenbruch	gesund	1752	Grünholzfraktur	508	4
de	apoum	788579	Knochenbruch	gesund	1812	Hüftgelenksnahe Fraktur	508	4
de	apoum	788579	Knochenbruch	gesund	374	Weisheitszähne	508	4
de	apoum	788579	Knochenbruch	gesund	755	Zahnfehlstellung	508	4
de	apoum	788579	Knochenbruch	msd	17-16	Hüftfrakturen	508	4
de	apoum	788579	Knochenbruch	msd	17-4	Überblick über Frakturen	508	4
de	apoum	788579	Knochenbruch	msd	17-5	Pädiatrische Frakturen der Wachstumsfuge	508	4
de	apoum	788579	Knochenbruch	msd	17-84	Stressfrakturen	508	4
de	apoum	788579	Knochenbruch	msd	24-106	Rehabilitation nach Hüftoperationen	508	4
de	apoum	788579	Knochenbruch	msd	4-37	Frakturierte und avulsierte Zähne	508	4
de	apoum	800055	Schock	msd	12-163	Spontanabort	158,159,160,161	4
de	apoum	800055	Schock	msd	12-164	Septischer Abort	158,159,162	4
de	apoum	800055	Schock	msd	12-63	Induzierter Abort	158,159,160,161,162	4
de	apoum	800055	Schock	msd	12-79	Wiederholte Fehlgeburten	158,160,161	4
de	apoum	800055	Schock	msd	16-4	Toxisches Schocksyndrom (TSS)	158,159,160,162	4
de	apoum	800055	Schock	msd	21-75	Sepsis bei Neugeborenen	158,159,162	4
de	apoum	800055	Schock	msd	3-51	Schock	158,159,160,161,162	4
de	apoum	800055	Schock	msd	3-53	Sepsis und septischer Schock	158,159,160,161,162	4
de	apoum	801063	Sprunggelenksbruch	gesund	446	Sprunggelenkbruch	517	4
de	apoum	801063	Sprunggelenksbruch	msd	17-18	Sprunggelenkfrakturen	517	4
de	apoum	865741	Phobien	msd	22-7	Spezifische Phobien	904	3
de	apoum	869551	Gallenblasenentzündung	msd	14-58	Akute Cholezystitis	288	3
de	apoum	869551	Gallenblasenentzündung	msd	14-59	Chronische Cholezystitis	288	3
de	apoum	869551	Gallenblasenentzündung	msd	14-60	Postcholezystektomiesyndrom	288	3
de	apoum	888577	COPD	apoum	939565	FSME	362,363,364	4
de	apoum	888577	COPD	gesund	137	Erkältung	362,363,364	4
de	apoum	888577	COPD	gesund	1379	Long COVID: Langzeitfolgen von COVID-19	362,363,364	4
de	apoum	888577	COPD	gesund	1571	Vogelgrippe	362,363,364	4
de	apoum	888577	COPD	gesund	1625	Schweinegrippe	362,363,364	4
de	apoum	888577	COPD	gesund	1643	Gehirnentzündung	362,363,364	4
de	apoum	888577	COPD	gesund	1652	Hirnhautentzündung	362,363,364	4
de	apoum	888577	COPD	gesund	1655	Zika-Virus-Infektion	362,363	4
de	apoum	888577	COPD	gesund	176	Chronisch obstruktive Lungenerkrankung (COPD)	362,363,364	4
de	apoum	888577	COPD	gesund	731	Frühsommer-Meningoenzephalitis	362,363,364	4
de	apoum	888577	COPD	gesund	968	COVID-19, Erkältung, Grippe: Kennzeichen im Überblick	362,363,364	4
de	apoum	888577	COPD	msd	16-17	Haemophilus-Infektionen	362,363,364	4
de	apoum	888577	COPD	msd	16-173	Sonstige Arbovirusinfektionen	362,363	4
de	apoum	888577	COPD	msd	16-174	Zika-Virus (ZV)-Infektionen	362	4
de	apoum	888577	COPD	msd	16-218	Influenza-Impfstoff	362,363,364	4
de	apoum	888577	COPD	msd	16-225	COVID-19-Impfstoff	362,363,364	4
de	apoum	888577	COPD	msd	19-63	Enzephalitis	362,363,364	4
de	apoum	888577	COPD	msd	19-72	Rezidivierende Meningitis	362,363,364	4
de	apoum	888577	COPD	msd	23-33	Therapie der stabilen chronischer obstruktiver Lungenerkrankung	362,363,364	4
de	apoum	888577	COPD	msd	23-34	Therapie der akut exazerbierten chronischen obstruktiven Lungenerkrankung	362,363,364	4
de	apoum	896995	Osteoporose	gesund	539	Osteoporose	586	4
de	apoum	906277	Rückenschmerzen	gesund	383	Kreuzbandriss	506	4
de	apoum	906277	Rückenschmerzen	gesund	566	Rücken- und Kreuzschmerzen	506	4
de	apoum	906277	Rückenschmerzen	gesund	626	Nackenschmerzen	506	4
de	apoum	906277	Rückenschmerzen	msd	17-168	Knieverstauchungen und Meniskusverletzungen	506	4
de	apoum	906277	Rückenschmerzen	msd	18-70	Bandscheibenvorfall der Lendenwirbelsäule	506	4
de	apoum	906277	Rückenschmerzen	msd	18-71	Lumbosakrale Radikulopathie	506	4
de	apoum	906277	Rückenschmerzen	msd	18-72	Übersicht über Nacken- und Rückenschmerzen	506	4
de	apoum	912037	Heuschnupfen	apoum	953249	Arzneimittel-Allergie	302,303,304	4
de	apoum	912037	Heuschnupfen	gesund	1148	Lichen simplex	302,303,304	4
de	apoum	912037	Heuschnupfen	gesund	1220	Nummuläres Ekzem	302,303,304	4
de	apoum	912037	Heuschnupfen	gesund	1232	Dyshidrotisches Ekzem	302,303,304	4
de	apoum	912037	Heuschnupfen	gesund	149	Hausstauballergie	302,303,304	4
de	apoum	912037	Heuschnupfen	gesund	236	Heuschnupfen	302,303,304	4
de	apoum	912037	Heuschnupfen	gesund	254	Kontaktallergie	302,303,304	4
de	apoum	912037	Heuschnupfen	gesund	299	Medikamentenallergie	302,303,304	4
de	apoum	912037	Heuschnupfen	gesund	311	Nahrungsmittelallergie	302,303,304	4
de	apoum	912037	Heuschnupfen	gesund	449	Seborrhoisches Ekzem	302,303,304	4
de	apoum	912037	Heuschnupfen	gesund	578	Tierallergie	302,303,304	4
de	apoum	912037	Heuschnupfen	msd	15-24	Arzneimittelüberempfindlichkeit	302,303,304	4
de	apoum	912037	Heuschnupfen	msd	15-25	Nahrungsmittelallergien	302,303,304	4
de	apoum	912037	Heuschnupfen	msd	15-27	Allergische Rhinitis	302,303,304	4
de	apoum	912037	Heuschnupfen	msd	16-251	Penicilline	302,303	4
de	apoum	912037	Heuschnupfen	msd	5-27	Definition von Dermatitis	302,303,304	4
de	apoum	912037	Heuschnupfen	msd	5-28	Atopische Dermatitis (Ekzem)	303,304	4
de	apoum	912037	Heuschnupfen	msd	5-30	Hand- und Fußekzem	303,304	4
de	apoum	912037	Heuschnupfen	msd	5-31	Lichen simplex chronicus	303,304	4
de	apoum	912037	Heuschnupfen	msd	5-33	Seborrhoische Dermatitis	303,304	4
de	apoum	912065	Depressionen	gesund	344	Wochenbettdepression	150	4
de	apoum	912069	Schizophrenie	gesund	632	Schizophrenie	803	4
de	apoum	912069	Schizophrenie	msd	21-279	Schizophrenie bei Kindern und Jugendlichen	803	4
de	apoum	912069	Schizophrenie	msd	22-48	Einführung zu Schizophrenie und zugehörigen Störungen	803	4
de	apoum	912075	Morbus Bechterew	msd	18-49	Spondylitis ankylosans	581	3
de	apoum	917853	Scharlach	gesund	122	Wundrose und Phlegmone	445	4
de	apoum	917853	Scharlach	gesund	1385	Streptokokken-Pharyngitis	445	4
de	apoum	917853	Scharlach	gesund	419	Mandelentzündung	445	4
de	apoum	917853	Scharlach	gesund	971	Scharlach	445	4
de	apoum	917853	Scharlach	msd	16-3	Streptokokkeninfektionen	445	4
de	apoum	917853	Scharlach	msd	16-8	Erysipeloid	445	4
de	apoum	917853	Scharlach	msd	5-63	Erysipel	445	4
de	apoum	917853	Scharlach	msd	5-71	Nekrotisierende Weichteilinfektion	445	4
de	apoum	917853	Scharlach	msd	6-53	Infektion im Submandibularbereich	445	4
de	apoum	917853	Scharlach	msd	6-59	Peritonsillarabszess und Peritonsillitis	445	4
de	apoum	917853	Scharlach	msd	6-60	Parapharyngealabszess	445	4
de	apoum	929377	Windpocken	gesund	314	Windpocken	368	4
de	apoum	929377	Windpocken	msd	16-222	Varicella-Impfstoff	368	4
de	apoum	930885	Masern	gesund	821	Masern	402	4
de	apoum	930885	Masern	gesund	830	Röteln	402	4
de	apoum	930885	Masern	msd	16-219	Impfstoff gegen Masern, Mumps und Röteln (MMR)	402	4
de	apoum	930885	Masern	msd	21-318	Subakute sklerosierende Panenzephalitis (SSPE)	402	4
de	apoum	930885	Masern	msd	21-65	Kongenitale Röteln	402	4
de	apoum	936207	Schlafstörungen	gesund	413	Schlafstörungen	656	4
de	apoum	936207	Schlafstörungen	msd	19-52	Zirkadiane Rhythmusstörungen mit Schlafstörungen	656	4
de	apoum	936561	Herzbeutel-Entzündung	msd	12-90	Fieber in der Schwangerschaft	200,201	3
de	apoum	936561	Herzbeutel-Entzündung	msd	16-200	Fieber unbekannter Ursache (FUU)	200,201	3
de	apoum	936561	Herzbeutel-Entzündung	msd	16-81	Histoplasmose	200,463	3
de	apoum	936561	Herzbeutel-Entzündung	msd	21-311	Fieber bei Säuglingen und Kindern	200,201	3
de	apoum	936561	Herzbeutel-Entzündung	msd	21-79	Rheumatisches Fieber	200,201,463	3
de	apoum	937211	Mumps	gesund	830	Röteln	402	4
de	apoum	937211	Mumps	msd	16-219	Impfstoff gegen Masern, Mumps und Röteln (MMR)	402	4
de	apoum	937211	Mumps	msd	21-318	Subakute sklerosierende Panenzephalitis (SSPE)	402	4
de	apoum	937211	Mumps	msd	21-65	Kongenitale Röteln	402	4
de	apoum	939565	FSME	gesund	137	Erkältung	362,363,364	4
de	apoum	939565	FSME	gesund	1379	Long COVID: Langzeitfolgen von COVID-19	362,363,364	4
de	apoum	939565	FSME	gesund	1571	Vogelgrippe	362,363,364,382	4
de	apoum	939565	FSME	gesund	1625	Schweinegrippe	362,363,364	4
de	apoum	939565	FSME	gesund	1643	Gehirnentzündung	362,363,364,380,382	4
de	apoum	939565	FSME	gesund	1652	Hirnhautentzündung	362,363,364,380,382	4
de	apoum	939565	FSME	gesund	1655	Zika-Virus-Infektion	362,363,380,382	4
de	apoum	939565	FSME	gesund	176	Chronisch obstruktive Lungenerkrankung (COPD)	362,363,364	4
de	apoum	939565	FSME	gesund	25	COVID-19	362,363,364	4
de	apoum	939565	FSME	gesund	731	Frühsommer-Meningoenzephalitis	362,363,364,380,382	4
de	apoum	939565	FSME	gesund	968	COVID-19, Erkältung, Grippe: Kennzeichen im Überblick	362,363,364	4
de	apoum	939565	FSME	msd	16-149	Influenza	362,363,364	4
de	apoum	939565	FSME	msd	16-17	Haemophilus-Infektionen	362,363,364,382	4
de	apoum	939565	FSME	msd	16-173	Sonstige Arbovirusinfektionen	362,363,380,382	4
de	apoum	939565	FSME	msd	16-174	Zika-Virus (ZV)-Infektionen	362,380,382	4
de	apoum	939565	FSME	msd	16-218	Influenza-Impfstoff	362,363,364	4
de	apoum	939565	FSME	msd	16-225	COVID-19-Impfstoff	362,363,364	4
de	apoum	939565	FSME	msd	19-63	Enzephalitis	362,363,364,380,382	4
de	apoum	939565	FSME	msd	19-72	Rezidivierende Meningitis	362,363,364,382	4
de	apoum	939565	FSME	msd	23-33	Therapie der stabilen chronischer obstruktiver Lungenerkrankung	362,363,364	4
de	apoum	939565	FSME	msd	23-34	Therapie der akut exazerbierten chronischen obstruktiven Lungenerkrankung	362,363,364	4
de	apoum	939605	Epilepsie	gesund	101	Epilepsie	641	4
de	apoum	939605	Epilepsie	msd	19-17	Aphasie	641	4
de	apoum	939605	Epilepsie	msd	19-43	Anfallserkrankungen	641	4
de	apoum	939605	Epilepsie	msd	19-44	Antiepileptika	641	4
de	apoum	942529	Die diabetische Retinopathie	msd	8-67	Diabetische Retinopathie	1266	3
de	apoum	953249	Arzneimittel-Allergie	gesund	1148	Lichen simplex	302,303,304	4
de	apoum	953249	Arzneimittel-Allergie	gesund	1220	Nummuläres Ekzem	302,303,304	4
de	apoum	953249	Arzneimittel-Allergie	gesund	1232	Dyshidrotisches Ekzem	302,303,304	4
de	apoum	953249	Arzneimittel-Allergie	gesund	149	Hausstauballergie	302,303,304	4
de	apoum	953249	Arzneimittel-Allergie	gesund	254	Kontaktallergie	302,303,304	4
de	apoum	953249	Arzneimittel-Allergie	gesund	299	Medikamentenallergie	302,303,304	4
de	apoum	953249	Arzneimittel-Allergie	gesund	311	Nahrungsmittelallergie	302,303,304	4
de	apoum	953249	Arzneimittel-Allergie	gesund	449	Seborrhoisches Ekzem	302,303,304	4
de	apoum	953249	Arzneimittel-Allergie	gesund	578	Tierallergie	302,303,304	4
de	apoum	953249	Arzneimittel-Allergie	msd	15-24	Arzneimittelüberempfindlichkeit	302,303,304	4
de	apoum	953249	Arzneimittel-Allergie	msd	15-25	Nahrungsmittelallergien	302,303,304	4
de	apoum	953249	Arzneimittel-Allergie	msd	15-27	Allergische Rhinitis	302,303,304	4
de	apoum	953249	Arzneimittel-Allergie	msd	16-251	Penicilline	302,303	4
de	apoum	953249	Arzneimittel-Allergie	msd	5-27	Definition von Dermatitis	302,303,304	4
de	apoum	953249	Arzneimittel-Allergie	msd	5-28	Atopische Dermatitis (Ekzem)	303,304	4
de	apoum	953249	Arzneimittel-Allergie	msd	5-30	Hand- und Fußekzem	303,304	4
de	apoum	953249	Arzneimittel-Allergie	msd	5-31	Lichen simplex chronicus	303,304	4
de	apoum	953249	Arzneimittel-Allergie	msd	5-33	Seborrhoische Dermatitis	303,304	4
de	apoum	953305	Aids	gesund	599	Gebärmutterhalskrebs	184,185,186	4
de	apoum	953305	Aids	gesund	761	Sarkom	184,185,186	4
de	apoum	953305	Aids	gesund	953	Toxoplasmose	184,185,186,349	4
de	apoum	953305	Aids	gesund	974	HIV und Aids	184,185,186	4
de	apoum	953305	Aids	msd	12-55	Uterussarkome	184,185,186	4
de	apoum	953305	Aids	msd	14-56	AIDS-Cholangiopathie	184,185,186	4
de	apoum	953305	Aids	msd	16-128	Kryptosporidiose	184,185,186,349	4
de	apoum	953305	Aids	msd	16-179	Häufige Krebserkrankungen bei Patienten mit HIV-Infektion	184,185,186	4
de	apoum	953305	Aids	msd	18-112	Primär maligne Knochentumoren	184	4
de	apoum	953305	Aids	msd	21-112	Rhabdomyosarkome	184,185,186	4
de	apoum	953305	Aids	msd	21-175	Angeborene neurologische Anomalien im Überblick	186,349	4
de	apoum	953305	Aids	msd	5-125	Kaposi-Sarkom	184	4
de	apoum	956433	Angststörungen	gesund	164	Generalisierte Angststörung	801	4
de	apoum	956433	Angststörungen	msd	21-264	Übersicht zu Angststörungen im Kindes- und Jugendalter	801	4
de	apoum	956433	Angststörungen	msd	22-4	Überblick über Angststörungen	801	4
de	apoum	960937	Zöliakie	msd	9-85	Zöliakie	1318	3
de	gesund	1001	Salmonellose	msd	16-26	Übersicht zu Infektionen mit Salmonella	438	4
de	gesund	1001	Salmonellose	msd	16-35	Nichttyphöse Salmonelleninfektionen (Salmonella)	438	4
de	gesund	1001	Salmonellose	msd	9-79	Staphylokokken-Lebensmittelintoxikationen	438	4
de	gesund	1028	Milzbrand	msd	16-6	Anthrax	455	3
de	gesund	104	Nagelpilz	gesund	1472	Ringelflechte	1101	4
de	gesund	104	Nagelpilz	gesund	1724	Chronischer Juckreiz	1101	4
de	gesund	104	Nagelpilz	gesund	590	Kleienpilzflechte	1101	4
de	gesund	104	Nagelpilz	gesund	959	Krätze	1101	4
de	gesund	104	Nagelpilz	msd	5-105	Onychomykose	1101	4
de	gesund	104	Nagelpilz	msd	5-75	Tinea corporis (Körperringelflechte)	1101	4
de	gesund	104	Nagelpilz	msd	5-76	"Tinea cruris (""Jock Itch"")"	1101	4
de	gesund	104	Nagelpilz	msd	5-77	Tinea pedis (Fußpilz)	1101	4
de	gesund	104	Nagelpilz	msd	5-80	Übersicht zu Dermatophytien	1101	4
de	gesund	104	Nagelpilz	msd	5-82	Tinea versicolor	1101	4
de	gesund	104	Nagelpilz	msd	5-88	Skabies	1101	4
de	gesund	104	Nagelpilz	msd	9-109	Pruritus ani (analer Juckreiz)	1101	4
de	gesund	1061	Nesselsucht	msd	5-5	Urtikaria	1139	3
de	gesund	1082	Sehnenreizung	gesund	425	Sehnenscheidenentzündung	592	4
de	gesund	1082	Sehnenreizung	msd	18-64	Tendinitis und Tenosynovitis	592	4
de	gesund	1094	Vorderer Knieschmerz	gesund	698	Meniskusriss	551	3
de	gesund	1094	Vorderer Knieschmerz	msd	17-82	Knieschmerzen	551	3
de	gesund	1094	Vorderer Knieschmerz	msd	21-106	Chondromalazie der Patella	551	3
de	gesund	1100	Herausgesprungene Kniescheibe	msd	17-166	Patellaluxationen	504	3
de	gesund	1106	Hirnaneurysma	msd	19-25	Hirnaneurysmen	644	3
de	gesund	1118	Senile Purpura	gesund	1607	EHEC-Erkrankung	232	3
de	gesund	1118	Senile Purpura	msd	13-42	Thrombotisch-thrombozytopenische Purpura (TTP)	231,232	3
de	gesund	1118	Senile Purpura	msd	13-63	Purpura simplex	231,232	3
de	gesund	1118	Senile Purpura	msd	16-33	Infektion durch Escherichia coli O157:H7 und andere enterohämorrhagische E. coli (EHEC)	232	3
de	gesund	1127	Magengeschwür	gesund	1130	Zwölffingerdarmgeschwür	1295	4
de	gesund	1127	Magengeschwür	gesund	269	Magenschleimhautentzündung	1295	4
de	gesund	1127	Magengeschwür	msd	9-28	Übersicht zur gastrointestinalen Blutung	1295	4
de	gesund	1127	Magengeschwür	msd	9-30	Gastrointestinale Gefäßfehlbildungen	1295	4
de	gesund	1127	Magengeschwür	msd	9-57	Erosive Gastritis	1295	4
de	gesund	1127	Magengeschwür	msd	9-58	Nichterosive Gastritis	1295	4
de	gesund	1127	Magengeschwür	msd	9-59	Postgastrektomiegastritis	1295	4
de	gesund	1127	Magengeschwür	msd	9-60	Seltene Gastritis-Syndrome	1295	4
de	gesund	1127	Magengeschwür	msd	9-61	Übersicht zur Säuresekretion	1295	4
de	gesund	1127	Magengeschwür	msd	9-63	Übersicht zur Gastritis	1295	4
de	gesund	1127	Magengeschwür	msd	9-64	Autoimmune metaplastische atrophische Gastritis	1295	4
de	gesund	1130	Zwölffingerdarmgeschwür	gesund	269	Magenschleimhautentzündung	1295	4
de	gesund	1130	Zwölffingerdarmgeschwür	msd	9-28	Übersicht zur gastrointestinalen Blutung	1295	4
de	gesund	1130	Zwölffingerdarmgeschwür	msd	9-30	Gastrointestinale Gefäßfehlbildungen	1295	4
de	gesund	1130	Zwölffingerdarmgeschwür	msd	9-57	Erosive Gastritis	1295	4
de	gesund	1130	Zwölffingerdarmgeschwür	msd	9-58	Nichterosive Gastritis	1295	4
de	gesund	1130	Zwölffingerdarmgeschwür	msd	9-59	Postgastrektomiegastritis	1295	4
de	gesund	1130	Zwölffingerdarmgeschwür	msd	9-60	Seltene Gastritis-Syndrome	1295	4
de	gesund	1130	Zwölffingerdarmgeschwür	msd	9-61	Übersicht zur Säuresekretion	1295	4
de	gesund	1130	Zwölffingerdarmgeschwür	msd	9-63	Übersicht zur Gastritis	1295	4
de	gesund	1130	Zwölffingerdarmgeschwür	msd	9-64	Autoimmune metaplastische atrophische Gastritis	1295	4
de	gesund	1136	Blinddarmentzündung	msd	9-35	Appendizitis	1297	4
de	gesund	1139	Reizmagensyndrom	msd	9-6	Dyspepsie	1306	3
de	gesund	1148	Lichen simplex	gesund	1220	Nummuläres Ekzem	302,303,304	4
de	gesund	1148	Lichen simplex	gesund	1232	Dyshidrotisches Ekzem	302,303,304	4
de	gesund	1148	Lichen simplex	gesund	149	Hausstauballergie	302,303,304	4
de	gesund	1148	Lichen simplex	gesund	254	Kontaktallergie	302,303,304	4
de	gesund	1148	Lichen simplex	gesund	299	Medikamentenallergie	302,303,304	4
de	gesund	1148	Lichen simplex	gesund	311	Nahrungsmittelallergie	302,303,304	4
de	gesund	1148	Lichen simplex	gesund	449	Seborrhoisches Ekzem	302,303,304	4
de	gesund	1148	Lichen simplex	gesund	578	Tierallergie	302,303,304	4
de	gesund	1148	Lichen simplex	msd	15-24	Arzneimittelüberempfindlichkeit	302,303,304	4
de	gesund	1148	Lichen simplex	msd	15-25	Nahrungsmittelallergien	302,303,304	4
de	gesund	1148	Lichen simplex	msd	15-27	Allergische Rhinitis	302,303,304	4
de	gesund	1148	Lichen simplex	msd	16-251	Penicilline	302,303	4
de	gesund	1148	Lichen simplex	msd	5-27	Definition von Dermatitis	302,303,304	4
de	gesund	1148	Lichen simplex	msd	5-28	Atopische Dermatitis (Ekzem)	303,304	4
de	gesund	1148	Lichen simplex	msd	5-30	Hand- und Fußekzem	303,304	4
de	gesund	1148	Lichen simplex	msd	5-31	Lichen simplex chronicus	303,304	4
de	gesund	1148	Lichen simplex	msd	5-33	Seborrhoische Dermatitis	303,304	4
de	gesund	1160	Gehirnerschütterung	msd	17-27	Sportbezogene Gehirnerschütterung	520	3
de	gesund	1160	Gehirnerschütterung	msd	19-126	Subdurale oder Epidurale Hämatome	520	3
de	gesund	1163	Vitiligo	msd	5-94	Vitiligo	1157	3
de	gesund	1178	Filzläuse	gesund	332	Kopfläuse	1155	3
de	gesund	1178	Filzläuse	msd	5-87	Läuse	1155	3
de	gesund	1181	Hornhautgeschwür	msd	8-44	Hornhautulkus	1254	3
de	gesund	1196	Nicht alkoholische Fettleber	gesund	1199	Alkoholische Fettleber	268	4
de	gesund	1196	Nicht alkoholische Fettleber	msd	14-1	Metabolismus-assoziierte Lebererkrankung (MASLD)	268	4
de	gesund	1196	Nicht alkoholische Fettleber	msd	14-17	Einflüsse von Leberkrankheiten auf den Medikamentenmetabolismus	268	4
de	gesund	1196	Nicht alkoholische Fettleber	msd	14-2	Diagnostische Untersuchung von Patienten mit Lebererkrankung	268	4
de	gesund	1199	Alkoholische Fettleber	msd	14-1	Metabolismus-assoziierte Lebererkrankung (MASLD)	268	4
de	gesund	1199	Alkoholische Fettleber	msd	14-17	Einflüsse von Leberkrankheiten auf den Medikamentenmetabolismus	268	4
de	gesund	1199	Alkoholische Fettleber	msd	14-2	Diagnostische Untersuchung von Patienten mit Lebererkrankung	268	4
de	gesund	1205	Muskelzerrung	msd	17-85	Muskelzerrung im hinteren Oberschenkel	552	4
de	gesund	1211	Legionärskrankheit	msd	16-20	Infektionen durch Legionellen (Legionella)	392	3
de	gesund	1214	Lymphödem	msd	1-1	Lymphödem	9	4
de	gesund	1214	Lymphödem	msd	24-25	Mammographie	9	4
de	gesund	1217	Diabetes insipidus	msd	10-69	Arginin-Vasopressin-Resistenz	68	3
de	gesund	1217	Diabetes insipidus	msd	7-28	Arginin-Vasopressin-Mangel (zentraler Diabetes insipidus)	68	3
de	gesund	122	Wundrose und Phlegmone	gesund	1385	Streptokokken-Pharyngitis	445	4
de	gesund	122	Wundrose und Phlegmone	gesund	419	Mandelentzündung	445	4
de	gesund	122	Wundrose und Phlegmone	msd	16-3	Streptokokkeninfektionen	445	4
de	gesund	122	Wundrose und Phlegmone	msd	16-8	Erysipeloid	445	4
de	gesund	122	Wundrose und Phlegmone	msd	5-63	Erysipel	445	4
de	gesund	122	Wundrose und Phlegmone	msd	5-71	Nekrotisierende Weichteilinfektion	445	4
de	gesund	122	Wundrose und Phlegmone	msd	6-53	Infektion im Submandibularbereich	445	4
de	gesund	122	Wundrose und Phlegmone	msd	6-59	Peritonsillarabszess und Peritonsillitis	445	4
de	gesund	122	Wundrose und Phlegmone	msd	6-60	Parapharyngealabszess	445	4
de	gesund	1220	Nummuläres Ekzem	gesund	1232	Dyshidrotisches Ekzem	302,303,304	4
de	gesund	1220	Nummuläres Ekzem	gesund	149	Hausstauballergie	302,303,304	4
de	gesund	1220	Nummuläres Ekzem	gesund	254	Kontaktallergie	302,303,304	4
de	gesund	1220	Nummuläres Ekzem	gesund	299	Medikamentenallergie	302,303,304	4
de	gesund	1220	Nummuläres Ekzem	gesund	311	Nahrungsmittelallergie	302,303,304	4
de	gesund	1220	Nummuläres Ekzem	gesund	449	Seborrhoisches Ekzem	302,303,304	4
de	gesund	1220	Nummuläres Ekzem	gesund	578	Tierallergie	302,303,304	4
de	gesund	1220	Nummuläres Ekzem	msd	15-24	Arzneimittelüberempfindlichkeit	302,303,304	4
de	gesund	1220	Nummuläres Ekzem	msd	15-25	Nahrungsmittelallergien	302,303,304	4
de	gesund	1220	Nummuläres Ekzem	msd	15-27	Allergische Rhinitis	302,303,304	4
de	gesund	1220	Nummuläres Ekzem	msd	16-251	Penicilline	302,303	4
de	gesund	1220	Nummuläres Ekzem	msd	5-27	Definition von Dermatitis	302,303,304	4
de	gesund	1220	Nummuläres Ekzem	msd	5-28	Atopische Dermatitis (Ekzem)	303,304	4
de	gesund	1220	Nummuläres Ekzem	msd	5-30	Hand- und Fußekzem	303,304	4
de	gesund	1220	Nummuläres Ekzem	msd	5-31	Lichen simplex chronicus	303,304	4
de	gesund	1220	Nummuläres Ekzem	msd	5-33	Seborrhoische Dermatitis	303,304	4
de	gesund	1232	Dyshidrotisches Ekzem	gesund	149	Hausstauballergie	302,303,304	4
de	gesund	1232	Dyshidrotisches Ekzem	gesund	254	Kontaktallergie	302,303,304	4
de	gesund	1232	Dyshidrotisches Ekzem	gesund	299	Medikamentenallergie	302,303,304	4
de	gesund	1232	Dyshidrotisches Ekzem	gesund	311	Nahrungsmittelallergie	302,303,304	4
de	gesund	1232	Dyshidrotisches Ekzem	gesund	449	Seborrhoisches Ekzem	302,303,304	4
de	gesund	1232	Dyshidrotisches Ekzem	gesund	578	Tierallergie	302,303,304	4
de	gesund	1232	Dyshidrotisches Ekzem	msd	15-24	Arzneimittelüberempfindlichkeit	302,303,304	4
de	gesund	1232	Dyshidrotisches Ekzem	msd	15-25	Nahrungsmittelallergien	302,303,304	4
de	gesund	1232	Dyshidrotisches Ekzem	msd	15-27	Allergische Rhinitis	302,303,304	4
de	gesund	1232	Dyshidrotisches Ekzem	msd	16-251	Penicilline	302,303	4
de	gesund	1232	Dyshidrotisches Ekzem	msd	5-27	Definition von Dermatitis	302,303,304	4
de	gesund	1232	Dyshidrotisches Ekzem	msd	5-28	Atopische Dermatitis (Ekzem)	303,304	4
de	gesund	1232	Dyshidrotisches Ekzem	msd	5-30	Hand- und Fußekzem	303,304	4
de	gesund	1232	Dyshidrotisches Ekzem	msd	5-31	Lichen simplex chronicus	303,304	4
de	gesund	1232	Dyshidrotisches Ekzem	msd	5-33	Seborrhoische Dermatitis	303,304	4
de	gesund	1241	Polyzystisches Ovarialsyndrom	msd	12-13	Polyzystisches Ovarialsyndrom (PCOS)	140	3
de	gesund	125	Akute Mittelohrentzündung	msd	6-33	Akute Otitis media	1169	4
de	gesund	1253	Aortendissektion	gesund	290	Bauchaortenaneurysma	32	3
de	gesund	1253	Aortendissektion	msd	1-93	Abdominelle Aortale Aneurysmen (AAA)	32	3
de	gesund	1253	Aortendissektion	msd	1-94	Thorakale Aortenaneurysmen	32	3
de	gesund	1253	Aortendissektion	msd	1-96	Übersicht zu Aortenaneurysmen	32	3
de	gesund	1253	Aortendissektion	msd	1-97	Aortendissektion	32	3
de	gesund	1259	Mukoviszidose	msd	21-62	Zystische Fibrose	856	3
de	gesund	1262	Schlüsselbeinbruch	msd	17-6	Schlüsselbeinbrüche	534	4
de	gesund	1271	Kompartmentsyndrom	msd	17-23	Kompartmentsyndrom	519	3
de	gesund	1274	Eichelentzündung	gesund	1346	Lichen sclerosus	73	3
de	gesund	1274	Eichelentzündung	msd	10-78	Balanitis, Posthitis und Balanoposthitis	73	3
de	gesund	1277	Bakerzyste	msd	18-63	Baker-Zysten	591	3
de	gesund	1280	Anämie	msd	13-11	Aplastische Anämie	217	3
de	gesund	1280	Anämie	msd	13-12	Anämie bei Myelophthise	217	3
de	gesund	1280	Anämie	msd	13-13	Megaloblastische makrozytäre Anämien	217	3
de	gesund	1280	Anämie	msd	13-28	Thalassämien	217	3
de	gesund	1280	Anämie	msd	13-29	Hämoglobin-S-Beta-Thalassämie	217	3
de	gesund	1280	Anämie	msd	13-4	Therapie der Anämie	217	3
de	gesund	1280	Anämie	msd	13-6	Übersicht über Verminderte Erythropoese	217	3
de	gesund	1280	Anämie	msd	13-7	Eisenmangelanämie	217	3
de	gesund	1280	Anämie	msd	13-9	Anämie durch chronische Krankheiten	217	3
de	gesund	1280	Anämie	msd	21-39	Perinatale Anämie	217	3
de	gesund	1289	Paralytischer Ileus	msd	9-37	Ileus	1298	3
de	gesund	1289	Paralytischer Ileus	msd	9-38	Darmverschluss	1298	3
de	gesund	1304	Fazialisparese	gesund	1463	Kinderlähmung	374,375	3
de	gesund	1304	Fazialisparese	gesund	494	Stimmlippenknötchen	374,375,1186	3
de	gesund	1304	Fazialisparese	msd	16-164	Poliomyelitis	374,375	3
de	gesund	1304	Fazialisparese	msd	16-165	Postpoliomyelitissyndrom	374,375	3
de	gesund	1304	Fazialisparese	msd	16-221	Poliomyelitis-Impfstoff	374,375	3
de	gesund	1304	Fazialisparese	msd	19-82	Fazialisparese	374,375	3
de	gesund	1304	Fazialisparese	msd	6-69	Laryngeale Kontaktulzera	374,1186	3
de	gesund	1304	Fazialisparese	msd	6-75	Stimmlippenlähmung	374,375,1186	3
de	gesund	1304	Fazialisparese	msd	6-76	Stimmbandpolypen, Knötchen und Granulome	374,1186	3
de	gesund	1307	Venenentzündung	gesund	1809	Thromboseneigung (Thrombophilie)	1	4
de	gesund	1307	Venenentzündung	gesund	611	Tiefe Venenthrombose	1	4
de	gesund	1307	Venenentzündung	msd	1-110	Tiefe Venenthrombose (TVT)	1	4
de	gesund	1307	Venenentzündung	msd	1-112	Oberflächliche Venenthrombose	1	4
de	gesund	1307	Venenentzündung	msd	13-45	Antiphospholipid-Syndrom (APS)	1	4
de	gesund	1307	Venenentzündung	msd	13-53	Erhöhte Faktor VIII-, IX- und XI-Spiegel	1	4
de	gesund	1307	Venenentzündung	msd	14-42	Portalvenenthrombose	1	4
de	gesund	1310	Blumenkohlohr	msd	17-30	Verletzung des Aussenohrs	521	3
de	gesund	1310	Blumenkohlohr	msd	6-40	Akute Otitis Externa	521	3
de	gesund	1322	Drei-Tage-Fieber	gesund	737	Malaria	284,357,358	3
de	gesund	1322	Drei-Tage-Fieber	gesund	929	Chlamydien-Infektion	284,357	3
de	gesund	1322	Drei-Tage-Fieber	gesund	932	Gonorrhö	284,357,358	3
de	gesund	1322	Drei-Tage-Fieber	msd	14-4	Spontane bakterielle Peritonitis (SBP)	284	3
de	gesund	1322	Drei-Tage-Fieber	msd	16-187	Gonorrhö	284,357,358	3
de	gesund	1322	Drei-Tage-Fieber	msd	16-189	Lymphogranuloma Venereum (LGV)	284,357	3
de	gesund	1322	Drei-Tage-Fieber	msd	21-321	Roseola infantum	357,358	3
de	gesund	1322	Drei-Tage-Fieber	msd	9-108	Proktitis	284,357	3
de	gesund	1331	Trigeminusneuralgie	msd	19-80	Trigeminusneuralgie	672	3
de	gesund	1334	Akne inversa	gesund	86	Akne	1111	4
de	gesund	1334	Akne inversa	msd	5-11	Hidradenitis suppurativa	1111	4
de	gesund	1334	Akne inversa	msd	5-8	Acne vulgaris	1111	4
de	gesund	1340	Morbus Crohn	gesund	488	Reizdarmsyndrom	1314	4
de	gesund	1340	Morbus Crohn	msd	9-81	Reisediarrhö	1314	4
de	gesund	1340	Morbus Crohn	msd	9-91	Übersicht zu entzündlichen Darmerkrankheiten	1314	4
de	gesund	1340	Morbus Crohn	msd	9-92	Morbus Crohn	1314	4
de	gesund	1346	Lichen sclerosus	msd	10-78	Balanitis, Posthitis und Balanoposthitis	73	3
de	gesund	1346	Lichen sclerosus	msd	5-41	Lichen sclerosus	73	3
de	gesund	1355	Rhabdomyolyse	msd	10-33	Rhabdomyolyse	49	3
de	gesund	137	Erkältung	gesund	1379	Long COVID: Langzeitfolgen von COVID-19	362,363,364	4
de	gesund	137	Erkältung	gesund	1571	Vogelgrippe	362,363,364	4
de	gesund	137	Erkältung	gesund	1625	Schweinegrippe	362,363,364	4
de	gesund	137	Erkältung	gesund	1643	Gehirnentzündung	362,363,364	4
de	gesund	137	Erkältung	gesund	1652	Hirnhautentzündung	362,363,364	4
de	gesund	137	Erkältung	gesund	1655	Zika-Virus-Infektion	362,363	4
de	gesund	137	Erkältung	gesund	176	Chronisch obstruktive Lungenerkrankung (COPD)	362,363,364	4
de	gesund	137	Erkältung	gesund	25	COVID-19	362,363,364	4
de	gesund	137	Erkältung	gesund	731	Frühsommer-Meningoenzephalitis	362,363,364	4
de	gesund	137	Erkältung	gesund	968	COVID-19, Erkältung, Grippe: Kennzeichen im Überblick	362,363,364	4
de	gesund	137	Erkältung	msd	16-149	Influenza	362,363,364	4
de	gesund	137	Erkältung	msd	16-17	Haemophilus-Infektionen	362,363,364	4
de	gesund	137	Erkältung	msd	16-173	Sonstige Arbovirusinfektionen	362,363	4
de	gesund	137	Erkältung	msd	16-174	Zika-Virus (ZV)-Infektionen	362	4
de	gesund	137	Erkältung	msd	16-218	Influenza-Impfstoff	362,363,364	4
de	gesund	137	Erkältung	msd	16-225	COVID-19-Impfstoff	362,363,364	4
de	gesund	137	Erkältung	msd	19-63	Enzephalitis	362,363,364	4
de	gesund	137	Erkältung	msd	19-72	Rezidivierende Meningitis	362,363,364	4
de	gesund	137	Erkältung	msd	23-33	Therapie der stabilen chronischer obstruktiver Lungenerkrankung	362,363,364	4
de	gesund	137	Erkältung	msd	23-34	Therapie der akut exazerbierten chronischen obstruktiven Lungenerkrankung	362,363,364	4
de	gesund	1370	Restless-Legs-Syndrom	msd	19-49	Periodic Limb Movement Disorder (PLMD) und Restless-Legs-Syndrom (RLS)	655	3
de	gesund	1379	Long COVID: Langzeitfolgen von COVID-19	gesund	1571	Vogelgrippe	362,363,364	4
de	gesund	1379	Long COVID: Langzeitfolgen von COVID-19	gesund	1625	Schweinegrippe	362,363,364	4
de	gesund	1379	Long COVID: Langzeitfolgen von COVID-19	gesund	1643	Gehirnentzündung	362,363,364	4
de	gesund	1379	Long COVID: Langzeitfolgen von COVID-19	gesund	1652	Hirnhautentzündung	362,363,364	4
de	gesund	1379	Long COVID: Langzeitfolgen von COVID-19	gesund	1655	Zika-Virus-Infektion	362,363	4
de	gesund	1379	Long COVID: Langzeitfolgen von COVID-19	gesund	176	Chronisch obstruktive Lungenerkrankung (COPD)	362,363,364	4
de	gesund	1379	Long COVID: Langzeitfolgen von COVID-19	gesund	25	COVID-19	362,363,364	4
de	gesund	1379	Long COVID: Langzeitfolgen von COVID-19	gesund	731	Frühsommer-Meningoenzephalitis	362,363,364	4
de	gesund	1379	Long COVID: Langzeitfolgen von COVID-19	gesund	968	COVID-19, Erkältung, Grippe: Kennzeichen im Überblick	362,363,364	4
de	gesund	1379	Long COVID: Langzeitfolgen von COVID-19	msd	16-149	Influenza	362,363,364	4
de	gesund	1379	Long COVID: Langzeitfolgen von COVID-19	msd	16-17	Haemophilus-Infektionen	362,363,364	4
de	gesund	1379	Long COVID: Langzeitfolgen von COVID-19	msd	16-173	Sonstige Arbovirusinfektionen	362,363	4
de	gesund	1379	Long COVID: Langzeitfolgen von COVID-19	msd	16-174	Zika-Virus (ZV)-Infektionen	362	4
de	gesund	1379	Long COVID: Langzeitfolgen von COVID-19	msd	16-218	Influenza-Impfstoff	362,363,364	4
de	gesund	1379	Long COVID: Langzeitfolgen von COVID-19	msd	16-225	COVID-19-Impfstoff	362,363,364	4
de	gesund	1379	Long COVID: Langzeitfolgen von COVID-19	msd	19-63	Enzephalitis	362,363,364	4
de	gesund	1379	Long COVID: Langzeitfolgen von COVID-19	msd	19-72	Rezidivierende Meningitis	362,363,364	4
de	gesund	1379	Long COVID: Langzeitfolgen von COVID-19	msd	23-33	Therapie der stabilen chronischer obstruktiver Lungenerkrankung	362,363,364	4
de	gesund	1379	Long COVID: Langzeitfolgen von COVID-19	msd	23-34	Therapie der akut exazerbierten chronischen obstruktiven Lungenerkrankung	362,363,364	4
de	gesund	1385	Streptokokken-Pharyngitis	gesund	419	Mandelentzündung	445	4
de	gesund	1385	Streptokokken-Pharyngitis	msd	16-3	Streptokokkeninfektionen	445	4
de	gesund	1385	Streptokokken-Pharyngitis	msd	16-8	Erysipeloid	445	4
de	gesund	1385	Streptokokken-Pharyngitis	msd	5-63	Erysipel	445	4
de	gesund	1385	Streptokokken-Pharyngitis	msd	5-71	Nekrotisierende Weichteilinfektion	445	4
de	gesund	1385	Streptokokken-Pharyngitis	msd	6-53	Infektion im Submandibularbereich	445	4
de	gesund	1385	Streptokokken-Pharyngitis	msd	6-59	Peritonsillarabszess und Peritonsillitis	445	4
de	gesund	1385	Streptokokken-Pharyngitis	msd	6-60	Parapharyngealabszess	445	4
de	gesund	1388	Pleuraerguss	msd	23-92	Pleuraerguss	964	3
de	gesund	1400	Ringelröteln	msd	21-319	Erythema infectiosum (Parvovirus B19-Infektion)	823	3
de	gesund	1403	Zinkmangel	msd	24-77	Zink-Ergänzungen	1056	3
de	gesund	1412	Madenwürmer	msd	16-95	Madenwurminfektion	472	3
de	gesund	1412	Madenwürmer	msd	16-96	Strongyloidiasis	472	3
de	gesund	1418	Magnesiummangel	msd	7-6	Übersicht zu Störungen der Magnesiumkonzentration	1215	3
de	gesund	143	Augenlidentzündung	gesund	263	Furunkel und Karbunkel	605	4
de	gesund	143	Augenlidentzündung	msd	18-88	Palmarabszess	605	4
de	gesund	143	Augenlidentzündung	msd	8-23	Chalazion und Hordeolum (Gerstenkorn)	605	4
de	gesund	143	Augenlidentzündung	msd	9-102	Anorektalabszess	605	4
de	gesund	1439	Schwerhörigkeit und Gehörlosigkeit bei Kindern	gesund	1478	Schwerhörigkeit und Gehörlosigkeit bei Erwachsenen	1163	4
de	gesund	1439	Schwerhörigkeit und Gehörlosigkeit bei Kindern	gesund	1679	Hörsturz	1163	4
de	gesund	1439	Schwerhörigkeit und Gehörlosigkeit bei Kindern	msd	6-20	Plötzlicher Hörverlust	1163	4
de	gesund	1439	Schwerhörigkeit und Gehörlosigkeit bei Kindern	msd	8-6	Akuter Visusverlust	1163	4
de	gesund	1454	Pterygium	msd	8-38	Pinguecula und Pterygium	1248	3
de	gesund	146	Fruchtbarkeitsstörung	msd	12-72	Spermastörungen	189	3
de	gesund	146	Fruchtbarkeitsstörung	msd	12-74	Verminderte ovarielle Reserve	189	3
de	gesund	146	Fruchtbarkeitsstörung	msd	12-76	Eileiterfehlfunktion und Beckenanomalien	189	3
de	gesund	146	Fruchtbarkeitsstörung	msd	12-77	Ungeklärte Infertilität	189	3
de	gesund	146	Fruchtbarkeitsstörung	msd	12-80	Übersicht zur Unfruchtbarkeit	189	3
de	gesund	1463	Kinderlähmung	gesund	494	Stimmlippenknötchen	374,375	3
de	gesund	1463	Kinderlähmung	msd	16-164	Poliomyelitis	374,375	3
de	gesund	1463	Kinderlähmung	msd	16-165	Postpoliomyelitissyndrom	374,375	3
de	gesund	1463	Kinderlähmung	msd	16-221	Poliomyelitis-Impfstoff	374,375	3
de	gesund	1463	Kinderlähmung	msd	6-69	Laryngeale Kontaktulzera	374	3
de	gesund	1463	Kinderlähmung	msd	6-75	Stimmlippenlähmung	374,375	3
de	gesund	1463	Kinderlähmung	msd	6-76	Stimmbandpolypen, Knötchen und Granulome	374	3
de	gesund	1469	Darmentzündung durch C. difficile	msd	16-62	Clostridioides (früher Clostridium) difficile-induzierte Diarrhö	457	4
de	gesund	1469	Darmentzündung durch C. difficile	msd	9-93	Colitis Ulcerosa	457	4
de	gesund	1472	Ringelflechte	gesund	1724	Chronischer Juckreiz	1101	4
de	gesund	1472	Ringelflechte	gesund	590	Kleienpilzflechte	1101	4
de	gesund	1472	Ringelflechte	gesund	959	Krätze	1101	4
de	gesund	1472	Ringelflechte	msd	5-105	Onychomykose	1101	4
de	gesund	1472	Ringelflechte	msd	5-75	Tinea corporis (Körperringelflechte)	1101	4
de	gesund	1472	Ringelflechte	msd	5-76	"Tinea cruris (""Jock Itch"")"	1101	4
de	gesund	1472	Ringelflechte	msd	5-77	Tinea pedis (Fußpilz)	1101	4
de	gesund	1472	Ringelflechte	msd	5-80	Übersicht zu Dermatophytien	1101	4
de	gesund	1472	Ringelflechte	msd	5-82	Tinea versicolor	1101	4
de	gesund	1472	Ringelflechte	msd	5-88	Skabies	1101	4
de	gesund	1472	Ringelflechte	msd	9-109	Pruritus ani (analer Juckreiz)	1101	4
de	gesund	1478	Schwerhörigkeit und Gehörlosigkeit bei Erwachsenen	gesund	1679	Hörsturz	1163	4
de	gesund	1478	Schwerhörigkeit und Gehörlosigkeit bei Erwachsenen	msd	6-20	Plötzlicher Hörverlust	1163	4
de	gesund	1478	Schwerhörigkeit und Gehörlosigkeit bei Erwachsenen	msd	8-6	Akuter Visusverlust	1163	4
de	gesund	149	Hausstauballergie	gesund	254	Kontaktallergie	302,303,304	4
de	gesund	149	Hausstauballergie	gesund	299	Medikamentenallergie	302,303,304	4
de	gesund	149	Hausstauballergie	gesund	311	Nahrungsmittelallergie	302,303,304	4
de	gesund	149	Hausstauballergie	gesund	449	Seborrhoisches Ekzem	302,303,304	4
de	gesund	149	Hausstauballergie	gesund	578	Tierallergie	302,303,304	4
de	gesund	149	Hausstauballergie	msd	15-24	Arzneimittelüberempfindlichkeit	302,303,304	4
de	gesund	149	Hausstauballergie	msd	15-25	Nahrungsmittelallergien	302,303,304	4
de	gesund	149	Hausstauballergie	msd	15-27	Allergische Rhinitis	302,303,304	4
de	gesund	149	Hausstauballergie	msd	16-251	Penicilline	302,303	4
de	gesund	149	Hausstauballergie	msd	5-27	Definition von Dermatitis	302,303,304	4
de	gesund	149	Hausstauballergie	msd	5-28	Atopische Dermatitis (Ekzem)	303,304	4
de	gesund	149	Hausstauballergie	msd	5-30	Hand- und Fußekzem	303,304	4
de	gesund	149	Hausstauballergie	msd	5-31	Lichen simplex chronicus	303,304	4
de	gesund	149	Hausstauballergie	msd	5-33	Seborrhoische Dermatitis	303,304	4
de	gesund	1493	Azidose	msd	10-71	Renal-tubuläre Azidose	71	3
de	gesund	1502	Diabetische Neuropathie	msd	19-117	Chronische inflammatorische demyelinisierende Polyneuropathie (CIDP)	620	4
de	gesund	1505	Periphere arterielle Verschlusskrankheit	msd	1-105	Periphere Arterielle Verschlusskrankheit	0	3
de	gesund	1508	Epiglottitis	gesund	1764	Akute Kehlkopfentzündung	272,273,400	4
de	gesund	1508	Epiglottitis	gesund	485	Pseudokrupp	272,273,400	4
de	gesund	1508	Epiglottitis	gesund	812	Hepatitis A	272	4
de	gesund	1508	Epiglottitis	gesund	815	Hepatitis B	272,273	4
de	gesund	1508	Epiglottitis	gesund	818	Hepatitis C	272,273	4
de	gesund	1508	Epiglottitis	gesund	947	Tetanus	273,400	4
de	gesund	1508	Epiglottitis	msd	14-23	Fulminante Hepatitis	272	4
de	gesund	1508	Epiglottitis	msd	14-25	Hepatitis B, Akut	272,273	4
de	gesund	1508	Epiglottitis	msd	14-27	Hepatitis C, Akut	272,273	4
de	gesund	1508	Epiglottitis	msd	14-29	Hepatitis D	272	4
de	gesund	1508	Epiglottitis	msd	14-30	Hepatitis E	272	4
de	gesund	1508	Epiglottitis	msd	14-38	Ischämische Hepatitis	272	4
de	gesund	1508	Epiglottitis	msd	16-211	Diphtherie-Tetanus-Pertussis-Impfstoff	273,400	4
de	gesund	1508	Epiglottitis	msd	16-212	Tetanus-Diphtherie-Impfstoff	273,400	4
de	gesund	1508	Epiglottitis	msd	16-215	Hepatitis A (HepA)-Impfstoff	272	4
de	gesund	1508	Epiglottitis	msd	16-216	Hepatitis B-Impfstoff	272	4
de	gesund	1508	Epiglottitis	msd	21-358	Krupp	272,273,400	4
de	gesund	1508	Epiglottitis	msd	6-61	Epiglottitis	272,273,400	4
de	gesund	1508	Epiglottitis	msd	6-72	Laryngitis	272,273,400	4
de	gesund	1508	Epiglottitis	msd	6-74	Dysphonia spastica	272,273,400	4
de	gesund	1511	Pfeiffersches Drüsenfieber	msd	16-158	Infektiöse Mononukleose	370	4
de	gesund	1514	Bipolare Störung	msd	21-273	Bipolare Störung bei Kindern und Jugendlichen	802	4
de	gesund	1514	Bipolare Störung	msd	22-32	Bipolare Störungen	802	4
de	gesund	1514	Bipolare Störung	msd	22-33	Medikamentöse Behandlung der bipolaren Störungen	802	4
de	gesund	1517	Gerinnungsstörungen	msd	13-55	Gerinnungsstörungen im Überblick	235	3
de	gesund	1517	Gerinnungsstörungen	msd	13-58	Gerinnungsstörungen durch zirkulierende Antikoagulanzien	235	3
de	gesund	1517	Gerinnungsstörungen	msd	13-59	Seltene angeborene Gerinnungsstörungen	235	3
de	gesund	1523	Prostataentzündung	msd	10-87	Prostatitis	79	3
de	gesund	1535	Schweres akutes respiratorisches Syndrom (SARS)	gesund	1727	Middle East Respiratory Syndrome	366	3
de	gesund	1535	Schweres akutes respiratorisches Syndrom (SARS)	msd	16-151	Coronaviren und akute respiratorische Syndrome (MERS und SARS)	366	3
de	gesund	1538	Wirbelbruch	gesund	1752	Grünholzfraktur	508	4
de	gesund	1538	Wirbelbruch	gesund	1812	Hüftgelenksnahe Fraktur	508	4
de	gesund	1538	Wirbelbruch	gesund	374	Weisheitszähne	508	4
de	gesund	1538	Wirbelbruch	gesund	755	Zahnfehlstellung	508	4
de	gesund	1538	Wirbelbruch	msd	17-16	Hüftfrakturen	508	4
de	gesund	1538	Wirbelbruch	msd	17-4	Überblick über Frakturen	508	4
de	gesund	1538	Wirbelbruch	msd	17-5	Pädiatrische Frakturen der Wachstumsfuge	508	4
de	gesund	1538	Wirbelbruch	msd	17-84	Stressfrakturen	508	4
de	gesund	1538	Wirbelbruch	msd	24-106	Rehabilitation nach Hüftoperationen	508	4
de	gesund	1538	Wirbelbruch	msd	4-37	Frakturierte und avulsierte Zähne	508	4
de	gesund	1547	Überfunktion der Nebenschilddrüsen	msd	7-17	Hyperparathyreoidismus	1194	3
de	gesund	1553	Antikörpermangel-Erkrankung	msd	15-7	Selektiver Antikörpermangel mit normalen Immunglobulinen (SADNI)	321	3
de	gesund	1562	Psoriasis-Arthritis	gesund	233	Hüftarthrose	579	4
de	gesund	1562	Psoriasis-Arthritis	gesund	329	Kniearthrose	579	4
de	gesund	1562	Psoriasis-Arthritis	gesund	338	Schuppenflechte	579	4
de	gesund	1562	Psoriasis-Arthritis	msd	18-47	Psoriasisarthritis	579	4
de	gesund	1562	Psoriasis-Arthritis	msd	18-85	Arthrose der Hand	579	4
de	gesund	1562	Psoriasis-Arthritis	msd	5-43	Psoriasis	579	4
de	gesund	1571	Vogelgrippe	gesund	1625	Schweinegrippe	362,363,364	4
de	gesund	1571	Vogelgrippe	gesund	1643	Gehirnentzündung	362,363,364,382	4
de	gesund	1571	Vogelgrippe	gesund	1652	Hirnhautentzündung	362,363,364,382	4
de	gesund	1571	Vogelgrippe	gesund	1655	Zika-Virus-Infektion	362,363,382	4
de	gesund	1571	Vogelgrippe	gesund	176	Chronisch obstruktive Lungenerkrankung (COPD)	362,363,364	4
de	gesund	1571	Vogelgrippe	gesund	25	COVID-19	362,363,364	4
de	gesund	1571	Vogelgrippe	gesund	731	Frühsommer-Meningoenzephalitis	362,363,364,382	4
de	gesund	1571	Vogelgrippe	gesund	968	COVID-19, Erkältung, Grippe: Kennzeichen im Überblick	362,363,364	4
de	gesund	1571	Vogelgrippe	msd	16-149	Influenza	362,363,364	4
de	gesund	1571	Vogelgrippe	msd	16-152	Vogelgrippe	362,363,364	4
de	gesund	1571	Vogelgrippe	msd	16-17	Haemophilus-Infektionen	362,363,364,382	4
de	gesund	1571	Vogelgrippe	msd	16-173	Sonstige Arbovirusinfektionen	362,363,382	4
de	gesund	1571	Vogelgrippe	msd	16-174	Zika-Virus (ZV)-Infektionen	362,382	4
de	gesund	1571	Vogelgrippe	msd	16-218	Influenza-Impfstoff	362,363,364	4
de	gesund	1571	Vogelgrippe	msd	16-225	COVID-19-Impfstoff	362,363,364	4
de	gesund	1571	Vogelgrippe	msd	19-63	Enzephalitis	362,363,364,382	4
de	gesund	1571	Vogelgrippe	msd	19-72	Rezidivierende Meningitis	362,363,364,382	4
de	gesund	1571	Vogelgrippe	msd	23-33	Therapie der stabilen chronischer obstruktiver Lungenerkrankung	362,363,364	4
de	gesund	1571	Vogelgrippe	msd	23-34	Therapie der akut exazerbierten chronischen obstruktiven Lungenerkrankung	362,363,364	4
de	gesund	1586	Leberzirrhose	msd	14-20	Primär biliäre Cholangitis (PBC)	269	3
de	gesund	1592	Hypertrophe Kardiomyopathie	msd	1-120	Übersicht der Kardiomyopathien	7	3
de	gesund	1592	Hypertrophe Kardiomyopathie	msd	1-122	Hypertrophe Kardiomyopathie	7	3
de	gesund	1601	Endokarditis	msd	1-89	Infektiöse Endokarditis	30	3
de	gesund	1601	Endokarditis	msd	1-90	Nichtinfektiöse Endokarditis	30	3
de	gesund	1607	EHEC-Erkrankung	msd	13-42	Thrombotisch-thrombozytopenische Purpura (TTP)	232,233	3
de	gesund	1607	EHEC-Erkrankung	msd	13-63	Purpura simplex	232	3
de	gesund	1607	EHEC-Erkrankung	msd	16-33	Infektion durch Escherichia coli O157:H7 und andere enterohämorrhagische E. coli (EHEC)	232,233	3
de	gesund	1610	Trommelfellentzündung	msd	6-32	Myringitis	1168	3
de	gesund	1622	Gelbfieber	msd	16-172	Gelbfieber	379	3
de	gesund	1625	Schweinegrippe	gesund	1643	Gehirnentzündung	362,363,364	4
de	gesund	1625	Schweinegrippe	gesund	1652	Hirnhautentzündung	362,363,364	4
de	gesund	1625	Schweinegrippe	gesund	1655	Zika-Virus-Infektion	362,363	4
de	gesund	1625	Schweinegrippe	gesund	176	Chronisch obstruktive Lungenerkrankung (COPD)	362,363,364	4
de	gesund	1625	Schweinegrippe	gesund	25	COVID-19	362,363,364	4
de	gesund	1625	Schweinegrippe	gesund	731	Frühsommer-Meningoenzephalitis	362,363,364	4
de	gesund	1625	Schweinegrippe	gesund	968	COVID-19, Erkältung, Grippe: Kennzeichen im Überblick	362,363,364	4
de	gesund	1625	Schweinegrippe	msd	16-149	Influenza	362,363,364	4
de	gesund	1625	Schweinegrippe	msd	16-17	Haemophilus-Infektionen	362,363,364	4
de	gesund	1625	Schweinegrippe	msd	16-173	Sonstige Arbovirusinfektionen	362,363	4
de	gesund	1625	Schweinegrippe	msd	16-174	Zika-Virus (ZV)-Infektionen	362	4
de	gesund	1625	Schweinegrippe	msd	16-218	Influenza-Impfstoff	362,363,364	4
de	gesund	1625	Schweinegrippe	msd	16-225	COVID-19-Impfstoff	362,363,364	4
de	gesund	1625	Schweinegrippe	msd	19-63	Enzephalitis	362,363,364	4
de	gesund	1625	Schweinegrippe	msd	19-72	Rezidivierende Meningitis	362,363,364	4
de	gesund	1625	Schweinegrippe	msd	23-33	Therapie der stabilen chronischer obstruktiver Lungenerkrankung	362,363,364	4
de	gesund	1625	Schweinegrippe	msd	23-34	Therapie der akut exazerbierten chronischen obstruktiven Lungenerkrankung	362,363,364	4
de	gesund	164	Generalisierte Angststörung	msd	21-264	Übersicht zu Angststörungen im Kindes- und Jugendalter	801	4
de	gesund	164	Generalisierte Angststörung	msd	22-4	Überblick über Angststörungen	801	4
de	gesund	1640	West-Nil-Fieber	msd	16-175	West-Nil-Virus	381	3
de	gesund	1643	Gehirnentzündung	gesund	1652	Hirnhautentzündung	362,363,364,380,382	4
de	gesund	1643	Gehirnentzündung	gesund	1655	Zika-Virus-Infektion	362,363,380,382	4
de	gesund	1643	Gehirnentzündung	gesund	176	Chronisch obstruktive Lungenerkrankung (COPD)	362,363,364	4
de	gesund	1643	Gehirnentzündung	gesund	25	COVID-19	362,363,364	4
de	gesund	1643	Gehirnentzündung	gesund	731	Frühsommer-Meningoenzephalitis	362,363,364,380,382	4
de	gesund	1643	Gehirnentzündung	gesund	968	COVID-19, Erkältung, Grippe: Kennzeichen im Überblick	362,363,364	4
de	gesund	1643	Gehirnentzündung	msd	16-149	Influenza	362,363,364	4
de	gesund	1643	Gehirnentzündung	msd	16-17	Haemophilus-Infektionen	362,363,364,382	4
de	gesund	1643	Gehirnentzündung	msd	16-173	Sonstige Arbovirusinfektionen	362,363,380,382	4
de	gesund	1643	Gehirnentzündung	msd	16-174	Zika-Virus (ZV)-Infektionen	362,380,382	4
de	gesund	1643	Gehirnentzündung	msd	16-218	Influenza-Impfstoff	362,363,364	4
de	gesund	1643	Gehirnentzündung	msd	16-225	COVID-19-Impfstoff	362,363,364	4
de	gesund	1643	Gehirnentzündung	msd	19-63	Enzephalitis	362,363,364,380,382	4
de	gesund	1643	Gehirnentzündung	msd	19-72	Rezidivierende Meningitis	362,363,364,382	4
de	gesund	1643	Gehirnentzündung	msd	23-33	Therapie der stabilen chronischer obstruktiver Lungenerkrankung	362,363,364	4
de	gesund	1643	Gehirnentzündung	msd	23-34	Therapie der akut exazerbierten chronischen obstruktiven Lungenerkrankung	362,363,364	4
de	gesund	1652	Hirnhautentzündung	gesund	1655	Zika-Virus-Infektion	362,363,380,382	4
de	gesund	1652	Hirnhautentzündung	gesund	176	Chronisch obstruktive Lungenerkrankung (COPD)	362,363,364	4
de	gesund	1652	Hirnhautentzündung	gesund	25	COVID-19	362,363,364	4
de	gesund	1652	Hirnhautentzündung	gesund	731	Frühsommer-Meningoenzephalitis	362,363,364,380,382	4
de	gesund	1652	Hirnhautentzündung	gesund	968	COVID-19, Erkältung, Grippe: Kennzeichen im Überblick	362,363,364	4
de	gesund	1652	Hirnhautentzündung	msd	16-149	Influenza	362,363,364	4
de	gesund	1652	Hirnhautentzündung	msd	16-17	Haemophilus-Infektionen	362,363,364,382	4
de	gesund	1652	Hirnhautentzündung	msd	16-173	Sonstige Arbovirusinfektionen	362,363,380,382	4
de	gesund	1652	Hirnhautentzündung	msd	16-174	Zika-Virus (ZV)-Infektionen	362,380,382	4
de	gesund	1652	Hirnhautentzündung	msd	16-218	Influenza-Impfstoff	362,363,364	4
de	gesund	1652	Hirnhautentzündung	msd	16-225	COVID-19-Impfstoff	362,363,364	4
de	gesund	1652	Hirnhautentzündung	msd	19-63	Enzephalitis	362,363,364,380,382	4
de	gesund	1652	Hirnhautentzündung	msd	19-72	Rezidivierende Meningitis	362,363,364,382	4
de	gesund	1652	Hirnhautentzündung	msd	23-33	Therapie der stabilen chronischer obstruktiver Lungenerkrankung	362,363,364	4
de	gesund	1652	Hirnhautentzündung	msd	23-34	Therapie der akut exazerbierten chronischen obstruktiven Lungenerkrankung	362,363,364	4
de	gesund	1655	Zika-Virus-Infektion	gesund	176	Chronisch obstruktive Lungenerkrankung (COPD)	362,363	4
de	gesund	1655	Zika-Virus-Infektion	gesund	25	COVID-19	362,363	4
de	gesund	1655	Zika-Virus-Infektion	gesund	731	Frühsommer-Meningoenzephalitis	362,363,380,382	4
de	gesund	1655	Zika-Virus-Infektion	gesund	968	COVID-19, Erkältung, Grippe: Kennzeichen im Überblick	362,363	4
de	gesund	1655	Zika-Virus-Infektion	msd	16-149	Influenza	362,363	4
de	gesund	1655	Zika-Virus-Infektion	msd	16-17	Haemophilus-Infektionen	362,363,382	4
de	gesund	1655	Zika-Virus-Infektion	msd	16-173	Sonstige Arbovirusinfektionen	362,363,380,382	4
de	gesund	1655	Zika-Virus-Infektion	msd	16-174	Zika-Virus (ZV)-Infektionen	362,380,382	4
de	gesund	1655	Zika-Virus-Infektion	msd	16-218	Influenza-Impfstoff	362,363	4
de	gesund	1655	Zika-Virus-Infektion	msd	16-225	COVID-19-Impfstoff	362,363	4
de	gesund	1655	Zika-Virus-Infektion	msd	19-63	Enzephalitis	362,363,380,382	4
de	gesund	1655	Zika-Virus-Infektion	msd	19-72	Rezidivierende Meningitis	362,363,382	4
de	gesund	1655	Zika-Virus-Infektion	msd	23-33	Therapie der stabilen chronischer obstruktiver Lungenerkrankung	362,363	4
de	gesund	1655	Zika-Virus-Infektion	msd	23-34	Therapie der akut exazerbierten chronischen obstruktiven Lungenerkrankung	362,363	4
de	gesund	167	Hämophilie	msd	13-57	Hämophilie	237	3
de	gesund	1676	Spinalkanalstenose	msd	18-74	Lumbale Spinalkanalstenose	595	3
de	gesund	1679	Hörsturz	msd	6-20	Plötzlicher Hörverlust	1163	4
de	gesund	1679	Hörsturz	msd	8-6	Akuter Visusverlust	1163	4
de	gesund	1697	Speichelsteine	gesund	668	Kehlkopfkrebs	1178,1179	4
de	gesund	1697	Speichelsteine	gesund	746	Krebs der Mundhöhle und des Rachens	1178,1179	4
de	gesund	1697	Speichelsteine	msd	6-51	Sialadenitis	1178,1179	4
de	gesund	1697	Speichelsteine	msd	6-52	Speichelsteine	1178,1179	4
de	gesund	1697	Speichelsteine	msd	6-70	Überblick zu Larynxstörungen	1178	4
de	gesund	1697	Speichelsteine	msd	6-78	Oropharyngeales Plattenepithelkarzinom	1178,1179	4
de	gesund	1697	Speichelsteine	msd	6-82	Nasopharynxkarzinom	1178,1179	4
de	gesund	1697	Speichelsteine	msd	6-83	Orales Plattenepithelkarzinom	1178,1179	4
de	gesund	1697	Speichelsteine	msd	6-85	Speicheldrüsentumoren	1178,1179	4
de	gesund	1700	Chronische Schmerzen	msd	19-11	Chronischer Schmerz	616	3
de	gesund	1706	Amyotrophe Lateralsklerose	msd	19-104	Amyotrophe Lateralsklerose (ALS) und andere Motoneuronenerkrankungen (MND)	614	3
de	gesund	1724	Chronischer Juckreiz	gesund	590	Kleienpilzflechte	1101	4
de	gesund	1724	Chronischer Juckreiz	gesund	959	Krätze	1101	4
de	gesund	1724	Chronischer Juckreiz	msd	5-105	Onychomykose	1101	4
de	gesund	1724	Chronischer Juckreiz	msd	5-75	Tinea corporis (Körperringelflechte)	1101	4
de	gesund	1724	Chronischer Juckreiz	msd	5-76	"Tinea cruris (""Jock Itch"")"	1101	4
de	gesund	1724	Chronischer Juckreiz	msd	5-77	Tinea pedis (Fußpilz)	1101	4
de	gesund	1724	Chronischer Juckreiz	msd	5-80	Übersicht zu Dermatophytien	1101	4
de	gesund	1724	Chronischer Juckreiz	msd	5-82	Tinea versicolor	1101	4
de	gesund	1724	Chronischer Juckreiz	msd	5-88	Skabies	1101	4
de	gesund	1724	Chronischer Juckreiz	msd	9-109	Pruritus ani (analer Juckreiz)	1101	4
de	gesund	1727	Middle East Respiratory Syndrome	msd	16-151	Coronaviren und akute respiratorische Syndrome (MERS und SARS)	366	3
de	gesund	1730	Verstopfung bei Erwachsenen	gesund	1755	Verstopfung bei Kindern	1000	3
de	gesund	1730	Verstopfung bei Erwachsenen	msd	24-148	Opioidvergiftung und -entzug	1000	3
de	gesund	1730	Verstopfung bei Erwachsenen	msd	24-149	Opioidabhängige Erkrankung und Rehabilitation	1000	3
de	gesund	1742	Metabolisches Syndrom	gesund	491	Starkes Übergewicht	713	4
de	gesund	1742	Metabolisches Syndrom	msd	20-56	Metabolisches Syndrom (Syndrom X)	713	4
de	gesund	1742	Metabolisches Syndrom	msd	21-16	Adipositas bei Jugendlichen	713	4
de	gesund	1752	Grünholzfraktur	gesund	1812	Hüftgelenksnahe Fraktur	508	4
de	gesund	1752	Grünholzfraktur	gesund	374	Weisheitszähne	508	4
de	gesund	1752	Grünholzfraktur	gesund	755	Zahnfehlstellung	508	4
de	gesund	1752	Grünholzfraktur	msd	17-16	Hüftfrakturen	508	4
de	gesund	1752	Grünholzfraktur	msd	17-4	Überblick über Frakturen	508	4
de	gesund	1752	Grünholzfraktur	msd	17-5	Pädiatrische Frakturen der Wachstumsfuge	508	4
de	gesund	1752	Grünholzfraktur	msd	17-84	Stressfrakturen	508	4
de	gesund	1752	Grünholzfraktur	msd	24-106	Rehabilitation nach Hüftoperationen	508	4
de	gesund	1752	Grünholzfraktur	msd	4-37	Frakturierte und avulsierte Zähne	508	4
de	gesund	1755	Verstopfung bei Kindern	msd	24-148	Opioidvergiftung und -entzug	1000	3
de	gesund	1755	Verstopfung bei Kindern	msd	24-149	Opioidabhängige Erkrankung und Rehabilitation	1000	3
de	gesund	176	Chronisch obstruktive Lungenerkrankung (COPD)	gesund	25	COVID-19	362,363,364	4
de	gesund	176	Chronisch obstruktive Lungenerkrankung (COPD)	gesund	731	Frühsommer-Meningoenzephalitis	362,363,364	4
de	gesund	176	Chronisch obstruktive Lungenerkrankung (COPD)	gesund	968	COVID-19, Erkältung, Grippe: Kennzeichen im Überblick	362,363,364	4
de	gesund	176	Chronisch obstruktive Lungenerkrankung (COPD)	msd	16-149	Influenza	362,363,364	4
de	gesund	176	Chronisch obstruktive Lungenerkrankung (COPD)	msd	16-17	Haemophilus-Infektionen	362,363,364	4
de	gesund	176	Chronisch obstruktive Lungenerkrankung (COPD)	msd	16-173	Sonstige Arbovirusinfektionen	362,363	4
de	gesund	176	Chronisch obstruktive Lungenerkrankung (COPD)	msd	16-174	Zika-Virus (ZV)-Infektionen	362	4
de	gesund	176	Chronisch obstruktive Lungenerkrankung (COPD)	msd	16-218	Influenza-Impfstoff	362,363,364	4
de	gesund	176	Chronisch obstruktive Lungenerkrankung (COPD)	msd	16-225	COVID-19-Impfstoff	362,363,364	4
de	gesund	176	Chronisch obstruktive Lungenerkrankung (COPD)	msd	19-63	Enzephalitis	362,363,364	4
de	gesund	176	Chronisch obstruktive Lungenerkrankung (COPD)	msd	19-72	Rezidivierende Meningitis	362,363,364	4
de	gesund	176	Chronisch obstruktive Lungenerkrankung (COPD)	msd	23-33	Therapie der stabilen chronischer obstruktiver Lungenerkrankung	362,363,364	4
de	gesund	176	Chronisch obstruktive Lungenerkrankung (COPD)	msd	23-34	Therapie der akut exazerbierten chronischen obstruktiven Lungenerkrankung	362,363,364	4
de	gesund	1764	Akute Kehlkopfentzündung	gesund	485	Pseudokrupp	272,273,400	4
de	gesund	1764	Akute Kehlkopfentzündung	gesund	812	Hepatitis A	272	4
de	gesund	1764	Akute Kehlkopfentzündung	gesund	815	Hepatitis B	272,273	4
de	gesund	1764	Akute Kehlkopfentzündung	gesund	818	Hepatitis C	272,273	4
de	gesund	1764	Akute Kehlkopfentzündung	gesund	947	Tetanus	273,400	4
de	gesund	1764	Akute Kehlkopfentzündung	msd	14-23	Fulminante Hepatitis	272	4
de	gesund	1764	Akute Kehlkopfentzündung	msd	14-25	Hepatitis B, Akut	272,273	4
de	gesund	1764	Akute Kehlkopfentzündung	msd	14-27	Hepatitis C, Akut	272,273	4
de	gesund	1764	Akute Kehlkopfentzündung	msd	14-29	Hepatitis D	272	4
de	gesund	1764	Akute Kehlkopfentzündung	msd	14-30	Hepatitis E	272	4
de	gesund	1764	Akute Kehlkopfentzündung	msd	14-38	Ischämische Hepatitis	272	4
de	gesund	1764	Akute Kehlkopfentzündung	msd	16-211	Diphtherie-Tetanus-Pertussis-Impfstoff	273,400	4
de	gesund	1764	Akute Kehlkopfentzündung	msd	16-212	Tetanus-Diphtherie-Impfstoff	273,400	4
de	gesund	1764	Akute Kehlkopfentzündung	msd	16-215	Hepatitis A (HepA)-Impfstoff	272	4
de	gesund	1764	Akute Kehlkopfentzündung	msd	16-216	Hepatitis B-Impfstoff	272	4
de	gesund	1764	Akute Kehlkopfentzündung	msd	21-358	Krupp	272,273,400	4
de	gesund	1764	Akute Kehlkopfentzündung	msd	6-72	Laryngitis	272,273,400	4
de	gesund	1764	Akute Kehlkopfentzündung	msd	6-74	Dysphonia spastica	272,273,400	4
de	gesund	1770	Chronisches Fatigue-Syndrom	msd	24-126	Chronisches Erschöpfungssyndrom	988	3
de	gesund	1770	Chronisches Fatigue-Syndrom	msd	24-91	Müdigkeit	988	3
de	gesund	1779	Arteriosklerose	msd	1-46	Atherosklerose	20	3
de	gesund	1779	Arteriosklerose	msd	1-47	Nichtatheromatöse Arteriosklerose	20	3
de	gesund	1809	Thromboseneigung (Thrombophilie)	gesund	611	Tiefe Venenthrombose	1	4
de	gesund	1809	Thromboseneigung (Thrombophilie)	msd	1-110	Tiefe Venenthrombose (TVT)	1	4
de	gesund	1809	Thromboseneigung (Thrombophilie)	msd	1-112	Oberflächliche Venenthrombose	1	4
de	gesund	1809	Thromboseneigung (Thrombophilie)	msd	13-45	Antiphospholipid-Syndrom (APS)	1	4
de	gesund	1809	Thromboseneigung (Thrombophilie)	msd	13-53	Erhöhte Faktor VIII-, IX- und XI-Spiegel	1	4
de	gesund	1809	Thromboseneigung (Thrombophilie)	msd	14-42	Portalvenenthrombose	1	4
de	gesund	1812	Hüftgelenksnahe Fraktur	gesund	374	Weisheitszähne	508	4
de	gesund	1812	Hüftgelenksnahe Fraktur	gesund	755	Zahnfehlstellung	508	4
de	gesund	1812	Hüftgelenksnahe Fraktur	msd	17-16	Hüftfrakturen	508	4
de	gesund	1812	Hüftgelenksnahe Fraktur	msd	17-4	Überblick über Frakturen	508	4
de	gesund	1812	Hüftgelenksnahe Fraktur	msd	17-5	Pädiatrische Frakturen der Wachstumsfuge	508	4
de	gesund	1812	Hüftgelenksnahe Fraktur	msd	17-84	Stressfrakturen	508	4
de	gesund	1812	Hüftgelenksnahe Fraktur	msd	24-106	Rehabilitation nach Hüftoperationen	508	4
de	gesund	1812	Hüftgelenksnahe Fraktur	msd	4-37	Frakturierte und avulsierte Zähne	508	4
de	gesund	233	Hüftarthrose	gesund	329	Kniearthrose	579	4
de	gesund	233	Hüftarthrose	gesund	338	Schuppenflechte	579	4
de	gesund	233	Hüftarthrose	msd	18-47	Psoriasisarthritis	579	4
de	gesund	233	Hüftarthrose	msd	18-85	Arthrose der Hand	579	4
de	gesund	233	Hüftarthrose	msd	5-43	Psoriasis	579	4
de	gesund	25	COVID-19	gesund	731	Frühsommer-Meningoenzephalitis	362,363,364	4
de	gesund	25	COVID-19	gesund	968	COVID-19, Erkältung, Grippe: Kennzeichen im Überblick	362,363,364	4
de	gesund	25	COVID-19	msd	16-149	Influenza	362,363,364	4
de	gesund	25	COVID-19	msd	16-17	Haemophilus-Infektionen	362,363,364	4
de	gesund	25	COVID-19	msd	16-173	Sonstige Arbovirusinfektionen	362,363	4
de	gesund	25	COVID-19	msd	16-174	Zika-Virus (ZV)-Infektionen	362	4
de	gesund	25	COVID-19	msd	16-218	Influenza-Impfstoff	362,363,364	4
de	gesund	25	COVID-19	msd	16-225	COVID-19-Impfstoff	362,363,364	4
de	gesund	25	COVID-19	msd	19-63	Enzephalitis	362,363,364	4
de	gesund	25	COVID-19	msd	19-72	Rezidivierende Meningitis	362,363,364	4
de	gesund	25	COVID-19	msd	23-33	Therapie der stabilen chronischer obstruktiver Lungenerkrankung	362,363,364	4
de	gesund	25	COVID-19	msd	23-34	Therapie der akut exazerbierten chronischen obstruktiven Lungenerkrankung	362,363,364	4
de	gesund	251	Genitalherpes	gesund	350	Lippenherpes	369	3
de	gesund	251	Genitalherpes	msd	16-156	Herpes-simplex-Virusinfektionen (HSV)	369	3
de	gesund	251	Genitalherpes	msd	6-26	Zoster oticus	369	3
de	gesund	254	Kontaktallergie	gesund	299	Medikamentenallergie	302,303,304	4
de	gesund	254	Kontaktallergie	gesund	311	Nahrungsmittelallergie	302,303,304	4
de	gesund	254	Kontaktallergie	gesund	449	Seborrhoisches Ekzem	302,303,304	4
de	gesund	254	Kontaktallergie	gesund	578	Tierallergie	302,303,304	4
de	gesund	254	Kontaktallergie	msd	15-24	Arzneimittelüberempfindlichkeit	302,303,304	4
de	gesund	254	Kontaktallergie	msd	15-25	Nahrungsmittelallergien	302,303,304	4
de	gesund	254	Kontaktallergie	msd	15-27	Allergische Rhinitis	302,303,304	4
de	gesund	254	Kontaktallergie	msd	16-251	Penicilline	302,303	4
de	gesund	254	Kontaktallergie	msd	5-27	Definition von Dermatitis	302,303,304	4
de	gesund	254	Kontaktallergie	msd	5-28	Atopische Dermatitis (Ekzem)	303,304	4
de	gesund	254	Kontaktallergie	msd	5-30	Hand- und Fußekzem	303,304	4
de	gesund	254	Kontaktallergie	msd	5-31	Lichen simplex chronicus	303,304	4
de	gesund	254	Kontaktallergie	msd	5-33	Seborrhoische Dermatitis	303,304	4
de	gesund	257	Cluster-Kopfschmerzen	gesund	482	Spannungskopfschmerzen	657	3
de	gesund	257	Cluster-Kopfschmerzen	msd	19-53	Untersuchung des Kopfschmerzpatienten	657	3
de	gesund	257	Cluster-Kopfschmerzen	msd	19-54	Cluster-Kopfschmerz	657	3
de	gesund	257	Cluster-Kopfschmerzen	msd	19-58	Spannungskopfschmerz	657	3
de	gesund	257	Cluster-Kopfschmerzen	msd	19-59	Kurzdauernder einseitiger neuralgiformer Kopfschmerz mit konjunktivalen Injektionen und Tränenfluss (SUNCT-Syndrom)	657	3
de	gesund	263	Furunkel und Karbunkel	msd	18-88	Palmarabszess	605	4
de	gesund	263	Furunkel und Karbunkel	msd	5-66	Furunkel und Karbunkel	605	4
de	gesund	263	Furunkel und Karbunkel	msd	8-23	Chalazion und Hordeolum (Gerstenkorn)	605	4
de	gesund	263	Furunkel und Karbunkel	msd	9-102	Anorektalabszess	605	4
de	gesund	269	Magenschleimhautentzündung	msd	9-28	Übersicht zur gastrointestinalen Blutung	1295	4
de	gesund	269	Magenschleimhautentzündung	msd	9-30	Gastrointestinale Gefäßfehlbildungen	1295	4
de	gesund	269	Magenschleimhautentzündung	msd	9-57	Erosive Gastritis	1295	4
de	gesund	269	Magenschleimhautentzündung	msd	9-58	Nichterosive Gastritis	1295	4
de	gesund	269	Magenschleimhautentzündung	msd	9-59	Postgastrektomiegastritis	1295	4
de	gesund	269	Magenschleimhautentzündung	msd	9-60	Seltene Gastritis-Syndrome	1295	4
de	gesund	269	Magenschleimhautentzündung	msd	9-61	Übersicht zur Säuresekretion	1295	4
de	gesund	269	Magenschleimhautentzündung	msd	9-63	Übersicht zur Gastritis	1295	4
de	gesund	269	Magenschleimhautentzündung	msd	9-64	Autoimmune metaplastische atrophische Gastritis	1295	4
de	gesund	287	Gicht	msd	18-53	Gicht	583	3
de	gesund	290	Bauchaortenaneurysma	msd	1-93	Abdominelle Aortale Aneurysmen (AAA)	32	3
de	gesund	290	Bauchaortenaneurysma	msd	1-94	Thorakale Aortenaneurysmen	32	3
de	gesund	290	Bauchaortenaneurysma	msd	1-96	Übersicht zu Aortenaneurysmen	32	3
de	gesund	293	Blasenentzündung	msd	10-18	Interstitielle Zystitis	38	4
de	gesund	299	Medikamentenallergie	gesund	311	Nahrungsmittelallergie	302,303,304	4
de	gesund	299	Medikamentenallergie	gesund	449	Seborrhoisches Ekzem	302,303,304	4
de	gesund	299	Medikamentenallergie	gesund	578	Tierallergie	302,303,304	4
de	gesund	299	Medikamentenallergie	msd	15-24	Arzneimittelüberempfindlichkeit	302,303,304	4
de	gesund	299	Medikamentenallergie	msd	15-25	Nahrungsmittelallergien	302,303,304	4
de	gesund	299	Medikamentenallergie	msd	15-27	Allergische Rhinitis	302,303,304	4
de	gesund	299	Medikamentenallergie	msd	16-251	Penicilline	302,303	4
de	gesund	299	Medikamentenallergie	msd	5-27	Definition von Dermatitis	302,303,304	4
de	gesund	299	Medikamentenallergie	msd	5-28	Atopische Dermatitis (Ekzem)	303,304	4
de	gesund	299	Medikamentenallergie	msd	5-30	Hand- und Fußekzem	303,304	4
de	gesund	299	Medikamentenallergie	msd	5-31	Lichen simplex chronicus	303,304	4
de	gesund	299	Medikamentenallergie	msd	5-33	Seborrhoische Dermatitis	303,304	4
de	gesund	302	Ballenzeh	msd	18-96	Ballen	608	4
de	gesund	305	Parkinson-Erkrankung	msd	19-40	Demenz mit Lewy-Körperchen und Demenz bei M. Parkinson	651	4
de	gesund	305	Parkinson-Erkrankung	msd	19-89	M. Parkinson	651	4
de	gesund	305	Parkinson-Erkrankung	msd	19-95	Sekundärer und atypischer Parkinsonismus	651	4
de	gesund	311	Nahrungsmittelallergie	gesund	449	Seborrhoisches Ekzem	302,303,304	4
de	gesund	311	Nahrungsmittelallergie	gesund	578	Tierallergie	302,303,304	4
de	gesund	311	Nahrungsmittelallergie	msd	15-24	Arzneimittelüberempfindlichkeit	302,303,304	4
de	gesund	311	Nahrungsmittelallergie	msd	15-25	Nahrungsmittelallergien	302,303,304	4
de	gesund	311	Nahrungsmittelallergie	msd	15-27	Allergische Rhinitis	302,303,304	4
de	gesund	311	Nahrungsmittelallergie	msd	16-251	Penicilline	302,303	4
de	gesund	311	Nahrungsmittelallergie	msd	5-27	Definition von Dermatitis	302,303,304	4
de	gesund	311	Nahrungsmittelallergie	msd	5-28	Atopische Dermatitis (Ekzem)	303,304	4
de	gesund	311	Nahrungsmittelallergie	msd	5-30	Hand- und Fußekzem	303,304	4
de	gesund	311	Nahrungsmittelallergie	msd	5-31	Lichen simplex chronicus	303,304	4
de	gesund	311	Nahrungsmittelallergie	msd	5-33	Seborrhoische Dermatitis	303,304	4
de	gesund	317	Schilddrüsenunterfunktion	gesund	596	Schilddrüsenüberfunktion	182,1203	4
de	gesund	317	Schilddrüsenunterfunktion	gesund	641	Eierstockkrebs	182,1203	4
de	gesund	317	Schilddrüsenunterfunktion	gesund	767	Schilddrüsenkrebs	182,1203	4
de	gesund	317	Schilddrüsenunterfunktion	msd	12-53	Ovarial-, Eileiter- und Peritonealkarzinom	182	4
de	gesund	317	Schilddrüsenunterfunktion	msd	13-107	Maligne Tumoren im Überblick	182	4
de	gesund	317	Schilddrüsenunterfunktion	msd	13-114	Tumorantigene	182	4
de	gesund	317	Schilddrüsenunterfunktion	msd	7-32	Hyperthyreose	182,1203	4
de	gesund	317	Schilddrüsenunterfunktion	msd	7-33	Bösartige Tumoren der Schilddrüse	182,1203	4
de	gesund	317	Schilddrüsenunterfunktion	msd	7-34	Hypothyreose	182,1203	4
de	gesund	317	Schilddrüsenunterfunktion	msd	9-112	Kolorektale Karzinome	182	4
de	gesund	317	Schilddrüsenunterfunktion	msd	9-115	Lynch-Syndrom	182	4
de	gesund	320	Pilzinfektion der Mundhöhle	gesund	617	Bakterielle Scheideninfektion	165	4
de	gesund	320	Pilzinfektion der Mundhöhle	msd	12-21	Candida-Vaginitis	165	4
de	gesund	320	Pilzinfektion der Mundhöhle	msd	12-22	Entzündliche Vaginitis	165	4
de	gesund	320	Pilzinfektion der Mundhöhle	msd	16-78	Kandidose	165	4
de	gesund	320	Pilzinfektion der Mundhöhle	msd	5-79	Kandidose (Mukokutane)	165	4
de	gesund	329	Kniearthrose	gesund	338	Schuppenflechte	579	4
de	gesund	329	Kniearthrose	msd	18-47	Psoriasisarthritis	579	4
de	gesund	329	Kniearthrose	msd	18-85	Arthrose der Hand	579	4
de	gesund	329	Kniearthrose	msd	5-43	Psoriasis	579	4
de	gesund	332	Kopfläuse	msd	5-87	Läuse	1155	3
de	gesund	338	Schuppenflechte	msd	18-47	Psoriasisarthritis	579	4
de	gesund	338	Schuppenflechte	msd	18-85	Arthrose der Hand	579	4
de	gesund	338	Schuppenflechte	msd	5-43	Psoriasis	579	4
de	gesund	341	Hernie	msd	12-37	Senkungen der Beckenorgane im Überblick	178	4
de	gesund	341	Hernie	msd	12-38	Vorderer und hinterer Vaginalwandprolaps	178	4
de	gesund	341	Hernie	msd	12-39	Uterus- und Apikalprolaps	178	4
de	gesund	341	Hernie	msd	21-155	Omphalozele	178	4
de	gesund	341	Hernie	msd	21-157	Zwerchfellhernie	178	4
de	gesund	341	Hernie	msd	9-36	Bauchwandhernien	178	4
de	gesund	341	Hernie	msd	9-53	Hiatushernie	178	4
de	gesund	344	Wochenbettdepression	gesund	98	Depression	150	4
de	gesund	344	Wochenbettdepression	msd	12-141	Wochenbettdepression	150	4
de	gesund	347	Zahnfleischentzündung	gesund	74	Angina Pectoris	21	4
de	gesund	347	Zahnfleischentzündung	msd	1-4	Thoraxschmerz	21	4
de	gesund	347	Zahnfleischentzündung	msd	1-51	Akuter Myokardinfarkt	21	4
de	gesund	347	Zahnfleischentzündung	msd	1-53	Medikamente für akute Koronarsyndrome	21	4
de	gesund	347	Zahnfleischentzündung	msd	1-57	Übersicht zur koronaren Herzkrankheit	21	4
de	gesund	347	Zahnfleischentzündung	msd	1-58	Angina pectoris	21	4
de	gesund	347	Zahnfleischentzündung	msd	1-59	Übersicht zum akuten Koronarsyndrom	21	4
de	gesund	347	Zahnfleischentzündung	msd	12-50	Mastalgie (Brustschmerzen)	21	4
de	gesund	347	Zahnfleischentzündung	msd	4-10	Zahnfleischhyperplasie	21	4
de	gesund	347	Zahnfleischentzündung	msd	4-11	Akute nekrotisierende ulzerierende Gingivitis (ANUG)	21	4
de	gesund	350	Lippenherpes	msd	16-156	Herpes-simplex-Virusinfektionen (HSV)	369	3
de	gesund	350	Lippenherpes	msd	6-26	Zoster oticus	369	3
de	gesund	356	Refluxkrankheit	msd	9-45	Eosinophile Ösophagitis	1300	4
de	gesund	368	Makuladegeneration	msd	8-64	Altersbedingte Makuladegeneration (AMD)	1265	4
de	gesund	368	Makuladegeneration	msd	8-70	Retinitis Pigmentosa	1265	4
de	gesund	374	Weisheitszähne	gesund	755	Zahnfehlstellung	508	4
de	gesund	374	Weisheitszähne	msd	17-16	Hüftfrakturen	508	4
de	gesund	374	Weisheitszähne	msd	17-4	Überblick über Frakturen	508	4
de	gesund	374	Weisheitszähne	msd	17-5	Pädiatrische Frakturen der Wachstumsfuge	508	4
de	gesund	374	Weisheitszähne	msd	17-84	Stressfrakturen	508	4
de	gesund	374	Weisheitszähne	msd	24-106	Rehabilitation nach Hüftoperationen	508	4
de	gesund	374	Weisheitszähne	msd	4-37	Frakturierte und avulsierte Zähne	508	4
de	gesund	383	Kreuzbandriss	gesund	566	Rücken- und Kreuzschmerzen	506	4
de	gesund	383	Kreuzbandriss	gesund	626	Nackenschmerzen	506	4
de	gesund	383	Kreuzbandriss	msd	17-168	Knieverstauchungen und Meniskusverletzungen	506	4
de	gesund	383	Kreuzbandriss	msd	18-70	Bandscheibenvorfall der Lendenwirbelsäule	506	4
de	gesund	383	Kreuzbandriss	msd	18-71	Lumbosakrale Radikulopathie	506	4
de	gesund	383	Kreuzbandriss	msd	18-72	Übersicht über Nacken- und Rückenschmerzen	506	4
de	gesund	395	Gutartige Prostatavergrößerung	msd	10-86	Benigne Prostatahyperplasie	78	4
de	gesund	398	Hühnerauge	msd	5-24	Schwielen und Hühneraugen	1128	3
de	gesund	404	Laktoseintoleranz	msd	9-84	Kohlenhydratintoleranz	1317	4
de	gesund	410	Lungenentzündung	msd	16-19	Klebsiella-, Enterobacter- und Serratia-infektionen	390	4
de	gesund	410	Lungenentzündung	msd	21-74	Pneumonie bei Neugeborenen	390	4
de	gesund	410	Lungenentzündung	msd	23-40	Pneumocystis jirovecii-Pneumonie	390	4
de	gesund	410	Lungenentzündung	msd	23-41	Beatmungsassoziierte Pneumonie	390	4
de	gesund	410	Lungenentzündung	msd	23-42	Übersicht über Pneumonie (Lungenentzündung)	390	4
de	gesund	410	Lungenentzündung	msd	23-54	Kryptogene organisierende Pneumonie	390	4
de	gesund	410	Lungenentzündung	msd	23-56	Akute Interstitielle Pneumonie	390	4
de	gesund	413	Schlafstörungen	msd	19-52	Zirkadiane Rhythmusstörungen mit Schlafstörungen	656	4
de	gesund	419	Mandelentzündung	msd	16-3	Streptokokkeninfektionen	445	4
de	gesund	419	Mandelentzündung	msd	16-8	Erysipeloid	445	4
de	gesund	419	Mandelentzündung	msd	5-63	Erysipel	445	4
de	gesund	419	Mandelentzündung	msd	5-71	Nekrotisierende Weichteilinfektion	445	4
de	gesund	419	Mandelentzündung	msd	6-53	Infektion im Submandibularbereich	445	4
de	gesund	419	Mandelentzündung	msd	6-59	Peritonsillarabszess und Peritonsillitis	445	4
de	gesund	419	Mandelentzündung	msd	6-60	Parapharyngealabszess	445	4
de	gesund	425	Sehnenscheidenentzündung	msd	18-64	Tendinitis und Tenosynovitis	592	4
de	gesund	428	Skoliose im Jugendalter	msd	21-293	Idiopathische Skoliose	809	3
de	gesund	431	Schleimbeutelentzündung	gesund	443	Schultersteife	549	4
de	gesund	431	Schleimbeutelentzündung	msd	17-77	Verletzung der Rotatorenmanschette/Subakromiale Bursitis	549	4
de	gesund	431	Schleimbeutelentzündung	msd	18-100	Bursitis calcanea inferior	549	4
de	gesund	431	Schleimbeutelentzündung	msd	18-66	Bursitis	549	4
de	gesund	437	Karpaltunnelsyndrom	msd	18-76	Karpaltunnelsyndrom	597	3
de	gesund	440	Obstruktive Schlafapnoe	msd	21-331	Frühgeborenenapnoe	828	4
de	gesund	440	Obstruktive Schlafapnoe	msd	23-99	Zentrale Schlafapnoe	828	4
de	gesund	443	Schultersteife	msd	17-77	Verletzung der Rotatorenmanschette/Subakromiale Bursitis	549	4
de	gesund	443	Schultersteife	msd	18-100	Bursitis calcanea inferior	549	4
de	gesund	443	Schultersteife	msd	18-66	Bursitis	549	4
de	gesund	446	Sprunggelenkbruch	msd	17-18	Sprunggelenkfrakturen	517	4
de	gesund	449	Seborrhoisches Ekzem	gesund	578	Tierallergie	302,303,304	4
de	gesund	449	Seborrhoisches Ekzem	msd	15-24	Arzneimittelüberempfindlichkeit	302,303,304	4
de	gesund	449	Seborrhoisches Ekzem	msd	15-25	Nahrungsmittelallergien	302,303,304	4
de	gesund	449	Seborrhoisches Ekzem	msd	15-27	Allergische Rhinitis	302,303,304	4
de	gesund	449	Seborrhoisches Ekzem	msd	16-251	Penicilline	302,303	4
de	gesund	449	Seborrhoisches Ekzem	msd	5-27	Definition von Dermatitis	302,303,304	4
de	gesund	449	Seborrhoisches Ekzem	msd	5-28	Atopische Dermatitis (Ekzem)	303,304	4
de	gesund	449	Seborrhoisches Ekzem	msd	5-30	Hand- und Fußekzem	303,304	4
de	gesund	449	Seborrhoisches Ekzem	msd	5-31	Lichen simplex chronicus	303,304	4
de	gesund	449	Seborrhoisches Ekzem	msd	5-33	Seborrhoische Dermatitis	303,304	4
de	gesund	455	Akute Bauchspeicheldrüsenentzündung	msd	9-72	Übersicht zur Pankreatitis	1311	3
de	gesund	455	Akute Bauchspeicheldrüsenentzündung	msd	9-73	Akute Pankreatitis	1311	3
de	gesund	455	Akute Bauchspeicheldrüsenentzündung	msd	9-74	Chronische Pankreatitis	1311	3
de	gesund	458	Borkenflechte	msd	5-68	Impetigo und Ecthyma	1149	3
de	gesund	461	Gutartiger Lagerungsschwindel	msd	6-18	Benommenheit (dizziness) und Schwindel (vertigo)	1162	4
de	gesund	461	Gutartiger Lagerungsschwindel	msd	6-24	Benigner paroxysmaler Lagerungsschwindel	1162	4
de	gesund	461	Gutartiger Lagerungsschwindel	msd	6-27	Menière-Krankheit	1162	4
de	gesund	464	Katarakt	msd	21-186	Angeborene Katarakt	761	4
de	gesund	464	Katarakt	msd	8-58	Katarakt	761	4
de	gesund	470	Bindehautentzündung	msd	8-30	Virale Konjunktivitis	1245	4
de	gesund	470	Bindehautentzündung	msd	8-31	Akute bakterielle Konjunktivitis	1245	4
de	gesund	470	Bindehautentzündung	msd	8-32	Einschlusskonjunktivitis des Erwachsenen	1245	4
de	gesund	470	Bindehautentzündung	msd	8-33	Allergische Konjunktivitis	1245	4
de	gesund	470	Bindehautentzündung	msd	8-37	Übersicht über die Konjunktivitis	1245	4
de	gesund	479	Fibromyalgie	msd	18-65	Fibromyalgie	593	3
de	gesund	482	Spannungskopfschmerzen	msd	19-53	Untersuchung des Kopfschmerzpatienten	657	3
de	gesund	482	Spannungskopfschmerzen	msd	19-54	Cluster-Kopfschmerz	657	3
de	gesund	482	Spannungskopfschmerzen	msd	19-58	Spannungskopfschmerz	657	3
de	gesund	482	Spannungskopfschmerzen	msd	19-59	Kurzdauernder einseitiger neuralgiformer Kopfschmerz mit konjunktivalen Injektionen und Tränenfluss (SUNCT-Syndrom)	657	3
de	gesund	485	Pseudokrupp	gesund	812	Hepatitis A	272	4
de	gesund	485	Pseudokrupp	gesund	815	Hepatitis B	272,273	4
de	gesund	485	Pseudokrupp	gesund	818	Hepatitis C	272,273	4
de	gesund	485	Pseudokrupp	gesund	947	Tetanus	273,400	4
de	gesund	485	Pseudokrupp	msd	14-23	Fulminante Hepatitis	272	4
de	gesund	485	Pseudokrupp	msd	14-25	Hepatitis B, Akut	272,273	4
de	gesund	485	Pseudokrupp	msd	14-27	Hepatitis C, Akut	272,273	4
de	gesund	485	Pseudokrupp	msd	14-29	Hepatitis D	272	4
de	gesund	485	Pseudokrupp	msd	14-30	Hepatitis E	272	4
de	gesund	485	Pseudokrupp	msd	14-38	Ischämische Hepatitis	272	4
de	gesund	485	Pseudokrupp	msd	16-211	Diphtherie-Tetanus-Pertussis-Impfstoff	273,400	4
de	gesund	485	Pseudokrupp	msd	16-212	Tetanus-Diphtherie-Impfstoff	273,400	4
de	gesund	485	Pseudokrupp	msd	16-215	Hepatitis A (HepA)-Impfstoff	272	4
de	gesund	485	Pseudokrupp	msd	16-216	Hepatitis B-Impfstoff	272	4
de	gesund	485	Pseudokrupp	msd	21-358	Krupp	272,273,400	4
de	gesund	485	Pseudokrupp	msd	6-72	Laryngitis	272,273,400	4
de	gesund	485	Pseudokrupp	msd	6-74	Dysphonia spastica	272,273,400	4
de	gesund	488	Reizdarmsyndrom	msd	9-81	Reisediarrhö	1314	4
de	gesund	488	Reizdarmsyndrom	msd	9-91	Übersicht zu entzündlichen Darmerkrankheiten	1314	4
de	gesund	491	Starkes Übergewicht	msd	20-56	Metabolisches Syndrom (Syndrom X)	713	4
de	gesund	491	Starkes Übergewicht	msd	21-16	Adipositas bei Jugendlichen	713	4
de	gesund	494	Stimmlippenknötchen	msd	16-164	Poliomyelitis	374,375	3
de	gesund	494	Stimmlippenknötchen	msd	16-165	Postpoliomyelitissyndrom	374,375	3
de	gesund	494	Stimmlippenknötchen	msd	16-221	Poliomyelitis-Impfstoff	374,375	3
de	gesund	494	Stimmlippenknötchen	msd	6-69	Laryngeale Kontaktulzera	374,1186	3
de	gesund	494	Stimmlippenknötchen	msd	6-75	Stimmlippenlähmung	374,375,1186	3
de	gesund	494	Stimmlippenknötchen	msd	6-76	Stimmbandpolypen, Knötchen und Granulome	374,1186	3
de	gesund	506	Transitorische ischämische Attacke	msd	19-27	Transitorische ischämische Attacke (TIA)	645	3
de	gesund	515	Schwachsichtigkeit bei Kindern	msd	21-185	Amblyopie	760	3
de	gesund	518	Akute lymphatische Leukämie	gesund	779	Chronische myeloische Leukämie	250,251,252	3
de	gesund	518	Akute lymphatische Leukämie	msd	13-83	Chronische myeloische Leukämie (CML)	250,251	3
de	gesund	518	Akute lymphatische Leukämie	msd	13-84	Leukämie im Überblick	250,251,252	3
de	gesund	518	Akute lymphatische Leukämie	msd	13-85	Akute lymphatische Leukämie (ALL)	251,252	3
de	gesund	521	Herzrhythmusstörung	gesund	710	Vorhofflimmern	8	3
de	gesund	521	Herzrhythmusstörung	msd	1-13	Kardiale Resynchronisationstherapie (CRT)	8	3
de	gesund	521	Herzrhythmusstörung	msd	1-16	Übersicht der Arrhythmien	8	3
de	gesund	521	Herzrhythmusstörung	msd	1-66	Ektope Supraventrikuläre Rhythmen	8	3
de	gesund	521	Herzrhythmusstörung	msd	1-72	Vorhofflattern	8	3
de	gesund	521	Herzrhythmusstörung	msd	1-78	Kammerflimmern (VF)	8	3
de	gesund	530	Nierensteine	msd	10-20	Harnsteine	41	3
de	gesund	533	Regelschmerzen	msd	12-12	Dysmenorrhoe	131	3
de	gesund	536	Eingewachsener Nagel	msd	5-107	Eingewachsener Zehennagel	1102	3
de	gesund	560	Nasennebenhöhlenentzündung	msd	6-67	Sinusitis	1185	4
de	gesund	563	Krampfadern	msd	1-113	Varikosis	3	4
de	gesund	563	Krampfadern	msd	1-114	Idiopathische Teleangiektasien	3	4
de	gesund	563	Krampfadern	msd	9-29	Varizen	3	4
de	gesund	566	Rücken- und Kreuzschmerzen	gesund	626	Nackenschmerzen	506	4
de	gesund	566	Rücken- und Kreuzschmerzen	msd	17-168	Knieverstauchungen und Meniskusverletzungen	506	4
de	gesund	566	Rücken- und Kreuzschmerzen	msd	18-70	Bandscheibenvorfall der Lendenwirbelsäule	506	4
de	gesund	566	Rücken- und Kreuzschmerzen	msd	18-71	Lumbosakrale Radikulopathie	506	4
de	gesund	566	Rücken- und Kreuzschmerzen	msd	18-72	Übersicht über Nacken- und Rückenschmerzen	506	4
de	gesund	572	Schwangerschaftsdiabetes	msd	12-102	Diabetes mellitus in der Schwangerschaft	118	3
de	gesund	575	Rheumatoide Arthritis	msd	13-74	Hämophagozytische Lymphohistiozytose (HLH)	244	4
de	gesund	575	Rheumatoide Arthritis	msd	21-326	Juvenile idiopathische Arthritis (JIA)	244	4
de	gesund	575	Rheumatoide Arthritis	msd	21-327	Makrophagenaktivierungssyndrom	244	4
de	gesund	578	Tierallergie	msd	15-24	Arzneimittelüberempfindlichkeit	302,303,304	4
de	gesund	578	Tierallergie	msd	15-25	Nahrungsmittelallergien	302,303,304	4
de	gesund	578	Tierallergie	msd	15-27	Allergische Rhinitis	302,303,304	4
de	gesund	578	Tierallergie	msd	16-251	Penicilline	302,303	4
de	gesund	578	Tierallergie	msd	5-27	Definition von Dermatitis	302,303,304	4
de	gesund	578	Tierallergie	msd	5-28	Atopische Dermatitis (Ekzem)	303,304	4
de	gesund	578	Tierallergie	msd	5-30	Hand- und Fußekzem	303,304	4
de	gesund	578	Tierallergie	msd	5-31	Lichen simplex chronicus	303,304	4
de	gesund	578	Tierallergie	msd	5-33	Seborrhoische Dermatitis	303,304	4
de	gesund	590	Kleienpilzflechte	gesund	959	Krätze	1101	4
de	gesund	590	Kleienpilzflechte	msd	5-105	Onychomykose	1101	4
de	gesund	590	Kleienpilzflechte	msd	5-75	Tinea corporis (Körperringelflechte)	1101	4
de	gesund	590	Kleienpilzflechte	msd	5-76	"Tinea cruris (""Jock Itch"")"	1101	4
de	gesund	590	Kleienpilzflechte	msd	5-77	Tinea pedis (Fußpilz)	1101	4
de	gesund	590	Kleienpilzflechte	msd	5-80	Übersicht zu Dermatophytien	1101	4
de	gesund	590	Kleienpilzflechte	msd	5-82	Tinea versicolor	1101	4
de	gesund	590	Kleienpilzflechte	msd	5-88	Skabies	1101	4
de	gesund	590	Kleienpilzflechte	msd	9-109	Pruritus ani (analer Juckreiz)	1101	4
de	gesund	596	Schilddrüsenüberfunktion	gesund	641	Eierstockkrebs	182,183,1203	4
de	gesund	596	Schilddrüsenüberfunktion	gesund	767	Schilddrüsenkrebs	182,183,1203	4
de	gesund	596	Schilddrüsenüberfunktion	msd	12-53	Ovarial-, Eileiter- und Peritonealkarzinom	182,183	4
de	gesund	596	Schilddrüsenüberfunktion	msd	13-107	Maligne Tumoren im Überblick	182,183	4
de	gesund	596	Schilddrüsenüberfunktion	msd	13-114	Tumorantigene	182,183	4
de	gesund	596	Schilddrüsenüberfunktion	msd	7-32	Hyperthyreose	182,1203	4
de	gesund	596	Schilddrüsenüberfunktion	msd	7-33	Bösartige Tumoren der Schilddrüse	182,183,1203	4
de	gesund	596	Schilddrüsenüberfunktion	msd	7-34	Hypothyreose	182,1203	4
de	gesund	596	Schilddrüsenüberfunktion	msd	9-112	Kolorektale Karzinome	182,183	4
de	gesund	596	Schilddrüsenüberfunktion	msd	9-115	Lynch-Syndrom	182,183	4
de	gesund	599	Gebärmutterhalskrebs	gesund	761	Sarkom	184,185,186,187	4
de	gesund	599	Gebärmutterhalskrebs	gesund	953	Toxoplasmose	184,185,186	4
de	gesund	599	Gebärmutterhalskrebs	gesund	974	HIV und Aids	184,185,186	4
de	gesund	599	Gebärmutterhalskrebs	msd	12-55	Uterussarkome	184,185,186,187	4
de	gesund	599	Gebärmutterhalskrebs	msd	14-56	AIDS-Cholangiopathie	184,185,186	4
de	gesund	599	Gebärmutterhalskrebs	msd	16-128	Kryptosporidiose	184,185,186	4
de	gesund	599	Gebärmutterhalskrebs	msd	16-179	Häufige Krebserkrankungen bei Patienten mit HIV-Infektion	184,185,186	4
de	gesund	599	Gebärmutterhalskrebs	msd	18-112	Primär maligne Knochentumoren	184,187	4
de	gesund	599	Gebärmutterhalskrebs	msd	21-112	Rhabdomyosarkome	184,185,186,187	4
de	gesund	599	Gebärmutterhalskrebs	msd	21-175	Angeborene neurologische Anomalien im Überblick	186	4
de	gesund	599	Gebärmutterhalskrebs	msd	5-125	Kaposi-Sarkom	184,187	4
de	gesund	602	Erhöhte Cholesterinwerte	msd	7-77	Dyslipidämie	1222	3
de	gesund	608	Hodgkin-Lymphom	gesund	752	Non-Hodgkin-Lymphom	257	3
de	gesund	608	Hodgkin-Lymphom	msd	13-91	Hodgkin-Lymphom	257	3
de	gesund	611	Tiefe Venenthrombose	msd	1-110	Tiefe Venenthrombose (TVT)	1	4
de	gesund	611	Tiefe Venenthrombose	msd	1-112	Oberflächliche Venenthrombose	1	4
de	gesund	611	Tiefe Venenthrombose	msd	13-45	Antiphospholipid-Syndrom (APS)	1	4
de	gesund	611	Tiefe Venenthrombose	msd	13-53	Erhöhte Faktor VIII-, IX- und XI-Spiegel	1	4
de	gesund	611	Tiefe Venenthrombose	msd	14-42	Portalvenenthrombose	1	4
de	gesund	614	Nierenkrebs	msd	10-90	Metastasen der Nieren	83	3
de	gesund	617	Bakterielle Scheideninfektion	msd	12-21	Candida-Vaginitis	165	4
de	gesund	617	Bakterielle Scheideninfektion	msd	12-22	Entzündliche Vaginitis	165	4
de	gesund	617	Bakterielle Scheideninfektion	msd	16-78	Kandidose	165	4
de	gesund	617	Bakterielle Scheideninfektion	msd	5-79	Kandidose (Mukokutane)	165	4
de	gesund	623	Speiseröhrenkrebs	msd	9-123	Ösophaguskarzinom	1286	3
de	gesund	626	Nackenschmerzen	msd	17-168	Knieverstauchungen und Meniskusverletzungen	506	4
de	gesund	626	Nackenschmerzen	msd	18-70	Bandscheibenvorfall der Lendenwirbelsäule	506	4
de	gesund	626	Nackenschmerzen	msd	18-71	Lumbosakrale Radikulopathie	506	4
de	gesund	626	Nackenschmerzen	msd	18-72	Übersicht über Nacken- und Rückenschmerzen	506	4
de	gesund	629	Weißer Hautkrebs	msd	5-132	Melanom	1120	3
de	gesund	638	CUP-Syndrom	msd	24-46	Schröpfen	1025	3
de	gesund	641	Eierstockkrebs	gesund	767	Schilddrüsenkrebs	182,183,1203	4
de	gesund	641	Eierstockkrebs	msd	12-53	Ovarial-, Eileiter- und Peritonealkarzinom	182,183	4
de	gesund	641	Eierstockkrebs	msd	13-107	Maligne Tumoren im Überblick	182,183	4
de	gesund	641	Eierstockkrebs	msd	13-114	Tumorantigene	182,183	4
de	gesund	641	Eierstockkrebs	msd	7-32	Hyperthyreose	182,1203	4
de	gesund	641	Eierstockkrebs	msd	7-33	Bösartige Tumoren der Schilddrüse	182,183,1203	4
de	gesund	641	Eierstockkrebs	msd	7-34	Hypothyreose	182,1203	4
de	gesund	641	Eierstockkrebs	msd	9-112	Kolorektale Karzinome	182,183	4
de	gesund	641	Eierstockkrebs	msd	9-115	Lynch-Syndrom	182,183	4
de	gesund	644	Druckgeschwür	msd	5-108	Druckverletzungen	1103	3
de	gesund	647	Bauchspeicheldrüsenkrebs	msd	9-116	Pankreaskarzinom	1284	3
de	gesund	650	Akute myeloische Leukämie	msd	13-86	Akute myeloische Leukämie (AML)	253	3
de	gesund	656	Gebärmutterkörperkrebs	gesund	662	Hirntumor	84	3
de	gesund	656	Gebärmutterkörperkrebs	gesund	785	Seltene Krebsarten	84	3
de	gesund	656	Gebärmutterkörperkrebs	msd	10-91	Peniskarzinom	84	3
de	gesund	656	Gebärmutterkörperkrebs	msd	10-94	Karzinome des Nierenbeckens und der Ureteren	84	3
de	gesund	656	Gebärmutterkörperkrebs	msd	12-56	Gestationsbedingte Trophoblasttumoren	84	3
de	gesund	656	Gebärmutterkörperkrebs	msd	21-109	Überblick über Tumoren des zentralen Nervensystems bei Kindern	84	3
de	gesund	656	Gebärmutterkörperkrebs	msd	23-102	Atemwegstumore	84	3
de	gesund	656	Gebärmutterkörperkrebs	msd	6-77	Karzinom der Nasennebenhöhlen	84	3
de	gesund	656	Gebärmutterkörperkrebs	msd	9-111	Analkrebs	84	3
de	gesund	662	Hirntumor	gesund	785	Seltene Krebsarten	84	3
de	gesund	662	Hirntumor	msd	10-91	Peniskarzinom	84	3
de	gesund	662	Hirntumor	msd	10-94	Karzinome des Nierenbeckens und der Ureteren	84	3
de	gesund	662	Hirntumor	msd	12-56	Gestationsbedingte Trophoblasttumoren	84	3
de	gesund	662	Hirntumor	msd	21-109	Überblick über Tumoren des zentralen Nervensystems bei Kindern	84	3
de	gesund	662	Hirntumor	msd	23-102	Atemwegstumore	84	3
de	gesund	662	Hirntumor	msd	6-77	Karzinom der Nasennebenhöhlen	84	3
de	gesund	662	Hirntumor	msd	9-111	Analkrebs	84	3
de	gesund	665	Hodenkrebs	msd	10-95	Hodentumor	86	3
de	gesund	668	Kehlkopfkrebs	gesund	746	Krebs der Mundhöhle und des Rachens	1178,1179,1187	4
de	gesund	668	Kehlkopfkrebs	msd	6-51	Sialadenitis	1178,1179	4
de	gesund	668	Kehlkopfkrebs	msd	6-70	Überblick zu Larynxstörungen	1178,1187	4
de	gesund	668	Kehlkopfkrebs	msd	6-78	Oropharyngeales Plattenepithelkarzinom	1178,1179	4
de	gesund	668	Kehlkopfkrebs	msd	6-81	Kehlkopfkrebs	1178,1179,1187	4
de	gesund	668	Kehlkopfkrebs	msd	6-82	Nasopharynxkarzinom	1178,1179	4
de	gesund	668	Kehlkopfkrebs	msd	6-83	Orales Plattenepithelkarzinom	1178,1179	4
de	gesund	668	Kehlkopfkrebs	msd	6-85	Speicheldrüsentumoren	1178,1179	4
de	gesund	698	Meniskusriss	msd	17-82	Knieschmerzen	551	3
de	gesund	698	Meniskusriss	msd	21-106	Chondromalazie der Patella	551	3
de	gesund	701	Magenkrebs	msd	9-124	Magenkarzinom	1287	3
de	gesund	710	Vorhofflimmern	msd	1-13	Kardiale Resynchronisationstherapie (CRT)	8	3
de	gesund	710	Vorhofflimmern	msd	1-16	Übersicht der Arrhythmien	8	3
de	gesund	710	Vorhofflimmern	msd	1-66	Ektope Supraventrikuläre Rhythmen	8	3
de	gesund	710	Vorhofflimmern	msd	1-68	Vorhofflimmern	8	3
de	gesund	710	Vorhofflimmern	msd	1-72	Vorhofflattern	8	3
de	gesund	710	Vorhofflimmern	msd	1-78	Kammerflimmern (VF)	8	3
de	gesund	713	Beulenpest	gesund	749	Lungenpest	408	3
de	gesund	713	Beulenpest	msd	16-23	Pest und Andere Yersinien-infektionen (Yersinia)	408	3
de	gesund	719	Botulismus	msd	16-61	Botulismus	456	3
de	gesund	725	Denguefieber	msd	16-167	Dengue	376	3
de	gesund	728	Ebolafieber	msd	16-226	Ebola-Impfstoff	405	3
de	gesund	731	Frühsommer-Meningoenzephalitis	gesund	968	COVID-19, Erkältung, Grippe: Kennzeichen im Überblick	362,363,364	4
de	gesund	731	Frühsommer-Meningoenzephalitis	msd	16-149	Influenza	362,363,364	4
de	gesund	731	Frühsommer-Meningoenzephalitis	msd	16-17	Haemophilus-Infektionen	362,363,364,382	4
de	gesund	731	Frühsommer-Meningoenzephalitis	msd	16-173	Sonstige Arbovirusinfektionen	362,363,380,382	4
de	gesund	731	Frühsommer-Meningoenzephalitis	msd	16-174	Zika-Virus (ZV)-Infektionen	362,380,382	4
de	gesund	731	Frühsommer-Meningoenzephalitis	msd	16-218	Influenza-Impfstoff	362,363,364	4
de	gesund	731	Frühsommer-Meningoenzephalitis	msd	16-225	COVID-19-Impfstoff	362,363,364	4
de	gesund	731	Frühsommer-Meningoenzephalitis	msd	19-63	Enzephalitis	362,363,364,380,382	4
de	gesund	731	Frühsommer-Meningoenzephalitis	msd	19-72	Rezidivierende Meningitis	362,363,364,382	4
de	gesund	731	Frühsommer-Meningoenzephalitis	msd	23-33	Therapie der stabilen chronischer obstruktiver Lungenerkrankung	362,363,364	4
de	gesund	731	Frühsommer-Meningoenzephalitis	msd	23-34	Therapie der akut exazerbierten chronischen obstruktiven Lungenerkrankung	362,363,364	4
de	gesund	734	Herzrasen (bei anfallsartiger Vorhoftachykardie)	msd	1-7	Palpitationen	25	3
de	gesund	737	Malaria	gesund	929	Chlamydien-Infektion	284,357	3
de	gesund	737	Malaria	gesund	932	Gonorrhö	284,357,358	3
de	gesund	737	Malaria	msd	14-4	Spontane bakterielle Peritonitis (SBP)	284	3
de	gesund	737	Malaria	msd	16-137	Malaria	284,357,358	3
de	gesund	737	Malaria	msd	16-187	Gonorrhö	284,357,358	3
de	gesund	737	Malaria	msd	16-189	Lymphogranuloma Venereum (LGV)	284,357	3
de	gesund	737	Malaria	msd	21-321	Roseola infantum	357,358	3
de	gesund	737	Malaria	msd	9-108	Proktitis	284,357	3
de	gesund	74	Angina Pectoris	msd	1-4	Thoraxschmerz	21	4
de	gesund	74	Angina Pectoris	msd	1-51	Akuter Myokardinfarkt	21	4
de	gesund	74	Angina Pectoris	msd	1-53	Medikamente für akute Koronarsyndrome	21	4
de	gesund	74	Angina Pectoris	msd	1-57	Übersicht zur koronaren Herzkrankheit	21	4
de	gesund	74	Angina Pectoris	msd	1-58	Angina pectoris	21	4
de	gesund	74	Angina Pectoris	msd	1-59	Übersicht zum akuten Koronarsyndrom	21	4
de	gesund	74	Angina Pectoris	msd	12-50	Mastalgie (Brustschmerzen)	21	4
de	gesund	74	Angina Pectoris	msd	4-10	Zahnfleischhyperplasie	21	4
de	gesund	74	Angina Pectoris	msd	4-11	Akute nekrotisierende ulzerierende Gingivitis (ANUG)	21	4
de	gesund	743	Herzschwäche	msd	1-60	Medikamente bei Herzinsuffizienz	23	3
de	gesund	743	Herzschwäche	msd	1-61	Herzinsuffizienz (HF)	23	3
de	gesund	743	Herzschwäche	msd	1-62	Lungenödem	23	3
de	gesund	746	Krebs der Mundhöhle und des Rachens	msd	6-51	Sialadenitis	1178,1179	4
de	gesund	746	Krebs der Mundhöhle und des Rachens	msd	6-70	Überblick zu Larynxstörungen	1178,1187	4
de	gesund	746	Krebs der Mundhöhle und des Rachens	msd	6-78	Oropharyngeales Plattenepithelkarzinom	1178,1179	4
de	gesund	746	Krebs der Mundhöhle und des Rachens	msd	6-82	Nasopharynxkarzinom	1178,1179	4
de	gesund	746	Krebs der Mundhöhle und des Rachens	msd	6-83	Orales Plattenepithelkarzinom	1178,1179	4
de	gesund	746	Krebs der Mundhöhle und des Rachens	msd	6-85	Speicheldrüsentumoren	1178,1179	4
de	gesund	749	Lungenpest	msd	16-23	Pest und Andere Yersinien-infektionen (Yersinia)	408	3
de	gesund	752	Non-Hodgkin-Lymphom	msd	13-92	Non-Hodgkin-Lymphom	257	3
de	gesund	755	Zahnfehlstellung	msd	17-16	Hüftfrakturen	508	4
de	gesund	755	Zahnfehlstellung	msd	17-4	Überblick über Frakturen	508	4
de	gesund	755	Zahnfehlstellung	msd	17-5	Pädiatrische Frakturen der Wachstumsfuge	508	4
de	gesund	755	Zahnfehlstellung	msd	17-84	Stressfrakturen	508	4
de	gesund	755	Zahnfehlstellung	msd	24-106	Rehabilitation nach Hüftoperationen	508	4
de	gesund	755	Zahnfehlstellung	msd	4-37	Frakturierte und avulsierte Zähne	508	4
de	gesund	758	Tollwut	msd	19-66	Rabies (Tollwut)	663	3
de	gesund	761	Sarkom	gesund	953	Toxoplasmose	184,185,186	4
de	gesund	761	Sarkom	gesund	974	HIV und Aids	184,185,186	4
de	gesund	761	Sarkom	msd	12-55	Uterussarkome	184,185,186,187	4
de	gesund	761	Sarkom	msd	14-56	AIDS-Cholangiopathie	184,185,186	4
de	gesund	761	Sarkom	msd	16-128	Kryptosporidiose	184,185,186	4
de	gesund	761	Sarkom	msd	16-179	Häufige Krebserkrankungen bei Patienten mit HIV-Infektion	184,185,186	4
de	gesund	761	Sarkom	msd	18-112	Primär maligne Knochentumoren	184,187	4
de	gesund	761	Sarkom	msd	21-112	Rhabdomyosarkome	184,185,186,187	4
de	gesund	761	Sarkom	msd	21-175	Angeborene neurologische Anomalien im Überblick	186	4
de	gesund	761	Sarkom	msd	5-125	Kaposi-Sarkom	184,187	4
de	gesund	764	Typhus	msd	16-34	Typhus	440	3
de	gesund	764	Typhus	msd	16-41	Rückfallfieber	440	3
de	gesund	764	Typhus	msd	16-51	Epidemischer Typhus	440	3
de	gesund	764	Typhus	msd	16-52	Muriner (endemischer) Typhus	440	3
de	gesund	764	Typhus	msd	16-54	Rocky-Mountain-Fleckfieber	440	3
de	gesund	764	Typhus	msd	16-55	Buschfieber	440	3
de	gesund	767	Schilddrüsenkrebs	msd	12-53	Ovarial-, Eileiter- und Peritonealkarzinom	182,183	4
de	gesund	767	Schilddrüsenkrebs	msd	13-107	Maligne Tumoren im Überblick	182,183	4
de	gesund	767	Schilddrüsenkrebs	msd	13-114	Tumorantigene	182,183	4
de	gesund	767	Schilddrüsenkrebs	msd	7-32	Hyperthyreose	182,1203	4
de	gesund	767	Schilddrüsenkrebs	msd	7-33	Bösartige Tumoren der Schilddrüse	182,183,1203	4
de	gesund	767	Schilddrüsenkrebs	msd	7-34	Hypothyreose	182,1203	4
de	gesund	767	Schilddrüsenkrebs	msd	9-112	Kolorektale Karzinome	182,183	4
de	gesund	767	Schilddrüsenkrebs	msd	9-115	Lynch-Syndrom	182,183	4
de	gesund	770	Schwarzer Hautkrebs	msd	5-132	Melanom	1120	3
de	gesund	773	Chronische lymphatische Leukämie	msd	13-82	Chronische lymphatische Leukämie (CLL)	249	3
de	gesund	779	Chronische myeloische Leukämie	msd	13-83	Chronische myeloische Leukämie (CML)	250,251	3
de	gesund	779	Chronische myeloische Leukämie	msd	13-84	Leukämie im Überblick	250,251,252	3
de	gesund	779	Chronische myeloische Leukämie	msd	13-85	Akute lymphatische Leukämie (ALL)	251,252	3
de	gesund	785	Seltene Krebsarten	msd	10-91	Peniskarzinom	84	3
de	gesund	785	Seltene Krebsarten	msd	10-94	Karzinome des Nierenbeckens und der Ureteren	84	3
de	gesund	785	Seltene Krebsarten	msd	12-56	Gestationsbedingte Trophoblasttumoren	84	3
de	gesund	785	Seltene Krebsarten	msd	21-109	Überblick über Tumoren des zentralen Nervensystems bei Kindern	84	3
de	gesund	785	Seltene Krebsarten	msd	23-102	Atemwegstumore	84	3
de	gesund	785	Seltene Krebsarten	msd	6-77	Karzinom der Nasennebenhöhlen	84	3
de	gesund	785	Seltene Krebsarten	msd	9-111	Analkrebs	84	3
de	gesund	788	Glaukom	msd	21-187	Primäres infantiles Glaukom	762	3
de	gesund	788	Glaukom	msd	8-55	Glaukome im Überblick	762	3
de	gesund	794	Leberkrebs	msd	14-48	Metastasen der Leber	282	3
de	gesund	812	Hepatitis A	gesund	815	Hepatitis B	271,272	4
de	gesund	812	Hepatitis A	gesund	818	Hepatitis C	271,272	4
de	gesund	812	Hepatitis A	msd	14-23	Fulminante Hepatitis	271,272	4
de	gesund	812	Hepatitis A	msd	14-24	Hepatitis A	271,272	4
de	gesund	812	Hepatitis A	msd	14-25	Hepatitis B, Akut	271,272	4
de	gesund	812	Hepatitis A	msd	14-27	Hepatitis C, Akut	271,272	4
de	gesund	812	Hepatitis A	msd	14-29	Hepatitis D	271,272	4
de	gesund	812	Hepatitis A	msd	14-30	Hepatitis E	271,272	4
de	gesund	812	Hepatitis A	msd	14-38	Ischämische Hepatitis	271,272	4
de	gesund	812	Hepatitis A	msd	16-215	Hepatitis A (HepA)-Impfstoff	271,272	4
de	gesund	812	Hepatitis A	msd	16-216	Hepatitis B-Impfstoff	271,272	4
de	gesund	812	Hepatitis A	msd	21-358	Krupp	272	4
de	gesund	812	Hepatitis A	msd	6-72	Laryngitis	272	4
de	gesund	812	Hepatitis A	msd	6-74	Dysphonia spastica	272	4
de	gesund	815	Hepatitis B	gesund	818	Hepatitis C	271,272,273	4
de	gesund	815	Hepatitis B	gesund	947	Tetanus	273	4
de	gesund	815	Hepatitis B	msd	14-23	Fulminante Hepatitis	271,272	4
de	gesund	815	Hepatitis B	msd	14-25	Hepatitis B, Akut	271,272,273	4
de	gesund	815	Hepatitis B	msd	14-27	Hepatitis C, Akut	271,272,273	4
de	gesund	815	Hepatitis B	msd	14-29	Hepatitis D	271,272	4
de	gesund	815	Hepatitis B	msd	14-30	Hepatitis E	271,272	4
de	gesund	815	Hepatitis B	msd	14-38	Ischämische Hepatitis	271,272	4
de	gesund	815	Hepatitis B	msd	16-211	Diphtherie-Tetanus-Pertussis-Impfstoff	273	4
de	gesund	815	Hepatitis B	msd	16-212	Tetanus-Diphtherie-Impfstoff	273	4
de	gesund	815	Hepatitis B	msd	16-215	Hepatitis A (HepA)-Impfstoff	271,272	4
de	gesund	815	Hepatitis B	msd	16-216	Hepatitis B-Impfstoff	271,272	4
de	gesund	815	Hepatitis B	msd	21-358	Krupp	272,273	4
de	gesund	815	Hepatitis B	msd	6-72	Laryngitis	272,273	4
de	gesund	815	Hepatitis B	msd	6-74	Dysphonia spastica	272,273	4
de	gesund	818	Hepatitis C	gesund	947	Tetanus	273	4
de	gesund	818	Hepatitis C	msd	14-23	Fulminante Hepatitis	271,272	4
de	gesund	818	Hepatitis C	msd	14-25	Hepatitis B, Akut	271,272,273	4
de	gesund	818	Hepatitis C	msd	14-27	Hepatitis C, Akut	271,272,273	4
de	gesund	818	Hepatitis C	msd	14-29	Hepatitis D	271,272	4
de	gesund	818	Hepatitis C	msd	14-30	Hepatitis E	271,272	4
de	gesund	818	Hepatitis C	msd	14-38	Ischämische Hepatitis	271,272	4
de	gesund	818	Hepatitis C	msd	16-211	Diphtherie-Tetanus-Pertussis-Impfstoff	273	4
de	gesund	818	Hepatitis C	msd	16-212	Tetanus-Diphtherie-Impfstoff	273	4
de	gesund	818	Hepatitis C	msd	16-215	Hepatitis A (HepA)-Impfstoff	271,272	4
de	gesund	818	Hepatitis C	msd	16-216	Hepatitis B-Impfstoff	271,272	4
de	gesund	818	Hepatitis C	msd	21-358	Krupp	272,273	4
de	gesund	818	Hepatitis C	msd	6-72	Laryngitis	272,273	4
de	gesund	818	Hepatitis C	msd	6-74	Dysphonia spastica	272,273	4
de	gesund	830	Röteln	msd	16-219	Impfstoff gegen Masern, Mumps und Röteln (MMR)	402	4
de	gesund	830	Röteln	msd	21-318	Subakute sklerosierende Panenzephalitis (SSPE)	402	4
de	gesund	830	Röteln	msd	21-65	Kongenitale Röteln	402	4
de	gesund	86	Akne	msd	5-11	Hidradenitis suppurativa	1111	4
de	gesund	86	Akne	msd	5-8	Acne vulgaris	1111	4
de	gesund	929	Chlamydien-Infektion	gesund	932	Gonorrhö	284,285,357	3
de	gesund	929	Chlamydien-Infektion	msd	14-4	Spontane bakterielle Peritonitis (SBP)	284,285	3
de	gesund	929	Chlamydien-Infektion	msd	16-187	Gonorrhö	284,357	3
de	gesund	929	Chlamydien-Infektion	msd	16-189	Lymphogranuloma Venereum (LGV)	284,285,357	3
de	gesund	929	Chlamydien-Infektion	msd	21-321	Roseola infantum	357	3
de	gesund	929	Chlamydien-Infektion	msd	9-108	Proktitis	284,285,357	3
de	gesund	932	Gonorrhö	msd	14-4	Spontane bakterielle Peritonitis (SBP)	284,285	3
de	gesund	932	Gonorrhö	msd	16-187	Gonorrhö	284,357,358	3
de	gesund	932	Gonorrhö	msd	16-189	Lymphogranuloma Venereum (LGV)	284,285,357	3
de	gesund	932	Gonorrhö	msd	21-321	Roseola infantum	357,358	3
de	gesund	932	Gonorrhö	msd	9-108	Proktitis	284,285,357	3
de	gesund	944	Lepra	msd	16-72	Lepra	459	3
de	gesund	947	Tetanus	msd	14-25	Hepatitis B, Akut	273	4
de	gesund	947	Tetanus	msd	14-27	Hepatitis C, Akut	273	4
de	gesund	947	Tetanus	msd	16-211	Diphtherie-Tetanus-Pertussis-Impfstoff	273,400	4
de	gesund	947	Tetanus	msd	16-212	Tetanus-Diphtherie-Impfstoff	273,400	4
de	gesund	947	Tetanus	msd	16-67	Tetanus	273,400	4
de	gesund	947	Tetanus	msd	21-358	Krupp	273,400	4
de	gesund	947	Tetanus	msd	6-72	Laryngitis	273,400	4
de	gesund	947	Tetanus	msd	6-74	Dysphonia spastica	273,400	4
de	gesund	95	Alzheimer-Demenz	gesund	956	vaskuläre Demenz	649	4
de	gesund	95	Alzheimer-Demenz	msd	19-35	Demenz	649	4
de	gesund	95	Alzheimer-Demenz	msd	19-38	Alzheimer-Demenz	649	4
de	gesund	95	Alzheimer-Demenz	msd	19-39	Vaskuläre kognitive Beeinträchtigung und Demenz	649	4
de	gesund	953	Toxoplasmose	gesund	974	HIV und Aids	184,185,186	4
de	gesund	953	Toxoplasmose	msd	12-55	Uterussarkome	184,185,186	4
de	gesund	953	Toxoplasmose	msd	14-56	AIDS-Cholangiopathie	184,185,186	4
de	gesund	953	Toxoplasmose	msd	16-128	Kryptosporidiose	184,185,186,349	4
de	gesund	953	Toxoplasmose	msd	16-179	Häufige Krebserkrankungen bei Patienten mit HIV-Infektion	184,185,186	4
de	gesund	953	Toxoplasmose	msd	18-112	Primär maligne Knochentumoren	184	4
de	gesund	953	Toxoplasmose	msd	21-112	Rhabdomyosarkome	184,185,186	4
de	gesund	953	Toxoplasmose	msd	21-175	Angeborene neurologische Anomalien im Überblick	186,349	4
de	gesund	953	Toxoplasmose	msd	5-125	Kaposi-Sarkom	184	4
de	gesund	956	vaskuläre Demenz	msd	19-35	Demenz	649	4
de	gesund	956	vaskuläre Demenz	msd	19-39	Vaskuläre kognitive Beeinträchtigung und Demenz	649	4
de	gesund	959	Krätze	msd	5-105	Onychomykose	1101	4
de	gesund	959	Krätze	msd	5-75	Tinea corporis (Körperringelflechte)	1101	4
de	gesund	959	Krätze	msd	5-76	"Tinea cruris (""Jock Itch"")"	1101	4
de	gesund	959	Krätze	msd	5-77	Tinea pedis (Fußpilz)	1101	4
de	gesund	959	Krätze	msd	5-80	Übersicht zu Dermatophytien	1101	4
de	gesund	959	Krätze	msd	5-82	Tinea versicolor	1101	4
de	gesund	959	Krätze	msd	5-88	Skabies	1101	4
de	gesund	959	Krätze	msd	9-109	Pruritus ani (analer Juckreiz)	1101	4
de	gesund	962	Tuberkulose	msd	16-71	Nichttuberkulöse mykobakterielle Infektionen	458	3
de	gesund	968	COVID-19, Erkältung, Grippe: Kennzeichen im Überblick	msd	16-149	Influenza	362,363,364	4
de	gesund	968	COVID-19, Erkältung, Grippe: Kennzeichen im Überblick	msd	16-17	Haemophilus-Infektionen	362,363,364	4
de	gesund	968	COVID-19, Erkältung, Grippe: Kennzeichen im Überblick	msd	16-173	Sonstige Arbovirusinfektionen	362,363	4
de	gesund	968	COVID-19, Erkältung, Grippe: Kennzeichen im Überblick	msd	16-174	Zika-Virus (ZV)-Infektionen	362	4
de	gesund	968	COVID-19, Erkältung, Grippe: Kennzeichen im Überblick	msd	16-218	Influenza-Impfstoff	362,363,364	4
de	gesund	968	COVID-19, Erkältung, Grippe: Kennzeichen im Überblick	msd	16-225	COVID-19-Impfstoff	362,363,364	4
de	gesund	968	COVID-19, Erkältung, Grippe: Kennzeichen im Überblick	msd	19-63	Enzephalitis	362,363,364	4
de	gesund	968	COVID-19, Erkältung, Grippe: Kennzeichen im Überblick	msd	19-72	Rezidivierende Meningitis	362,363,364	4
de	gesund	968	COVID-19, Erkältung, Grippe: Kennzeichen im Überblick	msd	23-33	Therapie der stabilen chronischer obstruktiver Lungenerkrankung	362,363,364	4
de	gesund	968	COVID-19, Erkältung, Grippe: Kennzeichen im Überblick	msd	23-34	Therapie der akut exazerbierten chronischen obstruktiven Lungenerkrankung	362,363,364	4
de	gesund	974	HIV und Aids	msd	12-55	Uterussarkome	184,185,186	4
de	gesund	974	HIV und Aids	msd	14-56	AIDS-Cholangiopathie	184,185,186	4
de	gesund	974	HIV und Aids	msd	16-128	Kryptosporidiose	184,185,186	4
de	gesund	974	HIV und Aids	msd	16-179	Häufige Krebserkrankungen bei Patienten mit HIV-Infektion	184,185,186	4
de	gesund	974	HIV und Aids	msd	18-112	Primär maligne Knochentumoren	184	4
de	gesund	974	HIV und Aids	msd	21-112	Rhabdomyosarkome	184,185,186	4
de	gesund	974	HIV und Aids	msd	21-175	Angeborene neurologische Anomalien im Überblick	186	4
de	gesund	974	HIV und Aids	msd	5-125	Kaposi-Sarkom	184	4
de	gesund	980	Hantavirus-Erkrankungen	msd	16-168	Hanta-Virusinfektion	377	3
de	gesund	992	Sepsis	msd	12-163	Spontanabort	158,159,160,161	4
de	gesund	992	Sepsis	msd	12-164	Septischer Abort	158,159,162	4
de	gesund	992	Sepsis	msd	12-63	Induzierter Abort	158,159,160,161,162	4
de	gesund	992	Sepsis	msd	12-79	Wiederholte Fehlgeburten	158,160,161	4
de	gesund	992	Sepsis	msd	16-4	Toxisches Schocksyndrom (TSS)	158,159,160,162	4
de	gesund	992	Sepsis	msd	21-75	Sepsis bei Neugeborenen	158,159,162	4
de	gesund	992	Sepsis	msd	3-53	Sepsis und septischer Schock	158,159,160,161,162	4
de	gesund	998	Campylobacteriose	msd	16-14	Campylobacter-Infektionen	359	3
de	msd	1-1	Lymphödem	msd	24-25	Mammographie	9	4
de	msd	1-110	Tiefe Venenthrombose (TVT)	msd	1-112	Oberflächliche Venenthrombose	1	4
de	msd	1-110	Tiefe Venenthrombose (TVT)	msd	13-45	Antiphospholipid-Syndrom (APS)	1	4
de	msd	1-110	Tiefe Venenthrombose (TVT)	msd	13-53	Erhöhte Faktor VIII-, IX- und XI-Spiegel	1	4
de	msd	1-110	Tiefe Venenthrombose (TVT)	msd	14-42	Portalvenenthrombose	1	4
de	msd	1-112	Oberflächliche Venenthrombose	msd	13-45	Antiphospholipid-Syndrom (APS)	1	4
de	msd	1-112	Oberflächliche Venenthrombose	msd	13-53	Erhöhte Faktor VIII-, IX- und XI-Spiegel	1	4
de	msd	1-112	Oberflächliche Venenthrombose	msd	14-42	Portalvenenthrombose	1	4
de	msd	1-113	Varikosis	msd	1-114	Idiopathische Teleangiektasien	3	4
de	msd	1-113	Varikosis	msd	9-29	Varizen	3	4
de	msd	1-114	Idiopathische Teleangiektasien	msd	9-29	Varizen	3	4
de	msd	1-13	Kardiale Resynchronisationstherapie (CRT)	msd	1-16	Übersicht der Arrhythmien	8	3
de	msd	1-13	Kardiale Resynchronisationstherapie (CRT)	msd	1-66	Ektope Supraventrikuläre Rhythmen	8	3
de	msd	1-13	Kardiale Resynchronisationstherapie (CRT)	msd	1-72	Vorhofflattern	8	3
de	msd	1-13	Kardiale Resynchronisationstherapie (CRT)	msd	1-78	Kammerflimmern (VF)	8	3
de	msd	1-16	Übersicht der Arrhythmien	msd	1-66	Ektope Supraventrikuläre Rhythmen	8	3
de	msd	1-16	Übersicht der Arrhythmien	msd	1-72	Vorhofflattern	8	3
de	msd	1-16	Übersicht der Arrhythmien	msd	1-78	Kammerflimmern (VF)	8	3
de	msd	1-4	Thoraxschmerz	msd	1-51	Akuter Myokardinfarkt	21	4
de	msd	1-4	Thoraxschmerz	msd	1-53	Medikamente für akute Koronarsyndrome	21	4
de	msd	1-4	Thoraxschmerz	msd	1-57	Übersicht zur koronaren Herzkrankheit	21	4
de	msd	1-4	Thoraxschmerz	msd	1-58	Angina pectoris	21	4
de	msd	1-4	Thoraxschmerz	msd	1-59	Übersicht zum akuten Koronarsyndrom	21	4
de	msd	1-4	Thoraxschmerz	msd	12-50	Mastalgie (Brustschmerzen)	21	4
de	msd	1-4	Thoraxschmerz	msd	4-10	Zahnfleischhyperplasie	21	4
de	msd	1-4	Thoraxschmerz	msd	4-11	Akute nekrotisierende ulzerierende Gingivitis (ANUG)	21	4
de	msd	1-43	Hypertonie	msd	12-105	Hypertonie in der Schwangerschaft	19	4
de	msd	1-43	Hypertonie	msd	14-9	Portale Hypertonie	19	4
de	msd	1-43	Hypertonie	msd	19-55	Idiopathische intrakranielle Hypertension	19	4
de	msd	1-43	Hypertonie	msd	23-83	Portopulmonale Hypertonie	19	4
de	msd	1-46	Atherosklerose	msd	1-47	Nichtatheromatöse Arteriosklerose	20	3
de	msd	1-51	Akuter Myokardinfarkt	msd	1-53	Medikamente für akute Koronarsyndrome	21	4
de	msd	1-51	Akuter Myokardinfarkt	msd	1-57	Übersicht zur koronaren Herzkrankheit	21	4
de	msd	1-51	Akuter Myokardinfarkt	msd	1-58	Angina pectoris	21	4
de	msd	1-51	Akuter Myokardinfarkt	msd	1-59	Übersicht zum akuten Koronarsyndrom	21	4
de	msd	1-51	Akuter Myokardinfarkt	msd	12-50	Mastalgie (Brustschmerzen)	21	4
de	msd	1-51	Akuter Myokardinfarkt	msd	4-10	Zahnfleischhyperplasie	21	4
de	msd	1-51	Akuter Myokardinfarkt	msd	4-11	Akute nekrotisierende ulzerierende Gingivitis (ANUG)	21	4
de	msd	1-53	Medikamente für akute Koronarsyndrome	msd	1-57	Übersicht zur koronaren Herzkrankheit	21	4
de	msd	1-53	Medikamente für akute Koronarsyndrome	msd	1-58	Angina pectoris	21	4
de	msd	1-53	Medikamente für akute Koronarsyndrome	msd	1-59	Übersicht zum akuten Koronarsyndrom	21	4
de	msd	1-53	Medikamente für akute Koronarsyndrome	msd	12-50	Mastalgie (Brustschmerzen)	21	4
de	msd	1-53	Medikamente für akute Koronarsyndrome	msd	4-10	Zahnfleischhyperplasie	21	4
de	msd	1-53	Medikamente für akute Koronarsyndrome	msd	4-11	Akute nekrotisierende ulzerierende Gingivitis (ANUG)	21	4
de	msd	1-57	Übersicht zur koronaren Herzkrankheit	msd	1-58	Angina pectoris	21	4
de	msd	1-57	Übersicht zur koronaren Herzkrankheit	msd	1-59	Übersicht zum akuten Koronarsyndrom	21	4
de	msd	1-57	Übersicht zur koronaren Herzkrankheit	msd	12-50	Mastalgie (Brustschmerzen)	21	4
de	msd	1-57	Übersicht zur koronaren Herzkrankheit	msd	4-10	Zahnfleischhyperplasie	21	4
de	msd	1-57	Übersicht zur koronaren Herzkrankheit	msd	4-11	Akute nekrotisierende ulzerierende Gingivitis (ANUG)	21	4
de	msd	1-58	Angina pectoris	msd	1-59	Übersicht zum akuten Koronarsyndrom	21	4
de	msd	1-58	Angina pectoris	msd	12-50	Mastalgie (Brustschmerzen)	21	4
de	msd	1-58	Angina pectoris	msd	4-10	Zahnfleischhyperplasie	21	4
de	msd	1-58	Angina pectoris	msd	4-11	Akute nekrotisierende ulzerierende Gingivitis (ANUG)	21	4
de	msd	1-59	Übersicht zum akuten Koronarsyndrom	msd	12-50	Mastalgie (Brustschmerzen)	21	4
de	msd	1-59	Übersicht zum akuten Koronarsyndrom	msd	4-10	Zahnfleischhyperplasie	21	4
de	msd	1-59	Übersicht zum akuten Koronarsyndrom	msd	4-11	Akute nekrotisierende ulzerierende Gingivitis (ANUG)	21	4
de	msd	1-60	Medikamente bei Herzinsuffizienz	msd	1-61	Herzinsuffizienz (HF)	23	3
de	msd	1-60	Medikamente bei Herzinsuffizienz	msd	1-62	Lungenödem	23	3
de	msd	1-61	Herzinsuffizienz (HF)	msd	1-62	Lungenödem	23	3
de	msd	1-66	Ektope Supraventrikuläre Rhythmen	msd	1-72	Vorhofflattern	8	3
de	msd	1-66	Ektope Supraventrikuläre Rhythmen	msd	1-78	Kammerflimmern (VF)	8	3
de	msd	1-72	Vorhofflattern	msd	1-78	Kammerflimmern (VF)	8	3
de	msd	1-89	Infektiöse Endokarditis	msd	1-90	Nichtinfektiöse Endokarditis	30	3
de	msd	1-93	Abdominelle Aortale Aneurysmen (AAA)	msd	1-94	Thorakale Aortenaneurysmen	32	3
de	msd	1-93	Abdominelle Aortale Aneurysmen (AAA)	msd	1-96	Übersicht zu Aortenaneurysmen	32	3
de	msd	1-94	Thorakale Aortenaneurysmen	msd	1-96	Übersicht zu Aortenaneurysmen	32	3
de	msd	10-15	Harninkontinenz bei Erwachsenen	msd	21-282	Harninkontinenz bei Kindern	36	2
de	msd	10-21	Einführung zu Harnwegsinfektionen (HWI)	msd	10-23	Harnwegsinfekt durch Pilze	42	2
de	msd	10-65	Myelomnephropathie	msd	13-97	Multiples Myelom	65	2
de	msd	10-69	Arginin-Vasopressin-Resistenz	msd	7-28	Arginin-Vasopressin-Mangel (zentraler Diabetes insipidus)	68	3
de	msd	10-91	Peniskarzinom	msd	10-94	Karzinome des Nierenbeckens und der Ureteren	84	3
de	msd	10-91	Peniskarzinom	msd	12-56	Gestationsbedingte Trophoblasttumoren	84	3
de	msd	10-91	Peniskarzinom	msd	21-109	Überblick über Tumoren des zentralen Nervensystems bei Kindern	84	3
de	msd	10-91	Peniskarzinom	msd	23-102	Atemwegstumore	84	3
de	msd	10-91	Peniskarzinom	msd	6-77	Karzinom der Nasennebenhöhlen	84	3
de	msd	10-91	Peniskarzinom	msd	9-111	Analkrebs	84	3
de	msd	10-94	Karzinome des Nierenbeckens und der Ureteren	msd	12-56	Gestationsbedingte Trophoblasttumoren	84	3
de	msd	10-94	Karzinome des Nierenbeckens und der Ureteren	msd	21-109	Überblick über Tumoren des zentralen Nervensystems bei Kindern	84	3
de	msd	10-94	Karzinome des Nierenbeckens und der Ureteren	msd	23-102	Atemwegstumore	84	3
de	msd	10-94	Karzinome des Nierenbeckens und der Ureteren	msd	6-77	Karzinom der Nasennebenhöhlen	84	3
de	msd	10-94	Karzinome des Nierenbeckens und der Ureteren	msd	9-111	Analkrebs	84	3
de	msd	12-1	Weibliche Beckenschmerzen	msd	12-85	Unterbauchschmerzen in der Frühschwangerschaft	164	2
de	msd	12-105	Hypertonie in der Schwangerschaft	msd	14-9	Portale Hypertonie	19	4
de	msd	12-105	Hypertonie in der Schwangerschaft	msd	19-55	Idiopathische intrakranielle Hypertension	19	4
de	msd	12-105	Hypertonie in der Schwangerschaft	msd	23-83	Portopulmonale Hypertonie	19	4
de	msd	12-126	Polyhydramnion	msd	12-127	Oligohydramnion	137	2
de	msd	12-163	Spontanabort	msd	12-164	Septischer Abort	158,159	4
de	msd	12-163	Spontanabort	msd	12-63	Induzierter Abort	158,159,160,161	4
de	msd	12-163	Spontanabort	msd	12-79	Wiederholte Fehlgeburten	158,160,161	4
de	msd	12-163	Spontanabort	msd	16-4	Toxisches Schocksyndrom (TSS)	158,159,160	4
de	msd	12-163	Spontanabort	msd	21-75	Sepsis bei Neugeborenen	158,159	4
de	msd	12-163	Spontanabort	msd	3-53	Sepsis und septischer Schock	158,159,160,161	4
de	msd	12-164	Septischer Abort	msd	12-63	Induzierter Abort	158,159,162	4
de	msd	12-164	Septischer Abort	msd	12-79	Wiederholte Fehlgeburten	158	4
de	msd	12-164	Septischer Abort	msd	16-4	Toxisches Schocksyndrom (TSS)	158,159,162	4
de	msd	12-164	Septischer Abort	msd	21-75	Sepsis bei Neugeborenen	158,159,162	4
de	msd	12-164	Septischer Abort	msd	3-53	Sepsis und septischer Schock	158,159,162	4
de	msd	12-21	Candida-Vaginitis	msd	12-22	Entzündliche Vaginitis	165	4
de	msd	12-21	Candida-Vaginitis	msd	16-78	Kandidose	165	4
de	msd	12-21	Candida-Vaginitis	msd	5-79	Kandidose (Mukokutane)	165	4
de	msd	12-22	Entzündliche Vaginitis	msd	16-78	Kandidose	165	4
de	msd	12-22	Entzündliche Vaginitis	msd	5-79	Kandidose (Mukokutane)	165	4
de	msd	12-37	Senkungen der Beckenorgane im Überblick	msd	12-38	Vorderer und hinterer Vaginalwandprolaps	178	4
de	msd	12-37	Senkungen der Beckenorgane im Überblick	msd	12-39	Uterus- und Apikalprolaps	178	4
de	msd	12-37	Senkungen der Beckenorgane im Überblick	msd	21-155	Omphalozele	178	4
de	msd	12-37	Senkungen der Beckenorgane im Überblick	msd	21-157	Zwerchfellhernie	178	4
de	msd	12-37	Senkungen der Beckenorgane im Überblick	msd	9-36	Bauchwandhernien	178	4
de	msd	12-37	Senkungen der Beckenorgane im Überblick	msd	9-53	Hiatushernie	178	4
de	msd	12-38	Vorderer und hinterer Vaginalwandprolaps	msd	12-39	Uterus- und Apikalprolaps	178	4
de	msd	12-38	Vorderer und hinterer Vaginalwandprolaps	msd	21-155	Omphalozele	178	4
de	msd	12-38	Vorderer und hinterer Vaginalwandprolaps	msd	21-157	Zwerchfellhernie	178	4
de	msd	12-38	Vorderer und hinterer Vaginalwandprolaps	msd	9-36	Bauchwandhernien	178	4
de	msd	12-38	Vorderer und hinterer Vaginalwandprolaps	msd	9-53	Hiatushernie	178	4
de	msd	12-39	Uterus- und Apikalprolaps	msd	21-155	Omphalozele	178	4
de	msd	12-39	Uterus- und Apikalprolaps	msd	21-157	Zwerchfellhernie	178	4
de	msd	12-39	Uterus- und Apikalprolaps	msd	9-36	Bauchwandhernien	178	4
de	msd	12-39	Uterus- und Apikalprolaps	msd	9-53	Hiatushernie	178	4
de	msd	12-50	Mastalgie (Brustschmerzen)	msd	4-10	Zahnfleischhyperplasie	21	4
de	msd	12-50	Mastalgie (Brustschmerzen)	msd	4-11	Akute nekrotisierende ulzerierende Gingivitis (ANUG)	21	4
de	msd	12-53	Ovarial-, Eileiter- und Peritonealkarzinom	msd	13-107	Maligne Tumoren im Überblick	182,183	4
de	msd	12-53	Ovarial-, Eileiter- und Peritonealkarzinom	msd	13-114	Tumorantigene	182,183	4
de	msd	12-53	Ovarial-, Eileiter- und Peritonealkarzinom	msd	7-32	Hyperthyreose	182	4
de	msd	12-53	Ovarial-, Eileiter- und Peritonealkarzinom	msd	7-33	Bösartige Tumoren der Schilddrüse	182,183	4
de	msd	12-53	Ovarial-, Eileiter- und Peritonealkarzinom	msd	7-34	Hypothyreose	182	4
de	msd	12-53	Ovarial-, Eileiter- und Peritonealkarzinom	msd	9-112	Kolorektale Karzinome	182,183	4
de	msd	12-53	Ovarial-, Eileiter- und Peritonealkarzinom	msd	9-115	Lynch-Syndrom	182,183	4
de	msd	12-55	Uterussarkome	msd	14-56	AIDS-Cholangiopathie	184,185,186	4
de	msd	12-55	Uterussarkome	msd	16-128	Kryptosporidiose	184,185,186	4
de	msd	12-55	Uterussarkome	msd	16-179	Häufige Krebserkrankungen bei Patienten mit HIV-Infektion	184,185,186	4
de	msd	12-55	Uterussarkome	msd	18-112	Primär maligne Knochentumoren	184,187	4
de	msd	12-55	Uterussarkome	msd	21-112	Rhabdomyosarkome	184,185,186,187	4
de	msd	12-55	Uterussarkome	msd	21-175	Angeborene neurologische Anomalien im Überblick	186	4
de	msd	12-55	Uterussarkome	msd	5-125	Kaposi-Sarkom	184,187	4
de	msd	12-56	Gestationsbedingte Trophoblasttumoren	msd	21-109	Überblick über Tumoren des zentralen Nervensystems bei Kindern	84	3
de	msd	12-56	Gestationsbedingte Trophoblasttumoren	msd	23-102	Atemwegstumore	84	3
de	msd	12-56	Gestationsbedingte Trophoblasttumoren	msd	6-77	Karzinom der Nasennebenhöhlen	84	3
de	msd	12-56	Gestationsbedingte Trophoblasttumoren	msd	9-111	Analkrebs	84	3
de	msd	12-63	Induzierter Abort	msd	12-79	Wiederholte Fehlgeburten	158,160,161	4
de	msd	12-63	Induzierter Abort	msd	16-4	Toxisches Schocksyndrom (TSS)	158,159,160,162	4
de	msd	12-63	Induzierter Abort	msd	21-75	Sepsis bei Neugeborenen	158,159,162	4
de	msd	12-63	Induzierter Abort	msd	3-53	Sepsis und septischer Schock	158,159,160,161,162	4
de	msd	12-72	Spermastörungen	msd	12-74	Verminderte ovarielle Reserve	189	3
de	msd	12-72	Spermastörungen	msd	12-76	Eileiterfehlfunktion und Beckenanomalien	189	3
de	msd	12-72	Spermastörungen	msd	12-77	Ungeklärte Infertilität	189	3
de	msd	12-72	Spermastörungen	msd	12-80	Übersicht zur Unfruchtbarkeit	189	3
de	msd	12-74	Verminderte ovarielle Reserve	msd	12-76	Eileiterfehlfunktion und Beckenanomalien	189	3
de	msd	12-74	Verminderte ovarielle Reserve	msd	12-77	Ungeklärte Infertilität	189	3
de	msd	12-74	Verminderte ovarielle Reserve	msd	12-80	Übersicht zur Unfruchtbarkeit	189	3
de	msd	12-76	Eileiterfehlfunktion und Beckenanomalien	msd	12-77	Ungeklärte Infertilität	189	3
de	msd	12-76	Eileiterfehlfunktion und Beckenanomalien	msd	12-80	Übersicht zur Unfruchtbarkeit	189	3
de	msd	12-77	Ungeklärte Infertilität	msd	12-80	Übersicht zur Unfruchtbarkeit	189	3
de	msd	12-79	Wiederholte Fehlgeburten	msd	16-4	Toxisches Schocksyndrom (TSS)	158,160	4
de	msd	12-79	Wiederholte Fehlgeburten	msd	21-75	Sepsis bei Neugeborenen	158	4
de	msd	12-79	Wiederholte Fehlgeburten	msd	3-53	Sepsis und septischer Schock	158,160,161	4
de	msd	12-90	Fieber in der Schwangerschaft	msd	16-200	Fieber unbekannter Ursache (FUU)	200,201	3
de	msd	12-90	Fieber in der Schwangerschaft	msd	16-81	Histoplasmose	200	3
de	msd	12-90	Fieber in der Schwangerschaft	msd	21-311	Fieber bei Säuglingen und Kindern	200,201	3
de	msd	12-90	Fieber in der Schwangerschaft	msd	21-79	Rheumatisches Fieber	200,201	3
de	msd	13-107	Maligne Tumoren im Überblick	msd	13-114	Tumorantigene	182,183	4
de	msd	13-107	Maligne Tumoren im Überblick	msd	7-32	Hyperthyreose	182	4
de	msd	13-107	Maligne Tumoren im Überblick	msd	7-33	Bösartige Tumoren der Schilddrüse	182,183	4
de	msd	13-107	Maligne Tumoren im Überblick	msd	7-34	Hypothyreose	182	4
de	msd	13-107	Maligne Tumoren im Überblick	msd	9-112	Kolorektale Karzinome	182,183	4
de	msd	13-107	Maligne Tumoren im Überblick	msd	9-115	Lynch-Syndrom	182,183	4
de	msd	13-11	Aplastische Anämie	msd	13-12	Anämie bei Myelophthise	217	3
de	msd	13-11	Aplastische Anämie	msd	13-13	Megaloblastische makrozytäre Anämien	217	3
de	msd	13-11	Aplastische Anämie	msd	13-28	Thalassämien	217	3
de	msd	13-11	Aplastische Anämie	msd	13-29	Hämoglobin-S-Beta-Thalassämie	217	3
de	msd	13-11	Aplastische Anämie	msd	13-4	Therapie der Anämie	217	3
de	msd	13-11	Aplastische Anämie	msd	13-6	Übersicht über Verminderte Erythropoese	217	3
de	msd	13-11	Aplastische Anämie	msd	13-7	Eisenmangelanämie	217	3
de	msd	13-11	Aplastische Anämie	msd	13-9	Anämie durch chronische Krankheiten	217	3
de	msd	13-11	Aplastische Anämie	msd	21-39	Perinatale Anämie	217	3
de	msd	13-114	Tumorantigene	msd	7-32	Hyperthyreose	182	4
de	msd	13-114	Tumorantigene	msd	7-33	Bösartige Tumoren der Schilddrüse	182,183	4
de	msd	13-114	Tumorantigene	msd	7-34	Hypothyreose	182	4
de	msd	13-114	Tumorantigene	msd	9-112	Kolorektale Karzinome	182,183	4
de	msd	13-114	Tumorantigene	msd	9-115	Lynch-Syndrom	182,183	4
de	msd	13-12	Anämie bei Myelophthise	msd	13-13	Megaloblastische makrozytäre Anämien	217	3
de	msd	13-12	Anämie bei Myelophthise	msd	13-28	Thalassämien	217	3
de	msd	13-12	Anämie bei Myelophthise	msd	13-29	Hämoglobin-S-Beta-Thalassämie	217	3
de	msd	13-12	Anämie bei Myelophthise	msd	13-4	Therapie der Anämie	217	3
de	msd	13-12	Anämie bei Myelophthise	msd	13-6	Übersicht über Verminderte Erythropoese	217	3
de	msd	13-12	Anämie bei Myelophthise	msd	13-7	Eisenmangelanämie	217	3
de	msd	13-12	Anämie bei Myelophthise	msd	13-9	Anämie durch chronische Krankheiten	217	3
de	msd	13-12	Anämie bei Myelophthise	msd	21-39	Perinatale Anämie	217	3
de	msd	13-13	Megaloblastische makrozytäre Anämien	msd	13-28	Thalassämien	217	3
de	msd	13-13	Megaloblastische makrozytäre Anämien	msd	13-29	Hämoglobin-S-Beta-Thalassämie	217	3
de	msd	13-13	Megaloblastische makrozytäre Anämien	msd	13-4	Therapie der Anämie	217	3
de	msd	13-13	Megaloblastische makrozytäre Anämien	msd	13-6	Übersicht über Verminderte Erythropoese	217	3
de	msd	13-13	Megaloblastische makrozytäre Anämien	msd	13-7	Eisenmangelanämie	217	3
de	msd	13-13	Megaloblastische makrozytäre Anämien	msd	13-9	Anämie durch chronische Krankheiten	217	3
de	msd	13-13	Megaloblastische makrozytäre Anämien	msd	21-39	Perinatale Anämie	217	3
de	msd	13-28	Thalassämien	msd	13-29	Hämoglobin-S-Beta-Thalassämie	217	3
de	msd	13-28	Thalassämien	msd	13-4	Therapie der Anämie	217	3
de	msd	13-28	Thalassämien	msd	13-6	Übersicht über Verminderte Erythropoese	217	3
de	msd	13-28	Thalassämien	msd	13-7	Eisenmangelanämie	217	3
de	msd	13-28	Thalassämien	msd	13-9	Anämie durch chronische Krankheiten	217	3
de	msd	13-28	Thalassämien	msd	21-39	Perinatale Anämie	217	3
de	msd	13-29	Hämoglobin-S-Beta-Thalassämie	msd	13-4	Therapie der Anämie	217	3
de	msd	13-29	Hämoglobin-S-Beta-Thalassämie	msd	13-6	Übersicht über Verminderte Erythropoese	217	3
de	msd	13-29	Hämoglobin-S-Beta-Thalassämie	msd	13-7	Eisenmangelanämie	217	3
de	msd	13-29	Hämoglobin-S-Beta-Thalassämie	msd	13-9	Anämie durch chronische Krankheiten	217	3
de	msd	13-29	Hämoglobin-S-Beta-Thalassämie	msd	21-39	Perinatale Anämie	217	3
de	msd	13-4	Therapie der Anämie	msd	13-6	Übersicht über Verminderte Erythropoese	217	3
de	msd	13-4	Therapie der Anämie	msd	13-7	Eisenmangelanämie	217	3
de	msd	13-4	Therapie der Anämie	msd	13-9	Anämie durch chronische Krankheiten	217	3
de	msd	13-4	Therapie der Anämie	msd	21-39	Perinatale Anämie	217	3
de	msd	13-42	Thrombotisch-thrombozytopenische Purpura (TTP)	msd	13-63	Purpura simplex	231,232	3
de	msd	13-42	Thrombotisch-thrombozytopenische Purpura (TTP)	msd	16-33	Infektion durch Escherichia coli O157:H7 und andere enterohämorrhagische E. coli (EHEC)	232,233	3
de	msd	13-45	Antiphospholipid-Syndrom (APS)	msd	13-53	Erhöhte Faktor VIII-, IX- und XI-Spiegel	1	4
de	msd	13-45	Antiphospholipid-Syndrom (APS)	msd	14-42	Portalvenenthrombose	1	4
de	msd	13-53	Erhöhte Faktor VIII-, IX- und XI-Spiegel	msd	14-42	Portalvenenthrombose	1	4
de	msd	13-55	Gerinnungsstörungen im Überblick	msd	13-58	Gerinnungsstörungen durch zirkulierende Antikoagulanzien	235	3
de	msd	13-55	Gerinnungsstörungen im Überblick	msd	13-59	Seltene angeborene Gerinnungsstörungen	235	3
de	msd	13-58	Gerinnungsstörungen durch zirkulierende Antikoagulanzien	msd	13-59	Seltene angeborene Gerinnungsstörungen	235	3
de	msd	13-6	Übersicht über Verminderte Erythropoese	msd	13-7	Eisenmangelanämie	217	3
de	msd	13-6	Übersicht über Verminderte Erythropoese	msd	13-9	Anämie durch chronische Krankheiten	217	3
de	msd	13-6	Übersicht über Verminderte Erythropoese	msd	21-39	Perinatale Anämie	217	3
de	msd	13-63	Purpura simplex	msd	16-33	Infektion durch Escherichia coli O157:H7 und andere enterohämorrhagische E. coli (EHEC)	232	3
de	msd	13-7	Eisenmangelanämie	msd	13-9	Anämie durch chronische Krankheiten	217	3
de	msd	13-7	Eisenmangelanämie	msd	21-39	Perinatale Anämie	217	3
de	msd	13-74	Hämophagozytische Lymphohistiozytose (HLH)	msd	21-326	Juvenile idiopathische Arthritis (JIA)	244	4
de	msd	13-74	Hämophagozytische Lymphohistiozytose (HLH)	msd	21-327	Makrophagenaktivierungssyndrom	244	4
de	msd	13-83	Chronische myeloische Leukämie (CML)	msd	13-84	Leukämie im Überblick	250,251	3
de	msd	13-83	Chronische myeloische Leukämie (CML)	msd	13-85	Akute lymphatische Leukämie (ALL)	251	3
de	msd	13-84	Leukämie im Überblick	msd	13-85	Akute lymphatische Leukämie (ALL)	251,252	3
de	msd	13-9	Anämie durch chronische Krankheiten	msd	21-39	Perinatale Anämie	217	3
de	msd	14-1	Metabolismus-assoziierte Lebererkrankung (MASLD)	msd	14-17	Einflüsse von Leberkrankheiten auf den Medikamentenmetabolismus	268	4
de	msd	14-1	Metabolismus-assoziierte Lebererkrankung (MASLD)	msd	14-2	Diagnostische Untersuchung von Patienten mit Lebererkrankung	268	4
de	msd	14-17	Einflüsse von Leberkrankheiten auf den Medikamentenmetabolismus	msd	14-2	Diagnostische Untersuchung von Patienten mit Lebererkrankung	268	4
de	msd	14-23	Fulminante Hepatitis	msd	14-25	Hepatitis B, Akut	271,272	4
de	msd	14-23	Fulminante Hepatitis	msd	14-27	Hepatitis C, Akut	271,272	4
de	msd	14-23	Fulminante Hepatitis	msd	14-29	Hepatitis D	271,272	4
de	msd	14-23	Fulminante Hepatitis	msd	14-30	Hepatitis E	271,272	4
de	msd	14-23	Fulminante Hepatitis	msd	14-38	Ischämische Hepatitis	271,272	4
de	msd	14-23	Fulminante Hepatitis	msd	16-215	Hepatitis A (HepA)-Impfstoff	271,272	4
de	msd	14-23	Fulminante Hepatitis	msd	16-216	Hepatitis B-Impfstoff	271,272	4
de	msd	14-23	Fulminante Hepatitis	msd	21-358	Krupp	272	4
de	msd	14-23	Fulminante Hepatitis	msd	6-72	Laryngitis	272	4
de	msd	14-23	Fulminante Hepatitis	msd	6-74	Dysphonia spastica	272	4
de	msd	14-25	Hepatitis B, Akut	msd	14-27	Hepatitis C, Akut	271,272,273	4
de	msd	14-25	Hepatitis B, Akut	msd	14-29	Hepatitis D	271,272	4
de	msd	14-25	Hepatitis B, Akut	msd	14-30	Hepatitis E	271,272	4
de	msd	14-25	Hepatitis B, Akut	msd	14-38	Ischämische Hepatitis	271,272	4
de	msd	14-25	Hepatitis B, Akut	msd	16-211	Diphtherie-Tetanus-Pertussis-Impfstoff	273	4
de	msd	14-25	Hepatitis B, Akut	msd	16-212	Tetanus-Diphtherie-Impfstoff	273	4
de	msd	14-25	Hepatitis B, Akut	msd	16-215	Hepatitis A (HepA)-Impfstoff	271,272	4
de	msd	14-25	Hepatitis B, Akut	msd	16-216	Hepatitis B-Impfstoff	271,272	4
de	msd	14-25	Hepatitis B, Akut	msd	21-358	Krupp	272,273	4
de	msd	14-25	Hepatitis B, Akut	msd	6-72	Laryngitis	272,273	4
de	msd	14-25	Hepatitis B, Akut	msd	6-74	Dysphonia spastica	272,273	4
de	msd	14-27	Hepatitis C, Akut	msd	14-29	Hepatitis D	271,272	4
de	msd	14-27	Hepatitis C, Akut	msd	14-30	Hepatitis E	271,272	4
de	msd	14-27	Hepatitis C, Akut	msd	14-38	Ischämische Hepatitis	271,272	4
de	msd	14-27	Hepatitis C, Akut	msd	16-211	Diphtherie-Tetanus-Pertussis-Impfstoff	273	4
de	msd	14-27	Hepatitis C, Akut	msd	16-212	Tetanus-Diphtherie-Impfstoff	273	4
de	msd	14-27	Hepatitis C, Akut	msd	16-215	Hepatitis A (HepA)-Impfstoff	271,272	4
de	msd	14-27	Hepatitis C, Akut	msd	16-216	Hepatitis B-Impfstoff	271,272	4
de	msd	14-27	Hepatitis C, Akut	msd	21-358	Krupp	272,273	4
de	msd	14-27	Hepatitis C, Akut	msd	6-72	Laryngitis	272,273	4
de	msd	14-27	Hepatitis C, Akut	msd	6-74	Dysphonia spastica	272,273	4
de	msd	14-29	Hepatitis D	msd	14-30	Hepatitis E	271,272	4
de	msd	14-29	Hepatitis D	msd	14-38	Ischämische Hepatitis	271,272	4
de	msd	14-29	Hepatitis D	msd	16-215	Hepatitis A (HepA)-Impfstoff	271,272	4
de	msd	14-29	Hepatitis D	msd	16-216	Hepatitis B-Impfstoff	271,272	4
de	msd	14-29	Hepatitis D	msd	21-358	Krupp	272	4
de	msd	14-29	Hepatitis D	msd	6-72	Laryngitis	272	4
de	msd	14-29	Hepatitis D	msd	6-74	Dysphonia spastica	272	4
de	msd	14-30	Hepatitis E	msd	14-38	Ischämische Hepatitis	271,272	4
de	msd	14-30	Hepatitis E	msd	16-215	Hepatitis A (HepA)-Impfstoff	271,272	4
de	msd	14-30	Hepatitis E	msd	16-216	Hepatitis B-Impfstoff	271,272	4
de	msd	14-30	Hepatitis E	msd	21-358	Krupp	272	4
de	msd	14-30	Hepatitis E	msd	6-72	Laryngitis	272	4
de	msd	14-30	Hepatitis E	msd	6-74	Dysphonia spastica	272	4
de	msd	14-38	Ischämische Hepatitis	msd	16-215	Hepatitis A (HepA)-Impfstoff	271,272	4
de	msd	14-38	Ischämische Hepatitis	msd	16-216	Hepatitis B-Impfstoff	271,272	4
de	msd	14-38	Ischämische Hepatitis	msd	21-358	Krupp	272	4
de	msd	14-38	Ischämische Hepatitis	msd	6-72	Laryngitis	272	4
de	msd	14-38	Ischämische Hepatitis	msd	6-74	Dysphonia spastica	272	4
de	msd	14-4	Spontane bakterielle Peritonitis (SBP)	msd	16-187	Gonorrhö	284	3
de	msd	14-4	Spontane bakterielle Peritonitis (SBP)	msd	16-189	Lymphogranuloma Venereum (LGV)	284,285	3
de	msd	14-4	Spontane bakterielle Peritonitis (SBP)	msd	9-108	Proktitis	284,285	3
de	msd	14-52	Cholelithiasis	msd	14-53	Akalkulöser biliärer Schmerz	286	4
de	msd	14-56	AIDS-Cholangiopathie	msd	16-128	Kryptosporidiose	184,185,186	4
de	msd	14-56	AIDS-Cholangiopathie	msd	16-179	Häufige Krebserkrankungen bei Patienten mit HIV-Infektion	184,185,186	4
de	msd	14-56	AIDS-Cholangiopathie	msd	18-112	Primär maligne Knochentumoren	184	4
de	msd	14-56	AIDS-Cholangiopathie	msd	21-112	Rhabdomyosarkome	184,185,186	4
de	msd	14-56	AIDS-Cholangiopathie	msd	21-175	Angeborene neurologische Anomalien im Überblick	186	4
de	msd	14-56	AIDS-Cholangiopathie	msd	5-125	Kaposi-Sarkom	184	4
de	msd	14-58	Akute Cholezystitis	msd	14-59	Chronische Cholezystitis	288	3
de	msd	14-58	Akute Cholezystitis	msd	14-60	Postcholezystektomiesyndrom	288	3
de	msd	14-59	Chronische Cholezystitis	msd	14-60	Postcholezystektomiesyndrom	288	3
de	msd	14-7	Gelbsucht	msd	14-8	Angeborene Stoffwechselstörungen, die Hyperbilirubinämie verursachen	291	2
de	msd	14-7	Gelbsucht	msd	21-49	Chronische Bilirubin-Enzephalopathie	291	2
de	msd	14-8	Angeborene Stoffwechselstörungen, die Hyperbilirubinämie verursachen	msd	21-49	Chronische Bilirubin-Enzephalopathie	291	2
de	msd	14-9	Portale Hypertonie	msd	19-55	Idiopathische intrakranielle Hypertension	19	4
de	msd	14-9	Portale Hypertonie	msd	23-83	Portopulmonale Hypertonie	19	4
de	msd	15-24	Arzneimittelüberempfindlichkeit	msd	15-25	Nahrungsmittelallergien	302,303,304	4
de	msd	15-24	Arzneimittelüberempfindlichkeit	msd	15-27	Allergische Rhinitis	302,303,304	4
de	msd	15-24	Arzneimittelüberempfindlichkeit	msd	16-251	Penicilline	302,303	4
de	msd	15-24	Arzneimittelüberempfindlichkeit	msd	5-27	Definition von Dermatitis	302,303,304	4
de	msd	15-24	Arzneimittelüberempfindlichkeit	msd	5-28	Atopische Dermatitis (Ekzem)	303,304	4
de	msd	15-24	Arzneimittelüberempfindlichkeit	msd	5-30	Hand- und Fußekzem	303,304	4
de	msd	15-24	Arzneimittelüberempfindlichkeit	msd	5-31	Lichen simplex chronicus	303,304	4
de	msd	15-24	Arzneimittelüberempfindlichkeit	msd	5-33	Seborrhoische Dermatitis	303,304	4
de	msd	15-25	Nahrungsmittelallergien	msd	15-27	Allergische Rhinitis	302,303,304	4
de	msd	15-25	Nahrungsmittelallergien	msd	16-251	Penicilline	302,303	4
de	msd	15-25	Nahrungsmittelallergien	msd	5-27	Definition von Dermatitis	302,303,304	4
de	msd	15-25	Nahrungsmittelallergien	msd	5-28	Atopische Dermatitis (Ekzem)	303,304	4
de	msd	15-25	Nahrungsmittelallergien	msd	5-30	Hand- und Fußekzem	303,304	4
de	msd	15-25	Nahrungsmittelallergien	msd	5-31	Lichen simplex chronicus	303,304	4
de	msd	15-25	Nahrungsmittelallergien	msd	5-33	Seborrhoische Dermatitis	303,304	4
de	msd	15-27	Allergische Rhinitis	msd	16-251	Penicilline	302,303	4
de	msd	15-27	Allergische Rhinitis	msd	5-27	Definition von Dermatitis	302,303,304	4
de	msd	15-27	Allergische Rhinitis	msd	5-28	Atopische Dermatitis (Ekzem)	303,304	4
de	msd	15-27	Allergische Rhinitis	msd	5-30	Hand- und Fußekzem	303,304	4
de	msd	15-27	Allergische Rhinitis	msd	5-31	Lichen simplex chronicus	303,304	4
de	msd	15-27	Allergische Rhinitis	msd	5-33	Seborrhoische Dermatitis	303,304	4
de	msd	15-29	Angioödem	msd	15-30	Hereditärer und erworbener C1-Inhibitor-Mangel	306	2
de	msd	16-127	Amöbiasis	msd	16-27	Shigellose	348	2
de	msd	16-128	Kryptosporidiose	msd	16-179	Häufige Krebserkrankungen bei Patienten mit HIV-Infektion	184,185,186	4
de	msd	16-128	Kryptosporidiose	msd	18-112	Primär maligne Knochentumoren	184	4
de	msd	16-128	Kryptosporidiose	msd	21-112	Rhabdomyosarkome	184,185,186	4
de	msd	16-128	Kryptosporidiose	msd	21-175	Angeborene neurologische Anomalien im Überblick	186,349	4
de	msd	16-128	Kryptosporidiose	msd	5-125	Kaposi-Sarkom	184	4
de	msd	16-149	Influenza	msd	16-17	Haemophilus-Infektionen	362,363,364	4
de	msd	16-149	Influenza	msd	16-173	Sonstige Arbovirusinfektionen	362,363	4
de	msd	16-149	Influenza	msd	16-174	Zika-Virus (ZV)-Infektionen	362	4
de	msd	16-149	Influenza	msd	16-218	Influenza-Impfstoff	362,363,364	4
de	msd	16-149	Influenza	msd	16-225	COVID-19-Impfstoff	362,363,364	4
de	msd	16-149	Influenza	msd	19-63	Enzephalitis	362,363,364	4
de	msd	16-149	Influenza	msd	19-72	Rezidivierende Meningitis	362,363,364	4
de	msd	16-149	Influenza	msd	23-33	Therapie der stabilen chronischer obstruktiver Lungenerkrankung	362,363,364	4
de	msd	16-149	Influenza	msd	23-34	Therapie der akut exazerbierten chronischen obstruktiven Lungenerkrankung	362,363,364	4
de	msd	16-156	Herpes-simplex-Virusinfektionen (HSV)	msd	6-26	Zoster oticus	369	3
de	msd	16-164	Poliomyelitis	msd	16-165	Postpoliomyelitissyndrom	374,375	3
de	msd	16-164	Poliomyelitis	msd	16-221	Poliomyelitis-Impfstoff	374,375	3
de	msd	16-164	Poliomyelitis	msd	6-69	Laryngeale Kontaktulzera	374	3
de	msd	16-164	Poliomyelitis	msd	6-75	Stimmlippenlähmung	374,375	3
de	msd	16-164	Poliomyelitis	msd	6-76	Stimmbandpolypen, Knötchen und Granulome	374	3
de	msd	16-165	Postpoliomyelitissyndrom	msd	16-221	Poliomyelitis-Impfstoff	374,375	3
de	msd	16-165	Postpoliomyelitissyndrom	msd	6-69	Laryngeale Kontaktulzera	374	3
de	msd	16-165	Postpoliomyelitissyndrom	msd	6-75	Stimmlippenlähmung	374,375	3
de	msd	16-165	Postpoliomyelitissyndrom	msd	6-76	Stimmbandpolypen, Knötchen und Granulome	374	3
de	msd	16-17	Haemophilus-Infektionen	msd	16-173	Sonstige Arbovirusinfektionen	362,363,382	4
de	msd	16-17	Haemophilus-Infektionen	msd	16-174	Zika-Virus (ZV)-Infektionen	362,382	4
de	msd	16-17	Haemophilus-Infektionen	msd	16-218	Influenza-Impfstoff	362,363,364	4
de	msd	16-17	Haemophilus-Infektionen	msd	16-225	COVID-19-Impfstoff	362,363,364	4
de	msd	16-17	Haemophilus-Infektionen	msd	19-63	Enzephalitis	362,363,364,382	4
de	msd	16-17	Haemophilus-Infektionen	msd	19-72	Rezidivierende Meningitis	362,363,364,382	4
de	msd	16-17	Haemophilus-Infektionen	msd	23-33	Therapie der stabilen chronischer obstruktiver Lungenerkrankung	362,363,364	4
de	msd	16-17	Haemophilus-Infektionen	msd	23-34	Therapie der akut exazerbierten chronischen obstruktiven Lungenerkrankung	362,363,364	4
de	msd	16-173	Sonstige Arbovirusinfektionen	msd	16-174	Zika-Virus (ZV)-Infektionen	362,380,382	4
de	msd	16-173	Sonstige Arbovirusinfektionen	msd	16-218	Influenza-Impfstoff	362,363	4
de	msd	16-173	Sonstige Arbovirusinfektionen	msd	16-225	COVID-19-Impfstoff	362,363	4
de	msd	16-173	Sonstige Arbovirusinfektionen	msd	19-63	Enzephalitis	362,363,380,382	4
de	msd	16-173	Sonstige Arbovirusinfektionen	msd	19-72	Rezidivierende Meningitis	362,363,382	4
de	msd	16-173	Sonstige Arbovirusinfektionen	msd	23-33	Therapie der stabilen chronischer obstruktiver Lungenerkrankung	362,363	4
de	msd	16-173	Sonstige Arbovirusinfektionen	msd	23-34	Therapie der akut exazerbierten chronischen obstruktiven Lungenerkrankung	362,363	4
de	msd	16-174	Zika-Virus (ZV)-Infektionen	msd	16-218	Influenza-Impfstoff	362	4
de	msd	16-174	Zika-Virus (ZV)-Infektionen	msd	16-225	COVID-19-Impfstoff	362	4
de	msd	16-174	Zika-Virus (ZV)-Infektionen	msd	19-63	Enzephalitis	362,380,382	4
de	msd	16-174	Zika-Virus (ZV)-Infektionen	msd	19-72	Rezidivierende Meningitis	362,382	4
de	msd	16-174	Zika-Virus (ZV)-Infektionen	msd	23-33	Therapie der stabilen chronischer obstruktiver Lungenerkrankung	362	4
de	msd	16-174	Zika-Virus (ZV)-Infektionen	msd	23-34	Therapie der akut exazerbierten chronischen obstruktiven Lungenerkrankung	362	4
de	msd	16-179	Häufige Krebserkrankungen bei Patienten mit HIV-Infektion	msd	18-112	Primär maligne Knochentumoren	184	4
de	msd	16-179	Häufige Krebserkrankungen bei Patienten mit HIV-Infektion	msd	21-112	Rhabdomyosarkome	184,185,186	4
de	msd	16-179	Häufige Krebserkrankungen bei Patienten mit HIV-Infektion	msd	21-175	Angeborene neurologische Anomalien im Überblick	186	4
de	msd	16-179	Häufige Krebserkrankungen bei Patienten mit HIV-Infektion	msd	5-125	Kaposi-Sarkom	184	4
de	msd	16-183	Übersicht von sexuell übertragbaren Infektionen	msd	16-190	Sexuell übertragbare gastroenterale Infektionen	384	2
de	msd	16-186	Humane Papillomavirus (HPV)- Infektion	msd	16-217	Humanes Papillomavirus (HPV)-Impfstoff	386	4
de	msd	16-186	Humane Papillomavirus (HPV)- Infektion	msd	5-121	Seborrhoische Keratosen	386	4
de	msd	16-187	Gonorrhö	msd	16-189	Lymphogranuloma Venereum (LGV)	284,357	3
de	msd	16-187	Gonorrhö	msd	21-321	Roseola infantum	357,358	3
de	msd	16-187	Gonorrhö	msd	9-108	Proktitis	284,357	3
de	msd	16-189	Lymphogranuloma Venereum (LGV)	msd	21-321	Roseola infantum	357	3
de	msd	16-189	Lymphogranuloma Venereum (LGV)	msd	9-108	Proktitis	284,285,357	3
de	msd	16-19	Klebsiella-, Enterobacter- und Serratia-infektionen	msd	21-74	Pneumonie bei Neugeborenen	390	4
de	msd	16-19	Klebsiella-, Enterobacter- und Serratia-infektionen	msd	23-40	Pneumocystis jirovecii-Pneumonie	390	4
de	msd	16-19	Klebsiella-, Enterobacter- und Serratia-infektionen	msd	23-41	Beatmungsassoziierte Pneumonie	390	4
de	msd	16-19	Klebsiella-, Enterobacter- und Serratia-infektionen	msd	23-42	Übersicht über Pneumonie (Lungenentzündung)	390	4
de	msd	16-19	Klebsiella-, Enterobacter- und Serratia-infektionen	msd	23-54	Kryptogene organisierende Pneumonie	390	4
de	msd	16-19	Klebsiella-, Enterobacter- und Serratia-infektionen	msd	23-56	Akute Interstitielle Pneumonie	390	4
de	msd	16-200	Fieber unbekannter Ursache (FUU)	msd	16-81	Histoplasmose	200	3
de	msd	16-200	Fieber unbekannter Ursache (FUU)	msd	21-311	Fieber bei Säuglingen und Kindern	200,201	3
de	msd	16-200	Fieber unbekannter Ursache (FUU)	msd	21-79	Rheumatisches Fieber	200,201	3
de	msd	16-211	Diphtherie-Tetanus-Pertussis-Impfstoff	msd	16-212	Tetanus-Diphtherie-Impfstoff	273,400	4
de	msd	16-211	Diphtherie-Tetanus-Pertussis-Impfstoff	msd	21-358	Krupp	273,400	4
de	msd	16-211	Diphtherie-Tetanus-Pertussis-Impfstoff	msd	6-72	Laryngitis	273,400	4
de	msd	16-211	Diphtherie-Tetanus-Pertussis-Impfstoff	msd	6-74	Dysphonia spastica	273,400	4
de	msd	16-212	Tetanus-Diphtherie-Impfstoff	msd	21-358	Krupp	273,400	4
de	msd	16-212	Tetanus-Diphtherie-Impfstoff	msd	6-72	Laryngitis	273,400	4
de	msd	16-212	Tetanus-Diphtherie-Impfstoff	msd	6-74	Dysphonia spastica	273,400	4
de	msd	16-215	Hepatitis A (HepA)-Impfstoff	msd	16-216	Hepatitis B-Impfstoff	271,272	4
de	msd	16-215	Hepatitis A (HepA)-Impfstoff	msd	21-358	Krupp	272	4
de	msd	16-215	Hepatitis A (HepA)-Impfstoff	msd	6-72	Laryngitis	272	4
de	msd	16-215	Hepatitis A (HepA)-Impfstoff	msd	6-74	Dysphonia spastica	272	4
de	msd	16-216	Hepatitis B-Impfstoff	msd	21-358	Krupp	272	4
de	msd	16-216	Hepatitis B-Impfstoff	msd	6-72	Laryngitis	272	4
de	msd	16-216	Hepatitis B-Impfstoff	msd	6-74	Dysphonia spastica	272	4
de	msd	16-217	Humanes Papillomavirus (HPV)-Impfstoff	msd	5-121	Seborrhoische Keratosen	386	4
de	msd	16-218	Influenza-Impfstoff	msd	16-225	COVID-19-Impfstoff	362,363,364	4
de	msd	16-218	Influenza-Impfstoff	msd	19-63	Enzephalitis	362,363,364	4
de	msd	16-218	Influenza-Impfstoff	msd	19-72	Rezidivierende Meningitis	362,363,364	4
de	msd	16-218	Influenza-Impfstoff	msd	23-33	Therapie der stabilen chronischer obstruktiver Lungenerkrankung	362,363,364	4
de	msd	16-218	Influenza-Impfstoff	msd	23-34	Therapie der akut exazerbierten chronischen obstruktiven Lungenerkrankung	362,363,364	4
de	msd	16-219	Impfstoff gegen Masern, Mumps und Röteln (MMR)	msd	21-318	Subakute sklerosierende Panenzephalitis (SSPE)	402	4
de	msd	16-219	Impfstoff gegen Masern, Mumps und Röteln (MMR)	msd	21-65	Kongenitale Röteln	402	4
de	msd	16-221	Poliomyelitis-Impfstoff	msd	6-69	Laryngeale Kontaktulzera	374	3
de	msd	16-221	Poliomyelitis-Impfstoff	msd	6-75	Stimmlippenlähmung	374,375	3
de	msd	16-221	Poliomyelitis-Impfstoff	msd	6-76	Stimmbandpolypen, Knötchen und Granulome	374	3
de	msd	16-225	COVID-19-Impfstoff	msd	19-63	Enzephalitis	362,363,364	4
de	msd	16-225	COVID-19-Impfstoff	msd	19-72	Rezidivierende Meningitis	362,363,364	4
de	msd	16-225	COVID-19-Impfstoff	msd	23-33	Therapie der stabilen chronischer obstruktiver Lungenerkrankung	362,363,364	4
de	msd	16-225	COVID-19-Impfstoff	msd	23-34	Therapie der akut exazerbierten chronischen obstruktiven Lungenerkrankung	362,363,364	4
de	msd	16-228	Impfung gegen das respiratorische Synzytialvirus (RSV)	msd	21-355	Infektionen mit dem respiratorischen Synzytialvirus (RSV) und dem humanen Metapneumovirus	407	2
de	msd	16-251	Penicilline	msd	5-27	Definition von Dermatitis	302,303	4
de	msd	16-251	Penicilline	msd	5-28	Atopische Dermatitis (Ekzem)	303	4
de	msd	16-251	Penicilline	msd	5-30	Hand- und Fußekzem	303	4
de	msd	16-251	Penicilline	msd	5-31	Lichen simplex chronicus	303	4
de	msd	16-251	Penicilline	msd	5-33	Seborrhoische Dermatitis	303	4
de	msd	16-26	Übersicht zu Infektionen mit Salmonella	msd	16-35	Nichttyphöse Salmonelleninfektionen (Salmonella)	438	4
de	msd	16-26	Übersicht zu Infektionen mit Salmonella	msd	9-79	Staphylokokken-Lebensmittelintoxikationen	438	4
de	msd	16-3	Streptokokkeninfektionen	msd	16-8	Erysipeloid	445	4
de	msd	16-3	Streptokokkeninfektionen	msd	5-63	Erysipel	445	4
de	msd	16-3	Streptokokkeninfektionen	msd	5-71	Nekrotisierende Weichteilinfektion	445	4
de	msd	16-3	Streptokokkeninfektionen	msd	6-53	Infektion im Submandibularbereich	445	4
de	msd	16-3	Streptokokkeninfektionen	msd	6-59	Peritonsillarabszess und Peritonsillitis	445	4
de	msd	16-3	Streptokokkeninfektionen	msd	6-60	Parapharyngealabszess	445	4
de	msd	16-35	Nichttyphöse Salmonelleninfektionen (Salmonella)	msd	9-79	Staphylokokken-Lebensmittelintoxikationen	438	4
de	msd	16-4	Toxisches Schocksyndrom (TSS)	msd	21-75	Sepsis bei Neugeborenen	158,159,162	4
de	msd	16-4	Toxisches Schocksyndrom (TSS)	msd	3-53	Sepsis und septischer Schock	158,159,160,162	4
de	msd	16-41	Rückfallfieber	msd	16-51	Epidemischer Typhus	440	3
de	msd	16-41	Rückfallfieber	msd	16-52	Muriner (endemischer) Typhus	440	3
de	msd	16-41	Rückfallfieber	msd	16-54	Rocky-Mountain-Fleckfieber	440	3
de	msd	16-41	Rückfallfieber	msd	16-55	Buschfieber	440	3
de	msd	16-51	Epidemischer Typhus	msd	16-52	Muriner (endemischer) Typhus	440	3
de	msd	16-51	Epidemischer Typhus	msd	16-54	Rocky-Mountain-Fleckfieber	440	3
de	msd	16-51	Epidemischer Typhus	msd	16-55	Buschfieber	440	3
de	msd	16-52	Muriner (endemischer) Typhus	msd	16-54	Rocky-Mountain-Fleckfieber	440	3
de	msd	16-52	Muriner (endemischer) Typhus	msd	16-55	Buschfieber	440	3
de	msd	16-54	Rocky-Mountain-Fleckfieber	msd	16-55	Buschfieber	440	3
de	msd	16-62	Clostridioides (früher Clostridium) difficile-induzierte Diarrhö	msd	9-93	Colitis Ulcerosa	457	4
de	msd	16-78	Kandidose	msd	5-79	Kandidose (Mukokutane)	165	4
de	msd	16-8	Erysipeloid	msd	5-63	Erysipel	445	4
de	msd	16-8	Erysipeloid	msd	5-71	Nekrotisierende Weichteilinfektion	445	4
de	msd	16-8	Erysipeloid	msd	6-53	Infektion im Submandibularbereich	445	4
de	msd	16-8	Erysipeloid	msd	6-59	Peritonsillarabszess und Peritonsillitis	445	4
de	msd	16-8	Erysipeloid	msd	6-60	Parapharyngealabszess	445	4
de	msd	16-81	Histoplasmose	msd	21-311	Fieber bei Säuglingen und Kindern	200	3
de	msd	16-81	Histoplasmose	msd	21-79	Rheumatisches Fieber	200,463	3
de	msd	16-95	Madenwurminfektion	msd	16-96	Strongyloidiasis	472	3
de	msd	17-10	Distale Radiusfrakturen	msd	17-7	Proximale Humerusfrakturen	478	3
de	msd	17-135	Instabiler Thorax	msd	17-141	Rippenfrakturen	492	2
de	msd	17-16	Hüftfrakturen	msd	17-4	Überblick über Frakturen	508	4
de	msd	17-16	Hüftfrakturen	msd	17-5	Pädiatrische Frakturen der Wachstumsfuge	508	4
de	msd	17-16	Hüftfrakturen	msd	17-84	Stressfrakturen	508	4
de	msd	17-16	Hüftfrakturen	msd	24-106	Rehabilitation nach Hüftoperationen	508	4
de	msd	17-16	Hüftfrakturen	msd	4-37	Frakturierte und avulsierte Zähne	508	4
de	msd	17-168	Knieverstauchungen und Meniskusverletzungen	msd	18-70	Bandscheibenvorfall der Lendenwirbelsäule	506	4
de	msd	17-168	Knieverstauchungen und Meniskusverletzungen	msd	18-71	Lumbosakrale Radikulopathie	506	4
de	msd	17-168	Knieverstauchungen und Meniskusverletzungen	msd	18-72	Übersicht über Nacken- und Rückenschmerzen	506	4
de	msd	17-27	Sportbezogene Gehirnerschütterung	msd	19-126	Subdurale oder Epidurale Hämatome	520	3
de	msd	17-30	Verletzung des Aussenohrs	msd	6-40	Akute Otitis Externa	521	3
de	msd	17-4	Überblick über Frakturen	msd	17-5	Pädiatrische Frakturen der Wachstumsfuge	508	4
de	msd	17-4	Überblick über Frakturen	msd	17-84	Stressfrakturen	508	4
de	msd	17-4	Überblick über Frakturen	msd	24-106	Rehabilitation nach Hüftoperationen	508	4
de	msd	17-4	Überblick über Frakturen	msd	4-37	Frakturierte und avulsierte Zähne	508	4
de	msd	17-5	Pädiatrische Frakturen der Wachstumsfuge	msd	17-84	Stressfrakturen	508	4
de	msd	17-5	Pädiatrische Frakturen der Wachstumsfuge	msd	24-106	Rehabilitation nach Hüftoperationen	508	4
de	msd	17-5	Pädiatrische Frakturen der Wachstumsfuge	msd	4-37	Frakturierte und avulsierte Zähne	508	4
de	msd	17-58	Gewebeschäden ohne Erfrierungen	msd	17-59	Erfrierung	533	2
de	msd	17-61	Höhenkrankheite	msd	17-62	Reisekrankheit	536	2
de	msd	17-77	Verletzung der Rotatorenmanschette/Subakromiale Bursitis	msd	18-100	Bursitis calcanea inferior	549	4
de	msd	17-77	Verletzung der Rotatorenmanschette/Subakromiale Bursitis	msd	18-66	Bursitis	549	4
de	msd	17-82	Knieschmerzen	msd	21-106	Chondromalazie der Patella	551	3
de	msd	17-84	Stressfrakturen	msd	24-106	Rehabilitation nach Hüftoperationen	508	4
de	msd	17-84	Stressfrakturen	msd	4-37	Frakturierte und avulsierte Zähne	508	4
de	msd	18-100	Bursitis calcanea inferior	msd	18-66	Bursitis	549	4
de	msd	18-112	Primär maligne Knochentumoren	msd	21-112	Rhabdomyosarkome	184,187	4
de	msd	18-112	Primär maligne Knochentumoren	msd	5-125	Kaposi-Sarkom	184,187	4
de	msd	18-39	Riesenzellarteriitis	msd	18-43	Polymyalgia rheumatica	573	2
de	msd	18-47	Psoriasisarthritis	msd	18-85	Arthrose der Hand	579	4
de	msd	18-47	Psoriasisarthritis	msd	5-43	Psoriasis	579	4
de	msd	18-50	Reaktive Arthritis	msd	18-59	Chronisch-infektiöse Arthritis	582	2
de	msd	18-50	Reaktive Arthritis	msd	18-60	Akute infektiöse Arthritis	582	2
de	msd	18-59	Chronisch-infektiöse Arthritis	msd	18-60	Akute infektiöse Arthritis	582	2
de	msd	18-70	Bandscheibenvorfall der Lendenwirbelsäule	msd	18-71	Lumbosakrale Radikulopathie	506	4
de	msd	18-70	Bandscheibenvorfall der Lendenwirbelsäule	msd	18-72	Übersicht über Nacken- und Rückenschmerzen	506	4
de	msd	18-71	Lumbosakrale Radikulopathie	msd	18-72	Übersicht über Nacken- und Rückenschmerzen	506	4
de	msd	18-81	Panaritium	msd	18-82	Herpetische Nagelbettinfektion	601	3
de	msd	18-85	Arthrose der Hand	msd	5-43	Psoriasis	579	4
de	msd	18-88	Palmarabszess	msd	8-23	Chalazion und Hordeolum (Gerstenkorn)	605	4
de	msd	18-88	Palmarabszess	msd	9-102	Anorektalabszess	605	4
de	msd	19-17	Aphasie	msd	19-43	Anfallserkrankungen	641	4
de	msd	19-17	Aphasie	msd	19-44	Antiepileptika	641	4
de	msd	19-21	Übersicht zum Schlaganfall	msd	19-22	Ischämischer Insult	643	4
de	msd	19-21	Übersicht zum Schlaganfall	msd	24-104	Rehabilitation nach einem Schlaganfall	643	4
de	msd	19-22	Ischämischer Insult	msd	24-104	Rehabilitation nach einem Schlaganfall	643	4
de	msd	19-33	Übersicht über Delir und Demenz	msd	19-34	Delir	648	2
de	msd	19-33	Übersicht über Delir und Demenz	msd	3-34	Unruhe, Bewusstseinsstörungen und neuromuskuläre Blockade bei Intensivpatienten	648	2
de	msd	19-34	Delir	msd	3-34	Unruhe, Bewusstseinsstörungen und neuromuskuläre Blockade bei Intensivpatienten	648	2
de	msd	19-35	Demenz	msd	19-39	Vaskuläre kognitive Beeinträchtigung und Demenz	649	4
de	msd	19-40	Demenz mit Lewy-Körperchen und Demenz bei M. Parkinson	msd	19-89	M. Parkinson	651	4
de	msd	19-40	Demenz mit Lewy-Körperchen und Demenz bei M. Parkinson	msd	19-95	Sekundärer und atypischer Parkinsonismus	651	4
de	msd	19-43	Anfallserkrankungen	msd	19-44	Antiepileptika	641	4
de	msd	19-53	Untersuchung des Kopfschmerzpatienten	msd	19-54	Cluster-Kopfschmerz	657	3
de	msd	19-53	Untersuchung des Kopfschmerzpatienten	msd	19-58	Spannungskopfschmerz	657	3
de	msd	19-53	Untersuchung des Kopfschmerzpatienten	msd	19-59	Kurzdauernder einseitiger neuralgiformer Kopfschmerz mit konjunktivalen Injektionen und Tränenfluss (SUNCT-Syndrom)	657	3
de	msd	19-54	Cluster-Kopfschmerz	msd	19-58	Spannungskopfschmerz	657	3
de	msd	19-54	Cluster-Kopfschmerz	msd	19-59	Kurzdauernder einseitiger neuralgiformer Kopfschmerz mit konjunktivalen Injektionen und Tränenfluss (SUNCT-Syndrom)	657	3
de	msd	19-55	Idiopathische intrakranielle Hypertension	msd	23-83	Portopulmonale Hypertonie	19	4
de	msd	19-58	Spannungskopfschmerz	msd	19-59	Kurzdauernder einseitiger neuralgiformer Kopfschmerz mit konjunktivalen Injektionen und Tränenfluss (SUNCT-Syndrom)	657	3
de	msd	19-63	Enzephalitis	msd	19-72	Rezidivierende Meningitis	362,363,364,382	4
de	msd	19-63	Enzephalitis	msd	23-33	Therapie der stabilen chronischer obstruktiver Lungenerkrankung	362,363,364	4
de	msd	19-63	Enzephalitis	msd	23-34	Therapie der akut exazerbierten chronischen obstruktiven Lungenerkrankung	362,363,364	4
de	msd	19-72	Rezidivierende Meningitis	msd	23-33	Therapie der stabilen chronischer obstruktiver Lungenerkrankung	362,363,364	4
de	msd	19-72	Rezidivierende Meningitis	msd	23-34	Therapie der akut exazerbierten chronischen obstruktiven Lungenerkrankung	362,363,364	4
de	msd	19-85	Chorea, Athetose und Hemiballismus	msd	19-87	M. Huntington	675	2
de	msd	19-89	M. Parkinson	msd	19-95	Sekundärer und atypischer Parkinsonismus	651	4
de	msd	20-56	Metabolisches Syndrom (Syndrom X)	msd	21-16	Adipositas bei Jugendlichen	713	4
de	msd	21-109	Überblick über Tumoren des zentralen Nervensystems bei Kindern	msd	23-102	Atemwegstumore	84	3
de	msd	21-109	Überblick über Tumoren des zentralen Nervensystems bei Kindern	msd	6-77	Karzinom der Nasennebenhöhlen	84	3
de	msd	21-109	Überblick über Tumoren des zentralen Nervensystems bei Kindern	msd	9-111	Analkrebs	84	3
de	msd	21-112	Rhabdomyosarkome	msd	21-175	Angeborene neurologische Anomalien im Überblick	186	4
de	msd	21-112	Rhabdomyosarkome	msd	5-125	Kaposi-Sarkom	184,187	4
de	msd	21-155	Omphalozele	msd	21-157	Zwerchfellhernie	178	4
de	msd	21-155	Omphalozele	msd	9-36	Bauchwandhernien	178	4
de	msd	21-155	Omphalozele	msd	9-53	Hiatushernie	178	4
de	msd	21-157	Zwerchfellhernie	msd	9-36	Bauchwandhernien	178	4
de	msd	21-157	Zwerchfellhernie	msd	9-53	Hiatushernie	178	4
de	msd	21-187	Primäres infantiles Glaukom	msd	8-55	Glaukome im Überblick	762	3
de	msd	21-192	Trisomie 18	msd	21-193	Trisomie 13	766	2
de	msd	21-204	Einführung zu angeborenen Muskelkrankheiten	msd	21-205	Duchenne-Muskeldystrophie und Becker-Muskeldystrophie	770	2
de	msd	21-264	Übersicht zu Angststörungen im Kindes- und Jugendalter	msd	22-4	Überblick über Angststörungen	801	4
de	msd	21-273	Bipolare Störung bei Kindern und Jugendlichen	msd	22-32	Bipolare Störungen	802	4
de	msd	21-273	Bipolare Störung bei Kindern und Jugendlichen	msd	22-33	Medikamentöse Behandlung der bipolaren Störungen	802	4
de	msd	21-279	Schizophrenie bei Kindern und Jugendlichen	msd	22-48	Einführung zu Schizophrenie und zugehörigen Störungen	803	4
de	msd	21-311	Fieber bei Säuglingen und Kindern	msd	21-79	Rheumatisches Fieber	200,201	3
de	msd	21-318	Subakute sklerosierende Panenzephalitis (SSPE)	msd	21-65	Kongenitale Röteln	402	4
de	msd	21-321	Roseola infantum	msd	9-108	Proktitis	357	3
de	msd	21-326	Juvenile idiopathische Arthritis (JIA)	msd	21-327	Makrophagenaktivierungssyndrom	244	4
de	msd	21-331	Frühgeborenenapnoe	msd	23-99	Zentrale Schlafapnoe	828	4
de	msd	21-358	Krupp	msd	6-72	Laryngitis	272,273,400	4
de	msd	21-358	Krupp	msd	6-74	Dysphonia spastica	272,273,400	4
de	msd	21-46	Neugeborenen-Hypernatriämie	msd	21-47	Neugeborenen-Hyponatriämie	849	2
de	msd	21-74	Pneumonie bei Neugeborenen	msd	23-40	Pneumocystis jirovecii-Pneumonie	390	4
de	msd	21-74	Pneumonie bei Neugeborenen	msd	23-41	Beatmungsassoziierte Pneumonie	390	4
de	msd	21-74	Pneumonie bei Neugeborenen	msd	23-42	Übersicht über Pneumonie (Lungenentzündung)	390	4
de	msd	21-74	Pneumonie bei Neugeborenen	msd	23-54	Kryptogene organisierende Pneumonie	390	4
de	msd	21-74	Pneumonie bei Neugeborenen	msd	23-56	Akute Interstitielle Pneumonie	390	4
de	msd	21-75	Sepsis bei Neugeborenen	msd	3-53	Sepsis und septischer Schock	158,159,162	4
de	msd	22-25	Binge-Eating-Störung	msd	22-26	Vermeidende/restriktive Essstörung (ARFID)	878	3
de	msd	22-32	Bipolare Störungen	msd	22-33	Medikamentöse Behandlung der bipolaren Störungen	802	4
de	msd	23-102	Atemwegstumore	msd	6-77	Karzinom der Nasennebenhöhlen	84	3
de	msd	23-102	Atemwegstumore	msd	9-111	Analkrebs	84	3
de	msd	23-29	Medikamentöse Behandlung von Asthma	msd	23-30	Behandlung von akuten Asthma-Exazerbationen	925	4
de	msd	23-29	Medikamentöse Behandlung von Asthma	msd	23-73	Übersicht über umwelt- und berufsbedingte Lungenerkrankungen	925	4
de	msd	23-30	Behandlung von akuten Asthma-Exazerbationen	msd	23-73	Übersicht über umwelt- und berufsbedingte Lungenerkrankungen	925	4
de	msd	23-33	Therapie der stabilen chronischer obstruktiver Lungenerkrankung	msd	23-34	Therapie der akut exazerbierten chronischen obstruktiven Lungenerkrankung	362,363,364	4
de	msd	23-37	Nicht-thrombotisch bedingte Lungenembolie	msd	23-38	Lungenembolie (LE)	929	4
de	msd	23-40	Pneumocystis jirovecii-Pneumonie	msd	23-41	Beatmungsassoziierte Pneumonie	390	4
de	msd	23-40	Pneumocystis jirovecii-Pneumonie	msd	23-42	Übersicht über Pneumonie (Lungenentzündung)	390	4
de	msd	23-40	Pneumocystis jirovecii-Pneumonie	msd	23-54	Kryptogene organisierende Pneumonie	390	4
de	msd	23-40	Pneumocystis jirovecii-Pneumonie	msd	23-56	Akute Interstitielle Pneumonie	390	4
de	msd	23-41	Beatmungsassoziierte Pneumonie	msd	23-42	Übersicht über Pneumonie (Lungenentzündung)	390	4
de	msd	23-41	Beatmungsassoziierte Pneumonie	msd	23-54	Kryptogene organisierende Pneumonie	390	4
de	msd	23-41	Beatmungsassoziierte Pneumonie	msd	23-56	Akute Interstitielle Pneumonie	390	4
de	msd	23-42	Übersicht über Pneumonie (Lungenentzündung)	msd	23-54	Kryptogene organisierende Pneumonie	390	4
de	msd	23-42	Übersicht über Pneumonie (Lungenentzündung)	msd	23-56	Akute Interstitielle Pneumonie	390	4
de	msd	23-54	Kryptogene organisierende Pneumonie	msd	23-56	Akute Interstitielle Pneumonie	390	4
de	msd	24-106	Rehabilitation nach Hüftoperationen	msd	4-37	Frakturierte und avulsierte Zähne	508	4
de	msd	24-126	Chronisches Erschöpfungssyndrom	msd	24-91	Müdigkeit	988	3
de	msd	24-148	Opioidvergiftung und -entzug	msd	24-149	Opioidabhängige Erkrankung und Rehabilitation	1000	3
de	msd	24-43	Akupunktur	msd	6-35	Otitis media (chronisch eitrig)	1023	2
de	msd	4-10	Zahnfleischhyperplasie	msd	4-11	Akute nekrotisierende ulzerierende Gingivitis (ANUG)	21	4
de	msd	4-40	Diskusverlagerung des inneren Kiefergelenks	msd	4-41	Überblick über temporomandibuläre Dysfunktionen	1097	2
de	msd	4-40	Diskusverlagerung des inneren Kiefergelenks	msd	4-42	Ankylose des Kiefergelenks (TMJ)	1097	2
de	msd	4-40	Diskusverlagerung des inneren Kiefergelenks	msd	4-43	Arthritis des Kiefergelenks	1097	2
de	msd	4-40	Diskusverlagerung des inneren Kiefergelenks	msd	4-46	Temporomandibuläres myofasziales Schmerzsyndrom	1097	2
de	msd	4-41	Überblick über temporomandibuläre Dysfunktionen	msd	4-42	Ankylose des Kiefergelenks (TMJ)	1097	2
de	msd	4-41	Überblick über temporomandibuläre Dysfunktionen	msd	4-43	Arthritis des Kiefergelenks	1097	2
de	msd	4-41	Überblick über temporomandibuläre Dysfunktionen	msd	4-46	Temporomandibuläres myofasziales Schmerzsyndrom	1097	2
de	msd	4-42	Ankylose des Kiefergelenks (TMJ)	msd	4-43	Arthritis des Kiefergelenks	1097	2
de	msd	4-42	Ankylose des Kiefergelenks (TMJ)	msd	4-46	Temporomandibuläres myofasziales Schmerzsyndrom	1097	2
de	msd	4-43	Arthritis des Kiefergelenks	msd	4-46	Temporomandibuläres myofasziales Schmerzsyndrom	1097	2
de	msd	4-6	Orale Wucherungen	msd	5-40	Lichen planus	1098	2
de	msd	5-105	Onychomykose	msd	5-75	Tinea corporis (Körperringelflechte)	1101	4
de	msd	5-105	Onychomykose	msd	5-76	"Tinea cruris (""Jock Itch"")"	1101	4
de	msd	5-105	Onychomykose	msd	5-77	Tinea pedis (Fußpilz)	1101	4
de	msd	5-105	Onychomykose	msd	5-80	Übersicht zu Dermatophytien	1101	4
de	msd	5-105	Onychomykose	msd	5-82	Tinea versicolor	1101	4
de	msd	5-105	Onychomykose	msd	5-88	Skabies	1101	4
de	msd	5-105	Onychomykose	msd	9-109	Pruritus ani (analer Juckreiz)	1101	4
de	msd	5-11	Hidradenitis suppurativa	msd	5-8	Acne vulgaris	1111	4
de	msd	5-13	Pemphigus foliaceus	msd	5-20	Pemphigus vulgaris	1122	2
de	msd	5-27	Definition von Dermatitis	msd	5-28	Atopische Dermatitis (Ekzem)	303,304	4
de	msd	5-27	Definition von Dermatitis	msd	5-30	Hand- und Fußekzem	303,304	4
de	msd	5-27	Definition von Dermatitis	msd	5-31	Lichen simplex chronicus	303,304	4
de	msd	5-27	Definition von Dermatitis	msd	5-33	Seborrhoische Dermatitis	303,304	4
de	msd	5-28	Atopische Dermatitis (Ekzem)	msd	5-30	Hand- und Fußekzem	303,304	4
de	msd	5-28	Atopische Dermatitis (Ekzem)	msd	5-31	Lichen simplex chronicus	303,304	4
de	msd	5-28	Atopische Dermatitis (Ekzem)	msd	5-33	Seborrhoische Dermatitis	303,304	4
de	msd	5-30	Hand- und Fußekzem	msd	5-31	Lichen simplex chronicus	303,304	4
de	msd	5-30	Hand- und Fußekzem	msd	5-33	Seborrhoische Dermatitis	303,304	4
de	msd	5-31	Lichen simplex chronicus	msd	5-33	Seborrhoische Dermatitis	303,304	4
de	msd	5-50	Erythema multiforme	msd	5-55	Stevens-Johnson-Syndrom (SJS) und toxische epidermale Nekrolyse (TEN)	1140	2
de	msd	5-63	Erysipel	msd	5-71	Nekrotisierende Weichteilinfektion	445	4
de	msd	5-63	Erysipel	msd	6-53	Infektion im Submandibularbereich	445	4
de	msd	5-63	Erysipel	msd	6-59	Peritonsillarabszess und Peritonsillitis	445	4
de	msd	5-63	Erysipel	msd	6-60	Parapharyngealabszess	445	4
de	msd	5-71	Nekrotisierende Weichteilinfektion	msd	6-53	Infektion im Submandibularbereich	445	4
de	msd	5-71	Nekrotisierende Weichteilinfektion	msd	6-59	Peritonsillarabszess und Peritonsillitis	445	4
de	msd	5-71	Nekrotisierende Weichteilinfektion	msd	6-60	Parapharyngealabszess	445	4
de	msd	5-75	Tinea corporis (Körperringelflechte)	msd	5-76	"Tinea cruris (""Jock Itch"")"	1101	4
de	msd	5-75	Tinea corporis (Körperringelflechte)	msd	5-77	Tinea pedis (Fußpilz)	1101	4
de	msd	5-75	Tinea corporis (Körperringelflechte)	msd	5-80	Übersicht zu Dermatophytien	1101	4
de	msd	5-75	Tinea corporis (Körperringelflechte)	msd	5-82	Tinea versicolor	1101	4
de	msd	5-75	Tinea corporis (Körperringelflechte)	msd	5-88	Skabies	1101	4
de	msd	5-75	Tinea corporis (Körperringelflechte)	msd	9-109	Pruritus ani (analer Juckreiz)	1101	4
de	msd	5-76	"Tinea cruris (""Jock Itch"")"	msd	5-77	Tinea pedis (Fußpilz)	1101	4
de	msd	5-76	"Tinea cruris (""Jock Itch"")"	msd	5-80	Übersicht zu Dermatophytien	1101	4
de	msd	5-76	"Tinea cruris (""Jock Itch"")"	msd	5-82	Tinea versicolor	1101	4
de	msd	5-76	"Tinea cruris (""Jock Itch"")"	msd	5-88	Skabies	1101	4
de	msd	5-76	"Tinea cruris (""Jock Itch"")"	msd	9-109	Pruritus ani (analer Juckreiz)	1101	4
de	msd	5-77	Tinea pedis (Fußpilz)	msd	5-80	Übersicht zu Dermatophytien	1101	4
de	msd	5-77	Tinea pedis (Fußpilz)	msd	5-82	Tinea versicolor	1101	4
de	msd	5-77	Tinea pedis (Fußpilz)	msd	5-88	Skabies	1101	4
de	msd	5-77	Tinea pedis (Fußpilz)	msd	9-109	Pruritus ani (analer Juckreiz)	1101	4
de	msd	5-80	Übersicht zu Dermatophytien	msd	5-82	Tinea versicolor	1101	4
de	msd	5-80	Übersicht zu Dermatophytien	msd	5-88	Skabies	1101	4
de	msd	5-80	Übersicht zu Dermatophytien	msd	9-109	Pruritus ani (analer Juckreiz)	1101	4
de	msd	5-82	Tinea versicolor	msd	5-88	Skabies	1101	4
de	msd	5-82	Tinea versicolor	msd	9-109	Pruritus ani (analer Juckreiz)	1101	4
de	msd	5-88	Skabies	msd	9-109	Pruritus ani (analer Juckreiz)	1101	4
de	msd	6-18	Benommenheit (dizziness) und Schwindel (vertigo)	msd	6-24	Benigner paroxysmaler Lagerungsschwindel	1162	4
de	msd	6-18	Benommenheit (dizziness) und Schwindel (vertigo)	msd	6-27	Menière-Krankheit	1162	4
de	msd	6-20	Plötzlicher Hörverlust	msd	8-6	Akuter Visusverlust	1163	4
de	msd	6-24	Benigner paroxysmaler Lagerungsschwindel	msd	6-27	Menière-Krankheit	1162	4
de	msd	6-51	Sialadenitis	msd	6-70	Überblick zu Larynxstörungen	1178	4
de	msd	6-51	Sialadenitis	msd	6-78	Oropharyngeales Plattenepithelkarzinom	1178,1179	4
de	msd	6-51	Sialadenitis	msd	6-82	Nasopharynxkarzinom	1178,1179	4
de	msd	6-51	Sialadenitis	msd	6-83	Orales Plattenepithelkarzinom	1178,1179	4
de	msd	6-51	Sialadenitis	msd	6-85	Speicheldrüsentumoren	1178,1179	4
de	msd	6-53	Infektion im Submandibularbereich	msd	6-59	Peritonsillarabszess und Peritonsillitis	445	4
de	msd	6-53	Infektion im Submandibularbereich	msd	6-60	Parapharyngealabszess	445	4
de	msd	6-59	Peritonsillarabszess und Peritonsillitis	msd	6-60	Parapharyngealabszess	445	4
de	msd	6-69	Laryngeale Kontaktulzera	msd	6-75	Stimmlippenlähmung	374,1186	3
de	msd	6-69	Laryngeale Kontaktulzera	msd	6-76	Stimmbandpolypen, Knötchen und Granulome	374,1186	3
de	msd	6-70	Überblick zu Larynxstörungen	msd	6-78	Oropharyngeales Plattenepithelkarzinom	1178	4
de	msd	6-70	Überblick zu Larynxstörungen	msd	6-82	Nasopharynxkarzinom	1178	4
de	msd	6-70	Überblick zu Larynxstörungen	msd	6-83	Orales Plattenepithelkarzinom	1178	4
de	msd	6-70	Überblick zu Larynxstörungen	msd	6-85	Speicheldrüsentumoren	1178	4
de	msd	6-72	Laryngitis	msd	6-74	Dysphonia spastica	272,273,400	4
de	msd	6-75	Stimmlippenlähmung	msd	6-76	Stimmbandpolypen, Knötchen und Granulome	374,1186	3
de	msd	6-77	Karzinom der Nasennebenhöhlen	msd	9-111	Analkrebs	84	3
de	msd	6-78	Oropharyngeales Plattenepithelkarzinom	msd	6-82	Nasopharynxkarzinom	1178,1179	4
de	msd	6-78	Oropharyngeales Plattenepithelkarzinom	msd	6-83	Orales Plattenepithelkarzinom	1178,1179	4
de	msd	6-78	Oropharyngeales Plattenepithelkarzinom	msd	6-85	Speicheldrüsentumoren	1178,1179	4
de	msd	6-82	Nasopharynxkarzinom	msd	6-83	Orales Plattenepithelkarzinom	1178,1179	4
de	msd	6-82	Nasopharynxkarzinom	msd	6-85	Speicheldrüsentumoren	1178,1179	4
de	msd	6-83	Orales Plattenepithelkarzinom	msd	6-85	Speicheldrüsentumoren	1178,1179	4
de	msd	7-10	Hypokalzämie	msd	7-18	Hypoparathyreoidismus	1191	2
de	msd	7-32	Hyperthyreose	msd	7-33	Bösartige Tumoren der Schilddrüse	182,1203	4
de	msd	7-32	Hyperthyreose	msd	7-34	Hypothyreose	182,1203	4
de	msd	7-32	Hyperthyreose	msd	9-112	Kolorektale Karzinome	182	4
de	msd	7-32	Hyperthyreose	msd	9-115	Lynch-Syndrom	182	4
de	msd	7-33	Bösartige Tumoren der Schilddrüse	msd	7-34	Hypothyreose	182,1203	4
de	msd	7-33	Bösartige Tumoren der Schilddrüse	msd	9-112	Kolorektale Karzinome	182,183	4
de	msd	7-33	Bösartige Tumoren der Schilddrüse	msd	9-115	Lynch-Syndrom	182,183	4
de	msd	7-34	Hypothyreose	msd	9-112	Kolorektale Karzinome	182	4
de	msd	7-34	Hypothyreose	msd	9-115	Lynch-Syndrom	182	4
de	msd	7-40	Morbus Addison	msd	7-41	Sekundäre Nebenniereninsuffizienz	1206	2
de	msd	7-43	Cushing-Syndrom	msd	7-44	Primärer Hyperaldosteronismus	1207	2
de	msd	8-23	Chalazion und Hordeolum (Gerstenkorn)	msd	9-102	Anorektalabszess	605	4
de	msd	8-30	Virale Konjunktivitis	msd	8-31	Akute bakterielle Konjunktivitis	1245	4
de	msd	8-30	Virale Konjunktivitis	msd	8-32	Einschlusskonjunktivitis des Erwachsenen	1245	4
de	msd	8-30	Virale Konjunktivitis	msd	8-33	Allergische Konjunktivitis	1245	4
de	msd	8-30	Virale Konjunktivitis	msd	8-37	Übersicht über die Konjunktivitis	1245	4
de	msd	8-31	Akute bakterielle Konjunktivitis	msd	8-32	Einschlusskonjunktivitis des Erwachsenen	1245	4
de	msd	8-31	Akute bakterielle Konjunktivitis	msd	8-33	Allergische Konjunktivitis	1245	4
de	msd	8-31	Akute bakterielle Konjunktivitis	msd	8-37	Übersicht über die Konjunktivitis	1245	4
de	msd	8-32	Einschlusskonjunktivitis des Erwachsenen	msd	8-33	Allergische Konjunktivitis	1245	4
de	msd	8-32	Einschlusskonjunktivitis des Erwachsenen	msd	8-37	Übersicht über die Konjunktivitis	1245	4
de	msd	8-33	Allergische Konjunktivitis	msd	8-37	Übersicht über die Konjunktivitis	1245	4
de	msd	8-64	Altersbedingte Makuladegeneration (AMD)	msd	8-70	Retinitis Pigmentosa	1265	4
de	msd	9-112	Kolorektale Karzinome	msd	9-115	Lynch-Syndrom	182,183	4
de	msd	9-28	Übersicht zur gastrointestinalen Blutung	msd	9-30	Gastrointestinale Gefäßfehlbildungen	1295	4
de	msd	9-28	Übersicht zur gastrointestinalen Blutung	msd	9-57	Erosive Gastritis	1295	4
de	msd	9-28	Übersicht zur gastrointestinalen Blutung	msd	9-58	Nichterosive Gastritis	1295	4
de	msd	9-28	Übersicht zur gastrointestinalen Blutung	msd	9-59	Postgastrektomiegastritis	1295	4
de	msd	9-28	Übersicht zur gastrointestinalen Blutung	msd	9-60	Seltene Gastritis-Syndrome	1295	4
de	msd	9-28	Übersicht zur gastrointestinalen Blutung	msd	9-61	Übersicht zur Säuresekretion	1295	4
de	msd	9-28	Übersicht zur gastrointestinalen Blutung	msd	9-63	Übersicht zur Gastritis	1295	4
de	msd	9-28	Übersicht zur gastrointestinalen Blutung	msd	9-64	Autoimmune metaplastische atrophische Gastritis	1295	4
de	msd	9-30	Gastrointestinale Gefäßfehlbildungen	msd	9-57	Erosive Gastritis	1295	4
de	msd	9-30	Gastrointestinale Gefäßfehlbildungen	msd	9-58	Nichterosive Gastritis	1295	4
de	msd	9-30	Gastrointestinale Gefäßfehlbildungen	msd	9-59	Postgastrektomiegastritis	1295	4
de	msd	9-30	Gastrointestinale Gefäßfehlbildungen	msd	9-60	Seltene Gastritis-Syndrome	1295	4
de	msd	9-30	Gastrointestinale Gefäßfehlbildungen	msd	9-61	Übersicht zur Säuresekretion	1295	4
de	msd	9-30	Gastrointestinale Gefäßfehlbildungen	msd	9-63	Übersicht zur Gastritis	1295	4
de	msd	9-30	Gastrointestinale Gefäßfehlbildungen	msd	9-64	Autoimmune metaplastische atrophische Gastritis	1295	4
de	msd	9-36	Bauchwandhernien	msd	9-53	Hiatushernie	178	4
de	msd	9-37	Ileus	msd	9-38	Darmverschluss	1298	3
de	msd	9-57	Erosive Gastritis	msd	9-58	Nichterosive Gastritis	1295	4
de	msd	9-57	Erosive Gastritis	msd	9-59	Postgastrektomiegastritis	1295	4
de	msd	9-57	Erosive Gastritis	msd	9-60	Seltene Gastritis-Syndrome	1295	4
de	msd	9-57	Erosive Gastritis	msd	9-61	Übersicht zur Säuresekretion	1295	4
de	msd	9-57	Erosive Gastritis	msd	9-63	Übersicht zur Gastritis	1295	4
de	msd	9-57	Erosive Gastritis	msd	9-64	Autoimmune metaplastische atrophische Gastritis	1295	4
de	msd	9-58	Nichterosive Gastritis	msd	9-59	Postgastrektomiegastritis	1295	4
de	msd	9-58	Nichterosive Gastritis	msd	9-60	Seltene Gastritis-Syndrome	1295	4
de	msd	9-58	Nichterosive Gastritis	msd	9-61	Übersicht zur Säuresekretion	1295	4
de	msd	9-58	Nichterosive Gastritis	msd	9-63	Übersicht zur Gastritis	1295	4
de	msd	9-58	Nichterosive Gastritis	msd	9-64	Autoimmune metaplastische atrophische Gastritis	1295	4
de	msd	9-59	Postgastrektomiegastritis	msd	9-60	Seltene Gastritis-Syndrome	1295	4
de	msd	9-59	Postgastrektomiegastritis	msd	9-61	Übersicht zur Säuresekretion	1295	4
de	msd	9-59	Postgastrektomiegastritis	msd	9-63	Übersicht zur Gastritis	1295	4
de	msd	9-59	Postgastrektomiegastritis	msd	9-64	Autoimmune metaplastische atrophische Gastritis	1295	4
de	msd	9-60	Seltene Gastritis-Syndrome	msd	9-61	Übersicht zur Säuresekretion	1295	4
de	msd	9-60	Seltene Gastritis-Syndrome	msd	9-63	Übersicht zur Gastritis	1295	4
de	msd	9-60	Seltene Gastritis-Syndrome	msd	9-64	Autoimmune metaplastische atrophische Gastritis	1295	4
de	msd	9-61	Übersicht zur Säuresekretion	msd	9-63	Übersicht zur Gastritis	1295	4
de	msd	9-61	Übersicht zur Säuresekretion	msd	9-64	Autoimmune metaplastische atrophische Gastritis	1295	4
de	msd	9-63	Übersicht zur Gastritis	msd	9-64	Autoimmune metaplastische atrophische Gastritis	1295	4
de	msd	9-72	Übersicht zur Pankreatitis	msd	9-73	Akute Pankreatitis	1311	3
de	msd	9-72	Übersicht zur Pankreatitis	msd	9-74	Chronische Pankreatitis	1311	3
de	msd	9-73	Akute Pankreatitis	msd	9-74	Chronische Pankreatitis	1311	3
de	msd	9-81	Reisediarrhö	msd	9-91	Übersicht zu entzündlichen Darmerkrankheiten	1314	4
de	msd	9-95	Definition der Divertikulose	msd	9-96	Kolon-Divertikulose	1324	4
de	msd	9-95	Definition der Divertikulose	msd	9-97	Kolonische Divertikulitis	1324	4
de	msd	9-96	Kolon-Divertikulose	msd	9-97	Kolonische Divertikulitis	1324	4
en	msd	1-1	Lymphedema	nhs	375c90a01801316ceda518c469019956	Mastitis	9	3
en	msd	1-1	Lymphedema	nhs	dc1cd19f0261911fa095960fd3716e65	Breast cancer in women	9	3
en	msd	1-105	Peripheral Artery Disease	nhs	c2ed22e1bacce27e968457c99d5c54a6	Erythromelalgia	0	3
en	msd	1-110	Deep Venous Thrombosis (DVT)	nhs	12b25218e531a0b7231fe3a15162d3a2	Thrombophilia	1	3
en	msd	1-110	Deep Venous Thrombosis (DVT)	nhs	1b9bbf3fdcb77be389ba501850495d9f	Phlebitis (superficial thrombophlebitis)	1	3
en	msd	1-110	Deep Venous Thrombosis (DVT)	nhs	ec66184de283aec11378a36208aaa644	DVT (deep vein thrombosis)	1	3
en	msd	1-112	Superficial Venous Thrombosis	nhs	12b25218e531a0b7231fe3a15162d3a2	Thrombophilia	1	3
en	msd	1-112	Superficial Venous Thrombosis	nhs	1b9bbf3fdcb77be389ba501850495d9f	Phlebitis (superficial thrombophlebitis)	1	3
en	msd	1-112	Superficial Venous Thrombosis	nhs	ec66184de283aec11378a36208aaa644	DVT (deep vein thrombosis)	1	3
en	msd	1-13	Cardiac Resynchronization Therapy (CRT)	nhs	5d0ac88fb60a0f1a93c3a22608725afb	Brugada syndrome	8	3
en	msd	1-13	Cardiac Resynchronization Therapy (CRT)	nhs	9cc13f731b5cd4a47ac83f09ea2052d6	Heart rhythm problems (arrhythmia)	8	3
en	msd	1-13	Cardiac Resynchronization Therapy (CRT)	nhs	eaf00422dfc4928c9de43469084d864a	Atrial fibrillation	8	3
en	msd	1-16	Overview of Arrhythmias	nhs	5d0ac88fb60a0f1a93c3a22608725afb	Brugada syndrome	8	3
en	msd	1-16	Overview of Arrhythmias	nhs	9cc13f731b5cd4a47ac83f09ea2052d6	Heart rhythm problems (arrhythmia)	8	3
en	msd	1-16	Overview of Arrhythmias	nhs	eaf00422dfc4928c9de43469084d864a	Atrial fibrillation	8	3
en	msd	1-4	Chest Pain	nhs	0c05aee49c1ab2d2252d42a97605c532	Coronary heart disease	21	3
en	msd	1-4	Chest Pain	nhs	3fb517b7065198fb1c68cd79de7c161e	Angina	21	3
en	msd	1-4	Chest Pain	nhs	fcc9e2fad9a3ff5f9f65243e2ded97f2	Heart attack	21	3
en	msd	1-43	Hypertension	nhs	5a74ba44857474a7a8ebecfceb762c49	High blood pressure	19	3
en	msd	1-46	Atherosclerosis	nhs	8b8a6a5939342df267f5992308b2e466	Atherosclerosis	20	3
en	msd	1-47	Nonatheromatous Arteriosclerosis	nhs	8b8a6a5939342df267f5992308b2e466	Atherosclerosis	20	3
en	msd	1-51	Acute Myocardial Infarction (MI)	nhs	0c05aee49c1ab2d2252d42a97605c532	Coronary heart disease	21	3
en	msd	1-51	Acute Myocardial Infarction (MI)	nhs	3fb517b7065198fb1c68cd79de7c161e	Angina	21	3
en	msd	1-51	Acute Myocardial Infarction (MI)	nhs	fcc9e2fad9a3ff5f9f65243e2ded97f2	Heart attack	21	3
en	msd	1-53	Medications for Acute Coronary Syndromes	nhs	0c05aee49c1ab2d2252d42a97605c532	Coronary heart disease	21	3
en	msd	1-53	Medications for Acute Coronary Syndromes	nhs	3fb517b7065198fb1c68cd79de7c161e	Angina	21	3
en	msd	1-53	Medications for Acute Coronary Syndromes	nhs	fcc9e2fad9a3ff5f9f65243e2ded97f2	Heart attack	21	3
en	msd	1-57	Overview of Coronary Artery Disease	nhs	0c05aee49c1ab2d2252d42a97605c532	Coronary heart disease	21	3
en	msd	1-57	Overview of Coronary Artery Disease	nhs	3fb517b7065198fb1c68cd79de7c161e	Angina	21	3
en	msd	1-57	Overview of Coronary Artery Disease	nhs	fcc9e2fad9a3ff5f9f65243e2ded97f2	Heart attack	21	3
en	msd	1-58	Angina Pectoris	nhs	0c05aee49c1ab2d2252d42a97605c532	Coronary heart disease	21	3
en	msd	1-58	Angina Pectoris	nhs	3fb517b7065198fb1c68cd79de7c161e	Angina	21	3
en	msd	1-58	Angina Pectoris	nhs	fcc9e2fad9a3ff5f9f65243e2ded97f2	Heart attack	21	3
en	msd	1-59	Overview of Acute Coronary Syndromes (ACS)	nhs	0c05aee49c1ab2d2252d42a97605c532	Coronary heart disease	21	3
en	msd	1-59	Overview of Acute Coronary Syndromes (ACS)	nhs	3fb517b7065198fb1c68cd79de7c161e	Angina	21	3
en	msd	1-59	Overview of Acute Coronary Syndromes (ACS)	nhs	fcc9e2fad9a3ff5f9f65243e2ded97f2	Heart attack	21	3
en	msd	1-60	Drugs for Heart Failure	nhs	761bb4ff512a7b44ed58d1392ec5b00d	Heart failure	23	3
en	msd	1-61	Heart Failure (HF)	nhs	761bb4ff512a7b44ed58d1392ec5b00d	Heart failure	23	3
en	msd	1-62	Pulmonary Edema	nhs	761bb4ff512a7b44ed58d1392ec5b00d	Heart failure	23	3
en	msd	1-66	Ectopic Supraventricular Arrhythmias	nhs	5d0ac88fb60a0f1a93c3a22608725afb	Brugada syndrome	8	3
en	msd	1-66	Ectopic Supraventricular Arrhythmias	nhs	9cc13f731b5cd4a47ac83f09ea2052d6	Heart rhythm problems (arrhythmia)	8	3
en	msd	1-66	Ectopic Supraventricular Arrhythmias	nhs	eaf00422dfc4928c9de43469084d864a	Atrial fibrillation	8	3
en	msd	1-68	Atrial Fibrillation	nhs	5d0ac88fb60a0f1a93c3a22608725afb	Brugada syndrome	8	3
en	msd	1-68	Atrial Fibrillation	nhs	9cc13f731b5cd4a47ac83f09ea2052d6	Heart rhythm problems (arrhythmia)	8	3
en	msd	1-68	Atrial Fibrillation	nhs	eaf00422dfc4928c9de43469084d864a	Atrial fibrillation	8	3
en	msd	1-7	Palpitations	nhs	03da74842e8a66b4f2cf0c3d2390d3cb	Heart palpitations	25	3
en	msd	1-72	Atrial Flutter	nhs	5d0ac88fb60a0f1a93c3a22608725afb	Brugada syndrome	8	3
en	msd	1-72	Atrial Flutter	nhs	9cc13f731b5cd4a47ac83f09ea2052d6	Heart rhythm problems (arrhythmia)	8	3
en	msd	1-72	Atrial Flutter	nhs	eaf00422dfc4928c9de43469084d864a	Atrial fibrillation	8	3
en	msd	1-78	Ventricular Fibrillation (VF)	nhs	5d0ac88fb60a0f1a93c3a22608725afb	Brugada syndrome	8	3
en	msd	1-78	Ventricular Fibrillation (VF)	nhs	9cc13f731b5cd4a47ac83f09ea2052d6	Heart rhythm problems (arrhythmia)	8	3
en	msd	1-78	Ventricular Fibrillation (VF)	nhs	eaf00422dfc4928c9de43469084d864a	Atrial fibrillation	8	3
en	msd	1-8	Syncope	nhs	89f584c53a2ffaf8982f58d13e731a37	Fainting	29	3
en	msd	1-93	Abdominal Aortic Aneurysms (AAA)	nhs	7b899a9d773eb366b5365ccdbe0b2bf8	Abdominal aortic aneurysm	32	3
en	msd	1-94	Thoracic Aortic Aneurysms	nhs	7b899a9d773eb366b5365ccdbe0b2bf8	Abdominal aortic aneurysm	32	3
en	msd	1-96	Overview of Aortic Aneurysms	nhs	7b899a9d773eb366b5365ccdbe0b2bf8	Abdominal aortic aneurysm	32	3
en	msd	1-97	Aortic Dissection	nhs	7b899a9d773eb366b5365ccdbe0b2bf8	Abdominal aortic aneurysm	32	3
en	msd	10-15	Urinary Incontinence in Adults	nhs	36bec1ba52b338bd9f5365309d9f60cc	Bedwetting in children	36	3
en	msd	10-18	Interstitial Cystitis	nhs	5bb741c3ed4e8e0f58d88271606d5caf	Cystitis	38	3
en	msd	10-18	Interstitial Cystitis	nhs	ba13fde7c00f625cabc6ae6c43b5788c	Bladder pain syndrome (interstitial cystitis)	38	3
en	msd	10-21	Introduction to Urinary Tract Infections (UTIs)	nhs	0bbf962ebf0274b9ea2568f76363447d	Urinary tract infections (UTIs)	42	3
en	msd	10-23	Fungal Urinary Tract Infections	nhs	0bbf962ebf0274b9ea2568f76363447d	Urinary tract infections (UTIs)	42	3
en	msd	10-25	Chronic Pyelonephritis	nhs	8f71adbfaa7d4939e8ef478502abf22a	Kidney infection	43	3
en	msd	10-3	Isolated Hematuria	nhs	211a11b846eea612053de065658cb033	Blood in urine	46	3
en	msd	10-5	Priapism	nhs	e2402bcb846d257beef9c5e219f025b4	Priapism (painful erections)	62	3
en	msd	10-65	Myeloma-Related Kidney Disease	nhs	a2c94734b12286714cb58597837c131d	Myeloma	65	3
en	msd	10-71	Renal Tubular Acidosis	nhs	c6efabd53b3d554b8634cfccb81c4df6	Diabetic ketoacidosis	71	3
en	msd	10-78	Balanitis, Posthitis, and Balanoposthitis	nhs	b286d9946e6f295f385e0d3f7152db7f	Balanitis	73	3
en	msd	10-78	Balanitis, Posthitis, and Balanoposthitis	nhs	bda9f042a2fce43b8b46fcffc95f6756	Lichen sclerosus	73	3
en	msd	10-82	Peyronie Disease	nhs	2b4c339feb241089c0bbcc505236c78a	Peyronie's disease	75	3
en	msd	10-87	Prostatitis	nhs	e6315a842e68c0eb1b6e6ec78c267111	Prostatitis	79	3
en	msd	10-88	Prostate Abscess	nhs	e838b7df780a06481789ea618ad57da6	Enlarged prostate	80	3
en	msd	10-91	Penile Cancer	nhs	295ee5a77e74ba5bd1fa0868004dda87	Nasal and sinus cancer	84	3
en	msd	10-91	Penile Cancer	nhs	af7cf1918d41788a6fe9963b130f28b9	Brain tumours	84	3
en	msd	10-91	Penile Cancer	nhs	e3896564162f9e9d23d3fc3cd85de0f9	Moles	84	3
en	msd	10-91	Penile Cancer	nhs	f66a410b2a82332d917f4538bb002b77	Molar pregnancy	84	3
en	msd	10-94	Renal Pelvic and Ureteral Cancers	nhs	295ee5a77e74ba5bd1fa0868004dda87	Nasal and sinus cancer	84	3
en	msd	10-94	Renal Pelvic and Ureteral Cancers	nhs	af7cf1918d41788a6fe9963b130f28b9	Brain tumours	84	3
en	msd	10-94	Renal Pelvic and Ureteral Cancers	nhs	e3896564162f9e9d23d3fc3cd85de0f9	Moles	84	3
en	msd	10-94	Renal Pelvic and Ureteral Cancers	nhs	f66a410b2a82332d917f4538bb002b77	Molar pregnancy	84	3
en	msd	12-1	Female Pelvic Pain	nhs	8ebd037bd7e213fd577cbc9187978f3c	Pelvic pain	164	3
en	msd	12-105	Hypertension in Pregnancy	nhs	5a74ba44857474a7a8ebecfceb762c49	High blood pressure	19	3
en	msd	12-126	Polyhydramnios	nhs	07ee20a03afef9e2241139e5b3131aa4	Polyhydramnios (too much amniotic fluid)	137	3
en	msd	12-127	Oligohydramnios	nhs	07ee20a03afef9e2241139e5b3131aa4	Polyhydramnios (too much amniotic fluid)	137	3
en	msd	12-13	Polycystic Ovary Syndrome (PCOS)	nhs	e337982917038aed2c66b66f753297b4	Polycystic ovary syndrome	140	3
en	msd	12-14	Primary Ovarian Insufficiency	nhs	cbe398bac614cdbcae679b60bff11b7d	Menopause	149	3
en	msd	12-14	Primary Ovarian Insufficiency	nhs	e10b274f3791961c29e97e4bba217bbd	Early or premature menopause	149	3
en	msd	12-163	Spontaneous Abortion	nhs	2bf953254e50dd1e238b8bdaec0358bc	Acute respiratory distress syndrome (ARDS)	158,159,160,161	3
en	msd	12-163	Spontaneous Abortion	nhs	2e777b9166385099c8c9e06f3db20261	Toxic shock syndrome	158,159,160,161	3
en	msd	12-163	Spontaneous Abortion	nhs	622e52ff8a2dc88581c10f1ca975b1fa	Symptoms of sepsis	158,159,160,161	3
en	msd	12-163	Spontaneous Abortion	nhs	b2546eee83da1854b57d52d17e463458	Miscarriage	158,159,160,161	3
en	msd	12-164	Septic Abortion	nhs	2bf953254e50dd1e238b8bdaec0358bc	Acute respiratory distress syndrome (ARDS)	158,159,162	3
en	msd	12-164	Septic Abortion	nhs	2e777b9166385099c8c9e06f3db20261	Toxic shock syndrome	158,159,162	3
en	msd	12-164	Septic Abortion	nhs	622e52ff8a2dc88581c10f1ca975b1fa	Symptoms of sepsis	158,159,162	3
en	msd	12-164	Septic Abortion	nhs	b2546eee83da1854b57d52d17e463458	Miscarriage	158,159,162	3
en	msd	12-19	Pelvic Inflammatory Disease (PID)	nhs	941ae44d17e34d0a5a0ecd6ea30acab6	Pelvic inflammatory disease	163	3
en	msd	12-21	Candidal Vaginitis	nhs	128c73f87bd3ad8963c4ddaba1ad0c20	Oral thrush (mouth thrush)	165	3
en	msd	12-21	Candidal Vaginitis	nhs	1d1233188917ea8ff10a40e5104ea6f3	Vaginitis	165	3
en	msd	12-21	Candidal Vaginitis	nhs	20df8eeec6649776d2dca4fd6a4c6d77	Thrush in men and women	165	3
en	msd	12-21	Candidal Vaginitis	nhs	7e85bc9b0801fc2023c9e98d31343397	Trichomoniasis	165	3
en	msd	12-21	Candidal Vaginitis	nhs	85a02d92b613b0d1a3e974b0d3758867	Bacterial vaginosis	165	3
en	msd	12-22	Inflammatory Vaginitis	nhs	128c73f87bd3ad8963c4ddaba1ad0c20	Oral thrush (mouth thrush)	165	3
en	msd	12-22	Inflammatory Vaginitis	nhs	1d1233188917ea8ff10a40e5104ea6f3	Vaginitis	165	3
en	msd	12-22	Inflammatory Vaginitis	nhs	20df8eeec6649776d2dca4fd6a4c6d77	Thrush in men and women	165	3
en	msd	12-22	Inflammatory Vaginitis	nhs	7e85bc9b0801fc2023c9e98d31343397	Trichomoniasis	165	3
en	msd	12-22	Inflammatory Vaginitis	nhs	85a02d92b613b0d1a3e974b0d3758867	Bacterial vaginosis	165	3
en	msd	12-25	Endometriosis	nhs	4d13d3a92a75b0c4101b76b58ec769a9	Adenomyosis	168	3
en	msd	12-25	Endometriosis	nhs	97d72d8211ef8809b4119a72eefd1c9e	Endometriosis	168	3
en	msd	12-30	Bartholin Gland Cyst and Bartholin Gland Abscess	nhs	0d6c9bc430c9a38406649e3d224d6654	Bartholin's cyst	173	3
en	msd	12-32	Cervical Polyps	nhs	3c5851587b8d9141521a58dd0d5e32d5	Bowel polyps	174	3
en	msd	12-36	Uterine Adenomyosis	nhs	4d13d3a92a75b0c4101b76b58ec769a9	Adenomyosis	168	3
en	msd	12-36	Uterine Adenomyosis	nhs	97d72d8211ef8809b4119a72eefd1c9e	Endometriosis	168	3
en	msd	12-37	Overview of Pelvic Organ Prolapse (POP)	nhs	22b34a58b7608361de4f8f2ed4d05be1	Pelvic organ prolapse	178	3
en	msd	12-37	Overview of Pelvic Organ Prolapse (POP)	nhs	4f9a642103444e30f2ebffe2c46a9e5d	Hiatus hernia	178	3
en	msd	12-38	Anterior and Posterior Vaginal Wall Prolapse	nhs	22b34a58b7608361de4f8f2ed4d05be1	Pelvic organ prolapse	178	3
en	msd	12-38	Anterior and Posterior Vaginal Wall Prolapse	nhs	4f9a642103444e30f2ebffe2c46a9e5d	Hiatus hernia	178	3
en	msd	12-39	Uterine and Apical Prolapse	nhs	22b34a58b7608361de4f8f2ed4d05be1	Pelvic organ prolapse	178	3
en	msd	12-39	Uterine and Apical Prolapse	nhs	4f9a642103444e30f2ebffe2c46a9e5d	Hiatus hernia	178	3
en	msd	12-50	Mastalgia (Breast Pain)	nhs	0c05aee49c1ab2d2252d42a97605c532	Coronary heart disease	21	3
en	msd	12-50	Mastalgia (Breast Pain)	nhs	3fb517b7065198fb1c68cd79de7c161e	Angina	21	3
en	msd	12-50	Mastalgia (Breast Pain)	nhs	fcc9e2fad9a3ff5f9f65243e2ded97f2	Heart attack	21	3
en	msd	12-53	Ovarian, Fallopian Tube, and Peritoneal Cancer	nhs	01f53acf6f28ac1f79ed98de0bfe461a	Ovarian cancer	182,183	3
en	msd	12-53	Ovarian, Fallopian Tube, and Peritoneal Cancer	nhs	7ed5d09fb38596692d167ceb210dbb85	Cancer	182,183	3
en	msd	12-53	Ovarian, Fallopian Tube, and Peritoneal Cancer	nhs	afe37766750a8053c73d678dfd71141f	Underactive thyroid (hypothyroidism)	182	3
en	msd	12-53	Ovarian, Fallopian Tube, and Peritoneal Cancer	nhs	c45fc85d23fbfb601f72ea3c64e014ff	Bowel cancer	182,183	3
en	msd	12-53	Ovarian, Fallopian Tube, and Peritoneal Cancer	nhs	e09e697039cff14b08da97e162ff7252	Goitre	182	3
en	msd	12-55	Uterine Sarcomas	nhs	935838a39259f5c987cb795233886f5c	HIV and AIDS	184,185,186	3
en	msd	12-55	Uterine Sarcomas	nhs	bcf70c63425b49eb0849f1b471150b33	Toxoplasmosis	185,186	3
en	msd	12-55	Uterine Sarcomas	nhs	f3b92419f6dc850bcb7cc2df7ccb856c	Womb (uterus) cancer	184,185,186,187	3
en	msd	12-56	Gestational Trophoblastic Disease	nhs	295ee5a77e74ba5bd1fa0868004dda87	Nasal and sinus cancer	84	3
en	msd	12-56	Gestational Trophoblastic Disease	nhs	af7cf1918d41788a6fe9963b130f28b9	Brain tumours	84	3
en	msd	12-56	Gestational Trophoblastic Disease	nhs	e3896564162f9e9d23d3fc3cd85de0f9	Moles	84	3
en	msd	12-56	Gestational Trophoblastic Disease	nhs	f66a410b2a82332d917f4538bb002b77	Molar pregnancy	84	3
en	msd	12-63	Induced Abortion	nhs	2bf953254e50dd1e238b8bdaec0358bc	Acute respiratory distress syndrome (ARDS)	158,159,160,161,162	3
en	msd	12-63	Induced Abortion	nhs	2e777b9166385099c8c9e06f3db20261	Toxic shock syndrome	158,159,160,161,162	3
en	msd	12-63	Induced Abortion	nhs	622e52ff8a2dc88581c10f1ca975b1fa	Symptoms of sepsis	158,159,160,161,162	3
en	msd	12-63	Induced Abortion	nhs	b2546eee83da1854b57d52d17e463458	Miscarriage	158,159,160,161,162	3
en	msd	12-79	Recurrent Pregnancy Loss	nhs	2bf953254e50dd1e238b8bdaec0358bc	Acute respiratory distress syndrome (ARDS)	158,160,161	3
en	msd	12-79	Recurrent Pregnancy Loss	nhs	2e777b9166385099c8c9e06f3db20261	Toxic shock syndrome	158,160,161	3
en	msd	12-79	Recurrent Pregnancy Loss	nhs	622e52ff8a2dc88581c10f1ca975b1fa	Symptoms of sepsis	158,160,161	3
en	msd	12-79	Recurrent Pregnancy Loss	nhs	b2546eee83da1854b57d52d17e463458	Miscarriage	158,160,161	3
en	msd	12-85	Pelvic Pain During Early Pregnancy	nhs	8ebd037bd7e213fd577cbc9187978f3c	Pelvic pain	164	3
en	msd	12-87	Nausea and Vomiting During Early Pregnancy	nhs	19af937d128e8b17150f88036eeccc0f	Cyclical vomiting syndrome	196	3
en	msd	12-87	Nausea and Vomiting During Early Pregnancy	nhs	410439b4ff5bdf109c27681241994039	Diarrhoea and vomiting	196	3
en	msd	12-9	Introduction to Menstrual Abnormalities	nhs	1740c979dc12a1f94fbab1f2a8f615f7	Missed or late periods	199	3
en	msd	12-9	Introduction to Menstrual Abnormalities	nhs	1ade92ee498e1d47374530fcd5783161	Irregular periods	199	3
en	msd	12-9	Introduction to Menstrual Abnormalities	nhs	9466f9addf8b5f8002402e3b99325bb5	Heavy periods	199	3
en	msd	12-90	Fevers During Pregnancy	nhs	110983f292cfbe32d474f49e12094e51	Pericarditis	200,201	3
en	msd	12-90	Fevers During Pregnancy	nhs	82db4199e83b69e3f4fc89472a19871f	High temperature (fever) in children	200,201	3
en	msd	12-90	Fevers During Pregnancy	nhs	8dab29942f2d2299d04e150931d4d8ca	High temperature (fever) in adults	200,201	3
en	msd	12-90	Fevers During Pregnancy	nhs	d555ff2a43c7215d0331a1d232a48366	Rheumatic fever	200,201	3
en	msd	13-107	Overview of Cancer	nhs	01f53acf6f28ac1f79ed98de0bfe461a	Ovarian cancer	182,183	3
en	msd	13-107	Overview of Cancer	nhs	7ed5d09fb38596692d167ceb210dbb85	Cancer	182,183	3
en	msd	13-107	Overview of Cancer	nhs	afe37766750a8053c73d678dfd71141f	Underactive thyroid (hypothyroidism)	182	3
en	msd	13-107	Overview of Cancer	nhs	c45fc85d23fbfb601f72ea3c64e014ff	Bowel cancer	182,183	3
en	msd	13-107	Overview of Cancer	nhs	e09e697039cff14b08da97e162ff7252	Goitre	182	3
en	msd	13-11	Aplastic Anemia	nhs	0289b29ec2093b9243715255e8c4e985	Iron deficiency anaemia	217	3
en	msd	13-114	Tumor Antigens	nhs	01f53acf6f28ac1f79ed98de0bfe461a	Ovarian cancer	182,183	3
en	msd	13-114	Tumor Antigens	nhs	7ed5d09fb38596692d167ceb210dbb85	Cancer	182,183	3
en	msd	13-114	Tumor Antigens	nhs	afe37766750a8053c73d678dfd71141f	Underactive thyroid (hypothyroidism)	182	3
en	msd	13-114	Tumor Antigens	nhs	c45fc85d23fbfb601f72ea3c64e014ff	Bowel cancer	182,183	3
en	msd	13-114	Tumor Antigens	nhs	e09e697039cff14b08da97e162ff7252	Goitre	182	3
en	msd	13-12	Myelophthisic Anemia	nhs	0289b29ec2093b9243715255e8c4e985	Iron deficiency anaemia	217	3
en	msd	13-13	Megaloblastic Macrocytic Anemias	nhs	0289b29ec2093b9243715255e8c4e985	Iron deficiency anaemia	217	3
en	msd	13-28	Thalassemias	nhs	0289b29ec2093b9243715255e8c4e985	Iron deficiency anaemia	217	3
en	msd	13-29	Hemoglobin S–Beta-Thalassemia Disease	nhs	0289b29ec2093b9243715255e8c4e985	Iron deficiency anaemia	217	3
en	msd	13-32	Neutropenia	nhs	f02254e5cef0ba2d9da941b76edc54a2	Low white blood cell count	226	3
en	msd	13-35	Von Willebrand Disease	nhs	e89d8628bca36ac19aaf618e3a10b0d7	Von Willebrand disease	228	3
en	msd	13-4	Treatment of Anemia	nhs	0289b29ec2093b9243715255e8c4e985	Iron deficiency anaemia	217	3
en	msd	13-45	Antiphospholipid Syndrome (APS)	nhs	12b25218e531a0b7231fe3a15162d3a2	Thrombophilia	1	3
en	msd	13-45	Antiphospholipid Syndrome (APS)	nhs	1b9bbf3fdcb77be389ba501850495d9f	Phlebitis (superficial thrombophlebitis)	1	3
en	msd	13-45	Antiphospholipid Syndrome (APS)	nhs	ec66184de283aec11378a36208aaa644	DVT (deep vein thrombosis)	1	3
en	msd	13-53	Elevated Factor VIII, IX, and XI Levels	nhs	12b25218e531a0b7231fe3a15162d3a2	Thrombophilia	1	3
en	msd	13-53	Elevated Factor VIII, IX, and XI Levels	nhs	1b9bbf3fdcb77be389ba501850495d9f	Phlebitis (superficial thrombophlebitis)	1	3
en	msd	13-53	Elevated Factor VIII, IX, and XI Levels	nhs	ec66184de283aec11378a36208aaa644	DVT (deep vein thrombosis)	1	3
en	msd	13-57	Hemophilia	nhs	52b5d8e73e1d2b8c82521bd11e0dff93	Haemophilia	237	3
en	msd	13-6	Overview of Decreased Erythropoiesis	nhs	0289b29ec2093b9243715255e8c4e985	Iron deficiency anaemia	217	3
en	msd	13-7	Iron Deficiency Anemia	nhs	0289b29ec2093b9243715255e8c4e985	Iron deficiency anaemia	217	3
en	msd	13-87	Myelodysplastic Syndrome (MDS)	nhs	d0e9a8ce3181f63a1d009657c0d0724d	Myelodysplastic syndrome (MDS)	254	3
en	msd	13-9	Anemia of Chronic Disease	nhs	0289b29ec2093b9243715255e8c4e985	Iron deficiency anaemia	217	3
en	msd	13-91	Hodgkin Lymphoma	nhs	f0257b8a36bc65e5ad78ee8ecabeb317	Non-Hodgkin lymphoma	257	3
en	msd	13-92	Non-Hodgkin Lymphomas	nhs	f0257b8a36bc65e5ad78ee8ecabeb317	Non-Hodgkin lymphoma	257	3
en	msd	13-97	Multiple Myeloma	nhs	a2c94734b12286714cb58597837c131d	Myeloma	65	3
en	msd	14-1	Metabolic Dysfunction–Associated Liver Disease (MASLD)	nhs	7fdf5e28bbefa5860c6828c7e5c02f21	Non-alcoholic fatty liver disease (NAFLD)	268	3
en	msd	14-1	Metabolic Dysfunction–Associated Liver Disease (MASLD)	nhs	bdfe6c4cb54a4c78ee30ec3aeb916ffd	Liver disease	268	3
en	msd	14-1	Metabolic Dysfunction–Associated Liver Disease (MASLD)	nhs	c7de1b8788e121f742d79efd5773f17b	Alcohol-related liver disease	268	3
en	msd	14-17	Effects of Liver Disease on Drug Metabolism	nhs	7fdf5e28bbefa5860c6828c7e5c02f21	Non-alcoholic fatty liver disease (NAFLD)	268	3
en	msd	14-17	Effects of Liver Disease on Drug Metabolism	nhs	bdfe6c4cb54a4c78ee30ec3aeb916ffd	Liver disease	268	3
en	msd	14-17	Effects of Liver Disease on Drug Metabolism	nhs	c7de1b8788e121f742d79efd5773f17b	Alcohol-related liver disease	268	3
en	msd	14-2	Evaluation of the Patient With a Liver Disorder	nhs	7fdf5e28bbefa5860c6828c7e5c02f21	Non-alcoholic fatty liver disease (NAFLD)	268	3
en	msd	14-2	Evaluation of the Patient With a Liver Disorder	nhs	bdfe6c4cb54a4c78ee30ec3aeb916ffd	Liver disease	268	3
en	msd	14-2	Evaluation of the Patient With a Liver Disorder	nhs	c7de1b8788e121f742d79efd5773f17b	Alcohol-related liver disease	268	3
en	msd	14-20	Primary Biliary Cholangitis (PBC)	nhs	02ed48f0b29ea0206530cbe105e029db	Cirrhosis	269	3
en	msd	14-23	Fulminant Hepatitis	nhs	0d3a69a1589f9225636446a2a4459a81	Laryngitis	272	3
en	msd	14-23	Fulminant Hepatitis	nhs	32280e88aca2d28453edbd4fb0a1906f	Diphtheria	272	3
en	msd	14-23	Fulminant Hepatitis	nhs	3bec59aad843408d032d320bf3b105f4	Hepatitis A	271,272	3
en	msd	14-23	Fulminant Hepatitis	nhs	6983e7807852b0588bbae3ee62232c65	Hepatitis B	271,272	3
en	msd	14-23	Fulminant Hepatitis	nhs	848d7183f7392d248c3bf607eb2ca20c	Hepatitis C	271,272	3
en	msd	14-23	Fulminant Hepatitis	nhs	8ae976aa349834703d50c3b6d6f39ac0	Croup	272	3
en	msd	14-23	Fulminant Hepatitis	nhs	dafd37bc0291ebdfc45eb5f565aa5ca8	Epiglottitis	272	3
en	msd	14-24	Hepatitis A	nhs	32280e88aca2d28453edbd4fb0a1906f	Diphtheria	272	3
en	msd	14-24	Hepatitis A	nhs	8ae976aa349834703d50c3b6d6f39ac0	Croup	272	3
en	msd	14-25	Hepatitis B, Acute	nhs	0d3a69a1589f9225636446a2a4459a81	Laryngitis	272,273	3
en	msd	14-25	Hepatitis B, Acute	nhs	32280e88aca2d28453edbd4fb0a1906f	Diphtheria	272,273	3
en	msd	14-25	Hepatitis B, Acute	nhs	3bec59aad843408d032d320bf3b105f4	Hepatitis A	271,272	3
en	msd	14-25	Hepatitis B, Acute	nhs	6983e7807852b0588bbae3ee62232c65	Hepatitis B	271,272,273	3
en	msd	14-25	Hepatitis B, Acute	nhs	848d7183f7392d248c3bf607eb2ca20c	Hepatitis C	271,272,273	3
en	msd	14-25	Hepatitis B, Acute	nhs	8ae976aa349834703d50c3b6d6f39ac0	Croup	272,273	3
en	msd	14-25	Hepatitis B, Acute	nhs	c1335b8e0dcfa7c4a6fa3b22754b5a24	Tetanus	273	3
en	msd	14-25	Hepatitis B, Acute	nhs	dafd37bc0291ebdfc45eb5f565aa5ca8	Epiglottitis	272,273	3
en	msd	14-27	Hepatitis C, Acute	nhs	0d3a69a1589f9225636446a2a4459a81	Laryngitis	272,273	3
en	msd	14-27	Hepatitis C, Acute	nhs	32280e88aca2d28453edbd4fb0a1906f	Diphtheria	272,273	3
en	msd	14-27	Hepatitis C, Acute	nhs	3bec59aad843408d032d320bf3b105f4	Hepatitis A	271,272	3
en	msd	14-27	Hepatitis C, Acute	nhs	6983e7807852b0588bbae3ee62232c65	Hepatitis B	271,272,273	3
en	msd	14-27	Hepatitis C, Acute	nhs	848d7183f7392d248c3bf607eb2ca20c	Hepatitis C	271,272,273	3
en	msd	14-27	Hepatitis C, Acute	nhs	8ae976aa349834703d50c3b6d6f39ac0	Croup	272,273	3
en	msd	14-27	Hepatitis C, Acute	nhs	c1335b8e0dcfa7c4a6fa3b22754b5a24	Tetanus	273	3
en	msd	14-27	Hepatitis C, Acute	nhs	dafd37bc0291ebdfc45eb5f565aa5ca8	Epiglottitis	272,273	3
en	msd	14-29	Hepatitis D	nhs	32280e88aca2d28453edbd4fb0a1906f	Diphtheria	272	3
en	msd	14-29	Hepatitis D	nhs	8ae976aa349834703d50c3b6d6f39ac0	Croup	272	3
en	msd	14-30	Hepatitis E	nhs	32280e88aca2d28453edbd4fb0a1906f	Diphtheria	272	3
en	msd	14-30	Hepatitis E	nhs	8ae976aa349834703d50c3b6d6f39ac0	Croup	272	3
en	msd	14-38	Ischemic Hepatitis	nhs	0d3a69a1589f9225636446a2a4459a81	Laryngitis	272	3
en	msd	14-38	Ischemic Hepatitis	nhs	32280e88aca2d28453edbd4fb0a1906f	Diphtheria	272	3
en	msd	14-38	Ischemic Hepatitis	nhs	3bec59aad843408d032d320bf3b105f4	Hepatitis A	271,272	3
en	msd	14-38	Ischemic Hepatitis	nhs	6983e7807852b0588bbae3ee62232c65	Hepatitis B	271,272	3
en	msd	14-38	Ischemic Hepatitis	nhs	848d7183f7392d248c3bf607eb2ca20c	Hepatitis C	271,272	3
en	msd	14-38	Ischemic Hepatitis	nhs	8ae976aa349834703d50c3b6d6f39ac0	Croup	272	3
en	msd	14-38	Ischemic Hepatitis	nhs	dafd37bc0291ebdfc45eb5f565aa5ca8	Epiglottitis	272	3
en	msd	14-4	Spontaneous Bacterial Peritonitis (SBP)	nhs	0016793347acd852818ea220bc61e144	Epididymitis	284,285	3
en	msd	14-4	Spontaneous Bacterial Peritonitis (SBP)	nhs	53b8f6ae429157a4af940bcf2ba90326	Malaria	284	3
en	msd	14-4	Spontaneous Bacterial Peritonitis (SBP)	nhs	b8f37be68dee111703dd572605176ee5	Peritonitis	284,285	3
en	msd	14-4	Spontaneous Bacterial Peritonitis (SBP)	nhs	ce68f29841622748644779e4a1298084	Chlamydia	284,285	3
en	msd	14-42	Portal Vein Thrombosis	nhs	12b25218e531a0b7231fe3a15162d3a2	Thrombophilia	1	3
en	msd	14-42	Portal Vein Thrombosis	nhs	1b9bbf3fdcb77be389ba501850495d9f	Phlebitis (superficial thrombophlebitis)	1	3
en	msd	14-42	Portal Vein Thrombosis	nhs	ec66184de283aec11378a36208aaa644	DVT (deep vein thrombosis)	1	3
en	msd	14-52	Cholelithiasis	nhs	0e5fc7b5bc16b10a33e02c006e452557	Gallstones	286	3
en	msd	14-53	Acalculous Biliary Pain	nhs	0e5fc7b5bc16b10a33e02c006e452557	Gallstones	286	3
en	msd	14-56	AIDS Cholangiopathy	nhs	935838a39259f5c987cb795233886f5c	HIV and AIDS	184,185,186	3
en	msd	14-56	AIDS Cholangiopathy	nhs	bcf70c63425b49eb0849f1b471150b33	Toxoplasmosis	185,186	3
en	msd	14-56	AIDS Cholangiopathy	nhs	f3b92419f6dc850bcb7cc2df7ccb856c	Womb (uterus) cancer	184,185,186	3
en	msd	14-7	Jaundice	nhs	26cd008d842d341175501fb4d7f002da	Newborn jaundice	291	3
en	msd	14-7	Jaundice	nhs	81997edb2dbcb188c7ad641b3c78304e	Gilbert's syndrome	291	3
en	msd	14-7	Jaundice	nhs	a70c2db90902d7880d14009df68b4ec1	Jaundice	291	3
en	msd	14-8	Inborn Metabolic Disorders Causing Hyperbilirubinemia	nhs	26cd008d842d341175501fb4d7f002da	Newborn jaundice	291	3
en	msd	14-8	Inborn Metabolic Disorders Causing Hyperbilirubinemia	nhs	81997edb2dbcb188c7ad641b3c78304e	Gilbert's syndrome	291	3
en	msd	14-8	Inborn Metabolic Disorders Causing Hyperbilirubinemia	nhs	a70c2db90902d7880d14009df68b4ec1	Jaundice	291	3
en	msd	14-9	Portal Hypertension	nhs	5a74ba44857474a7a8ebecfceb762c49	High blood pressure	19	3
en	msd	15-24	Drug Hypersensitivity	nhs	0547d84f3ac4abdbb0361428d8a3a18a	Allergic rhinitis	302,303,304	3
en	msd	15-24	Drug Hypersensitivity	nhs	09f4795511afccf5bb9fefcf253e0f3f	Allergies	302,303,304	3
en	msd	15-24	Drug Hypersensitivity	nhs	2ff24778d89f665ec1c6fd0f59072d34	Atopic eczema	303,304	3
en	msd	15-24	Drug Hypersensitivity	nhs	42f2aa68d934853a462f78a27e817386	Non-allergic rhinitis	302,303,304	3
en	msd	15-24	Drug Hypersensitivity	nhs	6f3d168663c6cdf2a9571cf458e874a4	Cradle cap	303,304	3
en	msd	15-24	Drug Hypersensitivity	nhs	9711e8f7758f959e99cdca63748e2afd	Pompholyx	303,304	3
en	msd	15-24	Drug Hypersensitivity	nhs	a584e06877ce019b7843cfe8340d5283	Dandruff	303,304	3
en	msd	15-24	Drug Hypersensitivity	nhs	c333e9e4c9d843c5d3f76172f5da1b8e	Food allergy	302,303,304	3
en	msd	15-24	Drug Hypersensitivity	nhs	c88e54998c9f7b709c3bf678b822fbd9	Hay fever	302,303,304	3
en	msd	15-25	Food Allergy	nhs	0547d84f3ac4abdbb0361428d8a3a18a	Allergic rhinitis	302,303,304	3
en	msd	15-25	Food Allergy	nhs	09f4795511afccf5bb9fefcf253e0f3f	Allergies	302,303,304	3
en	msd	15-25	Food Allergy	nhs	2ff24778d89f665ec1c6fd0f59072d34	Atopic eczema	303,304	3
en	msd	15-25	Food Allergy	nhs	42f2aa68d934853a462f78a27e817386	Non-allergic rhinitis	302,303,304	3
en	msd	15-25	Food Allergy	nhs	6f3d168663c6cdf2a9571cf458e874a4	Cradle cap	303,304	3
en	msd	15-25	Food Allergy	nhs	9711e8f7758f959e99cdca63748e2afd	Pompholyx	303,304	3
en	msd	15-25	Food Allergy	nhs	a584e06877ce019b7843cfe8340d5283	Dandruff	303,304	3
en	msd	15-25	Food Allergy	nhs	c333e9e4c9d843c5d3f76172f5da1b8e	Food allergy	302,303,304	3
en	msd	15-25	Food Allergy	nhs	c88e54998c9f7b709c3bf678b822fbd9	Hay fever	302,303,304	3
en	msd	15-27	Allergic Rhinitis	nhs	0547d84f3ac4abdbb0361428d8a3a18a	Allergic rhinitis	302,303,304	3
en	msd	15-27	Allergic Rhinitis	nhs	09f4795511afccf5bb9fefcf253e0f3f	Allergies	302,303,304	3
en	msd	15-27	Allergic Rhinitis	nhs	2ff24778d89f665ec1c6fd0f59072d34	Atopic eczema	303,304	3
en	msd	15-27	Allergic Rhinitis	nhs	42f2aa68d934853a462f78a27e817386	Non-allergic rhinitis	302,303,304	3
en	msd	15-27	Allergic Rhinitis	nhs	6f3d168663c6cdf2a9571cf458e874a4	Cradle cap	303,304	3
en	msd	15-27	Allergic Rhinitis	nhs	9711e8f7758f959e99cdca63748e2afd	Pompholyx	303,304	3
en	msd	15-27	Allergic Rhinitis	nhs	a584e06877ce019b7843cfe8340d5283	Dandruff	303,304	3
en	msd	15-27	Allergic Rhinitis	nhs	c333e9e4c9d843c5d3f76172f5da1b8e	Food allergy	302,303,304	3
en	msd	15-27	Allergic Rhinitis	nhs	c88e54998c9f7b709c3bf678b822fbd9	Hay fever	302,303,304	3
en	msd	15-28	Anaphylaxis	nhs	806aa5e68a0b3f967473938fa5c533f7	Anaphylaxis	305	3
en	msd	15-29	Angioedema	nhs	1752e3340ecb715566052086c5e03e5d	Angioedema	306	3
en	msd	15-30	Hereditary and Acquired C1 Inhibitor Deficiency or Dysfunction	nhs	1752e3340ecb715566052086c5e03e5d	Angioedema	306	3
en	msd	16-114	Schistosomiasis	nhs	0da35f82d6f0477a126b9e2fcedd5285	Schistosomiasis (bilharzia)	337	3
en	msd	16-127	Amebiasis	nhs	da052f5ecfd8fefb25df7c6f34cf90c2	Dysentery	348	3
en	msd	16-128	Cryptosporidiosis	nhs	935838a39259f5c987cb795233886f5c	HIV and AIDS	184,185,186,349	3
en	msd	16-128	Cryptosporidiosis	nhs	bcf70c63425b49eb0849f1b471150b33	Toxoplasmosis	185,186,349	3
en	msd	16-128	Cryptosporidiosis	nhs	f3b92419f6dc850bcb7cc2df7ccb856c	Womb (uterus) cancer	184,185,186	3
en	msd	16-13	Brucellosis	nhs	038522586227d0b54535df593243364e	Brucellosis	350	3
en	msd	16-130	Giardiasis	nhs	c5197150866fc3e174df759a68c85432	Giardiasis	351	3
en	msd	16-137	Malaria	nhs	0016793347acd852818ea220bc61e144	Epididymitis	284,357	3
en	msd	16-137	Malaria	nhs	4bfa8c8521b0d3b4c23405ebd53a2cea	Roseola	357,358	3
en	msd	16-137	Malaria	nhs	b8f37be68dee111703dd572605176ee5	Peritonitis	284,357	3
en	msd	16-137	Malaria	nhs	ce68f29841622748644779e4a1298084	Chlamydia	284,357	3
en	msd	16-147	Adenovirus Infections	nhs	dc83b35e20cbc78943c8caa441b9293e	Respiratory tract infections (RTIs)	361	3
en	msd	16-149	Influenza	nhs	0cc35e14990b91deadfeee6c9015025d	Encephalitis	362,363,364	3
en	msd	16-149	Influenza	nhs	269862fdc61e35542dac5eaf2d8f1dde	Catarrh	362,363,364	3
en	msd	16-149	Influenza	nhs	2d564acc8839fb2df65831b5aa57f0b4	Meningitis	362,363,364	3
en	msd	16-149	Influenza	nhs	59fe5648aeae3279c8cd24a868fc24ed	Tick-borne encephalitis (TBE)	362,363,364	3
en	msd	16-149	Influenza	nhs	5e83161027af775c355925659643d668	Chest infection	362,363,364	3
en	msd	16-149	Influenza	nhs	70231a04efdbf8a1d0811a2ad6aceec4	Flu	362,363,364	3
en	msd	16-149	Influenza	nhs	7d2dba066742e51abe54f639d00f3faf	Bronchitis	362,363,364	3
en	msd	16-149	Influenza	nhs	7d4818f914fe4774199c276ebc8be6a0	Bird flu	362,363,364	3
en	msd	16-149	Influenza	nhs	a581b81466dfef7e15bc6f078439621f	Zika virus	362,363	3
en	msd	16-149	Influenza	nhs	c3deb9f67c28c145b2ac3f83de06de36	Long COVID	362,363,364	3
en	msd	16-149	Influenza	nhs	c4b152fd339c6d217a0a1fb14259c5ab	Haemophilus influenzae type b (Hib)	362,363,364	3
en	msd	16-149	Influenza	nhs	d9073e327e511ed0c96cce1decd87657	Japanese encephalitis	362,363,364	3
en	msd	16-149	Influenza	nhs	f1b78a6f4676b2463dec7746d60598ab	Common cold	362,363,364	3
en	msd	16-15	Cholera	nhs	4d5b9fbf93de2e39ece05a0c25bdf972	Cholera	365	3
en	msd	16-151	Coronaviruses and Acute Respiratory Syndromes (MERS and SARS)	nhs	5f86f254a25570e428265af6fd944105	Middle East respiratory syndrome (MERS)	366	3
en	msd	16-152	Avian Influenza	nhs	0cc35e14990b91deadfeee6c9015025d	Encephalitis	362,363,364	3
en	msd	16-152	Avian Influenza	nhs	269862fdc61e35542dac5eaf2d8f1dde	Catarrh	362,363,364	3
en	msd	16-152	Avian Influenza	nhs	2d564acc8839fb2df65831b5aa57f0b4	Meningitis	362,363,364	3
en	msd	16-152	Avian Influenza	nhs	59fe5648aeae3279c8cd24a868fc24ed	Tick-borne encephalitis (TBE)	362,363,364	3
en	msd	16-152	Avian Influenza	nhs	5e83161027af775c355925659643d668	Chest infection	362,363,364	3
en	msd	16-152	Avian Influenza	nhs	70231a04efdbf8a1d0811a2ad6aceec4	Flu	362,363,364	3
en	msd	16-152	Avian Influenza	nhs	7d2dba066742e51abe54f639d00f3faf	Bronchitis	362,363,364	3
en	msd	16-152	Avian Influenza	nhs	7d4818f914fe4774199c276ebc8be6a0	Bird flu	362,363,364	3
en	msd	16-152	Avian Influenza	nhs	94a1832117b9851f6539999fb2da702c	COVID-19	362,363,364	3
en	msd	16-152	Avian Influenza	nhs	a581b81466dfef7e15bc6f078439621f	Zika virus	362,363	3
en	msd	16-152	Avian Influenza	nhs	c3deb9f67c28c145b2ac3f83de06de36	Long COVID	362,363,364	3
en	msd	16-152	Avian Influenza	nhs	c4b152fd339c6d217a0a1fb14259c5ab	Haemophilus influenzae type b (Hib)	362,363,364	3
en	msd	16-152	Avian Influenza	nhs	d9073e327e511ed0c96cce1decd87657	Japanese encephalitis	362,363,364	3
en	msd	16-152	Avian Influenza	nhs	f1b78a6f4676b2463dec7746d60598ab	Common cold	362,363,364	3
en	msd	16-154	Chickenpox	nhs	ae88b2072ec8b76164242ac6058fda33	Chickenpox	368	3
en	msd	16-156	Herpes Simplex Virus (HSV) Infections	nhs	183a7eb5bf5a3c71f4f3350f927af414	Herpes simplex eye infections	369	3
en	msd	16-156	Herpes Simplex Virus (HSV) Infections	nhs	cc731a6201ab12b8cc5d20d3b618ecc5	Genital herpes	369	3
en	msd	16-158	Infectious Mononucleosis	nhs	c79ea24bfefa9f2d9942c2c7f295c994	Glandular fever	370	3
en	msd	16-162	Hand-Foot-and-Mouth Disease (HFMD)	nhs	b63b0f29da3a87cb766f504678b646e6	Hand, foot and mouth disease	372	3
en	msd	16-164	Poliomyelitis	nhs	1a147ff708c792046f2ddce85c854636	Paralysis	374,375	3
en	msd	16-164	Poliomyelitis	nhs	1c7dad92f71a6372486b497b26c0c050	Sleep paralysis	374,375	3
en	msd	16-164	Poliomyelitis	nhs	2237b2106c26c1568fd59da4463108cb	Polio	374,375	3
en	msd	16-164	Poliomyelitis	nhs	345f16fc2bce371cfab1de21983d49c0	Bell's palsy	374,375	3
en	msd	16-165	Postpoliomyelitis Syndrome	nhs	1a147ff708c792046f2ddce85c854636	Paralysis	374,375	3
en	msd	16-165	Postpoliomyelitis Syndrome	nhs	1c7dad92f71a6372486b497b26c0c050	Sleep paralysis	374,375	3
en	msd	16-165	Postpoliomyelitis Syndrome	nhs	2237b2106c26c1568fd59da4463108cb	Polio	374,375	3
en	msd	16-165	Postpoliomyelitis Syndrome	nhs	345f16fc2bce371cfab1de21983d49c0	Bell's palsy	374,375	3
en	msd	16-167	Dengue	nhs	e7700262cab4800708beaca736a904f0	Dengue	376	3
en	msd	16-17	Haemophilus Infections	nhs	0cc35e14990b91deadfeee6c9015025d	Encephalitis	362,363,364,382	3
en	msd	16-17	Haemophilus Infections	nhs	269862fdc61e35542dac5eaf2d8f1dde	Catarrh	362,363,364	3
en	msd	16-17	Haemophilus Infections	nhs	2d564acc8839fb2df65831b5aa57f0b4	Meningitis	362,363,364,382	3
en	msd	16-17	Haemophilus Infections	nhs	59fe5648aeae3279c8cd24a868fc24ed	Tick-borne encephalitis (TBE)	362,363,364,382	3
en	msd	16-17	Haemophilus Infections	nhs	5e83161027af775c355925659643d668	Chest infection	362,363,364	3
en	msd	16-17	Haemophilus Infections	nhs	70231a04efdbf8a1d0811a2ad6aceec4	Flu	362,363,364,382	3
en	msd	16-17	Haemophilus Infections	nhs	7d2dba066742e51abe54f639d00f3faf	Bronchitis	362,363,364	3
en	msd	16-17	Haemophilus Infections	nhs	7d4818f914fe4774199c276ebc8be6a0	Bird flu	362,363,364,382	3
en	msd	16-17	Haemophilus Infections	nhs	94a1832117b9851f6539999fb2da702c	COVID-19	362,363,364	3
en	msd	16-17	Haemophilus Infections	nhs	a581b81466dfef7e15bc6f078439621f	Zika virus	362,363,382	3
en	msd	16-17	Haemophilus Infections	nhs	c3deb9f67c28c145b2ac3f83de06de36	Long COVID	362,363,364	3
en	msd	16-17	Haemophilus Infections	nhs	c4b152fd339c6d217a0a1fb14259c5ab	Haemophilus influenzae type b (Hib)	362,363,364,382	3
en	msd	16-17	Haemophilus Infections	nhs	d9073e327e511ed0c96cce1decd87657	Japanese encephalitis	362,363,364,382	3
en	msd	16-17	Haemophilus Infections	nhs	f1b78a6f4676b2463dec7746d60598ab	Common cold	362,363,364	3
en	msd	16-172	Yellow Fever	nhs	aa9c88b4b6d6601390d36c6ec20ecd4a	Yellow fever	379	3
en	msd	16-173	Other Arbovirus Infections	nhs	0cc35e14990b91deadfeee6c9015025d	Encephalitis	362,363,380,382	3
en	msd	16-173	Other Arbovirus Infections	nhs	269862fdc61e35542dac5eaf2d8f1dde	Catarrh	362,363	3
en	msd	16-173	Other Arbovirus Infections	nhs	2d564acc8839fb2df65831b5aa57f0b4	Meningitis	362,363,380,382	3
en	msd	16-173	Other Arbovirus Infections	nhs	59fe5648aeae3279c8cd24a868fc24ed	Tick-borne encephalitis (TBE)	362,363,380,382	3
en	msd	16-173	Other Arbovirus Infections	nhs	5e83161027af775c355925659643d668	Chest infection	362,363	3
en	msd	16-173	Other Arbovirus Infections	nhs	70231a04efdbf8a1d0811a2ad6aceec4	Flu	362,363,382	3
en	msd	16-173	Other Arbovirus Infections	nhs	7d2dba066742e51abe54f639d00f3faf	Bronchitis	362,363	3
en	msd	16-173	Other Arbovirus Infections	nhs	7d4818f914fe4774199c276ebc8be6a0	Bird flu	362,363,382	3
en	msd	16-173	Other Arbovirus Infections	nhs	94a1832117b9851f6539999fb2da702c	COVID-19	362,363	3
en	msd	16-173	Other Arbovirus Infections	nhs	a581b81466dfef7e15bc6f078439621f	Zika virus	362,363,380,382	3
en	msd	16-173	Other Arbovirus Infections	nhs	c3deb9f67c28c145b2ac3f83de06de36	Long COVID	362,363	3
en	msd	16-173	Other Arbovirus Infections	nhs	c4b152fd339c6d217a0a1fb14259c5ab	Haemophilus influenzae type b (Hib)	362,363,382	3
en	msd	16-173	Other Arbovirus Infections	nhs	d9073e327e511ed0c96cce1decd87657	Japanese encephalitis	362,363,380,382	3
en	msd	16-173	Other Arbovirus Infections	nhs	f1b78a6f4676b2463dec7746d60598ab	Common cold	362,363	3
en	msd	16-174	Zika Virus (ZV) Infections	nhs	0cc35e14990b91deadfeee6c9015025d	Encephalitis	362,380,382	3
en	msd	16-174	Zika Virus (ZV) Infections	nhs	269862fdc61e35542dac5eaf2d8f1dde	Catarrh	362	3
en	msd	16-174	Zika Virus (ZV) Infections	nhs	2d564acc8839fb2df65831b5aa57f0b4	Meningitis	362,380,382	3
en	msd	16-174	Zika Virus (ZV) Infections	nhs	59fe5648aeae3279c8cd24a868fc24ed	Tick-borne encephalitis (TBE)	362,380,382	3
en	msd	16-174	Zika Virus (ZV) Infections	nhs	5e83161027af775c355925659643d668	Chest infection	362	3
en	msd	16-174	Zika Virus (ZV) Infections	nhs	70231a04efdbf8a1d0811a2ad6aceec4	Flu	362,382	3
en	msd	16-174	Zika Virus (ZV) Infections	nhs	7d2dba066742e51abe54f639d00f3faf	Bronchitis	362	3
en	msd	16-174	Zika Virus (ZV) Infections	nhs	7d4818f914fe4774199c276ebc8be6a0	Bird flu	362,382	3
en	msd	16-174	Zika Virus (ZV) Infections	nhs	94a1832117b9851f6539999fb2da702c	COVID-19	362	3
en	msd	16-174	Zika Virus (ZV) Infections	nhs	a581b81466dfef7e15bc6f078439621f	Zika virus	362,380,382	3
en	msd	16-174	Zika Virus (ZV) Infections	nhs	c3deb9f67c28c145b2ac3f83de06de36	Long COVID	362	3
en	msd	16-174	Zika Virus (ZV) Infections	nhs	c4b152fd339c6d217a0a1fb14259c5ab	Haemophilus influenzae type b (Hib)	362,382	3
en	msd	16-174	Zika Virus (ZV) Infections	nhs	d9073e327e511ed0c96cce1decd87657	Japanese encephalitis	362,380,382	3
en	msd	16-174	Zika Virus (ZV) Infections	nhs	f1b78a6f4676b2463dec7746d60598ab	Common cold	362	3
en	msd	16-179	Cancers Common in Patients With HIV Infection	nhs	935838a39259f5c987cb795233886f5c	HIV and AIDS	184,185,186	3
en	msd	16-179	Cancers Common in Patients With HIV Infection	nhs	bcf70c63425b49eb0849f1b471150b33	Toxoplasmosis	185,186	3
en	msd	16-179	Cancers Common in Patients With HIV Infection	nhs	f3b92419f6dc850bcb7cc2df7ccb856c	Womb (uterus) cancer	184,185,186	3
en	msd	16-183	Overview of Sexually Transmitted Infections	nhs	fd7e77288a2b895ff49882797049fdb1	Sexually transmitted infections (STIs)	384	3
en	msd	16-186	Human Papillomavirus (HPV) Infection	nhs	69f48908f28ca1cd204c00f6c8be2419	Warts and verrucas	386	3
en	msd	16-186	Human Papillomavirus (HPV) Infection	nhs	766439c430befcd1065bf6cd55c658ca	Genital warts	386	3
en	msd	16-186	Human Papillomavirus (HPV) Infection	nhs	f064f61cc22134116baf4cd480d945ca	Human papillomavirus (HPV)	386	3
en	msd	16-187	Gonorrhea	nhs	0016793347acd852818ea220bc61e144	Epididymitis	284,357	3
en	msd	16-187	Gonorrhea	nhs	4bfa8c8521b0d3b4c23405ebd53a2cea	Roseola	357,358	3
en	msd	16-187	Gonorrhea	nhs	53b8f6ae429157a4af940bcf2ba90326	Malaria	284,357,358	3
en	msd	16-187	Gonorrhea	nhs	b8f37be68dee111703dd572605176ee5	Peritonitis	284,357	3
en	msd	16-187	Gonorrhea	nhs	ce68f29841622748644779e4a1298084	Chlamydia	284,357	3
en	msd	16-189	Lymphogranuloma Venereum (LGV)	nhs	0016793347acd852818ea220bc61e144	Epididymitis	284,285,357	3
en	msd	16-189	Lymphogranuloma Venereum (LGV)	nhs	4bfa8c8521b0d3b4c23405ebd53a2cea	Roseola	357	3
en	msd	16-189	Lymphogranuloma Venereum (LGV)	nhs	b8f37be68dee111703dd572605176ee5	Peritonitis	284,285,357	3
en	msd	16-189	Lymphogranuloma Venereum (LGV)	nhs	ce68f29841622748644779e4a1298084	Chlamydia	284,285,357	3
en	msd	16-19	Klebsiella, Enterobacter, and Serratia Infections	nhs	ba53f14cb7d52573f6fa109557bc3ba8	Pneumonia	390	3
en	msd	16-190	Sexually Transmitted Enteric Infections	nhs	fd7e77288a2b895ff49882797049fdb1	Sexually transmitted infections (STIs)	384	3
en	msd	16-199	Fever	nhs	110983f292cfbe32d474f49e12094e51	Pericarditis	200,201	3
en	msd	16-199	Fever	nhs	82db4199e83b69e3f4fc89472a19871f	High temperature (fever) in children	200,201	3
en	msd	16-199	Fever	nhs	8dab29942f2d2299d04e150931d4d8ca	High temperature (fever) in adults	200,201	3
en	msd	16-199	Fever	nhs	d555ff2a43c7215d0331a1d232a48366	Rheumatic fever	200,201	3
en	msd	16-2	Staphylococcal Infections	nhs	463b262a225bf8a2a736a79ef911e7ae	Staph infection	391	3
en	msd	16-20	Legionella Infections	nhs	3ea28da9b48b87d07eb493e12b975122	Legionnaires' disease	392	3
en	msd	16-200	Fever of Unknown Origin (FUO)	nhs	110983f292cfbe32d474f49e12094e51	Pericarditis	200,201	3
en	msd	16-200	Fever of Unknown Origin (FUO)	nhs	82db4199e83b69e3f4fc89472a19871f	High temperature (fever) in children	200,201	3
en	msd	16-200	Fever of Unknown Origin (FUO)	nhs	8dab29942f2d2299d04e150931d4d8ca	High temperature (fever) in adults	200,201	3
en	msd	16-200	Fever of Unknown Origin (FUO)	nhs	d555ff2a43c7215d0331a1d232a48366	Rheumatic fever	200,201	3
en	msd	16-211	Diphtheria-Tetanus-Pertussis Vaccine	nhs	0d3a69a1589f9225636446a2a4459a81	Laryngitis	273,400	3
en	msd	16-211	Diphtheria-Tetanus-Pertussis Vaccine	nhs	32280e88aca2d28453edbd4fb0a1906f	Diphtheria	273,400	3
en	msd	16-211	Diphtheria-Tetanus-Pertussis Vaccine	nhs	6983e7807852b0588bbae3ee62232c65	Hepatitis B	273	3
en	msd	16-211	Diphtheria-Tetanus-Pertussis Vaccine	nhs	848d7183f7392d248c3bf607eb2ca20c	Hepatitis C	273	3
en	msd	16-211	Diphtheria-Tetanus-Pertussis Vaccine	nhs	8ae976aa349834703d50c3b6d6f39ac0	Croup	273,400	3
en	msd	16-211	Diphtheria-Tetanus-Pertussis Vaccine	nhs	c1335b8e0dcfa7c4a6fa3b22754b5a24	Tetanus	273,400	3
en	msd	16-211	Diphtheria-Tetanus-Pertussis Vaccine	nhs	dafd37bc0291ebdfc45eb5f565aa5ca8	Epiglottitis	273,400	3
en	msd	16-212	Tetanus-Diphtheria Vaccine	nhs	0d3a69a1589f9225636446a2a4459a81	Laryngitis	273,400	3
en	msd	16-212	Tetanus-Diphtheria Vaccine	nhs	32280e88aca2d28453edbd4fb0a1906f	Diphtheria	273,400	3
en	msd	16-212	Tetanus-Diphtheria Vaccine	nhs	6983e7807852b0588bbae3ee62232c65	Hepatitis B	273	3
en	msd	16-212	Tetanus-Diphtheria Vaccine	nhs	848d7183f7392d248c3bf607eb2ca20c	Hepatitis C	273	3
en	msd	16-212	Tetanus-Diphtheria Vaccine	nhs	8ae976aa349834703d50c3b6d6f39ac0	Croup	273,400	3
en	msd	16-212	Tetanus-Diphtheria Vaccine	nhs	c1335b8e0dcfa7c4a6fa3b22754b5a24	Tetanus	273,400	3
en	msd	16-212	Tetanus-Diphtheria Vaccine	nhs	dafd37bc0291ebdfc45eb5f565aa5ca8	Epiglottitis	273,400	3
en	msd	16-215	Hepatitis A (HepA) Vaccine	nhs	0d3a69a1589f9225636446a2a4459a81	Laryngitis	272	3
en	msd	16-215	Hepatitis A (HepA) Vaccine	nhs	32280e88aca2d28453edbd4fb0a1906f	Diphtheria	272	3
en	msd	16-215	Hepatitis A (HepA) Vaccine	nhs	3bec59aad843408d032d320bf3b105f4	Hepatitis A	271,272	3
en	msd	16-215	Hepatitis A (HepA) Vaccine	nhs	6983e7807852b0588bbae3ee62232c65	Hepatitis B	271,272	3
en	msd	16-215	Hepatitis A (HepA) Vaccine	nhs	848d7183f7392d248c3bf607eb2ca20c	Hepatitis C	271,272	3
en	msd	16-215	Hepatitis A (HepA) Vaccine	nhs	8ae976aa349834703d50c3b6d6f39ac0	Croup	272	3
en	msd	16-215	Hepatitis A (HepA) Vaccine	nhs	dafd37bc0291ebdfc45eb5f565aa5ca8	Epiglottitis	272	3
en	msd	16-216	Hepatitis B (HepB) Vaccine	nhs	0d3a69a1589f9225636446a2a4459a81	Laryngitis	272	3
en	msd	16-216	Hepatitis B (HepB) Vaccine	nhs	32280e88aca2d28453edbd4fb0a1906f	Diphtheria	272	3
en	msd	16-216	Hepatitis B (HepB) Vaccine	nhs	3bec59aad843408d032d320bf3b105f4	Hepatitis A	271,272	3
en	msd	16-216	Hepatitis B (HepB) Vaccine	nhs	6983e7807852b0588bbae3ee62232c65	Hepatitis B	271,272	3
en	msd	16-216	Hepatitis B (HepB) Vaccine	nhs	848d7183f7392d248c3bf607eb2ca20c	Hepatitis C	271,272	3
en	msd	16-216	Hepatitis B (HepB) Vaccine	nhs	8ae976aa349834703d50c3b6d6f39ac0	Croup	272	3
en	msd	16-216	Hepatitis B (HepB) Vaccine	nhs	dafd37bc0291ebdfc45eb5f565aa5ca8	Epiglottitis	272	3
en	msd	16-217	Human Papillomavirus (HPV) Vaccine	nhs	69f48908f28ca1cd204c00f6c8be2419	Warts and verrucas	386	3
en	msd	16-217	Human Papillomavirus (HPV) Vaccine	nhs	766439c430befcd1065bf6cd55c658ca	Genital warts	386	3
en	msd	16-217	Human Papillomavirus (HPV) Vaccine	nhs	f064f61cc22134116baf4cd480d945ca	Human papillomavirus (HPV)	386	3
en	msd	16-218	Influenza Vaccine	nhs	0cc35e14990b91deadfeee6c9015025d	Encephalitis	362,363,364	3
en	msd	16-218	Influenza Vaccine	nhs	269862fdc61e35542dac5eaf2d8f1dde	Catarrh	362,363,364	3
en	msd	16-218	Influenza Vaccine	nhs	2d564acc8839fb2df65831b5aa57f0b4	Meningitis	362,363,364	3
en	msd	16-218	Influenza Vaccine	nhs	59fe5648aeae3279c8cd24a868fc24ed	Tick-borne encephalitis (TBE)	362,363,364	3
en	msd	16-218	Influenza Vaccine	nhs	5e83161027af775c355925659643d668	Chest infection	362,363,364	3
en	msd	16-218	Influenza Vaccine	nhs	70231a04efdbf8a1d0811a2ad6aceec4	Flu	362,363,364	3
en	msd	16-218	Influenza Vaccine	nhs	7d2dba066742e51abe54f639d00f3faf	Bronchitis	362,363,364	3
en	msd	16-218	Influenza Vaccine	nhs	7d4818f914fe4774199c276ebc8be6a0	Bird flu	362,363,364	3
en	msd	16-218	Influenza Vaccine	nhs	94a1832117b9851f6539999fb2da702c	COVID-19	362,363,364	3
en	msd	16-218	Influenza Vaccine	nhs	a581b81466dfef7e15bc6f078439621f	Zika virus	362,363	3
en	msd	16-218	Influenza Vaccine	nhs	c3deb9f67c28c145b2ac3f83de06de36	Long COVID	362,363,364	3
en	msd	16-218	Influenza Vaccine	nhs	c4b152fd339c6d217a0a1fb14259c5ab	Haemophilus influenzae type b (Hib)	362,363,364	3
en	msd	16-218	Influenza Vaccine	nhs	d9073e327e511ed0c96cce1decd87657	Japanese encephalitis	362,363,364	3
en	msd	16-218	Influenza Vaccine	nhs	f1b78a6f4676b2463dec7746d60598ab	Common cold	362,363,364	3
en	msd	16-219	Measles, Mumps, and Rubella (MMR) Vaccine	nhs	7805c0807a82b03380f71dbf8c3a6536	Rubella (german measles)	402	3
en	msd	16-219	Measles, Mumps, and Rubella (MMR) Vaccine	nhs	db411d4c59a2a497d14652d614c421f8	Measles	402	3
en	msd	16-221	Poliomyelitis Vaccine	nhs	1a147ff708c792046f2ddce85c854636	Paralysis	374,375	3
en	msd	16-221	Poliomyelitis Vaccine	nhs	1c7dad92f71a6372486b497b26c0c050	Sleep paralysis	374,375	3
en	msd	16-221	Poliomyelitis Vaccine	nhs	2237b2106c26c1568fd59da4463108cb	Polio	374,375	3
en	msd	16-221	Poliomyelitis Vaccine	nhs	345f16fc2bce371cfab1de21983d49c0	Bell's palsy	374,375	3
en	msd	16-222	Varicella Vaccine	nhs	ae88b2072ec8b76164242ac6058fda33	Chickenpox	368	3
en	msd	16-225	COVID-19 Vaccine	nhs	0cc35e14990b91deadfeee6c9015025d	Encephalitis	362,363,364	3
en	msd	16-225	COVID-19 Vaccine	nhs	269862fdc61e35542dac5eaf2d8f1dde	Catarrh	362,363,364	3
en	msd	16-225	COVID-19 Vaccine	nhs	2d564acc8839fb2df65831b5aa57f0b4	Meningitis	362,363,364	3
en	msd	16-225	COVID-19 Vaccine	nhs	59fe5648aeae3279c8cd24a868fc24ed	Tick-borne encephalitis (TBE)	362,363,364	3
en	msd	16-225	COVID-19 Vaccine	nhs	5e83161027af775c355925659643d668	Chest infection	362,363,364	3
en	msd	16-225	COVID-19 Vaccine	nhs	70231a04efdbf8a1d0811a2ad6aceec4	Flu	362,363,364	3
en	msd	16-225	COVID-19 Vaccine	nhs	7d2dba066742e51abe54f639d00f3faf	Bronchitis	362,363,364	3
en	msd	16-225	COVID-19 Vaccine	nhs	7d4818f914fe4774199c276ebc8be6a0	Bird flu	362,363,364	3
en	msd	16-225	COVID-19 Vaccine	nhs	94a1832117b9851f6539999fb2da702c	COVID-19	362,363,364	3
en	msd	16-225	COVID-19 Vaccine	nhs	a581b81466dfef7e15bc6f078439621f	Zika virus	362,363	3
en	msd	16-225	COVID-19 Vaccine	nhs	c3deb9f67c28c145b2ac3f83de06de36	Long COVID	362,363,364	3
en	msd	16-225	COVID-19 Vaccine	nhs	c4b152fd339c6d217a0a1fb14259c5ab	Haemophilus influenzae type b (Hib)	362,363,364	3
en	msd	16-225	COVID-19 Vaccine	nhs	d9073e327e511ed0c96cce1decd87657	Japanese encephalitis	362,363,364	3
en	msd	16-225	COVID-19 Vaccine	nhs	f1b78a6f4676b2463dec7746d60598ab	Common cold	362,363,364	3
en	msd	16-226	Ebola Vaccine	nhs	9452320faa33913f35030c43b2c81e82	Ebola virus disease	405	3
en	msd	16-228	Respiratory Syncytial Virus (RSV) Vaccine	nhs	9bcc22c8aafc818260cb1074325fec86	Respiratory syncytial virus (RSV)	407	3
en	msd	16-251	Penicillins	nhs	0547d84f3ac4abdbb0361428d8a3a18a	Allergic rhinitis	302,303	3
en	msd	16-251	Penicillins	nhs	09f4795511afccf5bb9fefcf253e0f3f	Allergies	302,303	3
en	msd	16-251	Penicillins	nhs	2ff24778d89f665ec1c6fd0f59072d34	Atopic eczema	303	3
en	msd	16-251	Penicillins	nhs	42f2aa68d934853a462f78a27e817386	Non-allergic rhinitis	302,303	3
en	msd	16-251	Penicillins	nhs	6f3d168663c6cdf2a9571cf458e874a4	Cradle cap	303	3
en	msd	16-251	Penicillins	nhs	9711e8f7758f959e99cdca63748e2afd	Pompholyx	303	3
en	msd	16-251	Penicillins	nhs	a584e06877ce019b7843cfe8340d5283	Dandruff	303	3
en	msd	16-251	Penicillins	nhs	c333e9e4c9d843c5d3f76172f5da1b8e	Food allergy	302,303	3
en	msd	16-251	Penicillins	nhs	c88e54998c9f7b709c3bf678b822fbd9	Hay fever	302,303	3
en	msd	16-26	Overview of Salmonella Infections	nhs	1d571c2545b7c3546cffd3a829ebe59f	Food poisoning	438	3
en	msd	16-27	Shigellosis	nhs	da052f5ecfd8fefb25df7c6f34cf90c2	Dysentery	348	3
en	msd	16-3	Streptococcal Infections	nhs	38a1d98a8fc8a7d1b832aceeee4bb12c	Cellulitis	445	3
en	msd	16-3	Streptococcal Infections	nhs	78ee87dfb3084169a9d1404db79ecb37	Group B strep	445	3
en	msd	16-3	Streptococcal Infections	nhs	87952e21a72861e135d25474f3b0e067	Tonsillitis	445	3
en	msd	16-3	Streptococcal Infections	nhs	beae9d2f0b2d70ce83be69b70d96109d	Necrotising fasciitis	445	3
en	msd	16-3	Streptococcal Infections	nhs	c39db6c52a16a931b626396743f2ae66	Strep A	445	3
en	msd	16-3	Streptococcal Infections	nhs	e7ae87aa8b4d898c6b19d7f203576f0e	Scarlet fever	445	3
en	msd	16-34	Typhoid Fever	nhs	cd4bf5f92496df6293009f81b11bccaf	Typhus	440	3
en	msd	16-34	Typhoid Fever	nhs	ed0e158a5c268d3bcefd3c8ceae35076	Typhoid fever	440	3
en	msd	16-35	Nontyphoidal Salmonella Infections	nhs	1d571c2545b7c3546cffd3a829ebe59f	Food poisoning	438	3
en	msd	16-38	Leptospirosis	nhs	d5da0082da362d948562b54717e6559f	Leptospirosis (Weil's disease)	443	3
en	msd	16-39	Lyme Disease	nhs	c410d0c371c4daaa61e86ae84a3d9243	Lyme disease	444	3
en	msd	16-4	Toxic Shock Syndrome (TSS)	nhs	2bf953254e50dd1e238b8bdaec0358bc	Acute respiratory distress syndrome (ARDS)	158,159,160,162	3
en	msd	16-4	Toxic Shock Syndrome (TSS)	nhs	2e777b9166385099c8c9e06f3db20261	Toxic shock syndrome	158,159,160,162	3
en	msd	16-4	Toxic Shock Syndrome (TSS)	nhs	622e52ff8a2dc88581c10f1ca975b1fa	Symptoms of sepsis	158,159,160,162	3
en	msd	16-4	Toxic Shock Syndrome (TSS)	nhs	b2546eee83da1854b57d52d17e463458	Miscarriage	158,159,160,162	3
en	msd	16-41	Relapsing Fever	nhs	cd4bf5f92496df6293009f81b11bccaf	Typhus	440	3
en	msd	16-41	Relapsing Fever	nhs	ed0e158a5c268d3bcefd3c8ceae35076	Typhoid fever	440	3
en	msd	16-51	Epidemic Typhus	nhs	cd4bf5f92496df6293009f81b11bccaf	Typhus	440	3
en	msd	16-51	Epidemic Typhus	nhs	ed0e158a5c268d3bcefd3c8ceae35076	Typhoid fever	440	3
en	msd	16-52	Murine (Endemic) Typhus	nhs	cd4bf5f92496df6293009f81b11bccaf	Typhus	440	3
en	msd	16-52	Murine (Endemic) Typhus	nhs	ed0e158a5c268d3bcefd3c8ceae35076	Typhoid fever	440	3
en	msd	16-54	Rocky Mountain Spotted Fever (RMSF)	nhs	cd4bf5f92496df6293009f81b11bccaf	Typhus	440	3
en	msd	16-54	Rocky Mountain Spotted Fever (RMSF)	nhs	ed0e158a5c268d3bcefd3c8ceae35076	Typhoid fever	440	3
en	msd	16-55	Scrub Typhus	nhs	cd4bf5f92496df6293009f81b11bccaf	Typhus	440	3
en	msd	16-55	Scrub Typhus	nhs	ed0e158a5c268d3bcefd3c8ceae35076	Typhoid fever	440	3
en	msd	16-57	Q Fever	nhs	0693f0ee75684b594b2bd5513810db70	Q fever	453	3
en	msd	16-62	Clostridioides (formerly Clostridium) difficile–Induced Diarrhea	nhs	ccc8150b39adf46d928d7be6c7c4b5e5	Ulcerative colitis	457	3
en	msd	16-67	Tetanus	nhs	32280e88aca2d28453edbd4fb0a1906f	Diphtheria	273,400	3
en	msd	16-67	Tetanus	nhs	8ae976aa349834703d50c3b6d6f39ac0	Croup	273,400	3
en	msd	16-7	Diphtheria	nhs	0d3a69a1589f9225636446a2a4459a81	Laryngitis	273,400	3
en	msd	16-7	Diphtheria	nhs	32280e88aca2d28453edbd4fb0a1906f	Diphtheria	273,400	3
en	msd	16-7	Diphtheria	nhs	6983e7807852b0588bbae3ee62232c65	Hepatitis B	273	3
en	msd	16-7	Diphtheria	nhs	848d7183f7392d248c3bf607eb2ca20c	Hepatitis C	273	3
en	msd	16-7	Diphtheria	nhs	8ae976aa349834703d50c3b6d6f39ac0	Croup	273,400	3
en	msd	16-7	Diphtheria	nhs	dafd37bc0291ebdfc45eb5f565aa5ca8	Epiglottitis	273,400	3
en	msd	16-71	Nontuberculous Mycobacterial Infections	nhs	7638a6701854eef6225576dbc880d1b3	Lupus	458	3
en	msd	16-71	Nontuberculous Mycobacterial Infections	nhs	f7b07a0007015365c3cddcc1dbe1ac18	Tuberculosis (TB)	458	3
en	msd	16-78	Candidiasis	nhs	128c73f87bd3ad8963c4ddaba1ad0c20	Oral thrush (mouth thrush)	165	3
en	msd	16-78	Candidiasis	nhs	1d1233188917ea8ff10a40e5104ea6f3	Vaginitis	165	3
en	msd	16-78	Candidiasis	nhs	20df8eeec6649776d2dca4fd6a4c6d77	Thrush in men and women	165	3
en	msd	16-78	Candidiasis	nhs	7e85bc9b0801fc2023c9e98d31343397	Trichomoniasis	165	3
en	msd	16-78	Candidiasis	nhs	85a02d92b613b0d1a3e974b0d3758867	Bacterial vaginosis	165	3
en	msd	16-8	Erysipeloid	nhs	38a1d98a8fc8a7d1b832aceeee4bb12c	Cellulitis	445	3
en	msd	16-8	Erysipeloid	nhs	78ee87dfb3084169a9d1404db79ecb37	Group B strep	445	3
en	msd	16-8	Erysipeloid	nhs	87952e21a72861e135d25474f3b0e067	Tonsillitis	445	3
en	msd	16-8	Erysipeloid	nhs	beae9d2f0b2d70ce83be69b70d96109d	Necrotising fasciitis	445	3
en	msd	16-8	Erysipeloid	nhs	c39db6c52a16a931b626396743f2ae66	Strep A	445	3
en	msd	16-8	Erysipeloid	nhs	e7ae87aa8b4d898c6b19d7f203576f0e	Scarlet fever	445	3
en	msd	16-81	Histoplasmosis	nhs	110983f292cfbe32d474f49e12094e51	Pericarditis	200,463	3
en	msd	16-81	Histoplasmosis	nhs	82db4199e83b69e3f4fc89472a19871f	High temperature (fever) in children	200	3
en	msd	16-81	Histoplasmosis	nhs	8dab29942f2d2299d04e150931d4d8ca	High temperature (fever) in adults	200	3
en	msd	16-81	Histoplasmosis	nhs	d555ff2a43c7215d0331a1d232a48366	Rheumatic fever	200	3
en	msd	16-9	Listeriosis	nhs	8dbfdeb5a4913e7dbcc118d722a754bd	Listeriosis	467	3
en	msd	16-95	Pinworm Infestation	nhs	f13a8e1ed0756572d26e70742cd9bab3	Threadworms	472	3
en	msd	16-96	Strongyloidiasis	nhs	f13a8e1ed0756572d26e70742cd9bab3	Threadworms	472	3
en	msd	16-97	Toxocariasis	nhs	b9b9f94070590a8f6d48653e3b078cc8	Toxocariasis	473	3
en	msd	17-10	Distal Radius Fractures	nhs	758176a6e2fbaa99e300f2a8ea0dc52a	Broken arm or wrist	478	3
en	msd	17-107	Acetaminophen Poisoning	nhs	17178c1b6b54bcd44e8134fd40ba0eb5	Poisoning	476	3
en	msd	17-13	Fingertip Fractures	nhs	fe150c7f658a123355b0b63373709ad7	Broken finger or thumb	488	3
en	msd	17-135	Flail Chest	nhs	cda382743ea2b1e25acfca6b4a1f48e1	Broken or bruised ribs	492	3
en	msd	17-141	Rib Fracture	nhs	cda382743ea2b1e25acfca6b4a1f48e1	Broken or bruised ribs	492	3
en	msd	17-16	Hip Fractures	nhs	4ae7d83cdd85635e81532731a7b9cdb1	Broken hip	508	3
en	msd	17-16	Hip Fractures	nhs	55e2bee9809c47f0d9fe823ab877eb03	Chipped, broken or cracked tooth	508	3
en	msd	17-16	Hip Fractures	nhs	75612d15b0310fbad090ed8267ca31f4	Tooth decay	508	3
en	msd	17-16	Hip Fractures	nhs	aea511925bf945e8762908a3824e040a	Knocked-out tooth	508	3
en	msd	17-166	Patellar Dislocations	nhs	ab5217d559326e4fe387fb61feeb0d54	Dislocated kneecap	504	3
en	msd	17-168	Knee Sprains and Meniscal Injuries	nhs	0efbdfd56e3193d0d432c3d569d221c6	Meniscus tear (knee cartilage damage)	506	3
en	msd	17-168	Knee Sprains and Meniscal Injuries	nhs	13d3e4c65553b737eda388edaaca3e82	Back pain	506	3
en	msd	17-168	Knee Sprains and Meniscal Injuries	nhs	6ff1fa45a81d6b514be5be00ecd5fd32	Slipped disc	506	3
en	msd	17-168	Knee Sprains and Meniscal Injuries	nhs	9fb79a7e1aa8cfaf8b409c2840d00cad	Sciatica	506	3
en	msd	17-171	Mallet Finger	nhs	fab5a9d32af9b9f2e3dc4dd86c5d9868	Mallet finger	511	3
en	msd	17-173	Ankle Sprains	nhs	c400f88ebe7485c59bc7441d85f38c79	Swollen ankles, feet and legs (oedema)	513	3
en	msd	17-18	Ankle Fractures	nhs	c08b0450062757b1bdbecd53089df555	Broken ankle	517	3
en	msd	17-23	Compartment Syndrome	nhs	fd06c1d0e01346378f3e0ce3014aee5d	Compartment syndrome	519	3
en	msd	17-27	Sports-Related Concussion	nhs	f3d426c8b6b986983a9541939af43c59	Head injury and concussion	520	3
en	msd	17-32	Fractures of the Nose	nhs	5eb04540504c44085eb3685c35cc4c54	Broken nose	522	3
en	msd	17-4	Overview of Fractures	nhs	4ae7d83cdd85635e81532731a7b9cdb1	Broken hip	508	3
en	msd	17-4	Overview of Fractures	nhs	55e2bee9809c47f0d9fe823ab877eb03	Chipped, broken or cracked tooth	508	3
en	msd	17-4	Overview of Fractures	nhs	75612d15b0310fbad090ed8267ca31f4	Tooth decay	508	3
en	msd	17-4	Overview of Fractures	nhs	aea511925bf945e8762908a3824e040a	Knocked-out tooth	508	3
en	msd	17-5	Pediatric Physeal (Growth Plate) Fractures	nhs	4ae7d83cdd85635e81532731a7b9cdb1	Broken hip	508	3
en	msd	17-5	Pediatric Physeal (Growth Plate) Fractures	nhs	55e2bee9809c47f0d9fe823ab877eb03	Chipped, broken or cracked tooth	508	3
en	msd	17-5	Pediatric Physeal (Growth Plate) Fractures	nhs	75612d15b0310fbad090ed8267ca31f4	Tooth decay	508	3
en	msd	17-5	Pediatric Physeal (Growth Plate) Fractures	nhs	aea511925bf945e8762908a3824e040a	Knocked-out tooth	508	3
en	msd	17-52	Heat Exhaustion	nhs	26a05f5edcaa88e7675f2db5bca4e554	Heat exhaustion and heatstroke	530	3
en	msd	17-58	Nonfreezing Tissue Injuries	nhs	57d85ea99854cc7a6814ed432908584c	Frostbite	533	3
en	msd	17-59	Frostbite	nhs	57d85ea99854cc7a6814ed432908584c	Frostbite	533	3
en	msd	17-6	Clavicle Fractures	nhs	98e20d63607202de612a9df7bc9c9337	Broken collarbone	534	3
en	msd	17-60	Hypothermia	nhs	8187a424d10825784984625c2b13ee65	Hypothermia	535	3
en	msd	17-61	Altitude Illness	nhs	147e7daf2ebd03af6a8b23512580c65c	Motion sickness	536	3
en	msd	17-61	Altitude Illness	nhs	1d55439c4241a636ba3ad5f01dacea2b	Altitude sickness	536	3
en	msd	17-62	Motion Sickness	nhs	147e7daf2ebd03af6a8b23512580c65c	Motion sickness	536	3
en	msd	17-62	Motion Sickness	nhs	1d55439c4241a636ba3ad5f01dacea2b	Altitude sickness	536	3
en	msd	17-7	Proximal Humeral Fractures	nhs	758176a6e2fbaa99e300f2a8ea0dc52a	Broken arm or wrist	478	3
en	msd	17-77	Rotator Cuff Injury/Subacromial Bursitis	nhs	16bf6f281648aacb674855e03af5b5be	Frozen shoulder	549	3
en	msd	17-77	Rotator Cuff Injury/Subacromial Bursitis	nhs	4937e3cde0f76fbc6aa48d28eecb0fa6	Bursitis	549	3
en	msd	17-77	Rotator Cuff Injury/Subacromial Bursitis	nhs	dcc3dcd50e8ea8a0d96b235d3ada1546	Shoulder impingement	549	3
en	msd	17-84	Stress Fractures	nhs	4ae7d83cdd85635e81532731a7b9cdb1	Broken hip	508	3
en	msd	17-84	Stress Fractures	nhs	55e2bee9809c47f0d9fe823ab877eb03	Chipped, broken or cracked tooth	508	3
en	msd	17-84	Stress Fractures	nhs	75612d15b0310fbad090ed8267ca31f4	Tooth decay	508	3
en	msd	17-84	Stress Fractures	nhs	aea511925bf945e8762908a3824e040a	Knocked-out tooth	508	3
en	msd	17-85	Hamstring Strain	nhs	88baec576e09e1adffcf0001d7b99807	Hamstring injury	552	3
en	msd	17-86	Shin Splints	nhs	1af1900b734ca94a79c9804678f3c4cc	Shin splints	553	3
en	msd	18-100	Inferior Calcaneal Bursitis	nhs	16bf6f281648aacb674855e03af5b5be	Frozen shoulder	549	3
en	msd	18-100	Inferior Calcaneal Bursitis	nhs	4937e3cde0f76fbc6aa48d28eecb0fa6	Bursitis	549	3
en	msd	18-100	Inferior Calcaneal Bursitis	nhs	dcc3dcd50e8ea8a0d96b235d3ada1546	Shoulder impingement	549	3
en	msd	18-112	Primary Malignant Bone Tumors	nhs	935838a39259f5c987cb795233886f5c	HIV and AIDS	184	3
en	msd	18-112	Primary Malignant Bone Tumors	nhs	f3b92419f6dc850bcb7cc2df7ccb856c	Womb (uterus) cancer	184,187	3
en	msd	18-35	Granulomatosis with Polyangiitis (GPA)	nhs	37e26ea0ed51ab92e33514a1f8b11957	Granulomatosis with polyangiitis (GPA)	569	3
en	msd	18-39	Giant Cell Arteritis	nhs	2afea0b19312301f8904d0af987e3a6a	Temporal arteritis	573	3
en	msd	18-39	Giant Cell Arteritis	nhs	4623def05626595cc6d98af948693a50	Polymyalgia rheumatica	573	3
en	msd	18-40	Immunoglobulin A–Associated Vasculitis (IgAV)	nhs	3c094430ac4ef632b1ddfb9b92cabcf6	Henoch-Schönlein purpura (HSP)	574	3
en	msd	18-43	Polymyalgia Rheumatica	nhs	2afea0b19312301f8904d0af987e3a6a	Temporal arteritis	573	3
en	msd	18-43	Polymyalgia Rheumatica	nhs	4623def05626595cc6d98af948693a50	Polymyalgia rheumatica	573	3
en	msd	18-47	Psoriatic Arthritis	nhs	3dcdce73ff4562dbd85cca99c0553432	Psoriasis	579	3
en	msd	18-47	Psoriatic Arthritis	nhs	5b44df7190e52c30b83ff7c6a8bd4ef1	Psoriatic arthritis	579	3
en	msd	18-50	Reactive Arthritis	nhs	96a795f9e73a294da7189ebf82da1d61	Reactive arthritis	582	3
en	msd	18-51	Osteoarthritis (OA)	nhs	3dcdce73ff4562dbd85cca99c0553432	Psoriasis	579	3
en	msd	18-51	Osteoarthritis (OA)	nhs	5b44df7190e52c30b83ff7c6a8bd4ef1	Psoriatic arthritis	579	3
en	msd	18-53	Gout	nhs	2a080af7ab6160cb5f17a33124892585	Gout	583	3
en	msd	18-59	Chronic Infectious Arthritis	nhs	96a795f9e73a294da7189ebf82da1d61	Reactive arthritis	582	3
en	msd	18-60	Acute Infectious Arthritis	nhs	96a795f9e73a294da7189ebf82da1d61	Reactive arthritis	582	3
en	msd	18-62	Osteomyelitis	nhs	3f2c1e1d04efcf037912d3baf881ea34	Osteomyelitis	590	3
en	msd	18-63	Baker Cysts	nhs	d6c7471f56f2ccda1ba763a386a52049	Baker's cyst	591	3
en	msd	18-64	Tendinitis and Tenosynovitis	nhs	98f6e4e70af9a7d800ab0077e47ad2a9	Tendonitis	592	3
en	msd	18-65	Fibromyalgia	nhs	32dad4203c520db7ad31df35e91b835c	Fibromyalgia	593	3
en	msd	18-66	Bursitis	nhs	16bf6f281648aacb674855e03af5b5be	Frozen shoulder	549	3
en	msd	18-66	Bursitis	nhs	4937e3cde0f76fbc6aa48d28eecb0fa6	Bursitis	549	3
en	msd	18-66	Bursitis	nhs	dcc3dcd50e8ea8a0d96b235d3ada1546	Shoulder impingement	549	3
en	msd	18-68	Spondylolisthesis	nhs	2266959456de38e1ce8bc8a6240ca041	Spondylolisthesis	594	3
en	msd	18-70	Lumbar Disc Herniation	nhs	0efbdfd56e3193d0d432c3d569d221c6	Meniscus tear (knee cartilage damage)	506	3
en	msd	18-70	Lumbar Disc Herniation	nhs	13d3e4c65553b737eda388edaaca3e82	Back pain	506	3
en	msd	18-70	Lumbar Disc Herniation	nhs	6ff1fa45a81d6b514be5be00ecd5fd32	Slipped disc	506	3
en	msd	18-70	Lumbar Disc Herniation	nhs	9fb79a7e1aa8cfaf8b409c2840d00cad	Sciatica	506	3
en	msd	18-71	Lumbosacral Radiculopathy	nhs	0efbdfd56e3193d0d432c3d569d221c6	Meniscus tear (knee cartilage damage)	506	3
en	msd	18-71	Lumbosacral Radiculopathy	nhs	13d3e4c65553b737eda388edaaca3e82	Back pain	506	3
en	msd	18-71	Lumbosacral Radiculopathy	nhs	6ff1fa45a81d6b514be5be00ecd5fd32	Slipped disc	506	3
en	msd	18-71	Lumbosacral Radiculopathy	nhs	9fb79a7e1aa8cfaf8b409c2840d00cad	Sciatica	506	3
en	msd	18-72	Overview of Neck and Back Pain	nhs	0efbdfd56e3193d0d432c3d569d221c6	Meniscus tear (knee cartilage damage)	506	3
en	msd	18-72	Overview of Neck and Back Pain	nhs	13d3e4c65553b737eda388edaaca3e82	Back pain	506	3
en	msd	18-72	Overview of Neck and Back Pain	nhs	6ff1fa45a81d6b514be5be00ecd5fd32	Slipped disc	506	3
en	msd	18-72	Overview of Neck and Back Pain	nhs	9fb79a7e1aa8cfaf8b409c2840d00cad	Sciatica	506	3
en	msd	18-76	Carpal Tunnel Syndrome	nhs	e96cbbe1392ab69f62754d36be8635ce	Carpal tunnel syndrome	597	3
en	msd	18-79	Trigger Finger (Stenosing Flexor Tenosynovitis)	nhs	8f9ea7b0f71122d0bd5f3496bf727c6e	Trigger finger	599	3
en	msd	18-81	Felon	nhs	38419cd9ce06c3196a847934b7436960	Herpetic whitlow (whitlow finger)	601	3
en	msd	18-82	Herpetic Whitlow	nhs	38419cd9ce06c3196a847934b7436960	Herpetic whitlow (whitlow finger)	601	3
en	msd	18-85	Osteoarthritis of the Hand	nhs	3dcdce73ff4562dbd85cca99c0553432	Psoriasis	579	3
en	msd	18-85	Osteoarthritis of the Hand	nhs	5b44df7190e52c30b83ff7c6a8bd4ef1	Psoriatic arthritis	579	3
en	msd	18-87	Infected Bite Wounds of the Hand	nhs	460830d637dc3c8b5b3774725ddaf1d2	Animal and human bites	604	3
en	msd	18-88	Palm Abscess	nhs	2ca7f9fe2c05dfd257d73ad4e1bcbb0f	Skin abscess	605	3
en	msd	18-88	Palm Abscess	nhs	2f251bb9a962507be9e44bf403d01f67	Dental abscess	605	3
en	msd	18-88	Palm Abscess	nhs	8acbedd5459439fc2547d956ba6920fe	Stye	605	3
en	msd	18-88	Palm Abscess	nhs	96a946660144b8cb64c208df4746f1d2	Breast abscess	605	3
en	msd	18-88	Palm Abscess	nhs	ae8a917cdc09fbde2c813f2486fa012c	Boils	605	3
en	msd	18-91	Ganglia	nhs	8c433b9d34d31826efcd628f387c8add	Ganglion cyst	607	3
en	msd	18-96	Bunion	nhs	40378b7c9364b71641ecdf3175101159	Bunions	608	3
en	msd	19-102	Guillain-Barré Syndrome (GBS)	nhs	86f8e57cd631c2fc1ef3ba4e81694e68	Guillain-Barré syndrome	613	3
en	msd	19-104	Amyotrophic Lateral Sclerosis (ALS) and Other Motor Neuron Diseases (MNDs)	nhs	dd325f74fd0ca4e6dbd61b77384bd5dd	Motor neurone disease	614	3
en	msd	19-109	Spinal Muscular Atrophies (SMAs)	nhs	a8510dac2bc3ac7c0dad9a990f6865a6	Spinal muscular atrophy (SMA)	615	3
en	msd	19-121	Cervical Spondylosis and Spondylotic Cervical Myelopathy	nhs	9cbef934de9c7b93fd2aa15a188bd3b7	Cervical spondylosis	623	3
en	msd	19-126	Spinal Subdural or Epidural Hematoma	nhs	f3d426c8b6b986983a9541939af43c59	Head injury and concussion	520	3
en	msd	19-143	Fatal Insomnia	nhs	33e7232bb42577a5e7bbf18bf05b49b9	Insomnia	634	3
en	msd	19-144	Prion Disease Associated With Diarrhea and Autonomic Neuropathy	nhs	543d1545f39d9af5ef5f05aa35a2c6e9	Peripheral neuropathy	635	3
en	msd	19-167	Muscle Cramps	nhs	f73dbd22baa2dd334940c6bda8db576e	Leg cramps	638	3
en	msd	19-17	Aphasia	nhs	694e8edd7fad9bacbb7d64f23f4baf2a	Aphasia	641	3
en	msd	19-17	Aphasia	nhs	c33e0a618fd739d19822007c7616b604	Epilepsy	641	3
en	msd	19-20	Transient Global Amnesia	nhs	240c209164f2019580a1d05967ae72b7	Memory loss (amnesia)	642	3
en	msd	19-21	Overview of Stroke	nhs	dea51d136d58c7a57a0e41c943397be6	Stroke	643	3
en	msd	19-22	Ischemic Stroke	nhs	dea51d136d58c7a57a0e41c943397be6	Stroke	643	3
en	msd	19-25	Brain Aneurysms	nhs	bdb2925c6ab1f31ced8212978a836db2	Brain aneurysm	644	3
en	msd	19-27	Transient Ischemic Attack	nhs	e2ba5561e8b7805e2214b5c892702f2c	Transient ischaemic attack (TIA)	645	3
en	msd	19-33	Overview of Delirium and Dementia	nhs	199dddcc04fd291de829b95cbee0b02a	Sudden confusion (delirium)	648	3
en	msd	19-34	Delirium	nhs	199dddcc04fd291de829b95cbee0b02a	Sudden confusion (delirium)	648	3
en	msd	19-35	Dementia	nhs	f685529c884a6edda2208baf1b0e536a	Vascular dementia	649	3
en	msd	19-37	Chronic Traumatic Encephalopathy (CTE)	nhs	697bde4fe2524dd4d90e11f8a7be8ebd	Chronic traumatic encephalopathy	650	3
en	msd	19-38	Alzheimer Disease	nhs	f685529c884a6edda2208baf1b0e536a	Vascular dementia	649	3
en	msd	19-39	Vascular Cognitive Impairment and Dementia	nhs	f685529c884a6edda2208baf1b0e536a	Vascular dementia	649	3
en	msd	19-40	Dementia with Lewy Bodies and Parkinson Disease Dementia	nhs	ff462668b0e25343373d30862e4d7c44	Parkinson's disease	651	3
en	msd	19-43	Seizure Disorders	nhs	694e8edd7fad9bacbb7d64f23f4baf2a	Aphasia	641	3
en	msd	19-43	Seizure Disorders	nhs	c33e0a618fd739d19822007c7616b604	Epilepsy	641	3
en	msd	19-44	Antiseizure Medications	nhs	694e8edd7fad9bacbb7d64f23f4baf2a	Aphasia	641	3
en	msd	19-44	Antiseizure Medications	nhs	c33e0a618fd739d19822007c7616b604	Epilepsy	641	3
en	msd	19-49	Periodic Limb Movement Disorder (PLMD) and Restless Legs Syndrome (RLS)	nhs	40d210e87ca54d0901134841cdfd2a70	Restless legs syndrome	655	3
en	msd	19-53	Approach to the Patient With Headache	nhs	286ce864be51e03f0258cf4a8a521155	Headaches	657	3
en	msd	19-53	Approach to the Patient With Headache	nhs	396be7d2ae6237a29bffab6af6e37c08	Tension headaches	657	3
en	msd	19-53	Approach to the Patient With Headache	nhs	52d6ff025d8e41caa2328e4916794c20	Cluster headaches	657	3
en	msd	19-54	Cluster Headache	nhs	286ce864be51e03f0258cf4a8a521155	Headaches	657	3
en	msd	19-54	Cluster Headache	nhs	396be7d2ae6237a29bffab6af6e37c08	Tension headaches	657	3
en	msd	19-54	Cluster Headache	nhs	52d6ff025d8e41caa2328e4916794c20	Cluster headaches	657	3
en	msd	19-55	Idiopathic Intracranial Hypertension	nhs	5a74ba44857474a7a8ebecfceb762c49	High blood pressure	19	3
en	msd	19-56	Migraine	nhs	8ad8e83785d07d424f5a87254da6cff4	Migraine	658	3
en	msd	19-56	Migraine	nhs	d31824c04bfd92fc93b17c2d5614890f	Retinal migraine	658	3
en	msd	19-58	Tension-Type Headache	nhs	286ce864be51e03f0258cf4a8a521155	Headaches	657	3
en	msd	19-58	Tension-Type Headache	nhs	396be7d2ae6237a29bffab6af6e37c08	Tension headaches	657	3
en	msd	19-58	Tension-Type Headache	nhs	52d6ff025d8e41caa2328e4916794c20	Cluster headaches	657	3
en	msd	19-59	Short-Lasting Unilateral Neuralgiform Headache With Conjunctival Injection and Tearing (SUNCT)	nhs	286ce864be51e03f0258cf4a8a521155	Headaches	657	3
en	msd	19-59	Short-Lasting Unilateral Neuralgiform Headache With Conjunctival Injection and Tearing (SUNCT)	nhs	396be7d2ae6237a29bffab6af6e37c08	Tension headaches	657	3
en	msd	19-59	Short-Lasting Unilateral Neuralgiform Headache With Conjunctival Injection and Tearing (SUNCT)	nhs	52d6ff025d8e41caa2328e4916794c20	Cluster headaches	657	3
en	msd	19-63	Encephalitis	nhs	0cc35e14990b91deadfeee6c9015025d	Encephalitis	362,363,364,380,382	3
en	msd	19-63	Encephalitis	nhs	269862fdc61e35542dac5eaf2d8f1dde	Catarrh	362,363,364	3
en	msd	19-63	Encephalitis	nhs	2d564acc8839fb2df65831b5aa57f0b4	Meningitis	362,363,364,380,382	3
en	msd	19-63	Encephalitis	nhs	59fe5648aeae3279c8cd24a868fc24ed	Tick-borne encephalitis (TBE)	362,363,364,380,382	3
en	msd	19-63	Encephalitis	nhs	5e83161027af775c355925659643d668	Chest infection	362,363,364	3
en	msd	19-63	Encephalitis	nhs	70231a04efdbf8a1d0811a2ad6aceec4	Flu	362,363,364,382	3
en	msd	19-63	Encephalitis	nhs	7d2dba066742e51abe54f639d00f3faf	Bronchitis	362,363,364	3
en	msd	19-63	Encephalitis	nhs	7d4818f914fe4774199c276ebc8be6a0	Bird flu	362,363,364,382	3
en	msd	19-63	Encephalitis	nhs	94a1832117b9851f6539999fb2da702c	COVID-19	362,363,364	3
en	msd	19-63	Encephalitis	nhs	a581b81466dfef7e15bc6f078439621f	Zika virus	362,363,380,382	3
en	msd	19-63	Encephalitis	nhs	c3deb9f67c28c145b2ac3f83de06de36	Long COVID	362,363,364	3
en	msd	19-63	Encephalitis	nhs	c4b152fd339c6d217a0a1fb14259c5ab	Haemophilus influenzae type b (Hib)	362,363,364,382	3
en	msd	19-63	Encephalitis	nhs	d9073e327e511ed0c96cce1decd87657	Japanese encephalitis	362,363,364,380,382	3
en	msd	19-63	Encephalitis	nhs	f1b78a6f4676b2463dec7746d60598ab	Common cold	362,363,364	3
en	msd	19-66	Rabies	nhs	1827f88aaa03e2470f6d7520b8325f62	Rabies	663	3
en	msd	19-72	Recurrent Meningitis	nhs	0cc35e14990b91deadfeee6c9015025d	Encephalitis	362,363,364,382	3
en	msd	19-72	Recurrent Meningitis	nhs	269862fdc61e35542dac5eaf2d8f1dde	Catarrh	362,363,364	3
en	msd	19-72	Recurrent Meningitis	nhs	2d564acc8839fb2df65831b5aa57f0b4	Meningitis	362,363,364,382	3
en	msd	19-72	Recurrent Meningitis	nhs	59fe5648aeae3279c8cd24a868fc24ed	Tick-borne encephalitis (TBE)	362,363,364,382	3
en	msd	19-72	Recurrent Meningitis	nhs	5e83161027af775c355925659643d668	Chest infection	362,363,364	3
en	msd	19-72	Recurrent Meningitis	nhs	70231a04efdbf8a1d0811a2ad6aceec4	Flu	362,363,364,382	3
en	msd	19-72	Recurrent Meningitis	nhs	7d2dba066742e51abe54f639d00f3faf	Bronchitis	362,363,364	3
en	msd	19-72	Recurrent Meningitis	nhs	7d4818f914fe4774199c276ebc8be6a0	Bird flu	362,363,364,382	3
en	msd	19-72	Recurrent Meningitis	nhs	94a1832117b9851f6539999fb2da702c	COVID-19	362,363,364	3
en	msd	19-72	Recurrent Meningitis	nhs	a581b81466dfef7e15bc6f078439621f	Zika virus	362,363,382	3
en	msd	19-72	Recurrent Meningitis	nhs	c3deb9f67c28c145b2ac3f83de06de36	Long COVID	362,363,364	3
en	msd	19-72	Recurrent Meningitis	nhs	c4b152fd339c6d217a0a1fb14259c5ab	Haemophilus influenzae type b (Hib)	362,363,364,382	3
en	msd	19-72	Recurrent Meningitis	nhs	d9073e327e511ed0c96cce1decd87657	Japanese encephalitis	362,363,364,382	3
en	msd	19-72	Recurrent Meningitis	nhs	f1b78a6f4676b2463dec7746d60598ab	Common cold	362,363,364	3
en	msd	19-82	Facial Nerve Palsy	nhs	1a147ff708c792046f2ddce85c854636	Paralysis	374,375	3
en	msd	19-82	Facial Nerve Palsy	nhs	1c7dad92f71a6372486b497b26c0c050	Sleep paralysis	374,375	3
en	msd	19-82	Facial Nerve Palsy	nhs	2237b2106c26c1568fd59da4463108cb	Polio	374,375	3
en	msd	19-82	Facial Nerve Palsy	nhs	345f16fc2bce371cfab1de21983d49c0	Bell's palsy	374,375	3
en	msd	19-83	Glossopharyngeal Neuralgia	nhs	82c257d6d193177921eaa3ca20e3d9ef	Pudendal neuralgia	674	3
en	msd	19-83	Glossopharyngeal Neuralgia	nhs	87fcea405efe1b5f1cf52afa468f4a0c	Post-herpetic neuralgia	674	3
en	msd	19-85	Chorea, Athetosis, and Hemiballismus	nhs	609d20f6b5ebf24fbb9e1b3ab47fe0c2	Huntington's disease	675	3
en	msd	19-87	Huntington Disease	nhs	609d20f6b5ebf24fbb9e1b3ab47fe0c2	Huntington's disease	675	3
en	msd	19-89	Parkinson Disease	nhs	ff462668b0e25343373d30862e4d7c44	Parkinson's disease	651	3
en	msd	19-95	Secondary and Atypical Parkinsonism	nhs	ff462668b0e25343373d30862e4d7c44	Parkinson's disease	651	3
en	msd	19-98	Multiple Sclerosis (MS)	nhs	55a80d6dc903affdbde3b142c4bb64f7	Multiple sclerosis	680	3
en	msd	19-99	Neuromyelitis Optica Spectrum Disorder (NMOSD)	nhs	3d7df9a4a874d06a873f5b51b6ea9335	Neuromyelitis optica (NMO)	681	3
en	msd	20-30	Vitamin C Deficiency	nhs	c977cc1101ce794f1330c903fe4559c3	Scurvy	707	3
en	msd	20-54	Obesity	nhs	1bb4e021c225777d5d7330f2855e8bd3	Metabolic syndrome	713	3
en	msd	20-54	Obesity	nhs	948fb2dd0f4c1ecf2dc62b3f65254989	Obesity	713	3
en	msd	20-56	Metabolic Syndrome	nhs	1bb4e021c225777d5d7330f2855e8bd3	Metabolic syndrome	713	3
en	msd	20-56	Metabolic Syndrome	nhs	948fb2dd0f4c1ecf2dc62b3f65254989	Obesity	713	3
en	msd	21-100	Ehlers-Danlos Syndromes	nhs	b81900e508e01d2e75f38444188f475d	Ehlers-Danlos syndromes	717	3
en	msd	21-105	Osteochondrodysplasias (Osteochondrodysplastic Dwarfism)	nhs	0efea88f6a4391dd32e098de2a77df61	Restricted growth (dwarfism)	720	3
en	msd	21-109	Overview of Central Nervous System Tumors in Children	nhs	295ee5a77e74ba5bd1fa0868004dda87	Nasal and sinus cancer	84	3
en	msd	21-109	Overview of Central Nervous System Tumors in Children	nhs	af7cf1918d41788a6fe9963b130f28b9	Brain tumours	84	3
en	msd	21-109	Overview of Central Nervous System Tumors in Children	nhs	e3896564162f9e9d23d3fc3cd85de0f9	Moles	84	3
en	msd	21-109	Overview of Central Nervous System Tumors in Children	nhs	f66a410b2a82332d917f4538bb002b77	Molar pregnancy	84	3
en	msd	21-112	Rhabdomyosarcoma	nhs	935838a39259f5c987cb795233886f5c	HIV and AIDS	184,185,186	3
en	msd	21-112	Rhabdomyosarcoma	nhs	bcf70c63425b49eb0849f1b471150b33	Toxoplasmosis	185,186	3
en	msd	21-112	Rhabdomyosarcoma	nhs	f3b92419f6dc850bcb7cc2df7ccb856c	Womb (uterus) cancer	184,185,186,187	3
en	msd	21-146	Genu Varum (Bowlegs) and Genu Valgum (Knock-Knees)	nhs	7094c4fb65e67c91c0ac0a8fa5e10da8	Knock knees	740	3
en	msd	21-155	Omphalocele	nhs	22b34a58b7608361de4f8f2ed4d05be1	Pelvic organ prolapse	178	3
en	msd	21-155	Omphalocele	nhs	4f9a642103444e30f2ebffe2c46a9e5d	Hiatus hernia	178	3
en	msd	21-157	Diaphragmatic Hernia	nhs	22b34a58b7608361de4f8f2ed4d05be1	Pelvic organ prolapse	178	3
en	msd	21-157	Diaphragmatic Hernia	nhs	4f9a642103444e30f2ebffe2c46a9e5d	Hiatus hernia	178	3
en	msd	21-16	Obesity in Adolescents	nhs	1bb4e021c225777d5d7330f2855e8bd3	Metabolic syndrome	713	3
en	msd	21-16	Obesity in Adolescents	nhs	948fb2dd0f4c1ecf2dc62b3f65254989	Obesity	713	3
en	msd	21-165	Cryptorchidism	nhs	e28598d5f73974210a3052105583323b	Undescended testicles	751	3
en	msd	21-175	Overview of Congenital Neurologic Anomalies	nhs	935838a39259f5c987cb795233886f5c	HIV and AIDS	186,349	3
en	msd	21-175	Overview of Congenital Neurologic Anomalies	nhs	bcf70c63425b49eb0849f1b471150b33	Toxoplasmosis	186,349	3
en	msd	21-175	Overview of Congenital Neurologic Anomalies	nhs	f3b92419f6dc850bcb7cc2df7ccb856c	Womb (uterus) cancer	186	3
en	msd	21-185	Amblyopia	nhs	b9eca5eccade076975768113b38a0d4a	Lazy eye	760	3
en	msd	21-186	Congenital Cataract	nhs	9724d126de2855a10f100a11c4b792e8	Cataracts in adults	761	3
en	msd	21-187	Primary Infantile Glaucoma	nhs	f63d303f81c07166463b4a1ce6e6f181	Glaucoma	762	3
en	msd	21-192	Trisomy 18	nhs	685f811d850da8ad415b0e1eb02b194c	Edwards' syndrome	766	3
en	msd	21-193	Trisomy 13	nhs	685f811d850da8ad415b0e1eb02b194c	Edwards' syndrome	766	3
en	msd	21-204	Introduction to Inherited Muscular Disorders	nhs	cfa5c35cdfafef259e5d016d26626fc1	Muscular dystrophy	770	3
en	msd	21-205	Duchenne Muscular Dystrophy and Becker Muscular Dystrophy	nhs	cfa5c35cdfafef259e5d016d26626fc1	Muscular dystrophy	770	3
en	msd	21-282	Urinary Incontinence in Children	nhs	36bec1ba52b338bd9f5365309d9f60cc	Bedwetting in children	36	3
en	msd	21-283	Neurofibromatosis	nhs	8ac6030fa69051566617d2eaf630c83e	Neurofibromatosis type 2	807	3
en	msd	21-283	Neurofibromatosis	nhs	c084070280deaf2dc330d301c60197d7	Neurofibromatosis type 1 (NF1)	807	3
en	msd	21-306	Colic	nhs	c609859d6fa80276199f3c18c99a226b	Colic	819	3
en	msd	21-311	Fever in Infants and Children	nhs	110983f292cfbe32d474f49e12094e51	Pericarditis	200,201	3
en	msd	21-311	Fever in Infants and Children	nhs	82db4199e83b69e3f4fc89472a19871f	High temperature (fever) in children	200,201	3
en	msd	21-311	Fever in Infants and Children	nhs	8dab29942f2d2299d04e150931d4d8ca	High temperature (fever) in adults	200,201	3
en	msd	21-311	Fever in Infants and Children	nhs	d555ff2a43c7215d0331a1d232a48366	Rheumatic fever	200,201	3
en	msd	21-315	Measles	nhs	7805c0807a82b03380f71dbf8c3a6536	Rubella (german measles)	402	3
en	msd	21-315	Measles	nhs	db411d4c59a2a497d14652d614c421f8	Measles	402	3
en	msd	21-317	Rubella	nhs	7805c0807a82b03380f71dbf8c3a6536	Rubella (german measles)	402	3
en	msd	21-317	Rubella	nhs	db411d4c59a2a497d14652d614c421f8	Measles	402	3
en	msd	21-318	Subacute Sclerosing Panencephalitis (SSPE)	nhs	7805c0807a82b03380f71dbf8c3a6536	Rubella (german measles)	402	3
en	msd	21-318	Subacute Sclerosing Panencephalitis (SSPE)	nhs	db411d4c59a2a497d14652d614c421f8	Measles	402	3
en	msd	21-319	Erythema Infectiosum (Parvovirus B19 Infection)	nhs	828c77461e2a478e22e40ad1b988d191	Slapped cheek syndrome	823	3
en	msd	21-321	Roseola Infantum	nhs	0016793347acd852818ea220bc61e144	Epididymitis	357	3
en	msd	21-321	Roseola Infantum	nhs	4bfa8c8521b0d3b4c23405ebd53a2cea	Roseola	357,358	3
en	msd	21-321	Roseola Infantum	nhs	53b8f6ae429157a4af940bcf2ba90326	Malaria	357,358	3
en	msd	21-321	Roseola Infantum	nhs	b8f37be68dee111703dd572605176ee5	Peritonitis	357	3
en	msd	21-321	Roseola Infantum	nhs	ce68f29841622748644779e4a1298084	Chlamydia	357	3
en	msd	21-331	Apnea of Prematurity	nhs	172ab922c38107f819e6f912c4b99a62	Sleep apnoea	828	3
en	msd	21-355	Respiratory Syncytial Virus (RSV) and Human Metapneumovirus Infections	nhs	9bcc22c8aafc818260cb1074325fec86	Respiratory syncytial virus (RSV)	407	3
en	msd	21-357	Bronchiolitis	nhs	9576a25ba476ecc0d334769ae5f29805	Bronchiolitis	841	3
en	msd	21-358	Croup	nhs	0d3a69a1589f9225636446a2a4459a81	Laryngitis	272,273,400	3
en	msd	21-358	Croup	nhs	6983e7807852b0588bbae3ee62232c65	Hepatitis B	272,273	3
en	msd	21-358	Croup	nhs	848d7183f7392d248c3bf607eb2ca20c	Hepatitis C	272,273	3
en	msd	21-358	Croup	nhs	8ae976aa349834703d50c3b6d6f39ac0	Croup	272,273,400	3
en	msd	21-358	Croup	nhs	dafd37bc0291ebdfc45eb5f565aa5ca8	Epiglottitis	272,273,400	3
en	msd	21-39	Perinatal Anemia	nhs	0289b29ec2093b9243715255e8c4e985	Iron deficiency anaemia	217	3
en	msd	21-46	Neonatal Hypernatremia	nhs	73995f7e9b42b23326b2516fec5c8556	Dehydration	849	3
en	msd	21-47	Neonatal Hyponatremia	nhs	73995f7e9b42b23326b2516fec5c8556	Dehydration	849	3
en	msd	21-49	Chronic Bilirubin Encephalopathy	nhs	26cd008d842d341175501fb4d7f002da	Newborn jaundice	291	3
en	msd	21-49	Chronic Bilirubin Encephalopathy	nhs	81997edb2dbcb188c7ad641b3c78304e	Gilbert's syndrome	291	3
en	msd	21-49	Chronic Bilirubin Encephalopathy	nhs	a70c2db90902d7880d14009df68b4ec1	Jaundice	291	3
en	msd	21-62	Cystic Fibrosis	nhs	7cd9e3c55c8431c880093be61a9e3f11	Cystic fibrosis	856	3
en	msd	21-65	Congenital Rubella	nhs	7805c0807a82b03380f71dbf8c3a6536	Rubella (german measles)	402	3
en	msd	21-65	Congenital Rubella	nhs	db411d4c59a2a497d14652d614c421f8	Measles	402	3
en	msd	21-74	Neonatal Pneumonia	nhs	ba53f14cb7d52573f6fa109557bc3ba8	Pneumonia	390	3
en	msd	21-75	Neonatal Sepsis	nhs	2bf953254e50dd1e238b8bdaec0358bc	Acute respiratory distress syndrome (ARDS)	158,159,162	3
en	msd	21-75	Neonatal Sepsis	nhs	2e777b9166385099c8c9e06f3db20261	Toxic shock syndrome	158,159,162	3
en	msd	21-75	Neonatal Sepsis	nhs	622e52ff8a2dc88581c10f1ca975b1fa	Symptoms of sepsis	158,159,162	3
en	msd	21-75	Neonatal Sepsis	nhs	b2546eee83da1854b57d52d17e463458	Miscarriage	158,159,162	3
en	msd	21-79	Rheumatic Fever	nhs	110983f292cfbe32d474f49e12094e51	Pericarditis	200,201,463	3
en	msd	21-79	Rheumatic Fever	nhs	82db4199e83b69e3f4fc89472a19871f	High temperature (fever) in children	200,201	3
en	msd	21-79	Rheumatic Fever	nhs	8dab29942f2d2299d04e150931d4d8ca	High temperature (fever) in adults	200,201	3
en	msd	21-79	Rheumatic Fever	nhs	d555ff2a43c7215d0331a1d232a48366	Rheumatic fever	200,201	3
en	msd	21-93	Febrile Seizures	nhs	1d637a54f926a7816bb7f624f29fcb56	Febrile seizures	864	3
en	msd	21-95	Tic Disorders and Tourette Syndrome in Children and Adolescents	nhs	05acbb7976cd992e1edd2991a9c455e4	Tourette syndrome	866	3
en	msd	23-10	Hemoptysis	nhs	6a3fc443f6c8b6a68a35fe44113a41fb	Whooping cough	911	3
en	msd	23-10	Hemoptysis	nhs	728c5437ebf732ddda290455bf1b15fd	Cough	911	3
en	msd	23-102	Airway Tumors	nhs	295ee5a77e74ba5bd1fa0868004dda87	Nasal and sinus cancer	84	3
en	msd	23-102	Airway Tumors	nhs	af7cf1918d41788a6fe9963b130f28b9	Brain tumours	84	3
en	msd	23-102	Airway Tumors	nhs	e3896564162f9e9d23d3fc3cd85de0f9	Moles	84	3
en	msd	23-102	Airway Tumors	nhs	f66a410b2a82332d917f4538bb002b77	Molar pregnancy	84	3
en	msd	23-32	Allergic Bronchopulmonary Aspergillosis (ABPA)	nhs	7c32baa8c37a93794cb3875a03ed66c3	Aspergillosis	927	3
en	msd	23-33	Treatment of Stable COPD	nhs	0cc35e14990b91deadfeee6c9015025d	Encephalitis	362,363,364	3
en	msd	23-33	Treatment of Stable COPD	nhs	269862fdc61e35542dac5eaf2d8f1dde	Catarrh	362,363,364	3
en	msd	23-33	Treatment of Stable COPD	nhs	2d564acc8839fb2df65831b5aa57f0b4	Meningitis	362,363,364	3
en	msd	23-33	Treatment of Stable COPD	nhs	59fe5648aeae3279c8cd24a868fc24ed	Tick-borne encephalitis (TBE)	362,363,364	3
en	msd	23-33	Treatment of Stable COPD	nhs	5e83161027af775c355925659643d668	Chest infection	362,363,364	3
en	msd	23-33	Treatment of Stable COPD	nhs	70231a04efdbf8a1d0811a2ad6aceec4	Flu	362,363,364	3
en	msd	23-33	Treatment of Stable COPD	nhs	7d2dba066742e51abe54f639d00f3faf	Bronchitis	362,363,364	3
en	msd	23-33	Treatment of Stable COPD	nhs	7d4818f914fe4774199c276ebc8be6a0	Bird flu	362,363,364	3
en	msd	23-33	Treatment of Stable COPD	nhs	94a1832117b9851f6539999fb2da702c	COVID-19	362,363,364	3
en	msd	23-33	Treatment of Stable COPD	nhs	a581b81466dfef7e15bc6f078439621f	Zika virus	362,363	3
en	msd	23-33	Treatment of Stable COPD	nhs	c3deb9f67c28c145b2ac3f83de06de36	Long COVID	362,363,364	3
en	msd	23-33	Treatment of Stable COPD	nhs	c4b152fd339c6d217a0a1fb14259c5ab	Haemophilus influenzae type b (Hib)	362,363,364	3
en	msd	23-33	Treatment of Stable COPD	nhs	d9073e327e511ed0c96cce1decd87657	Japanese encephalitis	362,363,364	3
en	msd	23-33	Treatment of Stable COPD	nhs	f1b78a6f4676b2463dec7746d60598ab	Common cold	362,363,364	3
en	msd	23-34	Treatment of Acute COPD Exacerbation	nhs	0cc35e14990b91deadfeee6c9015025d	Encephalitis	362,363,364	3
en	msd	23-34	Treatment of Acute COPD Exacerbation	nhs	269862fdc61e35542dac5eaf2d8f1dde	Catarrh	362,363,364	3
en	msd	23-34	Treatment of Acute COPD Exacerbation	nhs	2d564acc8839fb2df65831b5aa57f0b4	Meningitis	362,363,364	3
en	msd	23-34	Treatment of Acute COPD Exacerbation	nhs	59fe5648aeae3279c8cd24a868fc24ed	Tick-borne encephalitis (TBE)	362,363,364	3
en	msd	23-34	Treatment of Acute COPD Exacerbation	nhs	5e83161027af775c355925659643d668	Chest infection	362,363,364	3
en	msd	23-34	Treatment of Acute COPD Exacerbation	nhs	70231a04efdbf8a1d0811a2ad6aceec4	Flu	362,363,364	3
en	msd	23-34	Treatment of Acute COPD Exacerbation	nhs	7d2dba066742e51abe54f639d00f3faf	Bronchitis	362,363,364	3
en	msd	23-34	Treatment of Acute COPD Exacerbation	nhs	7d4818f914fe4774199c276ebc8be6a0	Bird flu	362,363,364	3
en	msd	23-34	Treatment of Acute COPD Exacerbation	nhs	94a1832117b9851f6539999fb2da702c	COVID-19	362,363,364	3
en	msd	23-34	Treatment of Acute COPD Exacerbation	nhs	a581b81466dfef7e15bc6f078439621f	Zika virus	362,363	3
en	msd	23-34	Treatment of Acute COPD Exacerbation	nhs	c3deb9f67c28c145b2ac3f83de06de36	Long COVID	362,363,364	3
en	msd	23-34	Treatment of Acute COPD Exacerbation	nhs	c4b152fd339c6d217a0a1fb14259c5ab	Haemophilus influenzae type b (Hib)	362,363,364	3
en	msd	23-34	Treatment of Acute COPD Exacerbation	nhs	d9073e327e511ed0c96cce1decd87657	Japanese encephalitis	362,363,364	3
en	msd	23-34	Treatment of Acute COPD Exacerbation	nhs	f1b78a6f4676b2463dec7746d60598ab	Common cold	362,363,364	3
en	msd	23-37	Nonthrombotic Pulmonary Embolism	nhs	965ab550e00f240af974bb1c295a5343	Pulmonary embolism	929	3
en	msd	23-38	Pulmonary Embolism (PE)	nhs	965ab550e00f240af974bb1c295a5343	Pulmonary embolism	929	3
en	msd	23-39	Acute Bronchitis	nhs	0cc35e14990b91deadfeee6c9015025d	Encephalitis	362,363,364	3
en	msd	23-39	Acute Bronchitis	nhs	269862fdc61e35542dac5eaf2d8f1dde	Catarrh	362,363,364	3
en	msd	23-39	Acute Bronchitis	nhs	2d564acc8839fb2df65831b5aa57f0b4	Meningitis	362,363,364	3
en	msd	23-39	Acute Bronchitis	nhs	59fe5648aeae3279c8cd24a868fc24ed	Tick-borne encephalitis (TBE)	362,363,364	3
en	msd	23-39	Acute Bronchitis	nhs	5e83161027af775c355925659643d668	Chest infection	362,363,364	3
en	msd	23-39	Acute Bronchitis	nhs	70231a04efdbf8a1d0811a2ad6aceec4	Flu	362,363,364	3
en	msd	23-39	Acute Bronchitis	nhs	7d2dba066742e51abe54f639d00f3faf	Bronchitis	362,363,364	3
en	msd	23-39	Acute Bronchitis	nhs	7d4818f914fe4774199c276ebc8be6a0	Bird flu	362,363,364	3
en	msd	23-39	Acute Bronchitis	nhs	94a1832117b9851f6539999fb2da702c	COVID-19	362,363,364	3
en	msd	23-39	Acute Bronchitis	nhs	a581b81466dfef7e15bc6f078439621f	Zika virus	362,363	3
en	msd	23-39	Acute Bronchitis	nhs	c3deb9f67c28c145b2ac3f83de06de36	Long COVID	362,363,364	3
en	msd	23-39	Acute Bronchitis	nhs	c4b152fd339c6d217a0a1fb14259c5ab	Haemophilus influenzae type b (Hib)	362,363,364	3
en	msd	23-39	Acute Bronchitis	nhs	d9073e327e511ed0c96cce1decd87657	Japanese encephalitis	362,363,364	3
en	msd	23-39	Acute Bronchitis	nhs	f1b78a6f4676b2463dec7746d60598ab	Common cold	362,363,364	3
en	msd	23-40	Pneumocystis jirovecii Pneumonia	nhs	ba53f14cb7d52573f6fa109557bc3ba8	Pneumonia	390	3
en	msd	23-41	Ventilator-Associated Pneumonia	nhs	ba53f14cb7d52573f6fa109557bc3ba8	Pneumonia	390	3
en	msd	23-42	Overview of Pneumonia	nhs	ba53f14cb7d52573f6fa109557bc3ba8	Pneumonia	390	3
en	msd	23-49	Bronchiectasis	nhs	e1dd8be78bdda914b03eb042aa213f61	Bronchiectasis	933	3
en	msd	23-54	Cryptogenic Organizing Pneumonia (COP)	nhs	ba53f14cb7d52573f6fa109557bc3ba8	Pneumonia	390	3
en	msd	23-56	Acute Interstitial Pneumonia (AIP)	nhs	ba53f14cb7d52573f6fa109557bc3ba8	Pneumonia	390	3
en	msd	23-6	How To Do Tube and Catheter Thoracostomy	nhs	8602384edae0804f380b25269933828a	Pleurisy	943	3
en	msd	23-83	Portopulmonary Hypertension	nhs	5a74ba44857474a7a8ebecfceb762c49	High blood pressure	19	3
en	msd	23-9	Hyperventilation Syndrome	nhs	5ab8dd1b5fab337950293acf34e93ce7	Shortness of breath	962	3
en	msd	23-99	Central Sleep Apnea	nhs	172ab922c38107f819e6f912c4b99a62	Sleep apnoea	828	3
en	msd	24-104	Stroke Rehabilitation	nhs	dea51d136d58c7a57a0e41c943397be6	Stroke	643	3
en	msd	24-106	Hip Surgery Rehabilitation	nhs	4ae7d83cdd85635e81532731a7b9cdb1	Broken hip	508	3
en	msd	24-106	Hip Surgery Rehabilitation	nhs	55e2bee9809c47f0d9fe823ab877eb03	Chipped, broken or cracked tooth	508	3
en	msd	24-106	Hip Surgery Rehabilitation	nhs	75612d15b0310fbad090ed8267ca31f4	Tooth decay	508	3
en	msd	24-106	Hip Surgery Rehabilitation	nhs	aea511925bf945e8762908a3824e040a	Knocked-out tooth	508	3
en	msd	24-127	Idiopathic Environmental Intolerance	nhs	6192116585f416eee1cf967fb0486c9f	Food intolerance	989	3
en	msd	24-148	Opioid Toxicity and Withdrawal	nhs	8deb68283e9399e6fa764a8b639e53b1	Constipation	1000	3
en	msd	24-149	Opioid Use Disorder and Rehabilitation	nhs	8deb68283e9399e6fa764a8b639e53b1	Constipation	1000	3
en	msd	24-25	Mammography	nhs	375c90a01801316ceda518c469019956	Mastitis	9	3
en	msd	24-25	Mammography	nhs	dc1cd19f0261911fa095960fd3716e65	Breast cancer in women	9	3
en	msd	24-43	Acupuncture	nhs	844ffa3f564644061dc0e7058765b3ca	Ear infections	1023	3
en	msd	24-92	Involuntary Weight Loss	nhs	26ed0b80a5adecfb839d57c92a76c644	Unintentional weight loss	1066	3
en	msd	3-34	Agitation, Confusion, and Neuromuscular Blockade in Critically Ill Patients	nhs	199dddcc04fd291de829b95cbee0b02a	Sudden confusion (delirium)	648	3
en	msd	3-51	Shock	nhs	2bf953254e50dd1e238b8bdaec0358bc	Acute respiratory distress syndrome (ARDS)	158,159,160,161,162	3
en	msd	3-51	Shock	nhs	2e777b9166385099c8c9e06f3db20261	Toxic shock syndrome	158,159,160,161,162	3
en	msd	3-51	Shock	nhs	622e52ff8a2dc88581c10f1ca975b1fa	Symptoms of sepsis	158,159,160,161,162	3
en	msd	3-51	Shock	nhs	b2546eee83da1854b57d52d17e463458	Miscarriage	158,159,160,161,162	3
en	msd	3-53	Sepsis and Septic Shock	nhs	2bf953254e50dd1e238b8bdaec0358bc	Acute respiratory distress syndrome (ARDS)	158,159,160,161,162	3
en	msd	3-53	Sepsis and Septic Shock	nhs	2e777b9166385099c8c9e06f3db20261	Toxic shock syndrome	158,159,160,161,162	3
en	msd	3-53	Sepsis and Septic Shock	nhs	622e52ff8a2dc88581c10f1ca975b1fa	Symptoms of sepsis	158,159,160,161,162	3
en	msd	3-53	Sepsis and Septic Shock	nhs	b2546eee83da1854b57d52d17e463458	Miscarriage	158,159,160,161,162	3
en	msd	4-10	Gingival Hyperplasia	nhs	0c05aee49c1ab2d2252d42a97605c532	Coronary heart disease	21	3
en	msd	4-10	Gingival Hyperplasia	nhs	3fb517b7065198fb1c68cd79de7c161e	Angina	21	3
en	msd	4-10	Gingival Hyperplasia	nhs	fcc9e2fad9a3ff5f9f65243e2ded97f2	Heart attack	21	3
en	msd	4-11	Acute Necrotizing Ulcerative Gingivitis (ANUG)	nhs	0c05aee49c1ab2d2252d42a97605c532	Coronary heart disease	21	3
en	msd	4-11	Acute Necrotizing Ulcerative Gingivitis (ANUG)	nhs	3fb517b7065198fb1c68cd79de7c161e	Angina	21	3
en	msd	4-11	Acute Necrotizing Ulcerative Gingivitis (ANUG)	nhs	fcc9e2fad9a3ff5f9f65243e2ded97f2	Heart attack	21	3
en	msd	4-12	Periodontitis	nhs	0c05aee49c1ab2d2252d42a97605c532	Coronary heart disease	21	3
en	msd	4-12	Periodontitis	nhs	3fb517b7065198fb1c68cd79de7c161e	Angina	21	3
en	msd	4-12	Periodontitis	nhs	fcc9e2fad9a3ff5f9f65243e2ded97f2	Heart attack	21	3
en	msd	4-37	Fractured and Avulsed Teeth	nhs	4ae7d83cdd85635e81532731a7b9cdb1	Broken hip	508	3
en	msd	4-37	Fractured and Avulsed Teeth	nhs	55e2bee9809c47f0d9fe823ab877eb03	Chipped, broken or cracked tooth	508	3
en	msd	4-37	Fractured and Avulsed Teeth	nhs	75612d15b0310fbad090ed8267ca31f4	Tooth decay	508	3
en	msd	4-37	Fractured and Avulsed Teeth	nhs	aea511925bf945e8762908a3824e040a	Knocked-out tooth	508	3
en	msd	4-40	Internal Temporomandibular Joint (TMJ) Derangement	nhs	073fe96376a5ef5dfc631192d4650898	Temporomandibular disorder	1097	3
en	msd	4-41	Overview of Temporomandibular Disorders (TMDs)	nhs	073fe96376a5ef5dfc631192d4650898	Temporomandibular disorder	1097	3
en	msd	4-42	Ankylosis of the Temporomandibular Joint (TMJ)	nhs	073fe96376a5ef5dfc631192d4650898	Temporomandibular disorder	1097	3
en	msd	4-43	Arthritis of the Temporomandibular Joint (TMJ)	nhs	073fe96376a5ef5dfc631192d4650898	Temporomandibular disorder	1097	3
en	msd	4-46	Temporomandibular Myofascial Pain Syndrome	nhs	073fe96376a5ef5dfc631192d4650898	Temporomandibular disorder	1097	3
en	msd	4-6	Oral Growths	nhs	e1903e4ae0f390abb3a58f75fca4d3b9	Lichen planus	1098	3
en	msd	5-105	Onychomycosis	nhs	156c6447fd7fd108acdcb43b9b1b2421	Scabies	1101	3
en	msd	5-105	Onychomycosis	nhs	38d5e1bf9743314665b10b234b572b9b	Fungal nail infection	1101	3
en	msd	5-105	Onychomycosis	nhs	55cd146c4d56699b136b798e5cff8504	Athlete's foot	1101	3
en	msd	5-105	Onychomycosis	nhs	ce74e7f10bd1d95bfdcb7f2fb79180eb	Ringworm	1101	3
en	msd	5-105	Onychomycosis	nhs	ef52bcc2f6d2cff50ed67067c0541f72	Itchy skin	1101	3
en	msd	5-107	Ingrown Toenail	nhs	4a3bd386eb3ea44be1efa0b77a830e24	Ingrown toenail	1102	3
en	msd	5-107	Ingrown Toenail	nhs	b3086027a16e5a8e53d3c1cedb30b4a1	Ingrown hairs	1102	3
en	msd	5-108	Pressure Injuries	nhs	afc964bf69b72bcaaf2558bc92cd2657	Pressure ulcers (pressure sores)	1103	3
en	msd	5-11	Hidradenitis Suppurativa	nhs	70ecde1da862386a02916508bc3b73fa	Rosacea	1111	3
en	msd	5-11	Hidradenitis Suppurativa	nhs	ef19a1ea921b5950fa3a257252b213c0	Acne	1111	3
en	msd	5-117	Cutaneous Cysts	nhs	b404338667767134e82130f91f284b5e	Skin cyst	1108	3
en	msd	5-121	Seborrheic Keratoses	nhs	69f48908f28ca1cd204c00f6c8be2419	Warts and verrucas	386	3
en	msd	5-121	Seborrheic Keratoses	nhs	766439c430befcd1065bf6cd55c658ca	Genital warts	386	3
en	msd	5-121	Seborrheic Keratoses	nhs	f064f61cc22134116baf4cd480d945ca	Human papillomavirus (HPV)	386	3
en	msd	5-125	Kaposi Sarcoma	nhs	935838a39259f5c987cb795233886f5c	HIV and AIDS	184	3
en	msd	5-125	Kaposi Sarcoma	nhs	f3b92419f6dc850bcb7cc2df7ccb856c	Womb (uterus) cancer	184,187	3
en	msd	5-13	Pemphigus Foliaceus	nhs	e3fa50662bca7f0df9b98af527221652	Pemphigus vulgaris	1122	3
en	msd	5-132	Melanoma	nhs	023f353c74543d752292147f556d8d36	Melanoma skin cancer	1120	3
en	msd	5-15	Introduction to Bullous Diseases	nhs	5e4f977ec30b05e96d5adacd8918e7a3	Blisters	1123	3
en	msd	5-16	Bullous Pemphigoid	nhs	8f0ffc721484503086622ddf3767cf1e	Bullous pemphigoid	1124	3
en	msd	5-20	Pemphigus Vulgaris	nhs	e3fa50662bca7f0df9b98af527221652	Pemphigus vulgaris	1122	3
en	msd	5-24	Calluses and Corns	nhs	8b72882ebbc734e696cf52abbb767a2b	Corns and calluses	1128	3
en	msd	5-27	Definition of Dermatitis	nhs	0547d84f3ac4abdbb0361428d8a3a18a	Allergic rhinitis	302,303,304	3
en	msd	5-27	Definition of Dermatitis	nhs	09f4795511afccf5bb9fefcf253e0f3f	Allergies	302,303,304	3
en	msd	5-27	Definition of Dermatitis	nhs	2ff24778d89f665ec1c6fd0f59072d34	Atopic eczema	303,304	3
en	msd	5-27	Definition of Dermatitis	nhs	42f2aa68d934853a462f78a27e817386	Non-allergic rhinitis	302,303,304	3
en	msd	5-27	Definition of Dermatitis	nhs	6f3d168663c6cdf2a9571cf458e874a4	Cradle cap	303,304	3
en	msd	5-27	Definition of Dermatitis	nhs	9711e8f7758f959e99cdca63748e2afd	Pompholyx	303,304	3
en	msd	5-27	Definition of Dermatitis	nhs	a584e06877ce019b7843cfe8340d5283	Dandruff	303,304	3
en	msd	5-27	Definition of Dermatitis	nhs	c333e9e4c9d843c5d3f76172f5da1b8e	Food allergy	302,303,304	3
en	msd	5-27	Definition of Dermatitis	nhs	c88e54998c9f7b709c3bf678b822fbd9	Hay fever	302,303,304	3
en	msd	5-28	Atopic Dermatitis (Eczema)	nhs	0547d84f3ac4abdbb0361428d8a3a18a	Allergic rhinitis	303,304	3
en	msd	5-28	Atopic Dermatitis (Eczema)	nhs	09f4795511afccf5bb9fefcf253e0f3f	Allergies	303,304	3
en	msd	5-28	Atopic Dermatitis (Eczema)	nhs	2ff24778d89f665ec1c6fd0f59072d34	Atopic eczema	303,304	3
en	msd	5-28	Atopic Dermatitis (Eczema)	nhs	42f2aa68d934853a462f78a27e817386	Non-allergic rhinitis	303,304	3
en	msd	5-28	Atopic Dermatitis (Eczema)	nhs	6f3d168663c6cdf2a9571cf458e874a4	Cradle cap	303,304	3
en	msd	5-28	Atopic Dermatitis (Eczema)	nhs	9711e8f7758f959e99cdca63748e2afd	Pompholyx	303,304	3
en	msd	5-28	Atopic Dermatitis (Eczema)	nhs	a584e06877ce019b7843cfe8340d5283	Dandruff	303,304	3
en	msd	5-28	Atopic Dermatitis (Eczema)	nhs	c333e9e4c9d843c5d3f76172f5da1b8e	Food allergy	303,304	3
en	msd	5-28	Atopic Dermatitis (Eczema)	nhs	c88e54998c9f7b709c3bf678b822fbd9	Hay fever	303,304	3
en	msd	5-30	Hand and Foot Dermatitis	nhs	0547d84f3ac4abdbb0361428d8a3a18a	Allergic rhinitis	303,304	3
en	msd	5-30	Hand and Foot Dermatitis	nhs	09f4795511afccf5bb9fefcf253e0f3f	Allergies	303,304	3
en	msd	5-30	Hand and Foot Dermatitis	nhs	2ff24778d89f665ec1c6fd0f59072d34	Atopic eczema	303,304	3
en	msd	5-30	Hand and Foot Dermatitis	nhs	42f2aa68d934853a462f78a27e817386	Non-allergic rhinitis	303,304	3
en	msd	5-30	Hand and Foot Dermatitis	nhs	6f3d168663c6cdf2a9571cf458e874a4	Cradle cap	303,304	3
en	msd	5-30	Hand and Foot Dermatitis	nhs	9711e8f7758f959e99cdca63748e2afd	Pompholyx	303,304	3
en	msd	5-30	Hand and Foot Dermatitis	nhs	a584e06877ce019b7843cfe8340d5283	Dandruff	303,304	3
en	msd	5-30	Hand and Foot Dermatitis	nhs	c333e9e4c9d843c5d3f76172f5da1b8e	Food allergy	303,304	3
en	msd	5-30	Hand and Foot Dermatitis	nhs	c88e54998c9f7b709c3bf678b822fbd9	Hay fever	303,304	3
en	msd	5-31	Lichen Simplex Chronicus	nhs	0547d84f3ac4abdbb0361428d8a3a18a	Allergic rhinitis	303,304	3
en	msd	5-31	Lichen Simplex Chronicus	nhs	09f4795511afccf5bb9fefcf253e0f3f	Allergies	303,304	3
en	msd	5-31	Lichen Simplex Chronicus	nhs	2ff24778d89f665ec1c6fd0f59072d34	Atopic eczema	303,304	3
en	msd	5-31	Lichen Simplex Chronicus	nhs	42f2aa68d934853a462f78a27e817386	Non-allergic rhinitis	303,304	3
en	msd	5-31	Lichen Simplex Chronicus	nhs	6f3d168663c6cdf2a9571cf458e874a4	Cradle cap	303,304	3
en	msd	5-31	Lichen Simplex Chronicus	nhs	9711e8f7758f959e99cdca63748e2afd	Pompholyx	303,304	3
en	msd	5-31	Lichen Simplex Chronicus	nhs	a584e06877ce019b7843cfe8340d5283	Dandruff	303,304	3
en	msd	5-31	Lichen Simplex Chronicus	nhs	c333e9e4c9d843c5d3f76172f5da1b8e	Food allergy	303,304	3
en	msd	5-31	Lichen Simplex Chronicus	nhs	c88e54998c9f7b709c3bf678b822fbd9	Hay fever	303,304	3
en	msd	5-33	Seborrheic Dermatitis	nhs	0547d84f3ac4abdbb0361428d8a3a18a	Allergic rhinitis	303,304	3
en	msd	5-33	Seborrheic Dermatitis	nhs	09f4795511afccf5bb9fefcf253e0f3f	Allergies	303,304	3
en	msd	5-33	Seborrheic Dermatitis	nhs	2ff24778d89f665ec1c6fd0f59072d34	Atopic eczema	303,304	3
en	msd	5-33	Seborrheic Dermatitis	nhs	42f2aa68d934853a462f78a27e817386	Non-allergic rhinitis	303,304	3
en	msd	5-33	Seborrheic Dermatitis	nhs	6f3d168663c6cdf2a9571cf458e874a4	Cradle cap	303,304	3
en	msd	5-33	Seborrheic Dermatitis	nhs	9711e8f7758f959e99cdca63748e2afd	Pompholyx	303,304	3
en	msd	5-33	Seborrheic Dermatitis	nhs	a584e06877ce019b7843cfe8340d5283	Dandruff	303,304	3
en	msd	5-33	Seborrheic Dermatitis	nhs	c333e9e4c9d843c5d3f76172f5da1b8e	Food allergy	303,304	3
en	msd	5-33	Seborrheic Dermatitis	nhs	c88e54998c9f7b709c3bf678b822fbd9	Hay fever	303,304	3
en	msd	5-39	Sunburn	nhs	5c79cc16b8038f26ba7ac5061840c304	Sunburn	1132	3
en	msd	5-4	Itching	nhs	156c6447fd7fd108acdcb43b9b1b2421	Scabies	1101	3
en	msd	5-4	Itching	nhs	38d5e1bf9743314665b10b234b572b9b	Fungal nail infection	1101	3
en	msd	5-4	Itching	nhs	55cd146c4d56699b136b798e5cff8504	Athlete's foot	1101	3
en	msd	5-4	Itching	nhs	ce74e7f10bd1d95bfdcb7f2fb79180eb	Ringworm	1101	3
en	msd	5-4	Itching	nhs	ef52bcc2f6d2cff50ed67067c0541f72	Itchy skin	1101	3
en	msd	5-40	Lichen Planus	nhs	e1903e4ae0f390abb3a58f75fca4d3b9	Lichen planus	1098	3
en	msd	5-41	Lichen Sclerosus	nhs	b286d9946e6f295f385e0d3f7152db7f	Balanitis	73	3
en	msd	5-41	Lichen Sclerosus	nhs	bda9f042a2fce43b8b46fcffc95f6756	Lichen sclerosus	73	3
en	msd	5-43	Psoriasis	nhs	3dcdce73ff4562dbd85cca99c0553432	Psoriasis	579	3
en	msd	5-43	Psoriasis	nhs	5b44df7190e52c30b83ff7c6a8bd4ef1	Psoriatic arthritis	579	3
en	msd	5-45	Pityriasis Rosea	nhs	2f770d94fdaae23d4613602495a64697	Pityriasis rosea	1135	3
en	msd	5-5	Urticaria	nhs	7561927eacba535df2af48cbc2b3d081	Hives	1139	3
en	msd	5-50	Erythema Multiforme	nhs	5463d016dc42d4837a63b68d6e4fe3d7	Stevens-Johnson syndrome	1140	3
en	msd	5-50	Erythema Multiforme	nhs	b9049af28c5a8fbbdf7146e53382e877	Erythema multiforme	1140	3
en	msd	5-51	Panniculitis	nhs	7638a6701854eef6225576dbc880d1b3	Lupus	1141	3
en	msd	5-52	Erythema Nodosum	nhs	762492bd295e57819b12aeb5b3990cce	Erythema nodosum	1142	3
en	msd	5-55	Stevens-Johnson Syndrome (SJS) and Toxic Epidermal Necrolysis (TEN)	nhs	5463d016dc42d4837a63b68d6e4fe3d7	Stevens-Johnson syndrome	1140	3
en	msd	5-55	Stevens-Johnson Syndrome (SJS) and Toxic Epidermal Necrolysis (TEN)	nhs	b9049af28c5a8fbbdf7146e53382e877	Erythema multiforme	1140	3
en	msd	5-58	Hyperhidrosis	nhs	cdb4be5948a6cb514f3743760b7162d5	Excessive sweating (hyperhidrosis)	1145	3
en	msd	5-60	Miliaria	nhs	8c0683b629d8bb23850eac1c7403205f	Heat rash (prickly heat)	1146	3
en	msd	5-63	Erysipelas	nhs	38a1d98a8fc8a7d1b832aceeee4bb12c	Cellulitis	445	3
en	msd	5-63	Erysipelas	nhs	78ee87dfb3084169a9d1404db79ecb37	Group B strep	445	3
en	msd	5-63	Erysipelas	nhs	87952e21a72861e135d25474f3b0e067	Tonsillitis	445	3
en	msd	5-63	Erysipelas	nhs	beae9d2f0b2d70ce83be69b70d96109d	Necrotising fasciitis	445	3
en	msd	5-63	Erysipelas	nhs	c39db6c52a16a931b626396743f2ae66	Strep A	445	3
en	msd	5-63	Erysipelas	nhs	e7ae87aa8b4d898c6b19d7f203576f0e	Scarlet fever	445	3
en	msd	5-66	Furuncles and Carbuncles	nhs	2ca7f9fe2c05dfd257d73ad4e1bcbb0f	Skin abscess	605	3
en	msd	5-66	Furuncles and Carbuncles	nhs	2f251bb9a962507be9e44bf403d01f67	Dental abscess	605	3
en	msd	5-66	Furuncles and Carbuncles	nhs	8acbedd5459439fc2547d956ba6920fe	Stye	605	3
en	msd	5-66	Furuncles and Carbuncles	nhs	96a946660144b8cb64c208df4746f1d2	Breast abscess	605	3
en	msd	5-66	Furuncles and Carbuncles	nhs	ae8a917cdc09fbde2c813f2486fa012c	Boils	605	3
en	msd	5-68	Impetigo and Ecthyma	nhs	6c67c4f5c810b05ac691994b371b6051	Impetigo	1149	3
en	msd	5-68	Impetigo and Ecthyma	nhs	b59735e638d199db43c89b2c47422f4b	Orf	1149	3
en	msd	5-71	Necrotizing Soft-Tissue Infection	nhs	38a1d98a8fc8a7d1b832aceeee4bb12c	Cellulitis	445	3
en	msd	5-71	Necrotizing Soft-Tissue Infection	nhs	78ee87dfb3084169a9d1404db79ecb37	Group B strep	445	3
en	msd	5-71	Necrotizing Soft-Tissue Infection	nhs	87952e21a72861e135d25474f3b0e067	Tonsillitis	445	3
en	msd	5-71	Necrotizing Soft-Tissue Infection	nhs	beae9d2f0b2d70ce83be69b70d96109d	Necrotising fasciitis	445	3
en	msd	5-71	Necrotizing Soft-Tissue Infection	nhs	c39db6c52a16a931b626396743f2ae66	Strep A	445	3
en	msd	5-71	Necrotizing Soft-Tissue Infection	nhs	e7ae87aa8b4d898c6b19d7f203576f0e	Scarlet fever	445	3
en	msd	5-75	Tinea Corporis (Body Ringworm)	nhs	156c6447fd7fd108acdcb43b9b1b2421	Scabies	1101	3
en	msd	5-75	Tinea Corporis (Body Ringworm)	nhs	38d5e1bf9743314665b10b234b572b9b	Fungal nail infection	1101	3
en	msd	5-75	Tinea Corporis (Body Ringworm)	nhs	55cd146c4d56699b136b798e5cff8504	Athlete's foot	1101	3
en	msd	5-75	Tinea Corporis (Body Ringworm)	nhs	ce74e7f10bd1d95bfdcb7f2fb79180eb	Ringworm	1101	3
en	msd	5-75	Tinea Corporis (Body Ringworm)	nhs	ef52bcc2f6d2cff50ed67067c0541f72	Itchy skin	1101	3
en	msd	5-76	Tinea Cruris (Jock Itch)	nhs	156c6447fd7fd108acdcb43b9b1b2421	Scabies	1101	3
en	msd	5-76	Tinea Cruris (Jock Itch)	nhs	38d5e1bf9743314665b10b234b572b9b	Fungal nail infection	1101	3
en	msd	5-76	Tinea Cruris (Jock Itch)	nhs	55cd146c4d56699b136b798e5cff8504	Athlete's foot	1101	3
en	msd	5-76	Tinea Cruris (Jock Itch)	nhs	ce74e7f10bd1d95bfdcb7f2fb79180eb	Ringworm	1101	3
en	msd	5-76	Tinea Cruris (Jock Itch)	nhs	ef52bcc2f6d2cff50ed67067c0541f72	Itchy skin	1101	3
en	msd	5-77	Tinea Pedis (Athlete's Foot)	nhs	156c6447fd7fd108acdcb43b9b1b2421	Scabies	1101	3
en	msd	5-77	Tinea Pedis (Athlete's Foot)	nhs	38d5e1bf9743314665b10b234b572b9b	Fungal nail infection	1101	3
en	msd	5-77	Tinea Pedis (Athlete's Foot)	nhs	55cd146c4d56699b136b798e5cff8504	Athlete's foot	1101	3
en	msd	5-77	Tinea Pedis (Athlete's Foot)	nhs	ce74e7f10bd1d95bfdcb7f2fb79180eb	Ringworm	1101	3
en	msd	5-77	Tinea Pedis (Athlete's Foot)	nhs	ef52bcc2f6d2cff50ed67067c0541f72	Itchy skin	1101	3
en	msd	5-79	Candidiasis (Mucocutaneous)	nhs	128c73f87bd3ad8963c4ddaba1ad0c20	Oral thrush (mouth thrush)	165	3
en	msd	5-79	Candidiasis (Mucocutaneous)	nhs	1d1233188917ea8ff10a40e5104ea6f3	Vaginitis	165	3
en	msd	5-79	Candidiasis (Mucocutaneous)	nhs	20df8eeec6649776d2dca4fd6a4c6d77	Thrush in men and women	165	3
en	msd	5-79	Candidiasis (Mucocutaneous)	nhs	7e85bc9b0801fc2023c9e98d31343397	Trichomoniasis	165	3
en	msd	5-79	Candidiasis (Mucocutaneous)	nhs	85a02d92b613b0d1a3e974b0d3758867	Bacterial vaginosis	165	3
en	msd	5-8	Acne Vulgaris	nhs	70ecde1da862386a02916508bc3b73fa	Rosacea	1111	3
en	msd	5-8	Acne Vulgaris	nhs	ef19a1ea921b5950fa3a257252b213c0	Acne	1111	3
en	msd	5-80	Overview of Dermatophytoses	nhs	156c6447fd7fd108acdcb43b9b1b2421	Scabies	1101	3
en	msd	5-80	Overview of Dermatophytoses	nhs	38d5e1bf9743314665b10b234b572b9b	Fungal nail infection	1101	3
en	msd	5-80	Overview of Dermatophytoses	nhs	55cd146c4d56699b136b798e5cff8504	Athlete's foot	1101	3
en	msd	5-80	Overview of Dermatophytoses	nhs	ce74e7f10bd1d95bfdcb7f2fb79180eb	Ringworm	1101	3
en	msd	5-80	Overview of Dermatophytoses	nhs	ef52bcc2f6d2cff50ed67067c0541f72	Itchy skin	1101	3
en	msd	5-82	Tinea Versicolor	nhs	156c6447fd7fd108acdcb43b9b1b2421	Scabies	1101	3
en	msd	5-82	Tinea Versicolor	nhs	38d5e1bf9743314665b10b234b572b9b	Fungal nail infection	1101	3
en	msd	5-82	Tinea Versicolor	nhs	55cd146c4d56699b136b798e5cff8504	Athlete's foot	1101	3
en	msd	5-82	Tinea Versicolor	nhs	ce74e7f10bd1d95bfdcb7f2fb79180eb	Ringworm	1101	3
en	msd	5-82	Tinea Versicolor	nhs	ef52bcc2f6d2cff50ed67067c0541f72	Itchy skin	1101	3
en	msd	5-87	Lice	nhs	0f45c97ec611d717def85e61fd821305	Pubic lice	1155	3
en	msd	5-87	Lice	nhs	386e4bc5e52ca1c7896010448bc253b2	Head lice and nits	1155	3
en	msd	5-88	Scabies	nhs	156c6447fd7fd108acdcb43b9b1b2421	Scabies	1101	3
en	msd	5-88	Scabies	nhs	38d5e1bf9743314665b10b234b572b9b	Fungal nail infection	1101	3
en	msd	5-88	Scabies	nhs	55cd146c4d56699b136b798e5cff8504	Athlete's foot	1101	3
en	msd	5-88	Scabies	nhs	ce74e7f10bd1d95bfdcb7f2fb79180eb	Ringworm	1101	3
en	msd	5-88	Scabies	nhs	ef52bcc2f6d2cff50ed67067c0541f72	Itchy skin	1101	3
en	msd	6-18	Dizziness and Vertigo	nhs	7dfe31c5b4ddca9be62cb14113a1c92c	Vertigo	1162	3
en	msd	6-18	Dizziness and Vertigo	nhs	bbe09d05558d28a74ad436e86768db7b	Ménière's disease	1162	3
en	msd	6-20	Sudden Hearing Loss	nhs	4790a815e79191393e182e713c680afc	Vision loss	1163	3
en	msd	6-20	Sudden Hearing Loss	nhs	cccb2f933d8a6e1adcfb7672a0aea42b	Hearing loss	1163	3
en	msd	6-24	Benign Paroxysmal Positional Vertigo	nhs	7dfe31c5b4ddca9be62cb14113a1c92c	Vertigo	1162	3
en	msd	6-24	Benign Paroxysmal Positional Vertigo	nhs	bbe09d05558d28a74ad436e86768db7b	Ménière's disease	1162	3
en	msd	6-26	Herpes Zoster Oticus	nhs	183a7eb5bf5a3c71f4f3350f927af414	Herpes simplex eye infections	369	3
en	msd	6-26	Herpes Zoster Oticus	nhs	cc731a6201ab12b8cc5d20d3b618ecc5	Genital herpes	369	3
en	msd	6-27	Meniere Disease	nhs	7dfe31c5b4ddca9be62cb14113a1c92c	Vertigo	1162	3
en	msd	6-27	Meniere Disease	nhs	bbe09d05558d28a74ad436e86768db7b	Ménière's disease	1162	3
en	msd	6-29	Vestibular Neuronitis	nhs	6e58d68833c2d14e059913aaa8efd777	Labyrinthitis and vestibular neuritis	1166	3
en	msd	6-31	Mastoiditis	nhs	2f4f972a2da5457d395d19dd1f7001f6	Mastoiditis	1167	3
en	msd	6-34	Otitis Media (Serous)	nhs	06715502e9d1aeed2d77a3c8c8e3b8f7	Glue ear	1170	3
en	msd	6-35	Otitis Media (Chronic Suppurative)	nhs	844ffa3f564644061dc0e7058765b3ca	Ear infections	1023	3
en	msd	6-37	Otosclerosis	nhs	8e952efd1f7afaffa5c6bfcd9a9ffdc9	Otosclerosis	1171	3
en	msd	6-38	Traumatic Perforation of the Tympanic Membrane	nhs	c5180a28e26041141826fe9340c6f146	Perforated eardrum	1172	3
en	msd	6-45	Epistaxis	nhs	3cb770f0701a15f76a2b1257a2167606	Nosebleed	1176	3
en	msd	6-51	Sialadenitis	nhs	62f5d6d4c9d1824e95f5b9ca59f66e8f	Salivary gland stones	1178,1179	3
en	msd	6-52	Salivary Stones	nhs	62f5d6d4c9d1824e95f5b9ca59f66e8f	Salivary gland stones	1178,1179	3
en	msd	6-53	Submandibular Space Infection	nhs	38a1d98a8fc8a7d1b832aceeee4bb12c	Cellulitis	445	3
en	msd	6-53	Submandibular Space Infection	nhs	78ee87dfb3084169a9d1404db79ecb37	Group B strep	445	3
en	msd	6-53	Submandibular Space Infection	nhs	87952e21a72861e135d25474f3b0e067	Tonsillitis	445	3
en	msd	6-53	Submandibular Space Infection	nhs	beae9d2f0b2d70ce83be69b70d96109d	Necrotising fasciitis	445	3
en	msd	6-53	Submandibular Space Infection	nhs	c39db6c52a16a931b626396743f2ae66	Strep A	445	3
en	msd	6-53	Submandibular Space Infection	nhs	e7ae87aa8b4d898c6b19d7f203576f0e	Scarlet fever	445	3
en	msd	6-59	Peritonsillar Abscess and Cellulitis	nhs	38a1d98a8fc8a7d1b832aceeee4bb12c	Cellulitis	445	3
en	msd	6-59	Peritonsillar Abscess and Cellulitis	nhs	78ee87dfb3084169a9d1404db79ecb37	Group B strep	445	3
en	msd	6-59	Peritonsillar Abscess and Cellulitis	nhs	87952e21a72861e135d25474f3b0e067	Tonsillitis	445	3
en	msd	6-59	Peritonsillar Abscess and Cellulitis	nhs	beae9d2f0b2d70ce83be69b70d96109d	Necrotising fasciitis	445	3
en	msd	6-59	Peritonsillar Abscess and Cellulitis	nhs	c39db6c52a16a931b626396743f2ae66	Strep A	445	3
en	msd	6-59	Peritonsillar Abscess and Cellulitis	nhs	e7ae87aa8b4d898c6b19d7f203576f0e	Scarlet fever	445	3
en	msd	6-60	Parapharyngeal Abscess	nhs	38a1d98a8fc8a7d1b832aceeee4bb12c	Cellulitis	445	3
en	msd	6-60	Parapharyngeal Abscess	nhs	78ee87dfb3084169a9d1404db79ecb37	Group B strep	445	3
en	msd	6-60	Parapharyngeal Abscess	nhs	87952e21a72861e135d25474f3b0e067	Tonsillitis	445	3
en	msd	6-60	Parapharyngeal Abscess	nhs	beae9d2f0b2d70ce83be69b70d96109d	Necrotising fasciitis	445	3
en	msd	6-60	Parapharyngeal Abscess	nhs	c39db6c52a16a931b626396743f2ae66	Strep A	445	3
en	msd	6-60	Parapharyngeal Abscess	nhs	e7ae87aa8b4d898c6b19d7f203576f0e	Scarlet fever	445	3
en	msd	6-64	Nasal Polyps	nhs	eb7e48a86bb55f3b9860fed59d4db766	Nasal polyps	1184	3
en	msd	6-67	Sinusitis	nhs	575cb90914fc183031d7ab599d008ad2	Sinusitis (sinus infection)	1185	3
en	msd	6-69	Laryngeal Contact Ulcers	nhs	1a147ff708c792046f2ddce85c854636	Paralysis	374,1186	3
en	msd	6-69	Laryngeal Contact Ulcers	nhs	1c7dad92f71a6372486b497b26c0c050	Sleep paralysis	374,1186	3
en	msd	6-69	Laryngeal Contact Ulcers	nhs	2237b2106c26c1568fd59da4463108cb	Polio	374	3
en	msd	6-69	Laryngeal Contact Ulcers	nhs	345f16fc2bce371cfab1de21983d49c0	Bell's palsy	374,1186	3
en	msd	6-70	Overview of Laryngeal Disorders	nhs	62f5d6d4c9d1824e95f5b9ca59f66e8f	Salivary gland stones	1178	3
en	msd	6-72	Laryngitis	nhs	0d3a69a1589f9225636446a2a4459a81	Laryngitis	272,273,400	3
en	msd	6-74	Laryngeal Dystonia	nhs	0d3a69a1589f9225636446a2a4459a81	Laryngitis	272,273,400	3
en	msd	6-74	Laryngeal Dystonia	nhs	32280e88aca2d28453edbd4fb0a1906f	Diphtheria	272,273,400	3
en	msd	6-74	Laryngeal Dystonia	nhs	3bec59aad843408d032d320bf3b105f4	Hepatitis A	272	3
en	msd	6-74	Laryngeal Dystonia	nhs	6983e7807852b0588bbae3ee62232c65	Hepatitis B	272,273	3
en	msd	6-74	Laryngeal Dystonia	nhs	848d7183f7392d248c3bf607eb2ca20c	Hepatitis C	272,273	3
en	msd	6-74	Laryngeal Dystonia	nhs	8ae976aa349834703d50c3b6d6f39ac0	Croup	272,273,400	3
en	msd	6-74	Laryngeal Dystonia	nhs	c1335b8e0dcfa7c4a6fa3b22754b5a24	Tetanus	273,400	3
en	msd	6-74	Laryngeal Dystonia	nhs	dafd37bc0291ebdfc45eb5f565aa5ca8	Epiglottitis	272,273,400	3
en	msd	6-75	Vocal Fold Paralysis	nhs	1a147ff708c792046f2ddce85c854636	Paralysis	374,375,1186	3
en	msd	6-75	Vocal Fold Paralysis	nhs	1c7dad92f71a6372486b497b26c0c050	Sleep paralysis	374,375,1186	3
en	msd	6-75	Vocal Fold Paralysis	nhs	2237b2106c26c1568fd59da4463108cb	Polio	374,375	3
en	msd	6-75	Vocal Fold Paralysis	nhs	345f16fc2bce371cfab1de21983d49c0	Bell's palsy	374,375,1186	3
en	msd	6-76	Vocal Fold Polyps, Nodules, and Granulomas	nhs	1a147ff708c792046f2ddce85c854636	Paralysis	374,1186	3
en	msd	6-76	Vocal Fold Polyps, Nodules, and Granulomas	nhs	1c7dad92f71a6372486b497b26c0c050	Sleep paralysis	374,1186	3
en	msd	6-76	Vocal Fold Polyps, Nodules, and Granulomas	nhs	2237b2106c26c1568fd59da4463108cb	Polio	374	3
en	msd	6-76	Vocal Fold Polyps, Nodules, and Granulomas	nhs	345f16fc2bce371cfab1de21983d49c0	Bell's palsy	374,1186	3
en	msd	6-77	Paranasal Sinus Cancer	nhs	295ee5a77e74ba5bd1fa0868004dda87	Nasal and sinus cancer	84	3
en	msd	6-77	Paranasal Sinus Cancer	nhs	af7cf1918d41788a6fe9963b130f28b9	Brain tumours	84	3
en	msd	6-77	Paranasal Sinus Cancer	nhs	e3896564162f9e9d23d3fc3cd85de0f9	Moles	84	3
en	msd	6-77	Paranasal Sinus Cancer	nhs	f66a410b2a82332d917f4538bb002b77	Molar pregnancy	84	3
en	msd	6-78	Oropharyngeal Squamous Cell Carcinoma	nhs	62f5d6d4c9d1824e95f5b9ca59f66e8f	Salivary gland stones	1178,1179	3
en	msd	6-81	Laryngeal Cancer	nhs	62f5d6d4c9d1824e95f5b9ca59f66e8f	Salivary gland stones	1178,1179	3
en	msd	6-82	Nasopharyngeal Cancer	nhs	62f5d6d4c9d1824e95f5b9ca59f66e8f	Salivary gland stones	1178,1179	3
en	msd	6-83	Oral Squamous Cell Carcinoma	nhs	62f5d6d4c9d1824e95f5b9ca59f66e8f	Salivary gland stones	1178,1179	3
en	msd	6-85	Salivary Gland Tumors	nhs	62f5d6d4c9d1824e95f5b9ca59f66e8f	Salivary gland stones	1178,1179	3
en	msd	7-10	Hypocalcemia	nhs	e91ff29d586e107c4e3d3b2f431e3596	Hypoparathyroidism	1191	3
en	msd	7-17	Hyperparathyroidism	nhs	4ea85b63c39828a4962aa1c24aded74e	Hyperparathyroidism	1194	3
en	msd	7-18	Hypoparathyroidism	nhs	e91ff29d586e107c4e3d3b2f431e3596	Hypoparathyroidism	1191	3
en	msd	7-26	Gigantism and Acromegaly	nhs	3aa6beb82d439bee0621a12bcd236df7	Acromegaly	1197	3
en	msd	7-32	Hyperthyroidism	nhs	01f53acf6f28ac1f79ed98de0bfe461a	Ovarian cancer	182	3
en	msd	7-32	Hyperthyroidism	nhs	7ed5d09fb38596692d167ceb210dbb85	Cancer	182,1203	3
en	msd	7-32	Hyperthyroidism	nhs	afe37766750a8053c73d678dfd71141f	Underactive thyroid (hypothyroidism)	182,1203	3
en	msd	7-32	Hyperthyroidism	nhs	c45fc85d23fbfb601f72ea3c64e014ff	Bowel cancer	182	3
en	msd	7-32	Hyperthyroidism	nhs	e09e697039cff14b08da97e162ff7252	Goitre	182,1203	3
en	msd	7-33	Thyroid Cancers	nhs	01f53acf6f28ac1f79ed98de0bfe461a	Ovarian cancer	182,183	3
en	msd	7-33	Thyroid Cancers	nhs	7ed5d09fb38596692d167ceb210dbb85	Cancer	182,183,1203	3
en	msd	7-33	Thyroid Cancers	nhs	afe37766750a8053c73d678dfd71141f	Underactive thyroid (hypothyroidism)	182,1203	3
en	msd	7-33	Thyroid Cancers	nhs	c45fc85d23fbfb601f72ea3c64e014ff	Bowel cancer	182,183	3
en	msd	7-33	Thyroid Cancers	nhs	e09e697039cff14b08da97e162ff7252	Goitre	182,1203	3
en	msd	7-34	Hypothyroidism	nhs	01f53acf6f28ac1f79ed98de0bfe461a	Ovarian cancer	182	3
en	msd	7-34	Hypothyroidism	nhs	7ed5d09fb38596692d167ceb210dbb85	Cancer	182,1203	3
en	msd	7-34	Hypothyroidism	nhs	afe37766750a8053c73d678dfd71141f	Underactive thyroid (hypothyroidism)	182,1203	3
en	msd	7-34	Hypothyroidism	nhs	c45fc85d23fbfb601f72ea3c64e014ff	Bowel cancer	182	3
en	msd	7-34	Hypothyroidism	nhs	e09e697039cff14b08da97e162ff7252	Goitre	182,1203	3
en	msd	7-40	Addison Disease	nhs	270747d4e87dc964112c18a62eab2f69	Addison's disease	1206	3
en	msd	7-41	Secondary Adrenal Insufficiency	nhs	270747d4e87dc964112c18a62eab2f69	Addison's disease	1206	3
en	msd	7-43	Cushing Syndrome	nhs	931c3feb296c2c00dfa62ff43bf215cd	Cushing's syndrome	1207	3
en	msd	7-44	Primary Aldosteronism	nhs	931c3feb296c2c00dfa62ff43bf215cd	Cushing's syndrome	1207	3
en	msd	7-79	Amyloidosis	nhs	caae3ff039a4c6583a8a93d910a4b91e	Amyloidosis	1224	3
en	msd	8-12	Proptosis	nhs	32f9e6e5725c17157790b14f17b5d364	Bulging eyes (exophthalmos)	1234	3
en	msd	8-20	Blepharitis	nhs	e5c26a4a8813f9a599cfb0bfacb1006c	Blepharitis	1237	3
en	msd	8-23	Chalazion and Hordeolum (Stye)	nhs	2ca7f9fe2c05dfd257d73ad4e1bcbb0f	Skin abscess	605	3
en	msd	8-23	Chalazion and Hordeolum (Stye)	nhs	2f251bb9a962507be9e44bf403d01f67	Dental abscess	605	3
en	msd	8-23	Chalazion and Hordeolum (Stye)	nhs	8acbedd5459439fc2547d956ba6920fe	Stye	605	3
en	msd	8-23	Chalazion and Hordeolum (Stye)	nhs	96a946660144b8cb64c208df4746f1d2	Breast abscess	605	3
en	msd	8-23	Chalazion and Hordeolum (Stye)	nhs	ae8a917cdc09fbde2c813f2486fa012c	Boils	605	3
en	msd	8-26	Entropion and Ectropion	nhs	c3215fc54f9637e7921ae1b39880a4c7	Ectropion	1242	3
en	msd	8-30	Viral Conjunctivitis	nhs	d8890fbe04483d06a7f6b48afb9ebac6	Conjunctivitis	1245	3
en	msd	8-31	Acute Bacterial Conjunctivitis	nhs	d8890fbe04483d06a7f6b48afb9ebac6	Conjunctivitis	1245	3
en	msd	8-32	Adult Inclusion Conjunctivitis	nhs	d8890fbe04483d06a7f6b48afb9ebac6	Conjunctivitis	1245	3
en	msd	8-33	Allergic Conjunctivitis	nhs	d8890fbe04483d06a7f6b48afb9ebac6	Conjunctivitis	1245	3
en	msd	8-37	Overview of Conjunctivitis	nhs	d8890fbe04483d06a7f6b48afb9ebac6	Conjunctivitis	1245	3
en	msd	8-44	Corneal Ulcer	nhs	f30e17d972902306066876e01d182f78	Mouth ulcers	1254	3
en	msd	8-55	Overview of Glaucoma	nhs	f63d303f81c07166463b4a1ce6e6f181	Glaucoma	762	3
en	msd	8-58	Cataract	nhs	9724d126de2855a10f100a11c4b792e8	Cataracts in adults	761	3
en	msd	8-59	Uveitis Caused by Systemic Rheumatic Disease	nhs	90485b8c1054ff78f576b697c98a8b64	Uveitis	1263	3
en	msd	8-6	Acute Vision Loss	nhs	4790a815e79191393e182e713c680afc	Vision loss	1163	3
en	msd	8-6	Acute Vision Loss	nhs	cccb2f933d8a6e1adcfb7672a0aea42b	Hearing loss	1163	3
en	msd	8-67	Diabetic Retinopathy	nhs	031a38d9d2af3fd7e1698054555236f7	Diabetic retinopathy	1266	3
en	msd	8-9	Diplopia	nhs	60d41393a481f1b718e482efcacd57ef	Double vision	1276	3
en	msd	9-101	Anal Fissure	nhs	e92f8263ba93ae1c01f69308d69fbcab	Anal fissure	1277	3
en	msd	9-102	Anorectal Abscess	nhs	2ca7f9fe2c05dfd257d73ad4e1bcbb0f	Skin abscess	605	3
en	msd	9-102	Anorectal Abscess	nhs	2f251bb9a962507be9e44bf403d01f67	Dental abscess	605	3
en	msd	9-102	Anorectal Abscess	nhs	8acbedd5459439fc2547d956ba6920fe	Stye	605	3
en	msd	9-102	Anorectal Abscess	nhs	96a946660144b8cb64c208df4746f1d2	Breast abscess	605	3
en	msd	9-102	Anorectal Abscess	nhs	ae8a917cdc09fbde2c813f2486fa012c	Boils	605	3
en	msd	9-105	Hemorrhoids	nhs	95af84047bb727812a70b97d80e0cc2d	Piles (haemorrhoids)	1279	3
en	msd	9-108	Proctitis	nhs	0016793347acd852818ea220bc61e144	Epididymitis	284,285,357	3
en	msd	9-108	Proctitis	nhs	4bfa8c8521b0d3b4c23405ebd53a2cea	Roseola	357	3
en	msd	9-108	Proctitis	nhs	53b8f6ae429157a4af940bcf2ba90326	Malaria	284,357	3
en	msd	9-108	Proctitis	nhs	b8f37be68dee111703dd572605176ee5	Peritonitis	284,285,357	3
en	msd	9-108	Proctitis	nhs	ce68f29841622748644779e4a1298084	Chlamydia	284,285,357	3
en	msd	9-109	Pruritus Ani (Anal Itching)	nhs	156c6447fd7fd108acdcb43b9b1b2421	Scabies	1101	3
en	msd	9-109	Pruritus Ani (Anal Itching)	nhs	38d5e1bf9743314665b10b234b572b9b	Fungal nail infection	1101	3
en	msd	9-109	Pruritus Ani (Anal Itching)	nhs	55cd146c4d56699b136b798e5cff8504	Athlete's foot	1101	3
en	msd	9-109	Pruritus Ani (Anal Itching)	nhs	ce74e7f10bd1d95bfdcb7f2fb79180eb	Ringworm	1101	3
en	msd	9-109	Pruritus Ani (Anal Itching)	nhs	ef52bcc2f6d2cff50ed67067c0541f72	Itchy skin	1101	3
en	msd	9-111	Anal Cancer	nhs	295ee5a77e74ba5bd1fa0868004dda87	Nasal and sinus cancer	84	3
en	msd	9-111	Anal Cancer	nhs	af7cf1918d41788a6fe9963b130f28b9	Brain tumours	84	3
en	msd	9-111	Anal Cancer	nhs	e3896564162f9e9d23d3fc3cd85de0f9	Moles	84	3
en	msd	9-111	Anal Cancer	nhs	f66a410b2a82332d917f4538bb002b77	Molar pregnancy	84	3
en	msd	9-112	Colorectal Cancer	nhs	01f53acf6f28ac1f79ed98de0bfe461a	Ovarian cancer	182,183	3
en	msd	9-112	Colorectal Cancer	nhs	7ed5d09fb38596692d167ceb210dbb85	Cancer	182,183	3
en	msd	9-112	Colorectal Cancer	nhs	afe37766750a8053c73d678dfd71141f	Underactive thyroid (hypothyroidism)	182	3
en	msd	9-112	Colorectal Cancer	nhs	c45fc85d23fbfb601f72ea3c64e014ff	Bowel cancer	182,183	3
en	msd	9-112	Colorectal Cancer	nhs	e09e697039cff14b08da97e162ff7252	Goitre	182	3
en	msd	9-115	Lynch Syndrome	nhs	01f53acf6f28ac1f79ed98de0bfe461a	Ovarian cancer	182,183	3
en	msd	9-115	Lynch Syndrome	nhs	7ed5d09fb38596692d167ceb210dbb85	Cancer	182,183	3
en	msd	9-115	Lynch Syndrome	nhs	afe37766750a8053c73d678dfd71141f	Underactive thyroid (hypothyroidism)	182	3
en	msd	9-115	Lynch Syndrome	nhs	c45fc85d23fbfb601f72ea3c64e014ff	Bowel cancer	182,183	3
en	msd	9-115	Lynch Syndrome	nhs	e09e697039cff14b08da97e162ff7252	Goitre	182	3
en	msd	9-124	Stomach Cancer	nhs	79f2916db75adf55540b174c6aea40b2	What is stomach cancer?	1287	3
en	msd	9-13	Gas-Related Symptoms	nhs	bec8323ea9abbdd90f8cf458daef37df	Farting (flatulence)	1288	3
en	msd	9-28	Overview of Gastrointestinal Bleeding	nhs	4e64eec0b10224cb2e4a0fe96a08f236	Gastritis	1295	3
en	msd	9-28	Overview of Gastrointestinal Bleeding	nhs	6c67b89e99b6f207589969179afba6dd	Stomach ulcer	1295	3
en	msd	9-30	Vascular Gastrointestinal Lesions	nhs	4e64eec0b10224cb2e4a0fe96a08f236	Gastritis	1295	3
en	msd	9-30	Vascular Gastrointestinal Lesions	nhs	6c67b89e99b6f207589969179afba6dd	Stomach ulcer	1295	3
en	msd	9-35	Appendicitis	nhs	1b18c0133c839da986e04b37216bd12c	Appendicitis	1297	3
en	msd	9-36	Hernias of the Abdominal Wall	nhs	22b34a58b7608361de4f8f2ed4d05be1	Pelvic organ prolapse	178	3
en	msd	9-36	Hernias of the Abdominal Wall	nhs	4f9a642103444e30f2ebffe2c46a9e5d	Hiatus hernia	178	3
en	msd	9-45	Eosinophilic Esophagitis	nhs	74d67a33a5fa69ac4d2ca9142abc7e05	Heartburn and acid reflux	1300	3
en	msd	9-48	Dysphagia	nhs	a2a698ca21f02acfde2e4087cd181a79	Dysphagia (swallowing problems)	1301	3
en	msd	9-53	Hiatus Hernia	nhs	22b34a58b7608361de4f8f2ed4d05be1	Pelvic organ prolapse	178	3
en	msd	9-53	Hiatus Hernia	nhs	4f9a642103444e30f2ebffe2c46a9e5d	Hiatus hernia	178	3
en	msd	9-57	Erosive Gastritis	nhs	4e64eec0b10224cb2e4a0fe96a08f236	Gastritis	1295	3
en	msd	9-57	Erosive Gastritis	nhs	6c67b89e99b6f207589969179afba6dd	Stomach ulcer	1295	3
en	msd	9-58	Nonerosive Gastritis	nhs	4e64eec0b10224cb2e4a0fe96a08f236	Gastritis	1295	3
en	msd	9-58	Nonerosive Gastritis	nhs	6c67b89e99b6f207589969179afba6dd	Stomach ulcer	1295	3
en	msd	9-59	Postgastrectomy Gastritis	nhs	4e64eec0b10224cb2e4a0fe96a08f236	Gastritis	1295	3
en	msd	9-59	Postgastrectomy Gastritis	nhs	6c67b89e99b6f207589969179afba6dd	Stomach ulcer	1295	3
en	msd	9-6	Dyspepsia	nhs	6d6ee8d2a9542eca4cd74093377397ad	Indigestion	1306	3
en	msd	9-60	Uncommon Gastritis Syndromes	nhs	4e64eec0b10224cb2e4a0fe96a08f236	Gastritis	1295	3
en	msd	9-60	Uncommon Gastritis Syndromes	nhs	6c67b89e99b6f207589969179afba6dd	Stomach ulcer	1295	3
en	msd	9-61	Overview of Acid Secretion	nhs	4e64eec0b10224cb2e4a0fe96a08f236	Gastritis	1295	3
en	msd	9-61	Overview of Acid Secretion	nhs	6c67b89e99b6f207589969179afba6dd	Stomach ulcer	1295	3
en	msd	9-63	Overview of Gastritis	nhs	4e64eec0b10224cb2e4a0fe96a08f236	Gastritis	1295	3
en	msd	9-63	Overview of Gastritis	nhs	6c67b89e99b6f207589969179afba6dd	Stomach ulcer	1295	3
en	msd	9-64	Autoimmune Metaplastic Atrophic Gastritis	nhs	4e64eec0b10224cb2e4a0fe96a08f236	Gastritis	1295	3
en	msd	9-64	Autoimmune Metaplastic Atrophic Gastritis	nhs	6c67b89e99b6f207589969179afba6dd	Stomach ulcer	1295	3
en	msd	9-72	Overview of Pancreatitis	nhs	a2339752ccccdc91236a2f0c2fba7b92	Chronic pancreatitis	1311	3
en	msd	9-73	Acute Pancreatitis	nhs	a2339752ccccdc91236a2f0c2fba7b92	Chronic pancreatitis	1311	3
en	msd	9-74	Chronic Pancreatitis	nhs	a2339752ccccdc91236a2f0c2fba7b92	Chronic pancreatitis	1311	3
en	msd	9-79	Staphylococcal Food Poisoning	nhs	1d571c2545b7c3546cffd3a829ebe59f	Food poisoning	438	3
en	msd	9-81	Traveler’s Diarrhea	nhs	0b8f4eb75f8cc8b9948e7b3e39153d8b	Inflammatory bowel disease	1314	3
en	msd	9-81	Traveler’s Diarrhea	nhs	6d62dc2aafed81062508d2bbd94149c6	Crohn's disease	1314	3
en	msd	9-84	Carbohydrate Intolerance	nhs	c58c1bc1b562f619106cd68afc900c19	Lactose intolerance	1317	3
en	msd	9-85	Celiac Disease	nhs	c3b144c3582b1fbf7570991f856df4a3	Coeliac disease	1318	3
en	msd	9-91	Overview of Inflammatory Bowel Disease	nhs	0b8f4eb75f8cc8b9948e7b3e39153d8b	Inflammatory bowel disease	1314	3
en	msd	9-91	Overview of Inflammatory Bowel Disease	nhs	6d62dc2aafed81062508d2bbd94149c6	Crohn's disease	1314	3
en	msd	9-92	Crohn Disease	nhs	0b8f4eb75f8cc8b9948e7b3e39153d8b	Inflammatory bowel disease	1314	3
en	msd	9-92	Crohn Disease	nhs	6d62dc2aafed81062508d2bbd94149c6	Crohn's disease	1314	3
en	msd	9-93	Ulcerative Colitis	nhs	ccc8150b39adf46d928d7be6c7c4b5e5	Ulcerative colitis	457	3
en	msd	9-95	Definition of Diverticular Disease	nhs	7244a8ce1c65a6885cb9bf8dd16a36b5	Diverticular disease and diverticulitis	1324	3
en	msd	9-96	Colonic Diverticulosis	nhs	7244a8ce1c65a6885cb9bf8dd16a36b5	Diverticular disease and diverticulitis	1324	3
en	msd	9-97	Colonic Diverticulitis	nhs	7244a8ce1c65a6885cb9bf8dd16a36b5	Diverticular disease and diverticulitis	1324	3
en	nhs	0016793347acd852818ea220bc61e144	Epididymitis	nhs	4bfa8c8521b0d3b4c23405ebd53a2cea	Roseola	357	3
en	nhs	0016793347acd852818ea220bc61e144	Epididymitis	nhs	b8f37be68dee111703dd572605176ee5	Peritonitis	284,285,357	3
en	nhs	0016793347acd852818ea220bc61e144	Epididymitis	nhs	ce68f29841622748644779e4a1298084	Chlamydia	284,285,357	3
en	nhs	01f53acf6f28ac1f79ed98de0bfe461a	Ovarian cancer	nhs	7ed5d09fb38596692d167ceb210dbb85	Cancer	182,183	3
en	nhs	01f53acf6f28ac1f79ed98de0bfe461a	Ovarian cancer	nhs	afe37766750a8053c73d678dfd71141f	Underactive thyroid (hypothyroidism)	182	3
en	nhs	01f53acf6f28ac1f79ed98de0bfe461a	Ovarian cancer	nhs	c45fc85d23fbfb601f72ea3c64e014ff	Bowel cancer	182,183	3
en	nhs	01f53acf6f28ac1f79ed98de0bfe461a	Ovarian cancer	nhs	e09e697039cff14b08da97e162ff7252	Goitre	182	3
en	nhs	0547d84f3ac4abdbb0361428d8a3a18a	Allergic rhinitis	nhs	09f4795511afccf5bb9fefcf253e0f3f	Allergies	302,303,304	3
en	nhs	0547d84f3ac4abdbb0361428d8a3a18a	Allergic rhinitis	nhs	2ff24778d89f665ec1c6fd0f59072d34	Atopic eczema	303,304	3
en	nhs	0547d84f3ac4abdbb0361428d8a3a18a	Allergic rhinitis	nhs	42f2aa68d934853a462f78a27e817386	Non-allergic rhinitis	302,303,304	3
en	nhs	0547d84f3ac4abdbb0361428d8a3a18a	Allergic rhinitis	nhs	6f3d168663c6cdf2a9571cf458e874a4	Cradle cap	303,304	3
en	nhs	0547d84f3ac4abdbb0361428d8a3a18a	Allergic rhinitis	nhs	9711e8f7758f959e99cdca63748e2afd	Pompholyx	303,304	3
en	nhs	0547d84f3ac4abdbb0361428d8a3a18a	Allergic rhinitis	nhs	a584e06877ce019b7843cfe8340d5283	Dandruff	303,304	3
en	nhs	0547d84f3ac4abdbb0361428d8a3a18a	Allergic rhinitis	nhs	c333e9e4c9d843c5d3f76172f5da1b8e	Food allergy	302,303,304	3
en	nhs	0547d84f3ac4abdbb0361428d8a3a18a	Allergic rhinitis	nhs	c88e54998c9f7b709c3bf678b822fbd9	Hay fever	302,303,304	3
en	nhs	09f4795511afccf5bb9fefcf253e0f3f	Allergies	nhs	2ff24778d89f665ec1c6fd0f59072d34	Atopic eczema	303,304	3
en	nhs	09f4795511afccf5bb9fefcf253e0f3f	Allergies	nhs	42f2aa68d934853a462f78a27e817386	Non-allergic rhinitis	302,303,304	3
en	nhs	09f4795511afccf5bb9fefcf253e0f3f	Allergies	nhs	6f3d168663c6cdf2a9571cf458e874a4	Cradle cap	303,304	3
en	nhs	09f4795511afccf5bb9fefcf253e0f3f	Allergies	nhs	9711e8f7758f959e99cdca63748e2afd	Pompholyx	303,304	3
en	nhs	09f4795511afccf5bb9fefcf253e0f3f	Allergies	nhs	a584e06877ce019b7843cfe8340d5283	Dandruff	303,304	3
en	nhs	09f4795511afccf5bb9fefcf253e0f3f	Allergies	nhs	c333e9e4c9d843c5d3f76172f5da1b8e	Food allergy	302,303,304	3
en	nhs	09f4795511afccf5bb9fefcf253e0f3f	Allergies	nhs	c88e54998c9f7b709c3bf678b822fbd9	Hay fever	302,303,304	3
en	nhs	0b8f4eb75f8cc8b9948e7b3e39153d8b	Inflammatory bowel disease	nhs	6d62dc2aafed81062508d2bbd94149c6	Crohn's disease	1314	3
en	nhs	0c05aee49c1ab2d2252d42a97605c532	Coronary heart disease	nhs	3fb517b7065198fb1c68cd79de7c161e	Angina	21	3
en	nhs	0c05aee49c1ab2d2252d42a97605c532	Coronary heart disease	nhs	fcc9e2fad9a3ff5f9f65243e2ded97f2	Heart attack	21	3
en	nhs	0efbdfd56e3193d0d432c3d569d221c6	Meniscus tear (knee cartilage damage)	nhs	13d3e4c65553b737eda388edaaca3e82	Back pain	506	3
en	nhs	0efbdfd56e3193d0d432c3d569d221c6	Meniscus tear (knee cartilage damage)	nhs	6ff1fa45a81d6b514be5be00ecd5fd32	Slipped disc	506	3
en	nhs	0efbdfd56e3193d0d432c3d569d221c6	Meniscus tear (knee cartilage damage)	nhs	9fb79a7e1aa8cfaf8b409c2840d00cad	Sciatica	506	3
en	nhs	0f45c97ec611d717def85e61fd821305	Pubic lice	nhs	386e4bc5e52ca1c7896010448bc253b2	Head lice and nits	1155	3
en	nhs	110983f292cfbe32d474f49e12094e51	Pericarditis	nhs	82db4199e83b69e3f4fc89472a19871f	High temperature (fever) in children	200,201	3
en	nhs	110983f292cfbe32d474f49e12094e51	Pericarditis	nhs	8dab29942f2d2299d04e150931d4d8ca	High temperature (fever) in adults	200,201	3
en	nhs	110983f292cfbe32d474f49e12094e51	Pericarditis	nhs	d555ff2a43c7215d0331a1d232a48366	Rheumatic fever	200,201	3
en	nhs	128c73f87bd3ad8963c4ddaba1ad0c20	Oral thrush (mouth thrush)	nhs	1d1233188917ea8ff10a40e5104ea6f3	Vaginitis	165	3
en	nhs	128c73f87bd3ad8963c4ddaba1ad0c20	Oral thrush (mouth thrush)	nhs	20df8eeec6649776d2dca4fd6a4c6d77	Thrush in men and women	165	3
en	nhs	128c73f87bd3ad8963c4ddaba1ad0c20	Oral thrush (mouth thrush)	nhs	7e85bc9b0801fc2023c9e98d31343397	Trichomoniasis	165	3
en	nhs	128c73f87bd3ad8963c4ddaba1ad0c20	Oral thrush (mouth thrush)	nhs	85a02d92b613b0d1a3e974b0d3758867	Bacterial vaginosis	165	3
en	nhs	12b25218e531a0b7231fe3a15162d3a2	Thrombophilia	nhs	1b9bbf3fdcb77be389ba501850495d9f	Phlebitis (superficial thrombophlebitis)	1	3
en	nhs	12b25218e531a0b7231fe3a15162d3a2	Thrombophilia	nhs	ec66184de283aec11378a36208aaa644	DVT (deep vein thrombosis)	1	3
en	nhs	13d3e4c65553b737eda388edaaca3e82	Back pain	nhs	6ff1fa45a81d6b514be5be00ecd5fd32	Slipped disc	506	3
en	nhs	13d3e4c65553b737eda388edaaca3e82	Back pain	nhs	9fb79a7e1aa8cfaf8b409c2840d00cad	Sciatica	506	3
en	nhs	147e7daf2ebd03af6a8b23512580c65c	Motion sickness	nhs	1d55439c4241a636ba3ad5f01dacea2b	Altitude sickness	536	3
en	nhs	16bf6f281648aacb674855e03af5b5be	Frozen shoulder	nhs	dcc3dcd50e8ea8a0d96b235d3ada1546	Shoulder impingement	549	3
en	nhs	1740c979dc12a1f94fbab1f2a8f615f7	Missed or late periods	nhs	1ade92ee498e1d47374530fcd5783161	Irregular periods	199	3
en	nhs	1740c979dc12a1f94fbab1f2a8f615f7	Missed or late periods	nhs	9466f9addf8b5f8002402e3b99325bb5	Heavy periods	199	3
en	nhs	183a7eb5bf5a3c71f4f3350f927af414	Herpes simplex eye infections	nhs	cc731a6201ab12b8cc5d20d3b618ecc5	Genital herpes	369	3
en	nhs	19af937d128e8b17150f88036eeccc0f	Cyclical vomiting syndrome	nhs	410439b4ff5bdf109c27681241994039	Diarrhoea and vomiting	196	3
en	nhs	1a147ff708c792046f2ddce85c854636	Paralysis	nhs	1c7dad92f71a6372486b497b26c0c050	Sleep paralysis	374,375,1186	3
en	nhs	1a147ff708c792046f2ddce85c854636	Paralysis	nhs	2237b2106c26c1568fd59da4463108cb	Polio	374,375	3
en	nhs	1a147ff708c792046f2ddce85c854636	Paralysis	nhs	345f16fc2bce371cfab1de21983d49c0	Bell's palsy	374,375,1186	3
en	nhs	1ade92ee498e1d47374530fcd5783161	Irregular periods	nhs	9466f9addf8b5f8002402e3b99325bb5	Heavy periods	199	3
en	nhs	1b9bbf3fdcb77be389ba501850495d9f	Phlebitis (superficial thrombophlebitis)	nhs	ec66184de283aec11378a36208aaa644	DVT (deep vein thrombosis)	1	3
en	nhs	1c7dad92f71a6372486b497b26c0c050	Sleep paralysis	nhs	2237b2106c26c1568fd59da4463108cb	Polio	374,375	3
en	nhs	1c7dad92f71a6372486b497b26c0c050	Sleep paralysis	nhs	345f16fc2bce371cfab1de21983d49c0	Bell's palsy	374,375,1186	3
en	nhs	1d1233188917ea8ff10a40e5104ea6f3	Vaginitis	nhs	20df8eeec6649776d2dca4fd6a4c6d77	Thrush in men and women	165	3
en	nhs	1d1233188917ea8ff10a40e5104ea6f3	Vaginitis	nhs	7e85bc9b0801fc2023c9e98d31343397	Trichomoniasis	165	3
en	nhs	1d1233188917ea8ff10a40e5104ea6f3	Vaginitis	nhs	85a02d92b613b0d1a3e974b0d3758867	Bacterial vaginosis	165	3
en	nhs	20df8eeec6649776d2dca4fd6a4c6d77	Thrush in men and women	nhs	7e85bc9b0801fc2023c9e98d31343397	Trichomoniasis	165	3
en	nhs	20df8eeec6649776d2dca4fd6a4c6d77	Thrush in men and women	nhs	85a02d92b613b0d1a3e974b0d3758867	Bacterial vaginosis	165	3
en	nhs	2237b2106c26c1568fd59da4463108cb	Polio	nhs	345f16fc2bce371cfab1de21983d49c0	Bell's palsy	374,375	3
en	nhs	22b34a58b7608361de4f8f2ed4d05be1	Pelvic organ prolapse	nhs	4f9a642103444e30f2ebffe2c46a9e5d	Hiatus hernia	178	3
en	nhs	269862fdc61e35542dac5eaf2d8f1dde	Catarrh	nhs	2d564acc8839fb2df65831b5aa57f0b4	Meningitis	362,363,364	3
en	nhs	269862fdc61e35542dac5eaf2d8f1dde	Catarrh	nhs	59fe5648aeae3279c8cd24a868fc24ed	Tick-borne encephalitis (TBE)	362,363,364	3
en	nhs	269862fdc61e35542dac5eaf2d8f1dde	Catarrh	nhs	5e83161027af775c355925659643d668	Chest infection	362,363,364	3
en	nhs	269862fdc61e35542dac5eaf2d8f1dde	Catarrh	nhs	70231a04efdbf8a1d0811a2ad6aceec4	Flu	362,363,364	3
en	nhs	269862fdc61e35542dac5eaf2d8f1dde	Catarrh	nhs	7d2dba066742e51abe54f639d00f3faf	Bronchitis	362,363,364	3
en	nhs	269862fdc61e35542dac5eaf2d8f1dde	Catarrh	nhs	7d4818f914fe4774199c276ebc8be6a0	Bird flu	362,363,364	3
en	nhs	269862fdc61e35542dac5eaf2d8f1dde	Catarrh	nhs	94a1832117b9851f6539999fb2da702c	COVID-19	362,363,364	3
en	nhs	269862fdc61e35542dac5eaf2d8f1dde	Catarrh	nhs	a581b81466dfef7e15bc6f078439621f	Zika virus	362,363	3
en	nhs	269862fdc61e35542dac5eaf2d8f1dde	Catarrh	nhs	c3deb9f67c28c145b2ac3f83de06de36	Long COVID	362,363,364	3
en	nhs	269862fdc61e35542dac5eaf2d8f1dde	Catarrh	nhs	c4b152fd339c6d217a0a1fb14259c5ab	Haemophilus influenzae type b (Hib)	362,363,364	3
en	nhs	269862fdc61e35542dac5eaf2d8f1dde	Catarrh	nhs	d9073e327e511ed0c96cce1decd87657	Japanese encephalitis	362,363,364	3
en	nhs	269862fdc61e35542dac5eaf2d8f1dde	Catarrh	nhs	f1b78a6f4676b2463dec7746d60598ab	Common cold	362,363,364	3
en	nhs	26cd008d842d341175501fb4d7f002da	Newborn jaundice	nhs	81997edb2dbcb188c7ad641b3c78304e	Gilbert's syndrome	291	3
en	nhs	286ce864be51e03f0258cf4a8a521155	Headaches	nhs	396be7d2ae6237a29bffab6af6e37c08	Tension headaches	657	3
en	nhs	286ce864be51e03f0258cf4a8a521155	Headaches	nhs	52d6ff025d8e41caa2328e4916794c20	Cluster headaches	657	3
en	nhs	295ee5a77e74ba5bd1fa0868004dda87	Nasal and sinus cancer	nhs	af7cf1918d41788a6fe9963b130f28b9	Brain tumours	84	3
en	nhs	295ee5a77e74ba5bd1fa0868004dda87	Nasal and sinus cancer	nhs	e3896564162f9e9d23d3fc3cd85de0f9	Moles	84	3
en	nhs	295ee5a77e74ba5bd1fa0868004dda87	Nasal and sinus cancer	nhs	f66a410b2a82332d917f4538bb002b77	Molar pregnancy	84	3
en	nhs	2afea0b19312301f8904d0af987e3a6a	Temporal arteritis	nhs	4623def05626595cc6d98af948693a50	Polymyalgia rheumatica	573	3
en	nhs	2bf953254e50dd1e238b8bdaec0358bc	Acute respiratory distress syndrome (ARDS)	nhs	2e777b9166385099c8c9e06f3db20261	Toxic shock syndrome	158,159,160,161,162	3
en	nhs	2bf953254e50dd1e238b8bdaec0358bc	Acute respiratory distress syndrome (ARDS)	nhs	622e52ff8a2dc88581c10f1ca975b1fa	Symptoms of sepsis	158,159,160,161,162	3
en	nhs	2bf953254e50dd1e238b8bdaec0358bc	Acute respiratory distress syndrome (ARDS)	nhs	b2546eee83da1854b57d52d17e463458	Miscarriage	158,159,160,161,162	3
en	nhs	2ca7f9fe2c05dfd257d73ad4e1bcbb0f	Skin abscess	nhs	2f251bb9a962507be9e44bf403d01f67	Dental abscess	605	3
en	nhs	2ca7f9fe2c05dfd257d73ad4e1bcbb0f	Skin abscess	nhs	8acbedd5459439fc2547d956ba6920fe	Stye	605	3
en	nhs	2ca7f9fe2c05dfd257d73ad4e1bcbb0f	Skin abscess	nhs	96a946660144b8cb64c208df4746f1d2	Breast abscess	605	3
en	nhs	2ca7f9fe2c05dfd257d73ad4e1bcbb0f	Skin abscess	nhs	ae8a917cdc09fbde2c813f2486fa012c	Boils	605	3
en	nhs	2d564acc8839fb2df65831b5aa57f0b4	Meningitis	nhs	59fe5648aeae3279c8cd24a868fc24ed	Tick-borne encephalitis (TBE)	362,363,364,380,382	3
en	nhs	2d564acc8839fb2df65831b5aa57f0b4	Meningitis	nhs	5e83161027af775c355925659643d668	Chest infection	362,363,364	3
en	nhs	2d564acc8839fb2df65831b5aa57f0b4	Meningitis	nhs	70231a04efdbf8a1d0811a2ad6aceec4	Flu	362,363,364,382	3
en	nhs	2d564acc8839fb2df65831b5aa57f0b4	Meningitis	nhs	7d2dba066742e51abe54f639d00f3faf	Bronchitis	362,363,364	3
en	nhs	2d564acc8839fb2df65831b5aa57f0b4	Meningitis	nhs	7d4818f914fe4774199c276ebc8be6a0	Bird flu	362,363,364,382	3
en	nhs	2d564acc8839fb2df65831b5aa57f0b4	Meningitis	nhs	94a1832117b9851f6539999fb2da702c	COVID-19	362,363,364	3
en	nhs	2d564acc8839fb2df65831b5aa57f0b4	Meningitis	nhs	a581b81466dfef7e15bc6f078439621f	Zika virus	362,363,380,382	3
en	nhs	2d564acc8839fb2df65831b5aa57f0b4	Meningitis	nhs	c3deb9f67c28c145b2ac3f83de06de36	Long COVID	362,363,364	3
en	nhs	2d564acc8839fb2df65831b5aa57f0b4	Meningitis	nhs	c4b152fd339c6d217a0a1fb14259c5ab	Haemophilus influenzae type b (Hib)	362,363,364,382	3
en	nhs	2d564acc8839fb2df65831b5aa57f0b4	Meningitis	nhs	d9073e327e511ed0c96cce1decd87657	Japanese encephalitis	362,363,364,380,382	3
en	nhs	2d564acc8839fb2df65831b5aa57f0b4	Meningitis	nhs	f1b78a6f4676b2463dec7746d60598ab	Common cold	362,363,364	3
en	nhs	2e777b9166385099c8c9e06f3db20261	Toxic shock syndrome	nhs	622e52ff8a2dc88581c10f1ca975b1fa	Symptoms of sepsis	158,159,160,161,162	3
en	nhs	2e777b9166385099c8c9e06f3db20261	Toxic shock syndrome	nhs	b2546eee83da1854b57d52d17e463458	Miscarriage	158,159,160,161,162	3
en	nhs	2f251bb9a962507be9e44bf403d01f67	Dental abscess	nhs	8acbedd5459439fc2547d956ba6920fe	Stye	605	3
en	nhs	2f251bb9a962507be9e44bf403d01f67	Dental abscess	nhs	96a946660144b8cb64c208df4746f1d2	Breast abscess	605	3
en	nhs	2f251bb9a962507be9e44bf403d01f67	Dental abscess	nhs	ae8a917cdc09fbde2c813f2486fa012c	Boils	605	3
en	nhs	2ff24778d89f665ec1c6fd0f59072d34	Atopic eczema	nhs	42f2aa68d934853a462f78a27e817386	Non-allergic rhinitis	303,304	3
en	nhs	2ff24778d89f665ec1c6fd0f59072d34	Atopic eczema	nhs	6f3d168663c6cdf2a9571cf458e874a4	Cradle cap	303,304	3
en	nhs	2ff24778d89f665ec1c6fd0f59072d34	Atopic eczema	nhs	9711e8f7758f959e99cdca63748e2afd	Pompholyx	303,304	3
en	nhs	2ff24778d89f665ec1c6fd0f59072d34	Atopic eczema	nhs	a584e06877ce019b7843cfe8340d5283	Dandruff	303,304	3
en	nhs	2ff24778d89f665ec1c6fd0f59072d34	Atopic eczema	nhs	c333e9e4c9d843c5d3f76172f5da1b8e	Food allergy	303,304	3
en	nhs	2ff24778d89f665ec1c6fd0f59072d34	Atopic eczema	nhs	c88e54998c9f7b709c3bf678b822fbd9	Hay fever	303,304	3
en	nhs	375c90a01801316ceda518c469019956	Mastitis	nhs	dc1cd19f0261911fa095960fd3716e65	Breast cancer in women	9	3
en	nhs	38a1d98a8fc8a7d1b832aceeee4bb12c	Cellulitis	nhs	78ee87dfb3084169a9d1404db79ecb37	Group B strep	445	3
en	nhs	38a1d98a8fc8a7d1b832aceeee4bb12c	Cellulitis	nhs	87952e21a72861e135d25474f3b0e067	Tonsillitis	445	3
en	nhs	38a1d98a8fc8a7d1b832aceeee4bb12c	Cellulitis	nhs	beae9d2f0b2d70ce83be69b70d96109d	Necrotising fasciitis	445	3
en	nhs	38a1d98a8fc8a7d1b832aceeee4bb12c	Cellulitis	nhs	c39db6c52a16a931b626396743f2ae66	Strep A	445	3
en	nhs	38a1d98a8fc8a7d1b832aceeee4bb12c	Cellulitis	nhs	e7ae87aa8b4d898c6b19d7f203576f0e	Scarlet fever	445	3
en	nhs	38d5e1bf9743314665b10b234b572b9b	Fungal nail infection	nhs	55cd146c4d56699b136b798e5cff8504	Athlete's foot	1101	3
en	nhs	38d5e1bf9743314665b10b234b572b9b	Fungal nail infection	nhs	ce74e7f10bd1d95bfdcb7f2fb79180eb	Ringworm	1101	3
en	nhs	38d5e1bf9743314665b10b234b572b9b	Fungal nail infection	nhs	ef52bcc2f6d2cff50ed67067c0541f72	Itchy skin	1101	3
en	nhs	396be7d2ae6237a29bffab6af6e37c08	Tension headaches	nhs	52d6ff025d8e41caa2328e4916794c20	Cluster headaches	657	3
en	nhs	3fb517b7065198fb1c68cd79de7c161e	Angina	nhs	fcc9e2fad9a3ff5f9f65243e2ded97f2	Heart attack	21	3
en	nhs	42f2aa68d934853a462f78a27e817386	Non-allergic rhinitis	nhs	6f3d168663c6cdf2a9571cf458e874a4	Cradle cap	303,304	3
en	nhs	42f2aa68d934853a462f78a27e817386	Non-allergic rhinitis	nhs	9711e8f7758f959e99cdca63748e2afd	Pompholyx	303,304	3
en	nhs	42f2aa68d934853a462f78a27e817386	Non-allergic rhinitis	nhs	a584e06877ce019b7843cfe8340d5283	Dandruff	303,304	3
en	nhs	42f2aa68d934853a462f78a27e817386	Non-allergic rhinitis	nhs	c333e9e4c9d843c5d3f76172f5da1b8e	Food allergy	302,303,304	3
en	nhs	42f2aa68d934853a462f78a27e817386	Non-allergic rhinitis	nhs	c88e54998c9f7b709c3bf678b822fbd9	Hay fever	302,303,304	3
en	nhs	4790a815e79191393e182e713c680afc	Vision loss	nhs	cccb2f933d8a6e1adcfb7672a0aea42b	Hearing loss	1163	3
en	nhs	4a3bd386eb3ea44be1efa0b77a830e24	Ingrown toenail	nhs	b3086027a16e5a8e53d3c1cedb30b4a1	Ingrown hairs	1102	3
en	nhs	4ae7d83cdd85635e81532731a7b9cdb1	Broken hip	nhs	55e2bee9809c47f0d9fe823ab877eb03	Chipped, broken or cracked tooth	508	3
en	nhs	4ae7d83cdd85635e81532731a7b9cdb1	Broken hip	nhs	75612d15b0310fbad090ed8267ca31f4	Tooth decay	508	3
en	nhs	4ae7d83cdd85635e81532731a7b9cdb1	Broken hip	nhs	aea511925bf945e8762908a3824e040a	Knocked-out tooth	508	3
en	nhs	4bfa8c8521b0d3b4c23405ebd53a2cea	Roseola	nhs	b8f37be68dee111703dd572605176ee5	Peritonitis	357	3
en	nhs	4bfa8c8521b0d3b4c23405ebd53a2cea	Roseola	nhs	ce68f29841622748644779e4a1298084	Chlamydia	357	3
en	nhs	4e64eec0b10224cb2e4a0fe96a08f236	Gastritis	nhs	6c67b89e99b6f207589969179afba6dd	Stomach ulcer	1295	3
en	nhs	5463d016dc42d4837a63b68d6e4fe3d7	Stevens-Johnson syndrome	nhs	b9049af28c5a8fbbdf7146e53382e877	Erythema multiforme	1140	3
en	nhs	55cd146c4d56699b136b798e5cff8504	Athlete's foot	nhs	ce74e7f10bd1d95bfdcb7f2fb79180eb	Ringworm	1101	3
en	nhs	55cd146c4d56699b136b798e5cff8504	Athlete's foot	nhs	ef52bcc2f6d2cff50ed67067c0541f72	Itchy skin	1101	3
en	nhs	55e2bee9809c47f0d9fe823ab877eb03	Chipped, broken or cracked tooth	nhs	75612d15b0310fbad090ed8267ca31f4	Tooth decay	508	3
en	nhs	55e2bee9809c47f0d9fe823ab877eb03	Chipped, broken or cracked tooth	nhs	aea511925bf945e8762908a3824e040a	Knocked-out tooth	508	3
en	nhs	59fe5648aeae3279c8cd24a868fc24ed	Tick-borne encephalitis (TBE)	nhs	5e83161027af775c355925659643d668	Chest infection	362,363,364	3
en	nhs	59fe5648aeae3279c8cd24a868fc24ed	Tick-borne encephalitis (TBE)	nhs	70231a04efdbf8a1d0811a2ad6aceec4	Flu	362,363,364,382	3
en	nhs	59fe5648aeae3279c8cd24a868fc24ed	Tick-borne encephalitis (TBE)	nhs	7d2dba066742e51abe54f639d00f3faf	Bronchitis	362,363,364	3
en	nhs	59fe5648aeae3279c8cd24a868fc24ed	Tick-borne encephalitis (TBE)	nhs	7d4818f914fe4774199c276ebc8be6a0	Bird flu	362,363,364,382	3
en	nhs	59fe5648aeae3279c8cd24a868fc24ed	Tick-borne encephalitis (TBE)	nhs	94a1832117b9851f6539999fb2da702c	COVID-19	362,363,364	3
en	nhs	59fe5648aeae3279c8cd24a868fc24ed	Tick-borne encephalitis (TBE)	nhs	a581b81466dfef7e15bc6f078439621f	Zika virus	362,363,380,382	3
en	nhs	59fe5648aeae3279c8cd24a868fc24ed	Tick-borne encephalitis (TBE)	nhs	c3deb9f67c28c145b2ac3f83de06de36	Long COVID	362,363,364	3
en	nhs	59fe5648aeae3279c8cd24a868fc24ed	Tick-borne encephalitis (TBE)	nhs	c4b152fd339c6d217a0a1fb14259c5ab	Haemophilus influenzae type b (Hib)	362,363,364,382	3
en	nhs	59fe5648aeae3279c8cd24a868fc24ed	Tick-borne encephalitis (TBE)	nhs	d9073e327e511ed0c96cce1decd87657	Japanese encephalitis	362,363,364,380,382	3
en	nhs	59fe5648aeae3279c8cd24a868fc24ed	Tick-borne encephalitis (TBE)	nhs	f1b78a6f4676b2463dec7746d60598ab	Common cold	362,363,364	3
en	nhs	5bb741c3ed4e8e0f58d88271606d5caf	Cystitis	nhs	ba13fde7c00f625cabc6ae6c43b5788c	Bladder pain syndrome (interstitial cystitis)	38	3
en	nhs	5d0ac88fb60a0f1a93c3a22608725afb	Brugada syndrome	nhs	9cc13f731b5cd4a47ac83f09ea2052d6	Heart rhythm problems (arrhythmia)	8	3
en	nhs	5d0ac88fb60a0f1a93c3a22608725afb	Brugada syndrome	nhs	eaf00422dfc4928c9de43469084d864a	Atrial fibrillation	8	3
en	nhs	5e83161027af775c355925659643d668	Chest infection	nhs	70231a04efdbf8a1d0811a2ad6aceec4	Flu	362,363,364	3
en	nhs	5e83161027af775c355925659643d668	Chest infection	nhs	7d2dba066742e51abe54f639d00f3faf	Bronchitis	362,363,364	3
en	nhs	5e83161027af775c355925659643d668	Chest infection	nhs	7d4818f914fe4774199c276ebc8be6a0	Bird flu	362,363,364	3
en	nhs	5e83161027af775c355925659643d668	Chest infection	nhs	94a1832117b9851f6539999fb2da702c	COVID-19	362,363,364	3
en	nhs	5e83161027af775c355925659643d668	Chest infection	nhs	a581b81466dfef7e15bc6f078439621f	Zika virus	362,363	3
en	nhs	5e83161027af775c355925659643d668	Chest infection	nhs	c3deb9f67c28c145b2ac3f83de06de36	Long COVID	362,363,364	3
en	nhs	5e83161027af775c355925659643d668	Chest infection	nhs	c4b152fd339c6d217a0a1fb14259c5ab	Haemophilus influenzae type b (Hib)	362,363,364	3
en	nhs	5e83161027af775c355925659643d668	Chest infection	nhs	d9073e327e511ed0c96cce1decd87657	Japanese encephalitis	362,363,364	3
en	nhs	5e83161027af775c355925659643d668	Chest infection	nhs	f1b78a6f4676b2463dec7746d60598ab	Common cold	362,363,364	3
en	nhs	622e52ff8a2dc88581c10f1ca975b1fa	Symptoms of sepsis	nhs	b2546eee83da1854b57d52d17e463458	Miscarriage	158,159,160,161,162	3
en	nhs	69f48908f28ca1cd204c00f6c8be2419	Warts and verrucas	nhs	766439c430befcd1065bf6cd55c658ca	Genital warts	386	3
en	nhs	69f48908f28ca1cd204c00f6c8be2419	Warts and verrucas	nhs	f064f61cc22134116baf4cd480d945ca	Human papillomavirus (HPV)	386	3
en	nhs	6a3fc443f6c8b6a68a35fe44113a41fb	Whooping cough	nhs	728c5437ebf732ddda290455bf1b15fd	Cough	911	3
en	nhs	6c67c4f5c810b05ac691994b371b6051	Impetigo	nhs	b59735e638d199db43c89b2c47422f4b	Orf	1149	3
en	nhs	6f3d168663c6cdf2a9571cf458e874a4	Cradle cap	nhs	9711e8f7758f959e99cdca63748e2afd	Pompholyx	303,304	3
en	nhs	6f3d168663c6cdf2a9571cf458e874a4	Cradle cap	nhs	a584e06877ce019b7843cfe8340d5283	Dandruff	303,304	3
en	nhs	6f3d168663c6cdf2a9571cf458e874a4	Cradle cap	nhs	c333e9e4c9d843c5d3f76172f5da1b8e	Food allergy	303,304	3
en	nhs	6f3d168663c6cdf2a9571cf458e874a4	Cradle cap	nhs	c88e54998c9f7b709c3bf678b822fbd9	Hay fever	303,304	3
en	nhs	6ff1fa45a81d6b514be5be00ecd5fd32	Slipped disc	nhs	9fb79a7e1aa8cfaf8b409c2840d00cad	Sciatica	506	3
en	nhs	70231a04efdbf8a1d0811a2ad6aceec4	Flu	nhs	7d2dba066742e51abe54f639d00f3faf	Bronchitis	362,363,364	3
en	nhs	70231a04efdbf8a1d0811a2ad6aceec4	Flu	nhs	7d4818f914fe4774199c276ebc8be6a0	Bird flu	362,363,364,382	3
en	nhs	70231a04efdbf8a1d0811a2ad6aceec4	Flu	nhs	94a1832117b9851f6539999fb2da702c	COVID-19	362,363,364	3
en	nhs	70231a04efdbf8a1d0811a2ad6aceec4	Flu	nhs	a581b81466dfef7e15bc6f078439621f	Zika virus	362,363,382	3
en	nhs	70231a04efdbf8a1d0811a2ad6aceec4	Flu	nhs	c3deb9f67c28c145b2ac3f83de06de36	Long COVID	362,363,364	3
en	nhs	70231a04efdbf8a1d0811a2ad6aceec4	Flu	nhs	c4b152fd339c6d217a0a1fb14259c5ab	Haemophilus influenzae type b (Hib)	362,363,364,382	3
en	nhs	70231a04efdbf8a1d0811a2ad6aceec4	Flu	nhs	d9073e327e511ed0c96cce1decd87657	Japanese encephalitis	362,363,364,382	3
en	nhs	70231a04efdbf8a1d0811a2ad6aceec4	Flu	nhs	f1b78a6f4676b2463dec7746d60598ab	Common cold	362,363,364	3
en	nhs	70ecde1da862386a02916508bc3b73fa	Rosacea	nhs	ef19a1ea921b5950fa3a257252b213c0	Acne	1111	3
en	nhs	75612d15b0310fbad090ed8267ca31f4	Tooth decay	nhs	aea511925bf945e8762908a3824e040a	Knocked-out tooth	508	3
en	nhs	7638a6701854eef6225576dbc880d1b3	Lupus	nhs	f7b07a0007015365c3cddcc1dbe1ac18	Tuberculosis (TB)	458	3
en	nhs	766439c430befcd1065bf6cd55c658ca	Genital warts	nhs	f064f61cc22134116baf4cd480d945ca	Human papillomavirus (HPV)	386	3
en	nhs	78ee87dfb3084169a9d1404db79ecb37	Group B strep	nhs	87952e21a72861e135d25474f3b0e067	Tonsillitis	445	3
en	nhs	78ee87dfb3084169a9d1404db79ecb37	Group B strep	nhs	beae9d2f0b2d70ce83be69b70d96109d	Necrotising fasciitis	445	3
en	nhs	78ee87dfb3084169a9d1404db79ecb37	Group B strep	nhs	c39db6c52a16a931b626396743f2ae66	Strep A	445	3
en	nhs	78ee87dfb3084169a9d1404db79ecb37	Group B strep	nhs	e7ae87aa8b4d898c6b19d7f203576f0e	Scarlet fever	445	3
en	nhs	7d2dba066742e51abe54f639d00f3faf	Bronchitis	nhs	7d4818f914fe4774199c276ebc8be6a0	Bird flu	362,363,364	3
en	nhs	7d2dba066742e51abe54f639d00f3faf	Bronchitis	nhs	94a1832117b9851f6539999fb2da702c	COVID-19	362,363,364	3
en	nhs	7d2dba066742e51abe54f639d00f3faf	Bronchitis	nhs	a581b81466dfef7e15bc6f078439621f	Zika virus	362,363	3
en	nhs	7d2dba066742e51abe54f639d00f3faf	Bronchitis	nhs	c3deb9f67c28c145b2ac3f83de06de36	Long COVID	362,363,364	3
en	nhs	7d2dba066742e51abe54f639d00f3faf	Bronchitis	nhs	c4b152fd339c6d217a0a1fb14259c5ab	Haemophilus influenzae type b (Hib)	362,363,364	3
en	nhs	7d2dba066742e51abe54f639d00f3faf	Bronchitis	nhs	d9073e327e511ed0c96cce1decd87657	Japanese encephalitis	362,363,364	3
en	nhs	7d2dba066742e51abe54f639d00f3faf	Bronchitis	nhs	f1b78a6f4676b2463dec7746d60598ab	Common cold	362,363,364	3
en	nhs	7d4818f914fe4774199c276ebc8be6a0	Bird flu	nhs	94a1832117b9851f6539999fb2da702c	COVID-19	362,363,364	3
en	nhs	7d4818f914fe4774199c276ebc8be6a0	Bird flu	nhs	a581b81466dfef7e15bc6f078439621f	Zika virus	362,363,382	3
en	nhs	7d4818f914fe4774199c276ebc8be6a0	Bird flu	nhs	c3deb9f67c28c145b2ac3f83de06de36	Long COVID	362,363,364	3
en	nhs	7d4818f914fe4774199c276ebc8be6a0	Bird flu	nhs	c4b152fd339c6d217a0a1fb14259c5ab	Haemophilus influenzae type b (Hib)	362,363,364,382	3
en	nhs	7d4818f914fe4774199c276ebc8be6a0	Bird flu	nhs	d9073e327e511ed0c96cce1decd87657	Japanese encephalitis	362,363,364,382	3
en	nhs	7d4818f914fe4774199c276ebc8be6a0	Bird flu	nhs	f1b78a6f4676b2463dec7746d60598ab	Common cold	362,363,364	3
en	nhs	7dfe31c5b4ddca9be62cb14113a1c92c	Vertigo	nhs	bbe09d05558d28a74ad436e86768db7b	Ménière's disease	1162	3
en	nhs	7e85bc9b0801fc2023c9e98d31343397	Trichomoniasis	nhs	85a02d92b613b0d1a3e974b0d3758867	Bacterial vaginosis	165	3
en	nhs	7ed5d09fb38596692d167ceb210dbb85	Cancer	nhs	afe37766750a8053c73d678dfd71141f	Underactive thyroid (hypothyroidism)	182,1203	3
en	nhs	7ed5d09fb38596692d167ceb210dbb85	Cancer	nhs	c45fc85d23fbfb601f72ea3c64e014ff	Bowel cancer	182,183	3
en	nhs	7ed5d09fb38596692d167ceb210dbb85	Cancer	nhs	e09e697039cff14b08da97e162ff7252	Goitre	182,1203	3
en	nhs	7fdf5e28bbefa5860c6828c7e5c02f21	Non-alcoholic fatty liver disease (NAFLD)	nhs	bdfe6c4cb54a4c78ee30ec3aeb916ffd	Liver disease	268	3
en	nhs	7fdf5e28bbefa5860c6828c7e5c02f21	Non-alcoholic fatty liver disease (NAFLD)	nhs	c7de1b8788e121f742d79efd5773f17b	Alcohol-related liver disease	268	3
en	nhs	82c257d6d193177921eaa3ca20e3d9ef	Pudendal neuralgia	nhs	87fcea405efe1b5f1cf52afa468f4a0c	Post-herpetic neuralgia	674	3
en	nhs	82db4199e83b69e3f4fc89472a19871f	High temperature (fever) in children	nhs	8dab29942f2d2299d04e150931d4d8ca	High temperature (fever) in adults	200,201	3
en	nhs	82db4199e83b69e3f4fc89472a19871f	High temperature (fever) in children	nhs	d555ff2a43c7215d0331a1d232a48366	Rheumatic fever	200,201	3
en	nhs	87952e21a72861e135d25474f3b0e067	Tonsillitis	nhs	beae9d2f0b2d70ce83be69b70d96109d	Necrotising fasciitis	445	3
en	nhs	87952e21a72861e135d25474f3b0e067	Tonsillitis	nhs	c39db6c52a16a931b626396743f2ae66	Strep A	445	3
en	nhs	87952e21a72861e135d25474f3b0e067	Tonsillitis	nhs	e7ae87aa8b4d898c6b19d7f203576f0e	Scarlet fever	445	3
en	nhs	8ac6030fa69051566617d2eaf630c83e	Neurofibromatosis type 2	nhs	c084070280deaf2dc330d301c60197d7	Neurofibromatosis type 1 (NF1)	807	3
en	nhs	8acbedd5459439fc2547d956ba6920fe	Stye	nhs	96a946660144b8cb64c208df4746f1d2	Breast abscess	605	3
en	nhs	8acbedd5459439fc2547d956ba6920fe	Stye	nhs	ae8a917cdc09fbde2c813f2486fa012c	Boils	605	3
en	nhs	8dab29942f2d2299d04e150931d4d8ca	High temperature (fever) in adults	nhs	d555ff2a43c7215d0331a1d232a48366	Rheumatic fever	200,201	3
en	nhs	935838a39259f5c987cb795233886f5c	HIV and AIDS	nhs	bcf70c63425b49eb0849f1b471150b33	Toxoplasmosis	185,186,349	3
en	nhs	935838a39259f5c987cb795233886f5c	HIV and AIDS	nhs	f3b92419f6dc850bcb7cc2df7ccb856c	Womb (uterus) cancer	184,185,186	3
en	nhs	94a1832117b9851f6539999fb2da702c	COVID-19	nhs	a581b81466dfef7e15bc6f078439621f	Zika virus	362,363	3
en	nhs	94a1832117b9851f6539999fb2da702c	COVID-19	nhs	c3deb9f67c28c145b2ac3f83de06de36	Long COVID	362,363,364	3
en	nhs	94a1832117b9851f6539999fb2da702c	COVID-19	nhs	c4b152fd339c6d217a0a1fb14259c5ab	Haemophilus influenzae type b (Hib)	362,363,364	3
en	nhs	94a1832117b9851f6539999fb2da702c	COVID-19	nhs	d9073e327e511ed0c96cce1decd87657	Japanese encephalitis	362,363,364	3
en	nhs	94a1832117b9851f6539999fb2da702c	COVID-19	nhs	f1b78a6f4676b2463dec7746d60598ab	Common cold	362,363,364	3
en	nhs	96a946660144b8cb64c208df4746f1d2	Breast abscess	nhs	ae8a917cdc09fbde2c813f2486fa012c	Boils	605	3
en	nhs	9711e8f7758f959e99cdca63748e2afd	Pompholyx	nhs	a584e06877ce019b7843cfe8340d5283	Dandruff	303,304	3
en	nhs	9711e8f7758f959e99cdca63748e2afd	Pompholyx	nhs	c333e9e4c9d843c5d3f76172f5da1b8e	Food allergy	303,304	3
en	nhs	9711e8f7758f959e99cdca63748e2afd	Pompholyx	nhs	c88e54998c9f7b709c3bf678b822fbd9	Hay fever	303,304	3
en	nhs	9cc13f731b5cd4a47ac83f09ea2052d6	Heart rhythm problems (arrhythmia)	nhs	eaf00422dfc4928c9de43469084d864a	Atrial fibrillation	8	3
en	nhs	a581b81466dfef7e15bc6f078439621f	Zika virus	nhs	c3deb9f67c28c145b2ac3f83de06de36	Long COVID	362,363	3
en	nhs	a581b81466dfef7e15bc6f078439621f	Zika virus	nhs	c4b152fd339c6d217a0a1fb14259c5ab	Haemophilus influenzae type b (Hib)	362,363,382	3
en	nhs	a581b81466dfef7e15bc6f078439621f	Zika virus	nhs	d9073e327e511ed0c96cce1decd87657	Japanese encephalitis	362,363,380,382	3
en	nhs	a581b81466dfef7e15bc6f078439621f	Zika virus	nhs	f1b78a6f4676b2463dec7746d60598ab	Common cold	362,363	3
en	nhs	a584e06877ce019b7843cfe8340d5283	Dandruff	nhs	c333e9e4c9d843c5d3f76172f5da1b8e	Food allergy	303,304	3
en	nhs	a584e06877ce019b7843cfe8340d5283	Dandruff	nhs	c88e54998c9f7b709c3bf678b822fbd9	Hay fever	303,304	3
en	nhs	af7cf1918d41788a6fe9963b130f28b9	Brain tumours	nhs	e3896564162f9e9d23d3fc3cd85de0f9	Moles	84	3
en	nhs	af7cf1918d41788a6fe9963b130f28b9	Brain tumours	nhs	f66a410b2a82332d917f4538bb002b77	Molar pregnancy	84	3
en	nhs	afe37766750a8053c73d678dfd71141f	Underactive thyroid (hypothyroidism)	nhs	c45fc85d23fbfb601f72ea3c64e014ff	Bowel cancer	182	3
en	nhs	afe37766750a8053c73d678dfd71141f	Underactive thyroid (hypothyroidism)	nhs	e09e697039cff14b08da97e162ff7252	Goitre	182,1203	3
en	nhs	b286d9946e6f295f385e0d3f7152db7f	Balanitis	nhs	bda9f042a2fce43b8b46fcffc95f6756	Lichen sclerosus	73	3
en	nhs	b8f37be68dee111703dd572605176ee5	Peritonitis	nhs	ce68f29841622748644779e4a1298084	Chlamydia	284,285,357	3
en	nhs	bcf70c63425b49eb0849f1b471150b33	Toxoplasmosis	nhs	f3b92419f6dc850bcb7cc2df7ccb856c	Womb (uterus) cancer	185,186	3
en	nhs	bdfe6c4cb54a4c78ee30ec3aeb916ffd	Liver disease	nhs	c7de1b8788e121f742d79efd5773f17b	Alcohol-related liver disease	268	3
en	nhs	beae9d2f0b2d70ce83be69b70d96109d	Necrotising fasciitis	nhs	c39db6c52a16a931b626396743f2ae66	Strep A	445	3
en	nhs	beae9d2f0b2d70ce83be69b70d96109d	Necrotising fasciitis	nhs	e7ae87aa8b4d898c6b19d7f203576f0e	Scarlet fever	445	3
en	nhs	c333e9e4c9d843c5d3f76172f5da1b8e	Food allergy	nhs	c88e54998c9f7b709c3bf678b822fbd9	Hay fever	302,303,304	3
en	nhs	c39db6c52a16a931b626396743f2ae66	Strep A	nhs	e7ae87aa8b4d898c6b19d7f203576f0e	Scarlet fever	445	3
en	nhs	c3deb9f67c28c145b2ac3f83de06de36	Long COVID	nhs	c4b152fd339c6d217a0a1fb14259c5ab	Haemophilus influenzae type b (Hib)	362,363,364	3
en	nhs	c3deb9f67c28c145b2ac3f83de06de36	Long COVID	nhs	d9073e327e511ed0c96cce1decd87657	Japanese encephalitis	362,363,364	3
en	nhs	c3deb9f67c28c145b2ac3f83de06de36	Long COVID	nhs	f1b78a6f4676b2463dec7746d60598ab	Common cold	362,363,364	3
en	nhs	c45fc85d23fbfb601f72ea3c64e014ff	Bowel cancer	nhs	e09e697039cff14b08da97e162ff7252	Goitre	182	3
en	nhs	c4b152fd339c6d217a0a1fb14259c5ab	Haemophilus influenzae type b (Hib)	nhs	d9073e327e511ed0c96cce1decd87657	Japanese encephalitis	362,363,364,382	3
en	nhs	c4b152fd339c6d217a0a1fb14259c5ab	Haemophilus influenzae type b (Hib)	nhs	f1b78a6f4676b2463dec7746d60598ab	Common cold	362,363,364	3
en	nhs	cbe398bac614cdbcae679b60bff11b7d	Menopause	nhs	e10b274f3791961c29e97e4bba217bbd	Early or premature menopause	149	3
en	nhs	cd4bf5f92496df6293009f81b11bccaf	Typhus	nhs	ed0e158a5c268d3bcefd3c8ceae35076	Typhoid fever	440	3
en	nhs	ce74e7f10bd1d95bfdcb7f2fb79180eb	Ringworm	nhs	ef52bcc2f6d2cff50ed67067c0541f72	Itchy skin	1101	3
en	nhs	d9073e327e511ed0c96cce1decd87657	Japanese encephalitis	nhs	f1b78a6f4676b2463dec7746d60598ab	Common cold	362,363,364	3
en	nhs	e3896564162f9e9d23d3fc3cd85de0f9	Moles	nhs	f66a410b2a82332d917f4538bb002b77	Molar pregnancy	84	3
