article_id	language	avg_sentence_length	avg_syllable_length	fkgl	wstf	noun_ratio	adjective_ratio	function_word_ratio	numbers_ratio	negations_ratio	grammar_frequency	adjacent_sent_edit_distance	dep_tree_depth	noun_phrase_complexity	word_freq	word_freq_filtered	lexical_chain_lens	crossing_lexical_chains	bpe_sentence_length	avg_bpe_length	bpe_char_ratio	bpe_char_ratio_lex	type_token_ratio	mattr	heaps_law_beta	heaps_law_beta_lex	verb_ratio	herdans_c	text_length	text_length_lex	text_length_sentences
1-1_de_amateur	de	10.323232323232324	1.6477495107632094	7.8795048330664805	8.67561391606871	0.3258317025440313	0.050880626223091974	0.6673189823874756	0.0019569471624266144	0.007827788649706457	0.8383838383838383	0.7184103402652524	3.8484848484848486	1.6676300578034682	0.005134616420362035	4.598793743455497e-05	0.003830619977515926	0.6526418786692759	25.848484848484848	2.224991135358547	3.027906976744186	2.0311027332704996	0.4050880626223092	0.6791332611050939	0.8331395994998974	0.9483006300431094	0.14677103718199608	0.9273404035004281	874	382	99
1-105_de_amateur	de	11.523809523809524	2.074380165289256	13.381971664698941	12.540871861471862	0.32231404958677684	0.10330578512396695	0.6363636363636364	0.008264462809917356	0.004132231404958678	0.9047619047619048	0.7036909529257928	4.428571428571429	1.891566265060241	0.006586253438016529	2.2199024074074076e-05	0.012714558169103624	0.19834710743801653	30.80952380952381	2.15671119624938	3.1104294478527605	2.023474178403756	0.48760330578512395	0.6100000000000004	-1	-1	0.1446280991735537	0.9073849142538448	217	108	21
1-110_de_amateur	de	14.1	1.8784655061250806	12.07489297227595	10.395833990973566	0.2985170857511283	0.08027079303675048	0.6824629271437782	0.00548033526756931	0.01096067053513862	0.9045454545454545	0.7099726525590491	4.6289592760181	1.7741273100616017	0.004733981532495164	4.887926050613497e-05	0.0017525815398155824	1.6350741457124436	34.036199095022624	2.2155985371593894	3.152046783625731	2.022736842105263	0.27788523533204385	0.6643956043956137	0.6867154285132009	0.7707028270787057	0.15441650548033528	0.881165389294261	2743	1304	221
1-111_de_amateur	de	11.176470588235293	1.6406015037593984	8.127921273772667	8.494608137992039	0.3383458646616541	0.06917293233082707	0.6804511278195489	0.004511278195488722	0.008270676691729323	0.8067226890756303	0.7475299800076518	4.126050420168068	1.74	0.00510685646962406	5.311723801498127e-05	0.002953813104189044	1.5120300751879698	28.445378151260503	2.185236047557724	3.0329218106995883	2.0843971631205673	0.3526315789473684	0.6668562144597941	0.9271018253041914	0.9698752983193158	0.13609022556390976	0.8966332578733905	1125	534	119
1-112_de_amateur	de	12.783783783783784	1.7420718816067653	9.952123878635508	9.03674040340552	0.3086680761099366	0.08456659619450317	0.6680761099365751	0.0	0.012684989429175475	0.9459459459459459	0.7104906226314273	3.945945945945946	1.8775510204081634	0.004804872878224102	5.091456161616162e-05	0.00828047921071177	0.5116279069767442	31.2972972972973	2.1795931983651307	3.161068044788975	2.06	0.42283298097251587	0.6416310160427809	-1	-1	0.11205073995771671	0.9053044626896006	416	198	37
1-113_de_amateur	de	11.80952380952381	1.6822580645161291	8.866359447004609	8.419987864823348	0.29516129032258065	0.06290322580645161	0.6733870967741935	0.0016129032258064516	0.010483870967741936	0.8952380952380953	0.725806023085908	4.238095238095238	1.719387755102041	0.0048311883325	4.8157174545454546e-05	0.0032258064516129032	0.8588709677419355	28.02857142857143	2.031787929899942	3.148336727766463	2.0111336032388665	0.3725806451612903	0.6809114811568814	0.7374226235730375	0.8377584978819076	0.1629032258064516	0.9115866153977538	1100	495	105
1-114_de_amateur	de	9.205128205128204	1.8440111420612812	9.75933147632312	9.552481837011642	0.3732590529247911	0.052924791086350974	0.6852367688022284	0.0	0.008356545961002786	0.6923076923076923	0.7588104482563698	3.7948717948717947	1.5323741007194245	0.0042755317033426185	3.839463311688312e-05	0.009165243957228862	0.6323119777158774	23.128205128205128	1.9536811928512332	3.1174533479692648	2.140939597315436	0.4206128133704735	0.5931538461538457	-1	-1	0.1615598885793872	0.8623875912138225	315	154	39
1-115_de_amateur	de	14.016129032258064	1.6432681242807825	9.26685418909388	8.782282735068119	0.3003452243958573	0.05868814729574223	0.6513233601841196	0.0011507479861910242	0.004602991944764097	0.967741935483871	0.6837922995484524	4.629032258064516	1.8074074074074074	0.005258913202531646	3.9115776119402985e-05	0.004875537520440918	0.5581127733026467	33.32258064516129	2.239760456641536	3.0932367149758453	2.0471821756225426	0.3693901035673188	0.6347532467532475	0.7099733211817834	0.9068088830311263	0.1565017261219793	0.9015530329715953	760	335	62
1-117_de_amateur	de	13.60377358490566	1.7919556171983357	10.860547981053571	10.505903231884439	0.31484049930651875	0.09431345353675451	0.6740638002773925	0.0027739251040221915	0.006934812760055479	0.9245283018867925	0.7465931729681399	4.39622641509434	1.829059829059829	0.00455339579157448	5.233547039473684e-05	0.00445287977224615	0.4604715672676838	33.698113207547166	2.085190608207869	3.19140625	2.0733532934131738	0.44382801664355065	0.6552893890675248	0.9252002223933109	0.9968014841331471	0.13869625520110956	0.9302246327293663	625	304	53
1-118_de_amateur	de	13.666666666666666	1.7542213883677298	10.439812382739216	10.27845315822389	0.30206378986866794	0.054409005628517824	0.6397748592870544	0.0	0.01876172607879925	0.9230769230769231	0.7147419765736679	4.358974358974359	1.7588235294117647	0.0043610600206378984	4.417626699029126e-05	0.0060614807331505266	0.35834896810506567	33.35897435897436	1.9966330172433142	3.226400613967767	2.015873015873016	0.46153846153846156	0.6809447004608294	-1	0.8490909506415709	0.150093808630394	0.9327944460663155	469	206	39
1-120_de_amateur	de	11.642857142857142	2.076687116564417	13.455622261174408	12.65282068361087	0.3374233128834356	0.049079754601226995	0.6840490797546013	0.018404907975460124	0.012269938650306749	0.9285714285714286	0.7018503012464365	4.193548387096774	1.6428571428571428	0.0053306922472392635	3.4865116083916086e-05	0.009348524685947998	0.25766871165644173	26.870967741935484	1.864921613806813	3.236276849642005	1.9959677419354838	0.4662576687116564	0.6457268722466963	-1	-1	0.13803680981595093	0.9089261991021899	290	143	31
1-122_de_amateur	de	13.011363636363637	1.9362445414847163	12.332117407701471	11.498194323144105	0.31353711790393013	0.08209606986899563	0.6716157205240174	0.005240174672489083	0.005240174672489083	0.9090909090909091	0.7269836755423613	4.318181818181818	1.8412698412698412	0.004752825515371179	4.2440013995943205e-05	0.0031746031746031746	1.2078602620087335	32.76136363636363	2.199819232646035	3.2057201929703654	2.0728051391862956	0.38253275109170304	0.6706787762906326	0.6909846459437672	0.7890821065469378	0.13362445414847163	0.9070251084751669	1020	493	88
1-13_de_amateur	de	13.96103896103896	1.7730232558139536	10.776479613409848	10.884820598006645	0.29348837209302325	0.07348837209302325	0.6837209302325581	0.0074418604651162795	0.004651162790697674	0.9415584415584416	0.6857313606123873	4.857142857142857	1.7949479940564637	0.004994819427860465	4.383191132947977e-05	0.0019598103409347485	1.6753488372093024	35.6948051948052	2.1776030522916994	3.1450617283950617	2.0888995675156177	0.32232558139534884	0.6744612384202928	0.7811605222938357	0.8344377985269775	0.14837209302325582	0.9013852404097977	1866	865	154
1-16_de_amateur	de	13.96103896103896	1.7730232558139536	10.776479613409848	10.884820598006645	0.29348837209302325	0.07348837209302325	0.6837209302325581	0.0074418604651162795	0.004651162790697674	0.9415584415584416	0.6857313606123873	4.857142857142857	1.7949479940564637	0.004994819427860465	4.383191132947977e-05	0.0019598103409347485	1.6753488372093024	35.6948051948052	2.1776030522916994	3.1450617283950617	2.0888995675156177	0.32232558139534884	0.6744612384202928	0.7811605222938357	0.8344377985269775	0.14837209302325582	0.9013852404097977	1866	865	154
1-2_de_amateur	de	11.391304347826088	1.666030534351145	8.511769000995688	9.630332193826751	0.3549618320610687	0.05725190839694656	0.6354961832061069	0.007633587786259542	0.0	0.9565217391304348	0.6892083953397724	4.170212765957447	1.6923076923076923	0.006172490584923664	2.3532648958333334e-05	0.007068136839129205	0.4847328244274809	29.148936170212767	2.1940939344978747	2.9425872093023258	2.022727272727273	0.44083969465648853	0.6318352941176466	-1	-1	0.12022900763358779	0.9183676628592167	443	192	47
1-3_de_amateur	de	9.0	1.9652777777777777	11.110277777777778	11.29306388888889	0.34837962962962965	0.09259259259259259	0.7222222222222222	0.004629629629629629	0.009259259259259259	0.78125	0.7320472433906813	3.6875	1.6699346405228759	0.004390202746701389	3.923501643489254e-05	0.0028464147286821704	1.541087962962963	23.0625	2.2566080435961733	3.0874777975133214	2.101107011070111	0.33217592592592593	0.6847391037446391	0.7142565525326807	0.8116657508445823	0.11168981481481481	0.8849240475365776	1533	791	192
1-33_de_amateur	de	8.6	2.197674418604651	13.696558139534883	12.267687441860467	0.35658914728682173	0.08139534883720931	0.6782945736434108	0.0	0.0	0.6666666666666666	0.6816690530858446	3.3333333333333335	1.6774193548387097	0.004130636035271318	2.820823223140496e-05	0.009966777408637875	0.1744186046511628	23.3	2.431379761099842	3.2291371994342293	2.1538461538461537	0.5658914728682171	0.7163522012578623	-1	-1	0.1434108527131783	0.9495570851778934	230	121	30
1-34_de_amateur	de	19.258823529411764	1.8882101405009164	14.201820834381405	10.68076863559596	0.29688454489920585	0.06169822846670739	0.6408063530849114	0.005497861942577886	0.0012217470983506415	0.9764705882352941	0.6982104515007556	6.129411764705883	1.8508064516129032	0.005753629735625535	4.095588361934478e-05	0.0025386952693000338	1.2816127061698228	46.1764705882353	2.119293863589524	3.2358490566037736	2.0047581284694687	0.32254123396456935	0.6323016905071527	0.682771897587221	0.7450321006621496	0.15394013439218082	0.8995983339669361	1468	641	85
1-35_de_amateur	de	12.880597014925373	1.9860950173812282	12.86935404091939	11.26356050223967	0.32444959443800697	0.0660486674391657	0.6349942062572422	0.0034762456546929316	0.0034762456546929316	0.8208955223880597	0.6643405971774207	4.373134328358209	1.7604166666666667	0.0056071018059096174	3.795279888888889e-05	0.0037079953650057938	0.7010428736964078	30.955223880597014	2.0499700195126462	3.359442575684767	2.189189189189189	0.42526071842410196	0.668534031413612	0.7095504621867605	0.8170948405141605	0.13789107763615296	0.9311148586668336	784	360	67
1-37_de_amateur	de	18.625	1.895973154362416	14.046233221476509	12.338898657718122	0.2751677852348993	0.08389261744966443	0.62751677852349	0.010067114093959731	0.0	1.0	0.6939847656581065	5.1875	1.988235294117647	0.004783772625167785	5.091218181818182e-05	0.010067114093959731	0.20134228187919462	46.625	2.358894336546302	3.2620320855614975	1.988888888888889	0.5134228187919463	0.660954773869347	-1	-1	0.174496644295302	0.9359533797516209	260	121	16
1-39_de_amateur	de	16.21875	2.05009633911368	14.926449301541428	11.85207365125241	0.3063583815028902	0.06165703275529865	0.6435452793834296	0.0019267822736030828	0.007707129094412331	1.0	0.6679369194058575	5.40625	1.8666666666666667	0.00524620395433526	4.2457408370044056e-05	0.005780346820809248	0.45857418111753373	38.5	2.097544221736383	3.4272948822095857	2.1552795031055902	0.4720616570327553	0.6928571428571435	-1	0.8539561002794964	0.17148362235067438	0.9223949142057903	480	227	32
1-4_de_amateur	de	8.5625	1.8544439673679691	9.631813814942038	10.701759489051096	0.35852297123228855	0.0794332331472735	0.6990124516960069	0.0012881064834693002	0.010734220695577501	0.7205882352941176	0.7393940131058705	3.568345323741007	1.601423487544484	0.004021624375783598	3.314947359550562e-05	0.0018671894420465077	3.462430227565479	22.83093525179856	2.35115220174827	3.0016962220508865	2.134016028495102	0.2846715328467153	0.6779417040358872	0.6370168328197838	0.7111448790949909	0.10648346930012881	0.8715286083898347	2040	1068	278
1-40_de_amateur	de	15.105263157894736	1.848432055749129	12.11255088941867	11.184188850174214	0.3153310104529617	0.0627177700348432	0.6515679442508711	0.006968641114982578	0.010452961672473868	0.8947368421052632	0.6674306611438123	4.657894736842105	1.8103448275862069	0.004517817973156794	6.0816310399999996e-05	0.006781981085116974	0.4547038327526132	35.921052631578945	1.957551169347244	3.2705278592375366	1.9950248756218905	0.43205574912891986	0.6818947368421059	0.8381488217947228	0.9655454148012622	0.14634146341463414	0.9074836114272873	514	250	38
1-41_de_amateur	de	13.125	1.723809523809524	9.869702380952386	9.603214285714285	0.28095238095238095	0.047619047619047616	0.6714285714285714	0.023809523809523808	0.009523809523809525	0.75	0.7295777947542653	4.5625	1.6885245901639345	0.00520218614952381	5.315723194444444e-05	0.012857142857142859	0.1761904761904762	30.9375	2.0071252377933138	3.1431451612903225	2.046875	0.5714285714285714	0.7147747747747746	-1	-1	0.15714285714285714	0.9534383396859258	182	72	16
1-43_de_amateur	de	13.220779220779221	1.8483300589390963	11.376398591585236	10.525003480213304	0.3143418467583497	0.06306483300589391	0.6827111984282908	0.022200392927308448	0.0068762278978389	0.8285714285714286	0.6978551826049357	4.378172588832487	1.7374773687386844	0.00497314358086444	4.7872779871323524e-05	0.0010404984949029064	3.1656188605108055	31.901015228426395	2.0720625760701403	3.128587283970192	2.02	0.2506876227897839	0.6505229412943224	0.7159326189180042	0.8149390006635271	0.15147347740667977	0.8787539163480759	4490	2176	394
1-46_de_amateur	de	13.33739837398374	1.9286802804023164	12.370012674600996	10.927122121205363	0.3249009448338921	0.07528192624199939	0.7098445595854922	0.010362694300518135	0.0048765620237732395	0.8821138211382114	0.6864473540038534	4.59349593495935	1.7057745187901008	0.0047728037619323375	4.538375259786477e-05	0.0012672644732831773	3.199329472721731	33.94308943089431	2.1945690297472393	3.0787900526064083	2.0195735756728417	0.28985065528802195	0.6790257699560146	0.7166560765391672	0.7905054611472336	0.13989637305699482	0.8851104507749112	2866	1405	246
1-47_de_amateur	de	13.33739837398374	1.9286802804023164	12.370012674600996	10.927122121205363	0.3249009448338921	0.07528192624199939	0.7098445595854922	0.010362694300518135	0.0048765620237732395	0.8821138211382114	0.6864473540038534	4.59349593495935	1.7057745187901008	0.0047728037619323375	4.538375259786477e-05	0.0012672644732831773	3.199329472721731	33.94308943089431	2.1945690297472393	3.0787900526064083	2.0195735756728417	0.28985065528802195	0.6790257699560146	0.7166560765391672	0.7905054611472336	0.13989637305699482	0.8851104507749112	2866	1405	246
1-5_de_amateur	de	9.709183673469388	1.8439306358381502	9.954963135543235	10.066562583246645	0.34524435102469786	0.07356805044666316	0.6899632159747767	0.0	0.006831318970047294	0.7653061224489796	0.7290406959524531	3.787878787878788	1.6322008862629247	0.004365226999316868	4.5163512168674694e-05	0.0022567750168906234	2.3399894902785077	24.30808080808081	2.1741500941297347	3.1216216216216215	2.088216761184625	0.2953231739358907	0.6609423503326006	0.6818146591514217	0.7497563464074578	0.11245401996847083	0.8789925234870872	1694	830	198
1-51_de_amateur	de	15.674418604651162	1.8925816023738873	12.855486163825823	11.288902256573046	0.30593471810089023	0.06676557863501484	0.6667655786350148	0.010682492581602374	0.009198813056379823	0.9255813953488372	0.6987697551266775	5.1720930232558135	1.7935185185185185	0.004544959244601798	5.279854455732946e-05	0.0013146090676971912	2.6264094955489616	37.97674418604651	2.1443034889059325	3.218543046357616	2.0390564578499615	0.27270029673590507	0.6783216141852799	0.7208877773710196	0.8294272353745165	0.14599406528189912	0.8826479898864353	2991	1378	215
1-53_de_amateur	de	9.153846153846153	2.2539015606242496	14.576038415366149	13.567876018099549	0.3679471788715486	0.062424969987995196	0.7316926770708283	0.01680672268907563	0.01020408163265306	0.6758241758241759	0.7698310959693663	3.1435406698564594	1.6711864406779662	0.003891101463505402	4.1109094529262085e-05	0.0024875334749284326	2.5150060024009604	22.311004784688997	2.267135944629868	3.1336049753377653	2.1706648389307746	0.33913565426170467	0.706330567964266	0.64761610542792	0.7159512493620299	0.12845138055222088	0.8869868501852995	1472	786	209
1-57_de_amateur	de	13.03111111111111	1.88506139154161	11.735857753524332	10.925380904653629	0.3120736698499318	0.07401091405184175	0.6797407912687585	0.0068212824010914054	0.007844474761255117	0.8977777777777778	0.7025943942685232	4.4605263157894735	1.8016614745586708	0.004921045466643929	4.488060815660685e-05	0.001332842679686939	1.9693042291950886	32.10087719298246	2.1402673664346037	3.1245226404800874	2.031274433150899	0.3175306957708049	0.6780727144370016	0.7609719196545207	0.8452427124315228	0.1442701227830832	0.9006844610688365	2569	1226	228
1-58_de_amateur	de	16.25	1.9912087912087912	14.243763736263741	12.068971428571428	0.31032967032967035	0.0632967032967033	0.6610989010989011	0.003956043956043956	0.012747252747252748	0.9785714285714285	0.6994889419723022	5.214285714285714	1.8370786516853932	0.004760325400398484	5.1301979241516964e-05	0.0021622821622821623	1.4993406593406593	38.94285714285714	2.1086359792761673	3.264441591784339	2.05743458838545	0.31736263736263737	0.6662086397058912	0.7410241814598396	0.834852234498756	0.13362637362637364	0.8928843738720048	2055	1002	140
1-59_de_amateur	de	15.674418604651162	1.8925816023738873	12.855486163825823	11.288902256573046	0.30593471810089023	0.06676557863501484	0.6667655786350148	0.010682492581602374	0.009198813056379823	0.9255813953488372	0.6987697551266775	5.1720930232558135	1.7935185185185185	0.004544959244601798	5.279854455732946e-05	0.0013146090676971912	2.6264094955489616	37.97674418604651	2.1443034889059325	3.218543046357616	2.0390564578499615	0.27270029673590507	0.6783216141852799	0.7208877773710196	0.8294272353745165	0.14599406528189912	0.8826479898864353	2991	1378	215
1-60_de_amateur	de	9.266272189349113	2.1973180076628354	13.952198644267614	12.012705128960832	0.3569604086845466	0.04533844189016603	0.6960408684546615	0.002554278416347382	0.011494252873563218	0.6449704142011834	0.7051959829816756	3.7588235294117647	1.5493197278911566	0.004926105548339719	4.757106268882175e-05	0.002744490638841336	2.0977011494252875	25.647058823529413	2.5831113292406864	3.105573176257363	2.2899813316739266	0.3065134099616858	0.6767280163599184	0.6699350325936463	0.7730042832994565	0.14495530012771393	0.8750342412318456	1375	662	170
1-61_de_amateur	de	13.560919540229886	1.844549923715884	11.464447720537088	10.227844299423436	0.2993727750466181	0.06187489404983896	0.6799457535175454	0.0033904051534158334	0.010171215460247499	0.8758620689655172	0.6978054173455579	4.302961275626424	1.7423117709437963	0.004874117261281573	5.380716553480475e-05	0.0009465457652801755	3.2602135955246654	33.70159453302961	2.2063619473150458	3.1352392538523923	2.044767090139141	0.22715714527886083	0.6625637931034356	0.8023009845148332	0.8881566472485022	0.14934734700796745	0.8776288673838571	5211	2356	439
1-62_de_amateur	de	13.560919540229886	1.844549923715884	11.464447720537088	10.227844299423436	0.2993727750466181	0.06187489404983896	0.6799457535175454	0.0033904051534158334	0.010171215460247499	0.8758620689655172	0.6978054173455579	4.302961275626424	1.7423117709437963	0.004874117261281573	5.380716553480475e-05	0.0009465457652801755	3.2602135955246654	33.70159453302961	2.2063619473150458	3.1352392538523923	2.044767090139141	0.22715714527886083	0.6625637931034356	0.8023009845148332	0.8881566472485022	0.14934734700796745	0.8776288673838571	5211	2356	439
1-65_de_amateur	de	12.452380952380953	1.9369024856596557	12.121877902212507	12.088586852408266	0.35564053537284895	0.06118546845124283	0.6806883365200764	0.0038240917782026767	0.009560229445506692	0.9523809523809523	0.6940272584953615	4.4523809523809526	1.681081081081081	0.0042485126430210325	4.037082976744186e-05	0.006467214036666291	0.8317399617590823	33.19047619047619	2.2130155441916104	3.109207708779443	2.1027522935779817	0.42638623326959846	0.6604716981132089	-1	0.7789632311367034	0.12237093690248566	0.9119660968211666	445	215	42
1-66_de_amateur	de	10.078947368421053	1.7284595300261096	8.736611927992307	9.97675352480418	0.3368146214099217	0.06005221932114883	0.6840731070496083	0.005221932114882507	0.0026109660574412533	0.9473684210526315	0.7218741615480747	3.4878048780487805	1.6515151515151516	0.004544419704960835	5.496828867924528e-05	0.007687844502465913	0.27154046997389036	25.29268292682927	2.0554308657581424	3.031669865642994	2.0970464135021096	0.5456919060052219	0.7080633802816898	-1	-1	0.1618798955613577	0.9411668546381399	319	159	41
1-68_de_amateur	de	13.074074074074074	1.9107648725212465	12.0559143846396	11.465758556290002	0.3097261567516525	0.05476864966949953	0.6765816808309726	0.013220018885741265	0.007554296506137866	0.8765432098765432	0.7064814690446118	4.493827160493828	1.7290132547864507	0.005047791341595845	4.929719413793103e-05	0.0021621526214997398	1.9711992445703495	32.65432098765432	2.166601411144376	3.191453313253012	2.0262543757292883	0.2988668555240793	0.6655076770678603	0.7256530987601152	0.8084944646636539	0.1388101983002833	0.8833407344800779	1855	870	162
1-7_de_amateur	de	10.28491620111732	1.902227050516024	10.867396514524838	11.540976935051695	0.33188484519282996	0.08039109179793591	0.701792504073873	0.0021727322107550242	0.008147745790331342	0.8212290502793296	0.7296881076398334	3.89010989010989	1.6771523178807948	0.004272508965019011	4.5094357421875e-05	0.002268588043582452	2.0233568712656167	27.587912087912088	2.5507131919140686	3.0691426313709997	2.1031434184675835	0.3231939163498099	0.6786509758897874	0.6853482869118684	0.799272457067463	0.1423139598044541	0.8940938065940442	1567	768	182
1-72_de_amateur	de	13.074074074074074	1.9107648725212465	12.0559143846396	11.465758556290002	0.3097261567516525	0.05476864966949953	0.6765816808309726	0.013220018885741265	0.007554296506137866	0.8765432098765432	0.7064814690446118	4.493827160493828	1.7290132547864507	0.005047791341595845	4.929719413793103e-05	0.0021621526214997398	1.9711992445703495	32.65432098765432	2.166601411144376	3.191453313253012	2.0262543757292883	0.2988668555240793	0.6655076770678603	0.7256530987601152	0.8084944646636539	0.1388101983002833	0.8833407344800779	1855	870	162
1-76_de_amateur	de	12.0	1.7828282828282829	10.127373737373738	11.768344444444445	0.3560606060606061	0.06313131313131314	0.7121212121212122	0.0	0.010101010101010102	0.9090909090909091	0.7282858439640897	4.393939393939394	1.6506849315068493	0.0043478711343434345	5.6097931901840494e-05	0.0073145245559038665	0.6565656565656566	33.36363636363637	2.4382221050138364	3.030741410488246	2.10351966873706	0.5	0.7237373737373733	-1	-1	0.13131313131313133	0.9245703098213229	332	163	33
1-77_de_amateur	de	13.018181818181818	1.9064245810055866	11.982900964956833	11.743693072625698	0.30307262569832405	0.08379888268156424	0.6913407821229051	0.009776536312849162	0.008379888268156424	0.8727272727272727	0.7445084415947126	4.1454545454545455	1.8018433179723503	0.004006768428491621	6.0961383774834436e-05	0.005159838609559281	0.6675977653631285	33.58181818181818	2.2780618854360437	3.1654094827586206	2.153958944281525	0.420391061452514	0.7022042139384097	0.8665651252487693	0.7985090729579739	0.14385474860335196	0.906438295564339	620	302	55
1-78_de_amateur	de	10.28	1.9948119325551232	11.957980804150456	11.071325727626459	0.3229571984435798	0.0648508430609598	0.6757457846952011	0.0038910505836575876	0.010376134889753566	0.84	0.682697394601284	3.6447368421052633	1.6988416988416988	0.0043159557887159535	4.6211994186046505e-05	0.004257598827045621	1.0233463035019454	25.763157894736842	2.1565975822795975	3.238821138211382	2.1888544891640866	0.4396887159533074	0.7272470238095248	0.7043195314703579	0.7883526635898325	0.15953307392996108	0.9155000159900449	690	344	76
1-79_de_amateur	de	13.329896907216495	1.846094354215004	11.39257317355148	10.120402227697117	0.2877030162412993	0.06109822119102862	0.6573859242072699	0.013147718484145398	0.007733952049497293	0.9690721649484536	0.7082107107651273	4.46	1.8734177215189873	0.005402367973395205	4.420196559546314e-05	0.002977571539056458	0.7587006960556845	30.81	1.920967550844276	3.180343820953617	1.9671261930010604	0.37122969837587005	0.6484589614740354	0.7493431117716145	0.8034750232748046	0.1531322505800464	0.9095507887846611	1150	529	100
1-8_de_amateur	de	10.582491582491583	1.8125994272987591	9.925844959297077	10.689655080661318	0.32993954820235444	0.06490614062997137	0.6856506522430799	0.006363347120585428	0.010499522748965956	0.7643097643097643	0.7272477899825915	3.8609271523178808	1.712665406427221	0.004129393455742921	5.175080329094989e-05	0.001594716869854031	3.1018135539293668	26.665562913907284	2.2304960792565818	3.107384199533112	2.0412336573918872	0.24848870505886095	0.6682982917214242	0.6352474164316183	0.6926898269383508	0.13267578746420616	0.8661088813503703	2714	1337	302
1-89_de_amateur	de	13.143617021276595	1.9566976932416027	12.625043418548788	11.498954328078046	0.3245649534601376	0.07891541885876163	0.6835289356535815	0.004451639012545528	0.0056657223796034	0.8670212765957447	0.746919262277657	4.457446808510638	1.7478152309612984	0.004489035549534602	4.5889866573295984e-05	0.0017604208822339133	2.4609469850263053	33.223404255319146	2.20298635350584	3.159108989657916	2.066635160680529	0.29097531363820317	0.6657757166947855	0.7394088688830488	0.8271192942060994	0.13719142047753946	0.8858526826996367	2167	1071	188
1-9_de_amateur	de	8.751351351351351	1.8307597282273007	9.425991820109179	10.537138855149157	0.3607164916615195	0.08029647930821494	0.7220506485484868	0.0012353304508956147	0.008647313156269302	0.7945945945945946	0.7481791534888727	3.610526315789474	1.592964824120603	0.0046938271453366275	4.307722365308804e-05	0.0028123480477836335	2.2056825200741197	22.53684210526316	2.2787067084993673	2.99106529209622	2.1010526315789475	0.3051266213712168	0.6526315789473691	0.5975169024375434	0.6679730265102021	0.10006176652254478	0.8684807542458174	1427	761	190
1-90_de_amateur	de	10.688888888888888	2.0249480249480247	12.47305336105336	11.687649997689997	0.32224532224532226	0.062370062370062374	0.6611226611226612	0.0	0.006237006237006237	0.8888888888888888	0.7261815019905437	4.088888888888889	1.6975308641975309	0.005024378794386694	2.9786959900990097e-05	0.006622006622006622	0.5197505197505198	28.57777777777778	2.3526562992100133	3.1589147286821704	2.1503579952267304	0.4490644490644491	0.6585602094240836	-1	0.844613775902249	0.17255717255717257	0.9212702536867058	430	202	45
1-93_de_amateur	de	15.20253164556962	1.861781848459617	12.308013153595635	10.284981525943572	0.2880932556203164	0.05661948376353039	0.6436303080766028	0.009991673605328892	0.005828476269775187	0.9367088607594937	0.7015185449235322	5.075949367088608	1.8135135135135134	0.004645721550957536	4.715765444191344e-05	0.003033186630189128	0.8576186511240633	38.55696202531646	2.244490921988016	3.0537881272548377	2.0307692307692307	0.3896752706078268	0.6810163339382928	0.7910103501553761	0.8667433679426738	0.1440466278101582	0.9145403803252773	1042	439	79
1-94_de_amateur	de	15.211267605633802	1.8981481481481481	12.740542514345332	10.183823943661972	0.31666666666666665	0.06851851851851852	0.649074074074074	0.005555555555555556	0.005555555555555556	0.9436619718309859	0.695242162659605	5.169014084507042	1.8243626062322946	0.005130022210833333	3.593305273159145e-05	0.0032483302975106253	1.1675925925925925	37.71830985915493	2.1914948940994234	3.040656471465871	2.056451612903226	0.38796296296296295	0.6670336391437293	0.7176805987093146	0.8435185230461031	0.14351851851851852	0.916377747817599	951	421	71
1-96_de_amateur	de	12.813559322033898	1.8267195767195767	10.962579140884227	9.751276324993274	0.32671957671957674	0.0582010582010582	0.6441798941798942	0.006613756613756613	0.0	0.9491525423728814	0.706626585833506	4.440677966101695	1.731060606060606	0.005608149447751323	3.563333470031545e-05	0.004418552290892716	0.873015873015873	30.8135593220339	2.1187850864579367	3.019682886823401	1.927643784786642	0.3994708994708995	0.6324505327245049	0.8194501104961588	0.9167295465759489	0.12962962962962962	0.9055434460202539	683	317	59
1-97_de_amateur	de	14.10204081632653	1.8762662807525325	12.049738031247234	10.063071065300216	0.30752532561505064	0.06801736613603473	0.6476121562952243	0.00723589001447178	0.002170767004341534	0.8979591836734694	0.6888424299691492	4.68	1.8013100436681222	0.00561766300130246	4.534161767857143e-05	0.0033358679388751254	0.7916063675832128	33.53	2.1422482354619428	3.176767676767677	2.08206106870229	0.3654124457308249	0.650467653936087	0.8365950171884232	0.8794029059926152	0.12807525325615052	0.909576440205037	1235	560	100
1-99_de_amateur	de	16.04950495049505	1.9296730413325107	13.439448818416697	11.491154587377308	0.3078346699568168	0.07341147439851943	0.6551511412708205	0.0024676125848241827	0.005552128315854411	0.9504950495049505	0.6836311670498978	5.108910891089109	1.8762278978388998	0.0054456660581739666	3.392354442836469e-05	0.0026144942863018127	1.3016656384947562	39.227722772277225	2.090889963090889	3.238998482549317	2.0224525043177892	0.32510795805058607	0.640151116951376	0.7088511380263549	0.8212333201235295	0.15052436767427513	0.8933185607535185	1459	691	101
10-1_de_amateur	de	8.71264367816092	1.8601583113456464	9.75779910836139	11.25740046098323	0.35224274406332456	0.07255936675461741	0.7064643799472295	0.005277044854881266	0.005277044854881266	0.7183908045977011	0.746216338273858	3.4261363636363638	1.6421845574387948	0.004398230641556728	4.1801787349397595e-05	0.0030049838756962765	1.720316622691293	22.443181818181817	2.336864656779566	3.0609604379198805	2.0338762214983714	0.3073878627968338	0.6570148200423473	0.6370274363927229	0.7341779854694099	0.11807387862796834	0.8676684914009201	1296	664	176
10-14_de_amateur	de	10.777777777777779	1.7525773195876289	9.293745704467355	8.04235372279496	0.29896907216494845	0.02577319587628866	0.6288659793814433	0.005154639175257732	0.0	0.8888888888888888	0.7175201891944042	3.4444444444444446	1.6764705882352942	0.006338224852061856	3.572441829268293e-05	0.014891179839633447	0.17010309278350516	23.88888888888889	2.0487623230678786	3.1589861751152073	1.92	0.5360824742268041	0.6260000000000003	-1	-1	0.19072164948453607	0.9437594840972813	182	82	18
10-15_de_amateur	de	11.391691394658753	1.9781193019015368	12.194567406355052	11.604254489647479	0.3394113050273509	0.07684292784579318	0.6848137535816619	0.004949205522271425	0.0072935660328210476	0.771513353115727	0.7161599657747284	4.19941348973607	1.7168073676132003	0.004845109654701745	3.945940998151571e-05	0.0012562282100865244	3.7040896066684033	29.947214076246333	2.2319235954778893	3.0710265864544923	2.0637649015802606	0.2682990362073457	0.6714064171123092	0.6393406910812962	0.7314391824764965	0.13388903360250065	0.8875815269417979	3316	1623	341
10-17_de_amateur	de	13.10204081632653	1.9766355140186915	12.844094983787908	11.673246894271728	0.3426791277258567	0.09813084112149532	0.6931464174454829	0.0	0.003115264797507788	0.9183673469387755	0.6879784040571247	4.530612244897959	1.8888888888888888	0.004968701398598131	3.9477746206896555e-05	0.005205771437940646	0.6542056074766355	33.224489795918366	2.1523831097848136	3.15281173594132	2.0710280373831775	0.4439252336448598	0.6702394106813979	0.7957166958416643	0.8746666723667593	0.11682242990654206	0.9139139993734025	568	290	49
10-18_de_amateur	de	12.666666666666666	1.8489702517162472	11.167848970251715	10.465921586575135	0.3112128146453089	0.06636155606407322	0.6704805491990846	0.008009153318077803	0.006864988558352402	0.9565217391304348	0.7007784734302485	4.2898550724637685	1.8571428571428572	0.005766581480320366	4.557156808510639e-05	0.0037528604118993135	0.8627002288329519	30.971014492753625	2.1634571444486674	3.163170163170163	2.1019021739130435	0.41990846681922195	0.6805677419354842	0.7153598659192281	0.8664097318725428	0.15903890160183065	0.9207358860993464	767	376	69
10-19_de_amateur	de	15.601626016260163	1.8973423658155288	12.883274062964706	11.016994683884306	0.31005732152162585	0.06409588327253778	0.6477331943720688	0.0020844189682126106	0.005732152162584679	0.943089430894309	0.6781201774882748	4.928571428571429	1.803921568627451	0.005351057606305367	3.683835161691542e-05	0.0025013027618551328	1.5367378843147472	36.95238095238095	2.026666851230385	3.1692373607540705	1.9613702623906706	0.29546638874413755	0.6424175824175814	0.7167925481419274	0.830191829134378	0.14069828035435122	0.8867863303531023	1728	804	126
10-2_de_amateur	de	14.520547945205479	1.7915094339622641	11.212825019384855	10.147109201344017	0.310377358490566	0.05188679245283019	0.6216981132075472	0.009433962264150943	0.020754716981132074	0.958904109589041	0.7082436397102132	4.958904109589041	1.76878612716763	0.005275865581132076	4.2687606701030926e-05	0.0039199739752765125	1.2971698113207548	36.342465753424655	2.16391878343285	3.069095005632745	2.0888671875	0.3160377358490566	0.6354630593132183	0.5347055423830165	0.6364936722500523	0.13584905660377358	0.8819813223586287	904	388	73
10-20_de_amateur	de	14.273809523809524	1.810675562969141	11.342757357321577	9.75138912585885	0.3148457047539616	0.05921601334445371	0.6684737281067556	0.013344453711426188	0.005838198498748957	0.8928571428571429	0.7056134462623809	4.858823529411764	1.7128072445019404	0.004740432052189324	4.5297103696098566e-05	0.0018562666528892068	1.804837364470392	33.65294117647059	1.9477798555770542	3.168296089385475	2.063249727371865	0.31693077564637195	0.675563288386266	0.6548756011026545	0.7548215551739303	0.15679733110925773	0.9004612359843335	2125	974	170
10-21_de_amateur	de	11.944444444444445	1.8476744186046512	10.87089147286822	10.154285529715764	0.3581395348837209	0.04883720930232558	0.6569767441860465	0.012790697674418604	0.0034883720930232558	0.9444444444444444	0.710776705760322	4.226666666666667	1.6419354838709677	0.0054152481605813955	4.018361794117647e-05	0.004774863928748145	0.8697674418604651	29.533333333333335	2.064127146718963	2.976587122917605	2.027638190954774	0.3755813953488372	0.6458344283837059	0.6938801529881907	0.8741414445598874	0.11511627906976744	0.8965166286549934	743	340	75
10-23_de_amateur	de	11.944444444444445	1.8476744186046512	10.87089147286822	10.154285529715764	0.3581395348837209	0.04883720930232558	0.6569767441860465	0.012790697674418604	0.0034883720930232558	0.9444444444444444	0.710776705760322	4.226666666666667	1.6419354838709677	0.0054152481605813955	4.018361794117647e-05	0.004774863928748145	0.8697674418604651	29.533333333333335	2.064127146718963	2.976587122917605	2.027638190954774	0.3755813953488372	0.6458344283837059	0.6938801529881907	0.8741414445598874	0.11511627906976744	0.8965166286549934	743	340	75
10-25_de_amateur	de	14.674698795180722	2.013136288998358	13.888140740301107	12.213067766633035	0.3251231527093596	0.06321839080459771	0.6633825944170771	0.008210180623973728	0.008210180623973728	0.927710843373494	0.6822032835600953	4.819277108433735	1.7944162436548223	0.00505980795500821	4.045907504798464e-05	0.0032467532467532465	1.222495894909688	37.096385542168676	2.1864486024736243	3.163278476928041	2.024896265560166	0.37110016420361247	0.67264521894549	0.8387037127237457	0.8923182813676853	0.14039408866995073	0.904684838426405	1083	521	83
10-27_de_amateur	de	13.095238095238095	2.0254545454545454	13.417506493506494	11.235469264069264	0.32727272727272727	0.07636363636363637	0.730909090909091	0.007272727272727273	0.01818181818181818	0.9047619047619048	0.7498087644791929	4.428571428571429	1.7701149425287357	0.003978310374545454	4.183012985074627e-05	0.010681818181818181	0.14909090909090908	29.857142857142858	1.8330472966688744	3.3620414673046253	1.9941176470588236	0.5563636363636364	0.6757954545454548	-1	-1	0.11636363636363636	0.920989597610371	254	134	21
10-29_de_amateur	de	11.826086956521738	2.1433823529411766	14.314085677749365	11.986329092071612	0.33088235294117646	0.08088235294117647	0.6727941176470589	0.003676470588235294	0.011029411764705883	0.9565217391304348	0.7311376123876125	4.608695652173913	1.8048780487804879	0.004837161997426471	4.6059263636363636e-05	0.009191176470588236	0.13970588235294118	28.217391304347824	1.9151096664388005	3.2819722650231125	1.9074074074074074	0.5882352941176471	0.7169364161849706	-1	-1	0.15808823529411764	0.9471964840290859	250	132	23
10-3_de_amateur	de	10.758064516129032	1.8595702148925537	10.548573697022459	10.198391065757445	0.36281859070464767	0.07546226886556721	0.6811594202898551	0.006496751624187906	0.00399800099950025	0.7956989247311828	0.7455923189477989	4.1063829787234045	1.6958333333333333	0.004665950472113944	4.141186598639455e-05	0.0024261373586710916	2.6991504247876064	27.23404255319149	2.2446551447972083	3.044954659463631	2.0591814159292037	0.28285857071464265	0.6585646687697334	0.5529582323295076	0.6301459707577016	0.10644677661169415	0.8699100976294416	1735	882	188
10-30_de_amateur	de	11.866666666666667	2.082865168539326	13.615808988764048	10.95242127340824	0.34129213483146065	0.08707865168539326	0.7008426966292135	0.0	0.007022471910112359	0.9166666666666666	0.7316637456064373	4.262295081967213	1.7532467532467533	0.005542422775702247	3.80096632996633e-05	0.004160483358066567	1.2682584269662922	29.852459016393443	2.2582644417738864	3.192560175054705	2.3136942675159236	0.4058988764044944	0.6834910277324642	0.7915343385025737	0.800677485036787	0.11797752808988764	0.9090961089121923	625	297	61
10-31_de_amateur	de	12.728571428571428	2.0123456790123457	13.11982186948854	10.707089196729196	0.3400673400673401	0.08417508417508418	0.6689113355780022	0.005611672278338945	0.006734006734006734	0.8857142857142857	0.6944871368053186	4.054794520547945	1.7773972602739727	0.004970940302132435	3.8364033417085424e-05	0.004036087369420703	0.9663299663299664	29.904109589041095	2.0138028941736477	3.219835466179159	2.0558292282430215	0.3950617283950617	0.6894823232323255	0.8415387632986602	0.9448557558067123	0.1324354657687991	0.9069388051823984	805	398	73
10-33_de_amateur	de	12.147058823529411	2.0108958837772395	12.8759243697479	13.052053610596781	0.3704600484261501	0.09200968523002422	0.6767554479418886	0.004842615012106538	0.002421307506053269	0.9264705882352942	0.6912018983682723	4.220588235294118	1.7465753424657535	0.004737347874334141	2.0888347159090907e-05	0.004739580650146824	1.1513317191283292	33.86764705882353	2.3469824407838367	3.0406750324534833	2.1595866819747416	0.41041162227602906	0.6773314993122435	0.6414291229627095	0.7300545837062155	0.1162227602905569	0.9110965700225657	706	352	68
10-35_de_amateur	de	12.188461538461539	1.8898706216472074	11.463973335437046	10.426334562225406	0.3234458819816977	0.06626696118649417	0.66550962448722	0.008835594824865888	0.006626696118649416	0.8461538461538461	0.6976987405929499	4.290566037735849	1.74282982791587	0.005133889411675607	5.031413666933547e-05	0.001376409626148046	2.0659514042284632	31.0188679245283	2.2620009547257665	3.0612516644474033	2.0513945471638984	0.31050804670242976	0.6597068403908946	0.7581320437232247	0.8064955529905312	0.14168507415588513	0.9081827842221556	2713	1249	265
10-36_de_amateur	de	12.188461538461539	1.8898706216472074	11.463973335437046	10.426334562225406	0.3234458819816977	0.06626696118649417	0.66550962448722	0.008835594824865888	0.006626696118649416	0.8461538461538461	0.6976987405929499	4.290566037735849	1.74282982791587	0.005133889411675607	5.031413666933547e-05	0.001376409626148046	2.0659514042284632	31.0188679245283	2.2620009547257665	3.0612516644474033	2.0513945471638984	0.31050804670242976	0.6597068403908946	0.7581320437232247	0.8064955529905312	0.14168507415588513	0.9081827842221556	2713	1249	265
10-37_de_amateur	de	12.188461538461539	1.8898706216472074	11.463973335437046	10.426334562225406	0.3234458819816977	0.06626696118649417	0.66550962448722	0.008835594824865888	0.006626696118649416	0.8461538461538461	0.6976987405929499	4.290566037735849	1.74282982791587	0.005133889411675607	5.031413666933547e-05	0.001376409626148046	2.0659514042284632	31.0188679245283	2.2620009547257665	3.0612516644474033	2.0513945471638984	0.31050804670242976	0.6597068403908946	0.7581320437232247	0.8064955529905312	0.14168507415588513	0.9081827842221556	2713	1249	265
10-38_de_amateur	de	12.188461538461539	1.8898706216472074	11.463973335437046	10.426334562225406	0.3234458819816977	0.06626696118649417	0.66550962448722	0.008835594824865888	0.006626696118649416	0.8461538461538461	0.6976987405929499	4.290566037735849	1.74282982791587	0.005133889411675607	5.031413666933547e-05	0.001376409626148046	2.0659514042284632	31.0188679245283	2.2620009547257665	3.0612516644474033	2.0513945471638984	0.31050804670242976	0.6597068403908946	0.7581320437232247	0.8064955529905312	0.14168507415588513	0.9081827842221556	2713	1249	265
10-39_de_amateur	de	12.188461538461539	1.8898706216472074	11.463973335437046	10.426334562225406	0.3234458819816977	0.06626696118649417	0.66550962448722	0.008835594824865888	0.006626696118649416	0.8461538461538461	0.6976987405929499	4.290566037735849	1.74282982791587	0.005133889411675607	5.031413666933547e-05	0.001376409626148046	2.0659514042284632	31.0188679245283	2.2620009547257665	3.0612516644474033	2.0513945471638984	0.31050804670242976	0.6597068403908946	0.7581320437232247	0.8064955529905312	0.14168507415588513	0.9081827842221556	2713	1249	265
10-4_de_amateur	de	10.191709844559586	1.913065582104728	10.958940708214033	11.397737160031715	0.33807829181494664	0.09303507880020336	0.7086934417895272	0.005592272496187087	0.005083884087442806	0.7927461139896373	0.75040097176091	3.761658031088083	1.7372372372372373	0.004487641707219115	5.3890554070473876e-05	0.002081350835799234	2.673614641586172	27.33160621761658	2.472321831963254	3.027163731734732	2.028001898433792	0.31113370615149977	0.6800588865096486	0.6843591845976568	0.7863073210607743	0.11184544992374174	0.884095474214623	1671	823	193
10-40_de_amateur	de	13.81132075471698	1.9153005464480874	12.396961542427054	10.927408567893597	0.34153005464480873	0.06693989071038252	0.6489071038251366	0.006830601092896175	0.01092896174863388	0.9811320754716981	0.7007514017248698	4.703703703703703	1.8493723849372385	0.005567956671857923	2.6701470671378094e-05	0.005009107468123861	0.6830601092896175	34.907407407407405	2.1064718114648873	3.11789697291556	2.087378640776699	0.4057377049180328	0.6315639810426528	0.7989029183181828	0.8833323728960291	0.12978142076502733	0.9168715650721428	625	283	54
10-42_de_amateur	de	10.7	2.016614745586708	12.379053997923155	11.626552980269988	0.34215991692627207	0.08307372793354102	0.6812045690550363	0.00778816199376947	0.0036344755970924196	0.8111111111111111	0.6878244778903513	3.9226519337016574	1.805337519623234	0.0046380742792834885	3.488747794632439e-05	0.002125825349242736	2.1163032191069573	26.944751381215468	2.157408170019591	3.150824343578262	2.1215189873417724	0.34371754932502596	0.6884674329502006	0.7198804325412499	0.8209353262140897	0.13395638629283488	0.9026253940449199	1698	857	181
10-43_de_amateur	de	11.146341463414634	2.096280087527352	13.493178203554464	11.120747067299995	0.32603938730853393	0.061269146608315096	0.6630196936542669	0.0087527352297593	0.0087527352297593	0.8292682926829268	0.7143281329939302	4.634146341463414	1.8175675675675675	0.004692430753172866	5.316671351351352e-05	0.006408252578930915	0.4026258205689278	27.804878048780488	2.1683551057373074	3.2099303135888504	2.1140776699029127	0.474835886214442	0.6722346368715079	-1	-1	0.15317286652078774	0.9324143053759274	396	185	41
10-44_de_amateur	de	12.904191616766466	2.1494199535962877	14.80579018297512	11.810409144587856	0.31647331786542926	0.07378190255220418	0.6700696055684455	0.00788863109048724	0.005568445475638051	0.8622754491017964	0.7020413549348749	4.467065868263473	1.7830459770114941	0.004741106609048724	4.160550169312169e-05	0.0020026865307119306	2.008816705336427	33.06586826347306	2.191125123377074	3.194990088304199	2.0620855937311635	0.3025522041763341	0.6906857976653841	0.6380048040449863	0.7804158253608552	0.13921113689095127	0.8864225091530273	1922	945	167
10-45_de_amateur	de	12.904191616766466	2.1494199535962877	14.80579018297512	11.810409144587856	0.31647331786542926	0.07378190255220418	0.6700696055684455	0.00788863109048724	0.005568445475638051	0.8622754491017964	0.7020413549348749	4.467065868263473	1.7830459770114941	0.004741106609048724	4.160550169312169e-05	0.0020026865307119306	2.008816705336427	33.06586826347306	2.191125123377074	3.194990088304199	2.0620855937311635	0.3025522041763341	0.6906857976653841	0.6380048040449863	0.7804158253608552	0.13921113689095127	0.8864225091530273	1922	945	167
10-46_de_amateur	de	12.904191616766466	2.1494199535962877	14.80579018297512	11.810409144587856	0.31647331786542926	0.07378190255220418	0.6700696055684455	0.00788863109048724	0.005568445475638051	0.8622754491017964	0.7020413549348749	4.467065868263473	1.7830459770114941	0.004741106609048724	4.160550169312169e-05	0.0020026865307119306	2.008816705336427	33.06586826347306	2.191125123377074	3.194990088304199	2.0620855937311635	0.3025522041763341	0.6906857976653841	0.6380048040449863	0.7804158253608552	0.13921113689095127	0.8864225091530273	1922	945	167
10-5_de_amateur	de	10.412587412587413	1.8717259905977166	10.55727577996215	10.58973881283257	0.34721289456010745	0.07588985896574882	0.6883814640698456	0.008059100067159167	0.006715916722632639	0.8251748251748252	0.7411744450974476	3.9523809523809526	1.734375	0.004855398478643385	3.3331920253164555e-05	0.0027435234271180144	1.972464741437206	25.58503401360544	2.0894835789006767	3.124770160231153	2.138909634055265	0.33781061114842176	0.670467625899282	0.6783593100529015	0.7803575600638953	0.11887172599059771	0.893495147863744	1300	632	147
10-57_de_amateur	de	13.81132075471698	1.9153005464480874	12.396961542427054	10.927408567893597	0.34153005464480873	0.06693989071038252	0.6489071038251366	0.006830601092896175	0.01092896174863388	0.9811320754716981	0.7007514017248698	4.703703703703703	1.8493723849372385	0.005567956671857923	2.6701470671378094e-05	0.005009107468123861	0.6830601092896175	34.907407407407405	2.1064718114648873	3.11789697291556	2.087378640776699	0.4057377049180328	0.6315639810426528	0.7989029183181828	0.8833323728960291	0.12978142076502733	0.9168715650721428	625	283	54
10-63_de_amateur	de	11.773809523809524	2.23154701718908	15.334040517116858	13.02693787856902	0.3538928210313448	0.08695652173913043	0.698685540950455	0.004044489383215369	0.003033367037411527	0.9285714285714286	0.744174686100669	4.235294117647059	1.6948640483383686	0.004484194258139535	2.877562628062361e-05	0.004138111822641651	1.031344792719919	31.83529411764706	2.3419845517997357	3.1712177121771217	2.27471383975026	0.3862487360970677	0.6775056179775302	0.6089773795460492	0.7142832764917685	0.1263902932254803	0.9014755040434546	858	449	85
10-65_de_amateur	de	16.1796875	2.042491549975857	14.821478414715113	12.532923614799614	0.3408981168517624	0.08739739256397876	0.6982134234669242	0.0028971511347175277	0.0028971511347175277	0.953125	0.7178517327367221	5.3984375	1.6950354609929077	0.0048751293399324	3.8309334555555556e-05	0.0019020427014884637	2.5060357315306616	42.828125	2.333397625497489	3.1270275195917625	2.069842988630211	0.33848382423949785	0.6954107505071128	0.6961536699837169	0.7573515072165224	0.12795750845002415	0.9013335307354065	1807	900	128
10-66_de_amateur	de	9.105263157894736	2.0	11.56105263157895	10.10959653179191	0.3872832369942196	0.04046242774566474	0.7225433526011561	0.005780346820809248	0.0	0.8947368421052632	0.6907432402541098	3.5238095238095237	1.5970149253731343	0.004990349427745665	2.6559841333333335e-05	0.01669877970456005	0.1791907514450867	22.714285714285715	2.5075828107354887	3.0352697095435683	2.1861702127659575	0.5953757225433526	0.6390540540540539	-1	-1	0.10982658959537572	0.9323364847525009	152	75	21
10-68_de_amateur	de	9.958333333333334	2.0251046025104604	12.189984309623433	10.811581450488145	0.35564853556485354	0.0502092050209205	0.7196652719665272	0.0	0.008368200836820083	0.9166666666666666	0.736048247562759	3.5416666666666665	1.646341463414634	0.005311845422594142	5.06604462264151e-05	0.010808926080892609	0.09205020920502092	23.333333333333332	2.032075926636517	3.303886925795053	2.12	0.5899581589958159	0.6754285714285706	-1	-1	0.12552301255230125	0.9600933397267206	216	106	24
10-69_de_amateur	de	11.447761194029852	2.076923076923077	13.38231917336395	12.41958718402771	0.36766623207301175	0.07431551499348109	0.7183833116036505	0.00651890482398957	0.01564537157757497	0.9253731343283582	0.7150381470069058	3.8656716417910446	1.746031746031746	0.0046778883324641455	3.915698760806916e-05	0.0058049295337430935	0.7431551499348109	29.402985074626866	2.170467558497869	3.123799898938858	2.127371273712737	0.41590612777053454	0.6729191616766457	1.0031375222147267	0.9858597021340906	0.1421121251629726	0.9005925225973153	660	347	67
10-7_de_amateur	de	8.207142857142857	1.8320278503046128	9.228714347880146	9.858235156036304	0.3237597911227154	0.06527415143603134	0.6675369886858138	0.0026109660574412533	0.014795474325500435	0.7142857142857143	0.7315267121096969	3.307142857142857	1.7153846153846153	0.004900996233420366	3.548142798353909e-05	0.004204097889100322	1.1888598781549173	20.15714285714286	2.2934344472523485	3.130873651235642	2.060935799782372	0.31418624891209745	0.6190000000000004	0.614827325278386	0.7148310238320179	0.12967798085291557	0.8726124561434744	1022	486	140
10-70_de_amateur	de	14.6875	1.9617021276595745	13.286210106382985	10.960920212765958	0.3148936170212766	0.06808510638297872	0.6723404255319149	0.0	0.01276595744680851	0.9375	0.7165284362641343	5.375	1.9104477611940298	0.004863088220425532	5.001132212389381e-05	0.012765957446808512	0.15319148936170213	33.1875	1.8978972988836622	3.3233082706766917	1.9609375	0.548936170212766	0.657426470588235	-1	-1	0.1276595744680851	0.9269446050794855	220	113	16
10-71_de_amateur	de	10.424242424242424	1.816860465116279	9.91440803382664	9.928330620155041	0.3178294573643411	0.08333333333333333	0.7073643410852714	0.03294573643410853	0.006782945736434108	0.797979797979798	0.7074848151438595	3.87	1.685459940652819	0.004510556649903101	4.0845230917874394e-05	0.00401952339936836	1.0329457364341086	26.87	2.275999538784868	3.056358917315536	2.126457399103139	0.3536821705426357	0.6724544480171467	0.6953559483797994	0.7096000423166641	0.1298449612403101	0.890490435454449	869	414	100
10-72_de_amateur	de	10.794117647058824	1.9427792915531334	11.54450152267992	9.892119794838916	0.329700272479564	0.07901907356948229	0.7356948228882834	0.02997275204359673	0.008174386920980926	0.9411764705882353	0.7470955416142583	4.205882352941177	1.8275862068965518	0.004697181589645777	5.357644023668639e-05	0.008050532573693337	0.34877384196185285	26.441176470588236	2.1709229735222366	3.131868131868132	2.0145454545454546	0.47956403269754766	0.6679850746268651	-1	-1	0.1444141689373297	0.9145108203758159	329	169	34
10-78_de_amateur	de	8.076923076923077	1.7936507936507937	8.725079365079367	9.622636141636143	0.4095238095238095	0.0380952380952381	0.6698412698412698	0.006349206349206349	0.0	0.8205128205128205	0.7181225894848189	3.4615384615384617	1.5934959349593496	0.004234712004761904	3.2545375939849625e-05	0.011186696900982614	0.4984126984126984	21.794871794871796	2.1317237239465747	2.922543352601156	2.0536193029490617	0.5015873015873016	0.6839814814814822	-1	-1	0.12380952380952381	0.917856016419898	262	133	39
10-8_de_amateur	de	9.435374149659864	1.8457101658255226	9.869175875108514	10.853142503028609	0.35400144196106703	0.07714491708723864	0.6733958183129055	0.004325883201153569	0.004325883201153569	0.8367346938775511	0.7222558141918934	3.9591836734693877	1.638	0.004968475313914924	3.3427136006546645e-05	0.0033388265183506714	2.0814708002883924	23.714285714285715	2.2343580317915275	3.099236641221374	2.032178217821782	0.3020908435472242	0.6392313664596255	0.5730954709652908	0.6981710250397596	0.10165825522710886	0.864394954553521	1209	611	147
10-82_de_amateur	de	13.470588235294118	1.8449781659388647	11.43427176984331	10.463417724120216	0.3034934497816594	0.039301310043668124	0.6441048034934498	0.002183406113537118	0.013100436681222707	0.9705882352941176	0.7230958662697102	4.416666666666667	1.8472222222222223	0.005470942604803493	3.3025180379746834e-05	0.007018091079226451	0.5917030567685589	31.916666666666668	2.1216208050283907	3.1335646140503037	2.1575492341356672	0.4126637554585153	0.6480501392757654	-1	-1	0.16375545851528384	0.8995143522032297	395	158	36
10-84_de_amateur	de	10.848484848484848	1.824022346368715	10.164372778059931	9.706408566108008	0.2905027932960894	0.0446927374301676	0.6340782122905028	0.013966480446927373	0.008379888268156424	0.9090909090909091	0.6965616840491698	3.8823529411764706	1.763157894736842	0.00481269984273743	3.9354964429530204e-05	0.008865678892397377	0.5698324022346368	23.176470588235293	1.8964981748645717	3.311949685534591	2.008771929824561	0.4441340782122905	0.6535907335907335	-1	-1	0.13966480446927373	0.8992521892139006	323	149	34
10-85_de_amateur	de	9.137931034482758	1.8226415094339623	9.480962914769034	11.452371502927782	0.33962264150943394	0.045283018867924525	0.6415094339622641	0.0	0.0037735849056603774	0.8620689655172413	0.7681578133645802	3.2758620689655173	1.6956521739130435	0.0047534003392452825	2.8046152884615387e-05	0.012772133526850507	0.1471698113207547	26.344827586206897	2.6395207456940137	2.9220779220779223	2.0	0.5433962264150943	0.6684939759036146	-1	-1	0.15471698113207547	0.9514359802516897	224	104	29
10-86_de_amateur	de	13.616	1.8760282021151586	11.857372784958873	11.187071110693303	0.3254994124559342	0.06404230317273796	0.6568742655699178	0.006462984723854289	0.00763807285546416	0.944	0.6984364261868579	4.412698412698413	1.7823741007194245	0.005065726995123384	2.9455186127167632e-05	0.002434111129763304	1.671562867215041	34.32539682539682	2.135678023637282	3.076727524844003	2.006949270326616	0.3425381903642773	0.6865502183406119	0.752904061743218	0.854060120260588	0.14571092831962398	0.9067224108119916	1486	692	126
10-87_de_amateur	de	13.59375	1.9310344827586208	12.497769396551725	11.55007040229885	0.32413793103448274	0.07241379310344828	0.639080459770115	0.004597701149425287	0.010344827586206896	0.953125	0.68588927431038	4.921875	1.7123287671232876	0.005557525906321839	2.9694982749326145e-05	0.004459770114942529	1.110344827586207	32.71875	2.0415333101903417	3.1900905192949023	2.0527156549520766	0.3528735632183908	0.6388067444876789	0.9112726690110845	0.8615710158563077	0.12758620689655173	0.88689061269959	776	371	64
10-88_de_amateur	de	9.5	1.8721804511278195	10.20672932330827	10.402071679197997	0.3659147869674185	0.047619047619047616	0.6416040100250626	0.010025062656641603	0.002506265664160401	0.8333333333333334	0.722949437533106	3.7857142857142856	1.6598639455782314	0.005162869314285714	3.0015478064516132e-05	0.007357102433503113	0.8796992481203008	26.523809523809526	2.3404030341234607	2.9393398751115076	2.020785219399538	0.46115288220551376	0.6692666666666658	-1	-1	0.12781954887218044	0.9090979587045557	336	155	42
10-89_de_amateur	de	14.946666666666667	1.912578055307761	12.807621052631582	11.421370802259888	0.3024085637823372	0.04817127564674398	0.6378233719892953	0.008028545941123996	0.003568242640499554	0.9066666666666666	0.6726124167262524	5.226666666666667	1.7534626038781163	0.005241727716092774	3.531304402515723e-05	0.003450423308030229	0.7493309545049064	37.026666666666664	2.138572802453308	3.1245052177042103	1.991025641025641	0.3871543264942016	0.6613992172211342	0.7373312866493149	0.8668025422395809	0.16146297948260482	0.9142017986759565	1011	477	75
10-9_de_amateur	de	10.191709844559586	1.913065582104728	10.958940708214033	11.397737160031715	0.33807829181494664	0.09303507880020336	0.7086934417895272	0.005592272496187087	0.005083884087442806	0.7927461139896373	0.75040097176091	3.761658031088083	1.7372372372372373	0.004487641707219115	5.3890554070473876e-05	0.002081350835799234	2.673614641586172	27.33160621761658	2.472321831963254	3.027163731734732	2.028001898433792	0.31113370615149977	0.6800588865096486	0.6843591845976568	0.7863073210607743	0.11184544992374174	0.884095474214623	1671	823	193
10-90_de_amateur	de	15.96103896103896	1.8502847843775427	12.4681656504602	10.858950156922004	0.31651749389747763	0.06590724165988608	0.6802278275020341	0.010577705451586655	0.008950366151342554	0.948051948051948	0.7215932793042301	5.571428571428571	1.7665847665847665	0.00484018623932384	4.870225107632094e-05	0.0030976546329207883	0.7664768104149715	38.97402597402598	2.0019968676826267	3.158	2.0182555780933065	0.38974776240846215	0.6949380530973412	0.7440018964365467	0.8652585770540566	0.14646053702196907	0.9129882468394116	1094	511	77
10-91_de_amateur	de	11.191489361702128	1.9980988593155893	12.352247390987785	11.61159724941348	0.32129277566539927	0.0779467680608365	0.6615969581749049	0.0019011406844106464	0.0076045627376425855	0.7659574468085106	0.7450595328584457	3.702127659574468	1.7882352941176471	0.004600289096007604	3.0297418775510205e-05	0.005647506150749273	0.629277566539924	27.340425531914892	2.126411860063535	3.1568778979907264	2.0213414634146343	0.4524714828897338	0.6819672131147535	-1	0.8249899339343146	0.13307984790874525	0.9236803964672128	482	245	47
10-92_de_amateur	de	15.482758620689655	1.9086859688195992	12.970770294140237	11.474035119492289	0.30815954646689614	0.07228183842883175	0.667948977525815	0.01376796922453938	0.009313626240129581	0.8996865203761756	0.6902442852525905	5.021943573667712	1.8520208604954367	0.005082308237594655	4.022040268031189e-05	0.001109425400849265	3.153472362826483	38.0564263322884	2.1433276996101016	3.1755367278111377	2.0621247716001045	0.23263818586758453	0.6804917355371803	0.6690674967515411	0.7380892965852549	0.14314638590807857	0.8723269896428456	4363	2052	319
10-94_de_amateur	de	16.13888888888889	1.874354561101549	12.821550487664947	10.673232893478676	0.31153184165232356	0.043029259896729774	0.6609294320137694	0.0051635111876075735	0.0068846815834767644	0.9166666666666666	0.7235592751340089	5.0	1.7142857142857142	0.00566126626960241	2.9848191489361703e-05	0.006196213425129088	0.49225473321858865	38.611111111111114	2.071863650243783	3.169054441260745	2.0747422680412373	0.4010327022375215	0.6676348547717835	0.7937071814465777	0.801622381660073	0.14285714285714285	0.9064350906414793	525	235	36
10-95_de_amateur	de	12.721311475409836	1.8943298969072164	11.72440425891499	10.321255856008115	0.30927835051546393	0.05283505154639175	0.6804123711340206	0.014175257731958763	0.00902061855670103	0.8688524590163934	0.7279230682827826	4.475409836065574	1.6963562753036436	0.00493095212693299	3.428922857142857e-05	0.004651747548403319	0.5515463917525774	31.0	1.9810486637473643	3.1425554382259766	1.9808429118773947	0.4265463917525773	0.6848892171344177	0.7442273330857626	0.9265435475599729	0.14948453608247422	0.9175582059420505	704	336	61
10-96_de_amateur	de	14.571428571428571	1.5735294117647058	8.660504201680677	8.96467619047619	0.28921568627450983	0.05392156862745098	0.6225490196078431	0.004901960784313725	0.0	1.0	0.7110539885279212	4.714285714285714	1.7457627118644068	0.005131172328431372	6.971883544303796e-05	0.013305322128851542	0.10294117647058823	35.857142857142854	2.1168878506084425	2.9800399201596806	1.8781725888324874	0.5980392156862745	0.6886666666666661	-1	-1	0.17647058823529413	0.9755648816439303	179	79	14
10-98_de_amateur	de	13.375	1.7906542056074766	10.755969626168227	9.492832710280375	0.30654205607476637	0.03925233644859813	0.680373831775701	0.0	0.007476635514018692	0.975	0.6845229396817768	4.65	1.727810650887574	0.005323410832149533	4.692444636363637e-05	0.005245703949351825	0.5196261682242991	31.0	1.8971255450694582	3.2112449799196785	2.0735694822888284	0.4280373831775701	0.6524311926605508	-1	0.8699384745211736	0.17757009345794392	0.923980489731569	485	220	40
11-10_de_amateur	de	14.115183246073299	1.9818249258160237	13.300455590597668	12.089387273758295	0.31528189910979226	0.06491097922848665	0.7025222551928784	0.002225519287833828	0.006305637982195846	0.9109947643979057	0.7313563918337311	4.510309278350515	1.60989010989011	0.004438706386683976	5.043708664874552e-05	0.0023212405475256056	0.8742581602373887	34.72164948453608	2.2889467861260204	3.199554896142433	1.9876760563380282	0.28560830860534125	0.6513669618790967	0.6670833978699443	0.8130031922560134	0.14614243323442136	0.8875675883599041	2352	1116	194
11-12_de_amateur	de	11.344262295081966	1.8641618497109826	10.831372121671563	12.61043117596892	0.3684971098265896	0.08670520231213873	0.7196531791907514	0.008670520231213872	0.005780346820809248	0.9016393442622951	0.7546968617243822	4.327868852459017	1.6215139442231075	0.00469337494234104	6.570514417808219e-05	0.004511490201607219	0.703757225433526	30.75409836065574	2.373493861044407	3.078025477707006	2.011764705882353	0.4869942196531792	0.7069308600337255	0.9517699274716167	0.9064964509138532	0.13728323699421965	0.9368241391267021	571	292	61
11-14_de_amateur	de	11.344262295081966	1.8641618497109826	10.831372121671563	12.61043117596892	0.3684971098265896	0.08670520231213873	0.7196531791907514	0.008670520231213872	0.005780346820809248	0.9016393442622951	0.7546968617243822	4.327868852459017	1.6215139442231075	0.00469337494234104	6.570514417808219e-05	0.004511490201607219	0.703757225433526	30.75409836065574	2.373493861044407	3.078025477707006	2.011764705882353	0.4869942196531792	0.7069308600337255	0.9517699274716167	0.9064964509138532	0.13728323699421965	0.9368241391267021	571	292	61
11-15_de_amateur	de	11.344262295081966	1.8641618497109826	10.831372121671563	12.61043117596892	0.3684971098265896	0.08670520231213873	0.7196531791907514	0.008670520231213872	0.005780346820809248	0.9016393442622951	0.7546968617243822	4.327868852459017	1.6215139442231075	0.00469337494234104	6.570514417808219e-05	0.004511490201607219	0.703757225433526	30.75409836065574	2.373493861044407	3.078025477707006	2.011764705882353	0.4869942196531792	0.7069308600337255	0.9517699274716167	0.9064964509138532	0.13728323699421965	0.9368241391267021	571	292	61
11-16_de_amateur	de	11.344262295081966	1.8641618497109826	10.831372121671563	12.61043117596892	0.3684971098265896	0.08670520231213873	0.7196531791907514	0.008670520231213872	0.005780346820809248	0.9016393442622951	0.7546968617243822	4.327868852459017	1.6215139442231075	0.00469337494234104	6.570514417808219e-05	0.004511490201607219	0.703757225433526	30.75409836065574	2.373493861044407	3.078025477707006	2.011764705882353	0.4869942196531792	0.7069308600337255	0.9517699274716167	0.9064964509138532	0.13728323699421965	0.9368241391267021	571	292	61
11-17_de_amateur	de	11.344262295081966	1.8641618497109826	10.831372121671563	12.61043117596892	0.3684971098265896	0.08670520231213873	0.7196531791907514	0.008670520231213872	0.005780346820809248	0.9016393442622951	0.7546968617243822	4.327868852459017	1.6215139442231075	0.00469337494234104	6.570514417808219e-05	0.004511490201607219	0.703757225433526	30.75409836065574	2.373493861044407	3.078025477707006	2.011764705882353	0.4869942196531792	0.7069308600337255	0.9517699274716167	0.9064964509138532	0.13728323699421965	0.9368241391267021	571	292	61
11-19_de_amateur	de	11.838709677419354	2.0790190735694822	13.55952184231344	14.047674764876508	0.32697547683923706	0.11716621253405994	0.7329700272479565	0.0	0.005449591280653951	0.7741935483870968	0.6762554763603358	3.967741935483871	1.7542372881355932	0.0037595099378746593	6.383074060606061e-05	0.00831779721784024	0.33242506811989103	32.58064516129032	2.359873097913676	3.254670599803343	2.138539042821159	0.5258855585831063	0.7146641791044775	-1	-1	0.12806539509536785	0.915174057057095	304	165	31
11-20_de_amateur	de	11.4	1.943859649122807	11.793543859649127	12.43167649122807	0.3824561403508772	0.09824561403508772	0.7192982456140351	0.0	0.0	0.88	0.7184017374134807	3.88	1.6168224299065421	0.005241084585964912	7.619528888888888e-05	0.010526315789473684	0.3157894736842105	30.48	2.2620408360645756	3.0801033591731266	2.0099337748344372	0.5473684210526316	0.6747849462365588	-1	-1	0.08070175438596491	0.9401875857078189	239	117	25
11-22_de_amateur	de	16.40909090909091	1.8476454293628808	12.61176152102745	11.316425484764544	0.31994459833795014	0.07894736842105263	0.7313019390581718	0.019390581717451522	0.006925207756232687	0.9318181818181818	0.7739814649803036	4.886363636363637	1.8028169014084507	0.004293669314127424	0.00010818809668874173	0.004261666311527808	0.4362880886426593	38.02272727272727	1.9145030422672475	3.3128358208955224	1.9863842662632376	0.4584487534626039	0.6922632423756017	1.076073566781105	1.0289924866667928	0.1260387811634349	0.9242942153311872	616	302	44
11-23_de_amateur	de	14.241379310344827	1.765133171912833	10.792709359605912	10.506497603740504	0.2711864406779661	0.06779661016949153	0.7530266343825666	0.007263922518159807	0.043583535108958835	0.9655172413793104	0.7604209667753118	4.551724137931035	1.6916666666666667	0.004070151490556901	9.216326025641026e-05	0.006860371267150929	0.2711864406779661	35.58620689655172	2.1116671985696955	3.2584704743465633	2.1523809523809523	0.5230024213075061	0.7139490445859874	-1	-1	0.15980629539951574	0.9480451988946135	349	156	29
11-24_de_amateur	de	18.77777777777778	1.9230769230769231	14.425641025641028	12.093184878369494	0.3116370808678501	0.08086785009861933	0.7021696252465484	0.013806706114398421	0.023668639053254437	1.0	0.7467130149435961	4.962962962962963	1.79375	0.004817338068836292	5.947810878048781e-05	0.006058044519582982	0.5739644970414202	44.0	2.1334355567231817	3.389075630252101	1.9626168224299065	0.49506903353057197	0.7087009803921555	-1	0.9564617646468325	0.1341222879684418	0.9349472877047127	438	205	27
11-25_de_amateur	de	15.261538461538462	1.8175403225806452	11.808975806451617	10.728896569478911	0.29939516129032256	0.07459677419354839	0.688508064516129	0.005040322580645161	0.011088709677419355	0.9384615384615385	0.7614848444411537	4.723076923076923	1.7129032258064516	0.004852712602923387	9.225530730478588e-05	0.0032762096774193545	0.6915322580645161	34.30769230769231	2.0595215933400133	3.345895020188425	1.8913907284768212	0.41330645161290325	0.6881298992161293	0.8300400024187716	0.9033376740305978	0.13608870967741934	0.9355751292116794	875	397	65
11-26_de_amateur	de	14.705882352941176	1.692	10.11089411764706	11.637063529411765	0.326	0.058	0.706	0.002	0.008	1.0	0.7164059820175159	5.117647058823529	1.5804597701149425	0.004882486623	5.6305992857142866e-05	0.0064	0.434	38.794117647058826	2.207547878939385	3.060030395136778	1.9769357495881383	0.474	0.6660099750623428	-1	-1	0.126	0.9353436194736682	404	182	34
11-27_de_amateur	de	14.708860759493671	1.8528399311531842	12.009966883810108	12.322738042223142	0.32013769363166955	0.10068846815834767	0.7263339070567987	0.006024096385542169	0.011187607573149742	0.9240506329113924	0.7479027296430738	5.227848101265823	1.710455764075067	0.0044691746351118765	7.97398662601626e-05	0.0034423407917383822	0.9432013769363167	36.41772151898734	2.5315816548081584	3.2584465343086033	2.0036003600360037	0.38209982788296043	0.7008936970837255	0.681952871956514	0.8158686562304324	0.12736660929432014	0.9119155584464715	974	492	79
11-29_de_amateur	de	14.771084337349398	1.9518760195758564	13.20285992256137	11.603558906425048	0.3572593800978793	0.06851549755301795	0.6696574225122349	0.004078303425774877	0.0032626427406199023	0.8795180722891566	0.7220183185151876	4.929411764705883	1.7709923664122138	0.00447699615	5.040522476370511e-05	0.0029255029907558454	1.3809135399673735	33.917647058823526	2.0417134100500753	3.362660200900589	2.0644511581067473	0.3719412724306688	0.6739751552795051	0.6670161337880612	0.775369126851584	0.13132137030995106	0.9095507887846611	1071	529	85
11-30_de_amateur	de	14.88888888888889	1.9601990049751243	13.347014925373134	11.647481923714762	0.3358208955223881	0.06965174129353234	0.6965174129353234	0.014925373134328358	0.0024875621890547263	1.0	0.6820358689397448	4.7407407407407405	1.744360902255639	0.0048199833953848255	5.020750643274854e-05	0.006597447544884273	0.44527363184079605	37.55555555555556	2.2437727673068744	3.2352362204724407	2.005524861878453	0.5	0.6965346534653449	-1	-1	0.12935323383084577	0.9327313024072738	341	171	27
11-31_de_amateur	de	8.176470588235293	2.237410071942446	14.000262378332629	12.575055522640712	0.4316546762589928	0.07194244604316546	0.6618705035971223	0.0	0.007194244604316547	1.0	0.7379931139122315	3.823529411764706	1.62	0.004990444497841727	4.550919701492538e-05	0.017985611510791366	0.02877697841726619	21.41176470588235	2.1481840747730385	3.3252032520325203	2.167883211678832	0.6906474820143885	0.72575	-1	-1	0.08633093525179857	0.9776871310913463	118	67	17
11-33_de_amateur	de	10.975369458128078	1.8393177737881508	10.394343819370132	11.279947123488782	0.31687612208258525	0.05565529622980251	0.6844703770197487	0.002244165170556553	0.002244165170556553	0.8669950738916257	0.6987250037173428	4.206896551724138	1.7018030513176143	0.00504702951521544	4.959479354120267e-05	0.0022298407120210856	1.2868043087971275	27.251231527093594	2.0910909920438034	3.192972972972973	2.0891043397968607	0.33078994614003593	0.6723109441052187	0.719923489764054	0.8486907406968393	0.15798922800718132	0.9051035536164322	1899	898	203
11-34_de_amateur	de	14.771084337349398	1.9518760195758564	13.20285992256137	11.603558906425048	0.3572593800978793	0.06851549755301795	0.6696574225122349	0.004078303425774877	0.0032626427406199023	0.8795180722891566	0.7220183185151876	4.929411764705883	1.7709923664122138	0.00447699615	5.040522476370511e-05	0.0029255029907558454	1.3809135399673735	33.917647058823526	2.0417134100500753	3.362660200900589	2.0644511581067473	0.3719412724306688	0.6739751552795051	0.6670161337880612	0.775369126851584	0.13132137030995106	0.9095507887846611	1071	529	85
11-35_de_amateur	de	12.626086956521739	1.9944903581267217	12.869160138938796	12.837893033896275	0.34228650137741046	0.06680440771349862	0.7238292011019284	0.0	0.004132231404958678	0.9043478260869565	0.7433635655361851	4.739130434782608	1.557729941291585	0.004549309773622589	5.951336231884058e-05	0.0026482356027810574	1.4579889807162534	32.81739130434783	2.334821927866495	3.209271523178808	2.0134680134680134	0.35055096418732784	0.681884700665188	0.684920756743655	0.7954532780933646	0.1584022038567493	0.9016940009123461	1225	621	115
11-39_de_amateur	de	14.633587786259541	1.815075639019301	11.534991777068978	11.11829039012133	0.33202921231090243	0.06624934793948878	0.7128325508607198	0.002347417840375587	0.004694835680751174	0.9083969465648855	0.725058287279341	4.8106060606060606	1.6407232704402517	0.004468107433255086	5.833240057729314e-05	0.001139715244247652	3.773604590505999	36.36363636363637	2.216055939837556	3.191606789544934	2.030726954783912	0.2908189880020866	0.7098313253012063	0.755631697408987	0.8382823714263293	0.15179968701095461	0.902271355508283	3216	1559	264
11-40_de_amateur	de	14.633587786259541	1.815075639019301	11.534991777068978	11.11829039012133	0.33202921231090243	0.06624934793948878	0.7128325508607198	0.002347417840375587	0.004694835680751174	0.9083969465648855	0.725058287279341	4.8106060606060606	1.6407232704402517	0.004468107433255086	5.833240057729314e-05	0.001139715244247652	3.773604590505999	36.36363636363637	2.216055939837556	3.191606789544934	2.030726954783912	0.2908189880020866	0.7098313253012063	0.755631697408987	0.8382823714263293	0.15179968701095461	0.902271355508283	3216	1559	264
11-41_de_amateur	de	14.633587786259541	1.815075639019301	11.534991777068978	11.11829039012133	0.33202921231090243	0.06624934793948878	0.7128325508607198	0.002347417840375587	0.004694835680751174	0.9083969465648855	0.725058287279341	4.8106060606060606	1.6407232704402517	0.004468107433255086	5.833240057729314e-05	0.001139715244247652	3.773604590505999	36.36363636363637	2.216055939837556	3.191606789544934	2.030726954783912	0.2908189880020866	0.7098313253012063	0.755631697408987	0.8382823714263293	0.15179968701095461	0.902271355508283	3216	1559	264
11-42_de_amateur	de	14.633587786259541	1.815075639019301	11.534991777068978	11.11829039012133	0.33202921231090243	0.06624934793948878	0.7128325508607198	0.002347417840375587	0.004694835680751174	0.9083969465648855	0.725058287279341	4.8106060606060606	1.6407232704402517	0.004468107433255086	5.833240057729314e-05	0.001139715244247652	3.773604590505999	36.36363636363637	2.216055939837556	3.191606789544934	2.030726954783912	0.2908189880020866	0.7098313253012063	0.755631697408987	0.8382823714263293	0.15179968701095461	0.902271355508283	3216	1559	264
11-7_de_amateur	de	14.115183246073299	1.9818249258160237	13.300455590597668	12.089387273758295	0.31528189910979226	0.06491097922848665	0.7025222551928784	0.002225519287833828	0.006305637982195846	0.9109947643979057	0.7313563918337311	4.510309278350515	1.60989010989011	0.004438706386683976	5.043708664874552e-05	0.0023212405475256056	0.8742581602373887	34.72164948453608	2.2889467861260204	3.199554896142433	1.9876760563380282	0.28560830860534125	0.6513669618790967	0.6670833978699443	0.8130031922560134	0.14614243323442136	0.8875675883599041	2352	1116	194
11-8_de_amateur	de	14.115183246073299	1.9818249258160237	13.300455590597668	12.089387273758295	0.31528189910979226	0.06491097922848665	0.7025222551928784	0.002225519287833828	0.006305637982195846	0.9109947643979057	0.7313563918337311	4.510309278350515	1.60989010989011	0.004438706386683976	5.043708664874552e-05	0.0023212405475256056	0.8742581602373887	34.72164948453608	2.2889467861260204	3.199554896142433	1.9876760563380282	0.28560830860534125	0.6513669618790967	0.6670833978699443	0.8130031922560134	0.14614243323442136	0.8875675883599041	2352	1116	194
11-9_de_amateur	de	14.115183246073299	1.9818249258160237	13.300455590597668	12.089387273758295	0.31528189910979226	0.06491097922848665	0.7025222551928784	0.002225519287833828	0.006305637982195846	0.9109947643979057	0.7313563918337311	4.510309278350515	1.60989010989011	0.004438706386683976	5.043708664874552e-05	0.0023212405475256056	0.8742581602373887	34.72164948453608	2.2889467861260204	3.199554896142433	1.9876760563380282	0.28560830860534125	0.6513669618790967	0.6670833978699443	0.8130031922560134	0.14614243323442136	0.8875675883599041	2352	1116	194
12-1_de_amateur	de	9.35048231511254	1.9759284731774416	11.372644086387702	11.067523751752566	0.35660247592847316	0.07668500687757909	0.7056396148555708	0.0020632737276478678	0.008253094910591471	0.7942122186495176	0.7397408120158081	3.7753164556962027	1.6395793499043978	0.004284967989580468	3.775485038109756e-05	0.0017370295912249145	3.2465612104539203	24.664556962025316	2.292018016485554	3.108108108108108	2.0986247544204324	0.2671939477303989	0.6728551085795829	0.6226863540470188	0.687340880844685	0.12070151306740028	0.8721581120239369	2589	1312	316
12-10_de_amateur	de	10.090342679127726	1.855202222908305	10.236619875177812	11.212102208577509	0.3581352269218895	0.08027168879283729	0.7057733868477926	0.0033961099104661933	0.009570855202222908	0.7165109034267912	0.6966579951589642	3.7400611620795106	1.641025641025641	0.004745262588638469	3.777706616954474e-05	0.0014545662878004222	4.594936708860759	27.333333333333332	2.244627881856574	2.9780692087282343	2.0647407789527987	0.25594319234331586	0.668834394904465	0.5902309336241024	0.676802375374269	0.12596480395183698	0.8796907313836039	2676	1274	327
12-101_de_amateur	de	14.891891891891891	1.7549909255898366	10.926730759797909	10.309243743562075	0.2849364791288566	0.041742286751361164	0.6079854809437386	0.0	0.009074410163339383	0.9459459459459459	0.7152971057644381	4.702702702702703	1.7861635220125787	0.005474926519419237	5.079446666666666e-05	0.005868118572292801	0.47368421052631576	37.91891891891892	2.3211536543652365	3.1435678749111586	2.032319391634981	0.4246823956442831	0.6455309734513274	-1	0.7120271723477847	0.18330308529945555	0.9138215027090324	475	204	37
12-102_de_amateur	de	12.628865979381443	1.923265306122449	12.029788344203663	10.574693330528087	0.3093877551020408	0.044897959183673466	0.6506122448979592	0.006530612244897959	0.007346938775510204	0.9381443298969072	0.6798480598713085	4.474226804123711	1.69	0.004961535581469388	5.359511171717172e-05	0.003076923076923077	1.1853061224489796	30.38144329896907	2.0487382688081337	3.291891891891892	2.014242115971516	0.3730612244897959	0.6801420959147471	0.7074148570512756	0.8926450006983618	0.15755102040816327	0.912149170389316	1087	495	97
12-103_de_amateur	de	11.847058823529412	1.9781529294935452	12.372557509200306	11.528529327647643	0.3286991062562066	0.07149950347567031	0.6285998013902682	0.003972194637537239	0.00893743793445879	0.9882352941176471	0.6721151507326344	4.235294117647059	1.8303030303030303	0.004709599070307845	5.5124349299065423e-05	0.004270109235352532	0.9960278053624627	30.176470588235293	2.2237249703427464	3.2261951029926155	2.054658385093168	0.36047666335650447	0.6534801762114545	0.6021382861253439	0.7639823658907317	0.14299900695134063	0.8832727047666806	893	428	85
12-105_de_amateur	de	11.941176470588236	1.9322660098522169	11.867797739785573	11.434778991596641	0.312807881773399	0.07142857142857142	0.6613300492610837	0.014778325123152709	0.009852216748768473	0.8823529411764706	0.6825238334923652	4.144927536231884	1.8171206225680934	0.004614278291009852	5.276289467455621e-05	0.005795421616922631	0.5369458128078818	31.695652173913043	2.300087509907603	3.091530054644809	1.9987389659520807	0.39285714285714285	0.6833520336605913	0.8759036124280429	0.8010137927301318	0.15024630541871922	0.8964991722163471	690	338	69
12-106_de_amateur	de	14.95	1.9096989966555185	12.774948160535121	10.640559732441472	0.27759197324414714	0.06020066889632107	0.6454849498327759	0.006688963210702341	0.013377926421404682	0.95	0.6573919127769833	4.15	1.8043478260869565	0.004951603190301003	4.808911333333333e-05	0.01282051282051282	0.18394648829431437	37.8	2.1803475680830218	3.1809775429326286	1.8940677966101696	0.4983277591973244	0.6892499999999994	-1	-1	0.17725752508361203	0.9204651379102906	267	120	20
12-107_de_amateur	de	14.958333333333334	1.8245125348189415	11.772997910863513	11.728094614670383	0.3064066852367688	0.05013927576601671	0.6406685236768802	0.0	0.008356545961002786	1.0	0.7430576264016162	4.458333333333333	1.8482142857142858	0.005945306993593314	6.058825547945206e-05	0.013057103064066853	0.28690807799442897	38.083333333333336	2.1986708007828697	3.127053669222344	1.9634831460674158	0.42896935933147634	0.6128076923076927	-1	-1	0.13370473537604458	0.8937999393552849	304	146	24
12-108_de_amateur	de	13.433333333333334	1.8238213399503722	11.170091811414395	11.099738196856908	0.27791563275434245	0.052109181141439205	0.6674937965260546	0.004962779156327543	0.01488833746898263	0.9666666666666667	0.7067264341913782	4.5	1.68503937007874	0.004830626867493797	4.198971006289308e-05	0.007182969831526708	0.24317617866004962	35.13333333333333	2.2831057662285734	3.184659090909091	2.0574412532637076	0.5136476426799007	0.6943421052631569	-1	-1	0.1761786600496278	0.9360863687826102	352	159	30
12-111_de_amateur	de	14.473684210526315	1.9454545454545455	13.011100478468904	12.018672727272728	0.32727272727272727	0.07636363636363637	0.68	0.0	0.0036363636363636364	1.0	0.6902075378515424	5.157894736842105	1.6881720430107527	0.0052025374749090905	4.6604922727272726e-05	0.011948051948051947	0.23272727272727273	37.26315789473684	2.230298749772434	3.183473389355742	1.9182879377431907	0.5236363636363637	0.6780113636363639	-1	-1	0.10909090909090909	0.9268645941796481	234	110	19
12-112_de_amateur	de	11.017751479289942	1.8807733619763696	10.900048748244242	10.771233568282499	0.3711063372717508	0.07357679914070892	0.6831364124597207	0.01342642320085929	0.0037593984962406013	0.8047337278106509	0.6980814689728915	4.100591715976331	1.7625570776255708	0.004413253740977443	5.249782912621359e-05	0.002190258254331481	1.5542427497314715	28.349112426035504	2.229096055906266	3.1393814432989693	1.9817498658078367	0.3447905477980666	0.6823993193420297	0.8058947079335479	0.9098917316790487	0.09774436090225563	0.8999820315501957	1571	824	169
12-113_de_amateur	de	12.333333333333334	1.6975051975051976	9.250561330561336	10.164794455994455	0.3128898128898129	0.05093555093555094	0.6476091476091476	0.009355509355509356	0.011434511434511435	0.9102564102564102	0.6686603714157813	4.296296296296297	1.8421052631578947	0.005573861626819127	4.4596467816091954e-05	0.0038232495859614507	1.392931392931393	31.37037037037037	2.159271485707606	2.9949079514296906	1.9666666666666666	0.3575883575883576	0.6567091541135541	0.6718312539941492	0.7962686312670179	0.14760914760914762	0.9104053024827844	809	348	81
12-114_de_amateur	de	13.867924528301886	1.8408163265306123	11.540123219098962	10.075336028751122	0.3183673469387755	0.058503401360544216	0.6122448979591837	0.00816326530612245	0.005442176870748299	0.9245283018867925	0.7079939564336678	4.611111111111111	1.8232758620689655	0.00437963424029932	5.5483801145038165e-05	0.005846662989520132	0.7306122448979592	36.48148148148148	2.3053754164076015	3.0025278058645095	1.9893333333333334	0.37142857142857144	0.6303459119496846	0.6213960882192104	0.7190414762228685	0.1510204081632653	0.8861653458757335	631	262	54
12-115_de_amateur	de	14.722222222222221	1.6830188679245284	10.011289308176103	8.60679140461216	0.3141509433962264	0.07264150943396226	0.6141509433962264	0.007547169811320755	0.006603773584905661	0.9722222222222222	0.6590512942364655	4.826666666666667	1.8511904761904763	0.005017807360943396	6.553684346590909e-05	0.004735123367198839	1.0641509433962264	34.946666666666665	2.0920933372123014	3.0384176492963104	2.0	0.29339622641509433	0.6114464099895929	0.7243528396181538	0.8173012414238999	0.1490566037735849	0.8778680518370774	878	352	75
12-116_de_amateur	de	11.710526315789474	1.7348314606741573	9.448116499112952	8.284730337078653	0.28314606741573034	0.051685393258426963	0.6831460674157304	0.0	0.011235955056179775	0.9473684210526315	0.7466009272897819	4.102564102564102	1.7575757575757576	0.00462013401752809	4.902753333333334e-05	0.006902086677367577	0.6247191011235955	24.871794871794872	1.849109370116507	3.3647540983606556	2.1140684410646386	0.4404494382022472	0.669277456647399	-1	-1	0.15056179775280898	0.9035534211756698	407	189	39
12-117_de_amateur	de	13.186666666666667	1.6966632962588473	9.5734268958544	9.575048280417933	0.30738119312436807	0.05156723963599596	0.6481294236602629	0.00910010111223458	0.00910010111223458	0.96	0.6995620042499235	5.052631578947368	1.8585858585858586	0.00513230869140546	6.075087642487047e-05	0.005239452155529001	0.7098078867542973	30.526315789473685	1.940681314245877	3.159519725557461	2.001201923076923	0.32861476238624876	0.6384831460674134	0.6838907144740752	0.7623467562269085	0.1597573306370071	0.8737657468213252	862	386	76
12-119_de_amateur	de	10.038461538461538	1.6551724137931034	7.85603448275862	7.6158445623342175	0.26436781609195403	0.0842911877394636	0.6704980842911877	0.02681992337164751	0.007662835249042145	1.0	0.734988566988567	3.7037037037037037	1.9594594594594594	0.005272585401532567	4.959690285714286e-05	0.01079763148728666	0.1532567049808429	22.444444444444443	1.9656668520359613	3.1858552631578947	1.925	0.5670498084291188	0.7140740740740741	-1	-1	0.13026819923371646	0.9305479665592227	225	105	27
12-12_de_amateur	de	10.876777251184834	1.7507625272331155	9.310940949312851	9.97352308232403	0.3281045751633987	0.058387799564270156	0.6923747276688453	0.005664488017429194	0.00784313725490196	0.8625592417061612	0.7420925720681835	4.018867924528302	1.6961690885072656	0.00487161361490196	4.491428138238573e-05	0.001968046477850399	2.295424836601307	28.537735849056602	2.252205286694409	3.0274420124142436	2.1012404961984794	0.29150326797385623	0.6672267759562874	0.6803383387824291	0.7517906062425164	0.1437908496732026	0.8932188023325712	1944	897	212
12-120_de_amateur	de	12.458333333333334	1.6599777034559644	8.856486900780382	9.342403455964327	0.3255295429208473	0.054626532887402456	0.6443701226309922	0.004459308807134894	0.004459308807134894	0.9166666666666666	0.6596293194264139	4.652777777777778	1.7864406779661017	0.005361733039018952	5.05932253869969e-05	0.004849498327759197	0.5886287625418061	30.916666666666668	2.083437905685203	3.0049085229808123	1.9683060109289618	0.3745819397993311	0.6304511278195489	0.7485559936788355	0.9194972181280998	0.13935340022296544	0.9144205004345304	761	323	72
12-121_de_amateur	de	14.210526315789474	1.55	8.2421052631579	7.912648148148147	0.3277777777777778	0.027777777777777776	0.6111111111111112	0.016666666666666666	0.001851851851851852	0.8947368421052632	0.7086180507203043	4.375	1.9171597633136095	0.00576616463462963	4.478890520833334e-05	0.007671957671957673	0.9592592592592593	33.2	1.8958649788320883	2.9250936329588013	1.852670349907919	0.3296296296296296	0.5922222222222229	-1	-1	0.14444444444444443	0.8701312421201327	459	192	40
12-123_de_amateur	de	15.96875	1.7602739726027397	11.409045376712331	10.250200048923679	0.30430528375733856	0.043052837573385516	0.6536203522504892	0.01761252446183953	0.007827788649706457	0.96875	0.6858992765266715	4.7611940298507465	1.9111842105263157	0.005589041860665362	4.266553226600986e-05	0.004591299111847057	1.1487279843444227	36.850746268656714	2.0108654881913592	3.139450282942603	1.912485414235706	0.3013698630136986	0.6147562296858077	0.6208520115861604	0.767920628571727	0.16046966731898238	0.8589330600661208	890	406	67
12-124_de_amateur	de	13.54	1.9128508124076808	12.262239586410637	10.873910156573116	0.32200886262924666	0.051698670605613	0.6573116691285081	0.0029542097488921715	0.014771048744460856	0.98	0.6619568601756075	5.02	1.7297297297297298	0.005274044102658789	4.199384964539007e-05	0.005099528733206725	1.0073855243722305	33.8	2.0942932006462014	3.1380530973451326	1.9437386569872959	0.3870014771048744	0.6696539792387556	0.5939998218527487	0.9058420015770593	0.16691285081240767	0.8916201309490895	600	282	50
12-125_de_amateur	de	11.414285714285715	1.7321652065081352	9.301120865367427	10.267198233506168	0.29912390488110135	0.04881101376720901	0.7008760951188986	0.0050062578222778474	0.007509386733416771	1.0	0.7320323035522647	4.442857142857143	1.5685483870967742	0.00479118170951189	5.303272549668874e-05	0.005102532011167805	0.7246558197747184	28.642857142857142	2.1486541638195544	3.0754342431761788	2.0025673940949935	0.392991239048811	0.6707285714285731	0.7864281117062766	0.9112500386940158	0.18773466833541927	0.894144248471251	683	302	70
12-126_de_amateur	de	10.35	1.7814009661835748	9.467031400966185	10.204360579710146	0.322463768115942	0.06159420289855073	0.6557971014492754	0.0024154589371980675	0.008454106280193236	0.85	0.705092945145655	4.075	1.8582375478927202	0.005401399955917875	4.185384142394822e-05	0.00455414653784219	0.9070048309178744	26.9625	2.1793652044984477	2.983112733911456	1.935483870967742	0.3538647342995169	0.6454732510288053	0.6508933943734228	0.7819742575937446	0.13647342995169082	0.9008335147839183	706	309	80
12-127_de_amateur	de	10.35	1.7814009661835748	9.467031400966185	10.204360579710146	0.322463768115942	0.06159420289855073	0.6557971014492754	0.0024154589371980675	0.008454106280193236	0.85	0.705092945145655	4.075	1.8582375478927202	0.005401399955917875	4.185384142394822e-05	0.00455414653784219	0.9070048309178744	26.9625	2.1793652044984477	2.983112733911456	1.935483870967742	0.3538647342995169	0.6454732510288053	0.6508933943734228	0.7819742575937446	0.13647342995169082	0.9008335147839183	706	309	80
12-128_de_amateur	de	11.625	1.974910394265233	12.247692652329754	11.241854121863799	0.3213859020310633	0.0955794504181601	0.6738351254480287	0.0011947431302270011	0.009557945041816009	0.8611111111111112	0.7319545364041239	4.138888888888889	1.828358208955224	0.00502232087479092	3.7519440896358544e-05	0.0048043925875085785	1.009557945041816	29.48611111111111	2.1775049580068244	3.1406613879832324	1.9917127071823204	0.3655913978494624	0.6564363143631436	0.6469561328258806	0.7702279819740376	0.12903225806451613	0.8944763029882123	736	357	72
12-129_de_amateur	de	13.23913043478261	1.8177339901477831	11.02252195330906	11.1102082244592	0.30870279146141216	0.04597701149425287	0.5944170771756979	0.003284072249589491	0.006568144499178982	0.9347826086956522	0.7060739921222379	4.565217391304348	1.9672131147540983	0.005818410165681445	4.6691068595041327e-05	0.00722495894909688	0.541871921182266	32.630434782608695	2.198920949388573	3.1453218314532183	1.9328214971209212	0.35139573070607555	0.6126666666666676	0.8529877685038946	0.8419821600722962	0.1592775041050903	0.8767059484826535	535	242	46
12-13_de_amateur	de	14.360902255639099	1.9230366492146598	12.702584340432235	11.515514584891548	0.33141361256544505	0.0774869109947644	0.6858638743455497	0.004712041884816754	0.009947643979057591	0.9473684210526315	0.7014000114024846	4.881481481481481	1.7052469135802468	0.004827855667120419	4.199759683544304e-05	0.0020140559407575117	2.032460732984293	37.474074074074075	2.2633986644107855	3.092629089475759	2.031545741324921	0.31884816753926704	0.6669188293760427	0.771345473895879	0.846777205153181	0.15340314136125655	0.8976216793060214	1641	790	135
12-130_de_amateur	de	8.40677966101695	1.8548387096774193	9.575740841990157	9.707347430289778	0.3326612903225806	0.07459677419354839	0.657258064516129	0.0	0.0020161290322580645	0.8135593220338984	0.6938397972807121	3.3389830508474576	1.7289156626506024	0.005320928341532258	4.0150070588235296e-05	0.006111391129032258	0.655241935483871	21.93220338983051	2.2229543289466744	3.026676829268293	1.9783549783549783	0.4576612903225806	0.684483627204029	-1	0.8020456773345066	0.13911290322580644	0.9237578112984487	434	204	59
12-131_de_amateur	de	11.625	1.7240143369175627	9.287119175627243	7.926656989247313	0.35125448028673834	0.02867383512544803	0.6308243727598566	0.0	0.007168458781362007	0.9583333333333334	0.7042247822402503	4.458333333333333	1.65625	0.005679636565949821	4.0518519834710746e-05	0.009998113563478588	0.40860215053763443	25.875	1.896211722788735	3.21656050955414	1.9625	0.5161290322580645	0.6821111111111111	-1	-1	0.13620071684587814	0.9263647388790447	257	121	24
12-132_de_amateur	de	14.090909090909092	1.735483870967742	10.384164222873903	9.665000000000001	0.25806451612903225	0.04516129032258064	0.632258064516129	0.0	0.0064516129032258064	1.0	0.707528615175674	4.636363636363637	1.8636363636363635	0.005262098141290323	5.5236981355932204e-05	0.016129032258064516	0.05806451612903226	33.36363636363637	2.151622965020094	3.240437158469945	2.088888888888889	0.5806451612903226	0.6658928571428573	-1	-1	0.16774193548387098	0.9544536013831912	135	59	11
12-134_de_amateur	de	16.61111111111111	1.6555183946488294	10.423450390189519	8.892444667409887	0.26421404682274247	0.04013377926421405	0.6020066889632107	0.0033444816053511705	0.010033444816053512	0.9444444444444444	0.6857450137245533	4.833333333333333	1.9080459770114941	0.00562755700367893	4.304785966386554e-05	0.015050167224080268	0.19063545150501673	36.27777777777778	1.9619807336190813	3.2370030581039755	1.91156462585034	0.40468227424749165	0.5540000000000002	-1	-1	0.17391304347826086	0.8829040955434538	279	119	18
12-135_de_amateur	de	12.470588235294118	1.650943396226415	8.754661487236405	9.128950277469478	0.27358490566037735	0.05188679245283019	0.6273584905660378	0.0	0.0047169811320754715	1.0	0.6644160255808863	4.352941176470588	1.746031746031746	0.0054623299561320756	5.659792125e-05	0.01954177897574124	0.09905660377358491	30.352941176470587	2.0779644211997153	3.0656370656370657	1.9656862745098038	0.5424528301886793	0.6536283185840704	-1	-1	0.19339622641509435	0.9629123820901035	181	80	17
12-136_de_amateur	de	11.676470588235293	1.8060453400503778	10.275158542006224	10.15312452215143	0.33753148614609574	0.06801007556675064	0.6649874055415617	0.007556675062972292	0.005037783375314861	0.9705882352941176	0.7073302970634988	4.617647058823529	1.7037037037037037	0.0052905117964735515	5.284655636363636e-05	0.007994743182564889	0.3954659949622166	29.147058823529413	2.073270054122813	3.1233701103309928	1.9585635359116023	0.5037783375314862	0.6733892617449675	-1	-1	0.12090680100755667	0.9292954953430904	344	165	34
12-137_de_amateur	de	16.0	1.5231164383561644	8.62277397260274	7.318470547945207	0.3039383561643836	0.03339041095890411	0.6241438356164384	0.0017123287671232876	0.009417808219178082	0.958904109589041	0.6602896628235277	4.881578947368421	1.7937853107344632	0.005898077831421233	5.89449125e-05	0.004169837645865043	0.9340753424657534	34.81578947368421	1.9333257316356558	3.0545454545454547	1.8951271186440677	0.2902397260273973	0.6153133769878373	0.726907622834158	0.7331931433034397	0.14897260273972604	0.8703334866167032	1028	448	76
12-139_de_amateur	de	9.426470588235293	1.8237129485179406	9.606136321923465	10.24226032853079	0.3416536661466459	0.0686427457098284	0.6458658346333853	0.0078003120124804995	0.0093603744149766	0.8529411764705882	0.7045643009846927	3.573529411764706	1.8333333333333333	0.0057172942514820595	3.747582226415094e-05	0.005873176103514729	0.6271450858034321	24.191176470588236	2.178519093656058	3.0626506024096387	2.1025236593059935	0.43213728549141966	0.667232472324724	0.6456636836184856	0.8959661061110222	0.12012480499219969	0.9183175779478882	554	265	68
12-14_de_amateur	de	14.441176470588236	1.9541751527494908	13.101325625973406	11.561998514436324	0.32179226069246436	0.06415478615071284	0.6720977596741344	0.007128309572301426	0.015274949083503055	0.9558823529411765	0.7124475609675683	4.9411764705882355	1.814102564102564	0.0050815412220977605	4.855165729442971e-05	0.003938823348576259	0.9694501018329938	36.1764705882353	2.0865351323432684	3.2299595141700403	2.0674778761061945	0.3645621181262729	0.6560475651189122	0.6042929591459008	0.8175773689564804	0.1425661914460285	0.9029610384287503	850	377	68
12-141_de_amateur	de	11.923913043478262	1.8577939835916135	10.982295093337562	9.670938971899648	0.3108477666362808	0.04831358249772106	0.6864175022789426	0.011850501367365542	0.0054694621695533276	0.8913043478260869	0.6986525245491426	4.565217391304348	1.6579634464751958	0.004605613149772106	5.814011966426858e-05	0.003774248748580659	1.1422060164083865	27.08695652173913	2.1777541334824346	3.367063492063492	1.9834437086092715	0.365542388331814	0.6794388777555157	0.6799367903724572	0.8361259470989713	0.15223336371923427	0.9077383200896257	955	417	92
12-148_de_amateur	de	9.947643979057592	1.7063157894736842	8.424107467621937	8.55395659961422	0.31	0.05473684210526316	0.68	0.032105263157894734	0.002105263157894737	0.7958115183246073	0.6915407078970359	3.6770833333333335	1.6926536731634183	0.006170906463894737	4.2048959713168183e-05	0.0026860254083484573	1.0878947368421052	23.348958333333332	1.9343714680914943	3.1016873889875667	1.9138381201044385	0.28157894736842104	0.5968517490283185	0.706001130309742	0.7896210202920136	0.13631578947368422	0.8674539453498267	1676	767	192
12-150_de_amateur	de	11.082191780821917	1.7107540173053153	8.918952198723268	10.048028992329446	0.33127317676143386	0.05562422744128554	0.646477132262052	0.0012360939431396785	0.009888751545117428	0.9041095890410958	0.7131642137866336	4.1506849315068495	1.7518796992481203	0.0048778103228677375	5.301985506756757e-05	0.0050005618608832455	0.9208899876390606	28.931506849315067	2.271422142197376	3.057991513437058	2.0076586433260393	0.3658838071693449	0.6573380281690139	0.6647199333654213	0.7720465147716219	0.13473423980222496	0.9076379120476886	665	296	73
12-151_de_amateur	de	15.12	1.9246031746031746	13.017117460317461	11.76711161904762	0.32407407407407407	0.06481481481481481	0.6494708994708994	0.0	0.010582010582010581	1.0	0.6558289977238062	5.18	1.7107438016528926	0.00463568956931217	5.15992033557047e-05	0.00506516969931604	0.7433862433862434	37.94	2.171265970931206	3.1356916578669485	1.995732574679943	0.3637566137566138	0.6510806697108091	0.7769461787248482	0.8376552321220636	0.1626984126984127	0.8972975080126753	646	298	50
12-152_de_amateur	de	13.708333333333334	1.8297872340425532	11.347739361702128	10.05434336372847	0.2948328267477204	0.0425531914893617	0.6094224924012158	0.010638297872340425	0.010638297872340425	0.9791666666666666	0.6654232278662999	4.708333333333333	1.733009708737864	0.005083539597872341	4.258077777777778e-05	0.006036811887875718	0.6322188449848024	32.666666666666664	2.138113402874054	3.1554140127388535	1.9184549356223175	0.3495440729483283	0.6056887298747762	0.7219879808308739	0.8802723992517759	0.1656534954407295	0.8788446748773252	592	261	48
12-154_de_amateur	de	10.022727272727273	1.7687074829931972	9.189611935683367	9.466945124716553	0.3333333333333333	0.06349206349206349	0.6394557823129252	0.0045351473922902496	0.006802721088435374	0.7954545454545454	0.6696064809151833	3.772727272727273	1.7080291970802919	0.0053962897104308395	4.2260461676646706e-05	0.007180650037792895	0.691609977324263	24.727272727272727	2.2387727058405886	3.1424682395644283	1.9691211401425177	0.41950113378684806	0.6655555555555555	-1	-1	0.11564625850340136	0.9055753402798824	374	167	44
12-155_de_amateur	de	12.657894736842104	1.6673596673596673	9.021423022212495	8.058925987525988	0.3264033264033264	0.056133056133056136	0.6507276507276507	0.031185031185031187	0.006237006237006237	0.9736842105263158	0.7021748404101346	4.333333333333333	1.8176100628930818	0.004741385729313929	5.130324848484849e-05	0.007276507276507277	0.4781704781704782	29.923076923076923	2.041972724021354	3.0983746792130025	1.9304347826086956	0.44282744282744285	0.66089005235602	-1	-1	0.12058212058212059	0.9223620239161283	404	165	39
12-16_de_amateur	de	12.416666666666666	1.854026845637584	11.130016778523494	8.686083445190157	0.31543624161073824	0.05536912751677853	0.6593959731543624	0.008389261744966443	0.008389261744966443	0.8958333333333334	0.7334111338792836	4.25	1.7185929648241205	0.004735065660067114	4.698913670886076e-05	0.006711409395973154	0.4312080536912752	30.9375	2.3898939601348657	3.1219839142091153	1.990909090909091	0.40604026845637586	0.6496378269617683	0.5451158445373415	0.8855825843846371	0.14429530201342283	0.9037286158274501	535	237	48
12-163_de_amateur	de	14.507246376811594	1.7962037962037962	11.26303088216132	10.194572633163936	0.2967032967032967	0.057942057942057944	0.6658341658341659	0.012487512487512488	0.013986013986013986	0.9130434782608695	0.7073214403677736	4.753623188405797	1.7868589743589745	0.004779499932267732	5.224722335092348e-05	0.0024437927663734115	1.4550449550449551	35.51449275362319	2.1488613959270415	3.1899532235102703	1.9822194972409564	0.2757242757242757	0.6506095638465657	0.6443361025108311	0.7623533482125815	0.15134865134865136	0.8786424820095726	1762	758	138
12-164_de_amateur	de	15.0	1.9063063063063064	12.75441441441442	10.975576576576577	0.2756756756756757	0.0918918918918919	0.654054054054054	0.005405405405405406	0.0018018018018018018	0.8378378378378378	0.7137919007812799	5.216216216216216	1.834319526627219	0.004584261373513514	4.2786593697478996e-05	0.0069402736069402735	0.5675675675675675	34.432432432432435	1.933301473954375	3.3923853923853926	2.096685082872928	0.38198198198198197	0.6491008771929823	0.7136191127288921	0.8750391676283733	0.15135135135135136	0.8852243200917019	504	238	37
12-19_de_amateur	de	10.901515151515152	1.7984711605281445	9.883550603323012	10.072160018531388	0.31758165392633775	0.06045865184155664	0.6567060458651841	0.004169562195969423	0.009728978457261988	0.9015151515151515	0.7131182153670987	4.0606060606060606	1.7142857142857142	0.005048389787421821	4.857968051001821e-05	0.0030265901027760507	1.3773453787352328	28.068181818181817	2.2863456427778193	3.090713902308105	2.0966442953020135	0.32105628908964556	0.6485522388059628	0.7219154046228039	0.8276671483667607	0.14246004169562196	0.8915551268476256	1241	549	132
12-21_de_amateur	de	9.547619047619047	1.945137157107232	11.086189882436766	10.143668637928988	0.33042394014962595	0.06483790523690773	0.6895261845386533	0.012468827930174564	0.007481296758104738	0.8333333333333334	0.7579469958750233	3.880952380952381	1.5833333333333333	0.004340926403740649	3.9877646884273e-05	0.005209199224161818	0.8416458852867831	24.13095238095238	2.131808720943875	3.068192888455918	2.00960219478738	0.3628428927680798	0.6405689900426754	0.6897611239504688	0.7796166879550713	0.13341645885286782	0.8803936371217724	689	337	84
12-22_de_amateur	de	12.488505747126437	1.8334100322135296	10.914755621498962	10.6512649993917	0.3377818683847216	0.053842613897837094	0.674643350207087	0.0013805798435342844	0.005522319374137137	0.8505747126436781	0.6852597595783545	4.337142857142857	1.6082337317397077	0.005110384510400369	3.516200891647855e-05	0.002258746838809915	2.0667280257708236	31.354285714285716	2.1252870414688427	3.0879001627780793	2.063380281690141	0.28670041417395303	0.650568948891041	0.7425037242583991	0.7874151209338633	0.14358030372756558	0.8775726780433695	1890	886	175
12-23_de_amateur	de	11.387096774193548	1.9362606232294617	11.698843096043134	11.549290852599835	0.3101983002832861	0.04815864022662889	0.6614730878186968	0.00141643059490085	0.009915014164305949	0.9354838709677419	0.708597270480024	4.241935483870968	1.6017316017316017	0.004754656203824363	3.9559068363636365e-05	0.006353702954269527	0.6317280453257791	28.93548387096774	2.2256854251328075	3.1498065229408514	2.1407624633431084	0.35694050991501414	0.6492421746293244	0.8870856583300355	0.889922879827614	0.16288951841359772	0.873326452715204	609	275	62
12-24_de_amateur	de	10.030303030303031	2.0332326283987916	12.313963196923925	10.947927693857002	0.31419939577039274	0.0634441087613293	0.6586102719033232	0.006042296072507553	0.006042296072507553	0.8484848484848485	0.717546444216703	4.333333333333333	1.6576576576576576	0.0053963337728096675	2.6918231081081078e-05	0.013711364164536369	0.1782477341389728	26.242424242424242	2.088623349024235	3.0836197021764034	2.079245283018868	0.44410876132930516	0.6113362068965519	-1	-1	0.16012084592145015	0.9004639834802965	297	148	33
12-25_de_amateur	de	14.005464480874316	1.8310573546625049	11.478607932558543	10.91491108609489	0.3078423722200546	0.06242684354272337	0.6691377292235662	0.008193523214982443	0.009364026531408505	0.9453551912568307	0.7219862660762166	4.824468085106383	1.7484433374844335	0.005293804488919236	4.727996712598425e-05	0.0019341650242937797	1.8950448692937962	34.52127659574468	2.17980953131784	3.0948871487793643	2.0228716645489198	0.27701911822083497	0.6621956168831259	0.6717917903049759	0.7679563749830458	0.14202106905969566	0.8852367074038859	2223	1016	188
12-26_de_amateur	de	12.806866952789699	1.8237265415549597	10.92465130193651	10.450410031182042	0.31233243967828417	0.05998659517426273	0.6792895442359249	0.0070375335120643435	0.010388739946380697	0.927038626609442	0.710632706285955	4.739316239316239	1.7204188481675393	0.005016599020509383	4.3806005074875206e-05	0.0016411730140658857	2.1853217158176945	31.816239316239315	2.1323248758142004	3.1117520794204454	2.012523020257827	0.2680965147453083	0.6540519930675982	0.725609802138969	0.8457168502930923	0.16320375335120643	0.8815751872672268	2587	1202	234
12-27_de_amateur	de	7.25	1.8620689655172413	9.20991379310345	10.323521839080462	0.3793103448275862	0.05747126436781609	0.7126436781609196	0.0	0.022988505747126436	0.9166666666666666	0.7643029319165684	2.6666666666666665	1.5142857142857142	0.005634268632183908	2.967860243902439e-05	0.037356321839080456	0.04597701149425287	17.666666666666668	2.502057827057827	3.1244239631336406	1.9852941176470589	0.7011494252873564	0.7011494252873564	-1	-1	0.14942528735632185	0.9247126870847869	77	41	12
12-28_de_amateur	de	12.425	1.647887323943662	8.700820422535212	9.889462012072435	0.28169014084507044	0.06639839034205232	0.6861167002012073	0.0	0.004024144869215292	0.9	0.694625908461672	4.725	1.730263157894737	0.004881929268008048	3.6958059782608694e-05	0.00655786571279529	0.48088531187122735	32.775	2.316798341750581	2.9574791192103267	2.0474452554744524	0.3903420523138833	0.6262562814070353	-1	-1	0.20321931589537223	0.8924290857019749	425	184	40
12-29_de_amateur	de	11.666666666666666	1.8825396825396825	11.173968253968255	11.065603174603176	0.2968253968253968	0.05714285714285714	0.665079365079365	0.0	0.006349206349206349	0.9074074074074074	0.68223381033908	4.351851851851852	1.7587939698492463	0.0052942119825396825	3.712241035856574e-05	0.005975723622782446	0.6301587301587301	29.48148148148148	2.1316146807661545	3.1048034934497815	2.0521415270018624	0.36507936507936506	0.6152165725047096	0.6853050279542235	0.8427560619302572	0.16825396825396827	0.8864141734452109	558	251	54
12-30_de_amateur	de	11.434782608695652	1.6714828897338403	8.593063316250621	8.325207439246157	0.2813688212927757	0.049429657794676805	0.6752851711026616	0.014448669201520912	0.00532319391634981	0.9304347826086956	0.7273443744170071	4.0578512396694215	1.72	0.004991570011711027	5.077582941176471e-05	0.0031290905690955556	0.8615969581749049	25.024793388429753	1.8645485081388418	3.142338177014531	2.0645724258289704	0.3391634980988593	0.660402960526318	0.7183700322724085	0.8057261291309119	0.19239543726235742	0.8979873488128722	1133	510	121
12-32_de_amateur	de	8.866666666666667	1.8571428571428572	9.782285714285717	12.157281102756892	0.33458646616541354	0.05263157894736842	0.6691729323308271	0.007518796992481203	0.022556390977443608	0.8333333333333334	0.6988632305071069	3.566666666666667	1.7272727272727273	0.0046440989857142855	3.476267567567568e-05	0.015350877192982454	0.22932330827067668	24.8	2.33821695119229	3.052069425901202	2.127329192546584	0.5075187969924813	0.6568263473053898	-1	-1	0.15789473684210525	0.9051178556734807	226	111	30
12-33_de_amateur	de	13.285714285714286	1.7939068100358424	10.759528929851513	11.052482539682542	0.3279569892473118	0.06989247311827956	0.6577060931899642	0.0035842293906810036	0.012544802867383513	0.9047619047619048	0.6901632362816781	4.619047619047619	1.819672131147541	0.004379579830645162	3.6358374271844656e-05	0.006705977569661232	0.6792114695340502	36.0	2.2993259419970498	2.997371879106439	2.135820895522388	0.3978494623655914	0.6314814814814801	-1	0.8690347207500205	0.13978494623655913	0.8954195768310241	470	206	42
12-34_de_amateur	de	9.311475409836065	1.8080985915492958	9.377038790117755	9.682530096975295	0.323943661971831	0.0528169014084507	0.6549295774647887	0.00528169014084507	0.0035211267605633804	0.8688524590163934	0.7266894260878143	3.34375	1.7411167512690355	0.005027696988204225	3.0792926839826844e-05	0.00528169014084507	0.8943661971830986	23.421875	2.1705763412476915	3.0493333333333332	2.0508474576271185	0.4137323943661972	0.6389978678038368	-1	0.6813352452639689	0.16901408450704225	0.9053427993282058	493	231	64
12-35_de_amateur	de	8.163636363636364	1.910913140311804	10.142593237497472	10.515015679287306	0.41870824053452116	0.053452115812917596	0.7060133630289532	0.013363028953229399	0.008908685968819599	0.6727272727272727	0.7262125734347958	3.4363636363636365	1.9416058394160585	0.005117656431625836	3.846242018348624e-05	0.007954183900731784	1.487750556792873	19.90909090909091	1.945856068830316	3.2168344007319303	2.0605263157894735	0.37639198218262804	0.6409142857142864	-1	0.21653703161076648	0.11804008908685969	0.8496081666260736	389	218	55
12-36_de_amateur	de	11.06060606060606	1.9534246575342467	11.774047322540476	11.336908675799087	0.32602739726027397	0.06027397260273973	0.6383561643835617	0.00821917808219178	0.0027397260273972603	0.9393939393939394	0.7246168566037282	4.121212121212121	1.7583333333333333	0.004895119027123288	2.7642838410596026e-05	0.009516943042537852	0.4575342465753425	30.454545454545453	2.3366144791420433	2.985207100591716	2.0395480225988702	0.4657534246575342	0.6715037593984954	-1	-1	0.14246575342465753	0.8990647628258341	315	151	33
12-37_de_amateur	de	13.027027027027026	1.6970954356846473	9.516266681619378	9.267118918918921	0.3203319502074689	0.05020746887966805	0.6672199170124481	0.004149377593360996	0.007468879668049793	0.9405405405405406	0.6914493596312516	4.486486486486487	1.7235367372353674	0.005100711494107884	4.889905387840671e-05	0.0020506841329172524	1.9443983402489626	31.318918918918918	2.0822089178044103	3.1297985883973145	2.0206235011990406	0.2842323651452282	0.640203375162275	0.7892482877196028	0.854146524327889	0.15020746887966804	0.8851978212216289	2114	954	185
12-38_de_amateur	de	13.027027027027026	1.6970954356846473	9.516266681619378	9.267118918918921	0.3203319502074689	0.05020746887966805	0.6672199170124481	0.004149377593360996	0.007468879668049793	0.9405405405405406	0.6914493596312516	4.486486486486487	1.7235367372353674	0.005100711494107884	4.889905387840671e-05	0.0020506841329172524	1.9443983402489626	31.318918918918918	2.0822089178044103	3.1297985883973145	2.0206235011990406	0.2842323651452282	0.640203375162275	0.7892482877196028	0.854146524327889	0.15020746887966804	0.8851978212216289	2114	954	185
12-39_de_amateur	de	13.027027027027026	1.6970954356846473	9.516266681619378	9.267118918918921	0.3203319502074689	0.05020746887966805	0.6672199170124481	0.004149377593360996	0.007468879668049793	0.9405405405405406	0.6914493596312516	4.486486486486487	1.7235367372353674	0.005100711494107884	4.889905387840671e-05	0.0020506841329172524	1.9443983402489626	31.318918918918918	2.0822089178044103	3.1297985883973145	2.0206235011990406	0.2842323651452282	0.640203375162275	0.7892482877196028	0.854146524327889	0.15020746887966804	0.8851978212216289	2114	954	185
12-47_de_amateur	de	12.734375	1.7141104294478529	9.602909317484663	9.479070935582824	0.3374233128834356	0.07116564417177915	0.743558282208589	0.01717791411042945	0.006134969325153374	0.8671875	0.7329466541329478	4.2748091603053435	1.6805293005671078	0.003965662246514479	7.71879975376197e-05	0.0022494887525562374	1.5411042944785276	28.396946564885496	1.9211709298094037	3.3005888650963597	2.0752908966461328	0.3834355828220859	0.7039647289353406	0.7675317915859423	0.8603148329266495	0.150920245398773	0.9085667108497205	1402	731	131
12-49_de_amateur	de	10.30379746835443	1.9527027027027026	11.470372904550121	10.355669629583554	0.32063882063882065	0.07493857493857493	0.6633906633906634	0.004914004914004914	0.012899262899262898	0.7974683544303798	0.7193746374364022	3.95679012345679	1.8090737240075614	0.004624658187285012	3.2284050656934306e-05	0.0026105651105651105	1.8372235872235871	25.574074074074073	2.2447964073150866	3.1291934332619555	2.13821752265861	0.2972972972972973	0.6455591890124266	0.6502692513826083	0.7756300690124248	0.13144963144963145	0.872012085583724	1463	685	162
12-50_de_amateur	de	11.537037037037036	1.8170144462279294	10.350214909934014	10.602291147969801	0.32423756019261635	0.08025682182985554	0.6709470304975923	0.0016051364365971107	0.006420545746388443	0.8703703703703703	0.6926525349728165	4.166666666666667	1.6857142857142857	0.004898091548154093	4.4845996108949416e-05	0.006116871285410611	0.9775280898876404	28.685185185185187	2.1582007737291034	3.1806534272901987	2.0934579439252334	0.3884430176565008	0.6559541984732833	0.587221871308382	0.786125271019796	0.14606741573033707	0.8918169105391917	546	257	54
12-51_de_amateur	de	9.38	1.9097370291400142	10.603096943852169	9.66738717270789	0.31556503198294245	0.06112295664534471	0.6624022743425728	0.004975124378109453	0.007818052594171997	0.7933333333333333	0.6566594852331549	3.9	1.6580645161290322	0.0044853962105899075	4.2966635862068967e-05	0.003029962967119291	1.1727078891257996	22.813333333333333	2.149644769723641	3.1896948762233737	2.1328125	0.32764747690120827	0.6582645259938831	0.681968973888426	0.8027429901037378	0.15067519545131486	0.8937529842396137	1268	580	150
12-53_de_amateur	de	13.388489208633093	1.8683503492745837	11.678044912806996	10.30318462727937	0.31649650725416445	0.06501880709296078	0.6700698549167114	0.016657710908113917	0.004298764105319721	0.9280575539568345	0.7208667174723992	4.9928057553956835	1.7903494176372712	0.005103319517055347	5.187813114973262e-05	0.002427111194295685	1.521762493283181	32.223021582733814	2.025755803430502	3.1969764339706535	2.0766182298546894	0.31434712520150454	0.6644835414301906	0.6358878935183742	0.7059742672281895	0.13594841483073616	0.8907426151745513	1630	748	139
12-55_de_amateur	de	14.022222222222222	1.8748019017432647	12.001329107237193	10.113223954921642	0.31061806656101426	0.05784469096671949	0.6481774960380349	0.014659270998415214	0.0071315372424722665	0.9333333333333333	0.7211615203131072	4.8277777777777775	1.7433414043583535	0.005271635712622425	4.943722103688933e-05	0.0018279066416942804	2.3066561014263076	34.16111111111111	2.0859389796991836	3.188422247446084	2.0656899810964084	0.27416798732171155	0.6478639175257829	0.6770263936860955	0.7932605128600778	0.13787638668779714	0.8881418593154513	2238	1003	180
12-56_de_amateur	de	13.8348623853211	1.976127320954907	13.123898717543135	10.712950264035237	0.29244031830238726	0.0636604774535809	0.6810344827586207	0.013925729442970823	0.009283819628647215	0.963302752293578	0.700881611447356	4.734513274336283	1.796943231441048	0.004929615131763925	4.565385085803432e-05	0.0029395463003285952	1.120026525198939	33.46017699115044	2.033068614704652	3.1704935339139615	1.9896193771626298	0.3163129973474801	0.6633427963094414	0.6566627206867622	0.7839255961294946	0.17572944297082227	0.8840641751046102	1348	641	113
12-61_de_amateur	de	9.175609756097561	1.7644869750132908	8.809434110034879	9.620065725807498	0.30994152046783624	0.06964380648591174	0.6990962254120149	0.05528973950026582	0.011164274322169059	0.7024390243902439	0.7714500562849962	3.2925764192139737	1.745928338762215	0.004096016005975545	6.456731918367346e-05	0.0024843577475156427	1.5794790005316321	21.641921397379914	1.9629451081031941	3.1054545454545455	2.010923987255348	0.2902711323763955	0.6547643097643149	0.655357021336958	0.7883617328650334	0.13981924508240298	0.8711372422525534	1556	735	229
12-63_de_amateur	de	14.232142857142858	1.809284818067754	11.310096567485214	10.65403712134791	0.30238393977415307	0.05708908406524467	0.6355081555834379	0.025094102885821833	0.0012547051442910915	0.9553571428571429	0.6902894035075319	5.0	1.863265306122449	0.004769317823217705	5.2278813036020585e-05	0.0028523630280217482	1.343789209535759	35.47787610619469	2.155167510811768	3.2103036336485813	2.039415130324221	0.3092848180677541	0.6461204013377918	0.6079043552874046	0.7341063100871557	0.1587202007528231	0.8865076877362574	1344	583	113
12-72_de_amateur	de	10.612021857923498	2.073120494335736	13.011510357751852	12.229922227662316	0.3486096807415036	0.06488156539649846	0.680226570545829	0.004119464469618949	0.008238928939237899	0.825136612021858	0.6890241137571199	4.021739130434782	1.699537750385208	0.004798028886663234	3.2183045095828635e-05	0.0019320628814121932	2.208547888774459	26.652173913043477	2.164310424220099	3.211355829460497	2.107643312101911	0.33264675592173015	0.6790504612045682	0.6758064524305261	0.7785014878294061	0.15550978372811536	0.9003545831453621	1736	887	184
12-73_de_amateur	de	13.314285714285715	1.7145922746781115	9.834760269773145	10.129925395462907	0.3090128755364807	0.04291845493562232	0.6330472103004292	0.004291845493562232	0.004291845493562232	0.9142857142857143	0.7638338385103794	4.076923076923077	1.6712328767123288	0.004949542991630901	4.258364770114943e-05	0.0075107296137339056	0.5815450643776824	32.256410256410255	2.1360866041851594	2.9801744647105473	2.056880733944954	0.40772532188841204	0.6610626702997273	-1	-1	0.15450643776824036	0.9057528100490313	400	174	39
12-74_de_amateur	de	15.222222222222221	1.7335766423357664	10.802871046228713	9.768786942416869	0.3175182481751825	0.060218978102189784	0.6441605839416058	0.009124087591240875	0.005474452554744526	0.9722222222222222	0.6792860258602431	5.444444444444445	1.7666666666666666	0.005607208400547446	6.922523465346535e-05	0.007534730397927948	0.6368613138686131	36.55555555555556	2.079243937951211	3.1360544217687076	1.988235294117647	0.3722627737226277	0.6063474387527849	-1	0.7360745763238749	0.1259124087591241	0.8637408171624912	477	202	36
12-75_de_amateur	de	13.86013986013986	1.8854692230070635	12.0639913769379	10.3259370798727	0.30726538849646823	0.060544904137235116	0.6508577194752775	0.017154389505549948	0.009081735620585268	0.9230769230769231	0.6859867783996318	4.874125874125874	1.87012987012987	0.005057288826892028	4.023078671586716e-05	0.0025939981573290046	1.2936427850655903	32.73426573426573	2.045524935741537	3.225655231195397	1.9616477272727273	0.2714429868819374	0.6280350504514026	0.6078284517985906	0.7190212800639356	0.15590312815338042	0.864534558046917	1776	813	143
12-76_de_amateur	de	12.333333333333334	1.9086672879776327	11.742273998136067	10.671476296986643	0.2982292637465051	0.04007455731593663	0.6421248835041938	0.005591798695246971	0.008387698042870456	0.9080459770114943	0.7428736407613763	4.280898876404494	1.6566265060240963	0.005145579904566635	4.237678801020409e-05	0.0037112235388097456	1.135135135135135	30.50561797752809	2.1054281952364966	3.154015401540154	2.0728542914171655	0.3271202236719478	0.6378644763860372	0.61012562318107	0.7265357842988381	0.15936626281453867	0.8938710481817722	930	392	89
12-77_de_amateur	de	15.590909090909092	2.0379008746355685	14.537684866154255	11.832907871720117	0.27988338192419826	0.09620991253644315	0.6647230320699709	0.01749271137026239	0.0058309037900874635	1.0	0.7269839623876889	5.090909090909091	1.9393939393939394	0.004104808263848397	4.4859060283687945e-05	0.012050534499514093	0.27113702623906705	37.09090909090909	2.228092895020279	3.41047503045067	2.173758865248227	0.43731778425655976	0.6595081967213104	-1	-1	0.14868804664723032	0.8669766842982813	303	141	22
12-78_de_amateur	de	13.2	1.8617424242424243	11.52656060606061	10.44726727272727	0.2897727272727273	0.056818181818181816	0.6231060606060606	0.007575757575757576	0.015151515151515152	0.975	0.7276920657201418	4.069767441860465	1.7771084337349397	0.0052426538871212115	4.5913163725490196e-05	0.006127450980392157	0.5132575757575758	29.906976744186046	1.9535072464577439	3.2383540372670807	2.063380281690141	0.3768939393939394	0.5983916083916091	-1	0.697927939832756	0.16856060606060605	0.8821440448240039	465	204	43
12-79_de_amateur	de	11.75609756097561	2.0	12.59487804878049	11.656760591033297	0.35269709543568467	0.08298755186721991	0.6804979253112033	0.01867219917012448	0.002074688796680498	0.975609756097561	0.6978922811710284	4.365853658536586	1.7604790419161678	0.004035031142946058	5.141510533980583e-05	0.00851337816568894	0.6058091286307054	31.390243902439025	2.204549149874597	2.9984627209838584	1.9270833333333333	0.4024896265560166	0.6341253263707556	-1	0.9063936730047701	0.12240663900414937	0.8680706282884573	407	206	41
12-80_de_amateur	de	12.76842105263158	1.7955482275350372	10.577153295439757	10.48975633965375	0.3190436933223413	0.05358615004122012	0.6735366859027205	0.02967848309975268	0.008244023083264633	0.9578947368421052	0.6909288123762344	4.6947368421052635	1.7258485639686685	0.004629496004863974	5.953721479915434e-05	0.003127494471270234	0.8408903544929925	30.242105263157896	1.996842281944644	3.251731301939058	1.9848078641644324	0.4014839241549876	0.6937612208258532	0.9158379102320071	1.0231502418652356	0.14674361088211046	0.9227945678448597	1026	473	95
12-81_de_amateur	de	11.710843373493976	1.8676268861454046	11.015226172178426	9.847223108070141	0.31995884773662553	0.06893004115226338	0.6683813443072703	0.01886145404663923	0.006515775034293553	0.7630522088353414	0.7144415891985123	4.333333333333333	1.7956878850102669	0.004543734798559671	5.494182376068376e-05	0.0017598007364089234	2.3652263374485596	27.496031746031747	2.044394962499644	3.2006880733944953	2.045489296636086	0.24314128943758573	0.6063045793397265	0.7184699755818477	0.7868844459079983	0.1416323731138546	0.8566589667271481	2517	1170	252
12-82_de_amateur	de	14.248803827751196	1.8609805238415045	11.92660367415272	10.186795567494965	0.3099395567494963	0.06447280053727333	0.6376762928139691	0.016453995970449966	0.009402283411685695	0.9330143540669856	0.6981973941140678	4.790697674418604	1.8223896663078578	0.004665123430028563	5.2266218157181567e-05	0.0018017701953630106	1.913364674278039	33.8046511627907	2.079005597131114	3.168520807581376	2.0542691751085385	0.24076561450638012	0.6387009378256414	0.6410435445858326	0.756723652056885	0.14875755540631297	0.8634236106104478	2541	1107	215
12-85_de_amateur	de	12.071856287425149	1.8606150793650793	11.073281888603745	11.626058220463833	0.32787698412698413	0.07787698412698413	0.6765873015873016	0.00248015873015873	0.006448412698412698	0.874251497005988	0.6996065484729385	4.405882352941177	1.7635542168674698	0.004996929469295635	4.17524997624703e-05	0.002413680248731795	1.628968253968254	31.029411764705884	2.2165526486728546	3.125749625187406	2.096862960924601	0.2926587301587302	0.6453103808033467	0.745873614187773	0.8239565690309945	0.12152777777777778	0.8857395470916064	1754	842	170
12-86_de_amateur	de	13.40268456375839	1.813219829744617	11.033040970852252	10.752548788955243	0.30045067601402103	0.0701051577366049	0.6599899849774662	0.006509764646970456	0.00801201802704056	0.9060402684563759	0.7087909658237046	4.8881578947368425	1.8091353996737358	0.004747280161592388	4.3688956423173806e-05	0.0023211901185110997	1.600901352028042	32.473684210526315	2.0982483483316425	3.183390307661371	2.0857653365098274	0.28743114672008013	0.6481664910432113	0.6631671075954363	0.7779580749124337	0.14922383575363043	0.8819536242898729	1764	794	152
12-87_de_amateur	de	12.806666666666667	1.810515356585112	10.768681207704322	11.112677581815028	0.3461738677771994	0.05465903175429464	0.6840187402394586	0.004164497657470068	0.014055179593961478	0.9066666666666666	0.7401992652458227	4.751633986928105	1.616191904047976	0.005246564422384175	4.3228566840731065e-05	0.002430974967528037	2.114523685580427	32.16339869281046	2.1197767128263143	3.0902316213494463	2.0181618051733627	0.30140551795939613	0.6625850713501655	0.7000579046419629	0.8006829093852759	0.12597605413846955	0.885884807571554	1661	766	153
12-88_de_amateur	de	10.692307692307692	1.7841726618705036	9.633237410071946	9.988629145914038	0.32793764988009594	0.0725419664268585	0.6678657074340527	0.004196642685851319	0.00539568345323741	0.7628205128205128	0.7307843641597116	4.0375	1.7425569176882663	0.005304104842865707	4.002887723214286e-05	0.0026023137533928895	1.6774580335731415	27.0875	2.2798547947715924	3.033659313168069	2.0293577981651376	0.3057553956834532	0.6563352453792227	0.6158550107392052	0.6756515621403182	0.1264988009592326	0.8860356523624903	1427	672	160
12-89_de_amateur	de	11.625615763546797	1.7203389830508475	9.24399014778325	9.678180074309092	0.3233050847457627	0.06440677966101695	0.6351694915254237	0.0038135593220338985	0.005932203389830509	0.8226600985221675	0.701380283536603	4.359223300970874	1.7878787878787878	0.005401164652330508	4.616405016835017e-05	0.002310243183492999	1.9978813559322033	28.883495145631066	2.2001023615758406	3.0709054593874834	2.0725010725010726	0.24194915254237287	0.634564352056611	0.6193432936271582	0.6980350645164235	0.1461864406779661	0.8657589510063126	2024	891	206
12-9_de_amateur	de	7.941747572815534	1.89119804400978	9.823418472713463	10.257591245519503	0.33985330073349634	0.06845965770171149	0.7249388753056235	0.02078239608801956	0.009779951100244499	0.6990291262135923	0.728155354433888	2.8849557522123894	1.707142857142857	0.0054306541748166265	2.7710654985754985e-05	0.003987210833176603	1.1723716381418092	20.63716814159292	2.064712255514702	3.0099052540913007	2.0901378579003183	0.3704156479217604	0.5910292072322663	0.8097210386035024	0.7715856624199197	0.11858190709046455	0.8792833244564757	691	351	113
12-90_de_amateur	de	7.75	1.6290322580645162	6.655080645161295	9.380961290322581	0.3709677419354839	0.08064516129032258	0.7096774193548387	0.016129032258064516	0.0	1.0	0.7703634085213033	3.125	1.8636363636363635	0.0031084554596774194	4.856359259259259e-05	0.04032258064516129	0.016129032258064516	19.375	2.0344065656565657	2.943396226415094	1.9411764705882353	0.7580645161290323	0.7580645161290323	-1	-1	0.16129032258064516	0.9378626974051986	51	27	8
12-93_de_amateur	de	13.8125	1.5701357466063348	8.324476809954753	8.32286628959276	0.27601809954751133	0.027149321266968326	0.6515837104072398	0.0	0.013574660633484163	0.9375	0.6904683665297476	4.875	1.8888888888888888	0.006664029692760182	3.94479527027027e-05	0.012605042016806723	0.3257918552036199	33.5	1.9989127305363719	2.953271028037383	1.8317307692307692	0.47058823529411764	0.6139344262295081	-1	-1	0.16289592760180996	0.9135144445032707	190	74	16
12-94_de_amateur	de	11.523809523809524	1.9669421487603307	12.114203069657616	8.771904919323102	0.3347107438016529	0.04132231404958678	0.5909090909090909	0.008264462809917356	0.0	0.9523809523809523	0.6205558191808191	3.9166666666666665	1.7974683544303798	0.004619391211983471	4.9744759405940594e-05	0.01525746980292435	0.2644628099173554	22.041666666666668	1.7274129247189591	3.308988764044944	2.2162162162162162	0.4462809917355372	0.5851748251748258	-1	-1	0.1487603305785124	0.9011428993421277	226	101	24
12-95_de_amateur	de	12.9	1.7467700258397933	10.052886304909567	10.091957519379845	0.2997416020671835	0.07235142118863049	0.6330749354005168	0.0	0.007751937984496124	1.0	0.6811549440407805	5.066666666666666	1.8434782608695652	0.005428624115762275	4.5344320253164555e-05	0.007751937984496124	0.16279069767441862	30.6	1.9383544847084402	3.1771739130434784	1.9402985074626866	0.4935400516795866	0.6504861111111109	-1	-1	0.20930232558139536	0.9320316637046644	339	158	30
12-96_de_amateur	de	15.152173913043478	1.721664275466284	10.63498627658911	9.976836591603767	0.2883787661406026	0.08034433285509325	0.6255380200860832	0.007173601147776184	0.0028694404591104736	0.9347826086956522	0.7220758936339433	5.0212765957446805	1.9241706161137442	0.004577253559971305	5.656841521739131e-05	0.006405001024800164	0.43185078909612623	33.08510638297872	1.8058254011533958	3.3307642903018624	1.9757462686567164	0.36872309899569583	0.624849498327758	0.9497771114597332	0.7952129264837381	0.15208034433285508	0.8903183999682499	616	276	47
12-97_de_amateur	de	19.05	1.6325459317585302	11.10354199475066	10.792180997375329	0.30446194225721784	0.06561679790026247	0.6614173228346457	0.010498687664041995	0.007874015748031496	1.0	0.6718860056431083	5.2	1.9320388349514563	0.0053430263175853025	5.5108499242424245e-05	0.007249093863267091	0.3123359580052493	50.25	2.2685788235811994	2.9344587884806357	1.900662251655629	0.48293963254593175	0.6615248226950348	-1	-1	0.15748031496062992	0.9431408971733959	315	132	20
13-100_de_amateur	de	9.48913043478261	1.7617411225658648	8.899306115842425	9.984984670551322	0.3333333333333333	0.05956471935853379	0.6678121420389461	0.003436426116838488	0.0057273768613974796	0.8152173913043478	0.7145388436001741	3.6236559139784945	1.7209302325581395	0.004846084386941581	5.471262293577982e-05	0.0041611146176683735	0.9198167239404352	24.440860215053764	2.3428018982788332	3.0855521606285463	2.05719733079123	0.4043528064146621	0.6866666666666653	0.6999060709331472	0.8437735266385938	0.16265750286368844	0.9124766963499277	737	327	93
13-101_de_amateur	de	9.640625	1.8168557536466774	9.608741643030793	10.600721252025933	0.34035656401944897	0.06645056726094004	0.6936790923824959	0.0016207455429497568	0.009724473257698542	0.84375	0.7188105165103951	3.75	1.6712962962962963	0.0043562041273906005	4.0850053125e-05	0.005374051010833404	0.5883306320907618	26.4375	2.4061494035660056	3.0245901639344264	2.1577639751552793	0.419773095623987	0.6694594594594621	1.056486120327235	0.8905521340904301	0.1280388978930308	0.91963400686832	501	224	64
13-102_de_amateur	de	10.221518987341772	1.91702786377709	11.017321197632953	10.43553642669593	0.33622291021671824	0.06996904024767801	0.6990712074303406	0.04272445820433437	0.00804953560371517	0.689873417721519	0.7790850606647818	3.310734463276836	1.823076923076923	0.003948116947306576	4.837803801652892e-05	0.002302443716372599	2.153560371517028	22.033898305084747	1.7948989832256912	3.2536660663750965	2.128519855595668	0.35789473684210527	0.6524142480211097	0.7878891341974913	0.831668327238116	0.1306501547987616	0.8976786502311735	1383	726	177
13-103_de_amateur	de	12.768115942028986	1.9648127128263337	12.574355228742043	11.456287555314281	0.300794551645857	0.10102156640181612	0.7014755959137344	0.007945516458569807	0.0056753688989784334	0.855072463768116	0.7637772836618254	4.826086956521739	1.7246376811594204	0.003969763804199773	5.258246432432432e-05	0.004381912731304279	0.7832009080590239	34.333333333333336	2.381038914561386	3.1355218855218854	2.0804232804232803	0.39727582292849034	0.6834782608695652	0.8577582886909966	0.9429859138431477	0.1782065834279228	0.9050233217727802	754	370	69
13-104_de_amateur	de	13.120689655172415	1.8659658344283836	11.545465811772168	10.958753029135892	0.33377135348226017	0.07095926412614981	0.6898817345597897	0.009198423127463863	0.00788436268068331	0.9655172413793104	0.6933448722691602	4.913793103448276	1.8114754098360655	0.005230483133114323	7.109186770833333e-05	0.0058311432325887	0.44415243101182655	32.55172413793103	2.0756108688012693	3.129973474801061	2.0905707196029777	0.41392904073587383	0.6249546827794561	0.6905971193109254	0.667457774204155	0.1287779237844941	0.9110173587315376	634	288	58
13-105_de_amateur	de	13.670454545454545	1.8703241895261846	11.811302709136253	11.260758187863674	0.3050706566916043	0.09060681629260182	0.6708229426433915	0.005818786367414797	0.005818786367414797	0.8863636363636364	0.7112788121621765	4.6477272727272725	1.9218328840970351	0.00466023354621862	4.141231296296296e-05	0.003491271820448878	1.0390689941812137	35.52272727272727	2.3736551300572977	3.140759655282477	2.0715447154471547	0.33665835411471323	0.6612228260869594	0.5754111125302079	0.7344170810816821	0.14463840399002495	0.882541447608311	1038	486	88
13-107_de_amateur	de	10.223529411764705	1.7997698504027617	9.634460705340825	9.94372969877479	0.33141542002301494	0.07249712313003452	0.7123130034522439	0.0034522439585730723	0.010356731875719217	0.7176470588235294	0.7274548012142873	3.8	1.6419354838709677	0.005451347742232451	3.971036814404432e-05	0.003912543153049482	0.9585730724971231	25.129411764705882	1.9190186524432977	3.0497674418604652	2.0625	0.380897583429229	0.6453766233766254	0.7763239101774164	0.8174065031781376	0.13693901035673187	0.9005628823662057	762	361	85
13-11_de_amateur	de	9.914285714285715	1.930835734870317	11.06043310004117	12.019988456154797	0.345821325648415	0.10662824207492795	0.6772334293948127	0.002881844380403458	0.005763688760806916	0.8	0.6988388628802885	3.6857142857142855	1.778688524590164	0.005184556999135447	2.7120158741258742e-05	0.00974337861945931	0.3746397694524496	28.314285714285713	2.3307998665854357	3.0309072781655035	2.053268765133172	0.4265129682997118	0.6022580645161301	-1	-1	0.16714697406340057	0.911128377761089	288	143	35
13-111_de_amateur	de	11.876404494382022	1.684957426679281	8.924295387624507	9.781491690495677	0.3065279091769158	0.06433301797540208	0.718070009460738	0.007568590350047304	0.005676442762535478	0.8202247191011236	0.7855204803495106	3.831578947368421	1.6309859154929578	0.004708774186565752	3.385140602409638e-05	0.00358416418019067	0.7786187322611163	28.36842105263158	2.1231110499851926	2.992957746478873	2.013347022587269	0.391674550614948	0.6672964509394561	0.7759316634154519	0.844374727795005	0.14191106906338694	0.9105315402624478	912	415	95
13-113_de_amateur	de	12.46875	1.9348370927318295	12.10389019423559	12.104737406015039	0.3533834586466165	0.09774436090225563	0.7080200501253133	0.0012531328320802004	0.0012531328320802004	0.8125	0.6550487208708187	4.75	1.6666666666666667	0.005445667562155389	3.944808463687151e-05	0.0040100250626566416	0.8170426065162907	33.578125	2.1666568360882086	3.0716928769657725	2.13953488372093	0.41854636591478694	0.677024320457798	0.7296166994177873	0.9221568358927565	0.14661654135338345	0.9179716726360561	696	358	64
13-114_de_amateur	de	15.285714285714286	2.0046728971962615	14.026568758344457	12.122079839786384	0.2850467289719626	0.06775700934579439	0.6892523364485982	0.0	0.018691588785046728	1.0	0.7661034552263559	5.035714285714286	1.6240601503759398	0.0046433179053738316	6.187696079545455e-05	0.010124610591900311	0.17757009345794392	36.214285714285715	2.04182561432701	3.3570019723865876	2.1882352941176473	0.45560747663551404	0.6572644376899689	-1	-1	0.18691588785046728	0.909098716929252	379	176	28
13-115_de_amateur	de	12.613333333333333	1.905567300916138	11.814894150810431	11.420094505990134	0.3146582100070472	0.09372797744890768	0.7050739957716702	0.0007047216349541931	0.004933051444679351	0.9111111111111111	0.6927477671286361	4.737777777777778	1.6806282722513088	0.004814701851656096	3.3330952092609085e-05	0.0017771241229279653	2.4806201550387597	32.986666666666665	2.176621988260185	3.092595081306276	2.0970394736842106	0.2582804792107118	0.6609419496166662	0.6549271604320477	0.7567373029929032	0.15644820295983086	0.8726168209297246	2418	1123	225
13-119_de_amateur	de	11.9375	1.8568935427574171	10.976968804537524	10.43969345549738	0.3472949389179756	0.06806282722513089	0.6841186736474695	0.0034904013961605585	0.006980802792321117	0.8541666666666666	0.7122095891056746	4.333333333333333	1.6372549019607843	0.005777431838568935	2.589222711864407e-05	0.005796559461480928	0.3856893542757417	30.6875	2.170147212727398	3.0398648648648647	2.020366598778004	0.4572425828970332	0.6625738396624492	0.7216506104864113	0.9047485052853306	0.13263525305410123	0.9311407299457558	500	236	48
13-12_de_amateur	de	9.581920903954803	1.6043632075471699	7.078435001598979	10.101165571367657	0.3419811320754717	0.1008254716981132	0.7110849056603774	0.00294811320754717	0.00589622641509434	0.751412429378531	0.6850679335180331	3.5786516853932584	1.7079037800687284	0.004628294233431604	4.1634687071651094e-05	0.002780689494525972	1.4451650943396226	26.769662921348313	2.542289902797013	2.871651090342679	2.064053940160135	0.33372641509433965	0.6649530369442717	0.6904481064641713	0.8133746356656201	0.13443396226415094	0.8989189597208727	1344	642	178
13-121_de_amateur	de	12.35483870967742	1.9947780678851175	12.766768297818583	12.278065846879473	0.3368146214099217	0.08093994778067885	0.720626631853786	0.005221932114882507	0.013054830287206266	0.9032258064516129	0.7324433080725831	4.193548387096774	1.884297520661157	0.0052412457433420375	3.877600773809524e-05	0.007358177070970805	0.1671018276762402	30.806451612903224	1.949296880367945	3.336108220603538	2.0802292263610314	0.5430809399477807	0.6793309859154922	-1	-1	0.13838120104438642	0.9391526510951094	338	168	31
13-123_de_amateur	de	11.876404494382022	1.684957426679281	8.924295387624507	9.781491690495677	0.3065279091769158	0.06433301797540208	0.718070009460738	0.007568590350047304	0.005676442762535478	0.8202247191011236	0.7855204803495106	3.831578947368421	1.6309859154929578	0.004708774186565752	3.385140602409638e-05	0.00358416418019067	0.7786187322611163	28.36842105263158	2.1231110499851926	2.992957746478873	2.013347022587269	0.391674550614948	0.6672964509394561	0.7759316634154519	0.844374727795005	0.14191106906338694	0.9105315402624478	912	415	95
13-13_de_amateur	de	12.057142857142857	1.5568720379146919	7.483375761679081	9.546783669600542	0.33649289099526064	0.05687203791469194	0.6516587677725119	0.0	0.0	0.8857142857142857	0.7490195456822664	4.4	1.7279411764705883	0.0043642890101895735	5.2425990579710144e-05	0.009281200631911533	0.45734597156398105	31.34285714285714	2.316401774364512	3.1350364963503647	2.2723880597014925	0.4099526066350711	0.6041486068111461	-1	-1	0.15876777251184834	0.9154916297704143	339	138	35
13-16_de_amateur	de	15.152542372881356	1.570469798657718	8.851035149584803	9.60997040913055	0.31543624161073824	0.09731543624161074	0.6722595078299777	0.0011185682326621924	0.007829977628635347	0.9491525423728814	0.7612298882373403	4.6440677966101696	1.8166089965397925	0.005190390544071589	4.563108026755853e-05	0.0042179343773303506	0.8859060402684564	41.88135593220339	2.467852630405904	2.9214026602176544	2.037588097102584	0.3724832214765101	0.6488301886792446	0.7839297370014922	0.8542388451414121	0.13870246085011187	0.925912973486559	714	299	59
13-18_de_amateur	de	15.152542372881356	1.570469798657718	8.851035149584803	9.60997040913055	0.31543624161073824	0.09731543624161074	0.6722595078299777	0.0011185682326621924	0.007829977628635347	0.9491525423728814	0.7612298882373403	4.6440677966101696	1.8166089965397925	0.005190390544071589	4.563108026755853e-05	0.0042179343773303506	0.8859060402684564	41.88135593220339	2.467852630405904	2.9214026602176544	2.037588097102584	0.3724832214765101	0.6488301886792446	0.7839297370014922	0.8542388451414121	0.13870246085011187	0.925912973486559	714	299	59
13-24_de_amateur	de	12.024193548387096	1.7189805499664654	9.38340597347526	9.866967629432509	0.335345405767941	0.07578806170355466	0.6773977196512407	0.004024144869215292	0.004694835680751174	0.9032258064516129	0.7022557136555347	4.141732283464567	1.7164750957854407	0.005012899791348088	5.743851944444445e-05	0.0026217913541857203	1.4694835680751173	30.456692913385826	2.2042117275814976	3.066168898043254	2.120453190220632	0.3615023474178404	0.6722198275862082	0.8164314978548244	0.8723636235378552	0.15023474178403756	0.9216227079832234	1243	576	127
13-25_de_amateur	de	10.775	1.5475638051044083	6.873502900232019	8.674491832946638	0.31554524361948955	0.06264501160092807	0.6635730858468677	0.009280742459396751	0.009280742459396751	0.9	0.7775910536706758	4.2682926829268295	1.7733333333333334	0.005663484508584686	5.9548484090909096e-05	0.008299125468499018	0.6264501160092807	29.29268292682927	2.6248456121496933	3.069594034797017	2.2984615384615386	0.41067285382830626	0.6219277108433734	-1	-1	0.14617169373549885	0.9049805168946897	347	132	41
13-26_de_amateur	de	10.775	1.5475638051044083	6.873502900232019	8.674491832946638	0.31554524361948955	0.06264501160092807	0.6635730858468677	0.009280742459396751	0.009280742459396751	0.9	0.7775910536706758	4.2682926829268295	1.7733333333333334	0.005663484508584686	5.9548484090909096e-05	0.008299125468499018	0.6264501160092807	29.29268292682927	2.6248456121496933	3.069594034797017	2.2984615384615386	0.41067285382830626	0.6219277108433734	-1	-1	0.14617169373549885	0.9049805168946897	347	132	41
13-27_de_amateur	de	10.775	1.5475638051044083	6.873502900232019	8.674491832946638	0.31554524361948955	0.06264501160092807	0.6635730858468677	0.009280742459396751	0.009280742459396751	0.9	0.7775910536706758	4.2682926829268295	1.7733333333333334	0.005663484508584686	5.9548484090909096e-05	0.008299125468499018	0.6264501160092807	29.29268292682927	2.6248456121496933	3.069594034797017	2.2984615384615386	0.41067285382830626	0.6219277108433734	-1	-1	0.14617169373549885	0.9049805168946897	347	132	41
13-28_de_amateur	de	10.416666666666666	1.7312	8.900660000000002	10.262010666666667	0.3408	0.0656	0.6784	0.0048	0.008	0.8833333333333333	0.7283764042216012	4.133333333333334	1.7417840375586855	0.00495962358688	5.283613430962343e-05	0.005348571428571429	0.5408	28.383333333333333	2.349190300036468	3.0719298245614035	2.1627906976744184	0.4448	0.6565779467680608	0.8116845968952051	1.03470908793678	0.1568	0.932343550812047	521	239	60
13-29_de_amateur	de	10.416666666666666	1.7312	8.900660000000002	10.262010666666667	0.3408	0.0656	0.6784	0.0048	0.008	0.8833333333333333	0.7283764042216012	4.133333333333334	1.7417840375586855	0.00495962358688	5.283613430962343e-05	0.005348571428571429	0.5408	28.383333333333333	2.349190300036468	3.0719298245614035	2.1627906976744184	0.4448	0.6565779467680608	0.8116845968952051	1.03470908793678	0.1568	0.932343550812047	521	239	60
13-32_de_amateur	de	14.164948453608247	1.9643377001455604	13.113514758624834	11.159929599783911	0.30131004366812225	0.06550218340611354	0.6863173216885007	0.018922852983988356	0.008733624454148471	0.9278350515463918	0.7074131071727301	4.742268041237113	1.775943396226415	0.005056156934366812	4.100983886010363e-05	0.003962477761604399	0.8493449781659389	33.72164948453608	1.9991123055528495	3.223306894447834	2.0074468085106383	0.32532751091703055	0.6590901960784357	0.7089558007330756	0.8462546134930781	0.16084425036390101	0.8857918049070778	1237	579	97
13-33_de_amateur	de	11.929577464788732	2.12396694214876	14.125345128622975	12.188633616575487	0.34710743801652894	0.08618654073199528	0.69185360094451	0.01770956316410862	0.0070838252656434475	0.8732394366197183	0.6773238995769534	4.28169014084507	1.7152777777777777	0.00438876199974026	3.297978672086721e-05	0.004388407475886035	1.2798110979929163	31.802816901408452	2.173340094818979	3.105794556628622	2.18125	0.39669421487603307	0.6714572192513378	0.6322332828604582	0.7951084528670044	0.12868949232585597	0.898898456335619	733	369	71
13-35_de_amateur	de	14.595238095238095	1.8466557911908645	11.892681193195063	10.598064429425932	0.32137030995106036	0.057096247960848286	0.6606851549755302	0.03262642740619902	0.0065252854812398045	0.9523809523809523	0.7025624243009801	5.142857142857143	1.7524752475247525	0.005035154330157031	5.4954962500000006e-05	0.005845568243610658	0.5954323001631321	38.595238095238095	2.310802202699933	3.1246928746928746	2.3227931488801055	0.4257748776508972	0.6399027237354089	0.7388509832895	0.8351857980219795	0.12887438825448613	0.9246625255970268	500	224	42
13-37_de_amateur	de	9.80722891566265	1.8206388206388207	9.718357360646518	10.84120602113614	0.35872235872235875	0.09336609336609336	0.7100737100737101	0.022113022113022112	0.0036855036855036856	0.6265060240963856	0.7112894311474135	3.819277108433735	1.7526881720430108	0.004620570856985578	4.336282656716418e-05	0.004238329238329238	1.4054054054054055	27.120481927710845	2.2053922981411573	2.9911504424778763	2.118155619596542	0.3808353808353808	0.6374685314685311	0.7436490839334456	0.7066387757809944	0.1339066339066339	0.896941637113883	684	335	83
13-38_de_amateur	de	9.80722891566265	1.8206388206388207	9.718357360646518	10.84120602113614	0.35872235872235875	0.09336609336609336	0.7100737100737101	0.022113022113022112	0.0036855036855036856	0.6265060240963856	0.7112894311474135	3.819277108433735	1.7526881720430108	0.004620570856985578	4.336282656716418e-05	0.004238329238329238	1.4054054054054055	27.120481927710845	2.2053922981411573	2.9911504424778763	2.118155619596542	0.3808353808353808	0.6374685314685311	0.7436490839334456	0.7066387757809944	0.1339066339066339	0.896941637113883	684	335	83
13-4_de_amateur	de	9.581920903954803	1.6043632075471699	7.078435001598979	10.101165571367657	0.3419811320754717	0.1008254716981132	0.7110849056603774	0.00294811320754717	0.00589622641509434	0.751412429378531	0.6850679335180331	3.5786516853932584	1.7079037800687284	0.004628294233431604	4.1634687071651094e-05	0.002780689494525972	1.4451650943396226	26.769662921348313	2.542289902797013	2.871651090342679	2.064053940160135	0.33372641509433965	0.6649530369442717	0.6904481064641713	0.8133746356656201	0.13443396226415094	0.8989189597208727	1344	642	178
13-42_de_amateur	de	15.096153846153847	1.8203821656050956	11.77800955414013	10.44902596766291	0.3184713375796178	0.06369426751592357	0.6726114649681528	0.02165605095541401	0.0025477707006369425	0.9423076923076923	0.7145081940245965	5.5576923076923075	1.6428571428571428	0.005456370195982497	3.400234934640523e-05	0.005382165605095541	0.8012738853503185	40.05769230769231	2.362146910749546	2.999521072796935	2.174488567990373	0.38598726114649684	0.6448979591836743	0.5882778190856228	0.7636444745189832	0.1337579617834395	0.9003607883352572	671	306	52
13-44_de_amateur	de	9.708695652173914	1.8746081504702194	10.316767479896416	10.885284508654765	0.3537841468875952	0.08419167039856695	0.7357814599193909	0.0022391401701746527	0.0049261083743842365	0.6782608695652174	0.7031576834759328	3.630434782608696	1.5657071339173967	0.004172805113564711	3.960878843322818e-05	0.0019111534410223095	2.9570085087326468	26.404347826086955	2.2957923904056234	2.9903515944399017	2.0376740376740377	0.2924317062248097	0.6666729147141655	0.7630619376799046	0.8874530782829594	0.13166144200626959	0.880126730689414	1926	951	230
13-45_de_amateur	de	12.791044776119403	1.9638273045507584	12.571669656385517	11.655681356345461	0.3313885647607935	0.07234539089848308	0.6802800466744457	0.003500583430571762	0.002333722287047841	0.8955223880597015	0.6851265781986376	4.895522388059701	1.6879194630872483	0.0047067125478296385	4.13511260989011e-05	0.0039867755737067285	0.8214702450408401	34.43283582089552	2.3546441101625173	3.0103941100043308	2.0861850443599494	0.41656942823803966	0.6605277044854861	0.9132507658059877	0.8435961891441669	0.1516919486581097	0.9146153665673024	754	364	67
13-53_de_amateur	de	12.791044776119403	1.9638273045507584	12.571669656385517	11.655681356345461	0.3313885647607935	0.07234539089848308	0.6802800466744457	0.003500583430571762	0.002333722287047841	0.8955223880597015	0.6851265781986376	4.895522388059701	1.6879194630872483	0.0047067125478296385	4.13511260989011e-05	0.0039867755737067285	0.8214702450408401	34.43283582089552	2.3546441101625173	3.0103941100043308	2.0861850443599494	0.41656942823803966	0.6605277044854861	0.9132507658059877	0.8435961891441669	0.1516919486581097	0.9146153665673024	754	364	67
13-55_de_amateur	de	8.444444444444445	1.9671052631578947	10.915175438596492	12.428950584795324	0.35855263157894735	0.10526315789473684	0.6973684210526315	0.0	0.003289473684210526	0.8611111111111112	0.7541369324076094	3.5555555555555554	1.7456140350877194	0.00533597143125	3.524828307692308e-05	0.010485197368421052	0.25	25.77777777777778	2.629139874425972	2.943496801705757	2.162025316455696	0.5460526315789473	0.6826829268292687	-1	-1	0.15460526315789475	0.9419486447068571	255	130	36
13-56_de_amateur	de	12.738095238095237	1.8242990654205606	10.904586114819757	10.246117935024479	0.297196261682243	0.07102803738317758	0.6542056074766355	0.0	0.001869158878504673	0.9285714285714286	0.7008336444688203	4.348837209302325	1.7413793103448276	0.005154691573644859	3.2043995e-05	0.0058652916532388015	0.5850467289719626	31.325581395348838	2.0121348313830953	3.076239822353812	1.9666666666666666	0.43177570093457945	0.6537844036697248	-1	0.8056667154648564	0.17383177570093458	0.9201311339371612	479	220	43
13-57_de_amateur	de	12.891891891891891	1.7725366876310273	10.35377075188396	10.507914261431242	0.2976939203354298	0.07232704402515723	0.6939203354297694	0.02410901467505241	0.008385744234800839	0.972972972972973	0.7249235163916566	4.578947368421052	1.7157534246575343	0.004240665571802935	4.8453118863049095e-05	0.0046274991051797314	0.5628930817610063	31.460526315789473	2.1278331448829975	3.132665832290363	2.0332975295381313	0.389937106918239	0.6576491228070194	0.7915992069463998	0.884438966073743	0.16352201257861634	0.9082343623786386	814	387	76
13-58_de_amateur	de	13.785714285714286	1.9455958549222798	12.744459659511477	12.074375573649148	0.3238341968911917	0.06476683937823834	0.7098445595854922	0.02072538860103627	0.0025906735751295338	1.0	0.7140905113326257	5.392857142857143	1.544776119402985	0.0037811533699481864	5.662970833333333e-05	0.008095854922279794	0.4533678756476684	39.42857142857143	2.712116718980313	3.0208333333333335	2.069529652351738	0.47150259067357514	0.689895470383275	-1	-1	0.15284974093264247	0.9139113095929519	324	156	28
13-59_de_amateur	de	12.384615384615385	1.6614906832298137	8.845590062111807	8.994620735785954	0.30434782608695654	0.06521739130434782	0.6894409937888198	0.024844720496894408	0.003105590062111801	0.9615384615384616	0.7901685754855764	4.615384615384615	1.6538461538461537	0.004470519673291926	5.0651274166666664e-05	0.012939958592132506	0.18944099378881987	31.153846153846153	2.4788939390607685	3.081180811808118	2.1408045977011496	0.468944099378882	0.6615695067264569	-1	-1	0.14596273291925466	0.9018267488493644	276	120	26
13-6_de_amateur	de	9.581920903954803	1.6043632075471699	7.078435001598979	10.101165571367657	0.3419811320754717	0.1008254716981132	0.7110849056603774	0.00294811320754717	0.00589622641509434	0.751412429378531	0.6850679335180331	3.5786516853932584	1.7079037800687284	0.004628294233431604	4.1634687071651094e-05	0.002780689494525972	1.4451650943396226	26.769662921348313	2.542289902797013	2.871651090342679	2.064053940160135	0.33372641509433965	0.6649530369442717	0.6904481064641713	0.8133746356656201	0.13443396226415094	0.8989189597208727	1344	642	178
13-60_de_amateur	de	14.043478260869565	1.8018575851393188	11.148876026383093	12.354710432090457	0.3219814241486068	0.11145510835913312	0.653250773993808	0.0	0.0030959752321981426	1.0	0.7250369228060615	5.260869565217392	1.7636363636363637	0.004837272662848297	4.789702479338843e-05	0.009287925696594427	0.21671826625386997	39.47826086956522	2.457792936741126	2.928649835345774	2.024154589371981	0.5294117647058824	0.6755803571428569	-1	-1	0.13312693498452013	0.9405872636907587	265	121	23
13-62_de_amateur	de	10.752808988764045	1.760710553814002	9.379980040623202	9.405858168668475	0.34691745036572624	0.06687565308254964	0.6875653082549634	0.0041797283176593526	0.0010449320794148381	0.6853932584269663	0.7021353391857575	3.853932584269663	1.72	0.004631479205329154	4.1081500265957445e-05	0.003780195463765444	1.5903866248693834	27.202247191011235	2.116429923485527	3.0440873506386485	2.0660377358490565	0.3458725182863114	0.6424825174825181	0.796932270339601	0.7551879050191903	0.14106583072100312	0.8926933547538094	816	376	89
13-63_de_amateur	de	8.523809523809524	1.8100558659217878	9.092944932162812	11.035711678637938	0.3687150837988827	0.055865921787709494	0.7430167597765364	0.0	0.0223463687150838	0.7619047619047619	0.7006315253374076	2.6818181818181817	1.4923076923076923	0.004376517613407822	4.208199875e-05	0.013966480446927375	0.11731843575418995	20.59090909090909	2.0322823121619913	3.0728476821192054	1.9717514124293785	0.664804469273743	0.7575000000000006	-1	-1	0.15083798882681565	0.9629123820901035	155	80	22
13-65_de_amateur	de	11.112244897959183	1.707070707070707	8.887209853638424	9.29532731020783	0.3204775022956841	0.08723599632690542	0.7235996326905417	0.0027548209366391185	0.006427915518824609	0.8163265306122449	0.7072910249386419	3.490566037735849	1.7039106145251397	0.004457461446648301	3.759877270642202e-05	0.0036557686643449933	0.8760330578512396	26.641509433962263	2.1877564349827034	3.0052798310454065	2.0901287553648067	0.3783287419651056	0.6585353535353533	0.5938717626827921	0.7809108638806703	0.1423324150596878	0.9078278509240387	928	436	106
13-67_de_amateur	de	11.112244897959183	1.707070707070707	8.887209853638424	9.29532731020783	0.3204775022956841	0.08723599632690542	0.7235996326905417	0.0027548209366391185	0.006427915518824609	0.8163265306122449	0.7072910249386419	3.490566037735849	1.7039106145251397	0.004457461446648301	3.759877270642202e-05	0.0036557686643449933	0.8760330578512396	26.641509433962263	2.1877564349827034	3.0052798310454065	2.0901287553648067	0.3783287419651056	0.6585353535353533	0.5938717626827921	0.7809108638806703	0.1423324150596878	0.9078278509240387	928	436	106
13-69_de_amateur	de	13.303571428571429	1.9932885906040267	13.119198226270374	11.518135666347078	0.348993288590604	0.07516778523489932	0.6751677852348993	0.024161073825503355	0.005369127516778523	0.8928571428571429	0.7243634404744931	4.303571428571429	1.7333333333333334	0.003960366079731543	4.031851246200608e-05	0.004940739682993003	1.1181208053691276	33.982142857142854	2.233930111823051	3.080628272251309	1.9878603945371776	0.40939597315436244	0.6833746130030971	0.7339359777384807	0.9187470657124033	0.13020134228187918	0.8959463611632369	650	329	56
13-7_de_amateur	de	12.914893617021276	1.6655683690280065	9.100515265168777	9.496281250657226	0.30477759472817134	0.06260296540362438	0.6523887973640856	0.008237232289950576	0.008237232289950576	0.8723404255319149	0.7275682391471926	4.204081632653061	1.7309644670050761	0.004890007672487645	4.2867127678571425e-05	0.006295598964462227	0.5535420098846787	29.693877551020407	2.05243998902233	3.1747772446881424	2.0854700854700856	0.4299835255354201	0.6744881889763771	0.9409917495278831	0.891625254625831	0.1614497528830313	0.9271263842348056	520	224	49
13-70_de_amateur	de	13.303571428571429	1.9932885906040267	13.119198226270374	11.518135666347078	0.348993288590604	0.07516778523489932	0.6751677852348993	0.024161073825503355	0.005369127516778523	0.8928571428571429	0.7243634404744931	4.303571428571429	1.7333333333333334	0.003960366079731543	4.031851246200608e-05	0.004940739682993003	1.1181208053691276	33.982142857142854	2.233930111823051	3.080628272251309	1.9878603945371776	0.40939597315436244	0.6833746130030971	0.7339359777384807	0.9187470657124033	0.13020134228187918	0.8959463611632369	650	329	56
13-74_de_amateur	de	13.292307692307693	1.8478009259259258	11.398050925925926	10.473405559116808	0.34085648148148145	0.08159722222222222	0.6886574074074074	0.004629629629629629	0.012152777777777778	0.9461538461538461	0.7094048952244171	4.653846153846154	1.6643233743409491	0.004680982728935185	4.3601229319371724e-05	0.0026445413436692504	1.3478009259259258	32.15384615384615	2.045040855537682	3.1671049486014824	2.1137640449438204	0.33912037037037035	0.6567710251688158	0.8429070421627666	0.912648123076985	0.13368055555555555	0.8975467122220753	1528	764	130
13-76_de_amateur	de	10.03125	1.7725856697819315	9.238698403426792	10.966430607476637	0.32710280373831774	0.12149532710280374	0.6635514018691588	0.0	0.009345794392523364	0.78125	0.6648368916318969	3.625	1.8504672897196262	0.004312490351090343	3.845644878048781e-05	0.010384215991692628	0.26479750778816197	29.46875	2.3159158125740444	2.8793284365162646	2.0672645739910314	0.4953271028037383	0.6609009009009005	-1	-1	0.1277258566978193	0.9373829374348133	264	123	32
13-79_de_amateur	de	12.294117647058824	1.7870813397129186	10.292265690965383	10.29348316915283	0.33014354066985646	0.07177033492822966	0.6830143540669856	0.0023923444976076554	0.007177033492822967	0.8970588235294118	0.7106630321913813	4.485294117647059	1.6552901023890785	0.00525738752416268	3.772516882716049e-05	0.0038415531836584467	1.2535885167464116	33.05882352941177	2.25871209982945	2.9752431476569408	2.0256410256410255	0.4043062200956938	0.6830664857530543	0.7587766337279434	0.8272672606790841	0.14473684210526316	0.9182672925895476	708	324	68
13-80_de_amateur	de	13.545454545454545	1.9231916480238629	12.38638871940886	10.890277255779269	0.3042505592841163	0.07307979120059657	0.6815809097688292	0.0037285607755406414	0.005965697240865026	0.9292929292929293	0.7130569086768361	4.707070707070707	1.7613636363636365	0.00563960610917226	3.7368148708487085e-05	0.0032811334824757645	1.0626398210290828	33.62626262626262	2.1538085991259734	3.132613261326133	2.0397412199630316	0.3400447427293065	0.6582447665056365	0.7268539715071465	0.8536376543210578	0.14988814317673377	0.8984515999048174	1184	542	99
13-81_de_amateur	de	13.989247311827956	1.7448116833205227	10.454584314795074	9.200743119023414	0.3305149884704074	0.056110684089162186	0.665641813989239	0.006917755572636433	0.006917755572636433	0.9032258064516129	0.6771673487207951	4.827956989247312	1.7535211267605635	0.005148591082417525	4.262104263261297e-05	0.003330771201639764	1.2744043043812452	34.81720430107527	2.092830469593883	3.0307692307692307	1.989558232931727	0.3366641045349731	0.6619384359401002	0.7005248811489937	0.8614039422614423	0.1398923904688701	0.8940554365444654	1128	509	93
13-82_de_amateur	de	11.48421052631579	1.8405132905591202	10.606898933860776	10.58977044912924	0.3208065994500458	0.08065994500458296	0.69019248395967	0.007332722273143905	0.011915673693858845	0.8842105263157894	0.6732885993065317	4.134020618556701	1.664021164021164	0.005024335491842347	4.154716445916115e-05	0.0038191261839291175	1.0073327222731439	28.567010309278352	2.0898836040702133	3.119397633560416	2.0548354935194415	0.3675527039413382	0.6989919354838706	0.6263228886605565	0.7590368603052824	0.14390467461044912	0.8974876622309896	950	453	97
13-83_de_amateur	de	13.573529411764707	1.9165763813651138	12.31927777069658	11.684418277993755	0.31094257854821233	0.10184182015167931	0.6933911159263272	0.011917659804983749	0.009750812567713976	0.9558823529411765	0.7132875561807811	4.794117647058823	1.8205980066445182	0.005407839130010835	3.4605747557840613e-05	0.004358890372647333	0.7356446370530878	34.35294117647059	2.1003681214699736	3.1863539445629	2.119767441860465	0.4106175514626219	0.694381067961167	0.6420401749035797	0.7296081662681331	0.13542795232936078	0.9081962509646365	802	389	68
13-84_de_amateur	de	11.815384615384616	1.8619791666666667	10.989354166666669	11.542810953525642	0.2994791666666667	0.09635416666666667	0.7174479166666666	0.0026041666666666665	0.006510416666666667	0.8923076923076924	0.6905055351673866	4.2153846153846155	1.7222222222222223	0.00481213833125	4.410444570552148e-05	0.005287247474747474	0.4140625	29.753846153846155	2.177883101162039	3.173689619732785	2.08355091383812	0.40234375	0.6300448430493263	0.7120365909123406	0.8446131621066942	0.15494791666666666	0.909414811095541	660	326	65
13-85_de_amateur	de	13.771929824561404	1.8471337579617835	11.577230975527993	10.7683991507431	0.3019108280254777	0.07070063694267516	0.6815286624203821	0.01019108280254777	0.0070063694267515925	0.9473684210526315	0.714675372592619	4.640350877192983	1.7585513078470825	0.004810978913630574	4.570698136439268e-05	0.0025394987178426667	1.1254777070063695	34.81578947368421	2.095589953258462	3.1473763494853126	2.067140090380891	0.3554140127388535	0.6818286879673721	0.7086394265721021	0.8529568081024985	0.15859872611464967	0.9044012694307343	1340	601	114
13-86_de_amateur	de	13.45631067961165	1.8138528138528138	11.061424368511748	10.86581866655459	0.31746031746031744	0.09884559884559885	0.6940836940836941	0.010101010101010102	0.007215007215007215	0.9320388349514563	0.7164272542876631	4.592233009708738	1.816326530612245	0.004691483910822511	4.749938970588235e-05	0.0031536563794628313	0.8773448773448773	34.83495145631068	2.179689850050951	3.1016666666666666	2.04062288422478	0.3629148629148629	0.679316239316243	0.7386762453744691	0.8396976025096095	0.13564213564213565	0.9044514034382881	1169	544	103
13-87_de_amateur	de	11.796296296296296	1.9089481946624804	11.536144252572825	10.405755183440897	0.3328100470957614	0.08006279434850863	0.6970172684458399	0.006279434850863423	0.006279434850863423	0.9074074074074074	0.7420789624856554	4.37037037037037	1.6973684210526316	0.004735834122291994	4.344638481481481e-05	0.005169046980893671	1.0172684458398744	30.61111111111111	2.18929043073604	3.1243243243243244	2.047001620745543	0.40816326530612246	0.6893866171003725	0.8585857134243308	0.842317800190795	0.15698587127158556	0.9008654856415246	550	270	54
13-88_de_amateur	de	10.766666666666667	1.8173374613003095	10.053582043343656	10.029335273477813	0.29721362229102166	0.05263157894736842	0.6563467492260062	0.0030959752321981426	0.0	0.7666666666666667	0.7142276571956565	3.7333333333333334	1.6902654867256637	0.005406279915479877	7.214164601769912e-05	0.009006473402758234	0.07430340557275542	25.466666666666665	2.0777076904576903	3.1818181818181817	2.3076923076923075	0.5201238390092879	0.634107142857143	-1	-1	0.15789473684210525	0.9632966590079632	271	113	30
13-9_de_amateur	de	14.0	1.8348214285714286	11.520892857142861	12.159349107142859	0.35714285714285715	0.09375	0.6785714285714286	0.002232142857142857	0.011160714285714286	0.96875	0.6754157371899306	5.1875	1.6993865030674846	0.004273974345982143	4.754705483870968e-05	0.009725765306122448	0.5379464285714286	35.65625	2.169173065968641	3.1343804537521813	2.0092807424593966	0.39285714285714285	0.6124355300859596	-1	-1	0.13169642857142858	0.8694058602426904	379	186	32
13-90_de_amateur	de	8.517241379310345	1.9352226720647774	10.567351668295409	12.017584782912188	0.3522267206477733	0.09716599190283401	0.6963562753036437	0.004048582995951417	0.012145748987854251	0.896551724137931	0.7209536990786992	3.7666666666666666	1.6451612903225807	0.0047439685267206474	4.092767083333334e-05	0.009615384615384616	0.2550607287449393	23.3	2.117281994512387	2.9743589743589745	2.1374269005847952	0.5708502024291497	0.681081081081081	-1	-1	0.1417004048582996	0.9399938964272211	198	96	30
13-91_de_amateur	de	12.99290780141844	1.9033842794759825	11.937168540369786	10.817004795750876	0.31768558951965065	0.05294759825327511	0.6692139737991266	0.023471615720524017	0.0054585152838427945	0.8156028368794326	0.7091912524183829	4.388888888888889	1.7638888888888888	0.004727289125491267	4.801856315049227e-05	0.0020326471199833647	1.7461790393013101	31.28472222222222	2.078815472214549	3.1828810941981027	2.225845410628019	0.3384279475982533	0.6604673975764571	0.6612782768759179	0.7518631300659662	0.13209606986899564	0.9093284161228339	1595	711	144
13-92_de_amateur	de	11.928251121076233	1.957142857142857	12.156303651505446	11.263324640075526	0.33421052631578946	0.06879699248120301	0.6714285714285714	0.015413533834586466	0.005639097744360902	0.8161434977578476	0.6996201890334764	4.192982456140351	1.6907675194660734	0.004745140646792519	4.482050578898226e-05	0.001653105366155114	2.382330827067669	29.517543859649123	2.1343101759313816	3.1455537531337563	2.175417661097852	0.2864661654135338	0.656556032799691	0.636238545369652	0.7162894543785269	0.12481203007518797	0.8858526826996367	2318	1071	228
13-93_de_amateur	de	11.307692307692308	1.772108843537415	9.730884353741498	10.155340031397174	0.3129251700680272	0.1054421768707483	0.7006802721088435	0.01020408163265306	0.0	0.8846153846153846	0.6485830625830624	3.8461538461538463	1.900990099009901	0.00521005333367347	3.418137068965517e-05	0.012876579203109815	0.25510204081632654	30.192307692307693	2.364150240784856	2.9493029150823826	1.9795918367346939	0.5102040816326531	0.6437435897435895	-1	-1	0.11224489795918367	0.908258377344776	242	116	26
13-94_de_amateur	de	11.07843137254902	2.038938053097345	12.79005726184279	10.7849951414194	0.3415929203539823	0.09557522123893805	0.6884955752212389	0.012389380530973451	0.0017699115044247787	0.9215686274509803	0.6949527275770848	4.294117647058823	1.8102564102564103	0.0050505055913274335	4.0464677959183677e-05	0.005063913470993117	0.4300884955752212	29.50980392156863	2.294335192274376	3.1163563829787235	2.1961805555555554	0.4743362831858407	0.6920171673819748	-1	1.0357266328570447	0.12920353982300886	0.9225478283324006	486	245	51
13-96_de_amateur	de	17.476190476190474	1.8991825613079019	13.636068509147528	11.884185260153107	0.2997275204359673	0.08719346049046321	0.7193460490463215	0.005449591280653951	0.008174386920980926	1.0	0.6991920313275812	5.285714285714286	1.7317073170731707	0.0037990897771117164	5.084411655172413e-05	0.007655378227585311	0.335149863760218	44.04761904761905	2.128311183178851	3.1037837837837836	2.0062111801242235	0.5204359673024523	0.7237313432835824	-1	-1	0.14713896457765668	0.9293189173176031	319	145	21
13-97_de_amateur	de	16.1796875	2.042491549975857	14.821478414715113	12.532923614799614	0.3408981168517624	0.08739739256397876	0.6982134234669242	0.0028971511347175277	0.0028971511347175277	0.953125	0.7178517327367221	5.3984375	1.6950354609929077	0.0048751293399324	3.8309334555555556e-05	0.0019020427014884637	2.5060357315306616	42.828125	2.333397625497489	3.1270275195917625	2.069842988630211	0.33848382423949785	0.6954107505071128	0.6961536699837169	0.7573515072165224	0.12795750845002415	0.9013335307354065	1807	900	128
13-98_de_amateur	de	13.277777777777779	1.6317991631799162	8.843563458856348	8.57132059507206	0.3179916317991632	0.07112970711297072	0.6527196652719666	0.0	0.0041841004184100415	1.0	0.6971084938664297	4.611111111111111	1.8227848101265822	0.004913837338912134	5.851919024390244e-05	0.012552301255230124	0.2594142259414226	33.888888888888886	2.3597553468453545	3.0230642504118617	2.0256410256410255	0.5690376569037657	0.6742142857142861	-1	-1	0.11715481171548117	0.921420853635546	201	82	18
13-99_de_amateur	de	15.5	1.603225806451613	9.37306451612903	8.953632258064516	0.3161290322580645	0.08064516129032258	0.603225806451613	0.0032258064516129032	0.02258064516129032	1.0	0.7218872845556973	5.05	1.81	0.00553789590483871	2.6880894285714285e-05	0.01	0.36129032258064514	40.25	2.2507191491086758	2.9205955334987594	2.031578947368421	0.44516129032258067	0.619383886255925	-1	-1	0.12580645161290321	0.9034655010003789	253	105	20
14-1_de_amateur	de	11.828947368421053	1.9466073414905452	11.993256103272646	11.519429588431592	0.3337041156840934	0.07230255839822025	0.6707452725250278	0.0033370411568409346	0.010011123470522803	0.9078947368421053	0.7480955714172198	4.171052631578948	1.6956521739130435	0.00474276187919911	3.4848934020618555e-05	0.004024673880068763	1.1635150166852057	29.82894736842105	2.0985093138934054	3.111986001749781	2.0560109289617485	0.40378197997775306	0.6922125000000028	0.779040473312099	0.937558265999829	0.1468298109010011	0.9085884164879324	792	388	76
14-10_de_amateur	de	12.136986301369863	2.020316027088036	12.983153777173072	12.136764606203037	0.32054176072234764	0.08013544018058691	0.6693002257336343	0.001128668171557562	0.007900677200902935	0.9452054794520548	0.7065643470007026	4.438356164383562	1.7372013651877134	0.005107594666704289	3.161304201030928e-05	0.004138449962377727	1.0417607223476297	31.15068493150685	2.2515932449114517	3.126149802890933	2.0089285714285716	0.40970654627539504	0.7005082592121997	0.6698398581689783	0.8268091946616324	0.15124153498871332	0.9180113692059391	788	388	73
14-14_de_amateur	de	8.852941176470589	2.159468438538206	13.344374633574365	11.673318076998244	0.4186046511627907	0.06976744186046512	0.707641196013289	0.0	0.0033222591362126247	0.7352941176470589	0.7002770777415808	3.4705882352941178	1.6229508196721312	0.004475605301661129	2.697724255319149e-05	0.008811209013433482	0.38205980066445183	23.41176470588235	2.1785037484118703	3.164400494437577	2.3257575757575757	0.5249169435215947	0.641188118811881	-1	-1	0.10963455149501661	0.9264881667799413	270	141	34
14-15_de_amateur	de	16.583333333333332	2.036180904522613	14.904434673366833	11.71012529313233	0.32763819095477387	0.07738693467336684	0.6633165829145728	0.0010050251256281408	0.003015075376884422	0.95	0.744685672424515	5.316666666666666	1.746875	0.005226330808542713	3.1068783847981e-05	0.003495739567402229	1.743718592964824	43.3	2.3241027261999694	3.180353031465848	2.1222091656874267	0.33869346733668343	0.6419084821428608	0.6631193892898481	0.6973883466538372	0.13969849246231156	0.8841070439007944	884	421	60
14-16_de_amateur	de	14.958333333333334	1.8885793871866294	12.52898676880223	10.619988765088209	0.31197771587743733	0.06128133704735376	0.6323119777158774	0.013927576601671309	0.008356545961002786	1.0	0.7221891265108201	4.72	1.7818181818181817	0.004864575059913649	2.6835594285714284e-05	0.010499250053567602	0.20055710306406685	33.44	1.9706005674045368	3.2231503579952268	2.00398406374502	0.5013927576601671	0.6770384615384614	-1	-1	0.16434540389972144	0.9339244166526252	321	140	25
14-17_de_amateur	de	12.777777777777779	1.9188405797101449	12.035652173913046	10.195937198067634	0.28695652173913044	0.0463768115942029	0.6753623188405797	0.005797101449275362	0.011594202898550725	0.8888888888888888	0.6916559326189307	3.9	1.766990291262136	0.00461755838	4.1407642647058824e-05	0.016337285902503294	0.11884057971014493	28.333333333333332	1.8696950472091136	3.140845070422535	2.042307692307692	0.43768115942028984	0.5984959349593497	-1	-1	0.1826086956521739	0.8945161540721639	303	136	30
14-18_de_amateur	de	7.719178082191781	2.1827861579414374	13.177356115763757	12.516587125475564	0.4161490683229814	0.064773735581189	0.7116237799467613	0.0026619343389529724	0.006211180124223602	0.5821917808219178	0.630746755659163	3.0805369127516777	1.6160919540229886	0.004156599707630879	2.598620096711799e-05	0.0032165039929015087	1.2040816326530612	22.28187919463087	2.308448924392989	2.917921464422793	2.129777070063694	0.46938775510204084	0.7282295719844307	0.9500494632089591	0.9842069432680104	0.10736468500443656	0.9366456980714785	947	517	149
14-2_de_amateur	de	6.80327868852459	1.925301204819277	9.781832905392061	11.385785305155046	0.4433734939759036	0.07710843373493977	0.7349397590361446	0.03132530120481928	0.00963855421686747	0.639344262295082	0.692318677910783	2.7142857142857144	1.552325581395349	0.004717612330361446	2.804114742268041e-05	0.00673281360737066	0.9325301204819277	17.257142857142856	2.121314437821179	2.972682119205298	2.151898734177215	0.5036144578313253	0.6855379746835442	-1	-1	0.06746987951807229	0.9240063615002635	348	194	70
14-20_de_amateur	de	11.879310344827585	1.806966618287373	10.365137130273762	10.003281647565187	0.34760522496371554	0.05660377358490566	0.6770682148040639	0.007982583454281567	0.008708272859216255	0.9137931034482759	0.7368891723498345	4.2844827586206895	1.7792792792792793	0.004993545685921625	4.503281856392294e-05	0.0027479438800193517	1.1132075471698113	28.767241379310345	2.059096642768877	3.1982758620689653	2.11216429699842	0.39477503628447025	0.6895074276778757	0.8303966452631742	0.8944854834810294	0.13933236574746008	0.9237862973138635	1195	571	116
14-21_de_amateur	de	10.992366412213741	2.1013888888888888	13.493411789652246	12.341736164122137	0.3229166666666667	0.07291666666666667	0.6826388888888889	0.0006944444444444445	0.009722222222222222	0.8396946564885496	0.6665895739267762	4.022900763358779	1.7085953878406708	0.005194204916388888	3.340905875968992e-05	0.002944444444444445	1.41875	26.885496183206108	2.177773327312452	3.2412921348314607	2.1661918328584995	0.3347222222222222	0.6644369873228946	0.6791327172847821	0.7794590359224836	0.15486111111111112	0.8935723975286736	1305	645	131
14-23_de_amateur	de	13.125874125874127	1.9312733084709643	12.318115949048291	10.328596606696447	0.29675013319126264	0.06446457112413426	0.6776771443793287	0.005860415556739478	0.009589770911028236	0.9230769230769231	0.7379575051331968	4.391608391608392	1.7721739130434782	0.004797804774746936	5.159623570536829e-05	0.0023500858343692655	1.4698987746403835	29.748251748251747	1.9929642694714893	3.3031939877876937	2.0979498861047836	0.3164624400639318	0.6799943757030393	0.6636908359261371	0.8130147868943108	0.15982951518380395	0.8856867449868713	1685	801	143
14-24_de_amateur	de	12.60919540229885	1.9051959890610757	11.808898877817246	10.70766038831086	0.3445761166818596	0.06289881494986327	0.6791248860528715	0.013673655423883319	0.014585232452142206	0.9080459770114943	0.7629160845829495	4.597701149425287	1.7514124293785311	0.004446924045077484	5.138259845814978e-05	0.0048807353388027955	0.764813126709207	27.770114942528735	1.8869567924544965	3.3278553820870993	2.042983565107459	0.3664539653600729	0.6612224448897768	0.8170804120574833	0.8770202070163362	0.1431175934366454	0.9024800912986296	972	454	87
14-25_de_amateur	de	12.547169811320755	1.9451127819548872	12.255727053482765	10.641804085685914	0.3255639097744361	0.07142857142857142	0.6729323308270677	0.014285714285714285	0.007518796992481203	0.9339622641509434	0.7548094761740874	4.140186915887851	1.7814726840855106	0.004201896140231579	6.752850519031143e-05	0.003544575725026853	1.17593984962406	27.523364485981308	1.9414753805033318	3.380453161988502	2.172211350293542	0.34135338345864663	0.6857026807473587	0.7156693910857647	0.827372911775578	0.1406015037593985	0.8849053772946358	1177	578	107
14-27_de_amateur	de	12.078947368421053	1.8442265795206971	10.882663112028439	9.559578213507626	0.3453159041394335	0.06318082788671024	0.6699346405228758	0.013071895424836602	0.017429193899782137	0.9342105263157895	0.7616499141154024	4.223684210526316	1.8652482269503545	0.004182612132997822	6.633621119402984e-05	0.005543451948680707	0.7875816993464052	26.0	1.8704406423336681	3.343923348461926	2.042274052478134	0.3681917211328976	0.652442002442003	0.8577576709045143	0.9183808180137493	0.13725490196078433	0.8784958307365568	812	402	76
14-29_de_amateur	de	11.127659574468085	2.0076481835564053	12.440035800008136	10.503364948537488	0.32695984703632885	0.07839388145315487	0.6749521988527725	0.0076481835564053535	0.011472275334608031	0.8936170212765957	0.7821959731543283	3.9148936170212765	1.8363636363636364	0.004021867788527724	8.87682082644628e-05	0.009082217973231357	0.4588910133843212	24.80851063829787	1.9121921523232763	3.3126064735945486	2.207317073170732	0.390057361376673	0.642004716981131	-1	0.9289790359770371	0.13957934990439771	0.862862485363037	461	242	47
14-3_de_amateur	de	11.867647058823529	1.9107806691449813	11.585594248851958	10.478155346599607	0.3184634448574969	0.0644361833952912	0.6827757125154895	0.0024783147459727386	0.009913258983890954	0.9264705882352942	0.7107323738437334	4.279411764705882	1.5551470588235294	0.004922246088104089	3.474067093023256e-05	0.004323282390196888	0.9516728624535316	29.720588235294116	2.0658809773723332	3.125184820108428	1.9906103286384977	0.4225526641883519	0.7076412429378514	0.6362513217393729	0.7658434657954765	0.15737298636926889	0.9146827635317244	721	344	68
14-30_de_amateur	de	12.31578947368421	1.8860398860398861	11.468428550007499	10.59845925925926	0.3475783475783476	0.07264957264957266	0.6809116809116809	0.0014245014245014246	0.01282051282051282	0.8947368421052632	0.7855281648094563	4.315789473684211	1.7510917030567685	0.00422639575968661	6.032316949685535e-05	0.006145706145706146	0.6381766381766382	27.894736842105264	1.9699972734730578	3.28	2.132575757575758	0.42165242165242167	0.6826368159203984	0.732810314570297	0.81427846752796	0.14245014245014245	0.8943501631898547	631	318	57
14-31_de_amateur	de	8.472222222222221	1.9431693989071037	10.643565573770491	10.589544626593808	0.37814207650273224	0.09617486338797815	0.6852459016393443	0.00546448087431694	0.006557377049180328	0.6759259259259259	0.7836921306140703	3.5929203539823007	1.589820359281437	0.004038237907978142	5.3337624940617574e-05	0.0038464267972464694	1.7333333333333334	20.0	2.1615874201738037	3.128305158214131	2.1594036697247705	0.3377049180327869	0.6828553921568655	0.3854340282412552	0.5634304606985814	0.09617486338797815	0.8751594174673467	796	421	113
14-36_de_amateur	de	13.108108108108109	1.8412371134020618	11.248760100306495	10.092098356088046	0.30412371134020616	0.06391752577319587	0.6556701030927835	0.003092783505154639	0.005154639175257732	0.9459459459459459	0.7090461073917635	4.2875	1.75625	0.005706054616494845	2.796842627118644e-05	0.003780068728522337	1.02680412371134	30.7375	2.0582890266822433	3.077390599675851	2.1136612021857926	0.37216494845360826	0.6540183696900125	0.7789099657273297	0.8800164105177251	0.14432989690721648	0.9044128753348379	833	354	80
14-37_de_amateur	de	12.933333333333334	1.556701030927835	7.8230721649484565	7.741138900343643	0.32989690721649484	0.04896907216494845	0.6211340206185567	0.015463917525773196	0.005154639175257732	0.9	0.6961225995297736	4.0588235294117645	1.7681159420289856	0.006461118499484536	2.6813976470588235e-05	0.011211340206185565	0.38144329896907214	28.029411764705884	1.9230961942437985	2.9655172413793105	1.969945355191257	0.38917525773195877	0.5904498269896198	-1	-1	0.12371134020618557	0.8558900873740056	333	136	34
14-38_de_amateur	de	12.66	1.8341232227488151	10.99005402843602	11.308134306477093	0.334913112164297	0.061611374407582936	0.6729857819905213	0.0	0.007898894154818325	0.92	0.7148566290000389	4.76	1.7464788732394365	0.005235990795418641	2.6996179841897234e-05	0.00631911532385466	0.660347551342812	33.46	2.2902218161417354	3.0344622697563874	2.006125574272588	0.3854660347551343	0.6513108614232213	0.7756916812162566	0.9732754847434104	0.15639810426540285	0.9043184681178454	539	253	50
14-39_de_amateur	de	13.428571428571429	1.7411347517730495	10.192532928064843	8.578909625126649	0.30141843971631205	0.0673758865248227	0.6347517730496454	0.0	0.0070921985815602835	0.9523809523809523	0.6736021572277938	4.619047619047619	1.8	0.0061653944234042555	3.684232909090909e-05	0.011456628477905073	0.19858156028368795	31.19047619047619	2.292522171328094	3.146788990825688	1.9732620320855614	0.5035460992907801	0.6473770491803281	-1	-1	0.13120567375886524	0.9213384597461769	257	110	21
14-4_de_amateur	de	12.471428571428572	1.870561282932417	11.346480281459662	10.597622628047784	0.3207331042382589	0.0836197021764032	0.6586483390607102	0.001145475372279496	0.0057273768613974796	0.9	0.6971561964823263	4.185714285714286	1.7708333333333333	0.004653841616059564	3.057919262295082e-05	0.004271668575792287	0.9495990836197021	31.728571428571428	2.1796078637615133	3.083556747095621	2.078167115902965	0.38717067583046966	0.6754780361757129	0.767026701080791	0.8598993484296827	0.13745704467353953	0.9129944933765812	772	366	70
14-41_de_amateur	de	13.02127659574468	1.8137254901960784	10.89025865665415	10.043529995828118	0.3235294117647059	0.06045751633986928	0.630718954248366	0.0024509803921568627	0.0024509803921568627	0.925531914893617	0.6846218295107216	4.680851063829787	1.6962025316455696	0.005048367552777778	3.2714966182572613e-05	0.00319693094629156	1.6200980392156863	33.361702127659576	2.2926535269085515	3.023189326556544	2.03457216940363	0.34558823529411764	0.6514311111111089	0.7309628704082786	0.8361264987029157	0.14705882352941177	0.904386403511336	1069	482	94
14-42_de_amateur	de	13.092592592592593	1.811881188118812	10.896309130913092	10.886684027450364	0.33946251768033947	0.056577086280056574	0.6534653465346535	0.0014144271570014145	0.007072135785007072	0.9074074074074074	0.7292436964390802	4.648148148148148	1.6416666666666666	0.005316343081329561	3.208938771929825e-05	0.005051525560719338	1.1442715700141444	33.96296296296296	2.205901397732225	3.01900108577633	2.0427480916030536	0.39745403111739747	0.6998684210526328	0.6969613063379201	0.7621237805580904	0.1371994342291372	0.9054407092511246	616	285	54
14-43_de_amateur	de	7.719178082191781	2.1827861579414374	13.177356115763757	12.516587125475564	0.4161490683229814	0.064773735581189	0.7116237799467613	0.0026619343389529724	0.006211180124223602	0.5821917808219178	0.630746755659163	3.0805369127516777	1.6160919540229886	0.004156599707630879	2.598620096711799e-05	0.0032165039929015087	1.2040816326530612	22.28187919463087	2.308448924392989	2.917921464422793	2.129777070063694	0.46938775510204084	0.7282295719844307	0.9500494632089591	0.9842069432680104	0.10736468500443656	0.9366456980714785	947	517	149
14-45_de_amateur	de	8.837837837837839	1.9724770642201834	11.131986114554923	10.489475477312174	0.30275229357798167	0.09480122324159021	0.6941896024464832	0.0061162079510703364	0.009174311926605505	0.8378378378378378	0.6795813682552588	2.948717948717949	1.8282828282828283	0.004212744433027523	3.8385165734265734e-05	0.00881453498830725	0.23547400611620795	20.435897435897434	1.8622123867241753	3.195516811955168	2.0220588235294117	0.5198776758409785	0.7046491228070176	-1	-1	0.14067278287461774	0.9217921009676667	286	143	39
14-48_de_amateur	de	13.475409836065573	1.8771289537712896	11.815531490566794	9.907443755733716	0.29075425790754256	0.057177615571776155	0.6824817518248175	0.0012165450121654502	0.010948905109489052	0.8852459016393442	0.7015082899335872	4.573770491803279	1.7722007722007722	0.005092572151703163	3.839512912912913e-05	0.003984184914841849	0.6058394160583942	31.016393442622952	1.9234421403234434	3.261992619926199	2.0292504570383914	0.4099756690997567	0.6878699861687414	0.7956405191942503	0.8887527200047867	0.1630170316301703	0.9270597393362535	749	333	61
14-49_de_amateur	de	10.465116279069768	2.091111111111111	13.166506459948323	12.357589664082688	0.34444444444444444	0.07777777777777778	0.6955555555555556	0.0	0.008888888888888889	0.9069767441860465	0.7547045235587243	3.8372093023255816	1.6369426751592357	0.004545954545111111	3.192352182741117e-05	0.008465608465608464	0.3111111111111111	27.023255813953487	2.2685103317874504	3.128839590443686	2.075916230366492	0.48	0.6993732193732185	-1	-1	0.13333333333333333	0.9198608749321403	395	197	43
14-52_de_amateur	de	13.038709677419355	1.859475507174666	11.436907758854609	10.56961456385373	0.31024245423057895	0.05739732805541811	0.6679861454725383	0.012370113805047007	0.008411677387431964	0.9419354838709677	0.7013284032909397	4.379746835443038	1.7565084226646248	0.0053953833186046515	3.961109504337051e-05	0.002187812284735765	1.619990103908956	31.531645569620252	2.0013013989509214	3.1892434276540236	2.0323719835197176	0.3062840178129639	0.6556867845993822	0.6881889945818354	0.8162781314490789	0.15635823849579417	0.8917404649472334	1772	807	158
14-53_de_amateur	de	11.756756756756756	1.8620689655172413	10.967548928238585	9.892522833178008	0.3080459770114943	0.04367816091954023	0.6827586206896552	0.0	0.01839080459770115	1.0	0.7786752616009863	4.378378378378378	1.6666666666666667	0.005361755677011494	5.224798659217877e-05	0.007743496672716273	0.1793103448275862	28.35135135135135	2.1698282170498464	3.2885714285714287	2.101983002832861	0.4896551724137931	0.6676488095238092	-1	-1	0.1724137931034483	0.9353517254213976	388	179	37
14-55_de_amateur	de	12.786666666666667	1.889468196037539	11.692524713242964	11.484108977407022	0.33889468196037537	0.06882168925964546	0.6903023983315955	0.005213764337851929	0.009384775808133473	0.9733333333333334	0.7399679632539904	4.826666666666667	1.7313915857605178	0.005609418186548488	4.072839975e-05	0.00414928745220716	0.7653806047966631	33.053333333333335	2.2347821167335953	3.155734406438632	2.16793893129771	0.41397288842544316	0.6852558139534901	0.752916042948467	0.8551624806900199	0.1470281543274244	0.9202138647096323	823	400	75
14-56_de_amateur	de	10.833333333333334	1.948076923076923	11.622307692307693	10.604064102564104	0.3403846153846154	0.05961538461538462	0.6596153846153846	0.0	0.0019230769230769232	0.8333333333333334	0.7139058520880907	3.63265306122449	1.6781609195402298	0.0053526929271153845	3.947348544600939e-05	0.006196581196581197	0.43653846153846154	26.428571428571427	1.9830279748427029	3.2115384615384617	2.172043010752688	0.46153846153846156	0.6558432304038005	-1	0.8939943976357725	0.16153846153846155	0.9345947094888887	457	213	49
14-58_de_amateur	de	13.228571428571428	1.820194384449244	11.04743659364394	10.156109799444618	0.3045356371490281	0.06533477321814254	0.656047516198704	0.004859611231101512	0.004859611231101512	0.9642857142857143	0.7304411689688053	4.75	1.8017699115044248	0.005122556837473002	3.3768740846994536e-05	0.002426472548862758	1.0728941684665227	32.30714285714286	2.0722115912303245	3.1864930478922977	1.9993472584856398	0.3331533477321814	0.6648431260696007	0.7554565408067305	0.9075006350036472	0.16198704103671707	0.9068546472390342	1632	732	140
14-59_de_amateur	de	13.228571428571428	1.820194384449244	11.04743659364394	10.156109799444618	0.3045356371490281	0.06533477321814254	0.656047516198704	0.004859611231101512	0.004859611231101512	0.9642857142857143	0.7304411689688053	4.75	1.8017699115044248	0.005122556837473002	3.3768740846994536e-05	0.002426472548862758	1.0728941684665227	32.30714285714286	2.0722115912303245	3.1864930478922977	1.9993472584856398	0.3331533477321814	0.6648431260696007	0.7554565408067305	0.9075006350036472	0.16198704103671707	0.9068546472390342	1632	732	140
14-6_de_amateur	de	12.471428571428572	1.870561282932417	11.346480281459662	10.597622628047784	0.3207331042382589	0.0836197021764032	0.6586483390607102	0.001145475372279496	0.0057273768613974796	0.9	0.6971561964823263	4.185714285714286	1.7708333333333333	0.004653841616059564	3.057919262295082e-05	0.004271668575792287	0.9495990836197021	31.728571428571428	2.1796078637615133	3.083556747095621	2.078167115902965	0.38717067583046966	0.6754780361757129	0.767026701080791	0.8598993484296827	0.13745704467353953	0.9129944933765812	772	366	70
14-60_de_amateur	de	13.228571428571428	1.820194384449244	11.04743659364394	10.156109799444618	0.3045356371490281	0.06533477321814254	0.656047516198704	0.004859611231101512	0.004859611231101512	0.9642857142857143	0.7304411689688053	4.75	1.8017699115044248	0.005122556837473002	3.3768740846994536e-05	0.002426472548862758	1.0728941684665227	32.30714285714286	2.0722115912303245	3.1864930478922977	1.9993472584856398	0.3331533477321814	0.6648431260696007	0.7554565408067305	0.9075006350036472	0.16198704103671707	0.9068546472390342	1632	732	140
14-61_de_amateur	de	12.786666666666667	1.889468196037539	11.692524713242964	11.484108977407022	0.33889468196037537	0.06882168925964546	0.6903023983315955	0.005213764337851929	0.009384775808133473	0.9733333333333334	0.7399679632539904	4.826666666666667	1.7313915857605178	0.005609418186548488	4.072839975e-05	0.00414928745220716	0.7653806047966631	33.053333333333335	2.2347821167335953	3.155734406438632	2.16793893129771	0.41397288842544316	0.6852558139534901	0.752916042948467	0.8551624806900199	0.1470281543274244	0.9202138647096323	823	400	75
14-7_de_amateur	de	9.621160409556314	1.8783256473926924	10.326495198960732	10.401671500435247	0.36041149343738915	0.08691025186236254	0.6935083362894644	0.002837885775097552	0.006739978715856687	0.726962457337884	0.7202108049901065	3.79933110367893	1.6395582329317269	0.004401328172685349	3.414106502914238e-05	0.0015738849269937574	3.9829726853494147	24.926421404682273	2.290768737415272	3.050755367081898	2.103398409255242	0.28840014189428875	0.6973014705882477	0.6782941334954578	0.7457724864421266	0.11493437389145086	0.8841032308978569	2426	1201	299
14-8_de_amateur	de	14.072727272727272	1.7967269595176572	11.099741758671993	9.450677484926787	0.2954349698535745	0.05900086132644272	0.6498708010335917	0.008613264427217916	0.00818260120585702	0.9393939393939394	0.7161205783119454	4.787878787878788	1.7335203366058907	0.005016661116666666	3.956439489216799e-05	0.0020647685285807432	1.9646856158484065	35.13939393939394	2.206606043121906	3.0801375752364573	2.007843137254902	0.27820844099913866	0.6664012595591613	0.7301279199188867	0.8417683122188107	0.17140396210163653	0.8790671999045737	2029	881	165
14-9_de_amateur	de	13.011111111111111	1.7856532877882152	10.555042129234277	10.06974044216719	0.32792485055508114	0.07941929974380871	0.6473099914602903	0.0025619128949615714	0.0008539709649871904	0.9444444444444444	0.7191612753343464	4.5054945054945055	1.716883116883117	0.005146144329888983	2.487267075664622e-05	0.0031117298176245567	1.6131511528608027	31.285714285714285	2.081361600018233	3.094604064470918	2.0142857142857142	0.3492741246797609	0.6600932835820889	0.6265437946914916	0.7687187328172678	0.1340734415029889	0.8979903292914442	1039	489	91
15-10_de_amateur	de	12.428571428571429	1.9444444444444444	12.201587301587303	11.280624192665572	0.3390804597701149	0.06130268199233716	0.685823754789272	0.007662835249042145	0.005747126436781609	0.9047619047619048	0.7587464523140139	4.380952380952381	1.6480446927374302	0.0049215888586206895	4.1856661214953274e-05	0.0046615581098339715	0.5517241379310345	32.904761904761905	2.3014024359604397	3.0705543556515478	2.14808362369338	0.5229885057471264	0.7114184397163104	-1	0.8214035807422243	0.12452107279693486	0.9515408677949128	441	214	42
15-12_de_amateur	de	11.395833333333334	2.1828153564899453	14.611596206581357	11.849396130408289	0.3510054844606947	0.06581352833638025	0.6819012797074955	0.009140767824497258	0.005484460694698354	0.9375	0.7614490164291359	4.3125	1.706806282722513	0.005709678935100548	3.696461583011583e-05	0.005261515138003299	1.040219378427788	28.395833333333332	2.0078601918608845	3.22863403944485	2.1379310344827585	0.4515539305301645	0.6823883928571427	-1	0.8669542061267153	0.1316270566727605	0.9121938173969565	496	259	48
15-14_de_amateur	de	13.431818181818182	2.1370558375634516	14.865667974157823	12.140140101522842	0.35194585448392557	0.07445008460236886	0.688663282571912	0.005076142131979695	0.005076142131979695	0.9318181818181818	0.7338464234652456	4.7727272727272725	1.6798029556650247	0.004628687307106599	4.365842584269663e-05	0.005035855289662396	1.0998307952622672	33.27272727272727	1.9897423006957766	3.261904761904762	2.0357941834451903	0.4467005076142132	0.711321138211383	1.01832696847929	0.7684339410335883	0.13367174280879865	0.914938299850112	520	267	44
15-15_de_amateur	de	11.24561403508772	1.9719188767550702	12.064432219394039	10.792864170566824	0.31045241809672386	0.060842433697347896	0.6630265210608425	0.0015600624024961	0.0078003120124804995	0.9473684210526315	0.7383891243377597	4.228070175438597	1.7536945812807883	0.0050692804024961	5.129908765432099e-05	0.0051677067082683305	0.6209048361934477	29.263157894736842	2.1771307223333776	3.1319402985074625	2.186344238975818	0.43837753510140404	0.6980073800738031	0.908466583588042	0.9078690678606794	0.1544461778471139	0.9306263621998995	538	243	57
15-17_de_amateur	de	10.05	2.2611940298507465	15.01158955223881	12.140011741293534	0.3482587064676617	0.07711442786069651	0.6691542288557214	0.009950248756218905	0.004975124378109453	0.9	0.7162386426428332	4.25	1.6986301369863013	0.004282534694278607	5.0103630909090905e-05	0.008855721393034826	0.5945273631840796	26.825	2.236911971777782	3.142724745134384	2.13302752293578	0.4601990049751244	0.6670627062706269	-1	-1	0.12189054726368159	0.899954743665573	341	165	40
15-18_de_amateur	de	13.68	2.232456140350877	16.088182456140352	13.268158573099416	0.3406432748538012	0.097953216374269	0.6769005847953217	0.0	0.011695906432748537	0.94	0.7442563949558633	4.9	1.7838983050847457	0.003990148779093567	4.062713571428572e-05	0.005445906432748538	0.8304093567251462	34.44	2.2158348291217878	3.2856318522792844	2.1092150170648463	0.38742690058479534	0.6648547008546993	0.6078747590687122	0.7763915666172779	0.11695906432748537	0.8951394268219508	598	294	50
15-20_de_amateur	de	11.907692307692308	2.0180878552971575	12.867436692506462	11.648627652554165	0.32041343669250644	0.09431524547803617	0.6873385012919897	0.007751937984496124	0.012919896640826873	0.8923076923076924	0.7465177423722066	4.415384615384616	1.8991935483870968	0.0045924975651162785	4.758618510638298e-05	0.004186046511627907	1.301033591731266	29.892307692307693	2.1263912741251794	3.228088159917991	2.1364864864864863	0.41472868217054265	0.7138370370370384	0.7196415135022496	0.8016846561498767	0.12015503875968993	0.9034488937137445	658	329	65
15-21_de_amateur	de	15.347826086956522	1.86685552407932	12.424547358049022	11.7830262101244	0.32577903682719545	0.07932011331444759	0.6628895184135978	0.0113314447592068	0.0084985835694051	1.0	0.7046036107698787	5.260869565217392	1.7672413793103448	0.004559178349008499	4.4478334848484854e-05	0.009206798866855525	0.3342776203966006	41.391304347826086	2.311648270806033	3.040880503144654	2.011627906976744	0.5014164305949008	0.711771653543307	-1	-1	0.1388101983002833	0.9192747199039675	291	132	23
15-22_de_amateur	de	10.15	2.0607553366174054	12.685412972085388	11.565265550082103	0.367816091954023	0.07717569786535304	0.6650246305418719	0.0	0.003284072249589491	0.8833333333333333	0.7456861372401996	4.25	1.6666666666666667	0.005427746844663382	3.3989851028806585e-05	0.0049618048118797746	1.2561576354679802	28.9	2.4505707306634807	2.993127147766323	2.09946949602122	0.42857142857142855	0.6630000000000009	1.0493758744360473	0.8662912557927783	0.12315270935960591	0.9239244577150428	510	243	60
15-23_de_amateur	de	12.568181818181818	2.132007233273056	14.469276261712974	12.556562748643762	0.35443037974683544	0.10126582278481013	0.6781193490054249	0.003616636528028933	0.0108499095840868	0.8636363636363636	0.7110627628887751	4.5	1.809782608695652	0.005418439054611212	3.3257453571428575e-05	0.005334538878842676	0.9276672694394213	36.09090909090909	2.447699601693348	3.041405269761606	2.1598877980364657	0.45750452079566006	0.6848678414096903	-1	0.9698964025086406	0.11573236889692586	0.9283461025918643	459	224	44
15-24_de_amateur	de	12.257142857142858	1.9627039627039626	12.350192474192475	10.840105241425242	0.32400932400932403	0.08624708624708624	0.7062937062937062	0.009324009324009324	0.009324009324009324	0.9714285714285714	0.7284430264341468	4.457142857142857	1.7183098591549295	0.004190920876689977	4.033828641304348e-05	0.00736105999263894	0.1864801864801865	29.142857142857142	1.9075558877581211	3.2903225806451615	2.06	0.5337995337995338	0.7176666666666663	-1	-1	0.1282051282051282	0.9333833965938086	375	184	35
15-25_de_amateur	de	13.74736842105263	2.0007656967840735	13.380508906262595	11.29222003062787	0.30781010719754975	0.0666156202143951	0.6680704441041347	0.005359877488514548	0.009571209800918835	0.9315789473684211	0.6936171471844358	4.810526315789474	1.6954976303317535	0.004574322197932619	4.435522434456929e-05	0.0018746369541109995	1.6328483920367534	33.53157894736842	2.1125472643093874	3.2882629107981223	2.0905044510385755	0.28560490045941805	0.6538161559888573	0.6290548965588844	0.7338742565019347	0.1604134762633997	0.886801568962433	2319	1068	190
15-27_de_amateur	de	13.513043478260869	1.994208494208494	13.21174718818197	11.449805579989928	0.30115830115830117	0.07593307593307594	0.6795366795366795	0.001287001287001287	0.009652509652509652	0.9304347826086956	0.6893025674470911	4.730434782608696	1.7171717171717171	0.004667786375160876	3.291682713414634e-05	0.002591877591877592	1.122908622908623	33.356521739130436	2.0977578331568716	3.2133575883575882	2.0475020475020473	0.33976833976833976	0.6791890034364223	0.6475240725044631	0.78677940366132	0.1640926640926641	0.8959292225505749	1383	656	115
15-28_de_amateur	de	11.307692307692308	2.0252672497570456	12.718153547133142	12.174742363758691	0.3138969873663751	0.08940719144800778	0.6967930029154519	0.006802721088435374	0.007774538386783284	0.945054945054945	0.7289742329363927	4.208791208791209	1.7432835820895523	0.004079013151895044	4.4443947797356835e-05	0.00390595798759064	0.9815354713313897	28.65934065934066	2.2436179111117553	3.173348606338297	2.0683229813664594	0.37123420796890183	0.6782365591397826	0.6665009978513863	0.88188873996073	0.1379980563654033	0.8916695728704951	911	454	91
15-29_de_amateur	de	10.973451327433628	1.8088709677419355	10.034323437053953	9.834059449043677	0.3241935483870968	0.06935483870967742	0.6693548387096774	0.0032258064516129032	0.00967741935483871	0.7699115044247787	0.730159111788648	3.9911504424778763	1.8015075376884422	0.004396922253225807	3.9203286227544904e-05	0.003072682727643936	1.668548387096774	26.41592920353982	2.024913098394414	3.1762349799732976	2.025	0.33145161290322583	0.6532164767747598	0.6470575899215814	0.64821293513675	0.14758064516129032	0.8938684502995632	1087	501	113
15-30_de_amateur	de	9.939130434782609	1.7699037620297462	9.171125261516224	10.332999336604665	0.36132983377077865	0.07174103237095363	0.6859142607174104	0.00699912510936133	0.010498687664041995	0.7565217391304347	0.744196700905338	3.8086956521739133	1.7800511508951407	0.00413750575048119	3.685252052980133e-05	0.0031290206371262417	1.7917760279965005	26.22608695652174	2.1737216524781884	3.0693069306930694	2.1226199543031226	0.352580927384077	0.6613505747126479	0.7636497779106517	0.8202158084753266	0.12773403324584426	0.8968106076686996	946	453	115
15-32_de_amateur	de	10.586538461538462	1.8596730245231607	10.482891689373297	11.130341710333264	0.33605812897366033	0.06993642143505904	0.6925522252497729	0.007266121707538601	0.006811989100817439	0.8365384615384616	0.7461953928166224	3.7688888888888887	1.650730411686587	0.004684610983878292	3.682987932636469e-05	0.001996682204757508	2.2983651226158037	26.804444444444446	2.167121177913396	3.0200563567047904	2.047712162690653	0.3069936421435059	0.6807750832144697	0.6837107924705803	0.7873922460433996	0.14350590372388738	0.8887643041491242	1817	861	225
15-34_de_amateur	de	10.808823529411764	1.993877551020408	12.153196278511405	11.174072028811526	0.33741496598639453	0.061224489795918366	0.6870748299319728	0.0027210884353741495	0.005442176870748299	0.8235294117647058	0.7544307321032316	4.176470588235294	1.7040816326530612	0.004622720243061224	3.315846217054264e-05	0.0026125343754523083	2.1809523809523808	26.647058823529413	2.083212936766146	3.2585969738651994	2.157179269328802	0.319047619047619	0.6625309992706021	0.7671642292879096	0.8155071244559474	0.15782312925170067	0.8827030548731729	1306	645	136
15-35_de_amateur	de	14.482758620689655	1.9190476190476191	12.703037766830871	11.13246962233169	0.32142857142857145	0.05238095238095238	0.6285714285714286	0.014285714285714285	0.016666666666666666	0.9655172413793104	0.7235299479031324	4.793103448275862	1.8955223880597014	0.005316358779761905	3.758097743902439e-05	0.008956916099773244	0.38095238095238093	36.58620689655172	2.12910675360982	3.2167766258246937	2.0397877984084882	0.4642857142857143	0.6608722741433017	-1	-1	0.1380952380952381	0.9216869563773701	373	164	29
15-36_de_amateur	de	10.240506329113924	2.0482076637824473	12.57264790098731	11.678680519785326	0.33590852904820767	0.06953028430160692	0.6708899876390606	0.0040173053152039555	0.005562422744128554	0.7120253164556962	0.644358882053222	3.8860759493670884	1.7224749772520473	0.004532220680098888	3.9427948396718866e-05	0.001466930763846486	2.6353522867737946	26.75	2.3067597442989523	3.1921637426900586	2.113785557986871	0.28831891223733	0.6706439273191145	0.6882287387815617	0.7271794849416775	0.1365883807169345	0.8930951905147163	2790	1341	316
15-37_de_amateur	de	13.267857142857142	1.847913862718708	11.38984786579504	10.8054314747164	0.31090174966352624	0.05518169582772544	0.6675639300134589	0.016150740242261104	0.013458950201884253	0.9107142857142857	0.7021366969503745	4.803571428571429	1.7673469387755103	0.004333500329071332	5.0146462717770035e-05	0.0046494555242872875	0.4414535666218035	32.375	2.13868824664123	3.2666300164925786	2.0196374622356497	0.4629878869448183	0.6943322981366462	0.7835723935067531	0.915316869056632	0.15074024226110364	0.9352984288888732	638	287	56
15-38_de_amateur	de	12.73076923076923	1.9252265861027191	12.092673716012087	11.31243657913084	0.31344410876132933	0.06042296072507553	0.675226586102719	0.01812688821752266	0.0030211480362537764	0.9134615384615384	0.7157571466924393	4.619047619047619	1.8018018018018018	0.004700176450981873	4.754877307001795e-05	0.0033495336923683177	1.1102719033232629	30.81904761904762	2.077802876233531	3.251465597037951	2.017924528301887	0.33610271903323263	0.6439510204081655	0.7426071449813895	0.8129682524146435	0.1487915407854985	0.8877928330325346	1154	557	105
15-39_de_amateur	de	14.4	2.019230769230769	13.852923076923076	10.791793247863248	0.2863247863247863	0.07478632478632478	0.6474358974358975	0.016025641025641024	0.009615384615384616	0.9538461538461539	0.7319427491285403	5.015384615384615	1.8489208633093526	0.004344456766132479	4.064353589041096e-05	0.004200660450660451	0.6014957264957265	35.03076923076923	2.0990835652689843	3.332602979842244	1.9667128987517337	0.40064102564102566	0.6717801672640419	0.7906310301992004	0.900281091413568	0.14636752136752137	0.918750729786997	823	365	65
15-40_de_amateur	de	13.807017543859649	1.9364675984752224	12.645054504112888	10.308539686573486	0.3087674714104193	0.05590851334180432	0.662007623888183	0.017789072426937738	0.011435832274459974	0.9473684210526315	0.6813402013509142	4.859649122807017	1.8514056224899598	0.004362685593900889	4.7899314285714285e-05	0.004870817450232953	0.8157560355781448	33.578947368421055	1.99535057408598	3.280500521376434	2.018575851393189	0.4155019059720457	0.6798546511627943	0.717973195289648	0.8918972867617755	0.16010165184243966	0.9147741249873129	689	308	57
15-41_de_amateur	de	12.709677419354838	1.8553299492385786	11.259667594563616	9.743700196495823	0.2982233502538071	0.04568527918781726	0.6446700507614214	0.015228426395939087	0.01015228426395939	0.9354838709677419	0.6937091647703502	4.564516129032258	1.8709677419354838	0.005104650837182741	3.9646022648083624e-05	0.004945984641416113	0.5989847715736041	31.225806451612904	2.179197350059947	3.199074074074074	2.095687331536388	0.39213197969543145	0.647634252539912	0.9223247639506728	0.9646983111989752	0.15609137055837563	0.9095345264058844	671	287	62
15-42_de_amateur	de	13.170731707317072	1.951851851851852	12.578437217705513	10.794146341463415	0.30185185185185187	0.06481481481481481	0.6555555555555556	0.014814814814814815	0.020370370370370372	0.9512195121951219	0.7269772380807307	4.439024390243903	1.8705882352941177	0.004382048016296296	4.455642259615385e-05	0.007555555555555556	0.387037037037037	34.97560975609756	2.338525812012351	3.291174426685198	2.2704918032786887	0.42962962962962964	0.6674829931972776	-1	0.8618064631255835	0.1425925925925926	0.9231322777622091	468	208	41
15-43_de_amateur	de	13.475	1.7068645640074211	9.80625185528757	10.17918883116883	0.29313543599257885	0.05380333951762523	0.6549165120593692	0.00927643784786642	0.011131725417439703	0.9	0.7615587144267671	4.45	1.8284023668639053	0.0048094638627087195	5.105698901098901e-05	0.005757789009020536	0.44712430426716143	33.725	2.230106377865876	3.1508875739644973	2.055077452667814	0.46567717996289426	0.6623636363636379	-1	-1	0.14471243042671614	0.9353436194736682	456	182	40
15-44_de_amateur	de	13.541666666666666	1.853846153846154	11.566634615384618	10.087166666666667	0.30923076923076925	0.07076923076923076	0.6461538461538462	0.0	0.007692307692307693	0.9583333333333334	0.7441470191851779	4.833333333333333	1.74	0.004752491988615385	4.57177876984127e-05	0.005459057071960298	0.4553846153846154	32.9375	2.014820416760506	3.2681388012618298	2.157068062827225	0.42615384615384616	0.6669328493647907	0.7045830590145317	0.8949027260190449	0.15846153846153846	0.9277447334498393	567	252	48
15-5_de_amateur	de	10.326732673267326	2.062320230105465	12.772804457818747	12.258264410544603	0.3192713326941515	0.10546500479386385	0.7334611697027804	0.0028763183125599234	0.004793863854266539	0.8514851485148515	0.7360420492705322	4.306930693069307	1.6193029490616622	0.004677801389837009	3.259052629310345e-05	0.003543290674892659	1.6931927133269415	25.316831683168317	2.1073574043017587	3.224815246985609	2.04921968787515	0.32981783317353786	0.669396186440682	0.5598149669028395	0.6338741505102322	0.14093959731543623	0.8685373068345044	935	464	101
15-6_de_amateur	de	11.447368421052632	2.2275862068965515	15.159990925589835	14.078609195402299	0.36551724137931035	0.09195402298850575	0.7080459770114943	0.0022988505747126436	0.0	0.9473684210526315	0.770369496983132	4.2894736842105265	1.6153846153846154	0.004050506751264368	2.91678796875e-05	0.007662835249042146	0.7632183908045977	30.894736842105264	2.3331707338612175	3.1822784810126583	2.189376443418014	0.43908045977011495	0.6614285714285701	-1	-1	0.15862068965517243	0.9106031302002918	366	192	38
15-7_de_amateur	de	14.048780487804878	2.2378472222222223	16.295621612466128	12.776456097560976	0.3489583333333333	0.08506944444444445	0.6979166666666666	0.001736111111111111	0.005208333333333333	0.975609756097561	0.7584271397534184	5.097560975609756	1.6634146341463414	0.004734562002777778	3.931118108108108e-05	0.006006006006006006	0.9010416666666666	37.1219512195122	2.2082470420258784	3.218586387434555	2.18562874251497	0.4322916666666667	0.6835849056603766	0.972070400270304	0.790357081417473	0.11458333333333333	0.9076086322845001	518	259	41
15-8_de_amateur	de	10.282958199356914	2.069418386491557	12.839490658349572	11.925117365153865	0.3383364602876798	0.08567854909318325	0.6951219512195121	0.0031269543464665416	0.006566604127579738	0.7491961414790996	0.6689009661174089	3.693290734824281	1.6891522333637192	0.004347448324859287	4.6447507043286864e-05	0.0015696896653123434	2.527829893683552	26.728434504792332	2.290419506535042	3.1784615384615384	2.142439024390244	0.28893058161350843	0.6947047434656486	0.6964430731814185	0.7762187578013999	0.1385240775484678	0.887235800118989	2746	1363	313
15-9_de_amateur	de	10.282958199356914	2.069418386491557	12.839490658349572	11.925117365153865	0.3383364602876798	0.08567854909318325	0.6951219512195121	0.0031269543464665416	0.006566604127579738	0.7491961414790996	0.6689009661174089	3.693290734824281	1.6891522333637192	0.004347448324859287	4.6447507043286864e-05	0.0015696896653123434	2.527829893683552	26.728434504792332	2.290419506535042	3.1784615384615384	2.142439024390244	0.28893058161350843	0.6947047434656486	0.6964430731814185	0.7762187578013999	0.1385240775484678	0.887235800118989	2746	1363	313
16-1_de_amateur	de	10.704347826086957	2.0292445166531277	12.52978094868082	11.235928613711017	0.36311941510966694	0.04955320877335499	0.685621445978879	0.00974817221770918	0.007311129163281885	0.9217391304347826	0.7427597571996511	4.181034482758621	1.6435185185185186	0.004511369128675873	4.708560510805501e-05	0.002733311033592966	1.6482534524776604	28.25	2.3359262287190927	3.1020346188885513	2.147479307750188	0.39398862713241267	0.7071554770318	0.6285685836076327	0.7662677745460666	0.12428919577579203	0.9146395699174584	1057	509	116
16-100_de_amateur	de	10.88	1.8860294117647058	10.908347058823534	11.275349235294119	0.375	0.0661764705882353	0.7352941176470589	0.003676470588235294	0.011029411764705883	0.96	0.6999215542240904	4.32	1.5510204081632653	0.004544031034558824	8.027160940170941e-05	0.011488970588235293	0.34191176470588236	29.6	2.2026136381085673	2.9514824797843664	1.9588607594936709	0.5441176470588235	0.6863005780346815	-1	-1	0.13602941176470587	0.9329040302428581	228	117	25
16-101_de_amateur	de	12.88659793814433	1.932	12.233373195876286	11.322447175257732	0.3232	0.0752	0.6832	0.0168	0.0064	0.9587628865979382	0.7147295953538643	4.846938775510204	1.838235294117647	0.00566387771816	3.8568621550094515e-05	0.003296969696969697	1.2096	30.428571428571427	2.0341432055074167	3.2004677581022385	1.9476386036960986	0.3608	0.6660642919200717	0.7869735880722113	0.8981942253690309	0.144	0.9008108210601865	1100	529	98
16-102_de_amateur	de	11.0	1.8264462809917354	10.25206611570248	8.512712396694214	0.33884297520661155	0.01928374655647383	0.6721763085399449	0.0027548209366391185	0.01928374655647383	0.8787878787878788	0.7281567864464328	4.090909090909091	1.6101694915254237	0.005492198703581267	6.63304993150685e-05	0.009256198347107438	0.7245179063360881	26.515151515151516	2.1301472293138963	3.094211123723042	2.0520446096654275	0.4022038567493113	0.6284090909090911	-1	-1	0.17355371900826447	0.8716188398442785	329	146	33
16-103_de_amateur	de	12.952380952380953	1.9240196078431373	12.164859943977593	10.369718977591036	0.34068627450980393	0.058823529411764705	0.6899509803921569	0.01715686274509804	0.004901960784313725	0.9206349206349206	0.7158580017282073	5.158730158730159	1.6787003610108304	0.004886049323406863	5.37124932795699e-05	0.005168371696504689	0.8198529411764706	29.984126984126984	1.9295131472125853	3.1492616033755274	1.9510763209393347	0.3786764705882353	0.6633751743375164	0.5966882880404618	0.7117494542530707	0.14583333333333334	0.8968344133370293	741	372	63
16-105_de_amateur	de	11.564705882352941	1.884028484231943	11.151771408054575	11.087469281311712	0.3275686673448627	0.048830111902339775	0.6826042726347915	0.013224821973550356	0.00508646998982706	0.8941176470588236	0.702226797614083	4.2988505747126435	1.6586102719033233	0.005080501229196338	5.240292367816092e-05	0.0040903696168192605	0.8301119023397762	27.39080459770115	2.0376747988655004	3.1228583368157126	1.954604409857328	0.392675483214649	0.6843212669683297	0.7154529979866768	0.8169014357091627	0.17192268565615462	0.9101422469133936	868	435	87
16-107_de_amateur	de	10.64516129032258	1.9090909090909092	11.088885630498538	10.202780058651028	0.36363636363636365	0.07272727272727272	0.7363636363636363	0.006060606060606061	0.0030303030303030303	0.9354838709677419	0.7338048811092289	3.967741935483871	1.6347826086956523	0.0045364075418181824	5.6070265605095545e-05	0.008539944903581268	0.4121212121212121	27.64516129032258	2.314502664969851	2.9976635514018692	1.9511400651465798	0.5575757575757576	0.6775324675324678	-1	-1	0.16363636363636364	0.9401422268826793	286	157	31
16-108_de_amateur	de	11.80722891566265	2.0183673469387755	12.831553970985986	11.187556429800836	0.40816326530612246	0.05714285714285714	0.7163265306122449	0.0020408163265306124	0.007142857142857143	0.8433734939759037	0.691514457320078	4.376470588235295	1.5609756097560976	0.004761857478469388	3.260745974842767e-05	0.003607871720116618	2.5622448979591836	29.8	2.240999671835593	3.067923046721633	2.04798962386511	0.3551020408163265	0.6720204313280382	0.8350406562161872	0.8081610033812705	0.12448979591836734	0.8852162004284783	881	477	85
16-109_de_amateur	de	11.80722891566265	2.0183673469387755	12.831553970985986	11.187556429800836	0.40816326530612246	0.05714285714285714	0.7163265306122449	0.0020408163265306124	0.007142857142857143	0.8433734939759037	0.691514457320078	4.376470588235295	1.5609756097560976	0.004761857478469388	3.260745974842767e-05	0.003607871720116618	2.5622448979591836	29.8	2.240999671835593	3.067923046721633	2.04798962386511	0.3551020408163265	0.6720204313280382	0.8350406562161872	0.8081610033812705	0.12448979591836734	0.8852162004284783	881	477	85
16-110_de_amateur	de	8.846153846153847	2.121739130434783	12.896521739130439	10.921511705685619	0.4434782608695652	0.0782608695652174	0.7478260869565218	0.0	0.008695652173913044	0.8846153846153846	0.7594093137983297	3.1923076923076925	1.8170731707317074	0.00406799973826087	3.402378046875e-05	0.013285024154589372	0.5173913043478261	22.96153846153846	2.1630040083094384	3.1674958540630183	2.0297619047619047	0.5739130434782609	0.6700763358778629	-1	-1	0.11304347826086956	0.9204204994069612	210	128	26
16-111_de_amateur	de	8.846153846153847	2.121739130434783	12.896521739130439	10.921511705685619	0.4434782608695652	0.0782608695652174	0.7478260869565218	0.0	0.008695652173913044	0.8846153846153846	0.7594093137983297	3.1923076923076925	1.8170731707317074	0.00406799973826087	3.402378046875e-05	0.013285024154589372	0.5173913043478261	22.96153846153846	2.1630040083094384	3.1674958540630183	2.0297619047619047	0.5739130434782609	0.6700763358778629	-1	-1	0.11304347826086956	0.9204204994069612	210	128	26
16-112_de_amateur	de	11.80722891566265	2.0183673469387755	12.831553970985986	11.187556429800836	0.40816326530612246	0.05714285714285714	0.7163265306122449	0.0020408163265306124	0.007142857142857143	0.8433734939759037	0.691514457320078	4.376470588235295	1.5609756097560976	0.004761857478469388	3.260745974842767e-05	0.003607871720116618	2.5622448979591836	29.8	2.240999671835593	3.067923046721633	2.04798962386511	0.3551020408163265	0.6720204313280382	0.8350406562161872	0.8081610033812705	0.12448979591836734	0.8852162004284783	881	477	85
16-113_de_amateur	de	11.476923076923077	1.9115281501340482	11.442032171581769	9.989584970096928	0.3579088471849866	0.049597855227882036	0.7024128686327078	0.004021447721179625	0.006702412868632708	0.9384615384615385	0.7182762332972026	4.523076923076923	1.6538461538461537	0.0048588190455764076	3.939294923547401e-05	0.004493098997120444	1.4008042895442359	28.523076923076925	2.129729593344714	3.092811158798283	2.053921568627451	0.3967828418230563	0.6646058732612058	0.7377707349372703	0.8276835837226273	0.1581769436997319	0.900685946653212	659	327	65
16-114_de_amateur	de	15.87719298245614	1.832596685082873	12.226746147135799	10.386572744014732	0.3397790055248619	0.0569060773480663	0.6867403314917127	0.016022099447513812	0.0060773480662983425	0.9210526315789473	0.7124146755940517	5.05	1.633711507293355	0.005116864527403315	4.043601744340879e-05	0.002286678944137508	2.2828729281767957	36.958333333333336	2.1597327823573678	3.0383838383838384	1.9540612516644473	0.30773480662983427	0.6668673290473485	0.7331898801592662	0.7918276960529751	0.13812154696132597	0.8812042402972309	1586	751	120
16-115_de_amateur	de	13.037593984962406	1.8362168396770473	11.162020362324498	10.071909935739	0.3419838523644752	0.058823529411764705	0.6908881199538639	0.011534025374855825	0.006920415224913495	0.924812030075188	0.707616732935142	4.7555555555555555	1.5970149253731343	0.004453118687543253	5.1481936278447124e-05	0.002364475201845444	2.3471741637831602	31.118518518518517	2.0298735802021097	3.1233136094674556	2.0302343159486016	0.30565167243367936	0.6687278287461835	0.6374695344940997	0.6838257080045614	0.14705882352941177	0.8849779677744948	1534	747	135
16-116_de_amateur	de	13.037593984962406	1.8362168396770473	11.162020362324498	10.071909935739	0.3419838523644752	0.058823529411764705	0.6908881199538639	0.011534025374855825	0.006920415224913495	0.924812030075188	0.707616732935142	4.7555555555555555	1.5970149253731343	0.004453118687543253	5.1481936278447124e-05	0.002364475201845444	2.3471741637831602	31.118518518518517	2.0298735802021097	3.1233136094674556	2.0302343159486016	0.30565167243367936	0.6687278287461835	0.6374695344940997	0.6838257080045614	0.14705882352941177	0.8849779677744948	1534	747	135
16-117_de_amateur	de	13.836065573770492	1.8803317535545023	11.99398026571362	10.5008072255458	0.3791469194312796	0.052132701421800945	0.6718009478672986	0.002369668246445498	0.002369668246445498	0.9344262295081968	0.7107939337752547	5.295081967213115	1.577922077922078	0.0050118889800947865	3.458867631578947e-05	0.004219672403758211	1.6042654028436019	33.65573770491803	2.1899416858901826	3.119301648884578	2.0364842454394694	0.3886255924170616	0.6530201342281876	0.7514180359885817	0.795253354926748	0.12677725118483413	0.9102720344945924	758	380	61
16-118_de_amateur	de	13.037593984962406	1.8362168396770473	11.162020362324498	10.071909935739	0.3419838523644752	0.058823529411764705	0.6908881199538639	0.011534025374855825	0.006920415224913495	0.924812030075188	0.707616732935142	4.7555555555555555	1.5970149253731343	0.004453118687543253	5.1481936278447124e-05	0.002364475201845444	2.3471741637831602	31.118518518518517	2.0298735802021097	3.1233136094674556	2.0302343159486016	0.30565167243367936	0.6687278287461835	0.6374695344940997	0.6838257080045614	0.14705882352941177	0.8849779677744948	1534	747	135
16-119_de_amateur	de	13.037593984962406	1.8362168396770473	11.162020362324498	10.071909935739	0.3419838523644752	0.058823529411764705	0.6908881199538639	0.011534025374855825	0.006920415224913495	0.924812030075188	0.707616732935142	4.7555555555555555	1.5970149253731343	0.004453118687543253	5.1481936278447124e-05	0.002364475201845444	2.3471741637831602	31.118518518518517	2.0298735802021097	3.1233136094674556	2.0302343159486016	0.30565167243367936	0.6687278287461835	0.6374695344940997	0.6838257080045614	0.14705882352941177	0.8849779677744948	1534	747	135
16-120_de_amateur	de	13.037593984962406	1.8362168396770473	11.162020362324498	10.071909935739	0.3419838523644752	0.058823529411764705	0.6908881199538639	0.011534025374855825	0.006920415224913495	0.924812030075188	0.707616732935142	4.7555555555555555	1.5970149253731343	0.004453118687543253	5.1481936278447124e-05	0.002364475201845444	2.3471741637831602	31.118518518518517	2.0298735802021097	3.1233136094674556	2.0302343159486016	0.30565167243367936	0.6687278287461835	0.6374695344940997	0.6838257080045614	0.14705882352941177	0.8849779677744948	1534	747	135
16-122_de_amateur	de	13.037593984962406	1.8362168396770473	11.162020362324498	10.071909935739	0.3419838523644752	0.058823529411764705	0.6908881199538639	0.011534025374855825	0.006920415224913495	0.924812030075188	0.707616732935142	4.7555555555555555	1.5970149253731343	0.004453118687543253	5.1481936278447124e-05	0.002364475201845444	2.3471741637831602	31.118518518518517	2.0298735802021097	3.1233136094674556	2.0302343159486016	0.30565167243367936	0.6687278287461835	0.6374695344940997	0.6838257080045614	0.14705882352941177	0.8849779677744948	1534	747	135
16-124_de_amateur	de	13.037593984962406	1.8362168396770473	11.162020362324498	10.071909935739	0.3419838523644752	0.058823529411764705	0.6908881199538639	0.011534025374855825	0.006920415224913495	0.924812030075188	0.707616732935142	4.7555555555555555	1.5970149253731343	0.004453118687543253	5.1481936278447124e-05	0.002364475201845444	2.3471741637831602	31.118518518518517	2.0298735802021097	3.1233136094674556	2.0302343159486016	0.30565167243367936	0.6687278287461835	0.6374695344940997	0.6838257080045614	0.14705882352941177	0.8849779677744948	1534	747	135
16-125_de_amateur	de	13.037593984962406	1.8362168396770473	11.162020362324498	10.071909935739	0.3419838523644752	0.058823529411764705	0.6908881199538639	0.011534025374855825	0.006920415224913495	0.924812030075188	0.707616732935142	4.7555555555555555	1.5970149253731343	0.004453118687543253	5.1481936278447124e-05	0.002364475201845444	2.3471741637831602	31.118518518518517	2.0298735802021097	3.1233136094674556	2.0302343159486016	0.30565167243367936	0.6687278287461835	0.6374695344940997	0.6838257080045614	0.14705882352941177	0.8849779677744948	1534	747	135
16-126_de_amateur	de	13.721428571428572	1.8953669963560646	12.126687699858707	10.596718952926302	0.336283185840708	0.06715252472670484	0.6923477355543988	0.0005205622071837585	0.008328995314940135	0.95	0.6977837750282333	5.25	1.5718654434250765	0.004603677350702759	5.3564490810157196e-05	0.0019680904499666655	2.023945861530453	32.27857142857143	1.9259234975724802	3.2412579722894215	2.0131319763624425	0.33263925039042164	0.6672392974753051	0.7968002619974336	0.8552276169175926	0.15356585111920876	0.9033346254825453	1703	827	140
16-127_de_amateur	de	14.333333333333334	1.7659414853713429	10.838109527381846	10.530460565141286	0.34433608402100524	0.05401350337584396	0.6946736684171043	0.006751687921980495	0.008252063015753939	0.956989247311828	0.7254397544827575	5.139784946236559	1.6004415011037527	0.0047205028537716425	4.912829963099631e-05	0.002697102847140357	1.5408852213053263	35.193548387096776	2.07000874999234	3.1007610350076105	1.9447603574329813	0.3705926481620405	0.6911831442463569	0.7897551939878864	0.8891313115855777	0.1447861965491373	0.9152991122952501	1149	542	93
16-128_de_amateur	de	12.29896907216495	1.9958088851634534	12.757142783073082	11.247716212269165	0.3528918692372171	0.07041072925398156	0.7091366303436715	0.009220452640402346	0.0075440067057837385	0.8865979381443299	0.752640002808152	4.247524752475248	1.6633165829145728	0.004525201278290025	5.729611930783243e-05	0.003329279954665124	1.4970662196144173	28.336633663366335	2.0896753985081986	3.2965924895688454	2.115766262403528	0.3788767812238055	0.6891499085923192	0.7041253272330887	0.8169266532774314	0.13076278290025148	0.9052533137083324	1063	549	101
16-13_de_amateur	de	13.079365079365079	1.9611650485436893	12.652699953767918	11.42507372476499	0.33495145631067963	0.061893203883495146	0.691747572815534	0.012135922330097087	0.007281553398058253	0.9523809523809523	0.7642660241479782	5.031746031746032	1.6280701754385964	0.00501621401565534	4.313729076086957e-05	0.003846858398974171	1.1820388349514563	30.873015873015873	1.984531115838646	3.2183495643259867	2.0463917525773194	0.41504854368932037	0.7040275862068962	0.8174782843931971	0.8252107391822413	0.12864077669902912	0.9121523489456488	739	368	63
16-130_de_amateur	de	10.86046511627907	1.835117773019272	10.299971116976248	10.743514307056422	0.341541755888651	0.056745182012847964	0.721627408993576	0.011777301927194861	0.0053533190578158455	0.9186046511627907	0.7263020946678441	4.0227272727272725	1.5817610062893082	0.004326788618739026	5.799856972704715e-05	0.004143003444744438	0.7419700214132763	26.352272727272727	2.0474179664936596	3.111015859408487	2.029342723004695	0.43897216274089934	0.707904191616767	0.7808615290283493	0.8782631738352641	0.15952890792291222	0.9204066188808815	804	403	88
16-131_de_amateur	de	12.444444444444445	2.1479591836734695	14.609251700680279	12.388415192743764	0.3482142857142857	0.05994897959183673	0.6989795918367347	0.0012755102040816326	0.007653061224489796	0.9682539682539683	0.6903341928297125	4.444444444444445	1.5464285714285715	0.00467289788367347	4.067770489130435e-05	0.004821428571428571	1.1186224489795917	31.603174603174605	2.1572386254836133	3.1949025487256373	2.0520446096654275	0.3852040816326531	0.6838540145985403	0.6441973547868967	0.7923637084498877	0.15816326530612246	0.8933717949576283	718	368	63
16-133_de_amateur	de	13.104651162790697	1.9023957409050576	11.969083696168052	10.53876848187202	0.32919254658385094	0.05412599822537711	0.6663708961845608	0.008873114463176575	0.005323868677905945	0.9534883720930233	0.7094508010867421	4.965116279069767	1.7967032967032968	0.005590409065749778	4.1075252350427354e-05	0.003283052351375333	1.4924578527063	31.837209302325583	2.0886865955335026	3.198473282442748	2.073394495412844	0.3451641526175688	0.6389785992217876	0.6117731530670734	0.7111801433214318	0.1419698314108252	0.8940711671137861	1020	468	86
16-134_de_amateur	de	13.0	1.875	11.605	10.574187606837608	0.3482905982905983	0.04700854700854701	0.6891025641025641	0.00641025641025641	0.011752136752136752	0.9166666666666666	0.7398665264941009	4.569444444444445	1.5935483870967742	0.004708039566880342	6.063204551886792e-05	0.003505608974358975	1.4284188034188035	29.73611111111111	1.9505385771423471	3.237343241987924	2.0421875	0.39636752136752135	0.6721505376344075	0.812845547346461	0.847811690422401	0.15064102564102563	0.9093389405093715	850	424	72
16-135_de_amateur	de	13.658119658119658	1.9017521902377972	12.177342511472677	11.183606317726216	0.34105131414267836	0.05944931163954944	0.6795994993742178	0.010638297872340425	0.006257822277847309	0.9487179487179487	0.7081198214293305	4.864406779661017	1.760377358490566	0.004852568533567835	4.001180569230769e-05	0.0024187537793027803	1.9136420525657072	32.33898305084746	2.0547703903244208	3.2622779519331244	2.185271317829457	0.3504380475594493	0.6768312208138765	0.698525159491628	0.7685473679273158	0.12828535669586985	0.9074819919653484	1412	650	118
16-136_de_amateur	de	13.78448275862069	1.9274546591619763	12.52991325397339	10.932579776153199	0.3520950594121326	0.07004377736085053	0.6910569105691057	0.001876172607879925	0.0068792995622263915	0.9482758620689655	0.7197156026693559	4.931623931623932	1.633879781420765	0.005017982290994372	4.1594700855920115e-05	0.002475774162975571	2.0881801125703565	32.35897435897436	2.17162982649162	3.186022070415134	2.084055459272097	0.33646028767979985	0.6884799999999999	0.6850404424789684	0.7380544418644529	0.13195747342088807	0.8953011820926219	1435	701	117
16-137_de_amateur	de	15.115830115830116	1.9734355044699872	13.591712697919597	11.880004087831674	0.3251596424010217	0.06360153256704981	0.6893997445721584	0.012515964240102172	0.010217113665389528	0.9498069498069498	0.7252548997309111	5.076335877862595	1.6899841017488075	0.004527002289224532	4.632109046469523e-05	0.0012286079182630906	3.211749680715198	35.8587786259542	2.0594789410952887	3.2401189970250743	2.0846629762292412	0.2610472541507024	0.6978459119496891	0.6633343850949053	0.7431828877018776	0.15708812260536398	0.8786506754566105	3458	1657	262
16-14_de_amateur	de	12.98611111111111	1.9443850267379679	12.418326648841354	11.177208259061201	0.3165775401069519	0.06737967914438503	0.7112299465240641	0.013903743315508022	0.009625668449197862	0.9444444444444444	0.6848469368259935	4.805555555555555	1.6612377850162867	0.004525522597433155	5.0630585271317835e-05	0.00362448009506833	0.9614973262032086	32.375	2.153755953631526	3.161745827984596	2.1057579318448885	0.4032085561497326	0.6943779904306188	0.7107353465624934	0.8844921750457547	0.15294117647058825	0.9089819341914688	803	387	72
16-141_de_amateur	de	11.041666666666666	1.8150943396226416	10.134363207547171	10.556581761006289	0.34150943396226413	0.045283018867924525	0.6830188679245283	0.011320754716981131	0.013207547169811321	0.9583333333333334	0.756934139223679	4.270833333333333	1.6573033707865168	0.005430699286792453	4.925536990740741e-05	0.006738544474393531	0.6018867924528302	28.541666666666668	2.250683878687864	3.0802023121387285	2.080438756855576	0.4509433962264151	0.6685614849187937	-1	0.8746739798358645	0.15283018867924528	0.9206518276902137	454	216	48
16-147_de_amateur	de	13.123711340206185	1.8813825608798114	11.72856164106219	9.982678094605648	0.33699921445404557	0.07148468185388845	0.7062058130400628	0.00864100549882168	0.010997643362136685	0.9381443298969072	0.6986756537340736	4.414141414141414	1.7109004739336493	0.004597153646897094	5.3790338419117645e-05	0.0029676180501003752	1.0691280439905735	30.707070707070706	2.014250629228265	3.185939553219448	2.050882658359294	0.38256087981146897	0.7046763202725747	0.8282862405802108	0.9440006713303121	0.12647289866457187	0.9070930057677987	1127	544	99
16-149_de_amateur	de	13.186206896551724	1.7850418410041842	10.616114413504548	9.537662663396334	0.3143305439330544	0.0596234309623431	0.6814853556485355	0.022489539748953975	0.0036610878661087866	0.9655172413793104	0.7232512837905665	4.678082191780822	1.7304075235109717	0.004733703463389121	6.347815491480996e-05	0.002044979079497908	1.823744769874477	30.47945205479452	1.9273353194554572	3.183998207082026	2.0306188925081434	0.34309623430962344	0.6910865968008952	0.7133096123088756	0.8337523933847258	0.1412133891213389	0.9082483296289887	1675	763	146
16-15_de_amateur	de	11.882882882882884	1.8278999241849887	10.613543429707192	10.127216046827723	0.3009855951478393	0.058377558756633814	0.6777862016679302	0.025018953752843062	0.009097801364670205	0.9279279279279279	0.719462121902549	4.460176991150442	1.7339901477832513	0.004869216079941016	5.130819010989011e-05	0.002664674664407082	1.1887793783169067	26.831858407079647	1.916693341929273	3.1914614121510674	1.9857868020304568	0.38968915845337376	0.6975737704918036	0.7046107238244749	0.8172681413690182	0.16755117513267628	0.9196268683020516	1163	546	113
16-151_de_amateur	de	14.4125	1.8490893321769297	11.850129119687775	9.99071969644406	0.30529054640069386	0.07892454466608846	0.6600173460537727	0.02168256721595837	0.007805724197745013	0.925	0.698437069157801	5.160493827160494	1.7180851063829787	0.004579930393699913	4.732027690677966e-05	0.003298378406791243	1.196877710320902	32.60493827160494	1.9458733304450195	3.3206049149338375	2.1574279379157426	0.3434518647007806	0.6642314990512365	0.6219235800943433	0.7997708000671852	0.15437987857762359	0.8825305423772646	1018	472	81
16-152_de_amateur	de	12.803571428571429	1.804741980474198	10.699348226738394	9.59108489738992	0.3486750348675035	0.05299860529986053	0.6569037656903766	0.016736401673640166	0.00697350069735007	0.9642857142857143	0.6999749302597478	4.625	1.7254098360655739	0.004757443190376569	7.292939342105263e-05	0.004966493179576147	0.9246861924686193	30.553571428571427	2.116207024697427	3.183304144775248	2.0278688524590165	0.42677824267782427	0.6831067961165049	0.9561222883083993	0.9230319275599498	0.1492329149232915	0.9093006546018918	625	304	56
16-153_de_amateur	de	5.27710843373494	2.3767123287671232	14.513277768608681	13.37872522418441	0.4360730593607306	0.0730593607305936	0.726027397260274	0.0273972602739726	0.0	0.5903614457831325	0.6908671050835781	2.4022988505747125	1.5956284153005464	0.0040402351760045665	3.4714238693467335e-05	0.007096137233123533	0.7625570776255708	15.540229885057471	2.4913494244695693	2.9047959914101646	2.3333333333333335	0.4977168949771689	0.6882005899705016	-1	-1	0.09817351598173515	0.9012676923842131	361	199	87
16-154_de_amateur	de	12.96923076923077	1.861803084223013	11.437276393831556	10.3008515886486	0.3250296559905101	0.06583629893238434	0.6897983392645315	0.02491103202846975	0.004744958481613286	0.8923076923076924	0.6925115161976322	4.333333333333333	1.761111111111111	0.004264329409549229	6.172625892857143e-05	0.0025257573940048253	1.5937129300118624	29.598484848484848	2.0047938660901288	3.2259786476868326	2.0598360655737706	0.3279952550415184	0.6985066162570958	0.730446416660454	0.8240785964305507	0.1423487544483986	0.8897364676842147	1490	728	132
16-156_de_amateur	de	13.540740740740741	1.8233041575492341	11.205877947969853	10.160264587081612	0.3112691466083151	0.06400437636761488	0.6695842450765864	0.005470459518599562	0.010940919037199124	0.9481481481481482	0.7129130788982236	4.7407407407407405	1.671875	0.004638552003118163	4.6021913669064755e-05	0.0021577923656698273	1.5672866520787747	32.57037037037037	2.0523735555107776	3.1775658492279746	2.097968936678614	0.33916849015317285	0.7006072874493936	0.7603794526933428	0.8507784474631739	0.1537199124726477	0.9057160557545484	1579	695	135
16-158_de_amateur	de	10.952941176470588	1.799140708915145	9.91150742402224	10.143818338282681	0.3147153598281418	0.0644468313641246	0.6809881847475833	0.017185821697099892	0.00966702470461869	0.8588235294117647	0.7169770177731255	3.623529411764706	1.8503401360544218	0.0044274728590762615	5.425166312997348e-05	0.003769929024241275	0.9366272824919442	27.105882352941176	2.1356953765487177	3.100909484625379	2.0687203791469195	0.4070891514500537	0.7204447115384608	0.7175370715460203	0.8638567058329792	0.15037593984962405	0.9084371194264178	802	377	85
16-160_de_amateur	de	12.463917525773196	1.9594706368899917	12.392681350353453	10.808793313038809	0.3391232423490488	0.07196029776674938	0.6840363937138131	0.009925558312655087	0.004962779156327543	0.9278350515463918	0.7175330190221559	4.587628865979381	1.6952380952380952	0.004646755064929694	4.362584952919021e-05	0.002906131938390003	1.4284532671629446	30.88659793814433	2.237131878299181	3.1665004985044867	2.034375	0.3705541770057899	0.7038828828828866	0.8152748979200233	0.8928405735577731	0.13399503722084366	0.9024980486853745	1069	531	97
16-162_de_amateur	de	10.491803278688524	1.7890625	9.612740778688526	8.940120133196721	0.3515625	0.071875	0.6734375	0.0046875	0.003125	0.8524590163934426	0.7623897922969128	3.9836065573770494	1.6563876651982379	0.00531194006734375	5.131480346153846e-05	0.005022321428571429	0.96875	25.557377049180328	2.1699379673216144	3.128991060025543	2.160513643659711	0.4234375	0.6845841035120149	0.8972894102802985	0.9563117342989855	0.1234375	0.9182229468814419	553	260	61
16-163_de_amateur	de	12.463917525773196	1.9594706368899917	12.392681350353453	10.808793313038809	0.3391232423490488	0.07196029776674938	0.6840363937138131	0.009925558312655087	0.004962779156327543	0.9278350515463918	0.7175330190221559	4.587628865979381	1.6952380952380952	0.004646755064929694	4.362584952919021e-05	0.002906131938390003	1.4284532671629446	30.88659793814433	2.237131878299181	3.1665004985044867	2.034375	0.3705541770057899	0.7038828828828866	0.8152748979200233	0.8928405735577731	0.13399503722084366	0.9024980486853745	1069	531	97
16-164_de_amateur	de	15.05	1.829235880398671	11.864483388704318	10.344921461794021	0.3149501661129568	0.07242524916943521	0.6850498338870432	0.023255813953488372	0.015282392026578074	0.94	0.722633508049363	5.1	1.8583877995642701	0.004692342291362127	5.2312938172920064e-05	0.0024057738572574178	1.6411960132890366	35.49	2.0532461391695143	3.24761101742552	2.09976057462091	0.3601328903654485	0.6907183499288776	0.7316429547018968	0.8387563970513474	0.13754152823920265	0.9090805517139877	1310	613	100
16-165_de_amateur	de	13.714285714285714	1.9010416666666667	12.190863095238097	11.055111904761906	0.3333333333333333	0.078125	0.65625	0.0	0.005208333333333333	0.9285714285714286	0.6865800308944121	4.785714285714286	1.696969696969697	0.00475897294375	5.336901904761905e-05	0.014756944444444444	0.19791666666666666	36.57142857142857	2.4304270597127737	3.042718446601942	2.25	0.546875	0.6650537634408596	-1	-1	0.11979166666666667	0.9489977739991944	161	63	14
16-167_de_amateur	de	13.768292682926829	1.6643046944198405	9.418429540495584	9.877040821793516	0.30115146147032773	0.06288751107174491	0.6837909654561559	0.018600531443755536	0.005314437555358724	0.9512195121951219	0.7309772299489179	4.987804878048781	1.7115384615384615	0.0048074633126448186	6.247555773195876e-05	0.0033847905858534737	0.9619131975199291	32.390243902439025	2.0050619070036	3.180112570356473	2.2322193658954586	0.37112488928255094	0.6828252427184454	0.7132558701928908	0.8187263684722351	0.16474756421612047	0.9187147536220149	933	388	82
16-168_de_amateur	de	12.4	1.9233870967741935	11.941967741935482	10.240995053763442	0.33736559139784944	0.07123655913978495	0.6801075268817204	0.013440860215053764	0.002688172043010753	0.95	0.673482902764794	4.716666666666667	1.6920152091254752	0.005004787020698925	4.7805940506329115e-05	0.004918782887211165	1.1653225806451613	29.033333333333335	2.0387590163676337	3.253859348198971	2.2079866888519133	0.3790322580645161	0.6602325581395356	0.5919409425159541	0.749915560615723	0.12096774193548387	0.8881544027960925	659	316	60
16-17_de_amateur	de	13.258064516129032	2.0267639902676398	13.496460246448475	12.248646197315754	0.3844282238442822	0.05474452554744526	0.6922141119221411	0.0072992700729927005	0.004866180048661801	0.9354838709677419	0.7074812362766778	4.870967741935484	1.5894039735099337	0.004553296833090024	5.2813434491978614e-05	0.004659108557229384	0.8540145985401459	34.33870967741935	2.277109615241055	3.1447985004686037	2.1443298969072164	0.4148418491484185	0.6739972337482714	0.8195469725205743	0.8779924080000235	0.13138686131386862	0.9065506642153298	725	374	62
16-170_de_amateur	de	13.508474576271187	1.86198243412798	11.64969780745593	11.067619458562831	0.33626097867001253	0.05897114178168131	0.6951066499372648	0.0075282308657465494	0.0037641154328732747	0.9491525423728814	0.6933492351604733	5.1525423728813555	1.6787003610108304	0.004815234519071518	4.9714408411214955e-05	0.003860631213203359	1.1480552070263488	34.932203389830505	2.211504131828359	3.1353310778153696	2.1065989847715736	0.4215809284818068	0.6803581661891095	0.841869268890813	0.936703189790204	0.15558343789209536	0.92060299424146	693	321	59
16-172_de_amateur	de	12.109375	1.864516129032258	11.133946572580648	10.774113306451614	0.33419354838709675	0.06451612903225806	0.6967741935483871	0.00903225806451613	0.007741935483870968	0.890625	0.726265291309496	4.734375	1.6094890510948905	0.004590035086709678	4.978933272171254e-05	0.004387096774193548	1.0038709677419355	27.953125	1.9110137639557876	3.2663706992230854	2.106115107913669	0.43483870967741933	0.6876479289940827	0.8388557303009067	0.9143906361504267	0.14838709677419354	0.9226892922023201	696	327	64
16-173_de_amateur	de	13.202614379084967	1.7866336633663367	10.64129683556591	9.672719698440433	0.31336633663366337	0.04950495049504951	0.6623762376237624	0.009900990099009901	0.01287128712871287	0.8823529411764706	0.7442465940793833	4.601307189542483	1.7190332326283988	0.0045439043587128716	6.115796302864939e-05	0.0023272430335817087	1.5311881188118812	30.019607843137255	1.9303375540982297	3.2858380251190993	2.235632183908046	0.29158415841584157	0.651707444039572	0.6806576493736194	0.7246591480134786	0.15148514851485148	0.8943106034319114	1705	733	153
16-174_de_amateur	de	13.202614379084967	1.7866336633663367	10.64129683556591	9.672719698440433	0.31336633663366337	0.04950495049504951	0.6623762376237624	0.009900990099009901	0.01287128712871287	0.8823529411764706	0.7442465940793833	4.601307189542483	1.7190332326283988	0.0045439043587128716	6.115796302864939e-05	0.0023272430335817087	1.5311881188118812	30.019607843137255	1.9303375540982297	3.2858380251190993	2.235632183908046	0.29158415841584157	0.651707444039572	0.6806576493736194	0.7246591480134786	0.15148514851485148	0.8943106034319114	1705	733	153
16-175_de_amateur	de	12.981132075471699	1.941860465116279	12.386594997806057	11.332102259763055	0.34156976744186046	0.07122093023255814	0.6947674418604651	0.010174418604651164	0.010174418604651164	0.8867924528301887	0.7116655761289643	4.528301886792453	1.6935483870967742	0.004306864447238373	6.0419675182481754e-05	0.005689368770764119	0.6322674418604651	33.264150943396224	2.1994423581637075	3.12979683972912	2.2490013315579227	0.41569767441860467	0.6655348047538183	0.8853728064947028	0.9074614759215106	0.13226744186046513	0.9180783863872677	582	274	53
16-179_de_amateur	de	13.703275529865126	1.9254780652418448	12.474918626501168	10.786899142159255	0.3253655793025872	0.06749156355455568	0.6795556805399325	0.01687289088863892	0.010404949381327334	0.8766859344894027	0.7182607298174977	4.703065134099617	1.7294520547945205	0.004467081730623099	5.357986805555556e-05	0.0007779116619710463	4.611501687289089	32.3007662835249	2.0712412512231646	3.257942823460065	2.190935538202419	0.2314398200224972	0.6793041494367491	0.7151470088697031	0.7754878532221783	0.13470191226096737	0.8761140925563762	6085	2808	522
16-182_de_amateur	de	12.857142857142858	1.73125	9.853035714285713	8.658339285714286	0.2972222222222222	0.06180555555555556	0.6854166666666667	0.027083333333333334	0.010416666666666666	0.9017857142857143	0.7241273057395144	4.885964912280702	1.7625272331154684	0.0052032359569506945	6.950856285714286e-05	0.002777777777777778	1.207638888888889	27.342105263157894	1.830133423170518	3.301312840217739	1.9967880085653105	0.35694444444444445	0.6737434750186447	0.7518409066183989	0.8540134384680085	0.1527777777777778	0.9091471649530753	1290	595	114
16-183_de_amateur	de	11.04093567251462	1.9269067796610169	11.453464912280705	11.403888724105462	0.3310381355932203	0.06779661016949153	0.6875	0.004766949152542373	0.007944915254237288	0.847953216374269	0.7478611305806288	4.146198830409356	1.7302100161550888	0.0043926743241525425	3.5860541963190186e-05	0.002003081664098613	1.9242584745762712	27.444444444444443	2.216771964510177	3.1520591341077084	2.078280044101433	0.3352754237288136	0.6791894913359475	0.6702748491719395	0.7896234649536618	0.1340042372881356	0.8978702540971001	1621	815	171
16-184_de_amateur	de	13.380952380952381	1.9822064056939501	13.018607015760043	11.399572818166412	0.3398576512455516	0.08540925266903915	0.701067615658363	0.0071174377224199285	0.005338078291814947	0.9761904761904762	0.7385674258633661	4.761904761904762	1.7634408602150538	0.004582581374199288	4.300167272727273e-05	0.006600849500631385	0.50355871886121	31.833333333333332	1.9721482528839156	3.2093541202672604	2.1815856777493607	0.44483985765124556	0.6991144708423324	0.6946419802878019	0.9236211847671877	0.12811387900355872	0.9101901257258752	505	264	42
16-186_de_amateur	de	14.719298245614034	1.867699642431466	12.189382096480774	10.904821136273341	0.3218116805721097	0.05959475566150179	0.7020262216924911	0.02800953516090584	0.006555423122765197	0.9649122807017544	0.6811593819292353	5.051724137931035	1.7306967984934087	0.004367509764255542	4.9669062593144563e-05	0.002641131216816556	1.6787842669845054	35.38793103448276	2.003601775573115	3.1506214964660004	2.1121380160197165	0.3182359952324195	0.6725079164027906	0.7759230551541519	0.9202878140304033	0.1471990464839094	0.8904998209019422	1418	671	116
16-187_de_amateur	de	15.0	1.8194647201946472	11.729683698296839	10.616990267639904	0.3133819951338199	0.05936739659367397	0.6661800486618005	0.01070559610705596	0.0072992700729927005	0.948905109489051	0.7195742691563163	4.869565217391305	1.7828843106180665	0.004824800046277372	5.0723311907654925e-05	0.002137105877041162	1.6155717761557178	34.7463768115942	1.9737706892470632	3.249635947576451	2.065796937039138	0.3031630170316302	0.6729192229038915	0.6643482074208539	0.7604449872640541	0.14939172749391727	0.8951068658598643	1791	823	138
16-188_de_amateur	de	10.627450980392156	2.0701107011070112	12.982012155415674	12.390433789161422	0.34686346863468637	0.07749077490774908	0.7103321033210332	0.00922509225092251	0.0036900369003690036	0.9215686274509803	0.7129970291146763	4.176470588235294	1.7135135135135136	0.005156889519372694	4.5950045703125e-05	0.007248286768581971	0.514760147601476	25.627450980392158	2.0493192041015753	3.243181818181818	2.1495098039215685	0.45940959409594095	0.6897742663656871	-1	0.8510588310486349	0.13837638376383765	0.9129725935221379	486	256	51
16-189_de_amateur	de	14.36	2.103064066852368	14.826555988857944	13.009710662952646	0.3203342618384401	0.08356545961002786	0.6908077994428969	0.011142061281337047	0.004178272980501393	0.96	0.747893271455305	4.86	1.7543859649122806	0.004574564825069638	3.8824632647058824e-05	0.0050816833546638565	0.6128133704735376	35.12	2.0572591156571147	3.273910582908885	2.089935760171306	0.435933147632312	0.6927302100161551	0.8008854056569416	0.9357818838839076	0.1532033426183844	0.912363975017591	652	340	50
16-19_de_amateur	de	13.35	2.237827715355805	16.0228670411985	13.224030112359552	0.352059925093633	0.056179775280898875	0.6966292134831461	0.0056179775280898875	0.0018726591760299626	0.95	0.7258641449997006	4.95	1.601063829787234	0.004419010251123595	4.350501043478261e-05	0.0056179775280898875	1.0299625468164795	35.125	2.260252371392566	3.1723404255319148	2.1370143149284253	0.4307116104868914	0.6779770114942514	-1	0.7857772793237543	0.13857677902621723	0.9006561915921638	465	230	40
16-190_de_amateur	de	11.04093567251462	1.9269067796610169	11.453464912280705	11.403888724105462	0.3310381355932203	0.06779661016949153	0.6875	0.004766949152542373	0.007944915254237288	0.847953216374269	0.7478611305806288	4.146198830409356	1.7302100161550888	0.0043926743241525425	3.5860541963190186e-05	0.002003081664098613	1.9242584745762712	27.444444444444443	2.216771964510177	3.1520591341077084	2.078280044101433	0.3352754237288136	0.6791894913359475	0.6702748491719395	0.7896234649536618	0.1340042372881356	0.8978702540971001	1621	815	171
16-196_de_amateur	de	12.987179487179487	1.8193484698914117	10.943311944718662	10.594087209861545	0.3079960513326752	0.07206317867719644	0.6880552813425469	0.0	0.004935834155972359	0.9615384615384616	0.7061969651993959	4.730769230769231	1.8006042296072509	0.005598563627147089	4.216640733496333e-05	0.0037967955045941225	0.6110562685093781	34.1025641025641	2.1349246931525965	3.0	1.9827586206896552	0.39190523198420535	0.6619256017505426	0.7016088648185105	0.8091768632661389	0.1549851924975321	0.9147852979063801	875	409	78
16-198_de_amateur	de	12.987179487179487	1.8193484698914117	10.943311944718662	10.594087209861545	0.3079960513326752	0.07206317867719644	0.6880552813425469	0.0	0.004935834155972359	0.9615384615384616	0.7061969651993959	4.730769230769231	1.8006042296072509	0.005598563627147089	4.216640733496333e-05	0.0037967955045941225	0.6110562685093781	34.1025641025641	2.1349246931525965	3.0	1.9827586206896552	0.39190523198420535	0.6619256017505426	0.7016088648185105	0.8091768632661389	0.1549851924975321	0.9147852979063801	875	409	78
16-199_de_amateur	de	11.350694444444445	1.9770572040379322	12.166045840980935	11.029220326467492	0.34873049862343225	0.0783114102171918	0.7139798103395534	0.007341694707861731	0.0061180789232181095	0.8159722222222222	0.7122753983903625	4.100694444444445	1.6010452961672474	0.004190344748026919	5.140627826685007e-05	0.0015123126338329764	2.6690119302539004	28.76736111111111	2.1969664625011265	3.1350994965236154	2.0625854993160053	0.3028449066992964	0.6830031545741483	0.7343237899896154	0.8341120796469851	0.13276231263383298	0.8952322640536414	2845	1454	288
16-2_de_amateur	de	11.132183908045977	2.200826019617966	14.721298755629935	12.364463255775313	0.348993288590604	0.07589055240061951	0.6783686112545173	0.002065049044914817	0.003097573567372225	0.7873563218390804	0.7313147479833616	4.0344827586206895	1.6354009077155824	0.004225192806608157	3.444347118451025e-05	0.0018632021457878046	2.957666494579246	29.350574712643677	2.1838996305464238	3.1611771584486457	2.1265206812652067	0.32782653588022714	0.6926115342763977	0.7128327325373072	0.7993203994501751	0.14352090862157976	0.8926009008662769	1727	878	174
16-20_de_amateur	de	10.261538461538462	2.004497751124438	12.065073463268373	11.717176007380926	0.3778110944527736	0.06296851574212893	0.7016491754122939	0.008995502248875561	0.0074962518740629685	0.8461538461538461	0.7017207374804082	3.753846153846154	1.6833333333333333	0.004383706182563718	4.490757262773722e-05	0.005082824441437817	0.896551724137931	26.46153846153846	2.1465334482382743	3.207155222158107	2.2580195258019526	0.4572713643178411	0.7204225352112675	0.8013651057831536	0.7952192924074803	0.13043478260869565	0.9241523990762306	559	274	65
16-200_de_amateur	de	11.350694444444445	1.9770572040379322	12.166045840980935	11.029220326467492	0.34873049862343225	0.0783114102171918	0.7139798103395534	0.007341694707861731	0.0061180789232181095	0.8159722222222222	0.7122753983903625	4.100694444444445	1.6010452961672474	0.004190344748026919	5.140627826685007e-05	0.0015123126338329764	2.6690119302539004	28.76736111111111	2.1969664625011265	3.1350994965236154	2.0625854993160053	0.3028449066992964	0.6830031545741483	0.7343237899896154	0.8341120796469851	0.13276231263383298	0.8952322640536414	2845	1454	288
16-203_de_amateur	de	13.60897435897436	1.963259538389072	12.883962552991054	10.574956546734786	0.287329251059821	0.04992934526613283	0.6877060763071126	0.0	0.01413094677343382	0.9358974358974359	0.6967829293125244	4.865384615384615	1.649390243902439	0.00410367409731512	4.2848373501199045e-05	0.002410871205790143	1.2623645784267545	33.37179487179487	2.152305430065891	3.2235203983911127	2.0159659393294307	0.25435704192180875	0.6534140316205618	0.596115923096207	0.6987222607737779	0.19500706547338673	0.8617092812647295	1866	834	156
16-204_de_amateur	de	13.60897435897436	1.963259538389072	12.883962552991054	10.574956546734786	0.287329251059821	0.04992934526613283	0.6877060763071126	0.0	0.01413094677343382	0.9358974358974359	0.6967829293125244	4.865384615384615	1.649390243902439	0.00410367409731512	4.2848373501199045e-05	0.002410871205790143	1.2623645784267545	33.37179487179487	2.152305430065891	3.2235203983911127	2.0159659393294307	0.25435704192180875	0.6534140316205618	0.596115923096207	0.6987222607737779	0.19500706547338673	0.8617092812647295	1866	834	156
16-205_de_amateur	de	13.60897435897436	1.963259538389072	12.883962552991054	10.574956546734786	0.287329251059821	0.04992934526613283	0.6877060763071126	0.0	0.01413094677343382	0.9358974358974359	0.6967829293125244	4.865384615384615	1.649390243902439	0.00410367409731512	4.2848373501199045e-05	0.002410871205790143	1.2623645784267545	33.37179487179487	2.152305430065891	3.2235203983911127	2.0159659393294307	0.25435704192180875	0.6534140316205618	0.596115923096207	0.6987222607737779	0.19500706547338673	0.8617092812647295	1866	834	156
16-206_de_amateur	de	13.60897435897436	1.963259538389072	12.883962552991054	10.574956546734786	0.287329251059821	0.04992934526613283	0.6877060763071126	0.0	0.01413094677343382	0.9358974358974359	0.6967829293125244	4.865384615384615	1.649390243902439	0.00410367409731512	4.2848373501199045e-05	0.002410871205790143	1.2623645784267545	33.37179487179487	2.152305430065891	3.2235203983911127	2.0159659393294307	0.25435704192180875	0.6534140316205618	0.596115923096207	0.6987222607737779	0.19500706547338673	0.8617092812647295	1866	834	156
16-207_de_amateur	de	13.60897435897436	1.963259538389072	12.883962552991054	10.574956546734786	0.287329251059821	0.04992934526613283	0.6877060763071126	0.0	0.01413094677343382	0.9358974358974359	0.6967829293125244	4.865384615384615	1.649390243902439	0.00410367409731512	4.2848373501199045e-05	0.002410871205790143	1.2623645784267545	33.37179487179487	2.152305430065891	3.2235203983911127	2.0159659393294307	0.25435704192180875	0.6534140316205618	0.596115923096207	0.6987222607737779	0.19500706547338673	0.8617092812647295	1866	834	156
16-208_de_amateur	de	13.60897435897436	1.963259538389072	12.883962552991054	10.574956546734786	0.287329251059821	0.04992934526613283	0.6877060763071126	0.0	0.01413094677343382	0.9358974358974359	0.6967829293125244	4.865384615384615	1.649390243902439	0.00410367409731512	4.2848373501199045e-05	0.002410871205790143	1.2623645784267545	33.37179487179487	2.152305430065891	3.2235203983911127	2.0159659393294307	0.25435704192180875	0.6534140316205618	0.596115923096207	0.6987222607737779	0.19500706547338673	0.8617092812647295	1866	834	156
16-209_de_amateur	de	13.60897435897436	1.963259538389072	12.883962552991054	10.574956546734786	0.287329251059821	0.04992934526613283	0.6877060763071126	0.0	0.01413094677343382	0.9358974358974359	0.6967829293125244	4.865384615384615	1.649390243902439	0.00410367409731512	4.2848373501199045e-05	0.002410871205790143	1.2623645784267545	33.37179487179487	2.152305430065891	3.2235203983911127	2.0159659393294307	0.25435704192180875	0.6534140316205618	0.596115923096207	0.6987222607737779	0.19500706547338673	0.8617092812647295	1866	834	156
16-211_de_amateur	de	11.55	1.9761904761904763	12.23354761904762	10.777675151515153	0.3538961038961039	0.050865800865800864	0.7164502164502164	0.047619047619047616	0.01406926406926407	0.9125	0.6931756621827025	4.1125	1.83596214511041	0.004267159586363636	4.8456409067357514e-05	0.003865182436611008	0.9848484848484849	27.9	1.980556674637063	3.205412599822538	2.100111234705228	0.36688311688311687	0.6439636363636368	0.7461973398544405	0.8552728108881748	0.1277056277056277	0.8836188536453894	778	386	80
16-212_de_amateur	de	12.49090909090909	1.9461426491994178	12.245937806007678	10.886871557496361	0.3435225618631732	0.049490538573508006	0.7117903930131004	0.048034934497816595	0.008733624454148471	0.9272727272727272	0.6961262117981185	4.381818181818182	1.7615062761506277	0.004324620723580786	4.8920601742160283e-05	0.00512769617573111	0.6317321688500728	28.927272727272726	2.015342691725335	3.2590511860174782	2.0253378378378377	0.39446870451237265	0.6434353741496621	0.9124586502248095	0.8874631704953339	0.1572052401746725	0.8900023730770863	589	287	55
16-213_de_amateur	de	12.619718309859154	2.0714285714285716	13.774547283702216	11.26351020497988	0.34375	0.06584821428571429	0.7008928571428571	0.029017857142857144	0.012276785714285714	0.9859154929577465	0.7408981440583893	4.873239436619718	1.760135135135135	0.004384972650892857	6.0124653099730454e-05	0.0038022094430992734	1.1897321428571428	30.774647887323944	2.085132300471685	3.220856102003643	2.0948660714285716	0.3861607142857143	0.6726725219573412	0.6608796997863444	0.9521173748269657	0.14732142857142858	0.8964036136591592	762	371	71
16-215_de_amateur	de	12.82	2.059282371294852	13.709331981279252	10.475337073322931	0.3463338533541342	0.057722308892355696	0.7098283931357254	0.0343213728549142	0.014040561622464899	0.98	0.7674338495129255	4.46	1.838235294117647	0.0042721982396255855	6.578571544117647e-05	0.0054973627516529235	0.8876755070202809	28.88	1.9409666973824682	3.3804945054945055	2.232804232804233	0.41497659906396256	0.6649077490774921	1.0209559100204717	0.8246111925148568	0.1497659906396256	0.9053430276726162	541	272	50
16-216_de_amateur	de	12.98360655737705	2.005050505050505	13.13320251697301	10.47097265275708	0.35858585858585856	0.05303030303030303	0.7159090909090909	0.036616161616161616	0.011363636363636364	1.0	0.7702672258806721	4.360655737704918	1.7185185185185186	0.004298093273358586	5.559766129032258e-05	0.004249222999223	0.7121212121212122	30.098360655737704	2.0176044909934348	3.3030794165316046	2.188010899182561	0.4154040404040404	0.666984126984127	0.7872718141491741	0.9448811480994149	0.15025252525252525	0.9093641596374124	672	341	61
16-217_de_amateur	de	10.75	1.9019933554817277	11.046021594684387	10.14271561461794	0.36212624584717606	0.061461794019933555	0.717607973421927	0.04983388704318937	0.011627906976744186	0.8928571428571429	0.6876547323668405	4.0	1.9340101522842639	0.0037134744116279067	5.073331884615385e-05	0.005906238464377999	0.6976744186046512	23.5	1.8778758146964187	3.4030075187969926	2.0727272727272728	0.4418604651162791	0.6648111332007952	0.9883164575029836	0.918357023237878	0.1345514950166113	0.9081361499070932	515	260	56
16-218_de_amateur	de	11.337837837837839	1.9153754469606674	11.433187030892633	10.291520813065747	0.35518474374255066	0.06197854588796186	0.6924910607866508	0.03098927294398093	0.011918951132300357	0.9324324324324325	0.7674559802525737	4.297297297297297	1.7985865724381624	0.003914600896662694	5.394595844504022e-05	0.004743256062854224	0.7389749702026222	25.68918918918919	1.9642257880135465	3.330721003134796	1.9765494137353434	0.4088200238379023	0.6600405405405398	0.792727545272304	0.9156604272564886	0.15137067938021453	0.9029868646135565	744	373	74
16-219_de_amateur	de	13.402777777777779	1.793782383419689	10.803715457685666	9.862545480713875	0.3305699481865285	0.061139896373056994	0.6994818652849741	0.027979274611398965	0.014507772020725389	0.9861111111111112	0.7449165437081989	4.763888888888889	1.7777777777777777	0.004081805052321244	5.324237633587787e-05	0.003383114903992685	1.5316062176165803	31.76388888888889	1.9354334417059473	3.22976501305483	2.0157894736842104	0.3616580310880829	0.6741224018475801	0.6617912399191163	0.7072079658298592	0.15958549222797927	0.8918724423697257	818	393	72
16-220_de_amateur	de	10.378378378378379	1.9908854166666667	11.950015484234239	10.855954969031531	0.3841145833333333	0.055989583333333336	0.7317708333333334	0.049479166666666664	0.016927083333333332	0.8108108108108109	0.7345603793878825	3.7972972972972974	1.8521400778210118	0.0037078771130208336	4.439044174454829e-05	0.00486438679245283	0.90625	26.256756756756758	2.045250854971878	3.1689567430025445	2.0253317249698433	0.40234375	0.6710762331838569	0.8276192399252534	0.8662964929127643	0.1328125	0.8988025165935486	623	321	74
16-221_de_amateur	de	15.448979591836734	1.8771466314398944	12.585432291807084	10.633974275469766	0.3474240422721268	0.07397622192866579	0.702774108322325	0.026420079260237782	0.015852047556142668	0.9591836734693877	0.7389416409191618	4.571428571428571	1.9444444444444444	0.004157244193527081	5.261376413994169e-05	0.004403346543372964	0.6974900924702774	35.3469387755102	1.9662579506983244	3.2994252873563217	2.039151712887439	0.43989431968295906	0.6858054711246213	0.881226965305596	0.9094758672061729	0.14927344782034346	0.9175802691048351	659	343	49
16-222_de_amateur	de	12.25	2.011661807580175	12.925109329446066	11.039351603498542	0.36588921282798836	0.05539358600583091	0.7259475218658892	0.026239067055393587	0.013119533527696793	0.9464285714285714	0.7476326937161627	4.428571428571429	1.6706827309236947	0.0042587326005830905	7.037663310810811e-05	0.005119817962028017	0.6151603498542274	28.839285714285715	2.0321990553014184	3.347665847665848	2.1952	0.4387755102040816	0.6680579216354352	0.6587730392815566	0.838035731168404	0.15451895043731778	0.9135621524428529	594	296	56
16-223_de_amateur	de	12.075	1.8674948240165632	11.155688923395449	10.339260910973085	0.37267080745341613	0.062111801242236024	0.6915113871635611	0.012422360248447204	0.014492753623188406	1.0	0.7371276866167579	4.45	1.8471337579617835	0.0039550854948240165	4.9423710628019324e-05	0.0063447538903359385	0.4968944099378882	29.35	1.9594331815778319	3.304826418289585	2.1372549019607843	0.4927536231884058	0.679739583333333	-1	0.8821959245005576	0.14906832298136646	0.9319473784839963	411	207	40
16-225_de_amateur	de	11.115384615384615	1.8166089965397925	10.180986159169553	10.475793345754592	0.356401384083045	0.06055363321799308	0.7024221453287197	0.010380622837370242	0.00865051903114187	0.9423076923076923	0.6714486112870571	4.25	1.7807486631016043	0.004208213598615917	5.531125942622951e-05	0.004943153732081068	0.6937716262975778	25.192307692307693	1.9876632886290468	3.4009111617312073	2.2638623326959846	0.46539792387543255	0.7000626304801671	-1	0.880641900446603	0.1453287197231834	0.9220937025171486	497	244	52
16-226_de_amateur	de	13.101694915254237	1.9482535575679172	12.509052996250578	11.432822018549784	0.3260025873221216	0.07373868046571798	0.6571798188874515	0.01034928848641656	0.0129366106080207	0.9322033898305084	0.7098631763112121	5.033898305084746	1.7628458498023716	0.005003114500129366	4.55016083032491e-05	0.00432137843714734	0.6532988357050453	31.28813559322034	2.031590778866849	3.249326871297792	2.1890862944162435	0.4049159120310479	0.6382937685459952	0.7207486790305371	0.7577263785958407	0.13971539456662355	0.92036515300303	646	277	59
16-227_de_amateur	de	13.022222222222222	1.9556313993174061	12.56511717861206	11.105796784224498	0.30204778156996587	0.06825938566552901	0.6450511945392492	0.011945392491467578	0.017064846416382253	0.8444444444444444	0.6424347650826671	4.866666666666666	1.7643979057591623	0.004659393281911263	6.420454776119403e-05	0.006029579067121729	0.5546075085324232	32.577777777777776	2.246257402689017	3.184709066305819	2.2130434782608694	0.4232081911262799	0.6493634496919893	-1	0.724488194757245	0.15017064846416384	0.9163743153776699	479	201	45
16-228_de_amateur	de	11.28888888888889	2.029527559055118	12.761091863517063	11.521577025371828	0.3346456692913386	0.07874015748031496	0.6811023622047244	0.021653543307086614	0.007874015748031496	0.8444444444444444	0.6936812080424277	3.933333333333333	1.8502994011976048	0.004315079668700788	5.2217034000000005e-05	0.006270049577136191	0.2677165354330709	28.0	2.3627926371833174	3.2081696779261586	2.1073446327683616	0.49803149606299213	0.6976039119804394	-1	0.9052922584413325	0.12598425196850394	0.9393045750415324	422	200	45
16-23_de_amateur	de	11.92	1.7838926174496643	10.108732885906043	9.771185073825505	0.3530201342281879	0.059731543624161075	0.676510067114094	0.013422818791946308	0.004026845637583893	0.944	0.7217234586891804	4.584	1.645224171539961	0.0052268554611409395	4.780902919254658e-05	0.002428891019495046	1.5879194630872484	27.616	1.9375557762822053	3.2055427251732103	2.06282722513089	0.38926174496644295	0.6945506829618976	0.7885171046089628	0.8441956400453993	0.12818791946308725	0.9224527906724626	1312	644	125
16-230_de_amateur	de	11.92282958199357	1.9743797195253505	12.35758422737663	11.270886534372538	0.33818770226537215	0.06553398058252427	0.6903991370010788	0.011057173678532902	0.012405609492988134	0.7845659163987139	0.7467652136145162	4.353503184713376	1.6382649109217662	0.0043999371773269964	5.664856343885785e-05	0.0014005344709228204	2.6143473570658036	27.45859872611465	1.9883218418142428	3.296232876712329	2.1080623306233064	0.2640237324703344	0.6645164865613823	0.6077531271377195	0.7003742125508492	0.13942826321467097	0.8789527405926726	3282	1611	314
16-231_de_amateur	de	8.027777777777779	2.1453287197231834	12.855712226066903	11.933922645136485	0.35986159169550175	0.058823529411764705	0.6747404844290658	0.010380622837370242	0.006920415224913495	0.6666666666666666	0.6286205199144339	3.138888888888889	1.5480769230769231	0.004704687071626298	2.7474927692307693e-05	0.009342560553633219	0.47750865051903113	21.833333333333332	2.227206260515084	3.0415094339622644	1.9809160305343512	0.5536332179930796	0.7309999999999993	-1	-1	0.1245674740484429	0.9221581101109662	251	130	36
16-232_de_amateur	de	13.636942675159236	2.1728164409154602	15.367641646114535	12.257133246860656	0.2998598785614199	0.059318075665576835	0.6791219056515647	0.003269500233535731	0.008874357776739842	0.8980891719745223	0.690277444975306	4.535031847133758	1.6719653179190752	0.004504925302522186	4.156466592178771e-05	0.0022744349450683344	1.2143858010275572	32.48407643312102	2.099156205578105	3.30327868852459	2.0054237288135592	0.3007940214852872	0.683261508325183	0.7089428505099304	0.8268409307672102	0.16907986921999066	0.8851424443335942	1925	895	157
16-233_de_amateur	de	14.153846153846153	1.9945652173913044	13.465869565217393	12.864892642140468	0.33695652173913043	0.043478260869565216	0.6847826086956522	0.0	0.010869565217391304	1.0	0.7213024391042966	5.384615384615385	1.6440677966101696	0.0053647318635869565	4.047864383561644e-05	0.019021739130434784	0.16847826086956522	36.38461538461539	2.150194777570343	3.266384778012685	2.04	0.5108695652173914	0.6536470588235295	-1	-1	0.14673913043478262	0.8766427389153535	158	73	13
16-234_de_amateur	de	8.545454545454545	2.2180851063829787	13.916131528046424	12.717310638297871	0.3404255319148936	0.07446808510638298	0.7074468085106383	0.026595744680851064	0.015957446808510637	0.8181818181818182	0.8030473300431282	3.5652173913043477	1.5909090909090908	0.004691914118085106	1.9516557142857143e-05	0.015514184397163119	0.2127659574468085	22.304347826086957	2.223242750130622	3.12984496124031	2.106741573033708	0.5638297872340425	0.7147191011235948	-1	-1	0.1276595744680851	0.9044231271937502	161	84	23
16-235_de_amateur	de	6.061224489795919	2.225589225589226	13.035830412973276	13.867157273414417	0.43434343434343436	0.06734006734006734	0.7575757575757576	0.020202020202020204	0.010101010101010102	0.6530612244897959	0.7185998618376387	2.8076923076923075	1.4960629921259843	0.003842660348821549	2.6711819424460433e-05	0.009520492279112967	0.6565656565656566	18.26923076923077	2.3994266449078188	2.9644351464435146	2.2044887780548628	0.5016835016835017	0.659444444444444	-1	-1	0.09090909090909091	0.8979309362836514	241	139	52
16-237_de_amateur	de	7.574468085106383	2.196629213483146	13.284267272292613	13.348052187425294	0.3595505617977528	0.05898876404494382	0.6938202247191011	0.019662921348314606	0.016853932584269662	0.6382978723404256	0.6767957666389488	3.0980392156862746	1.5153846153846153	0.004447396731179775	3.373793246753247e-05	0.009550561797752809	0.6432584269662921	18.80392156862745	2.134287912809585	3.186335403726708	2.115727002967359	0.45786516853932585	0.6819066147859923	-1	-1	0.13202247191011235	0.8888979444302765	309	154	51
16-238_de_amateur	de	9.157894736842104	2.17816091954023	13.683877797943136	12.861027586206896	0.3649425287356322	0.07471264367816093	0.7270114942528736	0.022988505747126436	0.008620689655172414	0.8157894736842105	0.7351522963718414	3.642857142857143	1.5491803278688525	0.004472208121264368	2.5596893125e-05	0.011174968071519796	0.27873563218390807	22.785714285714285	1.9397511483225767	3.0062630480167014	2.0067567567567566	0.49137931034482757	0.6760642570281125	-1	-1	0.13218390804597702	0.8951998389952054	298	160	42
16-24_de_amateur	de	10.369426751592357	2.1093366093366095	13.344248423293013	12.10696839856649	0.3230958230958231	0.07309582309582309	0.7180589680589681	0.0012285012285012285	0.009828009828009828	0.7579617834394905	0.6563566550875579	3.9936305732484074	1.53125	0.00415968265509828	4.26797e-05	0.0026484571939117394	1.038083538083538	25.936305732484076	2.3026612946484453	3.199317738791423	2.0904558404558404	0.3452088452088452	0.67547416612165	0.6669153588229368	0.7697697756986409	0.16646191646191646	0.8934163755866116	1438	704	157
16-240_de_amateur	de	8.333333333333334	1.9714285714285715	10.922857142857147	11.777704761904763	0.34285714285714286	0.11428571428571428	0.7428571428571429	0.011428571428571429	0.02857142857142857	0.9047619047619048	0.8016170634920634	3.217391304347826	1.6	0.004115527244571428	3.2354463888888886e-05	0.017142857142857144	0.16	22.0	2.1368921161248524	3.0098039215686274	2.0945945945945947	0.5714285714285714	0.6813157894736843	-1	-1	0.15428571428571428	0.9002684555126956	143	72	23
16-241_de_amateur	de	10.666666666666666	2.064583333333333	12.932083333333335	12.016175000000002	0.3645833333333333	0.0375	0.6791666666666667	0.0125	0.01875	0.7777777777777778	0.7272014862451902	3.795918367346939	1.4848484848484849	0.0043899447277083335	5.5473201869158876e-05	0.009791666666666667	0.6625	24.714285714285715	1.8135123606552177	3.1398026315789473	2.0887290167865706	0.3458333333333333	0.6158792650918632	-1	0.7084954182224752	0.15416666666666667	0.8301094309373965	422	214	49
16-242_de_amateur	de	7.636363636363637	2.1944444444444446	13.28262626262627	14.33632380952381	0.44047619047619047	0.051587301587301584	0.7023809523809523	0.007936507936507936	0.003968253968253968	0.7878787878787878	0.6974691484985606	3.176470588235294	1.3457943925233644	0.004524654153174603	2.178255041322314e-05	0.013575605680868838	0.5238095238095238	20.58823529411765	2.4510712615125634	3.0410764872521248	2.1179039301310043	0.5277777777777778	0.6695424836601307	-1	-1	0.11507936507936507	0.891754149468158	219	121	34
16-243_de_amateur	de	6.22	2.0964630225080385	11.574063665594856	12.849131909967848	0.42443729903536975	0.05466237942122187	0.7459807073954984	0.022508038585209004	0.006430868167202572	0.6	0.728368134048192	2.980769230769231	1.4251968503937007	0.004162459367524116	2.5257800684931506e-05	0.00976539240204835	0.6945337620578779	18.76923076923077	2.331102048649091	2.8527918781725887	2.1025	0.5337620578778135	0.7144811320754721	-1	-1	0.10932475884244373	0.9095018602410319	254	146	52
16-244_de_amateur	de	8.852941176470589	2.382059800664452	15.970952706664065	14.363982528825485	0.4152823920265781	0.05647840531561462	0.6943521594684385	0.006644518272425249	0.006644518272425249	0.7058823529411765	0.6510296746794074	3.4444444444444446	1.5	0.0041855216225913615	1.99633231292517e-05	0.010465116279069767	0.37209302325581395	22.52777777777778	2.223106114224055	3.2560975609756095	2.1984126984126986	0.5481727574750831	0.7273762376237626	-1	-1	0.132890365448505	0.9207858778232058	266	147	36
16-245_de_amateur	de	9.12	2.074561403508772	12.446624561403507	11.798109614035088	0.37719298245614036	0.039473684210526314	0.6666666666666666	0.017543859649122806	0.021929824561403508	0.84	0.7358005521049001	4.12	1.564102564102564	0.004438069363157895	3.0230987777777775e-05	0.017543859649122806	0.11403508771929824	23.96	2.1269205123251775	3.1160862354892207	1.9952830188679245	0.5570175438596491	0.745813953488372	-1	-1	0.11403508771929824	0.9061577583583547	194	90	25
16-246_de_amateur	de	6.622950819672131	2.0717821782178216	11.43998052264243	11.339288070118487	0.36633663366336633	0.09900990099009901	0.7301980198019802	0.022277227722772276	0.019801980198019802	0.5737704918032787	0.7639236643104931	3.0606060606060606	1.513157894736842	0.004530856927970297	3.169477081081081e-05	0.008377760853008377	1.0915841584158417	17.333333333333332	2.5662392994211176	3.031331592689295	2.1708428246013667	0.35148514851485146	0.5538688524590167	-1	-1	0.08663366336633663	0.8464634894366228	333	185	66
16-247_de_amateur	de	8.027777777777779	2.1453287197231834	12.855712226066903	11.933922645136485	0.35986159169550175	0.058823529411764705	0.6747404844290658	0.010380622837370242	0.006920415224913495	0.6666666666666666	0.6286205199144339	3.138888888888889	1.5480769230769231	0.004704687071626298	2.7474927692307693e-05	0.009342560553633219	0.47750865051903113	21.833333333333332	2.227206260515084	3.0415094339622644	1.9809160305343512	0.5536332179930796	0.7309999999999993	-1	-1	0.1245674740484429	0.9221581101109662	251	130	36
16-248_de_amateur	de	9.463414634146341	2.350515463917526	15.836814181543879	13.085427256726177	0.3479381443298969	0.06958762886597938	0.6829896907216495	0.007731958762886598	0.015463917525773196	0.7804878048780488	0.6897943718487586	3.4878048780487805	1.6304347826086956	0.004030021116494845	2.3504731736526946e-05	0.007998578030572343	0.6804123711340206	25.365853658536587	2.418266307969724	3.1157894736842104	2.1094674556213016	0.46649484536082475	0.6963667820069195	-1	-1	0.13917525773195877	0.8918237025598349	342	167	41
16-249_de_amateur	de	7.782608695652174	2.612662942271881	18.274640110112546	15.317332248400941	0.4376163873370577	0.08379888268156424	0.7523277467411545	0.0260707635009311	0.00931098696461825	0.5507246376811594	0.7901966145267681	2.986666666666667	1.7272727272727273	0.0035638834906890128	2.6749276335877863e-05	0.009559279950341403	0.441340782122905	21.69333333333333	2.4693853502880447	3.1198524892440074	2.272727272727273	0.41899441340782123	0.6264383561643837	-1	0.792651652478707	0.06890130353817504	0.8861653458757335	453	262	75
16-25_de_amateur	de	13.411111111111111	2.043082021541011	13.748701187517263	12.330411514314646	0.33057166528583265	0.0820215410107705	0.6826843413421707	0.0	0.0024855012427506215	0.9777777777777777	0.6985719198134299	4.9222222222222225	1.6327543424317619	0.004538642406048053	3.992771642335767e-05	0.0033140016570008283	1.1433305716652857	34.855555555555554	2.2187555635252223	3.1105815061963775	2.0836575875486383	0.37779618889809446	0.6903429602888057	0.6576184557433161	0.8028342354328643	0.1383595691797846	0.9039319271692423	1066	548	90
16-250_de_amateur	de	11.5	2.2490118577075098	15.433339920948615	12.971831620553361	0.33992094861660077	0.07114624505928854	0.6561264822134387	0.011857707509881422	0.007905138339920948	0.8181818181818182	0.7691399599480513	3.75	1.6153846153846154	0.004832851060474309	4.6091553846153845e-05	0.012090211578702626	0.3675889328063241	27.291666666666668	1.929682149946438	3.2127659574468086	2.1548117154811717	0.5138339920948617	0.7071428571428573	-1	-1	0.1383399209486166	0.9085169178925453	220	104	24
16-251_de_amateur	de	7.25	2.4113300492610836	15.69119458128079	14.302298522167487	0.4187192118226601	0.046798029556650245	0.7216748768472906	0.022167487684729065	0.0024630541871921183	0.6071428571428571	0.6625896675537822	2.8833333333333333	1.4654088050314464	0.003645157846305419	3.0996521465968584e-05	0.008910460736018545	0.7881773399014779	19.7	2.032447407395943	3.0678960603520538	2.2318840579710146	0.4605911330049261	0.6656677524429977	-1	-1	0.12315270935960591	0.8767955912951771	338	191	60
16-252_de_amateur	de	8.74074074074074	1.978813559322034	11.16888888888889	11.137384055241682	0.3644067796610169	0.0423728813559322	0.6949152542372882	0.029661016949152543	0.01694915254237288	0.6666666666666666	0.6154087871193135	3.4	1.524390243902439	0.004642391843220339	2.6520767010309277e-05	0.013826940231935772	0.3898305084745763	20.7	1.8344298442156497	3.0464	2.1129707112970713	0.4576271186440678	0.6046715328467153	-1	-1	0.1228813559322034	0.8678781965043404	198	97	30
16-253_de_amateur	de	6.821428571428571	2.3350785340314135	14.624283844427826	13.983710396409874	0.4083769633507853	0.041884816753926704	0.7120418848167539	0.031413612565445025	0.005235602094240838	0.6785714285714286	0.6185382499623985	3.2903225806451615	1.48	0.004700280604712042	3.485526888888889e-05	0.015706806282722516	0.4973821989528796	17.677419354838708	1.949485604001733	3.1379310344827585	2.272727272727273	0.4973821989528796	0.5799999999999998	-1	-1	0.09947643979057591	0.8780912989796354	160	90	31
16-254_de_amateur	de	8.448275862068966	2.306122448979592	14.917072484166084	13.789510907811401	0.4	0.09387755102040816	0.7591836734693878	0.012244897959183673	0.012244897959183673	0.7241379310344828	0.7579042980828696	3.3	1.4842105263157894	0.004867062352653061	2.3861258620689657e-05	0.01248499399759904	0.30612244897959184	23.133333333333333	2.6233950203206584	3.0515759312320916	2.1328125	0.5714285714285714	0.7581506849315074	-1	-1	0.08571428571428572	0.9110447401184963	205	116	30
16-255_de_amateur	de	8.416666666666666	2.062706270627063	12.032433993399344	11.904972937293731	0.3432343234323432	0.04950495049504951	0.6765676567656765	0.026402640264026403	0.0033003300330033004	0.6666666666666666	0.6140656486370772	3.5365853658536586	1.4260869565217391	0.004940658635643564	3.2815939393939396e-05	0.010187975319271058	0.4158415841584158	19.536585365853657	1.9798417907518806	3.087390761548065	2.075187969924812	0.46534653465346537	0.6118627450980388	-1	-1	0.1419141914191419	0.8896132775242324	265	132	41
16-256_de_amateur	de	9.325	2.193029490616622	13.92449798927614	12.841432225201073	0.4155495978552279	0.05361930294906166	0.6890080428954424	0.0160857908847185	0.005361930294906166	0.775	0.7912330042863193	3.511627906976744	1.401360544217687	0.004574448324396783	2.593561714285714e-05	0.009862121792416698	0.6193029490616622	24.488372093023255	2.0901581557568734	3.0977229601518026	2.09009009009009	0.45308310991957107	0.6628102189781025	-1	-1	0.0777479892761394	0.8916478261130536	324	175	43
16-257_de_amateur	de	6.622950819672131	2.0717821782178216	11.43998052264243	11.339288070118487	0.36633663366336633	0.09900990099009901	0.7301980198019802	0.022277227722772276	0.019801980198019802	0.5737704918032787	0.7639236643104931	3.0606060606060606	1.513157894736842	0.004530856927970297	3.169477081081081e-05	0.008377760853008377	1.0915841584158417	17.333333333333332	2.5662392994211176	3.031331592689295	2.1708428246013667	0.35148514851485146	0.5538688524590167	-1	-1	0.08663366336633663	0.8464634894366228	333	185	66
16-258_de_amateur	de	14.545454545454545	1.9875	13.535227272727273	13.812062500000001	0.33125	0.06875	0.66875	0.0125	0.0125	1.0	0.7473654123654124	5.0	1.5769230769230769	0.004766778380625	3.929570694444445e-05	0.015384615384615385	0.28125	36.72727272727273	2.0845652431859327	3.1732673267326734	1.8962962962962964	0.56875	0.6904918032786888	-1	-1	0.15625	0.9100126570100423	139	72	11
16-26_de_amateur	de	13.631067961165048	1.9444444444444444	12.670560949298814	11.694841058833294	0.33974358974358976	0.06481481481481481	0.6908831908831908	0.009259259259259259	0.007834757834757835	0.941747572815534	0.7245131710765601	4.726415094339623	1.647422680412371	0.004442394237749288	5.114586134020619e-05	0.002535273368606702	1.6467236467236468	32.301886792452834	2.063137632478757	3.2059935990689556	2.0666111573688593	0.3646723646723647	0.6715938697318032	0.713594263074457	0.8033417130506849	0.13176638176638178	0.911829406352625	1214	582	106
16-260_de_amateur	de	13.636942675159236	2.1728164409154602	15.367641646114535	12.257133246860656	0.2998598785614199	0.059318075665576835	0.6791219056515647	0.003269500233535731	0.008874357776739842	0.8980891719745223	0.690277444975306	4.535031847133758	1.6719653179190752	0.004504925302522186	4.156466592178771e-05	0.0022744349450683344	1.2143858010275572	32.48407643312102	2.099156205578105	3.30327868852459	2.0054237288135592	0.3007940214852872	0.683261508325183	0.7089428505099304	0.8268409307672102	0.16907986921999066	0.8851424443335942	1925	895	157
16-27_de_amateur	de	11.570093457943925	1.878836833602585	11.092611085108633	10.910981661709421	0.3263327948303716	0.07512116316639741	0.6890145395799677	0.012116316639741519	0.008077544426494346	0.9252336448598131	0.7088807097046829	4.364485981308412	1.5942028985507246	0.00431322228901454	4.507573139534884e-05	0.003092184975767367	1.1147011308562198	28.19626168224299	2.100503748576816	3.224604221635884	2.048964218455744	0.38368336025848143	0.690913081650571	0.7881774772570421	0.8555774710190197	0.1631663974151858	0.9066384377916318	1082	516	107
16-28_de_amateur	de	12.82	1.967238689547582	12.62321653666147	10.772482159126366	0.3166926677067083	0.054602184087363496	0.6645865834633385	0.0046801872074883	0.0078003120124804995	0.94	0.6887025248776004	4.54	1.7393364928909953	0.005546611029485179	4.73201037037037e-05	0.005115553459347676	1.0078003120124805	30.0	2.037273246319122	3.2861885790172645	2.1283783783783785	0.39469578783151327	0.6595756457564571	0.6697288996892667	0.836356837341558	0.15288611544461778	0.9031555396108318	578	270	50
16-3_de_amateur	de	9.884615384615385	2.16787103946637	13.84587826570317	11.675650994142044	0.34852695942190104	0.06559199555308505	0.6959421901056142	0.008337965536409116	0.010561423012784881	0.7967032967032966	0.7197133600235502	3.612021857923497	1.6025848142164782	0.004127629702445803	4.744955612745098e-05	0.002423568649249583	1.8443579766536966	25.69945355191257	2.2383047953514286	3.164383561643836	2.2119078104993597	0.34185658699277377	0.7075294117647156	0.714021515072314	0.8449616554847148	0.13841022790439134	0.8977060330467084	1612	816	183
16-33_de_amateur	de	12.830645161290322	1.9088623507228157	11.938527351432452	10.807933148151902	0.3406662476429918	0.0590823381521056	0.683218101822753	0.010685103708359522	0.01005656819610308	0.8870967741935484	0.7417537329739187	4.556451612903226	1.6285178236397748	0.004319137922294783	4.410569830508475e-05	0.0030651868816889524	1.1879321181646763	31.43548387096774	2.2126338097963307	3.1594092182327476	2.069615663524293	0.3444374607165305	0.6941152815013423	0.7122077132231576	0.856049069960469	0.1464487743557511	0.9068301758935187	1372	649	124
16-34_de_amateur	de	11.444444444444445	1.866318147871546	10.895887478217581	10.166345315741433	0.3286034353995519	0.05302464525765497	0.7042569081404033	0.021657953696788648	0.008215085884988798	0.8974358974358975	0.7228598884458495	4.201680672268908	1.62582056892779	0.004306482983140553	5.189208629173989e-05	0.00282726981756108	1.159073935772965	26.764705882352942	1.9541046004307676	3.17702154230409	2.0299625468164795	0.3905899925317401	0.6927419354838742	0.7227633956425314	0.8380902290949874	0.1650485436893204	0.9131656355345462	1177	569	119
16-35_de_amateur	de	13.631067961165048	1.9444444444444444	12.670560949298814	11.694841058833294	0.33974358974358976	0.06481481481481481	0.6908831908831908	0.009259259259259259	0.007834757834757835	0.941747572815534	0.7245131710765601	4.726415094339623	1.647422680412371	0.004442394237749288	5.114586134020619e-05	0.002535273368606702	1.6467236467236468	32.301886792452834	2.063137632478757	3.2059935990689556	2.0666111573688593	0.3646723646723647	0.6715938697318032	0.713594263074457	0.8033417130506849	0.13176638176638178	0.911829406352625	1214	582	106
16-36_de_amateur	de	11.536585365853659	1.7914023960535588	10.047816566114921	9.964368095017104	0.3403805496828753	0.06483439041578576	0.6863988724453841	0.009866102889358703	0.007751937984496124	0.8780487804878049	0.6946566113967474	4.3983739837398375	1.6356107660455486	0.00484968569837914	3.887072962356792e-05	0.002555677254472435	1.6377730796335448	28.178861788617887	2.1522963717541637	3.126509488211616	2.07347972972973	0.3692741367159972	0.6781590909090954	0.8690429344195302	0.8902475267911186	0.14799154334038056	0.9171057625367541	1251	611	123
16-37_de_amateur	de	14.209302325581396	1.772504091653028	10.867176188482478	9.655558032961597	0.39361702127659576	0.06137479541734861	0.7119476268412439	0.0016366612111292963	0.007364975450081833	0.8255813953488372	0.7004713597059724	5.116279069767442	1.6494845360824741	0.004767217309738134	4.1722632006920415e-05	0.003916296469487959	2.3175122749590833	31.1046511627907	1.869820375028639	3.30470500373413	2.0689265536723163	0.2774140752864157	0.6394122885129149	0.45484715496415956	0.4653875173098204	0.11865793780687398	0.8392917811670266	1088	578	86
16-38_de_amateur	de	12.23076923076923	1.919287211740042	11.827589098532496	10.461127173036607	0.33647798742138363	0.059748427672955975	0.6750524109014675	0.010482180293501049	0.0041928721174004195	0.9487179487179487	0.7395098366171714	4.666666666666667	1.656441717791411	0.004569629040880503	4.9123557960199e-05	0.0033475349969567863	1.1981132075471699	30.53846153846154	2.0826967012361317	3.1403435274403018	2.1201413427561837	0.40041928721174	0.6989941520467847	0.7547287582269624	0.8539988774954679	0.13941299790356393	0.9083266723674749	836	402	78
16-39_de_amateur	de	12.242574257425742	1.8600889607763849	11.133653697557381	10.117340542812874	0.32147189648200564	0.055802668823291546	0.6955115244642135	0.014961585119288313	0.009300444803881924	0.8415841584158416	0.738349699410963	4.206730769230769	1.7069408740359897	0.004790778742822482	5.314822982791587e-05	0.0016858542851026378	2.433481601293975	27.740384615384617	1.940280906450983	3.23840830449827	2.146829268292683	0.3028710068742418	0.696684919966314	0.7327081338630692	0.7941093848159355	0.15649009300444805	0.8926820308920314	2161	1046	208
16-4_de_amateur	de	11.777777777777779	1.9654088050314464	12.195157232704403	11.377189937106918	0.33438155136268344	0.08176100628930817	0.6844863731656184	0.009433962264150943	0.0041928721174004195	0.9629629629629629	0.7400252459366131	4.45679012345679	1.7845659163987138	0.004718261807861636	3.5632248401826486e-05	0.003616352201257862	1.4580712788259957	29.061728395061728	2.2209624793794234	3.183466891606917	2.0770370370370372	0.38469601677148846	0.680421052631581	0.6740674346601973	0.7970650332587086	0.129979035639413	0.897630551381494	863	438	81
16-40_de_amateur	de	11.266666666666667	1.9609467455621301	11.943171597633135	10.591354714003945	0.34201183431952664	0.0485207100591716	0.6603550295857988	0.005917159763313609	0.0035502958579881655	0.9333333333333333	0.72703809281968	4.2	1.6897810218978102	0.004406572053372781	4.0419270844686645e-05	0.004803341454925165	1.1644970414201183	27.946666666666665	2.3139070993376247	3.1877376425855513	2.2085308056872037	0.3727810650887574	0.6791957104557634	0.6984473535819918	0.7916622839841493	0.13609467455621302	0.8867266896701704	753	367	75
16-41_de_amateur	de	12.844444444444445	1.782871972318339	10.457222606689736	10.030497685505576	0.328719723183391	0.052768166089965395	0.6773356401384083	0.007785467128027681	0.0034602076124567475	0.9222222222222223	0.737671320184105	4.533333333333333	1.6785714285714286	0.004907699694896194	6.0979759192825115e-05	0.0031951110615023996	0.9705882352941176	31.522222222222222	2.22047060473911	3.131338028169014	2.1557093425605536	0.3771626297577855	0.685591296121095	0.7580916323185907	0.8269253570626547	0.1375432525951557	0.9134201139323375	990	446	90
16-44_de_amateur	de	12.301075268817204	2.1215034965034967	14.241160613579972	11.965865659072112	0.34702797202797203	0.06468531468531469	0.708041958041958	0.01048951048951049	0.005244755244755245	0.946236559139785	0.7414500650467986	4.709677419354839	1.6435897435897435	0.004687654822027972	5.0342467338709676e-05	0.00302682392234631	1.104020979020979	32.02150537634409	2.297658345684485	3.193397799266422	2.236666666666667	0.4222027972027972	0.7016650717703405	0.7771574267420769	0.8698436339179189	0.1451048951048951	0.9221807917159549	983	496	93
16-49_de_amateur	de	11.232142857142858	1.8394276629570747	10.495782137179198	10.350184397002046	0.35771065182829886	0.07048224695283518	0.7260201377848436	0.02384737678855326	0.006359300476947536	0.7678571428571429	0.7750698997004918	3.536842105263158	1.7064220183486238	0.0046142503420296774	3.929656342105263e-05	0.0025051789757672112	1.836248012718601	25.852631578947367	2.0149714644575103	3.0469035532994924	2.1353199804592085	0.32379438261791205	0.6803914988814416	0.8051530791638719	0.9131512624323633	0.1293057763645999	0.8966907060180378	1585	760	190
16-5_de_amateur	de	8.173913043478262	2.4095744680851063	16.03080481036078	13.115933580018503	0.3723404255319149	0.0425531914893617	0.6861702127659575	0.010638297872340425	0.005319148936170213	0.8260869565217391	0.7149986881805064	3.0434782608695654	1.44	0.004435869255851064	3.264302716049383e-05	0.017139479905437353	0.11702127659574468	22.0	2.254548480378	3.1291585127201564	2.2041884816753927	0.648936170212766	0.7165168539325844	-1	-1	0.11702127659574468	0.946394630357186	163	81	23
16-50_de_amateur	de	10.911764705882353	1.8396226415094339	10.37313540510544	9.973651910575551	0.3086253369272237	0.07142857142857142	0.7008086253369272	0.008086253369272238	0.012129380053908356	0.9117647058823529	0.7404788162163755	4.029411764705882	1.6477732793522266	0.004738882110377358	3.8567987248322154e-05	0.004074468751958879	0.7601078167115903	26.029411764705884	2.128057464362297	3.1728395061728394	2.13781512605042	0.4555256064690027	0.7058009331259714	0.8949561426561856	0.9123000384107224	0.16576819407008087	0.9351919854237286	653	298	68
16-51_de_amateur	de	14.0	1.7535714285714286	10.56214285714286	9.955359523809525	0.3142857142857143	0.058333333333333334	0.6964285714285714	0.02261904761904762	0.008333333333333333	0.9166666666666666	0.7234622848852071	4.633333333333334	1.7803030303030303	0.005122686625952381	5.620800542168674e-05	0.003991596638655463	1.0357142857142858	33.016666666666666	2.0943186710589266	3.144942123804731	2.042962962962963	0.3869047619047619	0.6775978407557356	0.7608881746459568	0.8959124597634975	0.15714285714285714	0.9083336712751636	736	332	60
16-52_de_amateur	de	12.925	1.7640232108317215	10.266223887814316	10.196911063829786	0.3307543520309478	0.059961315280464215	0.6982591876208898	0.02127659574468085	0.01160541586073501	0.95	0.7215016803689571	4.3	1.8012048192771084	0.004609205114119923	4.7531468224299064e-05	0.006472251153102218	0.3036750483558994	30.4	1.9417630636756535	3.1231647634584014	2.042079207920792	0.4758220502901354	0.6599282296650697	-1	1.0925454426905818	0.14893617021276595	0.92487268231662	454	214	40
16-53_de_amateur	de	11.075	1.7923250564334086	9.878685665914222	9.496649706546275	0.3182844243792325	0.040632054176072234	0.672686230248307	0.006772009029345372	0.009029345372460496	0.9	0.7177849253760187	4.375	1.6601307189542485	0.0056600196232505645	3.570520481927711e-05	0.006681715575620767	0.435665914221219	27.575	2.219648435672607	3.077407740774077	2.062992125984252	0.46952595936794583	0.6626744186046505	-1	-1	0.16930022573363432	0.9298907563772956	385	166	40
16-54_de_amateur	de	11.75438596491228	1.8052238805970149	10.295852317360566	9.715825870646768	0.32313432835820893	0.05149253731343283	0.7179104477611941	0.013432835820895522	0.014179104477611941	0.8508771929824561	0.7282160928544086	4.034188034188034	1.6226851851851851	0.004704207752611941	4.8746665257352946e-05	0.00288630377524144	1.180597014925373	26.88034188034188	1.9888990291333064	3.2390135946885867	2.2238175675675675	0.3970149253731343	0.714842868654313	0.7639900341289593	0.8750747853882557	0.16044776119402984	0.9230318111750355	1163	544	117
16-55_de_amateur	de	12.7	1.8720472440944882	11.45315748031496	9.64326283464567	0.36220472440944884	0.027559055118110236	0.7086614173228346	0.023622047244094488	0.007874015748031496	0.9	0.7638334508871012	4.25	1.6745562130177514	0.0045143899299212595	5.4462689175257737e-05	0.006327334083239595	0.43503937007874016	31.225	2.1340915314913085	3.108816521048451	2.1842105263157894	0.5019685039370079	0.6968459657701704	-1	-1	0.1515748031496063	0.953685609815198	427	194	40
16-56_de_amateur	de	12.906666666666666	1.9163223140495869	12.056203305785125	11.068046319559228	0.33884297520661155	0.045454545454545456	0.7066115702479339	0.010330578512396695	0.012396694214876033	0.9066666666666666	0.7284991975491286	4.506666666666667	1.584375	0.004468133425206611	5.469393325242718e-05	0.0037423982535474817	0.8977272727272727	30.653333333333332	1.9802793784032344	3.2277056277056277	2.0629183400267737	0.41838842975206614	0.7015189873417768	0.8393557653893509	0.8933345885416996	0.1621900826446281	0.9176933252930698	859	412	75
16-57_de_amateur	de	13.341463414634147	1.840036563071298	11.325602175948635	10.505701823694654	0.3235831809872029	0.05941499085923217	0.6892138939670932	0.015539305301645339	0.009140767824497258	0.9146341463414634	0.7245542034789879	4.5	1.7458100558659218	0.004952497462705667	5.990328044943821e-05	0.0034703932079447218	1.1837294332723949	31.914634146341463	1.9808502261349117	3.1648309912647172	2.084199584199584	0.3875685557586837	0.7043718592964864	0.6983680758687627	0.8365083906973243	0.15447897623400367	0.911243091601955	945	445	82
16-59_de_amateur	de	12.581395348837209	2.0462107208872458	13.462030692516013	11.679515032454972	0.32809611829944546	0.0711645101663586	0.678373382624769	0.0036968576709796672	0.0046210720887245845	0.9651162790697675	0.724705465626815	4.6395348837209305	1.6151761517615175	0.004711936033456562	3.331656135458168e-05	0.0031687351465540005	1.2957486136783734	30.767441860465116	2.1832989537608274	3.2565168114847	2.084648493543759	0.3576709796672828	0.6742421159715175	0.7893164487284762	0.8904028488284288	0.1645101663585952	0.894201512235391	984	502	86
16-6_de_amateur	de	14.49090909090909	1.8958594730238394	12.432596327135851	10.611995432873275	0.3174404015056462	0.05834378920953576	0.6844416562107905	0.014429109159347553	0.0056461731493099125	0.9545454545454546	0.7222649946579242	5.0636363636363635	1.6350093109869646	0.004819105160853199	4.19589455064194e-05	0.002445970140837128	1.6417816813048933	34.82727272727273	1.9952453551626363	3.208768267223382	2.054665409990575	0.3368883312421581	0.6894782608695637	0.7305447954505468	0.8494872767544758	0.1587202007528231	0.8978733776314218	1438	701	110
16-61_de_amateur	de	12.679738562091503	1.872680412371134	11.452726905195071	10.713804864901286	0.32577319587628867	0.05824742268041237	0.6798969072164949	0.00979381443298969	0.008762886597938144	0.9150326797385621	0.702755754946556	4.838709677419355	1.5861538461538462	0.004597815080257732	4.1161006038647346e-05	0.0018593519882179677	1.9747422680412372	30.61935483870968	2.0570712384614653	3.168308530706351	2.0567375886524824	0.3675257731958763	0.6927756653992423	0.8151699855779846	0.8619478173260348	0.16494845360824742	0.914766665348379	1722	828	155
16-62_de_amateur	de	13.294117647058824	1.9365781710914454	12.446328301231997	11.761500659378797	0.3466076696165192	0.06932153392330384	0.6607669616519174	0.009587020648967551	0.0058997050147492625	0.8823529411764706	0.7423673113646959	4.490384615384615	1.6993318485523385	0.004542269081563422	4.928830121527778e-05	0.003494933948954726	1.2743362831858407	31.971153846153847	2.2775672537695715	3.1843525179856114	1.996649916247906	0.33849557522123896	0.6840493237867912	0.7430036005632866	0.827309433644861	0.1275811209439528	0.893655820863673	1175	576	104
16-67_de_amateur	de	13.357723577235772	1.8289713937918441	11.201374641865716	10.323134449673166	0.317711503347535	0.041387705416920266	0.6841144248326233	0.016433353621424222	0.011564211807668898	0.9512195121951219	0.7345098705451755	4.682926829268292	1.620879120879121	0.004834912193365795	5.210057245053272e-05	0.002262563179761306	1.488740109555691	31.67479674796748	2.07186615519849	3.1867145421903054	1.9861218195836545	0.3524041387705417	0.6909585492228011	0.6371462928003525	0.7521244732056052	0.16189896530736458	0.911079612878737	1452	657	123
16-7_de_amateur	de	13.140495867768594	1.931446540880503	12.325862570819687	10.530336192109777	0.3742138364779874	0.05911949685534591	0.6874213836477987	0.012578616352201259	0.006918238993710692	0.8347107438016529	0.7508786679997013	4.544715447154472	1.7411764705882353	0.004957764703207548	4.7715880894308946e-05	0.0029022536687631022	1.9125786163522012	29.658536585365855	1.8945907615704098	3.314824945295405	2.063013698630137	0.3251572327044025	0.6667672702884023	0.5693402383961094	0.6112745145327972	0.14528301886792452	0.8799500945676602	1447	738	123
16-71_de_amateur	de	13.55072463768116	2.2192513368983957	15.881948384096724	12.203975277067348	0.3336898395721925	0.07593582887700535	0.6898395721925134	0.0106951871657754	0.009625668449197862	1.0	0.7190052855367035	5.188405797101449	1.761437908496732	0.00463458034631016	5.1522989629629627e-05	0.004496840058337385	0.6620320855614973	32.72463768115942	2.0863614515254456	3.341009743135518	2.166917293233083	0.386096256684492	0.6823325358851657	0.7326697077351976	0.8406389045103045	0.1358288770053476	0.9043050890647436	839	405	69
16-72_de_amateur	de	12.451612903225806	1.78860103626943	10.37162126023734	9.423127293999666	0.32746113989637304	0.058031088082901555	0.7046632124352331	0.013471502590673576	0.011917098445595855	0.8193548387096774	0.7331584200404979	4.496774193548387	1.6829268292682926	0.004785410458614093	4.329587353658536e-05	0.0022797927461139897	1.7968911917098445	28.46451612903226	2.01941038506291	3.2352141400407888	2.0318091451292246	0.3139896373056995	0.661015838339709	0.7363376394928204	0.8064203305486032	0.15129533678756477	0.884970468466458	1702	820	155
16-77_de_amateur	de	12.771929824561404	1.879120879120879	11.564679005205324	10.22325512820513	0.33516483516483514	0.04807692307692308	0.6826923076923077	0.004120879120879121	0.004120879120879121	0.8947368421052632	0.7118563763531423	4.701754385964913	1.59765625	0.005246648697115385	3.518692392638037e-05	0.004540598290598291	0.6153846153846154	30.842105263157894	2.0611201764604337	3.125	2.1293260473588345	0.4340659340659341	0.6743243243243234	0.732989483083712	0.8365406467771036	0.14972527472527472	0.9231776373236977	657	326	57
16-78_de_amateur	de	12.325	1.9614604462474645	12.361983265720085	10.696967180527384	0.33468559837728196	0.0720081135902637	0.6754563894523327	0.0	0.006085192697768763	0.85	0.774782301965123	4.275	1.6384839650145773	0.00488743800841785	4.427969325842697e-05	0.003966241669081425	1.193711967545639	28.175	1.9576882888786304	3.2962962962962963	2.219402985074627	0.35699797160243407	0.6289627959413752	0.717274493136025	0.7758928413325384	0.14807302231237324	0.9021304031394147	895	445	80
16-79_de_amateur	de	13.964285714285714	1.9718670076726343	13.124102119108517	10.976964121300695	0.30264279624893436	0.06734867860187553	0.6837169650468883	0.00937766410912191	0.004262574595055414	0.9523809523809523	0.7131439436939543	4.714285714285714	1.7074468085106382	0.004804473968745098	4.973089861932939e-05	0.0032821824381926686	0.9207161125319693	33.583333333333336	2.1239076367173526	3.2241867043847243	2.0404551201011376	0.3537936913895993	0.6723836126629401	0.6764200549306378	0.7613204901113398	0.16624040920716113	0.9000228245665538	1067	507	84
16-8_de_amateur	de	11.8	2.0084745762711864	12.712000000000003	10.977536271186441	0.327683615819209	0.062146892655367235	0.652542372881356	0.002824858757062147	0.0	0.9666666666666667	0.767090263853206	4.566666666666666	1.6752136752136753	0.004754449263276836	3.419559933774834e-05	0.007879869164436514	0.3898305084745763	29.233333333333334	2.034323727295668	3.120181405895692	2.027027027027027	0.4943502824858757	0.664078431372549	-1	-1	0.1694915254237288	0.9313470618430397	307	151	30
16-80_de_amateur	de	12.535714285714286	2.03988603988604	13.369583842083845	11.578150915750918	0.3561253561253561	0.05413105413105413	0.6923076923076923	0.011396011396011397	0.008547008547008548	0.9285714285714286	0.7440525105036484	4.535714285714286	1.598360655737705	0.004762271985612535	5.033136550632912e-05	0.005807582730659654	0.7877492877492878	31.017857142857142	2.138346455402465	3.1543739279588334	2.1171875	0.3945868945868946	0.6544610281923713	0.4908373030104442	0.6100018789475568	0.1339031339031339	0.8912662389245851	634	316	56
16-81_de_amateur	de	13.036144578313253	1.865988909426987	11.512765516780615	10.090844852237044	0.3068391866913124	0.04990757855822551	0.6857670979667283	0.0073937153419593345	0.0046210720887245845	0.9518072289156626	0.7522734978994036	4.783132530120482	1.6629526462395543	0.005024858195933456	4.521609417040359e-05	0.003533761009024682	0.8724584103512015	30.433734939759034	2.0228347836964122	3.2158642462509865	2.0652431791221826	0.378003696857671	0.6785350966429315	0.7298459700526092	0.7437494756482989	0.14602587800369685	0.902466179101885	956	446	83
16-82_de_amateur	de	11.777777777777779	1.963443396226415	12.171965408805033	10.62768784067086	0.31721698113207547	0.0695754716981132	0.6733490566037735	0.0	0.00589622641509434	0.9583333333333334	0.714649826302893	4.611111111111111	1.7357142857142858	0.005011446462853774	4.6984401808785527e-05	0.004860791532443626	0.7122641509433962	28.125	2.0414152680395192	3.19714144898965	2.0418118466898956	0.37028301886792453	0.6522029372496662	0.7656807264495228	0.839426142102119	0.17452830188679244	0.896601791110043	771	387	72
16-84_de_amateur	de	13.195121951219512	2.0073937153419594	13.243343402010733	9.80743511113115	0.32717190388170053	0.038817005545286505	0.6913123844731978	0.011090573012939002	0.0036968576709796672	0.975609756097561	0.7385680393065305	4.7560975609756095	1.5863874345549738	0.005650291862292052	4.597167280701755e-05	0.006238447319778189	0.6746765249537893	31.78048780487805	2.2851046338589813	3.1607963246554363	2.0739549839228295	0.41035120147874304	0.6506334841628953	0.8348489512460843	0.8738098916047142	0.13493530499075784	0.900725329060238	500	228	41
16-86_de_amateur	de	12.75609756097561	1.8738049713193117	11.49577671034837	10.164817600149233	0.3231357552581262	0.055449330783938815	0.6577437858508605	0.0	0.0057361376673040155	0.975609756097561	0.7132862621153021	4.853658536585366	1.6823529411764706	0.005119860663288719	4.3424660194174756e-05	0.005736137667304015	0.7839388145315488	30.536585365853657	2.1314426924748537	3.136616362192216	2.0296296296296297	0.42447418738049714	0.6722405660377353	-1	0.7299142667479008	0.13575525812619502	0.8985741393215783	463	206	41
16-9_de_amateur	de	12.226190476190476	1.9639727361246349	12.35309257198498	11.993074938563545	0.3476144109055501	0.06815968841285297	0.6962025316455697	0.012658227848101266	0.009737098344693282	0.9285714285714286	0.7123939546693627	4.642857142857143	1.5883977900552486	0.004708416263777994	4.288982663656885e-05	0.002986920708439696	1.818889970788705	32.714285714285715	2.1343151507906084	3.0665461121157325	2.0533070088845014	0.4050632911392405	0.683965517241377	0.7144233359417379	0.7610508884803744	0.14021421616358326	0.9054549475395338	888	443	84
16-90_de_amateur	de	13.68421052631579	2.1028846153846152	14.560880566801622	12.096836538461538	0.3721153846153846	0.06538461538461539	0.7038461538461539	0.0019230769230769232	0.006730769230769231	0.8947368421052632	0.7042830950833544	5.302631578947368	1.673913043478261	0.005009310075961539	4.6913920901639345e-05	0.004032721010332951	1.4375	34.30263157894737	2.1748680375574105	3.21414913957935	2.022309711286089	0.3153846153846154	0.629128586609988	0.6810734000349693	0.8178214201326516	0.14326923076923076	0.8713009261616151	943	488	76
16-92_de_amateur	de	13.265060240963855	1.8029064486830155	10.857669588435488	9.890665574559819	0.33605812897366033	0.05267938237965486	0.6857402361489555	0.01725703905540418	0.007266121707538601	0.9036144578313253	0.708462398439236	4.6117647058823525	1.6209677419354838	0.004609245286311535	4.876489073684211e-05	0.0032961237584600506	1.2588555858310626	30.68235294117647	1.9384979123624422	3.131367292225201	1.9613992762364294	0.3787465940054496	0.6723852295409216	0.6989358874710813	0.7961899354907627	0.1589464123524069	0.9089457538681021	974	475	85
16-93_de_amateur	de	11.686567164179104	1.7752234993614304	9.91539848649473	9.332314591791999	0.31928480204342274	0.05874840357598978	0.7037037037037037	0.019157088122605363	0.005108556832694764	0.9104477611940298	0.7099975231995631	4.477611940298507	1.6666666666666667	0.005112447260025544	5.4223118397626114e-05	0.004995868079032379	0.41507024265644954	26.955223880597014	1.9735107645026844	3.1393805309734515	1.9726027397260273	0.4329501915708812	0.6721052631578933	0.6991346417733567	0.8892779693346294	0.18135376756066413	0.9211710949597827	693	337	67
16-94_de_amateur	de	12.516129032258064	1.8926116838487972	11.624108191996452	10.199036980379114	0.3479381443298969	0.05756013745704467	0.679553264604811	0.012027491408934709	0.006872852233676976	0.9139784946236559	0.7123061892308699	4.612903225806452	1.6658354114713216	0.004885521566408935	5.875074265873016e-05	0.003104238258877434	1.7852233676975946	30.172043010752688	2.201781763564352	3.1474245115452932	2.0277456647398844	0.36597938144329895	0.6782065727699514	0.7408278045729799	0.8112785222614907	0.15378006872852235	0.9038085294421714	1039	504	93
16-95_de_amateur	de	12.716417910447761	1.8884976525821595	11.653675285544114	9.147605262420292	0.3274647887323944	0.045774647887323945	0.6525821596244131	0.01643192488262911	0.0011737089201877935	0.9253731343283582	0.7128001462272796	4.565217391304348	1.7589928057553956	0.004923596344483568	5.962558382749326e-05	0.0042876305451758166	0.9765258215962441	29.28985507246377	2.048659701052293	3.1551383399209487	1.9679054054054055	0.39436619718309857	0.6733466135458167	0.8459396774739739	0.9090125582356046	0.1619718309859155	0.9116706105158349	766	371	69
16-96_de_amateur	de	14.891304347826088	2.0708029197080293	14.653083148206921	11.82923484608061	0.34963503649635036	0.059124087591240874	0.6693430656934306	0.0051094890510948905	0.008029197080291971	0.9347826086956522	0.6966173890020793	5.489130434782608	1.6459627329192548	0.004971928574744526	4.634460571895425e-05	0.00323967603239676	1.3963503649635036	35.66304347826087	2.074923439155081	3.2804136253041363	2.033405172413793	0.3218978102189781	0.6615971675845842	0.6718338439674731	0.7450067149747337	0.14087591240875913	0.8857436335357605	1243	612	92
16-97_de_amateur	de	14.272727272727273	1.8864118895966029	12.236023933603551	10.450019957537155	0.35774946921443734	0.059447983014861996	0.7133757961783439	0.0031847133757961785	0.008492569002123142	0.9242424242424242	0.702932644280337	5.5606060606060606	1.5870206489675516	0.004568736170063694	5.6853653664302596e-05	0.003942978465271459	1.2929936305732483	33.75757575757576	2.0057573747770148	3.1317794710891977	2.02888583218707	0.3874734607218684	0.6951482799525507	0.7792866599194272	0.9013998815167485	0.15180467091295116	0.9062843762671037	842	423	66
16-98_de_amateur	de	12.32394366197183	1.7874285714285714	10.30799517102616	10.755140523138833	0.3565714285714286	0.04	0.7074285714285714	0.02057142857142857	0.011428571428571429	0.9014084507042254	0.7428072983626506	4.690140845070423	1.5857605177993528	0.004774485792696	5.7835339118457305e-05	0.00401078167115903	1.128	30.788732394366196	2.14411686725531	3.06021897810219	1.9707317073170731	0.44114285714285717	0.7095618556701049	0.7420762644207717	0.8704744175532417	0.14971428571428572	0.9203561700848704	747	363	71
16-99_de_amateur	de	10.660377358490566	1.9946902654867256	12.104892302554681	11.26560978460511	0.3663716814159292	0.06017699115044248	0.7061946902654868	0.01415929203539823	0.005309734513274336	0.8867924528301887	0.7207907408583891	3.8518518518518516	1.6551724137931034	0.004298826747256637	5.295994807692308e-05	0.005850540806293018	0.8424778761061947	27.27777777777778	2.294995400882863	3.0629228687415426	1.9875259875259876	0.4725663716814159	0.6953218884120163	-1	0.832191943340372	0.15752212389380532	0.9203896486125702	495	260	54
17-10_de_amateur	de	12.27027027027027	1.7922173274596183	10.343569869428904	9.454452625312538	0.28267254038179146	0.041116005873715125	0.6409691629955947	0.010279001468428781	0.003671071953010279	0.8828828828828829	0.7143192990628441	4.18018018018018	1.781725888324873	0.005233161934067548	3.362739169811321e-05	0.0029997902244598275	1.1116005873715125	29.71171171171171	2.1084929926542895	3.134441087613293	2.077809798270893	0.30616740088105726	0.6479018210609684	0.8440557882222812	0.9630556916917075	0.18355359765051396	0.8858499944922585	1223	530	111
17-107_de_amateur	de	14.854545454545455	1.8482252141982864	12.012330254812511	10.406501297429621	0.2778457772337821	0.04039167686658507	0.6744186046511628	0.033047735618115054	0.012239902080783354	0.9636363636363636	0.7450208322389917	4.767857142857143	1.753968253968254	0.00493384666800612	5.182241304347826e-05	0.004770423375074538	0.642594859241126	33.464285714285715	1.9765324018194155	3.2357637040979244	1.9671848013816926	0.37576499388004897	0.6543732590529228	0.6128596592287577	0.7729053583149802	0.16279069767441862	0.8914102569203339	725	322	56
17-108_de_amateur	de	12.014705882352942	1.8359853121175032	10.760361977104186	11.35866910504716	0.34516523867809057	0.07588739290085679	0.7025703794369645	0.022031823745410038	0.0036719706242350062	0.8676470588235294	0.7629811291436633	4.117647058823529	1.7655677655677655	0.003884255328716034	4.0586697922848665e-05	0.004603267521685913	0.966952264381885	31.41176470588235	2.2094504866672064	3.018122676579926	2.0651162790697675	0.4149326805385557	0.6828551532033423	0.8399180763924018	0.8656146862937052	0.13708690330477355	0.9024396200018828	680	337	68
17-110_de_amateur	de	15.136363636363637	1.6776776776776776	10.109778414778415	10.211946146146147	0.2972972972972973	0.05905905905905906	0.6826826826826827	0.01001001001001001	0.009009009009009009	0.9696969696969697	0.7021556633039425	4.9393939393939394	1.696774193548387	0.004947979439	4.5984957963446476e-05	0.003392281170058948	1.042042042042042	36.78787878787879	2.033520245457346	3.1471434443074395	2.030949839914621	0.37737737737737737	0.6790888888888893	0.6684850496611376	0.7748059303508149	0.16716716716716717	0.9098208167401022	856	383	66
17-113_de_amateur	de	14.116666666666667	1.8181818181818181	11.370045454545458	10.603641967729239	0.3482880755608028	0.0448642266824085	0.6871310507674144	0.012987012987012988	0.0011806375442739079	0.9333333333333333	0.7239376029362423	4.951612903225806	1.5889967637540454	0.005105291122149942	4.179203824362606e-05	0.00347632165813984	1.2998819362455727	35.24193548387097	2.163626125711068	3.147233653406493	2.1074168797953963	0.43565525383707204	0.7031550802139052	0.6944977378028988	0.7514655614480916	0.1334120425029516	0.9209420948754873	739	353	62
17-119_de_amateur	de	13.129032258064516	1.9164619164619165	12.144573194895777	10.5139334073076	0.29975429975429974	0.056511056511056514	0.7051597051597052	0.009828009828009828	0.004914004914004914	0.9354838709677419	0.7463230142351828	5.161290322580645	1.5777777777777777	0.00474837873046683	5.642254882352941e-05	0.006589233861961134	0.32186732186732187	31.0	2.160353677421912	3.259336099585062	1.9361702127659575	0.5061425061425061	0.7060064935064928	-1	-1	0.18181818181818182	0.9321806144580188	368	170	31
17-120_de_amateur	de	13.41025641025641	1.717017208413002	9.900803059273425	9.234269441584546	0.2925430210325048	0.06118546845124283	0.6806883365200764	0.0038240917782026767	0.0038240917782026767	0.9487179487179487	0.7089981223772873	5.256410256410256	1.5696969696969696	0.005409040972466539	5.348102434782609e-05	0.006250919252831298	0.3919694072657744	29.41025641025641	1.8531166683531808	3.31151832460733	2.0	0.45315487571701724	0.6560377358490567	-1	0.7780094129131727	0.1835564053537285	0.9213979806941104	478	230	39
17-122_de_amateur	de	13.75925925925926	1.740242261103634	10.310969792133992	9.85564236079956	0.3405114401076716	0.06056527590847914	0.6796769851951547	0.02557200538358008	0.005383580080753701	0.9259259259259259	0.6956492728563922	4.654545454545454	1.5676691729323309	0.004809843712786002	4.7262071293375394e-05	0.004839494859826466	0.8425302826379543	33.6	2.1210059323092945	3.011885467314965	1.9609120521172638	0.3943472409152086	0.6491770186335413	0.6545326578656483	0.7471827746957869	0.13055181695827725	0.8958401274729688	648	317	55
17-125_de_amateur	de	12.067796610169491	1.7387640449438202	9.633856408303185	9.221555817939441	0.30758426966292135	0.05196629213483146	0.6896067415730337	0.012640449438202247	0.007022471910112359	0.9322033898305084	0.7186790714534387	4.915254237288136	1.6973684210526316	0.0053634026137640445	5.990600128205128e-05	0.004735152487961476	0.5533707865168539	27.610169491525422	2.0937828350002756	3.199511897498475	1.991285403050109	0.4353932584269663	0.7014192495921707	0.8230374810698726	0.8593341222820549	0.17275280898876405	0.9216963062044693	643	312	59
17-126_de_amateur	de	16.1	1.8895790200138025	12.986032436162873	10.664628764665288	0.29882677708764666	0.0800552104899931	0.68391994478951	0.0027605244996549345	0.00759144237405107	0.9	0.6908272196344145	5.288888888888889	1.7425968109339407	0.00507597504278813	6.29331811570248e-05	0.0025957170668397147	1.0296756383712906	37.67777777777778	2.0014592331061145	3.3199882249043275	1.975540921919097	0.3754313319530711	0.6735111111111106	0.6190172285196585	0.721747158469961	0.15734989648033126	0.9145549128913292	1300	605	90
17-128_de_amateur	de	13.547169811320755	1.9456824512534818	12.65244915120618	10.226855594681243	0.31754874651810583	0.034818941504178275	0.6754874651810585	0.03203342618384401	0.012534818941504178	0.9433962264150944	0.7358129852481897	4.6415094339622645	1.7203389830508475	0.004790124853064067	4.4097693000000004e-05	0.004571102064138276	0.6392757660167131	31.30188679245283	2.186600298547393	3.256317689530686	2.038812785388128	0.41643454038997213	0.6704038772213248	0.6060903390615174	0.7958106911280011	0.1392757660167131	0.9208404162297956	649	300	53
17-129_de_amateur	de	12.317460317460318	2.1056701030927836	14.060716740304372	12.892958746522666	0.4020618556701031	0.10051546391752578	0.7306701030927835	0.010309278350515464	0.010309278350515464	0.7777777777777778	0.6914945100648945	4.149253731343284	1.9132075471698113	0.004839778319265464	4.3997125510204076e-05	0.004644544673539519	0.8904639175257731	29.611940298507463	1.927725761101207	3.2638680659670163	2.1927374301675977	0.4381443298969072	0.637636632200887	0.8464446580308845	0.8968974687946188	0.10051546391752578	0.9077704419443945	679	392	67
17-13_de_amateur	de	9.212765957446809	1.8290993071593533	9.586350547884624	9.203942597415361	0.3002309468822171	0.050808314087759814	0.628175519630485	0.006928406466512702	0.004618937644341801	0.851063829787234	0.7299396313627105	3.5714285714285716	1.779527559055118	0.004196686376443418	3.390693483146068e-05	0.0069284064665127015	0.45496535796766746	21.53061224489796	1.9859012882542295	3.1909689557855128	2.061946902654867	0.47113163972286376	0.6728143712574848	-1	-1	0.17321016166281755	0.919022164584494	390	178	49
17-130_de_amateur	de	15.0	2.0533333333333332	14.489333333333335	11.601666666666667	0.2866666666666667	0.1	0.6666666666666666	0.0	0.006666666666666667	1.0	0.7220448968637375	5.9	1.9545454545454546	0.0042451227246666666	4.334737246376812e-05	0.017333333333333336	0.04	35.4	2.0389182089839983	3.419718309859155	1.896551724137931	0.62	0.6560784313725487	-1	-1	0.20666666666666667	0.9548770829086921	138	69	10
17-131_de_amateur	de	10.777777777777779	2.1580756013745703	14.078625429553266	11.671339977090494	0.3848797250859107	0.061855670103092786	0.6701030927835051	0.003436426116838488	0.003436426116838488	0.9259259259259259	0.6771875858304303	4.444444444444445	1.5775862068965518	0.005236700803436426	5.789277785714286e-05	0.010882016036655211	0.2646048109965636	27.14814814814815	2.117304563650987	3.313008130081301	2.1197916666666665	0.5051546391752577	0.6381249999999997	-1	-1	0.12371134020618557	0.9172253080100313	270	140	27
17-132_de_amateur	de	13.566666666666666	1.7985257985257985	10.923604422604424	10.057032170352171	0.3464373464373464	0.07862407862407862	0.6707616707616708	0.0	0.002457002457002457	0.9	0.6602768573776024	4.966666666666667	1.7714285714285714	0.004752903561916462	3.038538245614035e-05	0.008058968058968058	0.6781326781326781	32.86666666666667	1.972936261040609	3.167846309403438	2.028673835125448	0.4348894348894349	0.6599350649350656	-1	-1	0.13513513513513514	0.9032856483321653	366	171	30
17-135_de_amateur	de	12.911111111111111	1.9208261617900173	12.11108204245554	10.37425412889654	0.3080895008605852	0.06712564543889846	0.6540447504302926	0.0	0.0051635111876075735	0.8888888888888888	0.7582613363382955	4.488888888888889	1.7597765363128492	0.004375409935283994	4.940268549019608e-05	0.005721728613294878	0.9655765920826161	32.08888888888889	2.2071801183066233	3.138927097661623	2.0854271356783918	0.3993115318416523	0.6624481327800825	0.576585630587013	0.628146441044214	0.14113597246127366	0.8904961644428724	534	255	45
17-138_de_amateur	de	13.166666666666666	1.7320675105485233	9.983396624472572	8.903302109704642	0.2974683544303797	0.04219409282700422	0.6329113924050633	0.002109704641350211	0.006329113924050633	0.9444444444444444	0.727120463797723	4.416666666666667	1.7179487179487178	0.005198056846624472	2.7365449726775954e-05	0.009110088224012275	0.41561181434599154	31.36111111111111	2.19917084390128	3.1519434628975267	2.1414790996784565	0.38396624472573837	0.5802666666666666	-1	-1	0.1540084388185654	0.8933626491394172	435	183	36
17-140_de_amateur	de	10.866666666666667	1.8680981595092025	10.69155828220859	9.80607844580777	0.3220858895705521	0.027607361963190184	0.6134969325153374	0.003067484662576687	0.0	0.9333333333333333	0.6797815378025275	4.233333333333333	1.7757009345794392	0.005539428428834356	2.4503829770992367e-05	0.009363900548918308	0.4233128834355828	27.266666666666666	2.1530315128341444	3.1492718446601944	2.1255411255411256	0.4815950920245399	0.634977973568282	-1	-1	0.15030674846625766	0.9252670625350052	299	131	30
17-141_de_amateur	de	12.911111111111111	1.9208261617900173	12.11108204245554	10.37425412889654	0.3080895008605852	0.06712564543889846	0.6540447504302926	0.0	0.0051635111876075735	0.8888888888888888	0.7582613363382955	4.488888888888889	1.7597765363128492	0.004375409935283994	4.940268549019608e-05	0.005721728613294878	0.9655765920826161	32.08888888888889	2.2071801183066233	3.138927097661623	2.0854271356783918	0.3993115318416523	0.6624481327800825	0.576585630587013	0.628146441044214	0.14113597246127366	0.8904961644428724	534	255	45
17-142_de_amateur	de	12.296875	1.8055908513341805	10.511753295743333	10.579449189961881	0.3583227445997459	0.03811944091486658	0.6531130876747141	0.0025412960609911056	0.0025412960609911056	0.90625	0.7072428918495063	4.265625	1.5964285714285715	0.004913139944472681	3.275697669616519e-05	0.00529436679373147	0.5374841168996188	31.25	2.1146840549055437	3.101543056246889	2.072607260726073	0.41804320203303685	0.6617005813953497	0.7621594153828488	0.9440162566024667	0.12960609911054638	0.9169814887571106	706	339	64
17-15_de_amateur	de	13.258426966292134	1.806779661016949	10.900786516853934	10.00169881927252	0.29491525423728815	0.07372881355932204	0.6559322033898305	0.00423728813559322	0.001694915254237288	0.9438202247191011	0.7106020920228469	4.423913043478261	1.7878787878787878	0.004678881006016949	3.5198497291666665e-05	0.0029661016949152543	0.8016949152542373	30.402173913043477	2.0776529380944964	3.198503207412687	2.008120649651972	0.37033898305084745	0.6710823311748411	0.7257813741397869	0.8041304637429083	0.1576271186440678	0.907404099623579	1064	480	92
17-159_de_amateur	de	13.372093023255815	1.7121739130434783	9.828768452982814	8.034100910010112	0.28782608695652173	0.03391304347826087	0.6408695652173914	0.004347826086956522	0.0026086956521739132	0.9069767441860465	0.7048405163478502	4.406976744186046	1.7911764705882354	0.005122158043217391	5.6293260548523204e-05	0.003957409050576752	0.6321739130434783	28.674418604651162	2.032093124224067	3.2992317023857662	2.064917127071823	0.3408695652173913	0.6232254995242615	0.6190266328111923	0.7456553106687649	0.16434782608695653	0.8874981567136673	1045	474	86
17-16_de_amateur	de	12.307692307692308	1.71375	9.432250000000003	9.286102403846154	0.2875	0.063125	0.65	0.006875	0.005625	0.9	0.7306934761477122	4.244274809160306	1.812877263581489	0.005011532808	4.7627242033898304e-05	0.002531645569620253	1.33125	30.519083969465647	2.3920487386975022	3.0959621136590227	2.0306258322237016	0.31875	0.6704130579613614	0.682868497879126	0.8570235996344856	0.169375	0.9031255041662692	1398	590	131
17-160_de_amateur	de	13.029850746268657	1.7056128293241695	9.617873177069978	8.655893450274398	0.26804123711340205	0.029782359679266894	0.6552119129438717	0.010309278350515464	0.01718213058419244	0.9402985074626866	0.7041454837322408	4.507462686567164	1.8063241106719368	0.004615749346449026	4.76406736677116e-05	0.004250986381570575	0.845360824742268	29.104477611940297	2.0573934906268687	3.263265306122449	2.110410094637224	0.3539518900343643	0.6357105943152455	0.42009115463195107	0.5987757390898004	0.17525773195876287	0.8908288286522614	782	319	67
17-161_de_amateur	de	13.029850746268657	1.7056128293241695	9.617873177069978	8.655893450274398	0.26804123711340205	0.029782359679266894	0.6552119129438717	0.010309278350515464	0.01718213058419244	0.9402985074626866	0.7041454837322408	4.507462686567164	1.8063241106719368	0.004615749346449026	4.76406736677116e-05	0.004250986381570575	0.845360824742268	29.104477611940297	2.0573934906268687	3.263265306122449	2.110410094637224	0.3539518900343643	0.6357105943152455	0.42009115463195107	0.5987757390898004	0.17525773195876287	0.8908288286522614	782	319	67
17-162_de_amateur	de	12.11111111111111	1.8220183486238533	10.633149847094803	9.595207135575944	0.3137614678899083	0.044036697247706424	0.6477064220183486	0.005504587155963303	0.003669724770642202	0.9333333333333333	0.721390348943802	4.173913043478261	1.894736842105263	0.005764244712477064	4.1649771238938057e-05	0.0064498192938559915	0.7321100917431193	27.02173913043478	1.9377173173571762	3.260175578611333	2.136231884057971	0.4	0.6354484304932722	-1	0.9140536157058241	0.15045871559633028	0.8965558574963741	498	226	46
17-163_de_amateur	de	9.542857142857143	1.8652694610778444	10.14189392643285	8.548050744225835	0.27844311377245506	0.041916167664670656	0.6377245508982036	0.005988023952095809	0.0029940119760479044	0.8571428571428571	0.7321950660834743	3.4285714285714284	1.7653061224489797	0.004980531911976048	3.993915100671141e-05	0.009281437125748504	0.46706586826347307	20.571428571428573	2.0280685022256693	3.44	2.1116504854368934	0.44011976047904194	0.659148936170212	-1	-1	0.19461077844311378	0.8992521892139006	306	149	35
17-164_de_amateur	de	14.365079365079366	1.5900552486187844	8.77503288608261	7.965548452161713	0.2828729281767956	0.03756906077348066	0.6320441988950276	0.0011049723756906078	0.011049723756906077	0.873015873015873	0.7181002568387901	4.238095238095238	1.7408759124087592	0.0044530327381215465	5.226563e-05	0.0038443830570902395	0.7646408839779005	34.76190476190476	2.2270837854572907	3.0582347588717016	2.027624309392265	0.34033149171270716	0.6429404466501243	0.6516658599660442	0.8800078758045015	0.1580110497237569	0.9003261366013052	774	310	63
17-165_de_amateur	de	13.816666666666666	1.8383594692400482	11.49114173703257	9.606570068355449	0.26658624849215923	0.033775633293124246	0.638118214716526	0.0012062726176115801	0.009650180940892641	0.9	0.7146140794985564	4.433333333333334	1.7238493723849373	0.004913341919179734	3.7981542168674696e-05	0.004602882356675766	0.6188178528347407	31.966666666666665	2.1378379937743426	3.22256890275611	1.9981549815498154	0.36550060313630883	0.6766712328767125	0.697499843868487	0.7695553992180664	0.19300361881785283	0.9038591006506483	757	332	60
17-166_de_amateur	de	11.705882352941176	1.8023450586264658	10.242965809439358	9.349962222879102	0.2897822445561139	0.04355108877721943	0.6381909547738693	0.0	0.006700167504187605	0.9411764705882353	0.6732783008504196	4.313725490196078	1.733695652173913	0.005296191544723618	2.677665751072961e-05	0.006526887310113787	0.4623115577889447	27.19607843137255	2.0429427324024023	3.2895114942528734	2.05	0.3953098827470687	0.6435341365461844	0.8724062930024771	0.852553334427741	0.1708542713567839	0.9012328435369092	545	233	51
17-167_de_amateur	de	13.88385269121813	1.768618649255254	10.694402610787069	10.419077578663778	0.28586002856559883	0.056723117731075294	0.6853703325851866	0.0028565598857376046	0.008569679657212814	0.9263456090651558	0.6961994076683461	4.640226628895184	1.7289402173913044	0.004855529110344828	4.4578625771604936e-05	0.0011056354237548786	2.7414813303407466	33.64305949008499	2.130726918211581	3.148440783390771	2.003233830845771	0.23342175066312998	0.6642628071636774	0.71820102541814	0.796357375969199	0.1815955927361763	0.876494607451989	4320	1944	353
17-168_de_amateur	de	10.808080808080808	1.6822429906542056	8.475618804871143	8.71958774662513	0.30934579439252335	0.06074766355140187	0.6691588785046729	0.0065420560747663555	0.003738317757009346	0.8585858585858586	0.7190996215717419	3.910891089108911	1.804154302670623	0.004579583945887851	3.637051135857461e-05	0.0034975927499291985	1.0981308411214954	25.22772277227723	1.957348673722042	3.126365054602184	2.030826140567201	0.33457943925233646	0.6453347064881597	0.8442137099187474	0.8577398543952282	0.14953271028037382	0.8824384366780754	961	449	101
17-169_de_amateur	de	10.44186046511628	1.7839643652561248	9.533105091417621	8.986580628787486	0.30957683741648107	0.031180400890868598	0.6391982182628062	0.0200445434298441	0.004454342984409799	0.8372093023255814	0.7324575845675592	4.2	1.6133333333333333	0.005083468608017817	4.0893636756756755e-05	0.007526303663313109	0.6258351893095768	24.466666666666665	2.012701959076228	3.213381555153707	2.078078078078078	0.40311804008908686	0.6300571428571431	-1	-1	0.16258351893095768	0.8933182431184369	405	185	45
17-17_de_amateur	de	12.64516129032258	1.6760204081632653	9.118653719552338	8.986235253456222	0.336734693877551	0.05357142857142857	0.6887755102040817	0.002551020408163265	0.0	0.8709677419354839	0.7598603801772672	4.516129032258065	1.6692307692307693	0.004620084385204081	4.3545529192546585e-05	0.008232838589981447	0.3137755102040816	31.580645161290324	2.124309375371044	3.0509683995922527	2.046376811594203	0.46683673469387754	0.6473037542662112	-1	-1	0.15051020408163265	0.9101761011492365	348	161	31
17-170_de_amateur	de	12.085106382978724	1.7376760563380282	9.627768954150437	8.741668519628409	0.2975352112676056	0.04401408450704225	0.6320422535211268	0.008802816901408451	0.0017605633802816902	0.9361702127659575	0.7206038296244435	4.208333333333333	1.8060606060606061	0.004832290304929578	4.7640778440366974e-05	0.006360745115856429	0.5422535211267606	27.208333333333332	2.122229994552144	3.2610350076103503	2.1572052401746724	0.40316901408450706	0.6661194029850734	0.7049723513985418	0.7914626434873787	0.17253521126760563	0.9011114704980966	508	218	48
17-171_de_amateur	de	9.0	1.7777777777777777	8.89777777777778	8.508966666666668	0.28703703703703703	0.037037037037037035	0.6419753086419753	0.012345679012345678	0.009259259259259259	0.75	0.7025318708025475	3.4210526315789473	1.76	0.0049488376716049385	3.628783157894737e-05	0.009421702404158544	0.3055555555555556	18.5	1.6898237955042372	3.331460674157303	1.9950738916256157	0.46296296296296297	0.6344888888888891	-1	-1	0.1728395061728395	0.9108444365552308	297	133	38
17-172_de_amateur	de	10.782608695652174	1.8629032258064515	10.597475455820476	9.726461044880786	0.3387096774193548	0.03024193548387097	0.6411290322580645	0.004032258064516129	0.008064516129032258	0.8260869565217391	0.7045078515359453	3.9565217391304346	1.654970760233918	0.004902109735483872	4.1675405357142854e-05	0.007369299221357064	0.5907258064516129	26.434782608695652	2.013371368270923	3.1350691619202604	2.0938511326860842	0.4173387096774194	0.6446851385390431	-1	0.781138839209297	0.14919354838709678	0.8951411529950428	454	224	46
17-173_de_amateur	de	11.296	1.6529745042492918	8.320539150141645	8.839264854390937	0.29390934844192634	0.04815864022662889	0.6650141643059491	0.007082152974504249	0.0056657223796034	0.864	0.7635480458015496	3.803030303030303	1.764018691588785	0.004924990105736544	4.232108823529412e-05	0.0029668478676977265	1.3293201133144477	25.84090909090909	2.042404507331042	3.090803259604191	1.9814814814814814	0.31728045325779036	0.6618050266565143	0.7207521201181888	0.7932521913260994	0.15864022662889518	0.8922759408678387	1236	544	132
17-174_de_amateur	de	12.829787234042554	1.6650082918739635	9.060714865389368	8.134601453724287	0.2769485903814262	0.06135986733001658	0.6650082918739635	0.001658374792703151	0.008291873963515755	0.9361702127659575	0.6790826796581274	4.574468085106383	1.7833333333333334	0.004763594247097844	3.8366777872340425e-05	0.004805034655780924	0.8043117744610282	30.51063829787234	2.148634913994072	3.107638888888889	2.039094650205761	0.3864013266998342	0.6720238095238091	0.7313521788105994	0.7070194135205843	0.1558872305140962	0.8957363366783644	530	235	47
17-175_de_amateur	de	14.328840970350404	1.7415349887133182	10.548360845253814	10.16067310565267	0.28686982693754703	0.05511662904439428	0.6854778028592927	0.0026335590669676447	0.008653122648607976	0.9407008086253369	0.7073736838288199	4.8652291105121295	1.696361355081556	0.004714570872987209	4.166994419942474e-05	0.0010466930367731826	3.257148231753198	34.54716981132076	2.095315171281484	3.1551643558186635	2.0006963788300838	0.22121896162528218	0.677178455050785	0.664731288005184	0.7692623795849752	0.17720090293453725	0.8744416808426599	4690	2086	371
17-176_de_amateur	de	13.409090909090908	1.7864406779661017	10.719545454545457	8.85457627118644	0.3016949152542373	0.04067796610169491	0.6677966101694915	0.010169491525423728	0.003389830508474576	0.9318181818181818	0.7112907819183873	4.659090909090909	1.6868131868131868	0.005427460940677966	3.5582681355932205e-05	0.005855161787365177	0.6220338983050847	31.318181818181817	2.089008526928982	3.1437908496732025	2.0450928381962865	0.42033898305084744	0.6651323828920562	0.9294315693703643	0.8785090842842651	0.17457627118644067	0.9133576517103905	537	236	44
17-18_de_amateur	de	11.660377358490566	1.6181229773462784	8.051398302497407	8.824712181718263	0.3058252427184466	0.04854368932038835	0.6375404530744336	0.008090614886731391	0.008090614886731391	0.9245283018867925	0.741707196207103	4.2407407407407405	1.877659574468085	0.0050427241307443365	3.8826637295081965e-05	0.005554097787107496	0.6699029126213593	27.48148148148148	2.1060822921504827	3.061703554661301	1.9855072463768115	0.38673139158576053	0.6455491329479773	0.9503946203717367	0.9107338254166433	0.1634304207119741	0.9040678938492784	550	244	54
17-19_de_amateur	de	12.327586206896552	1.7636363636363637	10.028667711598747	9.57692765854835	0.3034965034965035	0.044755244755244755	0.6755244755244755	0.006993006993006993	0.012587412587412588	0.896551724137931	0.7315487207301415	4.2	1.6738197424892705	0.005304659732027972	3.6013994845360824e-05	0.004344591578634131	1.3132867132867132	28.916666666666668	2.1097362818497265	3.116532721010333	2.0280701754385966	0.406993006993007	0.6895779220779242	0.766818248622414	0.655101834552794	0.17062937062937064	0.9083373803705387	639	291	60
17-23_de_amateur	de	13.433333333333334	1.7047146401985112	9.764632754342433	9.14962653432589	0.2878411910669975	0.05334987593052109	0.641439205955335	0.0	0.009925558312655087	0.9666666666666667	0.6851537036655457	4.633333333333334	1.779527559055118	0.005431586712158809	3.301728598130841e-05	0.005053561701870121	0.826302729528536	32.233333333333334	2.13901963576977	3.0653292181069958	2.0368589743589745	0.34863523573200994	0.6410325318246095	0.6110299900083596	0.7418553745370052	0.16377171215880892	0.8898641305492472	725	321	60
17-27_de_amateur	de	13.211764705882352	1.7319679430097952	9.999809962809703	10.297702517416583	0.3072128227960819	0.053428317008014245	0.6999109528049866	0.006233303650934996	0.009795191451469279	0.8235294117647058	0.7197213439601698	4.2	1.6403269754768393	0.004376157092176937	5.501379443155452e-05	0.003543336301573167	0.6936776491540516	33.2	2.3468269906307366	3.210970464135021	2.161045531197302	0.40961709706144256	0.7072558593750037	0.7219309225671251	0.8480151257825352	0.1558325912733749	0.9318147807966239	974	431	85
17-30_de_amateur	de	4.5	2.5555555555555554	16.320555555555554	14.956288888888889	0.4444444444444444	0.1111111111111111	0.6666666666666666	0.0	0.0	1.0	0.875	2.5	1.75	0.0026077038333333336	2.4889083333333332e-05	-1	0.0	11.5	2.25	3.3333333333333335	1.0	1.0	1.0	-1	-1	0.2222222222222222	1.0	9	6	2
17-32_de_amateur	de	10.2	1.7598039215686274	9.153686274509806	8.695685098039217	0.2965686274509804	0.058823529411764705	0.6666666666666666	0.00980392156862745	0.007352941176470588	0.85	0.6950263922775236	3.395348837209302	1.7786259541984732	0.0061278058473039215	4.03056797752809e-05	0.008642930856553148	0.34558823529411764	23.697674418604652	1.923665154639474	3.0234833659491196	2.0925925925925926	0.46568627450980393	0.6331715210355988	-1	-1	0.16666666666666666	0.9140093179167098	364	178	43
17-4_de_amateur	de	13.58614864864865	1.7463632972771355	10.315684880843175	9.904477981692995	0.29043889096108416	0.057689916697749595	0.6779808529155787	0.002486634340420241	0.00907621534253388	0.8868243243243243	0.7070209432480449	4.496621621621622	1.7202429149797571	0.004753237175034192	3.992380649717514e-05	0.0007163508525575957	4.757553151809026	32.63513513513514	2.1372198299941685	3.14753083234429	2.0299968915138327	0.19768743006340916	0.677336354481349	0.6343094082866819	0.7126210329043008	0.1690911351485764	0.8655446694594485	7165	3186	592
17-41_de_amateur	de	12.767441860465116	1.95264116575592	12.43046808150125	10.709588774516034	0.3333333333333333	0.06557377049180328	0.6320582877959927	0.007285974499089253	0.0036429872495446266	0.8837209302325582	0.725879803639091	4.521739130434782	1.7580645161290323	0.004305844124225865	3.437282682926829e-05	0.008652094717668488	0.2677595628415301	29.76086956521739	2.0281862297901747	3.126178390137781	1.970414201183432	0.4335154826958106	0.6384222222222248	0.7743531524494142	0.7776425188841695	0.12750455373406194	0.9125482249445402	503	246	46
17-44_de_amateur	de	13.477272727272727	1.7706576728499157	10.559896903265372	10.084723777403036	0.31534569983136596	0.048903878583473864	0.6559865092748736	0.0016863406408094434	0.0	0.9772727272727273	0.6752271008399962	4.590909090909091	1.695187165775401	0.005256550397807757	3.57262152e-05	0.006291347775327539	0.29679595278246207	32.84090909090909	1.9963887593956642	3.1519337016574585	1.9772256728778468	0.448566610455312	0.6723481781376508	0.7967055122315393	0.8235151203737305	0.178752107925801	0.9214221400669005	528	250	44
17-47_de_amateur	de	13.476923076923077	1.707191780821918	9.810863013698633	9.7730675658588	0.3162100456621005	0.0593607305936073	0.682648401826484	0.0091324200913242	0.009703196347031963	0.9230769230769231	0.721785631763209	4.846153846153846	1.7357142857142858	0.004635107832762557	4.322730042432815e-05	0.0021453314438671075	1.245433789954338	32.284615384615385	2.0571862816798294	3.1965304182509504	2.007372654155496	0.3692922374429224	0.6821597096188772	0.7898678882234075	0.91490076500799	0.17009132420091325	0.9150829149929145	1533	707	130
17-48_de_amateur	de	14.05952380952381	1.7341236240474174	10.355873049473814	9.493220628200477	0.2904318374259102	0.06181202370872142	0.6917866215071973	0.003386960203217612	0.006773920406435224	0.9523809523809523	0.7069456217016163	4.869047619047619	1.6961325966850829	0.004359794738018629	5.241191221532091e-05	0.002779863563018229	0.65961049957663	32.666666666666664	1.998110872749076	3.3044590643274856	2.0416210295728368	0.43099068585944117	0.7154528650646953	0.8287866496290951	0.9088284655392769	0.1668077900084674	0.9343909360068599	1049	483	84
17-49_de_amateur	de	15.88955223880597	1.8378733796731166	12.293831253277109	10.800720547441264	0.3077212098440729	0.07664850648130753	0.6825098628592898	0.015592710877324816	0.007326695472477926	0.8895522388059701	0.7023509005336274	5.059523809523809	1.8514080287597363	0.005048325984023408	4.495035700416089e-05	0.0008342312656058469	3.750516625962803	37.82440476190476	2.1260246508666425	3.226326129666012	1.9910777177741255	0.26413676498215294	0.6759609494640052	0.7582439303800761	0.8522238327696318	0.14089798985534474	0.8925810762087841	4676	2163	336
17-5_de_amateur	de	11.016129032258064	1.7437774524158125	9.282864261087234	9.017628838615217	0.30161054172767204	0.0424597364568082	0.636896046852123	0.005856515373352855	0.0014641288433382138	0.8548387096774194	0.7258615692019191	3.8656716417910446	1.6956521739130435	0.004867638003367496	3.638792988929889e-05	0.006028765825510291	0.6105417276720352	25.34328358208955	2.0805370415244546	3.0679554774458113	2.04089219330855	0.3806734992679356	0.652037671232877	0.7447472779380836	0.8590406845278257	0.16544655929721816	0.8846344063839486	606	271	67
17-50_de_amateur	de	14.854700854700855	1.6421173762945915	9.580318373609515	9.217808399476755	0.29344073647871116	0.08860759493670886	0.7088607594936709	0.013233601841196778	0.013233601841196778	0.9316239316239316	0.7352511602515667	4.777777777777778	1.7334558823529411	0.0045733992394706565	7.722283255086072e-05	0.0021541440961014907	1.199079401611047	36.572649572649574	2.153503118142131	3.073780060705113	1.9845389287686361	0.35960874568469503	0.711537522879806	0.7075415383756412	0.8356545618108421	0.14384349827387802	0.9154164813739625	1462	639	117
17-51_de_amateur	de	12.0	1.6375	8.412500000000001	8.964233333333334	0.31666666666666665	0.1	0.7416666666666667	0.0125	0.008333333333333333	1.0	0.777887336285169	4.55	1.7160493827160495	0.004555816451666667	5.474397083333333e-05	0.011979166666666666	0.1	31.65	2.3728968496860374	2.92755905511811	1.9107142857142858	0.6416666666666667	0.7653191489361698	-1	-1	0.13333333333333333	0.9572994147630667	196	96	20
17-52_de_amateur	de	8.439024390243903	1.5057803468208093	5.469427604680675	8.88106268151699	0.33236994219653176	0.04335260115606936	0.7052023121387283	0.014450867052023121	0.014450867052023121	0.7317073170731707	0.6361862239068123	3.268292682926829	1.5317460317460319	0.005037549293930636	5.523986363636364e-05	0.01032204789430223	0.2023121387283237	23.121951219512194	2.5350860908955752	2.856697819314642	2.074380165289256	0.5375722543352601	0.6672874493927123	-1	-1	0.15028901734104047	0.9581569099913262	276	121	41
17-53_de_amateur	de	13.4	1.6620469083155651	9.248153518123669	9.095394712153519	0.3070362473347548	0.06609808102345416	0.6886993603411514	0.006396588486140725	0.01279317697228145	0.9714285714285714	0.7344344194702037	4.8	1.6762820512820513	0.005123746781556504	5.483945287671233e-05	0.003997867803837953	0.9317697228144989	32.871428571428574	2.0521784140822086	3.090199479618387	1.9871194379391102	0.38912579957356075	0.6830870083432647	0.731965834270906	0.8808890219384119	0.15458422174840086	0.9126421597012288	818	365	70
17-57_de_amateur	de	13.294117647058824	1.5685840707964602	8.103997917751176	8.123019833420093	0.2942477876106195	0.06415929203539823	0.7013274336283186	0.00663716814159292	0.004424778761061947	0.9705882352941176	0.7547011512995415	4.0	1.7234042553191489	0.004970696484734514	4.7191537125748504e-05	0.0058997050147492625	0.4778761061946903	31.941176470588236	2.361823206968129	3.0136986301369864	1.9042553191489362	0.504424778761062	0.7062039660056649	-1	-1	0.1504424778761062	0.941830283950434	386	167	34
17-58_de_amateur	de	10.055555555555555	1.7569060773480663	9.06315837937385	9.538056844689994	0.2900552486187845	0.06629834254143646	0.7237569060773481	0.0027624309392265192	0.011049723756906077	1.0	0.7413243895189081	3.8378378378378377	1.6194690265486726	0.005074816850828729	3.897931210191083e-05	0.007103393843725336	0.31215469613259667	24.027027027027028	1.9496207598490916	3.0886644219977555	2.0397350993377485	0.5303867403314917	0.7071482889733841	-1	-1	0.18232044198895028	0.9314282538105186	322	157	37
17-59_de_amateur	de	12.963855421686747	1.7342007434944238	9.929472387692034	10.077231347695616	0.26858736059479554	0.07342007434944238	0.6933085501858736	0.010223048327137546	0.010223048327137546	0.927710843373494	0.7053871440037479	4.3882352941176475	1.8245033112582782	0.004234974326394052	5.516042237762238e-05	0.0035170201909760185	0.7657992565055762	30.95294117647059	2.0813840386844498	3.1315089319650324	1.9872047244094488	0.4070631970260223	0.6935823950870011	0.825917261310448	0.9109415820608922	0.17472118959107807	0.9122277303076693	922	429	85
17-6_de_amateur	de	12.027027027027026	1.5842696629213484	7.794922563012452	8.20982903127847	0.2853932584269663	0.0651685393258427	0.6426966292134831	0.008988764044943821	0.0	0.918918918918919	0.715236978525207	4.125	1.8682170542635659	0.004954348850561798	4.576780470588235e-05	0.005828651685393259	0.755056179775281	28.025	2.15548800905813	3.071744906997343	2.139874739039666	0.42921348314606744	0.6922832369942198	-1	-1	0.14157303370786517	0.9116656902550473	383	170	40
17-60_de_amateur	de	16.078651685393258	1.559748427672956	9.085705603844254	8.966697871371476	0.27603074772886094	0.05520614954577219	0.689727463312369	0.009783368273934312	0.010482180293501049	0.9213483146067416	0.7013832039831278	4.898876404494382	1.7832167832167831	0.004710678170510133	6.567381498973307e-05	0.0026314640111809924	1.0978336827393431	39.157303370786515	2.193847260959779	3.039288786922856	1.9566623544631307	0.3584905660377358	0.6820720720720707	0.7205002873395828	0.8651895498955832	0.15024458420684836	0.9217096040520889	1197	487	89
17-61_de_amateur	de	15.329032258064515	1.5963804713804715	9.225612142934725	9.330362678396872	0.3143939393939394	0.06186868686868687	0.6670875420875421	0.021043771043771045	0.00968013468013468	0.9806451612903225	0.7120176259465918	5.148387096774194	1.744215938303342	0.004869106719223484	6.477461943502824e-05	0.0021124708624708625	1.5058922558922558	37.516129032258064	2.139016897515364	3.050189068408388	2.002050861361772	0.2975589225589226	0.6751075977163111	0.6794635899279082	0.7829912387436242	0.13594276094276095	0.8912083220228174	1993	885	155
17-62_de_amateur	de	15.152777777777779	1.7607699358386801	11.09666857622976	10.163099898156636	0.29697525206232817	0.044912923923006415	0.692942254812099	0.002749770852428964	0.012832263978001834	0.9305555555555556	0.7194975414751144	5.027777777777778	1.6554621848739495	0.0048636208873510545	6.120698781609195e-05	0.0035708829819737246	0.8166819431714024	35.763888888888886	2.1277962601060723	3.1807602792862686	1.9498806682577565	0.3987167736021998	0.6794354838709731	0.7914803367151341	0.8132551632881313	0.15857011915673694	0.9245187136542513	967	435	72
17-63_de_amateur	de	12.95625	1.7255185721177038	9.824056650988904	9.567893779546552	0.3068017366136035	0.05740472744814279	0.6960926193921853	0.010130246020260492	0.011095031355523395	0.90625	0.7168230182071562	4.61875	1.6342525399129173	0.00467179830400386	6.829234584382872e-05	0.0019246980173174097	1.529184756391703	31.63125	2.035345229729263	3.120703279336231	2.047328244274809	0.3545586107091172	0.7009827760891754	0.7518653206189588	0.891205667208217	0.17173178967679692	0.9129471868685696	1784	794	160
17-64_de_amateur	de	10.444444444444445	1.672340425531915	8.216950354609931	9.356970685579196	0.34893617021276596	0.08723404255319149	0.723404255319149	0.04042553191489362	0.00425531914893617	0.8888888888888888	0.707613353225808	4.4	1.6	0.00441496235787234	5.3478101010101005e-05	0.006494960806270997	0.19787234042553192	26.755555555555556	2.213711986933338	3.0295081967213116	2.065891472868217	0.5404255319148936	0.7132614555256069	-1	-1	0.11914893617021277	0.9436801428167134	391	198	45
17-66_de_amateur	de	12.880952380952381	1.822550831792976	10.939671243728547	10.488029803714463	0.2920517560073937	0.07208872458410351	0.6765249537892791	0.012939001848428836	0.0036968576709796672	0.9523809523809523	0.7443196116058194	4.857142857142857	1.7485380116959064	0.0046229003778188536	4.254813766816144e-05	0.006161429451632779	0.25693160813308685	31.047619047619047	2.0649421771056446	3.170099160945843	2.06140350877193	0.4491682070240296	0.660135746606334	-1	0.9377593606484433	0.1589648798521257	0.9229284361038804	476	223	42
17-67_de_amateur	de	8.470588235294118	1.7118055555555556	7.912834967320265	8.500136519607844	0.3229166666666667	0.06944444444444445	0.6701388888888888	0.027777777777777776	0.010416666666666666	0.9117647058823529	0.7924895601031964	3.7058823529411766	1.7096774193548387	0.005379327285763889	5.073685495495495e-05	0.008838383838383838	0.09027777777777778	21.852941176470587	2.212344729826518	3.06781914893617	2.1157556270096465	0.5798611111111112	0.6953968253968248	-1	-1	0.11458333333333333	0.9669492915305183	245	111	34
17-68_de_amateur	de	14.666666666666666	1.8073593073593073	11.456839826839825	9.897450649350649	0.30194805194805197	0.05519480519480519	0.6764069264069265	0.012445887445887446	0.00974025974025974	0.8412698412698413	0.690293568709005	4.579365079365079	1.701208981001727	0.005201369624621212	4.536063882978723e-05	0.0019101731601731601	1.5974025974025974	34.642857142857146	2.1018646898767006	3.2429970393987704	2.0304154302670625	0.3587662337662338	0.6852487135506058	0.7738603333769749	0.8469047186922194	0.15313852813852813	0.9148972417443457	1652	752	126
17-69_de_amateur	de	13.27027027027027	1.7708757637474541	10.481739417625366	9.646151714647438	0.31262729124236255	0.054989816700611	0.6965376782077393	0.019348268839103868	0.007128309572301426	0.918918918918919	0.6894833259109552	4.378378378378378	1.721875	0.004129926397046843	4.4145700985221676e-05	0.0037270875763747453	0.8737270875763747	32.729729729729726	2.128123571354947	3.1296829971181555	2.0084848484848483	0.4195519348268839	0.7194790486976219	0.6462561177073988	0.8125271291959041	0.1425661914460285	0.9152256084884803	861	406	74
17-7_de_amateur	de	10.945454545454545	1.7308970099667773	9.103311990335246	9.03162485049834	0.3089700996677741	0.04318936877076412	0.6478405315614618	0.0033222591362126247	0.0033222591362126247	0.9090909090909091	0.700968304939323	3.719298245614035	1.7604166666666667	0.004962240912126246	4.11971972e-05	0.005537098560354375	0.7840531561461794	25.210526315789473	1.9981394869635123	3.1492434662998625	2.1146496815286624	0.4269102990033223	0.6746520874751485	0.6121473802496514	0.9785044752809903	0.15448504983388706	0.9110700947132809	541	250	57
17-70_de_amateur	de	14.28	2.053221288515406	14.20721120448179	10.546621602240895	0.27170868347338933	0.058823529411764705	0.6638655462184874	0.03361344537815126	0.0028011204481792717	0.88	0.6192541129565723	4.96	1.8173076923076923	0.004194303013445378	4.765072642857143e-05	0.0065826330532212885	0.36694677871148457	35.0	2.202517148826236	3.3276450511945392	1.984732824427481	0.5462184873949579	0.6984496124031007	-1	-1	0.13445378151260504	0.9359181457816156	313	140	25
17-71_de_amateur	de	10.015384615384615	1.8955453149001535	10.68343471582181	10.503658329197684	0.3195084485407066	0.07834101382488479	0.7142857142857143	0.02304147465437788	0.019969278033794162	0.8307692307692308	0.8096614147534738	3.8	1.5896226415094339	0.004205834185867895	3.788134411764706e-05	0.003984254992319508	0.4009216589861751	25.138461538461538	2.3047636119340504	3.1924233313289236	2.057877813504823	0.5161290322580645	0.7186050724637664	0.9103902480728723	0.918233057762054	0.15821812596006143	0.9512856019886077	562	272	65
17-73_de_amateur	de	17.07920792079208	1.6921739130434783	11.038543263021957	9.59182617305209	0.32	0.042318840579710144	0.6434782608695652	0.006956521739130435	0.006956521739130435	0.9702970297029703	0.7042496090310219	5.524752475247524	1.7017857142857142	0.0051926242286376816	3.825417301349326e-05	0.0023048716605552646	1.4881159420289856	40.91089108910891	2.106534402240671	3.091700943624486	2.0342657342657344	0.35246376811594204	0.6694280442804447	0.7468821143355346	0.8609891504180806	0.14376811594202898	0.9146896866086862	1518	667	101
17-74_de_amateur	de	17.07920792079208	1.6921739130434783	11.038543263021957	9.59182617305209	0.32	0.042318840579710144	0.6434782608695652	0.006956521739130435	0.006956521739130435	0.9702970297029703	0.7042496090310219	5.524752475247524	1.7017857142857142	0.0051926242286376816	3.825417301349326e-05	0.0023048716605552646	1.4881159420289856	40.91089108910891	2.106534402240671	3.091700943624486	2.0342657342657344	0.35246376811594204	0.6694280442804447	0.7468821143355346	0.8609891504180806	0.14376811594202898	0.9146896866086862	1518	667	101
17-75_de_amateur	de	17.07920792079208	1.6921739130434783	11.038543263021957	9.59182617305209	0.32	0.042318840579710144	0.6434782608695652	0.006956521739130435	0.006956521739130435	0.9702970297029703	0.7042496090310219	5.524752475247524	1.7017857142857142	0.0051926242286376816	3.825417301349326e-05	0.0023048716605552646	1.4881159420289856	40.91089108910891	2.106534402240671	3.091700943624486	2.0342657342657344	0.35246376811594204	0.6694280442804447	0.7468821143355346	0.8609891504180806	0.14376811594202898	0.9146896866086862	1518	667	101
17-76_de_amateur	de	15.191011235955056	1.698594674556213	10.377911541785789	10.166183380426833	0.3047337278106509	0.059911242603550297	0.6886094674556213	0.0036982248520710057	0.0070266272189349116	0.9101123595505618	0.7079904652498807	4.82122905027933	1.6639344262295082	0.004930376702551775	4.905884975751697e-05	0.001514511129895745	1.764792899408284	36.642458100558656	2.1038493795458537	3.152684563758389	1.969857433808554	0.3254437869822485	0.6853512476007896	0.7950726870241427	0.8941036472432872	0.16420118343195267	0.9122890420685182	2345	1031	179
17-77_de_amateur	de	10.162790697674419	1.8535469107551488	10.245341919003781	9.388040114948646	0.5091533180778032	0.03546910755148741	0.7299771167048055	0.003432494279176201	0.003432494279176201	0.3953488372093023	0.6038918944707525	4.402298850574713	1.5633423180592991	0.004262822847368421	1.8288224335378323e-05	0.011030921786070527	0.3512585812356979	24.862068965517242	1.761651456395638	3.0765329644997697	1.918486171761281	0.2631578947368421	0.47246451612902457	0.11584637430755185	0.1900595587691202	0.09954233409610984	0.7968645152020399	786	489	87
17-78_de_amateur	de	9.40566037735849	1.876629889669007	10.222440245264096	9.448980477280898	0.48144433299899697	0.05917753259779338	0.7352056168505516	0.0	0.0010030090270812437	0.330188679245283	0.7020323853174361	4.235849056603773	1.5966587112171837	0.0043172559816449345	3.579133236797274e-05	0.008042308744415062	1.2517552657973923	21.38679245283019	1.7126845254172107	3.1469440832249673	1.9140625	0.19257773319959878	0.5505011135857476	0.08598455978216134	0.15874458817046702	0.07622868605817452	0.768285604899493	929	587	106
17-82_de_amateur	de	9.714285714285714	1.8688725490196079	10.251267507002805	9.824436904761905	0.5	0.05269607843137255	0.7598039215686274	0.0024509803921568627	0.0024509803921568627	0.4880952380952381	0.6355560755261859	4.127906976744186	1.552325581395349	0.004028687873039216	1.4712848172043012e-05	0.01126126126126126	0.3786764705882353	23.88372093023256	1.8797079305040336	3.0169409486931267	1.8950715421303657	0.27941176470588236	0.5037935843793516	0.1390878695047976	0.34530829255309414	0.0857843137254902	0.8068702175426333	741	465	86
17-84_de_amateur	de	13.906976744186046	1.6153846153846154	8.89525939177102	8.917386979855332	0.3010033444816054	0.05852842809364549	0.6755852842809364	0.011705685618729096	0.013377926421404682	0.9069767441860465	0.7462635234864683	5.090909090909091	1.7239583333333333	0.004774771165217391	4.746628937198068e-05	0.005673674151935021	0.4431438127090301	34.38636363636363	2.121995097541624	3.037598944591029	1.9802431610942248	0.44816053511705684	0.6752505010020046	0.7292109894719221	0.8376706898957166	0.1588628762541806	0.9319473784839963	508	207	44
17-85_de_amateur	de	9.666666666666666	1.9920424403183024	11.68610079575597	10.399966931918657	0.46949602122015915	0.058355437665782495	0.7586206896551724	0.0	0.005305039787798408	0.5641025641025641	0.6559459523391412	4.0	1.6513157894736843	0.004360535566578249	2.0771720547945205e-05	0.015030946065428824	0.3819628647214854	23.871794871794872	1.84969256629951	3.1850267379679145	1.9541666666666666	0.3925729442970822	0.5501438848920878	-1	0.17147572245741666	0.10875331564986737	0.843057025411815	350	219	39
17-86_de_amateur	de	8.76388888888889	1.9064976228209192	10.324588615953516	10.167279432998768	0.5578446909667195	0.05388272583201268	0.7781299524564184	0.003169572107765452	0.001584786053882726	0.375	0.6112795390174958	4.04054054054054	1.5409252669039146	0.0034797742388272585	1.507035581395349e-05	0.01709304958116369	0.2757527733755943	21.635135135135137	1.8256660447836917	3.023009950248756	1.9092702169625246	0.2757527733755943	0.4407894736842138	-8.425521472195632e-17	0.1103506639772677	0.08240887480190175	0.7842389683850871	570	387	74
17-89_de_amateur	de	9.0	1.4545454545454546	5.083636363636366	6.156820202020203	0.398989898989899	0.030303030303030304	0.7272727272727273	0.015151515151515152	0.005050505050505051	0.7272727272727273	0.7894835953705153	3.272727272727273	1.835820895522388	0.0048455935712121215	7.172171333333333e-05	0.013071895424836603	0.3282828282828283	21.227272727272727	2.0007439670510183	3.0063965884861408	1.9452054794520548	0.5808080808080808	0.6936363636363634	-1	-1	0.1414141414141414	0.9504104467383324	166	90	22
17-94_de_amateur	de	10.074074074074074	1.9558823529411764	11.418300653594773	10.021186655773421	0.3713235294117647	0.05514705882352941	0.7316176470588235	0.0	0.007352941176470588	0.8518518518518519	0.7256824372208988	4.888888888888889	1.438095238095238	0.004428271395588235	4.02468296e-05	0.00942095588235294	0.22426470588235295	23.85185185185185	1.9141711955437446	3.206422018348624	1.9947916666666667	0.5588235294117647	0.7138728323699421	-1	-1	0.15441176470588236	0.9409692554089195	245	125	27
17-95_de_amateur	de	10.166666666666666	2.0229508196721313	12.245819672131152	10.151587978142075	0.3475409836065574	0.07213114754098361	0.6983606557377049	0.0	0.003278688524590164	0.8	0.6490539345572145	3.6451612903225805	1.7628865979381443	0.005443484045901639	4.35589033557047e-05	0.010655737704918032	0.16393442622950818	22.806451612903224	1.9367454778672912	3.2701949860724233	2.094972067039106	0.5344262295081967	0.6908252427184476	-1	-1	0.12786885245901639	0.9356877434038664	282	149	31
18-100_de_amateur	de	15.11111111111111	1.4852941176470589	7.8298039215686295	7.035474836601308	0.3235294117647059	0.058823529411764705	0.6544117647058824	0.0	0.0	1.0	0.6890486158578264	5.888888888888889	1.6122448979591837	0.0064420979580882345	6.226999791666667e-05	0.024509803921568627	0.022058823529411766	39.55555555555556	2.7041627886817587	2.8735955056179776	2.006666666666667	0.6029411764705882	0.6348648648648652	-1	-1	0.1323529411764706	0.9655064688585607	117	48	9
18-106_de_amateur	de	12.225806451612904	1.9973614775725594	12.746929951485235	10.649840854540813	0.33509234828496043	0.052770448548812667	0.6807387862796834	0.0	0.0	0.9032258064516129	0.7103323700440854	4.387096774193548	1.6746031746031746	0.004668281848021108	2.639952640449438e-05	0.008337730870712401	0.7176781002638523	32.54838709677419	2.3805186822277644	3.038423645320197	2.115830115830116	0.45118733509234826	0.6737857142857143	-1	-1	0.15303430079155672	0.9088627796980961	348	178	31
18-107_de_amateur	de	12.368421052631579	1.9595744680851064	12.356662933930572	9.00995744680851	0.32127659574468087	0.05106382978723404	0.6404255319148936	0.0	0.0	0.9473684210526315	0.7268642380690087	4.631578947368421	1.78343949044586	0.005757140785744681	5.403194074074074e-05	0.0066109422492401215	0.6063829787234043	32.26315789473684	2.242656619285237	3.102272727272727	2.3866432337434094	0.4319148936170213	0.6475741239892183	-1	-1	0.13404255319148936	0.9256886535392197	395	162	38
18-108_de_amateur	de	7.741379310344827	1.9198218262806237	10.083035481145842	10.533211627371172	0.3986636971046771	0.062360801781737196	0.7171492204899778	0.0022271714922048997	0.0022271714922048997	0.7758620689655172	0.7436718982771615	2.913793103448276	1.6449704142011834	0.004557707757238308	4.6538978074866304e-05	0.007853709998827804	0.27839643652561247	21.46551724137931	2.9693986889381625	2.9664268585131897	2.1085714285714285	0.5523385300668151	0.71082857142857	-1	-1	0.13808463251670378	0.9513726643689984	366	187	58
18-110_de_amateur	de	11.786666666666667	1.8484162895927603	10.818112217194571	9.911839263951736	0.31108597285067874	0.05995475113122172	0.6990950226244343	0.004524886877828055	0.00904977375565611	0.8933333333333333	0.7569818079735007	4.013333333333334	1.6642857142857144	0.004184512051244344	3.9576260053619306e-05	0.00412424585218703	0.5769230769230769	29.026666666666667	2.249246754933021	3.1114167812929847	2.093582887700535	0.38687782805429866	0.663859872611465	0.7139479165510408	0.9193923399129842	0.16063348416289594	0.9013708341672814	771	373	75
18-112_de_amateur	de	12.680851063829786	1.9119127516778522	11.916102384692277	10.812469841496503	0.31291946308724833	0.05704697986577181	0.6736577181208053	0.006711409395973154	0.00587248322147651	0.9042553191489362	0.725803633961037	4.638297872340425	1.7013333333333334	0.004448727949244967	3.614306200787402e-05	0.003283796740172579	1.4974832214765101	30.75531914893617	2.110593984958644	3.177570093457944	2.0934579439252334	0.3389261744966443	0.7006587374199502	0.6645837854425306	0.7608933624441342	0.1568791946308725	0.8893796718248916	1067	508	94
18-113_de_amateur	de	12.875	1.8861429832303618	11.687737202118267	10.853772374227717	0.32568402471315094	0.05648720211827008	0.6804942630185349	0.0	0.00264783759929391	0.875	0.7205427004529388	4.431818181818182	1.6135770234986946	0.004577714190379523	3.4651412551440334e-05	0.00348842096414912	1.2612533097969991	32.86363636363637	2.1737475343700257	3.096253007906497	2.054922279792746	0.35216240070609	0.6700290135396512	0.7091014174258053	0.8339639214579243	0.16328331862312445	0.8938316541974362	999	486	88
18-114_de_amateur	de	11.685714285714285	2.053789731051345	13.202147397834441	11.271467565490743	0.3154034229828851	0.06356968215158924	0.6943765281173594	0.004889975550122249	0.007334963325183374	0.9714285714285714	0.754097040487369	4.085714285714285	1.8211382113821137	0.004997241238875305	2.6604520555555555e-05	0.00713121434392828	0.5183374083129584	30.542857142857144	2.204736269893764	3.100840336134454	2.093167701863354	0.4718826405867971	0.6746451612903229	-1	-1	0.15158924205378974	0.9153918138741078	365	180	35
18-26_de_amateur	de	11.692307692307692	2.2039473684210527	14.97657894736842	13.35471261808367	0.36403508771929827	0.10307017543859649	0.6973684210526315	0.0	0.006578947368421052	0.8974358974358975	0.715514215369601	4.230769230769231	1.7564102564102564	0.004619780666008772	4.046531609756098e-05	0.00682261208576998	0.36622807017543857	32.0	2.4403631146665203	3.157936507936508	2.1298076923076925	0.4780701754385965	0.6503641456582634	-1	0.8460136123522044	0.1162280701754386	0.910046591203776	400	205	39
18-27_de_amateur	de	13.693877551020408	1.9791356184798807	13.104412542960556	11.630160290763103	0.31296572280178836	0.07302533532041729	0.6900149031296572	0.0014903129657228018	0.010432190760059613	0.9387755102040817	0.734323411420451	4.877551020408164	1.7183098591549295	0.00531992975514158	3.802715016949153e-05	0.004802119556217917	0.6184798807749627	33.775510204081634	2.0847717415630527	3.1889290012033693	2.0704225352112675	0.4336810730253353	0.672132867132867	0.8112642904834841	0.8516439546104291	0.15797317436661698	0.9253935280444036	605	295	49
18-28_de_amateur	de	13.098591549295774	2.121505376344086	14.552214145085568	12.792288808117522	0.35053763440860214	0.07956989247311828	0.6913978494623656	0.00967741935483871	0.002150537634408602	0.9295774647887324	0.7205185310790857	4.736111111111111	1.5925925925925926	0.004317900358709678	3.423054317617866e-05	0.004147465437788019	0.8419354838709677	34.458333333333336	2.2566870522190587	3.153475291281639	2.0927710843373495	0.4096774193548387	0.6943802647412782	0.7436071876079138	0.8143189290353043	0.12688172043010754	0.9129057284370371	809	403	72
18-29_de_amateur	de	12.817567567567568	1.863468634686347	11.397781240650247	10.681265457550328	0.36162361623616235	0.0790722192936215	0.702161307327359	0.0036900369003690036	0.004744333157617291	0.7905405405405406	0.7134853852372984	4.22972972972973	1.7138263665594855	0.004454647758671587	5.019606007237635e-05	0.0017224649043578698	3.885081707959937	32.6554054054054	2.2099453141714362	3.1751704193348482	2.120736329182458	0.3257775434897206	0.7033648498331543	0.7770535806118578	0.8101185522424019	0.12546125461254612	0.8919293250722223	1637	829	148
18-30_de_amateur	de	12.526315789473685	1.942577030812325	12.217672121480174	11.388097478991597	0.33053221288515405	0.0784313725490196	0.696078431372549	0.0	0.004201680672268907	0.9649122807017544	0.7667883281093454	4.666666666666667	1.7100840336134453	0.004769739680952381	3.168251237785016e-05	0.004385964912280702	0.6078431372549019	32.719298245614034	2.272384136661328	3.0849812934259755	2.093949044585987	0.438375350140056	0.6784390243902442	0.8315811276030886	0.8563321068210047	0.15826330532212884	0.9260425877907151	629	307	57
18-33_de_amateur	de	12.384615384615385	1.9770664118490207	12.569383659818445	11.659663736263738	0.33970377448638317	0.0965121834687052	0.7052078356426182	0.006211180124223602	0.006688963210702341	0.8224852071005917	0.7401177298341991	4.145348837209302	1.7642045454545454	0.004776677276158624	3.774105318681319e-05	0.0018066172957477305	2.528428093645485	30.941860465116278	2.0704387355365337	3.156818608141062	2.0403183023872677	0.3373148590539895	0.7042126379137545	0.7833696231256843	0.9012787033361638	0.13282369804108934	0.9001904915227367	1822	910	172
18-35_de_amateur	de	11.63963963963964	1.9171826625386996	11.572214877416119	11.066232887066633	0.33126934984520123	0.05185758513931889	0.6795665634674922	0.0023219814241486067	0.0030959752321981426	0.9009009009009009	0.7500726790443786	4.342342342342342	1.6357308584686774	0.005044188153637772	3.6509815254237286e-05	0.0028452448436750537	1.1478328173374612	29.594594594594593	2.0686346888395124	3.1194663432383263	2.062390158172232	0.3784829721362229	0.7030092204526375	0.7319207318244532	0.8050239812953427	0.15479876160990713	0.9126796726632996	1129	531	111
18-36_de_amateur	de	9.125	1.9431760527650939	10.89822742262811	11.402074936580416	0.36732623033992895	0.0745814307458143	0.693556570268899	0.0020294266869609334	0.004058853373921867	0.7175925925925926	0.7451396353618582	3.6129032258064515	1.6391304347826088	0.004508191660426179	3.337253261904762e-05	0.0023281507086397625	1.7311009639776762	24.391705069124423	2.3047323418646006	2.9975777901993665	2.0783824263604593	0.3272450532724505	0.686474358974368	0.7426496307887189	0.8086656343995313	0.13800101471334347	0.8977639254481655	1684	840	217
18-37_de_amateur	de	11.514285714285714	1.7452440033085195	9.49445066761196	10.112272938674229	0.3399503722084367	0.06368899917287014	0.6997518610421837	0.009098428453267164	0.008271298593879239	0.9142857142857143	0.753071581144861	4.2	1.644278606965174	0.0046263668241521925	4.417514904862579e-05	0.0032180521091811414	1.162117452440033	29.83809523809524	2.2790296330352864	3.0041388092964025	2.039777247414479	0.3771712158808933	0.6910360360360384	0.7037255827785319	0.8130700463326701	0.141439205955335	0.9244429221604932	1020	473	105
18-38_de_amateur	de	10.560975609756097	2.092378752886836	13.218849771869547	12.138427916408496	0.3510392609699769	0.07274826789838337	0.6916859122401847	0.0023094688221709007	0.0023094688221709007	0.9146341463414634	0.7197815472376876	4.317073170731708	1.6601307189542485	0.004292208165473441	3.219172736842105e-05	0.0040520680243543985	1.2424942263279446	27.23170731707317	2.1820521041818948	3.155318202047174	2.080272108843537	0.3903002309468822	0.6926857887874853	0.7542010633199793	0.8254534784640486	0.1535796766743649	0.9049029361270416	764	380	82
18-39_de_amateur	de	11.375	1.8827838827838828	11.063099816849821	10.622193040293041	0.31776556776556775	0.048534798534798536	0.674908424908425	0.00641025641025641	0.003663003663003663	0.9270833333333334	0.729659910459412	4.197916666666667	1.7679083094555874	0.005583522639010989	4.1045782039911315e-05	0.0035442952109618776	0.8736263736263736	29.15625	2.2241341833884563	3.0836596653613384	2.0721102863202545	0.3983516483516483	0.6745317220543815	0.7066268221963773	0.8077785406962061	0.15934065934065933	0.9190544243542725	961	451	96
18-40_de_amateur	de	11.175438596491228	2.0392464678178963	12.831529372882759	11.492669911041341	0.3642072213500785	0.06436420722135008	0.7001569858712716	0.0015698587127158557	0.0031397174254317113	0.8771929824561403	0.7469391101862273	3.8421052631578947	1.5874439461883407	0.004542205835635793	3.7500940794223826e-05	0.004566861709718853	0.9921507064364207	29.526315789473685	2.2246274654357396	3.1235224586288415	2.2363636363636363	0.4599686028257457	0.7005947955390327	0.9382062801605233	0.7719071846194042	0.13500784929356358	0.9223630260990089	554	277	57
18-41_de_amateur	de	10.5	1.976958525345622	11.833110599078342	11.12291950844854	0.3348694316436252	0.07526881720430108	0.6973886328725039	0.004608294930875576	0.004608294930875576	0.9193548387096774	0.7321105398443268	3.9206349206349205	1.6681818181818182	0.004731564652073732	3.130195476190476e-05	0.004923392020166214	0.7926267281105991	26.03174603174603	2.0052121706916184	3.1451123254401945	1.9923664122137406	0.4254992319508449	0.6891485507246374	0.7626045597463478	0.6843609360630416	0.16436251920122888	0.9097231334292004	577	294	63
18-42_de_amateur	de	11.650602409638553	1.985522233712513	12.38289729756669	11.517520536748854	0.3650465356773526	0.06204756980351603	0.6970010341261634	0.007238883143743537	0.008273009307135471	0.9036144578313253	0.7329424340301103	4.192771084337349	1.7133956386292835	0.004257333426783868	4.1280993271461714e-05	0.003644870903758456	1.2998965873836608	29.397590361445783	2.012720705562186	3.1377343113284435	2.0700712589073635	0.4250258531540848	0.7105875576036882	0.7883680090771682	0.9304600736204444	0.14167528438469493	0.9179435020034176	843	431	83
18-43_de_amateur	de	10.784615384615385	2.028530670470756	12.552661911554925	11.73162563809942	0.3466476462196862	0.0456490727532097	0.6847360912981455	0.0042796005706134095	0.011412268188302425	0.9076923076923077	0.7627262118750952	3.953846153846154	1.7217391304347827	0.004383962182738944	3.415886946308725e-05	0.005358199088410284	0.746077032810271	26.953846153846154	2.1391616270757785	3.2206385404789053	2.0766488413547237	0.42368045649072755	0.6933887043189382	0.9106393768557112	0.8323757847846244	0.14693295292439373	0.9004413789372011	622	298	65
18-44_de_amateur	de	11.811111111111112	2.014111006585136	12.782843211037939	10.976544024250027	0.3160865475070555	0.055503292568203196	0.6735653809971778	0.0028222013170272815	0.012229539040451553	0.9111111111111111	0.7501723231547424	4.277777777777778	1.7204610951008645	0.0051150202857949195	3.488016206088993e-05	0.003343223098632318	1.2088428974600187	29.844444444444445	2.124214654132875	3.1419546636937943	2.1393534002229653	0.35936030103480715	0.6718360995850611	0.8205091313052435	0.865389259287239	0.1636876763875823	0.9048760714220162	942	427	90
18-45_de_amateur	de	11.49090909090909	1.9746835443037976	12.19272036823936	12.309982531645568	0.310126582278481	0.08860759493670886	0.7025316455696202	0.0031645569620253164	0.007911392405063292	0.8909090909090909	0.6975591520590662	4.3090909090909095	1.9081632653061225	0.005125431659493671	2.926824175824176e-05	0.005947184635530336	0.5443037974683544	30.054545454545455	2.367844659949342	3.1466346153846154	2.072202166064982	0.4541139240506329	0.7023827392120063	0.77149259833945	0.9069788895902902	0.15822784810126583	0.909152699939022	548	273	55
18-47_de_amateur	de	9.619047619047619	2.0841584158415842	12.754497878359267	11.712562187647336	0.3725247524752475	0.0594059405940594	0.6720297029702971	0.0012376237623762376	0.006188118811881188	0.6428571428571429	0.7418004527201563	3.7976190476190474	1.6140350877192982	0.005064336497524752	4.562913668478261e-05	0.004013437057991513	1.756188118811881	23.976190476190474	1.998620156233072	3.2351778656126484	2.111111111111111	0.3626237623762376	0.6642031029619182	0.9418045680897786	0.7252480160983311	0.13613861386138615	0.8808283061594345	718	368	84
18-48_de_amateur	de	12.777777777777779	2.1826086956521737	15.148115942028987	13.339748792270532	0.3521739130434783	0.08695652173913043	0.7130434782608696	0.008695652173913044	0.004347826086956522	1.0	0.772390722214891	4.5	1.8857142857142857	0.003871328152173913	3.156237755102041e-05	0.016666666666666666	0.06521739130434782	35.77777777777778	2.3835389321500435	3.12888198757764	2.056603773584906	0.6347826086956522	0.7367938931297712	-1	-1	0.1391304347826087	0.9502158623713586	199	98	18
18-49_de_amateur	de	12.349056603773585	1.8326967150496563	10.851953313057646	11.152458979200603	0.3575248281130634	0.06722689075630252	0.7074102368220015	0.008403361344537815	0.007639419404125287	0.8962264150943396	0.721798366902341	4.5	1.7855530474040633	0.005264738775859435	3.785600643382353e-05	0.002926790550931116	1.559205500381971	32.29245283018868	2.305938744282929	3.0429608127721335	2.0878274268104775	0.3949579831932773	0.6951074380165294	0.7211445138105613	0.8204493864782515	0.12681436210847977	0.9191946059554702	1123	544	106
18-50_de_amateur	de	14.011764705882353	1.9252728799328296	12.592808218501506	11.989076882501111	0.33585222502099077	0.08060453400503778	0.670864819479429	0.006717044500419815	0.005877413937867338	0.8470588235294118	0.778750116004433	4.823529411764706	1.8422459893048129	0.004886844236104114	3.91981397979798e-05	0.0029055636572539664	1.635600335852225	35.188235294117646	2.1353092310340522	3.1775483011325782	2.1142857142857143	0.3610411418975651	0.6789468864468892	0.6639759753442295	0.7245760241922772	0.11418975650713686	0.8986859848070574	1026	495	85
18-51_de_amateur	de	13.805555555555555	1.7531857813547955	10.481758886653257	10.544596735971384	0.32360831656606304	0.06572769953051644	0.6841046277665996	0.00335345405767941	0.012072434607645875	0.8935185185185185	0.7103476942698942	4.671296296296297	1.704968944099379	0.004749837873541248	4.244889225473322e-05	0.0014187690244028273	2.0375586854460095	34.86574074074074	2.1126951700232715	3.0791882212495025	2.0638447971781306	0.32461435278336687	0.7015816857440224	0.8138885252030569	0.9059059255948381	0.15191146881287726	0.9109963809418484	2552	1162	216
18-53_de_amateur	de	11.948339483394834	1.7538604076590487	9.76540520890076	10.473960632160987	0.3375540457072267	0.06485484867201977	0.6874613959234095	0.0077208153180975915	0.0067943174799258805	0.8265682656826568	0.6904544068300958	4.294117647058823	1.6097122302158273	0.004252221796077826	3.571401839940165e-05	0.0014696172605482313	2.7418159357628165	31.514705882352942	2.195536324026063	2.982876316093949	2.0602836879432624	0.27208153180975914	0.6923192099394873	0.625964690742347	0.6945079554961692	0.14113650401482397	0.8813168441975797	2762	1337	272
18-54_de_amateur	de	12.4	1.9690860215053763	12.481215053763439	11.825323010752689	0.35080645161290325	0.06854838709677419	0.6747311827956989	0.0013440860215053765	0.009408602150537635	0.9333333333333333	0.7484509020535723	4.55	1.531496062992126	0.004876654721908603	4.9438360067114095e-05	0.004960317460317461	0.831989247311828	33.516666666666666	2.4582425818398943	3.1069836552748886	2.246495327102804	0.4327956989247312	0.6966046511627909	0.6809299701141015	0.7569594921633535	0.13440860215053763	0.9237500141731074	621	298	60
18-55_de_amateur	de	10.346153846153847	2.074349442379182	12.922323420074349	11.357702201887333	0.31970260223048325	0.10037174721189591	0.6728624535315985	0.0	0.007434944237918215	0.8076923076923077	0.7071405844794592	3.923076923076923	1.7816091954022988	0.005344594566171004	3.076338738738738e-05	0.01045539033457249	0.275092936802974	27.576923076923077	2.5518781517725366	3.15702479338843	2.261029411764706	0.5353159851301115	0.6632352941176469	-1	-1	0.137546468401487	0.919568015314893	234	111	26
18-56_de_amateur	de	11.134969325153374	1.8584022038567494	10.68178404231946	10.464675962074736	0.33856749311294765	0.047933884297520664	0.675206611570248	0.020385674931129475	0.007988980716253443	0.7822085889570553	0.7469702192543448	3.9454545454545453	1.6534979423868312	0.004709898659314049	5.109492551581843e-05	0.0012927571166207528	3.3325068870523418	28.37878787878788	2.0217527364847436	3.0552902472673247	2.0642996924797314	0.2785123966942149	0.6668422543189062	0.7230132872021807	0.8064284510716402	0.1465564738292011	0.880267789497261	3081	1454	330
18-57_de_amateur	de	11.702970297029703	1.8257191201353637	10.51764403343888	10.338682488147292	0.3536379018612521	0.06006768189509306	0.7047377326565144	0.005076142131979695	0.009306260575296108	0.8613861386138614	0.6903220537463607	4.316831683168317	1.6571428571428573	0.004809206017766497	3.805679611650485e-05	0.0032053573556397605	1.251269035532995	29.237623762376238	2.092077301603475	3.0923233006425432	2.0578680203045687	0.39678510998307953	0.6919667590027739	0.6523949097186186	0.8087315573939738	0.1404399323181049	0.9096766148920975	1035	515	101
18-58_de_amateur	de	12.08108108108108	1.9276659209545115	11.86807948888486	10.952548106495756	0.319910514541387	0.07829977628635347	0.6763609246830723	0.005965697240865026	0.009694258016405667	0.8018018018018018	0.6863575512176207	3.90990990990991	1.7687074829931972	0.004767818628663684	3.278754851301115e-05	0.0030533889594292277	1.458612975391499	31.45045045045045	2.3275780792570555	3.0472261735419632	2.0715488215488214	0.3333333333333333	0.6723107890499219	0.6668802886479559	0.7529336352574333	0.13571961222967935	0.8849627188782567	1170	538	111
18-59_de_amateur	de	11.571428571428571	1.9670781893004115	12.134379776602	11.69704738389183	0.3388203017832647	0.0644718792866941	0.691358024691358	0.006858710562414266	0.00411522633744856	0.8968253968253969	0.7415095582584488	4.330708661417323	1.763326226012793	0.004406172007750343	3.9837217165354335e-05	0.0029127251349473572	1.373113854595336	28.834645669291337	2.205411114179882	3.149755832881172	2.0974512743628186	0.34910836762688613	0.6838042678440053	0.8097234257161818	0.9321444401732781	0.12688614540466392	0.8933260150340362	1259	635	127
18-60_de_amateur	de	11.571428571428571	1.9670781893004115	12.134379776602	11.69704738389183	0.3388203017832647	0.0644718792866941	0.691358024691358	0.006858710562414266	0.00411522633744856	0.8968253968253969	0.7415095582584488	4.330708661417323	1.763326226012793	0.004406172007750343	3.9837217165354335e-05	0.0029127251349473572	1.373113854595336	28.834645669291337	2.205411114179882	3.149755832881172	2.0974512743628186	0.34910836762688613	0.6838042678440053	0.8097234257161818	0.9321444401732781	0.12688614540466392	0.8933260150340362	1259	635	127
18-61_de_amateur	de	13.589285714285714	1.9894875164257555	13.185774122395348	12.007036587197298	0.3193166885676741	0.09724047306176084	0.6425755584756899	0.003942181340341655	0.006570302233902759	0.9285714285714286	0.6547896638977201	4.803571428571429	1.9094650205761317	0.004326295548620237	2.9751578125e-05	0.005042324970204444	0.8331143232588699	33.25	2.1696832801329498	3.2260127931769724	2.151618398637138	0.36268068331143233	0.6275679758308157	0.7618179465441365	0.8434001727607865	0.12746386333771353	0.8913622456607274	677	320	56
18-62_de_amateur	de	14.75925925925926	1.9247176913425346	12.87777986895302	11.338883656303732	0.32434127979924715	0.06461731493099122	0.6562107904642409	0.006273525721455458	0.0075282308657465494	0.9814814814814815	0.7036170722811601	5.222222222222222	1.6961538461538461	0.004559356149247177	4.061538655589124e-05	0.002657022658498782	1.6273525721455457	36.861111111111114	2.123808091297656	3.1223057644110277	2.025018395879323	0.32434127979924715	0.6702608695652194	0.7390096495374123	0.7989994354597816	0.14366373902132998	0.8923511596023161	1385	662	108
18-63_de_amateur	de	14.076923076923077	1.9262295081967213	12.629508196721314	10.950820008406893	0.35792349726775957	0.06557377049180328	0.6639344262295082	0.0	0.00819672131147541	0.9230769230769231	0.7278887097266239	4.6923076923076925	1.71875	0.005655491383606557	2.0427165584415584e-05	0.007513661202185792	0.5601092896174863	36.23076923076923	2.273342854886808	3.041182682154171	2.2294520547945207	0.48633879781420764	0.6687640449438192	-1	-1	0.14207650273224043	0.9349959336634616	324	154	26
18-64_de_amateur	de	11.864864864864865	1.8519362186788155	10.890144677707323	9.98428376531429	0.34851936218678814	0.04669703872437358	0.6822323462414579	0.0056947608200455585	0.002277904328018223	0.9459459459459459	0.6829881072908902	4.648648648648648	1.6442307692307692	0.0053152140199316635	3.156865714285714e-05	0.003934562021122385	1.3211845102505695	32.04054054054054	2.2923975711630744	2.994533221194281	2.1318327974276525	0.39635535307517084	0.6761874197689367	0.6006920482252928	0.7941895451223252	0.14009111617312073	0.9159565655028393	746	343	74
18-65_de_amateur	de	12.204081632653061	1.9782608695652173	12.51307009760426	12.535597699815714	0.33361204013377926	0.08695652173913043	0.7207357859531772	0.005852842809364548	0.010869565217391304	0.9183673469387755	0.7117178397852381	4.479591836734694	1.649616368286445	0.004233723262792642	3.926566323809524e-05	0.0031287085985543207	1.0451505016722409	31.479591836734695	2.159747407974698	3.1981894600711285	2.072348860257681	0.4122073578595318	0.721549680948043	0.8120108088433465	0.9121940996398071	0.13712374581939799	0.9219518388337414	1044	525	98
18-66_de_amateur	de	10.710526315789474	1.7997542997542997	9.82420600025863	10.624645208845209	0.32800982800982803	0.06633906633906633	0.6756756756756757	0.0	0.004914004914004914	0.8552631578947368	0.7130497947135613	3.75	1.7228464419475655	0.00464908466953317	2.7892450595238093e-05	0.00463821892393321	1.1191646191646192	29.42105263157895	2.4538083244501236	3.0249221183800623	2.070615034168565	0.3918918918918919	0.6772027972027984	0.7244326697320205	0.7689848601039169	0.1511056511056511	0.9099542159613767	703	336	76
18-68_de_amateur	de	11.244444444444444	1.8478260869565217	10.599681159420289	9.951770715854193	0.3221343873517787	0.06719367588932806	0.6640316205533597	0.003952569169960474	0.003952569169960474	0.8888888888888888	0.7051504046749952	4.333333333333333	1.7352941176470589	0.004885501461067194	3.7982873604060914e-05	0.006460930373973852	0.32608695652173914	28.6	2.28509481423998	3.0828173374613	1.9887133182844243	0.46047430830039526	0.6670270270270271	-1	-1	0.13636363636363635	0.9213224967984155	444	197	45
18-70_de_amateur	de	12.462121212121213	1.6291793313069909	8.494543382149764	8.671517730496456	0.31124620060790276	0.05896656534954407	0.6741641337386018	0.01094224924012158	0.00911854103343465	0.9166666666666666	0.715304261687491	4.291044776119403	1.779467680608365	0.005231975371367781	4.21803013029316e-05	0.002168395324789271	1.6303951367781155	30.761194029850746	2.1954214900051525	3.038219641993227	1.9919703520691785	0.35440729483282674	0.6853557567917239	0.7920642757282004	0.913811372046458	0.1513677811550152	0.9060927968119229	1393	614	134
18-71_de_amateur	de	11.866141732283465	1.6542800265428004	8.558299588795595	9.016072646808333	0.31453218314532183	0.0577305905773059	0.6609157266091573	0.012607830126078301	0.0072992700729927005	0.9212598425196851	0.7147157916437251	4.3125	1.7941787941787941	0.005198361983012608	4.261165052631579e-05	0.002174250660040379	1.6655607166556072	29.71875	2.1732798159219864	3.000524109014675	1.9691991786447638	0.36363636363636365	0.6744815340909103	0.8238209186909856	0.8849762456695116	0.14134041141340412	0.9133926719381913	1280	570	128
18-72_de_amateur	de	11.004597701149425	1.7305201587633172	9.12193097685542	9.72912373876567	0.3233758094840192	0.06099853770628786	0.6799665761437226	0.007520367662419052	0.00981825778149154	0.832183908045977	0.7040963226172188	4.0709382151029745	1.7080943275971956	0.004966443412784625	4.157340796508456e-05	0.0009933365449793872	4.136202214330479	28.487414187643022	2.267534194962664	3.022408293460925	2.043071921982934	0.2525590139962398	0.6712222696245638	0.6833666091345286	0.7309881481493677	0.14205138917902654	0.8862858143730111	4056	1833	437
18-74_de_amateur	de	13.27710843373494	1.7595281306715063	10.350504231080404	9.909551404893621	0.31125226860254085	0.07168784029038112	0.6651542649727767	0.007259528130671506	0.003629764065335753	0.927710843373494	0.6870047672712002	4.569767441860465	1.8011204481792717	0.0055248646336660615	3.577920627906977e-05	0.003055051421657592	0.8838475499092558	32.372093023255815	2.1544790621779937	3.0401721664275465	2.0072314049586777	0.3856624319419238	0.6615952143569315	0.8220047699760425	0.8973241560860192	0.14791288566243194	0.9201727359986501	958	430	86
18-75_de_amateur	de	10.233333333333333	1.9250814332247557	11.116960912052118	10.386176199782845	0.3550488599348534	0.048859934853420196	0.6449511400651465	0.009771986970684038	0.006514657980456026	0.8333333333333334	0.7515023491564632	3.1176470588235294	1.8181818181818181	0.005111766789576547	3.3496149242424245e-05	0.011400651465798045	0.30618892508143325	23.147058823529413	1.9478335109140852	3.1261034047919294	2.018796992481203	0.4788273615635179	0.6394711538461538	-1	-1	0.11726384364820847	0.9024980568800257	274	132	34
18-76_de_amateur	de	11.31578947368421	2.049612403100775	13.008584251325988	10.612503875968994	0.324031007751938	0.05581395348837209	0.648062015503876	0.004651162790697674	0.0031007751937984496	0.8596491228070176	0.7164069103541942	4.508771929824562	1.7264150943396226	0.005179832982015504	4.7864892553191486e-05	0.0050387596899224806	0.9348837209302325	28.12280701754386	2.251077362785935	3.226625386996904	2.047858942065491	0.4108527131782946	0.6546153846153862	0.6464300046220772	0.7204163015297536	0.14418604651162792	0.9123678238744098	592	282	57
18-78_de_amateur	de	10.043478260869565	1.9783549783549783	11.671545266327875	12.0733604743083	0.36796536796536794	0.05194805194805195	0.6320346320346321	0.004329004329004329	0.004329004329004329	0.8695652173913043	0.7564557916830644	3.9565217391304346	1.776470588235294	0.00589958775064935	4.538507526881721e-05	0.013275613275613277	0.329004329004329	27.52173913043478	2.4404975148979404	3.065522620904836	2.308300395256917	0.5541125541125541	0.6453030303030303	-1	-1	0.12554112554112554	0.9373197981570945	196	93	23
18-79_de_amateur	de	10.612903225806452	1.750759878419453	9.207998823414062	9.047076203549368	0.303951367781155	0.08206686930091185	0.6595744680851063	0.00303951367781155	0.0060790273556231	0.9032258064516129	0.7234480772638666	3.0	1.819047619047619	0.004803436404863222	3.317031079136691e-05	0.012710693561757391	0.14893617021276595	20.944444444444443	1.703137444525178	3.298291721419185	2.044	0.47416413373860183	0.6139565217391307	-1	-1	0.14285714285714285	0.9026995291932637	293	139	36
18-80_de_amateur	de	12.0	2.0021929824561404	12.715877192982457	10.050215789473684	0.33771929824561403	0.041666666666666664	0.6337719298245614	0.0043859649122807015	0.008771929824561403	0.8157894736842105	0.680400973899426	3.8421052631578947	1.654320987654321	0.005507821057894737	3.6858845454545455e-05	0.007597117794486215	0.6403508771929824	28.55263157894737	2.0787198820460895	3.2195791399817018	2.1856435643564356	0.44956140350877194	0.6513725490196084	-1	-1	0.13815789473684212	0.9243087296465494	404	176	38
18-81_de_amateur	de	6.947368421052632	1.7272727272727273	7.5012918660287085	7.915918181818181	0.3333333333333333	0.07575757575757576	0.6515151515151515	0.0	0.007575757575757576	0.7368421052631579	0.6464043973073901	2.65	1.8478260869565217	0.005382165409090909	3.6159400000000005e-05	0.019886363636363636	0.10606060606060606	16.5	2.1385624098124096	3.074626865671642	2.1721311475409837	0.6363636363636364	0.6842424242424243	-1	-1	0.16666666666666666	0.96504914487143	118	60	20
18-82_de_amateur	de	7.4	2.0054054054054054	10.959783783783784	11.114171891891893	0.32972972972972975	0.10810810810810811	0.7027027027027027	0.010810810810810811	0.016216216216216217	0.8	0.7397790750915751	2.769230769230769	1.8064516129032258	0.005156140511351351	2.3009381818181818e-05	0.013267813267813268	0.2	18.73076923076923	2.099099549495394	3.085539714867617	2.1206896551724137	0.6378378378378379	0.7469767441860463	-1	-1	0.12972972972972974	0.9425708945486955	161	77	26
18-84_de_amateur	de	8.566666666666666	1.66147859922179	7.356447470817123	8.358163787289234	0.36186770428015563	0.023346303501945526	0.6108949416342413	0.019455252918287938	0.0038910505836575876	0.8333333333333334	0.7092962076580562	3.1818181818181817	1.6382978723404256	0.005250249177042802	3.259126530612245e-05	0.014666267584555522	0.2178988326848249	19.87878787878788	1.9733976988269397	3.0196374622356497	2.095419847328244	0.49416342412451364	0.594936708860759	-1	-1	0.13229571984435798	0.92347579874764	219	98	33
18-85_de_amateur	de	7.96875	1.8980392156862744	9.914675245098042	10.244786764705884	0.3843137254901961	0.047058823529411764	0.6784313725490196	0.0	0.00392156862745098	0.71875	0.6556178427454465	2.911764705882353	1.6129032258064515	0.00598077697372549	4.8351778991596636e-05	0.011534025374855825	0.3607843137254902	17.941176470588236	1.9180982682421301	3.1832797427652735	2.1989247311827955	0.5294117647058824	0.6466666666666674	-1	-1	0.12941176470588237	0.9295954086337813	231	119	34
18-86_de_amateur	de	10.466666666666667	1.9490445859872612	11.490726114649682	11.489453418259023	0.3343949044585987	0.08280254777070063	0.6592356687898089	0.012738853503184714	0.009554140127388535	0.7666666666666667	0.6887795339700966	2.909090909090909	2.0833333333333335	0.005807707982802548	2.949878832116788e-05	0.00992881228924691	0.34076433121019106	25.09090909090909	2.1257647652949228	3.145933014354067	2.132258064516129	0.5222929936305732	0.6600930232558139	-1	-1	0.1178343949044586	0.9319075719584902	273	137	33
18-87_de_amateur	de	12.333333333333334	1.8486486486486486	11.034054054054057	10.043890090090091	0.2945945945945946	0.04054054054054054	0.672972972972973	0.0	0.005405405405405406	0.8666666666666667	0.7161300218351568	4.133333333333334	1.7478260869565216	0.0052226517205405405	3.2334196e-05	0.008952702702702703	0.16486486486486487	30.3	2.1226495519873527	3.0860566448801743	1.9782608695652173	0.4918918918918919	0.6349815498154977	-1	-1	0.16216216216216217	0.9269065949807985	327	150	30
18-88_de_amateur	de	11.380952380952381	1.6820083682008369	8.696270173341304	9.213543773660092	0.3472803347280335	0.04602510460251046	0.6108786610878661	0.0	0.0	0.9523809523809523	0.6697559202493413	4.9523809523809526	1.6962025316455696	0.005957604944351464	3.9947942708333334e-05	0.010599721059972105	0.28870292887029286	26.904761904761905	2.016647968433683	3.1537102473498235	2.021978021978022	0.5230125523012552	0.6805714285714284	-1	-1	0.1506276150627615	0.9399938964272211	212	96	21
18-90_de_amateur	de	13.96551724137931	2.022222222222222	13.718773946360155	12.680898680289486	0.36049382716049383	0.07654320987654321	0.7135802469135802	0.0024691358024691358	0.0049382716049382715	1.0	0.7007566758147253	5.0	1.6556291390728477	0.005134114406666667	2.9313076219512197e-05	0.009017713365539451	0.37530864197530867	39.689655172413794	2.4956327406309997	3.0034752389226758	2.1642105263157894	0.47160493827160493	0.6498366013071896	-1	-1	0.10864197530864197	0.9198962264254154	334	164	29
18-91_de_amateur	de	8.414634146341463	1.771014492753623	8.589678331565924	10.019839872746553	0.3130434782608696	0.05217391304347826	0.6405797101449275	0.014492753623188406	0.011594202898550725	0.8292682926829268	0.7844192457868929	3.142857142857143	1.8070175438596492	0.005217300201739131	3.901920479452055e-05	0.009305873379099924	0.34492753623188405	18.214285714285715	1.7768550736078264	3.251948051948052	1.9635627530364372	0.48695652173913045	0.6618292682926824	-1	-1	0.14782608695652175	0.9179518621265521	307	146	42
18-96_de_amateur	de	13.26086956521739	1.7639344262295082	10.396165359942984	10.053873129009265	0.30655737704918035	0.06229508196721312	0.6672131147540984	0.003278688524590164	0.006557377049180328	0.9347826086956522	0.7033839930915955	4.346938775510204	1.7772020725388602	0.0049170842447540985	3.8597482462686565e-05	0.005848471422241914	0.8065573770491803	29.979591836734695	1.9410443102119688	3.136949152542373	2.081447963800905	0.3819672131147541	0.6196281800391394	0.8381667702671333	0.8295956778231144	0.16885245901639345	0.8937978734673269	550	268	49
18-97_de_amateur	de	10.04	1.7290836653386454	8.728787250996017	8.970182023904384	0.3386454183266932	0.027888446215139442	0.6653386454183267	0.0199203187250996	0.00796812749003984	0.92	0.676625655557107	3.357142857142857	1.7349397590361446	0.005701675665338646	4.072693300970874e-05	0.011066843736166445	0.33067729083665337	20.75	1.9921164523041457	3.158974358974359	2.2824858757062145	0.5059760956175299	0.6575000000000004	-1	-1	0.1553784860557769	0.9197258109086471	222	103	28
18-99_de_amateur	de	8.93939393939394	1.7966101694915255	9.096363636363638	9.717293785310735	0.3288135593220339	0.08813559322033898	0.7050847457627119	0.003389830508474576	0.006779661016949152	0.8787878787878788	0.7833383459496492	3.2162162162162162	1.75	0.004948448971525424	3.165474307692307e-05	0.01088314005352364	0.5016949152542373	19.135135135135137	1.930231406583399	3.1320224719101124	2.0304347826086957	0.5152542372881356	0.7034183673469384	-1	-1	0.14915254237288136	0.907819072011501	262	130	37
19-10_de_amateur	de	12.879895561357703	1.8996553821204136	11.849092777950386	11.32011594308909	0.3227245084127306	0.06872085951753497	0.6857895803770525	0.0022298803973241437	0.006689641191972431	0.8590078328981723	0.698971520457374	4.55064935064935	1.6396063960639606	0.0045017168187512675	5.147472680074836e-05	0.0010532243169583532	2.968578958037705	32.43116883116883	2.188834558257544	3.1605559549484785	2.0531940733543843	0.25258463409689846	0.680678527099715	0.7007923925823274	0.7776062297564276	0.1579160754105007	0.8784700680220519	4358	2138	385
19-101_de_amateur	de	11.411764705882353	1.824742268041237	10.392546998180716	10.879825409338995	0.3247422680412371	0.061855670103092786	0.7010309278350515	0.002577319587628866	0.010309278350515464	0.8823529411764706	0.7248421435024306	3.8055555555555554	1.5211267605633803	0.00493679880386598	2.3783822875816995e-05	0.007731958762886598	0.41237113402061853	29.333333333333332	2.2345470438789974	3.0490103675777567	2.136258660508083	0.48711340206185566	0.6713494809688575	-1	-1	0.16494845360824742	0.9307601644805104	324	153	36
19-102_de_amateur	de	13.681818181818182	1.7898671096345515	10.8663409845968	9.783663122923588	0.3014950166112957	0.058970099667774084	0.6428571428571429	0.019933554817275746	0.004152823920265781	0.9431818181818182	0.685951148205384	4.472527472527473	1.8457446808510638	0.005047805103488372	4.163158886363636e-05	0.0030644976515064727	0.7973421926910299	33.56043956043956	2.1477355821738886	3.1792020928711575	2.1643153526970953	0.38704318936877075	0.6730316742081426	0.8143484328481697	0.8955313843587519	0.1403654485049834	0.9286509578342881	1041	440	91
19-104_de_amateur	de	12.3625	1.8766430738119313	11.37576327098079	9.974643973710819	0.31749241658240646	0.05915065722952477	0.6582406471183013	0.00910010111223458	0.005055611729019211	0.95625	0.6999997173344966	4.2105263157894735	1.7797147385103012	0.005393074762992922	4.100134498141264e-05	0.0020762366615292493	1.717896865520728	28.859649122807017	2.092069020780849	3.167741935483871	2.0429411764705883	0.3301314459049545	0.667179350718475	0.8055731914244119	0.9054471379067585	0.14256825075834176	0.9024297958145304	1743	807	171
19-109_de_amateur	de	11.539473684210526	1.7799315849486887	9.913587439236633	9.49979338654504	0.2953249714937286	0.0661345496009122	0.6921322690992018	0.027366020524515394	0.0068415051311288486	0.9736842105263158	0.702442369522811	4.2631578947368425	1.789855072463768	0.0049554602257696695	5.371363971014493e-05	0.003463780899722467	0.9293044469783353	28.32894736842105	2.1337842748602283	3.1241890639481	2.031017369727047	0.42873432155074115	0.7006041131105417	0.7780378931859867	0.8104248293519831	0.1459521094640821	0.915858210622607	752	345	76
19-11_de_amateur	de	13.331325301204819	1.9444193402620877	12.553365082562514	11.749948787830943	0.3167645729778581	0.07049254405784004	0.7144148215092635	0.0018075011296882061	0.010845006778129237	0.9337349397590361	0.7029448145457865	4.585798816568047	1.633879781420765	0.004880367803976503	4.80566157784744e-05	0.0020356757772478557	1.3380027112516946	32.10059171597633	2.128439658819658	3.282484837346076	2.0709823963657015	0.31947582467239044	0.6692384105960393	0.8032342033016411	0.9004566646866374	0.166741979213737	0.9009798996629478	1969	957	169
19-111_de_amateur	de	12.76	2.012539184952978	13.134362382445143	11.249004915360501	0.3510971786833856	0.03761755485893417	0.6865203761755486	0.0	0.0	0.92	0.7689054649278485	4.72	1.6810344827586208	0.0063855003003134795	2.2052498529411764e-05	0.01022933509321894	0.5329153605015674	32.36	2.13870185245723	3.115337423312883	2.0253164556962027	0.47648902821316613	0.6786363636363644	-1	-1	0.12225705329153605	0.9136885195752189	288	136	25
19-112_de_amateur	de	13.527777777777779	1.9835728952772074	13.091993497604385	11.690561076887978	0.3347022587268994	0.04722792607802875	0.6673511293634496	0.0	0.008213552361396304	0.8611111111111112	0.7048132944744026	4.555555555555555	1.6646341463414633	0.004683511062217659	3.367654918032787e-05	0.006346835915624417	0.8726899383983573	36.611111111111114	2.357340224384378	3.0648078372268275	2.2047970479704797	0.4455852156057495	0.6676288659793806	-1	-1	0.13347022587268995	0.9237349354979467	416	183	36
19-114_de_amateur	de	8.25	2.143939393939394	12.925984848484852	11.846104545454544	0.3371212121212121	0.0946969696969697	0.696969696969697	0.007575757575757576	0.003787878787878788	0.875	0.7429511108423352	3.5625	1.7826086956521738	0.004739926481818182	3.849190869565217e-05	0.013774104683195593	0.16666666666666666	21.78125	2.154216748875587	3.0975954738330977	2.1478599221789882	0.5492424242424242	0.700909090909091	-1	-1	0.10984848484848485	0.9070867563049515	228	115	32
19-117_de_amateur	de	12.48936170212766	2.0800681431005112	13.825655152415823	11.268349044909202	0.29642248722316866	0.06473594548551959	0.6780238500851788	0.018739352640545145	0.005110732538330494	0.9361702127659575	0.7393923599164371	4.26530612244898	1.765625	0.00525705212879046	3.183172561983471e-05	0.006099906578007364	0.6473594548551959	32.795918367346935	2.090069057698934	3.1283323000619965	2.1148148148148147	0.424190800681431	0.6871721311475425	0.8110882497209507	0.8307905290928175	0.13458262350936967	0.9091800336880483	519	242	49
19-119_de_amateur	de	12.333333333333334	1.8777348777348777	11.377271557271559	10.183993050193052	0.323037323037323	0.06692406692406692	0.6808236808236808	0.001287001287001287	0.007722007722007722	0.9365079365079365	0.7109964358817948	4.515625	1.7315175097276265	0.004874930008108108	3.422004983606557e-05	0.004271748952600016	1.1673101673101673	31.765625	2.1280822188553974	3.1149706457925634	2.1941992433795714	0.39768339768339767	0.6851769911504434	0.6422093426902001	0.7473643557154719	0.1287001287001287	0.9028853977932358	673	305	64
19-12_de_amateur	de	12.890243902439025	2.0085146641438034	13.1376681588481	12.011601666012876	0.3254493850520341	0.08136234626300852	0.6773888363292336	0.000946073793755913	0.000946073793755913	0.9634146341463414	0.7158819899492194	4.353658536585366	1.6942857142857144	0.004804871145033112	3.037784381778742e-05	0.0035918733864631273	0.9555345316934721	33.24390243902439	2.172135670417526	3.1937249179131704	2.085081585081585	0.36423841059602646	0.6420876826722335	0.7173812830349203	0.8648869820258414	0.14853358561967833	0.9008795614432622	941	461	82
19-121_de_amateur	de	11.36923076923077	1.767253044654939	9.697585926928284	9.79115865931092	0.3085250338294993	0.05953991880920163	0.652232746955345	0.0027063599458728013	0.006765899864682003	0.9538461538461539	0.7241983998196324	4.2153846153846155	1.7875	0.005064636386874154	3.900565687732342e-05	0.004352119372417073	0.6468200270635994	29.50769230769231	2.232509412276577	3.0693069306930694	2.0969044414535665	0.43031123139377536	0.6696874999999988	0.9623336954674417	0.8352829943037945	0.15426251691474965	0.9281903030464781	632	269	65
19-122_de_amateur	de	11.08695652173913	1.8509803921568628	10.575481670929243	11.313797953964196	0.3352941176470588	0.07647058823529412	0.6980392156862745	0.0058823529411764705	0.00392156862745098	0.9782608695652174	0.7276436921144398	4.434782608695652	1.6863905325443787	0.004736573103382745	3.650977264150943e-05	0.00603921568627451	0.4764705882352941	29.52173913043478	2.3911731011070354	3.0534798534798533	2.110655737704918	0.4980392156862745	0.718759124087591	-1	0.819556272581591	0.14901960784313725	0.9264939227668438	440	212	46
19-123_de_amateur	de	12.84	1.7725856697819315	10.334110903426794	10.854231177570094	0.35358255451713394	0.0529595015576324	0.6573208722741433	0.001557632398753894	0.006230529595015576	0.98	0.6825759473674541	4.54	1.7419354838709677	0.005783471129595015	3.815737368421053e-05	0.0050148165033052205	1.0	33.72	2.147356839575375	3.040212891780012	2.10762331838565	0.43302180685358255	0.6837753222836114	0.8426568076549706	0.8008848649515221	0.1292834890965732	0.9223173344310919	542	247	50
19-124_de_amateur	de	11.96774193548387	1.7816711590296497	10.101139031388577	10.501949847839319	0.3160377358490566	0.04582210242587601	0.6522911051212938	0.0006738544474393531	0.004043126684636119	0.9112903225806451	0.7185482638856092	4.338709677419355	1.7086776859504131	0.005110391706873315	3.859706053097345e-05	0.002630467963498198	1.5370619946091644	30.31451612903226	2.1571946026934437	3.13945488224398	2.135989010989011	0.3261455525606469	0.6478411552346524	0.7179170411257988	0.8045767630306196	0.15768194070080863	0.9027093404969665	1281	565	124
19-125_de_amateur	de	13.244444444444444	1.9429530201342282	12.502178970917228	11.553749634601044	0.33557046979865773	0.04865771812080537	0.6543624161073825	0.0016778523489932886	0.006711409395973154	0.9555555555555556	0.7033210760687543	5.044444444444444	1.6502463054187193	0.004579416218791947	2.8405625e-05	0.005243288590604027	0.9966442953020134	33.977777777777774	2.135819134334436	3.1352057478772046	2.076363636363636	0.39932885906040266	0.6728772635814902	0.5543990625145451	0.7572830873833435	0.1761744966442953	0.9114938980840456	519	244	45
19-126_de_amateur	de	13.546218487394958	1.6972704714640199	9.72081677335947	10.42611259461601	0.3058312655086849	0.07816377171215881	0.6954094292803971	0.004342431761786601	0.00620347394540943	0.957983193277311	0.7007104072835224	4.508196721311475	1.7762376237623763	0.004354746714143921	4.293381910299003e-05	0.0028535980148883372	1.531637717121588	34.63934426229508	2.1531180811911224	2.978954835658548	1.998268897864974	0.3002481389578164	0.6789094514210221	0.689562376488024	0.7624147106889732	0.13833746898263027	0.8775851824184793	1348	602	122
19-127_de_amateur	de	13.813953488372093	1.6952861952861953	9.801818964842223	9.088379891942683	0.3333333333333333	0.05218855218855219	0.6734006734006734	0.0	0.006734006734006734	0.9534883720930233	0.7112299946793803	4.953488372093023	1.6908212560386473	0.0052136910372053875	3.4823041891891894e-05	0.00615530303030303	0.6868686868686869	34.883720930232556	2.0697652884680258	3.0352862849533953	2.0683012259194395	0.4107744107744108	0.6283838383838373	0.9311771233679974	0.8928357059946728	0.11784511784511785	0.9198797093180732	509	222	43
19-128_de_amateur	de	11.6	1.7793103448275862	9.92986206896552	9.726916551724138	0.36379310344827587	0.08620689655172414	0.6672413793103448	0.005172413793103448	0.0017241379310344827	0.92	0.765762529372184	4.3	1.6698564593301435	0.004814153962241379	3.402682164502165e-05	0.0052125100240577385	1.2137931034482758	30.88	2.194749012780386	2.986477784932389	2.0561151079136692	0.4103448275862069	0.6729521829521838	-1	0.7936674037199704	0.11379310344827587	0.9066694611828311	485	231	50
19-131_de_amateur	de	10.35	1.6497584541062802	7.913649758454106	9.94515768115942	0.3140096618357488	0.06280193236714976	0.6932367149758454	0.0024154589371980675	0.00966183574879227	0.875	0.7210687079143856	4.0	1.7829457364341086	0.005252326638647343	3.856845222929936e-05	0.0068599033816425115	0.5289855072463768	27.3	2.3383730356240813	3.047402005469462	2.206451612903226	0.48792270531400966	0.6893650793650781	-1	-1	0.1642512077294686	0.9349600475736142	345	157	40
19-140_de_amateur	de	12.257142857142858	1.9588189588189588	12.304349428349429	10.345023656343656	0.3045843045843046	0.06993006993006994	0.6946386946386947	0.010878010878010878	0.00777000777000777	0.8761904761904762	0.7443988527540135	4.190476190476191	1.703883495145631	0.004952725235897436	5.423489045045045e-05	0.0034896877002140157	0.7878787878787878	29.00952380952381	2.160052780961057	3.292554936044605	2.1941747572815533	0.3613053613053613	0.6666498316498348	0.6863237304690137	0.8125771617978818	0.16161616161616163	0.9042192811638942	1167	555	105
19-141_de_amateur	de	12.398692810457517	1.8624143384290985	11.221979389541797	10.34021747375457	0.29942013705851345	0.06431207169214549	0.6863468634686347	0.01686874011597259	0.010015814443858724	0.954248366013072	0.7346203814316628	4.647058823529412	1.6815181518151816	0.004934650576499736	5.130918751592357e-05	0.0022784513559421307	1.5129151291512914	30.751633986928105	2.122319786844573	3.1704473182107273	2.148711943793911	0.3379019504480759	0.6913292547274844	0.7435400590467156	0.8545113981526131	0.17079599367422246	0.9043751212120567	1663	785	153
19-142_de_amateur	de	11.91304347826087	1.7846715328467153	10.115211044112982	9.423138241827992	0.28832116788321166	0.04744525547445255	0.6861313868613139	0.025547445255474453	0.0072992700729927005	1.0	0.7324401773353891	3.6956521739130435	1.7647058823529411	0.0055824834649635035	5.711438921568628e-05	0.011759935117599351	0.072992700729927	33.26086956521739	2.3487498658443604	3.0366492146596857	2.1598837209302326	0.5620437956204379	0.6853714285714285	-1	-1	0.17153284671532848	0.9680785153196987	232	102	23
19-143_de_amateur	de	10.86111111111111	1.7979539641943734	9.861690110826938	11.223074964478547	0.319693094629156	0.10741687979539642	0.7212276214833759	0.015345268542199489	0.0076726342710997444	0.9166666666666666	0.7076804906888943	4.0	1.7874015748031495	0.005519187821994885	3.386106898734177e-05	0.0079923273657289	0.3938618925831202	28.083333333333332	2.296164051392809	3.101278269419862	2.2015113350125946	0.4833759590792839	0.6799657534246577	-1	-1	0.1329923273657289	0.9154848369253216	326	158	36
19-144_de_amateur	de	11.454545454545455	1.8571428571428572	10.791558441558443	11.010080952380955	0.2857142857142857	0.07539682539682539	0.6865079365079365	0.01984126984126984	0.011904761904761904	1.0	0.7095142444442165	4.454545454545454	1.7307692307692308	0.005038806757142857	3.7752705050505046e-05	0.011904761904761904	0.3055555555555556	28.40909090909091	2.0473796687189694	3.125	1.9666666666666666	0.5198412698412699	0.6656209150326791	-1	-1	0.14682539682539683	0.9150343748417816	220	99	22
19-145_de_amateur	de	12.8125	2.097560975609756	14.158094512195124	12.403201219512196	0.28292682926829266	0.08780487804878048	0.7073170731707317	0.02926829268292683	0.00975609756097561	1.0	0.7551925707989781	4.1875	1.9672131147540983	0.005016982912195122	4.353701447368421e-05	0.013550135501355013	0.14146341463414633	30.3125	2.0164135054760055	3.40702479338843	2.398843930635838	0.5853658536585366	0.7268867924528302	-1	-1	0.17073170731707318	0.9253243897412354	173	76	16
19-146_de_amateur	de	15.181818181818182	1.7604790419161678	11.104561785519873	9.958669461077843	0.2934131736526946	0.04790419161676647	0.6946107784431138	0.017964071856287425	0.008982035928143712	1.0	0.7579383482619833	5.181818181818182	1.5339805825242718	0.004462258729341318	5.664057596899225e-05	0.008794910179640719	0.16167664670658682	37.09090909090909	1.9779665744237938	3.103321033210332	2.0098684210526314	0.5538922155688623	0.6946808510638289	-1	-1	0.16766467065868262	0.9392025476891541	288	129	22
19-167_de_amateur	de	11.093525179856115	1.8307392996108949	10.339198555552446	11.069033259617987	0.34954604409857326	0.06809338521400778	0.7159533073929961	0.0012970168612191958	0.005836575875486381	0.8633093525179856	0.720058189489859	4.309352517985611	1.5738007380073802	0.0044298582627107655	4.144119366883117e-05	0.002252346484805378	2.0616083009079116	30.697841726618705	2.2820608585116746	2.9698795180722892	2.0773081201334818	0.39169909208819714	0.7026195426195411	0.6959723029631186	0.7884833654397573	0.13164721141374838	0.9276343766411821	1303	616	139
19-168_de_amateur	de	10.889908256880734	1.778854254422915	9.647544422373883	10.24973958557152	0.35593934288121315	0.06318449873631002	0.7059814658803707	0.0012636899747262005	0.005054759898904802	0.8165137614678899	0.7338416269938456	4.076923076923077	1.6359393232205368	0.004926868619839933	4.360442604055496e-05	0.001900016132212443	3.2679022746419544	28.733031674208146	2.2047893180123834	3.0	2.0854733614411654	0.2839090143218197	0.6612923076923192	0.639224284723788	0.6806821328988545	0.11920808761583825	0.8878601829867652	2025	937	221
19-169_de_amateur	de	10.530516431924882	1.7784217565760143	9.502278136047675	10.188762980498536	0.3415069103878734	0.060410164957646006	0.6988408381631743	0.0017833259028087382	0.00490414623272403	0.7934272300469484	0.7276819883173602	3.865168539325843	1.6514106583072101	0.005005820840057958	5.057785230078563e-05	0.0011399989049753227	4.041239411502452	26.29438202247191	2.144994612114341	3.050390526581003	2.115076923076923	0.24765938475256352	0.6635149304764113	0.7083093711648578	0.7617996425571951	0.13040570664288897	0.8802262860684579	3818	1782	445
19-17_de_amateur	de	10.757352941176471	1.7190704032809296	8.890398405773794	8.911811229946524	0.30211893369788106	0.05263157894736842	0.7006151742993848	0.003417634996582365	0.01161995898838004	0.8897058823529411	0.6902398225358704	3.869565217391304	1.710144927536232	0.005266104747778538	7.701147360406092e-05	0.0028634239160554953	1.2358168147641833	25.144927536231883	1.8767367714831755	3.161697247706422	2.046047582501919	0.3274094326725906	0.6566862170087964	0.7302006386961825	0.796999482458582	0.17634996582365003	0.8846144862599534	1282	591	138
19-20_de_amateur	de	12.765625	1.675642594859241	9.161176369339042	9.821774801101592	0.2864137086903305	0.10648714810281518	0.7062423500611995	0.011015911872705019	0.01835985312117503	0.875	0.7168254482079965	4.53125	1.77992277992278	0.004511205549449205	5.597816025236593e-05	0.004796718383009692	0.616891064871481	31.546875	2.293103892922666	3.073529411764706	2.082107843137255	0.3684210526315789	0.6690947075208921	0.6834254860023659	0.7738660472244754	0.13953488372093023	0.8866179133426882	701	317	64
19-21_de_amateur	de	13.695890410958905	1.8269653930786158	11.309588898601639	11.21137616136926	0.3174634926985397	0.0678135627125425	0.6787357471494299	0.004800960192038408	0.00620124024804961	0.8958904109589041	0.703764674830764	4.5978260869565215	1.7105740181268883	0.0049170990390478096	4.1014323175089334e-05	0.0009993559893413282	3.5277055411082214	34.86141304347826	2.2854538937143345	3.1220591660843233	2.049600672551492	0.248249649929986	0.6597102040816262	0.7230408339109333	0.8026006581601172	0.14942988597719545	0.8834916752624455	4330	1959	368
19-22_de_amateur	de	14.519450800915331	1.8595744680851063	12.015564535761236	11.209834207009969	0.30512214342001576	0.0644602048857368	0.6696611505122143	0.008037825059101654	0.007880220646178092	0.9267734553775744	0.6915566968941331	4.7785388127853885	1.7580482897384306	0.004646943465594956	4.012195674310144e-05	0.0008651594357318062	4.387391646966115	35.949771689497716	2.199052333220512	3.161145246088554	2.0388802488335926	0.21308116627265564	0.6680291386487246	0.7125836787145403	0.7859452490023129	0.15697399527186762	0.8653832654454867	5611	2573	438
19-25_de_amateur	de	11.340909090909092	1.9428857715430863	11.759006649662968	11.013875350701404	0.32665330661322645	0.06913827655310621	0.6462925851703407	0.00501002004008016	0.008016032064128256	0.875	0.6905951881203454	4.386363636363637	1.718562874251497	0.00506683802244489	3.7032654377880184e-05	0.003507014028056112	0.842685370741483	28.59090909090909	2.2598838850399074	3.0083069620253164	2.030640668523677	0.37975951903807614	0.6385205784204642	0.6816831991346571	0.8091760048814814	0.1492985971943888	0.9098324420488156	901	434	88
19-27_de_amateur	de	12.470149253731343	1.9365649311789348	12.124824396866654	11.11105024786302	0.32375822860562536	0.06343506882106523	0.6786355475763016	0.005385996409335727	0.008976660682226212	0.8805970149253731	0.7346097612216639	4.246268656716418	1.70863309352518	0.00457289426834231	3.472749971509972e-05	0.002637878358373492	1.196888090963495	31.738805970149254	2.2179963497805426	3.1270692469107018	2.0597864768683274	0.35966487133453023	0.6793320610687024	0.7318119672326431	0.8338922578678074	0.13046080191502094	0.911872388820263	1484	702	134
19-3_de_amateur	de	9.042328042328043	1.9836161497952018	11.34317850409132	11.792137634868004	0.3504973668812171	0.07021650087770626	0.7068461088355764	0.004095962551199532	0.004095962551199532	0.7354497354497355	0.6843852213654917	3.4497354497354498	1.654424040066778	0.004843583374605032	2.742788027989822e-05	0.0020708779606685834	1.927442949093037	23.55026455026455	2.1621146361879453	3.093203453619659	2.0723951285520976	0.3534230544177882	0.6630807453416144	0.8143694454205844	0.95093939979454	0.1515506143943827	0.9088289281344005	1500	786	189
19-31_de_amateur	de	12.637931034482758	1.903137789904502	11.7958190243214	10.568293992567154	0.29740791268758526	0.05593451568894952	0.6821282401091405	0.005457025920873124	0.02592087312414734	0.9655172413793104	0.7143926520055809	4.293103448275862	1.7797356828193833	0.00487876867680764	4.273249155844156e-05	0.005286493860845839	0.4433833560709413	30.70689655172414	2.0412023820722656	3.246360582306831	2.098865478119935	0.40654843110504774	0.6722870662460582	0.7810511105510762	0.9230182565928639	0.19645293315143247	0.9091440551036991	651	308	58
19-33_de_amateur	de	7.4	1.7635135135135136	8.10545945945946	10.167921891891893	0.40202702702702703	0.06418918918918919	0.793918918918919	0.02702702702702703	0.010135135135135136	0.8	0.7831532925763697	2.880952380952381	1.5420560747663552	0.0033923637631756752	5.918988137931035e-05	0.010595823095823097	0.5878378378378378	21.023809523809526	2.0838243678055806	2.9932432432432434	2.1270983213429258	0.543918918918919	0.683553299492386	-1	-1	0.10472972972972973	0.9129069420660316	238	145	42
19-34_de_amateur	de	11.823008849557523	1.8717564870259482	11.107699998233624	10.305357478847617	0.30863273453093815	0.05538922155688623	0.7033433133732535	0.003243512974051896	0.00998003992015968	0.8495575221238938	0.7320348524265728	4.137026239067056	1.5925925925925926	0.00432250692507485	6.037492519590115e-05	0.001394450363077526	2.4441117764471056	28.708454810495628	2.1044221685663453	3.1888203780450826	2.0645348837209303	0.25399201596806387	0.6803734970580768	0.6526408978397518	0.7442204523929743	0.16142714570858283	0.8808880224900557	3527	1659	343
19-35_de_amateur	de	12.768518518518519	1.880710659898477	11.582108009024253	11.186395571133135	0.29949238578680204	0.06435823060188542	0.7208121827411168	0.003988397389412618	0.009789702683103698	0.9074074074074074	0.713092121450775	4.453089244851259	1.6178239475123017	0.004628261114285714	5.524814674208145e-05	0.0008564919232811635	3.4883973894126177	31.94736842105263	2.1517982088406824	3.2234149134106196	2.148141194141945	0.25253807106598986	0.6975336902344305	0.7115279247079591	0.8181381731396989	0.16751269035532995	0.8870403780155527	4765	2210	437
19-37_de_amateur	de	12.356164383561644	2.0399113082039912	13.29985754639614	12.262281061871638	0.2926829268292683	0.07649667405764966	0.7139689578713969	0.0011086474501108647	0.007760532150776054	0.9178082191780822	0.7402098100814858	4.657534246575342	1.7353951890034365	0.004716205015410199	5.203095746835443e-05	0.0037585852576929317	0.4977827050997783	30.863013698630137	2.0696762600910206	3.326557666813964	2.1276005547850207	0.417960088691796	0.6791656288916565	0.8407739031490081	0.969294397201903	0.1729490022172949	0.9221498725617754	802	395	73
19-38_de_amateur	de	13.036290322580646	1.8997834828332818	11.911598323239179	11.042561339213556	0.3083823074543767	0.059696875966594495	0.7098669965975873	0.010516548097742036	0.010207237859573151	0.9233870967741935	0.7129568731282234	4.649193548387097	1.6585594013096352	0.0049003026980204145	6.02809120974077e-05	0.001287191674367403	2.552118775131457	31.693548387096776	2.0730814080331905	3.3118402645300775	2.2890496547188426	0.31611506340859885	0.6932418634333315	0.7005457414024558	0.780900273013735	0.15774822146613052	0.9114663768894448	2778	1273	248
19-39_de_amateur	de	11.711864406779661	1.8639652677279306	10.97241727783365	11.285645340005068	0.32947419199228173	0.0824891461649783	0.7047756874095513	0.004341534008683068	0.004341534008683068	0.9265536723163842	0.7135369643024266	4.435028248587571	1.6864161849710984	0.004574652571538832	4.134974893364929e-05	0.0019860671090772396	1.4495899662325133	30.75141242937853	2.2895149672233663	3.1273160887910474	2.0970829535095716	0.3357452966714906	0.6738804457953526	0.7751093398749405	0.8664783146786132	0.1567776169802219	0.9016337988730816	1767	844	177
19-40_de_amateur	de	14.07638888888889	1.892451899358658	12.230724079098831	11.322247604560653	0.31968426245683274	0.06018746916625555	0.6985693142575234	0.006413418845584608	0.003946719289590528	0.9722222222222222	0.6994189465909985	4.9375	1.6544901065449011	0.005292967579329058	4.9450868098958334e-05	0.0020116773078009973	1.222989639861865	36.826388888888886	2.2566536375504973	3.2007161703731626	2.2288248337028826	0.33744449925999015	0.6616078838174327	0.7890743056166609	0.8661133107196985	0.14553527380365072	0.9080790428538241	1720	768	144
19-41_de_amateur	de	11.793650793650794	1.9226110363391655	11.696334038325965	10.629886299643232	0.30551816958277256	0.07133243606998654	0.7119784656796769	0.004037685060565276	0.006056527590847914	0.9206349206349206	0.7101094023264842	4.4523809523809526	1.6414342629482073	0.004686267481426649	5.760236429699842e-05	0.0025780524330369834	0.8970390309555855	28.41269841269841	2.115248377975025	3.325257588415483	2.1472545757071546	0.3721399730820996	0.6885291997116119	0.7266413474489594	0.7779502647128046	0.16352624495289367	0.9085827606225507	1320	633	126
19-42_de_amateur	de	12.929411764705883	1.899909008189263	11.871396884868595	10.830046054702136	0.32120109190172885	0.06369426751592357	0.6878980891719745	0.00272975432211101	0.006369426751592357	0.9058823529411765	0.6536823585834304	4.7176470588235295	1.6944444444444444	0.005111332368789809	4.678513164835165e-05	0.0032415832575068246	1.0345768880800728	33.694117647058825	2.211649374287446	3.151199165797706	2.0386064030131825	0.3885350318471338	0.6804800000000039	0.7900312718568103	0.8852534484794059	0.1565059144676979	0.9098159979152678	957	455	85
19-43_de_amateur	de	9.923287671232877	1.8956377691882937	10.648607868202692	11.110635598133173	0.3347598012147985	0.07523467697404748	0.701131971286582	0.00800662617338487	0.010353395913859746	0.7273972602739726	0.6951424993762266	3.7193460490463215	1.6921545201115094	0.004178573799585864	4.282533872499152e-05	0.0008851138467535	3.942987299834346	26.321525885558582	2.289672634171354	3.0686018532739467	2.1117805409562878	0.20610160132523467	0.6690874737578638	0.6629079259790768	0.7312152609276752	0.14867476532302595	0.868698226520775	6158	2949	734
19-44_de_amateur	de	9.923287671232877	1.8956377691882937	10.648607868202692	11.110635598133173	0.3347598012147985	0.07523467697404748	0.701131971286582	0.00800662617338487	0.010353395913859746	0.7273972602739726	0.6951424993762266	3.7193460490463215	1.6921545201115094	0.004178573799585864	4.282533872499152e-05	0.0008851138467535	3.942987299834346	26.321525885558582	2.289672634171354	3.0686018532739467	2.1117805409562878	0.20610160132523467	0.6690874737578638	0.6629079259790768	0.7312152609276752	0.14867476532302595	0.868698226520775	6158	2949	734
19-47_de_amateur	de	12.2265625	1.8747603833865816	11.300531898961662	11.410853134984025	0.30415335463258786	0.061980830670926516	0.7118210862619808	0.005111821086261981	0.008306709265175719	0.9375	0.7129518549986728	4.5	1.6083499005964215	0.004591989777571885	6.215192254428342e-05	0.002836673443702198	0.8971246006389776	32.125	2.2459125449207096	3.075801749271137	2.041994750656168	0.35527156549520766	0.7023874488403881	0.7481905099265377	0.8343396116327172	0.16869009584664538	0.9063358025501972	1342	621	128
19-49_de_amateur	de	12.835820895522389	1.802325581395349	10.68341200971885	10.514509718847624	0.31511627906976747	0.056976744186046514	0.7127906976744186	0.0034883720930232558	0.010465116279069767	0.9104477611940298	0.7205235485058874	4.940298507462686	1.6610738255033557	0.005251009229418605	5.352133107692308e-05	0.005724508050089445	0.6767441860465117	33.865671641791046	2.138523232262426	3.0590809628008753	2.1637254901960783	0.35232558139534886	0.6374901445466479	0.669871760898209	0.8274199571011798	0.14883720930232558	0.8949353705204597	722	325	67
19-52_de_amateur	de	11.871794871794872	1.712742980561555	9.250367170626351	9.260547255911836	0.30129589632829373	0.056155507559395246	0.6970842332613391	0.0064794816414686825	0.011339092872570195	0.9102564102564102	0.7253361660170096	4.333333333333333	1.6383701188455009	0.004388290451997841	7.136523550624133e-05	0.002107005352615269	1.7057235421166306	28.41025641025641	2.1525047493129335	3.188946304201303	2.1066176470588234	0.32937365010799136	0.6822190530519239	0.7347800088678331	0.8357756045146029	0.18520518358531318	0.9050545464071899	1615	721	156
19-53_de_amateur	de	9.670731707317072	1.8266078184110972	9.735557623104608	10.292264752560513	0.33511979823455235	0.06651954602774275	0.7080706179066835	0.0037831021437578815	0.008511979823455234	0.774390243902439	0.7508206984293719	3.8480243161094223	1.6484304932735425	0.004560486331904161	4.358919659606657e-05	0.0015087371644748693	3.360025220680958	26.033434650455927	2.3352432537818255	3.0020644569331347	2.1201348452344466	0.27049180327868855	0.6803449397982593	0.6291925161631025	0.7106586601935895	0.12421185372005045	0.8772138066903408	2739	1322	329
19-54_de_amateur	de	11.96551724137931	1.8011527377521614	10.330154029613439	9.893646010136143	0.30403458213256485	0.04755043227665706	0.6455331412103746	0.01729106628242075	0.005763688760806916	0.9482758620689655	0.70615087991527	4.810344827586207	1.6622222222222223	0.004560402908371758	6.0257763636363646e-05	0.0048030739673390966	0.5734870317002881	28.93103448275862	2.1175274492028593	3.121517486662715	2.189274447949527	0.42219020172910665	0.672420168067226	0.8805550856211897	0.9797539479228475	0.15273775216138327	0.9178695353458028	596	264	58
19-55_de_amateur	de	13.540816326530612	1.8470233609645819	11.485794026729007	10.620365861310614	0.293896006028636	0.08515448379804069	0.651846269781462	0.0052750565184626974	0.007535795026375283	0.9387755102040817	0.7082792686926421	4.489795918367347	1.805896805896806	0.004431001420290279	5.291063406593407e-05	0.003188220972697235	1.0881688018085909	34.5	2.143298671777778	3.1203894954263793	2.027638190954774	0.33308214016578747	0.6643729641693812	0.6586890208731967	0.8169318596373039	0.16955538809344387	0.8882691434375817	1167	546	98
19-56_de_amateur	de	9.738831615120274	1.7949894142554692	9.389019418111445	11.338427917748886	0.3570924488355681	0.06492589978828511	0.7226534932956952	0.007057163020465773	0.004234297812279464	0.7422680412371134	0.6984578260628039	3.9003436426116838	1.5641272902603665	0.004096555351104446	4.323501315092675e-05	0.0015162207822758283	3.0070571630204657	27.95876288659794	2.309163069439101	2.915097777237945	2.040793517742386	0.3140437544107269	0.7015722120658203	0.7199472602170698	0.7484817589144662	0.15172900494001412	0.8985220707387469	2329	1133	291
19-57_de_amateur	de	12.872340425531915	1.6760330578512397	9.207402848602076	8.805585897661334	0.30578512396694213	0.03471074380165289	0.6462809917355372	0.009917355371900827	0.001652892561983471	0.9361702127659575	0.7196437870803096	4.645833333333333	1.7384615384615385	0.005228916793057851	4.3931158407079646e-05	0.0053475935828877	0.5851239669421487	34.4375	2.2731305200151675	2.948130277442702	2.0014727540500736	0.4132231404958678	0.6528853754940723	0.8846964608290426	0.9814922842015146	0.16033057851239668	0.9256060218204477	524	226	48
19-58_de_amateur	de	11.0	1.8500797448165869	10.530940988835727	11.461249441786283	0.32057416267942584	0.06379585326953748	0.7001594896331739	0.004784688995215311	0.014354066985645933	0.9122807017543859	0.7247996954593086	4.052631578947368	1.797029702970297	0.004290587182137161	5.332985366795367e-05	0.006379585326953748	0.5518341307814992	29.87719298245614	2.3996299058534656	3.0951546993578516	2.1210084033613446	0.430622009569378	0.7062689393939391	0.61046781880579	0.8268270799383675	0.13556618819776714	0.8931074661939491	536	259	57
19-59_de_amateur	de	12.380952380952381	2.0346153846153845	13.247032967032968	12.50990293040293	0.36153846153846153	0.10384615384615385	0.7269230769230769	0.011538461538461539	0.0038461538461538464	1.0	0.787534317416031	4.380952380952381	1.7045454545454546	0.0037915108807692307	2.8689179279279277e-05	0.00995475113122172	0.25	33.95238095238095	2.280780168499467	2.979020979020979	2.217391304347826	0.5923076923076923	0.7343478260869557	-1	-1	0.10384615384615385	0.9408192769649601	214	111	21
19-61_de_amateur	de	15.142857142857142	1.9080188679245282	12.830336927223719	11.16846590296496	0.3231132075471698	0.05660377358490566	0.660377358490566	0.0	0.0023584905660377358	1.0	0.6927923530697898	5.107142857142857	1.6433566433566433	0.004359292288443397	2.815398786127168e-05	0.008254716981132075	0.5047169811320755	38.5	2.201210375711426	2.999073215940686	1.977142857142857	0.39858490566037735	0.580830769230769	-1	-1	0.14858490566037735	0.893636640104953	368	173	28
19-62_de_amateur	de	13.014084507042254	1.853896103896104	11.361466983720508	10.362751466374002	0.3246753246753247	0.04004329004329004	0.6655844155844156	0.004329004329004329	0.005411255411255411	0.9154929577464789	0.7166695078790647	4.845070422535211	1.6342281879194631	0.004491535871428571	3.210307677595629e-05	0.0032647907647907646	1.2932900432900434	32.49295774647887	2.110217934590282	3.0801724137931035	2.0814094775212637	0.41883116883116883	0.6802303030303054	0.8326433144707196	0.8561780496741606	0.16774891774891776	0.9263763869920387	804	366	71
19-63_de_amateur	de	13.664921465968586	1.9295019157088122	12.507441977091734	10.31922697638964	0.2992337164750958	0.05632183908045977	0.6731800766283524	0.007662835249042145	0.0053639846743295016	0.9528795811518325	0.7330799229024534	4.806282722513089	1.725	0.005115314106084291	5.055824755600814e-05	0.0016313457854406131	1.7065134099616859	34.24083769633508	2.1867702264947257	3.131105006105006	2.1634241245136185	0.2877394636015326	0.6690203106332334	0.8121101189098086	0.8881024287815069	0.16360153256704982	0.8844602672811582	2243	982	191
19-65_de_amateur	de	14.0	1.9954407294832828	13.416200607902738	11.957471732522796	0.303951367781155	0.05015197568389058	0.6778115501519757	0.0060790273556231	0.007598784194528876	0.9574468085106383	0.7158375869181498	4.808510638297872	1.679245283018868	0.005119039540121581	4.4123207633587784e-05	0.005664548217739707	0.648936170212766	35.234042553191486	2.06751876505289	3.1931200965600484	2.1883333333333335	0.40425531914893614	0.6684615384615396	0.5666691229990736	0.7176406739693304	0.1762917933130699	0.9033991912667515	572	262	47
19-66_de_amateur	de	13.77124183006536	1.6364499288087329	9.09089347366854	8.251747172667516	0.2895111532985287	0.030849549121974372	0.6644518272425249	0.011865211200759373	0.012814428096820124	0.954248366013072	0.722184380033778	4.915032679738562	1.6303030303030304	0.005071085225631705	6.173392332065907e-05	0.002176130224479698	1.580920740389179	31.37908496732026	1.913139771090309	3.170828131502289	2.0455594002306805	0.2880873279544376	0.6600199203187195	0.6912879451506297	0.8123424023380481	0.19079259610821073	0.8916569256208657	1861	789	153
19-67_de_amateur	de	12.62962962962963	1.9457478005865103	12.295379602476377	11.561248854132726	0.33724340175953077	0.07331378299120235	0.6803519061583577	0.004398826979472141	0.001466275659824047	0.9259259259259259	0.7629282409803251	4.350877192982456	1.6651785714285714	0.00460247398431085	2.9310860409556315e-05	0.004598773660357238	0.9794721407624634	31.07017543859649	2.0818776018517484	3.0324929971988794	2.1168614357262103	0.3914956011730205	0.6495368782161225	0.8387596207413842	0.8668001235304581	0.1495601173020528	0.90102786740884	596	293	57
19-72_de_amateur	de	12.378378378378379	1.9694323144104804	12.476868877611235	11.33256879499587	0.314410480349345	0.06768558951965066	0.6790393013100436	0.013100436681222707	0.002183406113537118	0.9459459459459459	0.7693186579947331	4.513513513513513	1.695364238410596	0.004454921176855895	3.244363542857143e-05	0.006899563318777293	0.4148471615720524	32.351351351351354	2.1886670323976825	3.079800498753117	2.098434004474273	0.4410480349344978	0.6730919220055709	-1	-1	0.1615720524017467	0.9101016749822103	396	175	37
19-74_de_amateur	de	10.073770491803279	1.8291293734743694	9.92249709880084	10.07400489002121	0.354759967453214	0.043124491456468676	0.6737184703010578	0.008136696501220505	0.0032546786004882017	0.7049180327868853	0.7277343014379095	3.5	1.6164383561643836	0.00538647783002441	4.38175e-05	0.0032797145897227264	0.8893409275834011	22.22463768115942	1.8459397359731198	3.0371914075024047	2.007540056550424	0.3531326281529699	0.616867256637167	0.721531465006157	0.8085809566623731	0.14076484947111473	0.9017962422462036	1097	548	138
19-75_de_amateur	de	11.96875	1.6945169712793733	9.073112761096606	9.378472650130549	0.2584856396866841	0.08616187989556136	0.6527415143603134	0.0	0.013054830287206266	0.96875	0.7812073651765097	4.25	1.980952380952381	0.005076741974151436	6.504479647887323e-05	0.009207090834134946	0.3785900783289817	27.0625	1.9732570352370082	3.2877030162412995	2.0926517571884986	0.4046997389033943	0.6248943661971835	-1	-1	0.14882506527415143	0.884217020437127	335	142	32
19-76_de_amateur	de	17.1	1.875243664717349	13.206875243664719	10.206946510721249	0.27680311890838205	0.07797270955165692	0.6920077972709552	0.0	0.023391812865497075	1.0	0.7140367612480665	5.166666666666667	1.8979591836734695	0.005671093434113061	6.594377259615384e-05	0.008417508417508417	0.4249512670565302	41.36666666666667	1.9759542939082229	3.2298387096774195	2.2625570776255706	0.32943469785575047	0.6193719806763294	-1	0.5632362795913024	0.14035087719298245	0.8511966967595369	459	208	30
19-77_de_amateur	de	12.333333333333334	1.8175675675675675	10.6672972972973	9.840545495495494	0.30743243243243246	0.05912162162162162	0.6655405405405406	0.0033783783783783786	0.010135135135135136	0.9791666666666666	0.6983008559577814	4.1020408163265305	1.8282828282828283	0.005011720558445946	2.8482114574898786e-05	0.00644963144963145	0.7719594594594594	29.755102040816325	1.9539275391912845	3.0476839237057223	1.975051975051975	0.3902027027027027	0.6203042596348873	0.5511844833412679	0.6588365878212556	0.14695945945945946	0.9033187421793878	529	247	49
19-78_de_amateur	de	10.945945945945946	1.7580246913580246	9.42361027694361	8.614791791791792	0.30617283950617286	0.03950617283950617	0.6395061728395062	0.0	0.009876543209876543	0.8918918918918919	0.6819205596843626	4.297297297297297	1.7462686567164178	0.004767601951358024	4.8610823076923075e-05	0.00848094471282877	0.38765432098765434	26.756756756756758	2.088016948854545	3.1004016064257027	1.961111111111111	0.43950617283950616	0.6269281045751642	-1	-1	0.16790123456790124	0.9119408908644013	359	156	37
19-79_de_amateur	de	11.944444444444445	1.8077519379844962	10.399806201550387	11.01276227390181	0.3395348837209302	0.06511627906976744	0.6914728682170542	0.0031007751937984496	0.007751937984496124	0.8888888888888888	0.6926463231969257	4.036363636363636	1.731818181818182	0.004206794086821706	3.23738734375e-05	0.006251562890722681	0.5503875968992248	32.21818181818182	2.190791281080146	2.9134078212290504	1.9525745257452574	0.4263565891472868	0.6865567765567767	0.766697897552856	0.8609776531124615	0.13023255813953488	0.9207902767807269	540	256	55
19-8_de_amateur	de	13.271604938271604	1.7897674418604652	10.705181739879418	10.74080769451622	0.33069767441860465	0.07162790697674419	0.7027906976744186	0.002325581395348837	0.0065116279069767444	0.9567901234567902	0.7158307000414295	4.315789473684211	1.6551246537396123	0.004441789882883721	4.7415100451977403e-05	0.0023784355179704017	1.0283720930232558	32.47953216374269	2.2815259732880153	3.098124098124098	1.9934508816120906	0.34	0.674763529985379	0.7422721136340851	0.8467884655784287	0.14465116279069767	0.9009805045153296	1842	885	171
19-80_de_amateur	de	13.151515151515152	1.9389400921658986	12.418583996648515	10.70025821812596	0.3122119815668203	0.07027649769585254	0.6728110599078341	0.0034562211981566822	0.004608294930875576	0.9545454545454546	0.7025334970744991	4.212121212121212	1.8472727272727272	0.004529357124193548	3.806516201550388e-05	0.004182528551392507	0.8444700460829493	33.40909090909091	2.209225669985894	3.122965641952984	1.9816232771822357	0.4066820276497696	0.6764889466840046	0.7315797454742009	0.8193661826138076	0.16013824884792627	0.9104671615347523	775	387	66
19-81_de_amateur	de	13.0	1.9473684210526316	12.458947368421054	11.103984615384618	0.305668016194332	0.08299595141700405	0.6882591093117408	0.004048582995951417	0.004048582995951417	0.9473684210526315	0.7493120473610493	4.368421052631579	1.8375	0.005015640636842105	2.9359323999999998e-05	0.006325910931174089	0.32388663967611336	33.71052631578947	2.26470925980823	3.0822981366459627	2.023529411764706	0.4817813765182186	0.6769367088607579	-1	0.8447224288296454	0.17611336032388664	0.9275826051528688	450	225	38
19-82_de_amateur	de	12.295454545454545	1.6635859519408502	8.835541505629305	9.518646580406655	0.3031423290203327	0.048983364140480594	0.6598890942698706	0.0046210720887245845	0.010166358595194085	0.9318181818181818	0.7057914049071049	4.3977272727272725	1.7988165680473374	0.005257195070332717	4.485966382428941e-05	0.0034374290624898662	1.1201478743068392	32.0	2.1681605546480687	3.014523556500177	2.121676067687349	0.3659889094269871	0.6753916581892196	0.8076496322725314	0.8421889311345957	0.17467652495378927	0.9119393604001836	894	387	88
19-83_de_amateur	de	12.629032258064516	1.879948914431673	11.518719770938905	10.152551205042641	0.3384418901660281	0.04725415070242656	0.6615581098339719	0.002554278416347382	0.001277139208173691	0.9193548387096774	0.6920835708116226	4.258064516129032	1.7591240875912408	0.005266370457215837	3.384100095846646e-05	0.003927805489288899	1.2005108556832695	34.0	2.3805594381123125	3.030747398297067	2.0496644295302016	0.4112388250319285	0.6686695906432767	0.9248329365183231	0.8331308862919989	0.14687100893997446	0.9194251497120063	682	313	62
19-85_de_amateur	de	11.75257731958763	1.936842105263158	11.848241996744441	11.184513383975402	0.3236842105263158	0.06140350877192982	0.7026315789473684	0.002631578947368421	0.0043859649122807015	0.9484536082474226	0.7585385844563346	4.391752577319588	1.5831202046035806	0.0052107080699122805	2.790548326612903e-05	0.003523152142651711	1.2149122807017543	29.185567010309278	2.07354238300838	3.198172874209417	2.126086956521739	0.36403508771929827	0.6682132564841493	0.6898038350984955	0.7978607131976221	0.156140350877193	0.8959338766922611	1021	496	97
19-87_de_amateur	de	12.182795698924732	1.9232127096204765	11.855200296102272	10.940454173428616	0.29302736098852605	0.05736981465136805	0.6946160635481023	0.01147396293027361	0.00529567519858782	0.9247311827956989	0.7205238446770035	4.40625	1.7353760445682451	0.0056726889636586056	5.210469438444925e-05	0.003394663588838346	0.8764342453662842	28.15625	1.968942578590924	3.3103321033210333	2.349007314524556	0.38746690203000883	0.6591392649903324	0.6871148730736952	0.8368442088973397	0.18181818181818182	0.9226478190107511	986	463	96
19-88_de_amateur	de	10.04054054054054	1.8950201884253028	10.687049034229386	10.7646532101415	0.3243606998654105	0.04306864064602961	0.6702557200538358	0.0013458950201884253	0.004037685060565276	0.8108108108108109	0.6934357607819808	3.8513513513513513	1.6822033898305084	0.004421234531763123	3.3342514189189186e-05	0.004694219216754752	1.0013458950201883	25.445945945945947	2.2202843678818374	3.099685204616999	2.173784977908689	0.36877523553162855	0.6590217391304353	0.6536355895519019	0.7688762280369035	0.16689098250336473	0.9076379120476886	648	296	74
19-89_de_amateur	de	12.304932735426009	1.9923469387755102	12.718617644367168	12.09333227522912	0.32543731778425655	0.056669096209912534	0.6926020408163265	0.002551020408163265	0.00619533527696793	0.8654708520179372	0.7250681522251589	4.327394209354121	1.6061269146608315	0.004845782491909621	4.233669964109466e-05	0.0009889612527038466	3.4158163265306123	30.692650334075722	2.1085527373337376	3.237441272135887	2.2876141325922985	0.24471574344023322	0.6853052514381073	0.6160248831216317	0.6773602517627213	0.16198979591836735	0.8825052732869864	4747	2229	449
19-9_de_amateur	de	14.21951219512195	1.7221269296740995	10.276707526251936	10.336241718612728	0.307032590051458	0.07204116638078903	0.6998284734133791	0.00686106346483705	0.005145797598627788	0.975609756097561	0.7006256518875228	4.590909090909091	1.7513513513513514	0.004835892776157804	5.0825227004219406e-05	0.007204116638078902	0.24013722126929674	33.22727272727273	1.855753217436918	3.171917808219178	2.104448742746615	0.4648370497427101	0.6671694214876033	0.9940117552024593	0.8301805972992398	0.14408233276157806	0.9223426565809985	511	237	44
19-92_de_amateur	de	8.854961832061068	1.9206896551724137	10.5275730455383	10.712359963148199	0.328448275862069	0.05862068965517241	0.6956896551724138	0.004310344827586207	0.009482758620689655	0.8473282442748091	0.7090574358603882	3.519083969465649	1.6313131313131313	0.004918365460603448	3.9046751203501095e-05	0.0031478578892371995	1.4336206896551724	23.862595419847327	2.3010771155765055	3.065693430656934	2.210314262691378	0.3775862068965517	0.6938642789820924	0.7607353634427901	0.8730137278722288	0.16637931034482759	0.917071257269761	987	457	131
19-93_de_amateur	de	10.95973154362416	1.9497856705450092	11.691766214444531	11.574074585006391	0.33006736068585424	0.05756276791181874	0.7085119412124924	0.007348438456827924	0.004898958971218616	0.87248322147651	0.7242650214501164	4.114093959731544	1.6544789762340038	0.004943071760502143	4.185226776406036e-05	0.0023243716624195853	1.9020208205756277	28.201342281879196	2.1076280664540623	3.0795454545454546	2.054034582132565	0.3508879363135334	0.684791395045635	0.703242736082318	0.8041215089714687	0.16595223515003063	0.9043234817095228	1437	729	149
19-95_de_amateur	de	12.012195121951219	2.1390862944162436	14.335974371672652	13.042281663984152	0.3350253807106599	0.07309644670050762	0.7157360406091371	0.0020304568527918783	0.006091370558375634	0.9390243902439024	0.7008880952167316	4.524390243902439	1.6198830409356726	0.005149332198781726	4.6322015296803654e-05	0.004142131979695432	0.9583756345177665	30.463414634146343	2.035496535811406	3.2948412698412697	2.3405797101449277	0.38274111675126904	0.6748984198645593	0.681396422319041	0.8638011854384288	0.150253807106599	0.9058188167526817	872	438	82
19-98_de_amateur	de	11.32986111111111	1.9408519767085504	11.730699158494229	11.689496817005482	0.33251608948820105	0.08213300643579528	0.7149862090101133	0.006129328838492185	0.008887526815813668	0.8298611111111112	0.7210063456283397	4.090277777777778	1.6940850277264325	0.0046927882807950355	4.421828960055096e-05	0.001343155393620201	2.5681887833282255	28.913194444444443	2.1532064755327833	3.170944252118897	2.1091954022988504	0.31535396874042293	0.6891750948167019	0.7827335502037558	0.8512681901073074	0.14771682500766167	0.8962094539489571	2842	1452	288
19-99_de_amateur	de	11.095890410958905	2.276543209876543	15.600607136817182	11.968640284119736	0.3530864197530864	0.05555555555555555	0.6641975308641975	0.006172839506172839	0.006172839506172839	0.9178082191780822	0.685657040411924	3.9473684210526314	1.6807017543859648	0.0056153094071604934	3.155363392330383e-05	0.003909465020576131	1.0333333333333334	31.44736842105263	2.523972175470694	3.011681268251982	2.232673267326733	0.4012345679012346	0.6373558368495087	0.7697400655072807	0.9033737109042342	0.16296296296296298	0.9161582528877158	696	339	76
2-10_de_amateur	de	15.48	2.0852713178294575	15.053401550387601	13.682506645994833	0.35400516795865633	0.07235142118863049	0.6718346253229974	0.0	0.00516795865633075	1.0	0.6267371798267221	5.32	1.7716535433070866	0.004993370015395349	3.1812060000000004e-05	0.009043927648578812	0.35142118863049093	43.56	2.3837914770651345	3.0661157024793386	2.0707964601769913	0.4780361757105943	0.6511458333333323	-1	-1	0.13695090439276486	0.9120427117707681	335	180	25
2-12_de_amateur	de	12.461538461538462	1.8950617283950617	11.631728395061728	10.931779107312442	0.29012345679012347	0.04938271604938271	0.6975308641975309	0.012345679012345678	0.0	1.0	0.6782935572727594	4.384615384615385	1.6603773584905661	0.0057828050839506175	3.8714546478873244e-05	0.019547325102880656	0.05555555555555555	28.692307692307693	1.854372224716354	3.229551451187335	2.0	0.6234567901234568	0.646190476190476	-1	-1	0.19753086419753085	0.9565666579531885	149	71	13
2-15_de_amateur	de	9.02112676056338	2.111631537861046	12.845491583380063	12.25370710162615	0.3918813427010148	0.05776736924277908	0.7142857142857143	0.00546448087431694	0.0039032006245121	0.6830985915492958	0.7177073506562018	3.7746478873239435	1.490234375	0.004688189234426229	2.205177552e-05	0.0031125522928801617	1.2263856362217018	23.37323943661972	2.09186308329398	3.0986123413049897	2.092479674796748	0.3770491803278688	0.6665989847715772	0.8380853042599586	0.847364922655568	0.11787665886026542	0.9058880793455752	1166	625	142
2-16_de_amateur	de	18.08108108108108	1.8624813153961135	13.438901143295762	12.320040164828505	0.3034379671150972	0.04633781763826607	0.6875934230194319	0.0029895366218236174	0.01195814648729447	1.0	0.7341786640320929	6.0	1.6995073891625616	0.004625255152914799	3.1294918250950567e-05	0.005124919923126201	0.375186846038864	45.567567567567565	2.2696286883504304	3.095971563981043	1.9767054908485857	0.44245142002989535	0.655438596491227	0.7611857433955826	0.7742446741829648	0.14798206278026907	0.9237889776714693	577	263	37
2-18_de_amateur	de	13.87603305785124	2.1024419297200714	14.63046766325883	12.945090595051168	0.35556879094699223	0.0631328171530673	0.7010125074449077	0.006551518761167362	0.004764740917212627	0.9090909090909091	0.7177128825155704	4.851239669421488	1.5809523809523809	0.004122596561226921	3.4782555177111714e-05	0.0029025716030488314	1.128648004764741	36.239669421487605	2.251753355057992	3.192579103118598	2.074829931972789	0.33174508636092914	0.6688291139240531	0.8225461790550826	0.9301949673974659	0.13341274568195355	0.8957776095187996	1499	734	121
2-20_de_amateur	de	19.84	1.965725806451613	15.343164516129036	12.245413322580644	0.28024193548387094	0.05846774193548387	0.6653225806451613	0.004032258064516129	0.010080645161290322	0.96	0.7355680115025974	5.64	1.8389261744966443	0.004855158558870968	3.306577611940299e-05	0.008832565284178188	0.2600806451612903	45.56	2.0060018515333407	3.334503950834065	1.964071856287425	0.3971774193548387	0.6321662468513846	-1	0.9261632038595362	0.13911290322580644	0.8947122993348348	445	201	25
2-3_de_amateur	de	15.542168674698795	1.8844961240310079	12.708500046698425	11.581999439618942	0.2775193798449612	0.07209302325581396	0.6891472868217055	0.002325581395348837	0.012403100775193798	1.0	0.7349358594750526	4.867469879518072	1.753280839895013	0.004682440393488372	5.6374680333951765e-05	0.003087175302597579	0.7844961240310078	37.2289156626506	2.089106724294081	3.267163212435233	2.0297324083250743	0.3689922480620155	0.6922418136020145	0.5878987646819285	0.7437597351357483	0.1697674418604651	0.9052447721383742	1146	539	83
2-8_de_amateur	de	16.428571428571427	1.7695652173913043	11.698012422360247	10.445335403726707	0.3065217391304348	0.06086956521739131	0.6847826086956522	0.002173913043478261	0.006521739130434782	1.0	0.6879999532631111	4.857142857142857	1.7379310344827585	0.004934041098260869	5.047878494623656e-05	0.008281573498964802	0.3565217391304348	40.785714285714285	2.3643208327284695	2.9947322212467076	1.9444444444444444	0.4543478260869565	0.678144044321328	-1	-1	0.11956521739130435	0.9096480346087381	410	186	28
2-9_de_amateur	de	13.525	1.9574861367837337	12.78308641404806	11.431130462107209	0.31608133086876156	0.06099815157116451	0.6414048059149723	0.0036968576709796672	0.0036968576709796672	0.925	0.685465097340078	4.7	1.7401129943502824	0.005832551092236599	2.870212114537445e-05	0.007701786814540974	0.39371534195933455	35.05	2.284288005112933	3.116642958748222	2.069351230425056	0.43622920517560076	0.638868778280543	-1	0.7963646182167794	0.14602587800369685	0.9109102216030222	474	227	40
20-10_de_amateur	de	11.98	1.66110183639399	8.683201669449083	9.846920774624374	0.35225375626043404	0.07011686143572621	0.6944908180300501	0.00333889816360601	0.008347245409015025	0.96	0.7191414474603904	4.62	1.625	0.004831561148414023	6.47669193277311e-05	0.004827866263592474	0.7061769616026711	32.24	2.296155906289731	2.9839901477832513	2.068238213399504	0.4991652754590985	0.7227400000000003	-1	0.8130281727970974	0.12353923205342238	0.948958332027486	486	238	50
20-11_de_amateur	de	11.259842519685039	1.7083916083916084	8.960359561698144	9.109316997962669	0.3076923076923077	0.06433566433566433	0.6531468531468532	0.005594405594405594	0.0048951048951048955	0.8346456692913385	0.7251055951232945	4.078740157480315	1.8173719376391981	0.004861056925454545	4.888253745454546e-05	0.0026973026973026973	1.1349650349650349	28.330708661417322	2.3426609300430816	3.0297274979355904	2.002002670226969	0.35454545454545455	0.6457625845229148	0.7775929685354928	0.8352668310591965	0.16013986013986015	0.9081099834123513	1213	550	127
20-12_de_amateur	de	14.271844660194175	1.7816326530612245	10.99928472359818	10.739402087048411	0.3149659863945578	0.058503401360544216	0.6591836734693878	0.0006802721088435374	0.004081632653061225	0.970873786407767	0.6729414688199323	5.058252427184466	1.7721518987341771	0.0052785099593197285	4.436003345323741e-05	0.002543626146110618	0.9952380952380953	37.10679611650485	2.2355342659026722	3.041024301019075	1.9901780233271946	0.36802721088435375	0.6534281546316532	0.8342339533038774	0.9450083699905624	0.16326530612244897	0.9254135743699778	1238	556	103
20-13_de_amateur	de	15.266666666666667	1.74235807860262	10.923825327510919	9.412040815138282	0.26200873362445415	0.05021834061135371	0.7554585152838428	0.004366812227074236	0.021834061135371178	0.9666666666666667	0.7587611047363371	4.78125	1.5106382978723405	0.0048205057069869	9.964812554347826e-05	0.008442503639010189	0.2096069868995633	35.5625	1.9137529336007424	3.2096916299559473	2.090909090909091	0.46943231441048033	0.6785793871866297	-1	-1	0.2052401746724891	0.924322329104799	403	184	32
20-14_de_amateur	de	15.4375	1.9878542510121457	13.88730516194332	11.473396963562752	0.3724696356275304	0.10526315789473684	0.7125506072874493	0.004048582995951417	0.008097165991902834	0.9375	0.6917604032554122	5.125	1.6923076923076923	0.004497985586639676	2.8384849572649574e-05	0.010900031142946123	0.17813765182186234	40.9375	2.246319202391142	2.9969558599695585	2.0046511627906978	0.582995951417004	0.7116216216216211	-1	-1	0.14979757085020243	0.949521928211779	219	117	16
20-15_de_amateur	de	13.228070175438596	1.7374005305039788	10.070273628368003	9.961640495137047	0.3448275862068966	0.07029177718832891	0.7055702917771883	0.001326259946949602	0.009283819628647215	0.9649122807017544	0.7604575109945924	4.5	1.640316205533597	0.004443033123713528	4.235814142394822e-05	0.00561710095178655	0.603448275862069	31.913793103448278	2.169653838044133	3.0518358531317493	2.0546762589928056	0.4270557029177719	0.7021221374045797	0.5545581555504707	0.7415346949725087	0.13395225464190982	0.9232495623544403	648	309	58
20-17_de_amateur	de	11.818181818181818	1.7038461538461538	9.124475524475525	9.946076923076923	0.40384615384615385	0.07307692307692308	0.7115384615384616	0.0038461538461538464	0.007692307692307693	1.0	0.7516645120653542	4.7727272727272725	1.6701030927835052	0.004252089728153847	5.1829060683760684e-05	0.012087912087912088	0.23461538461538461	30.454545454545453	2.240774935821299	3.001494768310912	2.006993006993007	0.6	0.6996894409937887	-1	-1	0.11923076923076924	0.9304189346102674	218	117	22
20-19_de_amateur	de	12.923076923076923	1.7351190476190477	9.924404761904764	10.675530128205127	0.3541666666666667	0.050595238095238096	0.7351190476190477	0.011904761904761904	0.008928571428571428	0.9230769230769231	0.7427466013114694	4.923076923076923	1.61864406779661	0.004531252511904762	5.4162978030303033e-05	0.00982142857142857	0.5	33.19230769230769	2.276393360386573	3.023094688221709	2.2416452442159382	0.5089285714285714	0.7085232067510551	-1	-1	0.12202380952380952	0.9192747199039675	277	132	26
20-2_de_amateur	de	17.36842105263158	1.8212121212121213	12.673987240829348	12.610333333333333	0.3939393939393939	0.10303030303030303	0.7424242424242424	0.006060606060606061	0.006060606060606061	1.0	0.8118814411358272	4.842105263157895	2.04	0.004779411743636363	6.608681172413794e-05	0.007773386034255599	0.5666666666666667	45.73684210526316	2.2059544154852433	3.1404109589041096	2.0497630331753554	0.5787878787878787	0.6940259740259742	-1	-1	0.1	0.944491027463769	266	145	19
20-20_de_amateur	de	9.307692307692308	1.5537190082644627	6.373884297520661	8.072155244755246	0.34710743801652894	0.049586776859504134	0.6611570247933884	0.008264462809917356	0.008264462809917356	1.0	0.7125461344211345	4.0	1.5121951219512195	0.004148161325619835	4.4359844444444444e-05	0.02203856749311295	0.11570247933884298	24.153846153846153	2.2082393724927663	2.964968152866242	2.104895104895105	0.6859504132231405	0.700909090909091	-1	-1	0.17355371900826447	0.9413807890996732	103	45	13
20-22_de_amateur	de	7.1646090534979425	1.7484204480183803	7.835558817481083	10.579183403417458	0.4417001723147616	0.06835152211372775	0.7679494543365881	0.053417576105686385	0.0080413555427915	0.5185185185185185	0.650554251256733	2.549407114624506	1.654970760233918	0.0038962442229408386	5.305542262051916e-05	0.0029288334859845487	2.315336013785181	19.027667984189723	1.91695055634512	2.8661755678330265	1.931858407079646	0.3429063756461804	0.6525030450669904	0.7074061343836813	0.7788824498521016	0.08156232050545663	0.8735813085791571	1354	809	253
20-24_de_amateur	de	10.338235294117647	1.7809388335704126	9.45699000083675	10.031845971048448	0.3755334281650071	0.05263157894736842	0.7041251778093883	0.002844950213371266	0.008534850640113799	0.8382352941176471	0.682961864490373	4.014705882352941	1.5525291828793775	0.005058951780085349	3.27228690851735e-05	0.005283478967689495	0.7453769559032717	26.220588235294116	2.2030781877014993	3.040782122905028	2.06482982171799	0.4665718349928876	0.6815728476821171	0.9145217018030987	0.9423868078782361	0.14366998577524892	0.9301402394063752	620	317	68
20-25_de_amateur	de	10.023809523809524	1.9429928741092637	11.246601628775029	10.941384752856012	0.3752969121140142	0.07600950118764846	0.684085510688836	0.0	0.0023752969121140144	0.8571428571428571	0.7150809013967893	4.476190476190476	1.5515151515151515	0.0045851985857482186	3.1441665463917525e-05	0.008551068883610452	0.6033254156769596	25.476190476190474	2.230563928300958	3.0888066604995377	2.1637426900584797	0.4584323040380047	0.6724844720496886	-1	-1	0.10688836104513064	0.9056213133335266	374	194	42
20-26_de_amateur	de	12.0125	1.8439125910509886	10.853043574401664	10.413000926118627	0.3413111342351717	0.047866805411030174	0.6971904266389178	0.005202913631633715	0.008324661810613945	0.9625	0.7600066288508774	4.5625	1.5555555555555556	0.004758601002809574	4.9931911004784685e-05	0.004227367325702394	0.6982310093652445	30.925	2.162055909612313	3.0617433414043584	2.039344262295082	0.4099895941727367	0.6783758700696086	0.7805060464834349	0.9452774618547296	0.15088449531737774	0.909444886463773	842	418	80
20-27_de_amateur	de	11.961538461538462	1.8092175777063237	10.42376741693462	10.785612317585953	0.35262593783494106	0.09431939978563773	0.7159699892818864	0.0010718113612004287	0.00857449088960343	0.8717948717948718	0.7411168958393375	4.435897435897436	1.7058823529411764	0.0048629287467309755	4.0445440220385674e-05	0.003960252148164296	1.637727759914255	29.025641025641026	2.1478623563345636	3.1016278046634405	2.2288770053475937	0.3837084673097535	0.670107913669066	0.7427345603272258	0.7967177850040781	0.13719185423365488	0.9127128743672709	765	363	78
20-3_de_amateur	de	11.576	1.7337019120018429	9.382322561621748	10.21571107007602	0.32964754664823775	0.05874222529371113	0.7092835752130845	0.009214466712739	0.009214466712739	0.8373333333333334	0.701928536618799	4.232	1.6666666666666667	0.004630528078578669	6.68843687463557e-05	0.0009904579726034853	4.421101128772173	29.792	2.1888349607025432	3.074551270659321	2.0785460622519323	0.29048606311909697	0.7042338519566208	0.6971604922131862	0.7620062329379644	0.14466712739000231	0.9022238829506082	3628	1715	375
20-30_de_amateur	de	8.218390804597702	1.6797202797202797	7.435871714492407	9.480359697773492	0.3622377622377622	0.07272727272727272	0.7146853146853147	0.005594405594405594	0.004195804195804196	0.7931034482758621	0.7144886287244805	3.413793103448276	1.6529850746268657	0.004754152523776224	4.342153964912281e-05	0.004530252356339313	1.1916083916083917	21.54022988505747	2.2179824239176025	2.980392156862745	2.211670480549199	0.4461538461538462	0.6909415584415597	0.7018222788900866	0.8313195851344155	0.1258741258741259	0.9245036137273656	577	285	87
20-32_de_amateur	de	12.884615384615385	1.7641791044776118	10.252313432835823	11.51847187141217	0.3611940298507463	0.07313432835820896	0.7044776119402985	0.0029850746268656717	0.008955223880597015	0.9615384615384616	0.741915444162828	4.576923076923077	1.708695652173913	0.004623202658208955	6.0217675308641977e-05	0.0057405281285878304	0.9044776119402985	33.09615384615385	2.239775944632803	3.053240740740741	2.2964285714285713	0.4223880597014925	0.7062872154115596	0.6623366397202756	0.6645202777924284	0.1328358208955224	0.9121753590014623	528	243	52
20-33_de_amateur	de	11.920634920634921	1.8761651131824235	11.197795954600217	9.741325897744806	0.35685752330226367	0.03994673768308921	0.6631158455392809	0.0013315579227696406	0.006657789613848202	0.9523809523809523	0.7170821035886991	4.222222222222222	1.6538461538461537	0.0048614434113182425	4.285474214046823e-05	0.00526570633095267	1.0505992010652463	28.73015873015873	2.06929720122344	3.164285714285714	2.3125	0.3794940079893475	0.6709662576687109	0.6519515000891103	0.7478418939355602	0.15712383488681758	0.8946437873063169	652	299	63
20-38_de_amateur	de	11.612903225806452	1.5777777777777777	7.556810035842293	8.71570519713262	0.3055555555555556	0.05277777777777778	0.6805555555555556	0.0	0.008333333333333333	0.967741935483871	0.7282742202540431	4.387096774193548	1.6942148760330578	0.004652554805277778	5.198145e-05	0.007916666666666667	0.38333333333333336	31.387096774193548	2.423690503864712	2.9162410623084782	2.058165548098434	0.5027777777777778	0.6939463601532568	-1	-1	0.1638888888888889	0.9291001093360886	306	136	31
20-4_de_amateur	de	13.87603305785124	2.1024419297200714	14.63046766325883	12.945090595051168	0.35556879094699223	0.0631328171530673	0.7010125074449077	0.006551518761167362	0.004764740917212627	0.9090909090909091	0.7177128825155704	4.851239669421488	1.5809523809523809	0.004122596561226921	3.4782555177111714e-05	0.0029025716030488314	1.128648004764741	36.239669421487605	2.251753355057992	3.192579103118598	2.074829931972789	0.33174508636092914	0.6688291139240531	0.8225461790550826	0.9301949673974659	0.13341274568195355	0.8957776095187996	1499	734	121
20-42_de_amateur	de	10.928571428571429	1.6601307189542485	8.261685340802988	8.75735518207283	0.3464052287581699	0.0392156862745098	0.6339869281045751	0.006535947712418301	0.0	1.0	0.6556447825678595	4.714285714285714	1.6415094339622642	0.004863978484313726	3.554589491525424e-05	0.020915032679738564	0.0457516339869281	26.642857142857142	2.127232687946974	3.0802139037433154	2.1052631578947367	0.6339869281045751	0.7299999999999996	-1	-1	0.1503267973856209	0.9335689842553747	132	59	14
20-54_de_amateur	de	12.962593516209477	1.8416698730280878	11.197115973053133	11.175002426983717	0.3303193535975375	0.06810311658330127	0.7058484032320124	0.013466717968449404	0.008080030781069641	0.9226932668329177	0.7110003998597656	4.71571072319202	1.6579097658480868	0.004500812687148904	5.19984678224688e-05	0.0008780126537968623	4.734705656021546	32.82044887780549	2.223966903933291	3.1092979127134726	1.9929166666666667	0.27933820700269335	0.7073288880172475	0.6755672707980387	0.7569779543811643	0.14524817237399	0.8962380692130653	4467	2163	401
20-56_de_amateur	de	10.528571428571428	1.9810040705563094	11.891990889707309	12.069135623182788	0.35549525101763907	0.09362279511533243	0.7245590230664858	0.014925373134328358	0.005427408412483039	0.8285714285714286	0.6726837594029531	3.9	1.6640625	0.0037730198567164177	4.285719554896142e-05	0.004764759710958947	0.8968792401628223	28.042857142857144	2.28173801703767	3.0959111559818275	2.0951760104302477	0.42740841248303935	0.7039968652037603	0.7802154488856768	0.8269386768745678	0.13297150610583447	0.9024396200018828	628	337	70
20-6_de_amateur	de	11.576	1.7337019120018429	9.382322561621748	10.21571107007602	0.32964754664823775	0.05874222529371113	0.7092835752130845	0.009214466712739	0.009214466712739	0.8373333333333334	0.701928536618799	4.232	1.6666666666666667	0.004630528078578669	6.68843687463557e-05	0.0009904579726034853	4.421101128772173	29.792	2.1888349607025432	3.074551270659321	2.0785460622519323	0.29048606311909697	0.7042338519566208	0.6971604922131862	0.7620062329379644	0.14466712739000231	0.9022238829506082	3628	1715	375
20-7_de_amateur	de	11.576	1.7337019120018429	9.382322561621748	10.21571107007602	0.32964754664823775	0.05874222529371113	0.7092835752130845	0.009214466712739	0.009214466712739	0.8373333333333334	0.701928536618799	4.232	1.6666666666666667	0.004630528078578669	6.68843687463557e-05	0.0009904579726034853	4.421101128772173	29.792	2.1888349607025432	3.074551270659321	2.0785460622519323	0.29048606311909697	0.7042338519566208	0.6971604922131862	0.7620062329379644	0.14466712739000231	0.9022238829506082	3628	1715	375
20-9_de_amateur	de	9.7	1.8105670103092784	9.557690721649486	10.694022130584193	0.3384879725085911	0.08719931271477663	0.7375429553264605	0.013745704467353952	0.005584192439862543	0.725	0.6818185473257284	3.7107438016528924	1.6157697121401753	0.004306738311855671	4.742764911591355e-05	0.001911147999301066	1.8698453608247423	24.929752066115704	2.196909222825007	3.05450664915449	1.9846345514950166	0.3281786941580756	0.6945177209511051	0.7185818053367602	0.8743906713170101	0.13101374570446736	0.8871707715012211	1980	1018	242
21-100_de_amateur	de	10.65079365079365	2.0327868852459017	12.550694769711164	10.765678570245784	0.3174366616989568	0.09239940387481371	0.6825633383010432	0.0029806259314456036	0.005961251862891207	0.873015873015873	0.7100275753950562	4.111111111111111	1.8026905829596414	0.004698389010730253	4.8898769444444444e-05	0.005109644453906749	0.6289120715350224	26.952380952380953	2.307001179144186	3.2272460364063416	2.1421875	0.4366616989567809	0.6930419580419619	0.8002507929216803	0.8988581319578551	0.14903129657228018	0.9246827664077646	593	288	63
21-101_de_amateur	de	11.652631578947368	1.9078590785907859	11.46726344316075	10.082904462511292	0.3333333333333333	0.056910569105691054	0.6838301716350497	0.005420054200542005	0.005420054200542005	0.8947368421052632	0.6959930012427702	4.294736842105263	1.772117962466488	0.0051047201175248415	5.200148736616702e-05	0.002748196496049467	1.0587172538392051	28.757894736842104	2.06915402331305	3.140036563071298	2.0701570680628274	0.4083107497741644	0.6871726190476207	0.781304225680204	0.8921897751496228	0.15808491418247517	0.929617104124422	974	467	95
21-103_de_amateur	de	10.950617283950617	1.8072153325817362	10.00588166520523	9.571084134341032	0.3100338218714769	0.06313416009019165	0.6719278466741826	0.012401352874859075	0.007891770011273957	0.9506172839506173	0.7220073249334085	4.283950617283951	1.6816608996539792	0.005342455066403607	5.2088090909090904e-05	0.004565952649379932	0.5851183765501691	25.790123456790123	1.9940461589535268	3.2258373205741626	2.07103825136612	0.38444193912063135	0.6542385786802014	0.8280541870762543	0.8927794325060384	0.17587373167981962	0.8951849969701761	783	374	81
21-105_de_amateur	de	12.342857142857143	1.9861111111111112	12.6598253968254	11.812846084656085	0.33796296296296297	0.08564814814814815	0.6828703703703703	0.0023148148148148147	0.006944444444444444	0.9142857142857143	0.7079562489128935	4.314285714285714	1.7132867132867133	0.0048191741671296294	5.199279047619047e-05	0.005965099715099715	0.3680555555555556	32.94285714285714	2.3021243737574046	3.1025862068965515	2.070217917675545	0.5300925925925926	0.7098498498498494	-1	-1	0.1412037037037037	0.9358091423232519	371	189	35
21-106_de_amateur	de	10.476190476190476	1.8409090909090908	10.218441558441558	10.990573593073595	0.36363636363636365	0.05	0.6409090909090909	0.004545454545454545	0.004545454545454545	1.0	0.7525909387596694	3.8636363636363638	1.736842105263158	0.005879865686818181	1.7773419387755102e-05	0.014049586776859503	0.17727272727272728	25.772727272727273	2.0841837755975456	3.073555166374781	2.0526315789473686	0.5681818181818182	0.6854545454545458	-1	-1	0.1409090909090909	0.9357666027311551	199	98	22
21-108_de_amateur	de	14.852941176470589	1.798019801980198	11.419280722189868	9.996391962725685	0.3287128712871287	0.05841584158415842	0.6772277227722773	0.02277227722772277	0.0039603960396039604	0.9411764705882353	0.7314933412376068	5.014705882352941	1.6203966005665722	0.005367522667144109	6.402944438902743e-05	0.004263487573247121	0.6168316831683168	34.029411764705884	2.080899015387853	3.2837548221174453	2.0304955527318933	0.3891089108910891	0.6453677277716829	0.8382226973972181	1.0317403891583479	0.1306930693069307	0.9058025639304385	892	401	68
21-109_de_amateur	de	12.48	1.8440170940170941	11.036601709401712	10.619604717948718	0.3408119658119658	0.0641025641025641	0.6805555555555556	0.002136752136752137	0.00641025641025641	0.8533333333333334	0.6918238630065187	4.6	1.7412140575079873	0.004476449914636752	3.965617232375979e-05	0.0045462811420258235	0.7072649572649573	31.973333333333333	2.1395762892677865	3.118230673832162	2.086261980830671	0.3974358974358974	0.6795221027479108	0.7675440024056601	0.8613857322898506	0.14316239316239315	0.9075539588009991	808	383	75
21-11_de_amateur	de	13.026315789473685	2.018181818181818	13.304808612440194	13.165646464646466	0.3292929292929293	0.10505050505050505	0.7151515151515152	0.00202020202020202	0.00202020202020202	0.9210526315789473	0.6347215635685313	4.7631578947368425	1.6666666666666667	0.00506019763979798	5.9217714611872144e-05	0.00784313725490196	0.23232323232323232	33.18421052631579	2.197395631769104	3.341194968553459	2.1812080536912752	0.501010101010101	0.6963131313131317	-1	0.8508117553677155	0.12525252525252525	0.9346605231742089	433	219	38
21-112_de_amateur	de	10.267605633802816	1.831275720164609	10.023419695125487	8.832923360188566	0.33607681755829905	0.038408779149519894	0.6762688614540466	0.023319615912208505	0.00411522633744856	0.9295774647887324	0.7170552192915804	4.112676056338028	1.67578125	0.004727598839506173	5.134460159235669e-05	0.004846822130772747	0.8600823045267489	24.014084507042252	1.9318562006151934	3.1326767091541137	2.071017274472169	0.3991769547325103	0.6404920634920639	0.8553564192180306	0.8503765285967827	0.13991769547325103	0.9041818925941101	651	314	71
21-115_de_amateur	de	12.758064516129032	1.8533501896333755	11.255177398964157	9.87701058684393	0.3008849557522124	0.05941845764854614	0.6788874841972187	0.020227560050568902	0.0050568900126422255	0.9032258064516129	0.7288045424612816	4.887096774193548	1.8024193548387097	0.00481566672528445	4.577506803797468e-05	0.005117091084221299	0.7231352718078382	29.887096774193548	1.944392185048747	3.247178936055884	2.0330578512396693	0.3527180783817952	0.6285260115606953	0.8300386097750163	0.7645936506847887	0.15423514538558786	0.8891978866487977	705	316	62
21-117_de_amateur	de	12.068965517241379	1.8666666666666667	11.143563218390806	10.658902463054188	0.3419047619047619	0.08	0.6742857142857143	0.005714285714285714	0.013333333333333334	0.9080459770114943	0.7306576863105539	4.471264367816092	1.726027397260274	0.004343421513333333	4.0696823423423425e-05	0.004295051353874884	0.9066666666666666	30.2183908045977	2.026434088450603	3.1476713366149185	2.0757261410788383	0.3923809523809524	0.680126182965301	0.8972765786900513	1.01569578014784	0.13333333333333333	0.9109447832773578	913	444	87
21-118_de_amateur	de	12.018018018018019	1.7788605697151425	10.087581749665713	9.202336150843498	0.3448275862068966	0.07646176911544228	0.7143928035982009	0.010494752623688156	0.013493253373313344	0.8738738738738738	0.7520244925452175	4.45945945945946	1.6599552572706935	0.003909818947976012	5.3731949348534204e-05	0.002940088397359762	1.04047976011994	28.37837837837838	1.9381929553345405	3.1792125984251967	2.095950704225352	0.36281859070464767	0.6847935222672042	0.8035519405057798	0.8750655185725533	0.13193403298350825	0.9046958066144013	1167	614	111
21-12_de_amateur	de	18.71875	1.8313856427378965	13.320663084307181	12.5957933639399	0.3055091819699499	0.07345575959933222	0.6978297161936561	0.001669449081803005	0.00333889816360601	0.96875	0.738293661166517	6.09375	1.7142857142857142	0.004562117061936561	4.7502887966804985e-05	0.00541131771343043	0.39398998330550916	46.71875	2.213575851032226	3.2251169004676017	1.9616026711185308	0.49248747913188645	0.7269800000000007	0.7172298688447901	0.8480920110468447	0.13689482470784642	0.9352941917684242	507	241	32
21-121_de_amateur	de	16.01219512195122	1.9017517136329019	13.095426318429219	10.595102695372727	0.3038842345773039	0.05712109672505712	0.6694592536176694	0.00913937547600914	0.011424219345011425	0.9634146341463414	0.7071881594526152	5.095238095238095	1.7156398104265402	0.004920598555902513	4.216259334600761e-05	0.002850908791502851	1.2856054836252857	38.107142857142854	2.0202672982527323	3.199437324163801	1.971258671952428	0.33206397562833206	0.6677018121911054	0.668467408277833	0.7723027680973787	0.14623000761614624	0.8941499587426504	1158	526	84
21-124_de_amateur	de	13.666666666666666	1.944390243902439	12.683804878048779	10.146954471544717	0.31609756097560976	0.08	0.6448780487804878	0.002926829268292683	0.005853658536585366	0.9333333333333333	0.7019166670522816	4.826666666666667	1.98159509202454	0.0052850288470243905	3.850337362637362e-05	0.0038314855875831487	0.9346341463414635	33.906666666666666	2.2137710112612794	3.134743439091265	1.942577030812325	0.36	0.6620194384449245	0.7101606208780785	0.8240410279139956	0.11707317073170732	0.8981864522256248	927	455	75
21-125_de_amateur	de	14.971014492753623	1.8325266214908036	11.872509785765399	10.156701541871852	0.31364956437560504	0.0696999031945789	0.6418199419167473	0.008712487899322363	0.003872216844143272	0.927536231884058	0.7024508358357096	4.771428571428571	1.8425925925925926	0.005084030839980639	3.524292819905213e-05	0.003475473315030232	1.0890609874152952	35.98571428571429	2.0127862925286846	3.1571879936808847	2.095720720720721	0.36689254598257504	0.6471627408993591	0.7354471327133617	0.8740247611905034	0.1510164569215876	0.9113951188488825	906	422	70
21-128_de_amateur	de	15.202898550724637	1.9342230695900857	13.162962655945623	10.391042845498129	0.3069590085795996	0.08007626310772165	0.6510962821734986	0.016205910390848427	0.00667302192564347	0.927536231884058	0.7343528870835564	4.72463768115942	1.9906832298136645	0.0048422860042898	4.628114842342342e-05	0.0034556720686367967	0.8951382268827455	37.14492753623188	2.1169479521478385	3.188936501753019	1.9824355971896956	0.3822688274547188	0.6705473684210563	0.7952041653397536	0.8662041774112239	0.1325071496663489	0.9096681486953826	923	444	69
21-13_de_amateur	de	14.31958762886598	1.9208063354931606	12.660153934077027	11.500732531747978	0.3362131029517639	0.07775377969762419	0.6940244780417567	0.020518358531317494	0.005039596832253419	0.9020618556701031	0.7189270211481017	4.887755102040816	1.6893203883495145	0.004334660853599712	5.265114079058032e-05	0.0017004609780471294	1.9870410367170626	34.015306122448976	2.0649134056041483	3.2797129615787113	2.0628318584070797	0.32973362131029516	0.6975326614408379	0.762247309415533	0.8537713753001277	0.13678905687544995	0.9036455739451894	2438	1189	196
21-131_de_amateur	de	16.01219512195122	1.9017517136329019	13.095426318429219	10.595102695372727	0.3038842345773039	0.05712109672505712	0.6694592536176694	0.00913937547600914	0.011424219345011425	0.9634146341463414	0.7071881594526152	5.095238095238095	1.7156398104265402	0.004920598555902513	4.216259334600761e-05	0.002850908791502851	1.2856054836252857	38.107142857142854	2.0202672982527323	3.199437324163801	1.971258671952428	0.33206397562833206	0.6677018121911054	0.668467408277833	0.7723027680973787	0.14623000761614624	0.8941499587426504	1158	526	84
21-133_de_amateur	de	13.407407407407407	2.0386740331491713	13.69524248004911	11.46649752404338	0.30939226519337015	0.06353591160220995	0.638121546961326	0.008287292817679558	0.011049723756906077	0.9629629629629629	0.7435681713411016	4.481481481481482	1.8558558558558558	0.004452520133701657	3.464726387096774e-05	0.007761115495922125	0.2513812154696133	33.81481481481482	2.136426720576811	3.1686746987951806	1.915129151291513	0.4861878453038674	0.6622813688212926	-1	-1	0.14917127071823205	0.9283633876940118	321	155	27
21-14_de_amateur	de	15.608	1.8882624295233215	12.778616668375196	11.148870823987698	0.29574577139928243	0.07483341875961046	0.7006663249615582	0.0005125576627370579	0.008200922603792926	0.92	0.6979061508768948	4.96	1.7447833065810594	0.004923408476114813	7.132760385093168e-05	0.0022415855117033996	0.9477191184008201	35.448	1.9868390481108484	3.427862939585212	2.0589868147120054	0.37365453613531524	0.7079211663067025	0.8001746549687894	0.8828294162865986	0.15017939518195797	0.9236530166777334	1744	805	125
21-140_de_amateur	de	13.857142857142858	1.9639175257731958	12.988512518409426	10.892378203240058	0.3711340206185567	0.061855670103092786	0.6649484536082474	0.0	0.0	1.0	0.733026433026433	5.142857142857143	1.6470588235294117	0.0047475511886597935	3.0882768181818185e-05	0.01288659793814433	0.23711340206185566	34.285714285714285	1.9796884275145143	3.080745341614907	2.0074074074074075	0.5463917525773195	0.6507368421052628	-1	-1	0.13917525773195877	0.9323371108461322	176	88	14
21-142_de_amateur	de	10.580645161290322	1.9817073170731707	11.920597954366642	11.171827773406767	0.35060975609756095	0.057926829268292686	0.6432926829268293	0.003048780487804878	0.006097560975609756	0.967741935483871	0.7348773187715218	3.8125	1.7117117117117118	0.004745287191158537	3.457847299270073e-05	0.009013785790031812	0.4847560975609756	25.28125	2.1716413370238747	3.185049019607843	2.120754716981132	0.4573170731707317	0.6182096069868994	-1	-1	0.15548780487804878	0.9123280023644844	290	137	32
21-143_de_amateur	de	9.8	1.935374149659864	11.069414965986397	11.087913741496598	0.36394557823129253	0.0782312925170068	0.6700680272108843	0.0	0.0	1.0	0.7287096140517729	3.933333333333333	1.7181818181818183	0.00480054558877551	2.607900367647059e-05	0.009121830550401978	0.5986394557823129	26.3	2.3058470925242687	2.9459798994974875	1.9838709677419355	0.5034013605442177	0.6697435897435902	-1	-1	0.12244897959183673	0.9291001093360886	262	136	30
21-144_de_amateur	de	11.793103448275861	1.672514619883041	8.744982859447472	8.694467715265173	0.3157894736842105	0.04678362573099415	0.6286549707602339	0.008771929824561403	0.008771929824561403	0.9655172413793104	0.6901647535644493	4.551724137931035	1.7435897435897436	0.005549719375146199	4.5764622222222223e-05	0.008214981899192425	0.35964912280701755	30.24137931034483	2.4645458868565906	2.956964892412231	1.9738903394255876	0.5	0.6492181069958844	-1	-1	0.15497076023391812	0.9449066186872417	289	117	29
21-145_de_amateur	de	14.95	1.725752508361204	10.60437959866221	10.112800535117058	0.28762541806020064	0.07023411371237458	0.6555183946488294	0.0033444816053511705	0.0	1.0	0.6816045363104895	4.75	1.853932584269663	0.0045744933230769235	4.4346152991452994e-05	0.009615384615384616	0.15719063545150502	36.7	2.0166797803174843	3.01763907734057	1.9633699633699633	0.4916387959866221	0.6587499999999997	-1	-1	0.1605351170568562	0.9066212558907025	259	117	20
21-146_de_amateur	de	10.64	1.718045112781955	8.832532330827068	8.510662135338347	0.2932330827067669	0.03007518796992481	0.6691729323308271	0.007518796992481203	0.0037593984962406013	0.96	0.7742211477892593	4.0	1.5222222222222221	0.004740537280451128	5.878824791666666e-05	0.01154672395273899	0.24060150375939848	24.48	1.9812114318430107	3.151219512195122	2.0543933054393304	0.5263157894736842	0.6765269461077854	-1	-1	0.16541353383458646	0.9429747496586227	229	96	25
21-147_de_amateur	de	13.0	1.726078799249531	9.847729831144466	9.335129080675424	0.3133208255159475	0.0600375234521576	0.6566604127579737	0.00375234521575985	0.005628517823639775	0.9512195121951219	0.7428582119942919	4.634146341463414	1.8037974683544304	0.005471910391557223	3.529799151785714e-05	0.006253908692933083	0.7392120075046904	30.853658536585368	2.0386862837223076	3.0693459416863673	1.9711538461538463	0.4090056285178236	0.628156682027649	-1	0.7846430014366226	0.16322701688555347	0.9064293435741178	482	224	41
21-148_de_amateur	de	13.76923076923077	1.7150837988826815	10.017988826815643	9.814031027073487	0.3407821229050279	0.08379888268156424	0.6815642458100558	0.0111731843575419	0.0	1.0	0.7125428302634185	4.846153846153846	1.8	0.004511487544692738	5.1972150632911394e-05	0.01787709497206704	0.20670391061452514	33.07692307692308	1.9127339494396352	3.074418604651163	1.9805194805194806	0.5865921787709497	0.6367499999999999	-1	-1	0.11173184357541899	0.912926342469579	158	79	13
21-149_de_amateur	de	10.25	1.7975609756097561	9.618719512195124	10.715751219512194	0.32926829268292684	0.026829268292682926	0.6780487804878049	0.0	0.00975609756097561	0.825	0.6629684848849935	4.275	1.4929577464788732	0.005191064325853658	3.0247061728395064e-05	0.007317073170731707	0.9	27.05	2.5574974327573012	3.0467461044912922	2.101298701298701	0.43414634146341463	0.6535691318327959	-1	-1	0.17317073170731706	0.9012050439062884	356	162	40
21-150_de_amateur	de	13.15	1.6749049429657794	9.302378326996202	9.33122752851711	0.30228136882129275	0.051330798479087454	0.6273764258555133	0.0019011406844106464	0.011406844106463879	0.95	0.6707997686395036	4.425	1.7696969696969698	0.005508330781558935	3.265787860696517e-05	0.0069934818033677345	0.591254752851711	31.225	2.0723223913736817	3.150717703349282	2.0072639225181597	0.3897338403041825	0.6178220140515216	-1	0.9036142775692884	0.1806083650190114	0.9027374110635835	471	201	40
21-152_de_amateur	de	14.65625	1.6332622601279319	9.398432169509597	8.073968496801706	0.3091684434968017	0.03624733475479744	0.6268656716417911	0.006396588486140725	0.006396588486140725	0.875	0.706262246790121	4.65625	1.8085106382978724	0.006283115546268657	3.324556936416185e-05	0.007818052594171997	0.3880597014925373	33.96875	1.9716877041326113	3.046788990825688	2.0588235294117645	0.4349680170575693	0.6389189189189175	-1	-1	0.13859275053304904	0.917353061053215	415	173	32
21-153_de_amateur	de	12.914285714285715	1.9623893805309736	12.602766118836918	10.81880396965866	0.32079646017699115	0.07300884955752213	0.6371681415929203	0.0022123893805309734	0.008849557522123894	0.8571428571428571	0.6806497396938573	4.514285714285714	1.825503355704698	0.005274035610176991	2.761417434554974e-05	0.006977535738597686	0.5486725663716814	32.51428571428571	2.150557037410169	3.2410480349344977	2.3917525773195876	0.46017699115044247	0.6538810198300278	-1	-1	0.14601769911504425	0.9339336281018309	401	191	35
21-155_de_amateur	de	14.65625	1.6332622601279319	9.398432169509597	8.073968496801706	0.3091684434968017	0.03624733475479744	0.6268656716417911	0.006396588486140725	0.006396588486140725	0.875	0.706262246790121	4.65625	1.8085106382978724	0.006283115546268657	3.324556936416185e-05	0.007818052594171997	0.3880597014925373	33.96875	1.9716877041326113	3.046788990825688	2.0588235294117645	0.4349680170575693	0.6389189189189175	-1	-1	0.13859275053304904	0.917353061053215	415	173	32
21-157_de_amateur	de	13.37037037037037	1.7590027700831026	10.380677131425056	8.977423432851134	0.3185595567867036	0.04709141274238227	0.6011080332409973	0.002770083102493075	0.00554016620498615	0.8888888888888888	0.6403691642707662	4.555555555555555	1.8235294117647058	0.005947567955401662	3.644902746478873e-05	0.008551126099000361	0.5457063711911357	33.074074074074076	2.1625804237180515	3.091111111111111	2.0679245283018868	0.45429362880886426	0.6239312977099243	-1	-1	0.13850415512465375	0.914600013372368	325	142	27
21-158_de_amateur	de	10.25	1.7975609756097561	9.618719512195124	10.715751219512194	0.32926829268292684	0.026829268292682926	0.6780487804878049	0.0	0.00975609756097561	0.825	0.6629684848849935	4.275	1.4929577464788732	0.005191064325853658	3.0247061728395064e-05	0.007317073170731707	0.9	27.05	2.5574974327573012	3.0467461044912922	2.101298701298701	0.43414634146341463	0.6535691318327959	-1	-1	0.17317073170731706	0.9012050439062884	356	162	40
21-159_de_amateur	de	10.25	1.7975609756097561	9.618719512195124	10.715751219512194	0.32926829268292684	0.026829268292682926	0.6780487804878049	0.0	0.00975609756097561	0.825	0.6629684848849935	4.275	1.4929577464788732	0.005191064325853658	3.0247061728395064e-05	0.007317073170731707	0.9	27.05	2.5574974327573012	3.0467461044912922	2.101298701298701	0.43414634146341463	0.6535691318327959	-1	-1	0.17317073170731706	0.9012050439062884	356	162	40
21-16_de_amateur	de	15.44186046511628	1.9066265060240963	12.930518352479687	11.699665214345757	0.32379518072289154	0.07078313253012049	0.6641566265060241	0.02108433734939759	0.0	0.9534883720930233	0.7468730821367028	5.348837209302325	1.731818181818182	0.0046620459995481926	4.516884701492537e-05	0.005617062845978509	0.7936746987951807	37.651162790697676	2.1866269545149914	3.213275968039336	1.9965095986038395	0.40813253012048195	0.6731858407079645	0.6257435224563566	0.7276829237383	0.12650602409638553	0.9009058007059418	574	268	43
21-160_de_amateur	de	12.794117647058824	1.7241379310344827	9.74453346855984	9.396889114266397	0.31494252873563217	0.041379310344827586	0.632183908045977	0.0	0.01839080459770115	0.9411764705882353	0.6802384262219323	4.5	1.6216216216216217	0.005155202546666666	4.2430625e-05	0.007567049808429118	0.496551724137931	29.88235294117647	1.9839219188399164	3.1955034213098727	2.0054945054945055	0.4459770114942529	0.6531249999999998	-1	-1	0.17471264367816092	0.9166593364109975	389	172	34
21-163_de_amateur	de	11.164383561643836	1.845398773006135	10.53981511051349	9.677513152365744	0.3361963190184049	0.051533742331288344	0.6515337423312884	0.006134969325153374	0.006134969325153374	0.9178082191780822	0.7002547441915412	4.0	1.79136690647482	0.0057365062855214725	3.932064818941504e-05	0.006374382762232531	0.6822085889570552	27.36	2.22447986039915	3.0232783705140642	2.006677796327212	0.3042944785276074	0.5725279329608942	0.6066982941637201	0.7119465524737937	0.13987730061349693	0.8561408452253585	731	359	75
21-165_de_amateur	de	14.916666666666666	1.744413407821229	10.811578212290502	8.681929795158286	0.30307262569832405	0.03770949720670391	0.6564245810055865	0.013966480446927373	0.015363128491620111	0.9375	0.7432340499973026	4.520833333333333	1.6470588235294117	0.00495366562122905	4.5342668309859155e-05	0.00573758115657557	0.6131284916201117	33.583333333333336	1.9195265564897985	3.227722772277228	1.9710743801652892	0.3645251396648045	0.6548784440842782	0.7682612384962039	0.9232231392158606	0.138268156424581	0.8893438541298069	642	284	48
21-167_de_amateur	de	10.580645161290322	1.9817073170731707	11.920597954366642	11.171827773406767	0.35060975609756095	0.057926829268292686	0.6432926829268293	0.003048780487804878	0.006097560975609756	0.967741935483871	0.7348773187715218	3.8125	1.7117117117117118	0.004745287191158537	3.457847299270073e-05	0.009013785790031812	0.4847560975609756	25.28125	2.1716413370238747	3.185049019607843	2.120754716981132	0.4573170731707317	0.6182096069868994	-1	-1	0.15548780487804878	0.9123280023644844	290	137	32
21-168_de_amateur	de	14.916666666666666	1.744413407821229	10.811578212290502	8.681929795158286	0.30307262569832405	0.03770949720670391	0.6564245810055865	0.013966480446927373	0.015363128491620111	0.9375	0.7432340499973026	4.520833333333333	1.6470588235294117	0.00495366562122905	4.5342668309859155e-05	0.00573758115657557	0.6131284916201117	33.583333333333336	1.9195265564897985	3.227722772277228	1.9710743801652892	0.3645251396648045	0.6548784440842782	0.7682612384962039	0.9232231392158606	0.138268156424581	0.8893438541298069	642	284	48
21-169_de_amateur	de	12.944444444444445	1.9081545064377683	11.974556509299003	11.532040724845016	0.3098712446351931	0.07381974248927038	0.6841201716738198	0.008583690987124463	0.013733905579399141	0.9111111111111111	0.6541497937719265	4.955555555555556	1.762402088772846	0.005277144545665236	2.950575053533191e-05	0.0033349750228663898	0.9914163090128756	33.86666666666667	2.2367918305763195	3.1057283142389527	2.007386888273315	0.34163090128755363	0.6570168855534692	0.6498861987623531	0.8326003027410742	0.15879828326180256	0.8943823207053667	1005	467	90
21-17_de_amateur	de	15.431372549019608	1.8487928843710293	12.243991329695795	11.869077205570921	0.3087674714104193	0.07369758576874205	0.7013977128335451	0.0063532401524777635	0.0038119440914866584	0.9803921568627451	0.708296700627772	5.529411764705882	1.6068702290076335	0.004811382910165184	6.352212218649518e-05	0.004484640107631363	0.3951715374841169	37.1764705882353	2.0456695752877065	3.3117088607594938	2.049934296977661	0.42947903430749684	0.6851889534883734	0.7224744325979054	0.9031107571631202	0.1588310038119441	0.9282349120095241	670	311	51
21-175_de_amateur	de	16.41025641025641	1.76875	11.681250000000002	10.849263621794872	0.325	0.071875	0.6765625	0.0046875	0.0046875	0.8974358974358975	0.7234241249071626	5.615384615384615	1.7031963470319635	0.0051621842212499994	4.435911134453782e-05	0.0052325581395348845	0.853125	41.58974358974359	2.138620998386268	3.068056407112201	1.9953125	0.40625	0.6549907578558223	0.7998827333412973	0.8885220292781915	0.134375	0.9119491495164909	545	238	39
21-176_de_amateur	de	12.833333333333334	1.8123376623376624	10.80058441558442	10.246233333333334	0.33051948051948055	0.06038961038961039	0.6655844155844156	0.001948051948051948	0.01038961038961039	0.9166666666666666	0.7088588396523772	4.433333333333334	1.6959847036328872	0.005116940900909091	4.0891427536231887e-05	0.0025974025974025974	1.344155844155844	33.21666666666667	2.115585584127667	3.0705529146860147	2.06009144350098	0.3357142857142857	0.6508882720333092	0.8238058483803957	0.8824420533074643	0.1422077922077922	0.9026335131811105	1332	621	120
21-178_de_amateur	de	12.833333333333334	1.8123376623376624	10.80058441558442	10.246233333333334	0.33051948051948055	0.06038961038961039	0.6655844155844156	0.001948051948051948	0.01038961038961039	0.9166666666666666	0.7088588396523772	4.433333333333334	1.6959847036328872	0.005116940900909091	4.0891427536231887e-05	0.0025974025974025974	1.344155844155844	33.21666666666667	2.115585584127667	3.0705529146860147	2.06009144350098	0.3357142857142857	0.6508882720333092	0.8238058483803957	0.8824420533074643	0.1422077922077922	0.9026335131811105	1332	621	120
21-180_de_amateur	de	15.097560975609756	1.8497576736672052	12.125189329760826	10.004142566688996	0.3263327948303716	0.06623586429725363	0.6219709208400647	0.0	0.006462035541195477	0.975609756097561	0.6815330522180902	5.219512195121951	1.7839195979899498	0.0054050190016155086	5.601661951219512e-05	0.006364125911783425	0.7738287560581584	36.41463414634146	2.0438056708914765	3.1750167000668004	2.0182186234817814	0.38449111470113084	0.6188461538461529	0.7611999699935388	0.7891961298045724	0.14539579967689822	0.897610323802671	549	246	41
21-182_de_amateur	de	11.506493506493506	1.7697516930022574	9.780602444959108	9.008772847468558	0.32844243792325056	0.03837471783295711	0.6670428893905191	0.001128668171557562	0.012415349887133182	0.8961038961038961	0.7097574799153081	4.012987012987013	1.6622073578595318	0.0050014979400677196	4.672123959537572e-05	0.005267118133935289	0.6343115124153499	29.441558441558442	2.0704861490087114	3.064558629776021	2.1156626506024097	0.3577878103837472	0.625781448538753	0.7664823229447105	0.7735818093656561	0.15914221218961624	0.8872727493480914	778	346	77
21-185_de_amateur	de	14.428571428571429	1.7794779477947795	11.034982641121257	9.504864883631221	0.29792979297929795	0.06480648064806481	0.6615661566156615	0.008100810081008101	0.0153015301530153	0.948051948051948	0.7146122984393904	4.454545454545454	1.824925816023739	0.004522703836183618	6.1023486393088554e-05	0.004705015956141069	0.6777677767776777	33.467532467532465	2.1202533261039864	3.219767441860465	1.9272300469483568	0.3465346534653465	0.6342786561264806	0.6966662419095719	0.8263404918569196	0.1629162916291629	0.8982850976558788	995	463	77
21-186_de_amateur	de	15.03125	1.864864864864865	12.27759290540541	10.08824579002079	0.3201663201663202	0.07068607068607069	0.6403326403326404	0.006237006237006237	0.002079002079002079	0.96875	0.6909911126877984	4.6875	1.944055944055944	0.004542208453846154	4.8312e-05	0.008587182500225977	0.2785862785862786	33.78125	1.9555302942199875	3.3093922651933703	2.122093023255814	0.45114345114345117	0.6094240837696342	-1	0.9644872627730291	0.13513513513513514	0.9052750499789083	432	209	32
21-187_de_amateur	de	12.823529411764707	1.7729357798165137	10.3318186724231	10.060126227738802	0.3165137614678899	0.09174311926605505	0.6720183486238532	0.0045871559633027525	0.006880733944954129	0.9117647058823529	0.8081333390615972	3.675675675675676	1.8880597014925373	0.005106703937844037	3.4399736979166665e-05	0.0076146788990825685	0.44495412844036697	28.72972972972973	1.90750156675888	3.1233644859813086	2.109625668449198	0.4701834862385321	0.621928783382788	-1	-1	0.1353211009174312	0.915299779620422	382	192	37
21-188_de_amateur	de	12.340425531914894	1.8482758620689654	11.032421129860605	10.299939838591342	0.3163793103448276	0.05344827586206897	0.6801724137931034	0.006896551724137931	0.016379310344827588	0.9042553191489362	0.748778447429374	4.404255319148936	1.7358490566037736	0.004644426859568966	4.585403897637796e-05	0.0036751361161524504	1.0060344827586207	29.48936170212766	2.049569581459909	3.2066978754051134	2.0239520958083834	0.3646551724137931	0.6568143261074461	0.7285976086942376	0.8262558912637564	0.15948275862068967	0.9043907201359612	1049	508	94
21-19_de_amateur	de	16.761904761904763	1.7386363636363635	11.463051948051948	10.072154870129872	0.2793560606060606	0.06912878787878787	0.7083333333333334	0.000946969696969697	0.006628787878787879	0.9523809523809523	0.6898288198274324	5.238095238095238	1.794392523364486	0.005006383142518939	7.020236458852868e-05	0.004484180035650624	0.3399621212121212	38.507936507936506	1.972782480654182	3.2984767393989296	2.008771929824561	0.39109848484848486	0.676468129571578	0.7185512125101782	0.8350897799798686	0.1553030303030303	0.9136634625278862	918	401	63
21-190_de_amateur	de	13.92	1.950191570881226	12.851060536398467	10.599301394636015	0.328544061302682	0.05651340996168582	0.6819923371647509	0.020114942528735632	0.007662835249042145	0.92	0.715713008135088	4.833333333333333	1.773109243697479	0.004390990925766284	4.121511543942993e-05	0.0033365261813537673	1.0766283524904214	32.294871794871796	2.0207576030573664	3.1804839349464498	2.1082251082251084	0.3706896551724138	0.660190476190476	0.7674451740062121	0.851311856222376	0.14559386973180077	0.9020965866370266	894	421	78
21-192_de_amateur	de	11.105263157894736	1.745260663507109	9.335128460962839	9.646622274881517	0.38270142180094785	0.06516587677725119	0.7156398104265402	0.03672985781990521	0.005924170616113744	0.8421052631578947	0.6982289089765871	4.181818181818182	1.71875	0.004724901382238152	5.3801116358839056e-05	0.004932778798723282	0.740521327014218	25.22077922077922	2.0314580455461164	3.2042900919305413	2.03489932885906	0.4087677725118483	0.6333825503355696	0.9071833464892746	0.7790106656058782	0.11611374407582939	0.9013600841532504	718	379	77
21-193_de_amateur	de	10.655737704918034	1.7523076923076923	9.242968474148807	9.151208575031527	0.33076923076923076	0.06153846153846154	0.6738461538461539	0.036923076923076927	0.007692307692307693	0.9180327868852459	0.7397369870212672	4.344262295081967	1.735159817351598	0.00485216053862923	4.6854073484848485e-05	0.00502262443438914	0.5061538461538462	25.59016393442623	2.064727220406285	3.07433290978399	2.062809917355372	0.4430769230769231	0.663647912885661	0.9441518890745491	0.8046373151402195	0.1276923076923077	0.9272832121298642	547	264	61
21-198_de_amateur	de	11.727272727272727	1.937984496124031	11.851853417899932	10.419986046511628	0.3333333333333333	0.03875968992248062	0.6976744186046512	0.031007751937984496	0.0	1.0	0.7061095921622238	4.7272727272727275	1.5333333333333334	0.005042832658992248	4.917674468085106e-05	0.02131782945736434	0.046511627906976744	30.454545454545453	2.2064825326188964	3.05688622754491	2.039473684210526	0.6434108527131783	0.6943333333333329	-1	-1	0.17829457364341086	0.9581137752940967	106	47	11
21-202_de_amateur	de	10.272727272727273	2.1305309734513274	13.556629123089301	11.717489380530974	0.3274336283185841	0.10176991150442478	0.7146017699115044	0.0022123893805309734	0.011061946902654867	0.8636363636363636	0.6938723551683449	3.772727272727273	1.7876712328767124	0.00520388141659292	5.735391230769231e-05	0.008045052292839904	0.27876106194690264	26.318181818181817	2.3302897486881324	3.252586206896552	2.320879120879121	0.4778761061946903	0.6473371104815863	-1	-1	0.13716814159292035	0.9156673888699189	386	195	44
21-203_de_amateur	de	13.765432098765432	1.7210762331838565	10.087218070088024	10.529109394895642	0.32286995515695066	0.07982062780269059	0.6869955156950672	0.010762331838565023	0.0053811659192825115	0.9382716049382716	0.6797959661012978	4.765432098765432	1.845029239766082	0.004893548878923766	5.098809061784897e-05	0.003383611903791276	1.3300448430493275	34.34567901234568	2.1767968019445507	3.107053347654851	2.08135593220339	0.36771300448430494	0.6833169291338597	0.8346135712337411	0.8545721478780451	0.13183856502242153	0.908801587423513	928	437	81
21-204_de_amateur	de	11.2	2.363095238095238	16.662523809523815	13.561628095238094	0.3482142857142857	0.11904761904761904	0.7172619047619048	0.0	0.01488095238095238	0.8333333333333334	0.7270319378095648	4.4	1.728813559322034	0.005331237128869047	3.0297777108433736e-05	0.008503401360544217	0.3333333333333333	29.333333333333332	2.2485508865346326	3.3779795686719636	2.3098039215686272	0.49404761904761907	0.6249367088607585	-1	-1	0.13095238095238096	0.9177150017679068	304	166	30
21-205_de_amateur	de	14.176470588235293	1.9488243430152143	12.934950776991293	10.298182784151004	0.3070539419087137	0.050484094052558784	0.6998616874135546	0.01037344398340249	0.012448132780082987	0.9509803921568627	0.7145893229627853	4.794117647058823	1.7346491228070176	0.005214980221300138	5.602605226860254e-05	0.0025101173095640594	1.251728907330567	34.8235294117647	2.1019525221952606	3.215813168261114	2.278434268833087	0.3699861687413555	0.6895619896065356	0.7467013555199533	0.8290379523879932	0.15560165975103735	0.9211620430240112	1239	551	102
21-209_de_amateur	de	12.627906976744185	1.9337016574585635	12.152563278941283	12.639166893657116	0.3333333333333333	0.10497237569060773	0.7034990791896869	0.007366482504604052	0.007366482504604052	0.8837209302325582	0.7368373242953836	4.488372093023256	1.9482758620689655	0.005249226275941068	4.864043935742972e-05	0.0055248618784530384	0.2596685082872928	32.13953488372093	2.148808182345581	3.1675090252707583	2.060924369747899	0.4990791896869245	0.6924549549549546	-1	0.9104152430696312	0.11602209944751381	0.9318907932675179	474	249	43
21-211_de_amateur	de	11.285714285714286	2.115732368896926	13.777070524412299	11.716510307414106	0.32007233273056057	0.09764918625678119	0.6835443037974683	0.0054249547920434	0.0054249547920434	0.9387755102040817	0.7337918807652423	4.061224489795919	1.7704918032786885	0.00405196313164557	4.12751140625e-05	0.006537766031436918	0.3037974683544304	28.714285714285715	2.0930322079147525	3.289250353606789	2.087336244541485	0.47739602169981915	0.6770925110132161	-1	0.9226264409325196	0.1609403254972875	0.9163646097643272	488	256	49
21-213_de_amateur	de	9.583333333333334	1.882608695652174	10.362282608695654	10.557246376811595	0.3565217391304348	0.08695652173913043	0.7043478260869566	0.013043478260869565	0.008695652173913044	0.8333333333333334	0.678242970442459	3.7083333333333335	1.6951219512195121	0.0038217897047826085	4.86278637254902e-05	0.015384615384615384	0.2608695652173913	24.208333333333332	2.6000015861045274	3.2112436115843273	2.1535269709543567	0.5652173913043478	0.6833587786259543	-1	-1	0.12608695652173912	0.9246900017946533	193	102	24
21-214_de_amateur	de	9.35483870967742	2.0724137931034483	12.512869855394886	11.278853170189098	0.3620689655172414	0.07931034482758621	0.7241379310344828	0.013793103448275862	0.0034482758620689655	0.9032258064516129	0.7337726204250973	3.4193548387096775	1.691588785046729	0.0037919513072413795	4.184706879432624e-05	0.010163339382940109	0.3448275862068966	23.225806451612904	2.5103165134144425	3.251034482758621	1.9866666666666666	0.5793103448275863	0.7171204188481671	-1	-1	0.13793103448275862	0.928539664870151	254	141	31
21-215_de_amateur	de	13.507936507936508	1.8343125734430081	11.322983604722737	10.269484680954246	0.35605170387779084	0.06698002350176263	0.6721504112808461	0.008225616921269096	0.0035252643948296123	0.9682539682539683	0.7683419643725881	4.650793650793651	1.6563573883161513	0.00470419443025852	5.113637424242424e-05	0.00344132952828605	1.1468860164512338	36.888888888888886	2.379985173770904	3.026259147653896	2.184448462929476	0.4312573443008226	0.7112234042553203	0.6494538820644532	0.7948068495102603	0.1245593419506463	0.9220593374386938	700	330	63
21-22_de_amateur	de	11.59349593495935	1.5336605890603086	7.028658365545791	7.154610640942314	0.3232819074333801	0.07573632538569425	0.6788218793828892	0.061009817671809255	0.0021037868162692847	0.7073170731707317	0.7245454549177854	3.7398373983739837	1.9084821428571428	0.005258899883730715	7.290276647727272e-05	0.003078712414052612	1.3422159887798037	26.691056910569106	2.0249066322687503	3.0063310220078385	1.8316361167684996	0.3155680224403927	0.6138658628485274	0.6580293932513986	0.7062337193430254	0.09256661991584852	0.8788169916846216	1174	528	123
21-222_de_amateur	de	12.633802816901408	1.8662207357859533	11.358587780865797	10.925264807574544	0.3054626532887402	0.09253065774804906	0.7023411371237458	0.004459308807134894	0.010033444816053512	0.9436619718309859	0.7739132593311928	4.323943661971831	1.7147766323024054	0.004444030449386845	4.877669402597402e-05	0.004609961131700262	0.5161649944258639	32.45070422535211	2.319409181750059	3.1421780466724285	2.0697412823397077	0.43032329988851725	0.724310776942356	0.8684612171186238	0.9130711388465473	0.15496098104793757	0.9170775000409614	774	385	71
21-225_de_amateur	de	14.024390243902438	1.9443478260869564	12.82281654294804	11.494851961823967	0.3634782608695652	0.06956521739130435	0.6730434782608695	0.0034782608695652175	0.006956521739130435	0.9512195121951219	0.7197672384151048	5.121951219512195	1.5953488372093023	0.004574822026608695	4.215721484375e-05	0.006608695652173913	0.697391304347826	36.609756097560975	2.2036797543731916	3.0550397877984086	2.029585798816568	0.4260869565217391	0.6648529411764696	1.1929384361903237	0.8939534305762991	0.13043478260869565	0.903602336311985	506	256	41
21-226_de_amateur	de	13.092592592592593	1.7694483734087694	10.395601917334591	9.396005102415003	0.32673267326732675	0.06930693069306931	0.6775106082036775	0.005657708628005658	0.007072135785007072	0.9629629629629629	0.732968566985142	4.592592592592593	1.683127572016461	0.0050835190930693065	5.8798812203389825e-05	0.0050460644520050465	0.628005657708628	30.555555555555557	1.9790041253653552	3.250151057401813	2.089075630252101	0.44130127298444133	0.6955921052631602	0.8089086649772481	0.9128896110530349	0.13861386138613863	0.9263022659647607	621	295	54
21-227_de_amateur	de	8.410714285714286	1.9777070063694266	11.027121246587807	9.736812829845313	0.38110403397027603	0.0870488322717622	0.7239915074309978	0.022292993630573247	0.004246284501061571	0.7678571428571429	0.7466193620925076	3.491228070175439	1.6285714285714286	0.004086353403225053	4.404610267260579e-05	0.004246284501061571	1.145435244161359	22.24561403508772	2.1247454768712486	3.045807453416149	2.097777777777778	0.4171974522292994	0.6946381969157763	0.7647101302354448	0.7675972281256983	0.09872611464968153	0.8953724657083535	823	449	114
21-228_de_amateur	de	12.173913043478262	1.9625	12.31532608695652	11.425763975155279	0.3517857142857143	0.07142857142857142	0.6696428571428571	0.0035714285714285713	0.005357142857142857	0.9782608695652174	0.778100224210064	4.826086956521739	1.6615384615384616	0.004094987476071428	4.4430749377593365e-05	0.007270408163265306	0.5321428571428571	31.434782608695652	2.258599302787619	3.1887966804979255	2.1481481481481484	0.4446428571428571	0.6968329718004339	-1	0.9230628992619015	0.13392857142857142	0.9147612751493077	482	241	46
21-229_de_amateur	de	12.173913043478262	1.9625	12.31532608695652	11.425763975155279	0.3517857142857143	0.07142857142857142	0.6696428571428571	0.0035714285714285713	0.005357142857142857	0.9782608695652174	0.778100224210064	4.826086956521739	1.6615384615384616	0.004094987476071428	4.4430749377593365e-05	0.007270408163265306	0.5321428571428571	31.434782608695652	2.258599302787619	3.1887966804979255	2.1481481481481484	0.4446428571428571	0.6968329718004339	-1	0.9230628992619015	0.13392857142857142	0.9147612751493077	482	241	46
21-23_de_amateur	de	8.94140625	1.5648754914809961	6.3626792369757545	6.99521937663827	0.26474442988204455	0.051550895587592835	0.7221494102228048	0.039755351681957186	0.0034949759720401923	0.74609375	0.737916916901125	3.335714285714286	1.6913229018492177	0.004567198533245959	8.139104693641619e-05	0.0018849308613250475	0.8466579292267365	18.482142857142858	1.6728163477689122	3.096841704718417	1.7850553505535056	0.34338138925294887	0.6794383561643965	0.7292327031919859	0.8764741062305103	0.16251638269986893	0.918653642642889	1970	865	280
21-230_de_amateur	de	13.507936507936508	1.8343125734430081	11.322983604722737	10.269484680954246	0.35605170387779084	0.06698002350176263	0.6721504112808461	0.008225616921269096	0.0035252643948296123	0.9682539682539683	0.7683419643725881	4.650793650793651	1.6563573883161513	0.00470419443025852	5.113637424242424e-05	0.00344132952828605	1.1468860164512338	36.888888888888886	2.379985173770904	3.026259147653896	2.184448462929476	0.4312573443008226	0.7112234042553203	0.6494538820644532	0.7948068495102603	0.1245593419506463	0.9220593374386938	700	330	63
21-231_de_amateur	de	12.173913043478262	1.9625	12.31532608695652	11.425763975155279	0.3517857142857143	0.07142857142857142	0.6696428571428571	0.0035714285714285713	0.005357142857142857	0.9782608695652174	0.778100224210064	4.826086956521739	1.6615384615384616	0.004094987476071428	4.4430749377593365e-05	0.007270408163265306	0.5321428571428571	31.434782608695652	2.258599302787619	3.1887966804979255	2.1481481481481484	0.4446428571428571	0.6968329718004339	-1	0.9230628992619015	0.13392857142857142	0.9147612751493077	482	241	46
21-238_de_amateur	de	12.408163265306122	1.9226973684210527	11.937012620837812	10.600006740064448	0.3569078947368421	0.07072368421052631	0.694078947368421	0.004934210526315789	0.011513157894736841	0.9387755102040817	0.7510212199042502	4.612244897959184	1.68348623853211	0.004453487079605263	5.16853453125e-05	0.006130382775119616	0.5740131578947368	29.755102040816325	2.0176712157966743	3.297814207650273	2.204710144927536	0.4473684210526316	0.7114145383104126	0.967709728620519	0.9038464588168375	0.14144736842105263	0.925109929535273	525	256	49
21-244_de_amateur	de	9.030303030303031	2.214765100671141	14.066046369737649	15.21916196868009	0.4161073825503356	0.11073825503355705	0.761744966442953	0.003355704697986577	0.006711409395973154	0.9393939393939394	0.7773199475049806	3.5294117647058822	1.5384615384615385	0.0038971992063758392	1.818932993197279e-05	0.011558538404175988	0.3859060402684564	27.852941176470587	2.683674333531467	2.9757383966244726	2.1414141414141414	0.540268456375839	0.6838190954773874	-1	-1	0.12751677852348994	0.9039015011379113	246	147	34
21-245_de_amateur	de	14.075757575757576	1.8223896663078578	11.403743516978178	11.481405310369572	0.33153928955866524	0.07642626480086114	0.6856835306781486	0.013993541442411194	0.00968783638320775	0.9242424242424242	0.7201570743841834	4.7272727272727275	1.7467105263157894	0.004415055776426265	6.266312506527416e-05	0.00476318622174381	0.721205597416577	35.42424242424242	2.2009529206052765	3.130972696245734	2.0731414868105515	0.42303552206673845	0.7059638554216904	0.7358925733511553	0.8381436866922674	0.1377825618945102	0.9193053085735745	791	383	66
21-246_de_amateur	de	9.030303030303031	2.214765100671141	14.066046369737649	15.21916196868009	0.4161073825503356	0.11073825503355705	0.761744966442953	0.003355704697986577	0.006711409395973154	0.9393939393939394	0.7773199475049806	3.5294117647058822	1.5384615384615385	0.0038971992063758392	1.818932993197279e-05	0.011558538404175988	0.3859060402684564	27.852941176470587	2.683674333531467	2.9757383966244726	2.1414141414141414	0.540268456375839	0.6838190954773874	-1	-1	0.12751677852348994	0.9039015011379113	246	147	34
21-247_de_amateur	de	9.030303030303031	2.214765100671141	14.066046369737649	15.21916196868009	0.4161073825503356	0.11073825503355705	0.761744966442953	0.003355704697986577	0.006711409395973154	0.9393939393939394	0.7773199475049806	3.5294117647058822	1.5384615384615385	0.0038971992063758392	1.818932993197279e-05	0.011558538404175988	0.3859060402684564	27.852941176470587	2.683674333531467	2.9757383966244726	2.1414141414141414	0.540268456375839	0.6838190954773874	-1	-1	0.12751677852348994	0.9039015011379113	246	147	34
21-248_de_amateur	de	9.030303030303031	2.214765100671141	14.066046369737649	15.21916196868009	0.4161073825503356	0.11073825503355705	0.761744966442953	0.003355704697986577	0.006711409395973154	0.9393939393939394	0.7773199475049806	3.5294117647058822	1.5384615384615385	0.0038971992063758392	1.818932993197279e-05	0.011558538404175988	0.3859060402684564	27.852941176470587	2.683674333531467	2.9757383966244726	2.1414141414141414	0.540268456375839	0.6838190954773874	-1	-1	0.12751677852348994	0.9039015011379113	246	147	34
21-249_de_amateur	de	9.030303030303031	2.214765100671141	14.066046369737649	15.21916196868009	0.4161073825503356	0.11073825503355705	0.761744966442953	0.003355704697986577	0.006711409395973154	0.9393939393939394	0.7773199475049806	3.5294117647058822	1.5384615384615385	0.0038971992063758392	1.818932993197279e-05	0.011558538404175988	0.3859060402684564	27.852941176470587	2.683674333531467	2.9757383966244726	2.1414141414141414	0.540268456375839	0.6838190954773874	-1	-1	0.12751677852348994	0.9039015011379113	246	147	34
21-25_de_amateur	de	16.727272727272727	1.7182971014492754	11.209542160737815	10.703901449275362	0.322463768115942	0.06431159420289854	0.7010869565217391	0.0036231884057971015	0.010869565217391304	0.9545454545454546	0.7092828585775796	5.303030303030303	1.6976127320954908	0.00503457039682971	6.869692643391521e-05	0.003985507246376812	1.105072463768116	44.45454545454545	2.3635458486842267	3.023066485753053	2.0375375375375375	0.3677536231884058	0.6578706467661675	0.6819397274766263	0.8249946567072778	0.13677536231884058	0.90284966252891	911	401	66
21-250_de_amateur	de	11.347826086956522	1.996168582375479	12.390441445943697	12.445728169248708	0.3793103448275862	0.04980842911877394	0.7279693486590039	0.022988505747126436	0.011494252873563218	0.9130434782608695	0.7087117768717582	4.086956521739131	1.5777777777777777	0.004139715471264368	3.762117068965517e-05	0.011707109408258832	0.3524904214559387	31.47826086956522	2.711391067121531	3.0027510316368637	2.1549295774647885	0.5555555555555556	0.714691358024692	-1	-1	0.12643678160919541	0.929579629321842	223	116	23
21-251_de_amateur	de	16.764227642276424	1.763336566440349	11.755420264483927	9.975330947142645	0.27594568380213386	0.06838021338506305	0.7085354025218235	0.005819592628516004	0.012609117361784675	0.959349593495935	0.7012690861970178	5.528455284552845	1.731437598736177	0.0044157888480116396	7.443564558645707e-05	0.0025377675617501293	0.7284190106692532	37.32520325203252	1.974061589264062	3.3331888142206805	2.0125994694960214	0.32492725509214354	0.6618441161487505	0.6706967584768692	0.7856816358457449	0.16682832201745879	0.9036788063367598	1845	827	123
21-252_de_amateur	de	15.755555555555556	1.6008462623413258	9.444652562294312	8.782304911455885	0.28067700987306066	0.04936530324400564	0.6657263751763046	0.014104372355430184	0.012693935119887164	0.9777777777777777	0.6929504727214407	5.088888888888889	1.820754716981132	0.004496534671791255	5.154677760617761e-05	0.005319363288333669	0.6967559943582511	37.37777777777778	2.09072756899635	3.068289786223278	1.9564541213063764	0.39492242595204513	0.6724918032786875	0.5740909347742108	0.805465701458119	0.14104372355430184	0.8992922253987707	608	259	45
21-253_de_amateur	de	13.936170212765957	1.7282442748091602	10.238388825726815	9.453936819879813	0.2870229007633588	0.0549618320610687	0.6946564885496184	0.007633587786259542	0.00916030534351145	0.9787234042553191	0.7531496212392027	4.914893617021277	1.6019417475728155	0.0038905617935877865	8.021967683397683e-05	0.0055979643765903305	0.3847328244274809	31.48936170212766	2.0966703527370787	3.28782784129119	2.012962962962963	0.4366412213740458	0.6792266187050353	0.8153384242845133	0.9064142554393825	0.2	0.9177657417502354	576	259	47
21-255_de_amateur	de	17.2	1.5755813953488371	9.709860465116282	7.581159767441861	0.26598837209302323	0.03924418604651163	0.6991279069767442	0.007994186046511628	0.012354651162790697	0.9375	0.7164434928725207	5.475	1.6953316953316953	0.004207513443895349	9.159674323809524e-05	0.0032994186046511626	0.5915697674418605	35.85	1.8400902540674444	3.345778087927425	2.040794979079498	0.3546511627906977	0.6797180892717309	0.6004931955952341	0.7358972056033948	0.17732558139534885	0.9101199276176953	1235	525	80
21-262_de_amateur	de	13.0625	1.958133971291866	12.61035586124402	11.5459519138756	0.3576555023923445	0.07177033492822966	0.7069377990430622	0.004784688995215311	0.009569377990430622	0.890625	0.7261938929596804	4.40625	1.625	0.004807501985167464	6.66438374005305e-05	0.004479283314669653	0.7129186602870813	30.796875	2.1518542476743936	3.3714717741935485	2.0954545454545452	0.41985645933014354	0.6678154681139764	0.903903928974024	0.9498066231033719	0.12679425837320574	0.9152261003038696	737	377	64
21-263_de_amateur	de	13.375	1.766355140186916	10.46924065420561	11.938851401869162	0.3121495327102804	0.102803738317757	0.7308411214953271	0.014953271028037384	0.003738317757009346	0.925	0.6827257536002549	4.1395348837209305	1.8313953488372092	0.004405503610654206	4.723711476190476e-05	0.006316467934257171	0.4785046728971963	33.44186046511628	2.2734716630661	3.0669889502762433	2.1220238095238093	0.4635514018691589	0.691720183486238	-1	0.8396597923279199	0.10841121495327102	0.9214801940772027	429	210	43
21-264_de_amateur	de	11.564516129032258	1.7308228730822872	9.343871192693573	9.142296999145184	0.32496513249651326	0.061366806136680614	0.705718270571827	0.005578800557880056	0.0041841004184100415	0.8870967741935484	0.6975998763425234	4.080645161290323	1.6465863453815262	0.004153815802789401	8.477090391459075e-05	0.005615503193129266	0.6834030683403068	29.20967741935484	2.1593699319327255	3.1156798245614037	2.0830090791180287	0.4295676429567643	0.6941262135922345	0.8134493051421632	0.7939801032648034	0.1603905160390516	0.9108682830796687	613	281	62
21-273_de_amateur	de	11.897435897435898	1.9504310344827587	12.065086206896556	11.928216799292663	0.30387931034482757	0.10775862068965517	0.7230603448275862	0.0021551724137931034	0.004310344827586207	0.9230769230769231	0.754576430696838	4.487179487179487	1.7361111111111112	0.004440230602586207	5.059578863636364e-05	0.004807692307692308	0.6120689655172413	30.128205128205128	2.118641257592723	3.2255734919286323	2.053872053872054	0.41810344827586204	0.7020265379975864	0.6968206423669586	0.8217275889829805	0.1411637931034483	0.9169732674875779	801	396	78
21-279_de_amateur	de	12.659090909090908	2.087971274685817	13.985106495838096	13.064364811490126	0.34111310592459604	0.08797127468581688	0.7217235188509874	0.003590664272890485	0.010771992818671455	0.9318181818181818	0.7607085417442536	5.25	1.6091370558375635	0.0051337829298025136	4.151514765625e-05	0.006019643045728166	0.7217235188509874	31.795454545454547	2.029058252200212	3.350852272727273	2.1	0.46858168761220825	0.7203056768558944	-1	0.8357076425527056	0.14183123877917414	0.9185910192788848	491	256	44
21-28_de_amateur	de	17.428571428571427	1.8965952080706179	13.586966312376152	11.31864100162133	0.2862547288776797	0.05926860025220681	0.6752837326607818	0.0037831021437578815	0.011349306431273645	1.0	0.7052746473336006	5.22	1.6825396825396826	0.004905095846863304	5.446518829268293e-05	0.0029424127784783522	0.8190416141235813	37.22	1.9187614408281186	3.301749663526245	1.9651264167393199	0.32786885245901637	0.6592468056489583	0.7244792137064769	0.8185746271387847	0.16204287515762925	0.903057266935971	1418	615	100
21-280_de_amateur	de	15.759717314487633	1.7154708520179371	10.798845806461834	10.520060609421796	0.3060538116591928	0.08295964125560538	0.7251121076233183	0.008520179372197309	0.010986547085201795	0.950530035335689	0.7131967001647228	5.448763250883392	1.6906424581005586	0.0042573863612556054	7.081123960563379e-05	0.001091633827059836	2.841255605381166	38.975265017667844	2.198633708342382	3.2089227421109903	2.079920301084791	0.2802690582959641	0.689032332033941	0.784231174232716	0.8613134225991486	0.15650224215246636	0.8951392617389992	3776	1775	283
21-281_de_amateur	de	15.307692307692308	1.8618090452261307	12.349346733668344	11.324194897564748	0.3241206030150754	0.08040201005025126	0.6658291457286433	0.005025125628140704	0.002512562814070352	0.9615384615384616	0.7495197158080111	5.3076923076923075	1.7575757575757576	0.005604483435427136	5.340252962962963e-05	0.009265075376884422	0.1934673366834171	38.23076923076923	2.254361979353466	3.2351160443995965	2.0491803278688523	0.4949748743718593	0.6623745819397993	-1	-1	0.12562814070351758	0.9256886535392197	350	162	26
21-282_de_amateur	de	11.080996884735203	1.786336800674726	9.810363033008496	10.286584399678752	0.3561990441383188	0.06578577452909755	0.6958110767500703	0.007590666291818949	0.007309530503233062	0.7320872274143302	0.7143381139221208	4.04	1.6656	0.004778578279224065	4.3151776122448984e-05	0.0014458411984417045	4.104863649142536	28.28923076923077	2.334454043446752	3.0383249004198514	2.0308641975308643	0.2592071970761878	0.6701764025448331	0.6181372859850495	0.6860487591841775	0.11695248805172899	0.8741271582967991	3046	1470	325
21-283_de_amateur	de	12.826446280991735	1.8795103092783505	11.590535699071314	10.319246766635427	0.3279639175257732	0.061211340206185565	0.6894329896907216	0.013530927835051547	0.009664948453608248	0.9090909090909091	0.720050119707983	4.701612903225806	1.6333333333333333	0.004881040771802835	4.725016557632399e-05	0.0028534609720176733	1.237757731958763	31.120967741935484	2.0234182201997806	3.1326609775019394	2.050407709414381	0.32603092783505155	0.6754026152787406	0.7232247475540825	0.7823935440056946	0.13402061855670103	0.888378798156628	1355	642	124
21-285_de_amateur	de	10.666666666666666	1.884672619047619	10.809136904761907	11.436889285714287	0.36904761904761907	0.07589285714285714	0.7061011904761905	0.005952380952380952	0.003720238095238095	0.7698412698412699	0.7318081334354909	3.984126984126984	1.7276688453159041	0.004705344562380208	4.9931840522875815e-05	0.0026327838827838825	2.9970238095238093	27.174603174603174	2.025031989728769	3.1139866240186103	2.0762052877138415	0.33407738095238093	0.6865943775100399	0.7546196496208416	0.7998162009593803	0.13913690476190477	0.8868001973266257	1158	612	126
21-293_de_amateur	de	10.534246575342467	1.7204161248374512	8.819266437465487	9.09780847213068	0.27308192457737324	0.053315994798439535	0.6762028608582574	0.011703511053315995	0.006501950585175552	0.8767123287671232	0.721371950703091	3.835616438356164	1.82648401826484	0.004657347171651495	5.844439220338983e-05	0.004893573335158443	0.5591677503250976	24.232876712328768	1.9884550540611914	3.2184684684684686	2.0208023774145616	0.37971391417425226	0.6385373134328355	0.7264583806176222	0.782874208967071	0.17815344603381014	0.9020434226436871	674	295	73
21-294_de_amateur	de	10.372549019607844	1.8034026465028354	9.73544534638052	10.110008532562363	0.31947069943289225	0.06427221172022685	0.7013232514177694	0.0	0.013232514177693762	0.9019607843137255	0.7216991283524041	4.0	1.6480446927374302	0.0047210386434782614	3.791672753623188e-05	0.005566057550934678	0.8903591682419659	28.03921568627451	2.4387822430307957	2.975677553856845	1.9874326750448834	0.44612476370510395	0.7003720930232556	-1	0.7155628400712986	0.17958412098298676	0.9156308652075948	448	207	51
21-295_de_amateur	de	9.85	1.7131979695431472	8.467236040609137	9.26963573604061	0.33248730964467005	0.06852791878172589	0.6649746192893401	0.0	0.007614213197969543	0.9	0.7477135469633682	3.9047619047619047	1.681159420289855	0.005479490630456853	3.980157434210526e-05	0.00641982681397432	0.9137055837563451	25.452380952380953	2.315731632313265	2.935754189944134	1.9723502304147464	0.4796954314720812	0.6723728813559311	-1	-1	0.12690355329949238	0.9301234006406593	339	152	42
21-297_de_amateur	de	10.482758620689655	1.6661184210526316	8.15847323049002	8.691121846642467	0.3618421052631579	0.04276315789473684	0.6743421052631579	0.01644736842105263	0.006578947368421052	0.896551724137931	0.7115687596521065	4.016949152542373	1.7370892018779343	0.0047463591532894735	4.191171554621849e-05	0.006672932330827067	0.6710526315789473	25.677966101694917	2.0827962455735314	3.094078947368421	2.033840947546531	0.4194078947368421	0.6470726915520635	0.9213026822659944	0.9354401012606904	0.14144736842105263	0.8880796828533172	517	238	59
21-298_de_amateur	de	12.212121212121213	1.8114143920595533	10.547417099030003	9.939546567411085	0.3870967741935484	0.03970223325062035	0.6923076923076923	0.004962779156327543	0.0024813895781637717	0.9696969696969697	0.7159547310328561	4.636363636363637	1.6339869281045751	0.005187769612903226	3.98466377245509e-05	0.009494012299061388	0.5409429280397022	30.606060606060606	2.187469584579596	3.128810226155359	2.165289256198347	0.4838709677419355	0.6867105263157888	-1	-1	0.10421836228287841	0.9219430589868148	351	167	33
21-299_de_amateur	de	9.941176470588236	1.6370808678500985	7.604613064160578	9.360557210813319	0.2958579881656805	0.05719921104536489	0.6745562130177515	0.0019723865877712033	0.013806706114398421	0.9215686274509803	0.6695440610301291	3.6037735849056602	1.70625	0.0055730918088757395	5.2698672625698326e-05	0.007889546351084813	0.3155818540433925	24.547169811320753	2.011005912494406	3.0276710222905456	2.121112929623568	0.4437869822485207	0.6796813725490191	-1	-1	0.17751479289940827	0.9196702930971697	419	179	53
21-3_de_amateur	de	15.514285714285714	1.4788213627992635	7.910663509602738	7.071364262036306	0.2596685082872928	0.05156537753222836	0.6906077348066298	0.02394106813996317	0.011049723756906077	1.0	0.7511647020539713	5.0	1.9014084507042253	0.004608913744198895	8.255218092485549e-05	0.006725918808551525	0.26519337016574585	32.885714285714286	1.8462405110379185	3.2311033883579494	1.9893617021276595	0.4419889502762431	0.6671171171171151	-1	-1	0.15285451197053407	0.9241033323017034	464	173	35
21-301_de_amateur	de	10.372549019607844	1.8034026465028354	9.73544534638052	10.110008532562363	0.31947069943289225	0.06427221172022685	0.7013232514177694	0.0	0.013232514177693762	0.9019607843137255	0.7216991283524041	4.0	1.6480446927374302	0.0047210386434782614	3.791672753623188e-05	0.005566057550934678	0.8903591682419659	28.03921568627451	2.4387822430307957	2.975677553856845	1.9874326750448834	0.44612476370510395	0.7003720930232556	-1	0.7155628400712986	0.17958412098298676	0.9156308652075948	448	207	51
21-302_de_amateur	de	10.372549019607844	1.8034026465028354	9.73544534638052	10.110008532562363	0.31947069943289225	0.06427221172022685	0.7013232514177694	0.0	0.013232514177693762	0.9019607843137255	0.7216991283524041	4.0	1.6480446927374302	0.0047210386434782614	3.791672753623188e-05	0.005566057550934678	0.8903591682419659	28.03921568627451	2.4387822430307957	2.975677553856845	1.9874326750448834	0.44612476370510395	0.7003720930232556	-1	0.7155628400712986	0.17958412098298676	0.9156308652075948	448	207	51
21-305_de_amateur	de	16.209302325581394	1.6843615494978479	10.607094191051349	8.33860998298355	0.23672883787661406	0.03156384505021521	0.6915351506456241	0.018651362984218076	0.005738880918220947	1.0	0.7239788051803948	5.395348837209302	1.6176470588235294	0.004516182927690101	8.2262462890625e-05	0.006260597365331942	0.20086083213773315	33.25581395348837	1.7655423551000957	3.41777466759972	1.9607843137254901	0.39741750358680056	0.6609698996655525	0.6845091084969827	0.9325519357892229	0.21233859397417504	0.9163646097643272	631	256	43
21-306_de_amateur	de	14.174603174603174	1.6304591265397537	9.177512931264335	8.949192978901152	0.2978723404255319	0.0593505039193729	0.6987681970884658	0.011198208286674132	0.011198208286674132	0.9523809523809523	0.7094700755071407	5.015873015873016	1.775735294117647	0.004110351402015678	5.695876796657382e-05	0.0041557795197212895	0.6741321388577828	32.93650793650794	1.9881188907440501	3.129124820659971	1.9580686149936468	0.41209406494960804	0.688967254408062	0.7321324546474717	0.8701626097349763	0.1590145576707727	0.9213391076236933	769	359	63
21-309_de_amateur	de	9.906976744186046	1.6380281690140845	7.602453324598759	8.218596746369693	0.32065727699530516	0.06103286384976526	0.7070422535211267	0.01267605633802817	0.0107981220657277	0.7534883720930232	0.7500363871794489	3.6272727272727274	1.666206896551724	0.004413703271173709	5.311121230769231e-05	0.0020545716543485335	1.7657276995305164	23.668181818181818	2.193982380682239	3.03985644125425	2.027115474520804	0.32816901408450705	0.6908222550467872	0.7901422670509235	0.8848051213197344	0.13661971830985917	0.903844134651336	1803	845	220
21-31_de_amateur	de	14.839160839160838	1.6833176248821866	10.060420700882528	9.348162357717683	0.29783223374175305	0.05513666352497644	0.6234684260131951	0.00706880301602262	0.008011310084825637	0.9370629370629371	0.7095327723555787	4.8561643835616435	1.8027522935779816	0.005214299678793591	4.31955668797954e-05	0.0019433598132938376	1.5179076343072573	35.37671232876713	2.1251962214162705	3.0669625627170976	2.0015511892450877	0.29594721960414705	0.6631092436974836	0.6358728667174411	0.7580295224673981	0.13760603204524033	0.8916692849166198	1833	782	146
21-311_de_amateur	de	9.168316831683168	1.869060475161987	10.040557171267885	9.544524647691551	0.3396328293736501	0.0747840172786177	0.7165226781857451	0.013228941684665227	0.012419006479481642	0.7128712871287128	0.7169231197163887	3.520884520884521	1.675233644859813	0.004050555985988121	4.231558882850241e-05	0.0015112400475417588	2.6803455723542116	22.496314496314497	2.2855523991442945	3.125	2.0944758317639676	0.2599892008639309	0.6644687933425729	0.7184562806874721	0.7653838086063096	0.12958963282937366	0.8740379794086661	3242	1656	407
21-314_de_amateur	de	8.466666666666667	2.141732283464567	12.984440944881893	13.87582351706037	0.4015748031496063	0.14173228346456693	0.8110236220472441	0.0	0.007874015748031496	1.0	0.7670068027210883	4.066666666666666	1.5961538461538463	0.00324106878503937	2.05400109375e-05	0.02099737532808399	0.2047244094488189	26.133333333333333	2.2192085692085692	2.954081632653061	2.0843373493975905	0.6456692913385826	0.7157142857142856	-1	-1	0.14960629921259844	0.9308270834535262	103	64	15
21-315_de_amateur	de	12.186170212765957	1.6809253601047578	8.997525632214867	8.400751142769579	0.32169358358795286	0.05674378000872981	0.6844172850283718	0.036665211697948494	0.01003928415539066	0.7074468085106383	0.7492656484544484	4.26063829787234	1.7067567567567568	0.004667884904821126	6.520356765676567e-05	0.002255201513167467	1.8782191182889567	27.20744680851064	1.903401347406208	3.217705686925933	2.005678884873516	0.2627673505019642	0.6309306569343198	0.6291262711851998	0.7114372899099446	0.14840680925360106	0.8594796419234201	1967	909	188
21-316_de_amateur	de	12.304761904761905	1.7182662538699691	9.484398938522776	9.508532661064425	0.3173374613003096	0.05417956656346749	0.684984520123839	0.027089783281733747	0.01238390092879257	0.8952380952380953	0.7505208093840571	4.283018867924528	1.6827586206896552	0.0049279208688854485	5.4633706567796605e-05	0.0031340405014464805	0.9295665634674922	29.433962264150942	2.0535451469653214	3.141717203957868	2.0725677830940987	0.3715170278637771	0.6959849119865923	0.7774968787102375	0.8519457742503191	0.14783281733746131	0.9086780047000206	1102	472	106
21-317_de_amateur	de	12.488372093023257	1.6405959031657356	8.63949677363475	8.988204789744923	0.30353817504655495	0.061452513966480445	0.6741154562383612	0.023277467411545624	0.01675977653631285	0.9534883720930233	0.6985843098268938	4.193181818181818	1.6903409090909092	0.004637847617783985	5.62752212987013e-05	0.003741962685780542	0.8752327746741154	29.181818181818183	2.022729061311762	3.0842064415987585	1.9708295350957157	0.36405959031657353	0.6660923076923079	0.7196446640305912	0.8944443363085233	0.16759776536312848	0.9013533823011132	899	385	88
21-318_de_amateur	de	13.926829268292684	1.947460595446585	12.821498440903849	10.461674435094613	0.3380035026269702	0.07005253940455342	0.6882661996497373	0.010507880910683012	0.008756567425569177	0.9512195121951219	0.7346417783965318	4.853658536585366	1.696969696969697	0.0050904655105078805	4.035487314049587e-05	0.005504128096072054	0.7302977232924693	36.292682926829265	2.157918212698251	3.1093959731543626	2.0638297872340425	0.4553415061295972	0.6926906779661024	0.6872749723195083	0.9811545212130262	0.13485113835376533	0.915273732639696	506	242	41
21-319_de_amateur	de	14.755555555555556	1.7228915662650603	10.49478714859438	10.112128888888888	0.3463855421686747	0.07379518072289157	0.6566265060240963	0.007530120481927711	0.004518072289156626	0.9555555555555556	0.7170601680465615	5.022222222222222	1.7074235807860263	0.004768640245481928	4.357720148148148e-05	0.005647590361445783	0.6912650602409639	35.84444444444444	2.0573803818496517	3.111179740580605	2.0675675675675675	0.4171686746987952	0.6701061946902646	0.6648174017927068	0.7809432511723601	0.13855421686746988	0.9109471320980289	579	270	45
21-321_de_amateur	de	13.131578947368421	1.7314629258517034	9.962578314523785	9.063185170340683	0.32064128256513025	0.04008016032064128	0.6773547094188377	0.03206412825651302	0.01002004008016032	0.9473684210526315	0.7197011453526463	5.105263157894737	1.8092105263157894	0.004522898521843688	5.985166145833334e-05	0.008926944798688285	0.3687374749498998	29.36842105263158	1.8854403678465352	3.223813786929275	2.1392111368909514	0.43687374749499	0.665949999999999	-1	-1	0.14228456913827656	0.9137470800816658	430	192	38
21-324_de_amateur	de	9.956521739130435	1.9519650655021834	11.326231251186634	10.517678033035885	0.34497816593886466	0.06986899563318777	0.6593886462882096	0.004366812227074236	0.0	0.9130434782608695	0.7723507159481351	4.0	1.8227848101265822	0.00509480717510917	2.9115437864077673e-05	0.012554585152838428	0.30131004366812225	23.208333333333332	2.047599624532674	3.1327433628318584	2.0760233918128654	0.5240174672489083	0.6465384615384613	-1	-1	0.09606986899563319	0.9135607530343635	207	103	24
21-325_de_amateur	de	10.96551724137931	2.2358490566037736	15.069570592062462	12.544409325525915	0.3050314465408805	0.09433962264150944	0.6949685534591195	0.006289308176100629	0.0031446540880503146	0.896551724137931	0.7645271186624569	3.896551724137931	1.766355140186916	0.004062061650943396	4.91129e-05	0.00869404365519793	0.2672955974842767	26.93103448275862	2.1684356139299257	3.300254452926209	2.1273584905660377	0.5314465408805031	0.7045205479452064	-1	-1	0.16037735849056603	0.9288164228677784	289	150	29
21-326_de_amateur	de	13.292307692307693	1.8478009259259258	11.398050925925926	10.473405559116808	0.34085648148148145	0.08159722222222222	0.6886574074074074	0.004629629629629629	0.012152777777777778	0.9461538461538461	0.7094048952244171	4.653846153846154	1.6643233743409491	0.004680982728935185	4.3601229319371724e-05	0.0026445413436692504	1.3478009259259258	32.15384615384615	2.045040855537682	3.1671049486014824	2.1137640449438204	0.33912037037037035	0.6567710251688158	0.8429070421627666	0.912648123076985	0.13368055555555555	0.8975467122220753	1528	764	130
21-327_de_amateur	de	13.292307692307693	1.8478009259259258	11.398050925925926	10.473405559116808	0.34085648148148145	0.08159722222222222	0.6886574074074074	0.004629629629629629	0.012152777777777778	0.9461538461538461	0.7094048952244171	4.653846153846154	1.6643233743409491	0.004680982728935185	4.3601229319371724e-05	0.0026445413436692504	1.3478009259259258	32.15384615384615	2.045040855537682	3.1671049486014824	2.1137640449438204	0.33912037037037035	0.6567710251688158	0.8429070421627666	0.912648123076985	0.13368055555555555	0.8975467122220753	1528	764	130
21-328_de_amateur	de	13.430379746835444	1.7945334590009425	10.823342917476946	9.784923301399445	0.32045240339302544	0.05089538171536286	0.6908576814326107	0.03298774740810556	0.005655042412818096	0.9493670886075949	0.7248930028624597	4.8	1.8071216617210681	0.004455615220433554	5.10587664160401e-05	0.003868206094879045	0.8039585296889726	32.775	2.1197857029180414	3.0801367261678694	2.0670498084291187	0.3986804901036758	0.6943866943866934	0.7240523160855291	0.8292256979526024	0.1460885956644675	0.9239313970403024	888	399	80
21-33_de_amateur	de	14.395061728395062	1.8113207547169812	11.397658979734455	10.084152777248375	0.33704974271012006	0.06174957118353345	0.6415094339622641	0.005145797598627788	0.0017152658662092624	0.9135802469135802	0.7231533172988247	4.864197530864198	1.7544757033248082	0.005125031397855918	4.3878085377358485e-05	0.003165674503077389	1.4854202401372212	38.17283950617284	2.3456941653123033	2.956171446986787	1.9253617669459253	0.3713550600343053	0.6530834114339306	0.6952222346520252	0.8000026604028275	0.13293310463121785	0.9185244445594304	973	424	81
21-331_de_amateur	de	15.118421052631579	1.669277632724108	10.00366027667079	8.879379634464751	0.28372497824194953	0.050478677110530897	0.6588337684943429	0.008703220191470844	0.01392515230635335	0.9605263157894737	0.7339256453474672	4.828947368421052	1.7735294117647058	0.0049714129712793735	3.752282541567696e-05	0.0034645511146816628	0.783289817232376	37.526315789473685	2.2563932030897575	3.0	1.9445865302642795	0.34986945169712796	0.6789142857142878	0.7433023772550034	0.821097426207924	0.16362053959965187	0.8985066242467353	994	421	76
21-332_de_amateur	de	16.73913043478261	1.7948051948051948	12.116962168266522	10.987427630340674	0.3142857142857143	0.0658008658008658	0.6744588744588744	0.003463203463203463	0.004329004329004329	0.9710144927536232	0.7285144012777159	5.130434782608695	1.7647058823529411	0.004876310130476191	3.612126136363637e-05	0.003228200371057514	1.7463203463203463	44.594202898550726	2.3250935068572556	2.9747081712062258	2.020678246484698	0.3411255411255411	0.6838446969697003	0.7436688564547911	0.7730400333689749	0.14632034632034632	0.8969586947262779	981	440	69
21-333_de_amateur	de	14.761904761904763	1.9473118279569892	13.145422427035331	10.482168970814135	0.2989247311827957	0.05053763440860215	0.6645161290322581	0.0	0.004301075268817204	0.9047619047619048	0.722885766259315	4.650793650793651	1.6443661971830985	0.004933702115053763	4.1634086683417085e-05	0.004011579818031431	1.0129032258064516	36.55555555555556	2.184485588858305	3.1167315175097277	2.029895366218236	0.37526881720430105	0.6662093862815885	0.7514462378195148	0.8938697932796601	0.17419354838709677	0.9002112979540119	841	398	63
21-334_de_amateur	de	15.421875	1.878419452887538	12.58988079407295	10.482787753292808	0.30192502532928067	0.07700101317122594	0.6646403242147924	0.0060790273556231	0.008105369807497468	0.90625	0.726786515388703	4.703125	1.8344370860927153	0.005202459169503546	3.142238304668305e-05	0.0038615205214964352	1.2087132725430598	38.40625	2.1110595944899244	3.1238866396761136	2.0547945205479454	0.3495440729483283	0.655011261261261	0.608643841243385	0.6890888908815619	0.14285714285714285	0.887482873687073	873	407	64
21-335_de_amateur	de	15.462962962962964	1.8838323353293414	12.669777112441786	9.853856509203816	0.31736526946107785	0.0407185628742515	0.6275449101796408	0.0	0.013173652694610778	0.9444444444444444	0.6856578171722332	5.277777777777778	1.6917562724014337	0.005421483802994012	3.8495978260869565e-05	0.004637533443750797	1.0610778443113773	38.129629629629626	2.166632044012505	3.101161665053243	2.0753424657534247	0.35568862275449104	0.6364809782608699	0.6942998036317679	0.795551793246363	0.16167664670658682	0.8896136762671805	761	345	54
21-336_de_amateur	de	14.202380952380953	1.7376362112321877	10.453035863968388	9.591666594818983	0.30259849119865884	0.04358759430008382	0.6462699077954736	0.003352891869237217	0.008382229673093043	0.9404761904761905	0.685019550481034	4.928571428571429	1.732620320855615	0.005097736869404862	3.705425762711865e-05	0.0032996713633763088	1.3185247275775356	35.845238095238095	2.2561274864965997	3.0271523178807946	2.016634050880626	0.3520536462699078	0.6706215722120641	0.6952182795403341	0.7496454574570128	0.16093880972338642	0.9025250978944277	1049	472	84
21-337_de_amateur	de	15.071428571428571	1.7946287519747235	11.464476416158881	10.846649018280297	0.315955766192733	0.08372827804107424	0.6729857819905213	0.00631911532385466	0.00315955766192733	0.9523809523809523	0.7025031519758407	4.904761904761905	1.7783251231527093	0.0049955824928909955	3.523717838827839e-05	0.005840394465986882	0.7693522906793049	39.642857142857146	2.1861075965294647	3.004778972520908	2.0692567567567566	0.41390205371248023	0.6671535580524343	0.7442519557157034	0.7847461969517713	0.1263823064770932	0.8990909128464476	553	273	42
21-34_de_amateur	de	14.25	1.8070175438596492	11.290307017543864	10.281610025062657	0.3032581453634085	0.06140350877192982	0.6428571428571429	0.0012531328320802004	0.006265664160401002	0.9285714285714286	0.7023331989452799	4.660714285714286	1.7848605577689243	0.005534744912155388	3.430480195439739e-05	0.004319308910574308	1.0714285714285714	35.80357142857143	2.340682763653145	3.0849056603773586	1.924554183813443	0.37218045112781956	0.6460515021459218	0.6403185703858718	0.7430429770120924	0.15914786967418545	0.9038392429333598	698	307	56
21-348_de_amateur	de	11.05	1.7782805429864252	9.703210407239819	9.805290015082957	0.3092006033182504	0.043740573152337855	0.6621417797888386	0.006033182503770739	0.0030165912518853697	0.75	0.7048710616826075	3.6885245901639343	1.8333333333333333	0.005065504940286576	4.1823651587301593e-05	0.0048424227990791465	0.6606334841628959	27.0	2.0281151630350314	3.039274924471299	2.044515103338633	0.41025641025641024	0.6426595744680854	0.6351579281723978	0.8492265446297664	0.16289592760180996	0.916713845497844	563	252	61
21-35_de_amateur	de	15.6	1.8064102564102564	11.809641025641028	10.084948205128205	0.316025641025641	0.05512820512820513	0.6724358974358975	0.00641025641025641	0.008333333333333333	0.9	0.7287363978917123	5.06	1.6906614785992218	0.005113916101025641	4.5862873402417964e-05	0.0024475524475524478	1.817948717948718	39.09	2.2589543495923485	3.0878533231474408	1.9289036544850497	0.3269230769230769	0.6626351813826178	0.7540078307134244	0.8730348764215492	0.1346153846153846	0.9017920964619569	1335	579	100
21-350_de_amateur	de	7.839506172839506	2.0188976377952756	11.29039953339166	10.010174880917663	0.3464566929133858	0.07874015748031496	0.6755905511811023	0.0015748031496062992	0.0	0.4691358024691358	0.770256502796373	2.831460674157303	1.6952789699570816	0.004074861285984252	5.507112909698997e-05	0.006116095953122139	0.8834645669291339	16.674157303370787	1.7510937796253911	3.272727272727273	2.2881773399014778	0.33070866141732286	0.6162500000000012	1.0223216539917608	0.5638251771247903	0.13385826771653545	0.8630873830230138	584	299	89
21-354_de_amateur	de	11.983333333333333	1.9415855354659248	11.994209318497916	10.711714863235978	0.3435326842837274	0.06397774687065369	0.6689847009735744	0.0	0.009735744089012517	0.9166666666666666	0.689651402953638	4.533333333333333	1.8189655172413792	0.005153705082336579	4.2990424834437086e-05	0.005054445537501272	0.8595271210013908	28.933333333333334	2.0919586207327545	3.2524271844660193	2.1389891696750905	0.4200278164116829	0.6590483870967747	0.659499543699176	0.8310976513720945	0.13908205841446453	0.9103517154581582	639	302	60
21-355_de_amateur	de	13.013513513513514	1.853582554517134	11.357544413572452	10.104037029552918	0.3291796469366563	0.06749740394600208	0.67601246105919	0.014537902388369679	0.013499480789200415	0.9459459459459459	0.7291126729709313	4.554054054054054	1.6829268292682926	0.004626149352828764	6.0084626233766235e-05	0.004210327574813556	0.9771547248182763	31.43243243243243	2.0604294784291666	3.108108108108108	2.0305522914218566	0.35202492211838005	0.6675925925925915	0.7237247461894892	0.8758783956692431	0.13187954309449637	0.888300164086472	832	385	74
21-356_de_amateur	de	9.0	2.0444444444444443	12.044444444444444	11.632077777777777	0.3888888888888889	0.09444444444444444	0.6777777777777778	0.0	0.0	1.0	0.7147977581414114	3.45	1.7424242424242424	0.004970795836111111	2.9560617647058822e-05	0.015811965811965815	0.2833333333333333	24.3	2.2777828421578423	3.0508130081300813	2.128654970760234	0.5611111111111111	0.6411111111111113	-1	-1	0.14444444444444443	0.9100537121674841	158	85	20
21-357_de_amateur	de	12.73972602739726	1.6827956989247312	9.235482397996762	9.062684342318457	0.31827956989247314	0.05053763440860215	0.6580645161290323	0.016129032258064516	0.001075268817204301	0.9452054794520548	0.7024906730112727	4.63013698630137	1.703583061889251	0.005223543118064516	5.270098888888889e-05	0.003973819541841982	0.886021505376344	30.356164383561644	2.0416081120648712	3.093525179856115	2.020935960591133	0.4096774193548387	0.6712033694344144	0.7097665439856522	0.8260121252126768	0.14086021505376345	0.9139997058827072	800	360	73
21-358_de_amateur	de	12.235294117647058	1.7848557692307692	10.243062782805428	9.644479157239822	0.296875	0.06971153846153846	0.6923076923076923	0.009615384615384616	0.0	0.9264705882352942	0.7502019480185972	4.514705882352941	1.7067669172932332	0.004562958112019231	5.86695205882353e-05	0.004219517184942717	0.8389423076923077	29.720588235294116	2.20035266505219	3.1505695889053986	2.093544137022398	0.4110576923076923	0.6787721691678037	0.7454582914143989	0.8956471754951157	0.16346153846153846	0.9260959109326756	726	340	68
21-36_de_amateur	de	15.208530805687204	1.825179183546276	11.878441380064068	10.652338148778835	0.3134933000934871	0.06294795886569024	0.6540978497974447	0.004362729822374571	0.004985976939856653	0.8672985781990521	0.6717425829301391	5.127962085308057	1.7104532839962998	0.00531055684590215	4.5391288785834736e-05	0.0014791731588241405	2.2648800249298846	39.14691943127962	2.384760014556585	3.067608354460944	1.9674600783368486	0.2692427547522593	0.6444758842443913	0.7495302872489626	0.8485229351911551	0.15736989716422561	0.8937332851278453	2714	1186	211
21-37_de_amateur	de	11.59349593495935	1.5336605890603086	7.028658365545791	7.154610640942314	0.3232819074333801	0.07573632538569425	0.6788218793828892	0.061009817671809255	0.0021037868162692847	0.7073170731707317	0.7245454549177854	3.7398373983739837	1.9084821428571428	0.005258899883730715	7.290276647727272e-05	0.003078712414052612	1.3422159887798037	26.691056910569106	2.0249066322687503	3.0063310220078385	1.8316361167684996	0.3155680224403927	0.6138658628485274	0.6580293932513986	0.7062337193430254	0.09256661991584852	0.8788169916846216	1174	528	123
21-38_de_amateur	de	14.572519083969466	1.7729177579884756	11.013711987012105	10.201519952495014	0.3111576741749607	0.071765322158198	0.678365636458879	0.006809848088004191	0.006809848088004191	0.9007633587786259	0.700945369356771	4.775665399239544	1.758957654723127	0.004823931255500262	4.4976501158827536e-05	0.001137837164767409	3.0165007857517026	37.741444866920155	2.3055770856151683	3.0197592778335003	1.9448192771084338	0.29387113672079623	0.6964614143587011	0.683226328690221	0.8056630007455877	0.14064955474070193	0.9076156727098069	3227	1467	263
21-39_de_amateur	de	16.72093023255814	1.6244784422809457	10.100008409612837	9.601831329042273	0.303894297635605	0.07510431154381085	0.6383866481223922	0.002086230876216968	0.004867872044506259	0.9651162790697675	0.6845357967058008	5.383720930232558	1.8727678571428572	0.004915633406884562	4.4875227485380115e-05	0.002987325902564203	1.3852573018080667	42.52325581395349	2.205252664988639	2.9707889707889708	2.023241206030151	0.30528511821974963	0.6448917102315139	0.6226785197198084	0.724618420772627	0.1474269819193324	0.8860872859956253	1195	513	86
21-40_de_amateur	de	14.875	1.76890756302521	11.084359243697481	10.00941092436975	0.3172268907563025	0.08403361344537816	0.657563025210084	0.0	0.0063025210084033615	0.9375	0.7035069220203546	4.6875	1.8609271523178808	0.0048209433695378156	3.876503259668508e-05	0.007080610021786492	0.5819327731092437	39.625	2.344663005864507	2.9701726844583987	2.0584905660377357	0.4222689075630252	0.6537931034482742	-1	-1	0.14915966386554622	0.9059407311358165	406	181	32
21-42_de_amateur	de	13.81159420289855	1.7859391395592865	10.870603585930017	10.743070848730936	0.32214060860440713	0.05141657922350472	0.7009443861490031	0.001049317943336831	0.011542497376705142	0.9565217391304348	0.7270674116341529	4.855072463768116	1.588785046728972	0.00444786516610703	4.187513537234043e-05	0.004640317127200653	0.8069254984260231	37.11594202898551	2.30445551589506	3.0070230198985564	2.144700460829493	0.378803777544596	0.685269320843091	0.803930197225971	0.8313219399931892	0.17733473242392445	0.9118965312272691	806	376	69
21-43_de_amateur	de	12.86	1.9331259720062208	12.236286469673406	11.756513928460341	0.37947122861586313	0.05443234836702955	0.6796267496111975	0.0015552099533437014	0.006220839813374806	0.92	0.7190302457784101	4.74	1.6304347826086956	0.004643034128926905	3.199761413427562e-05	0.007241446345256609	0.6516329704510109	34.52	2.288687696960953	2.9643062751871043	2.111111111111111	0.40435458786936235	0.652720588235293	0.5527864315325275	0.8543851290682687	0.14618973561430793	0.8967571788055274	558	283	50
21-45_de_amateur	de	14.395061728395062	1.8113207547169812	11.397658979734455	10.084152777248375	0.33704974271012006	0.06174957118353345	0.6415094339622641	0.005145797598627788	0.0017152658662092624	0.9135802469135802	0.7231533172988247	4.864197530864198	1.7544757033248082	0.005125031397855918	4.3878085377358485e-05	0.003165674503077389	1.4854202401372212	38.17283950617284	2.3456941653123033	2.956171446986787	1.9253617669459253	0.3713550600343053	0.6530834114339306	0.6952222346520252	0.8000026604028275	0.13293310463121785	0.9185244445594304	973	424	81
21-46_de_amateur	de	13.893333333333333	1.6468330134357005	9.26102955854127	8.477859767114522	0.30038387715930903	0.05758157389635317	0.6957773512476008	0.008637236084452975	0.013435700575815739	0.96	0.7383009819129006	4.84	1.648967551622419	0.004593598526785029	6.248596375321337e-05	0.004362240446693422	0.6679462571976967	33.666666666666664	2.012876158504659	3.0977056962025316	2.0301263362487854	0.3570057581573896	0.665461293743374	0.7744256401991404	0.8625056549670952	0.17562380038387715	0.8942144450499928	888	389	75
21-47_de_amateur	de	13.893333333333333	1.6468330134357005	9.26102955854127	8.477859767114522	0.30038387715930903	0.05758157389635317	0.6957773512476008	0.008637236084452975	0.013435700575815739	0.96	0.7383009819129006	4.84	1.648967551622419	0.004593598526785029	6.248596375321337e-05	0.004362240446693422	0.6679462571976967	33.666666666666664	2.012876158504659	3.0977056962025316	2.0301263362487854	0.3570057581573896	0.665461293743374	0.7744256401991404	0.8625056549670952	0.17562380038387715	0.8942144450499928	888	389	75
21-49_de_amateur	de	14.072727272727272	1.7967269595176572	11.099741758671993	9.450677484926787	0.2954349698535745	0.05900086132644272	0.6498708010335917	0.008613264427217916	0.00818260120585702	0.9393939393939394	0.7161205783119454	4.787878787878788	1.7335203366058907	0.005016661116666666	3.956439489216799e-05	0.0020647685285807432	1.9646856158484065	35.13939393939394	2.206606043121906	3.0801375752364573	2.007843137254902	0.27820844099913866	0.6664012595591613	0.7301279199188867	0.8417683122188107	0.17140396210163653	0.8790671999045737	2029	881	165
21-5_de_amateur	de	14.205128205128204	1.4747292418772564	7.351805054151626	8.215007183189854	0.27978339350180503	0.05956678700361011	0.6841155234657039	0.019855595667870037	0.016245487364620937	0.9487179487179487	0.678261110845232	4.809523809523809	1.7030303030303031	0.00477426222599278	7.891780677966101e-05	0.0062424789410348985	0.26895306859205775	34.76190476190476	2.198730082721795	2.9945167923235094	2.1353179972936402	0.4693140794223827	0.6577362637362625	-1	-1	0.18231046931407943	0.9312484790134081	442	177	42
21-51_de_amateur	de	10.25	1.7975609756097561	9.618719512195124	10.715751219512194	0.32926829268292684	0.026829268292682926	0.6780487804878049	0.0	0.00975609756097561	0.825	0.6629684848849935	4.275	1.4929577464788732	0.005191064325853658	3.0247061728395064e-05	0.007317073170731707	0.9	27.05	2.5574974327573012	3.0467461044912922	2.101298701298701	0.43414634146341463	0.6535691318327959	-1	-1	0.17317073170731706	0.9012050439062884	356	162	40
21-53_de_amateur	de	14.03896103896104	1.8566142460684552	11.79324290880258	10.710621408748514	0.32377428307123035	0.06753006475485661	0.6771507863089732	0.012025901942645698	0.0074005550416281225	0.935064935064935	0.7341944170665855	4.766233766233766	1.7363896848137537	0.0049257942333950045	3.522594145785877e-05	0.0032685784767190872	1.2627197039777984	37.077922077922075	2.2830011671033343	3.010839160839161	2.062146892655367	0.3996299722479186	0.6814663951120165	0.7194838763138829	0.795155930775082	0.1572617946345976	0.919502328750199	926	439	77
21-57_de_amateur	de	12.894736842105264	1.8	10.678947368421056	10.37665306122449	0.32653061224489793	0.0673469387755102	0.6795918367346939	0.006122448979591836	0.004081632653061225	0.9210526315789473	0.6852982793360901	4.526315789473684	1.7361963190184049	0.004815408513877551	3.6721030208333335e-05	0.005293367346938776	0.6387755102040816	32.73684210526316	2.4334824656762746	3.098804780876494	2.0473118279569893	0.48775510204081635	0.7119437340153438	-1	-1	0.11836734693877551	0.9344097404010218	425	192	38
21-58_de_amateur	de	12.38	1.7996768982229403	10.4743873990307	9.900590281098546	0.3198707592891761	0.051696284329563816	0.6397415185783522	0.009693053311793215	0.008077544426494346	0.9	0.6794798019287815	4.2	1.7653061224489797	0.0054116906977382875	5.1804408130081306e-05	0.005545125092782605	0.8336025848142165	29.98	1.9432595550589544	3.1610113107119093	1.9858407079646017	0.420032310177706	0.678346153846154	0.6441808535508605	0.7332790614838189	0.15347334410339256	0.905232789193745	535	246	50
21-6_de_amateur	de	20.0	1.579591836734694	10.84918367346939	8.927234693877551	0.27448979591836736	0.0663265306122449	0.6775510204081633	0.026530612244897958	0.0163265306122449	1.0	0.7313685627211165	5.775510204081633	1.8216783216783217	0.004130760428469388	6.272088680351906e-05	0.004107142857142858	0.5693877551020409	45.02040816326531	2.1130587937072844	3.140973169622556	1.850178359096314	0.3846938775510204	0.7183314415437034	0.6248802016424336	0.836247643697739	0.16326530612244897	0.9209098518441508	838	341	49
21-62_de_amateur	de	15.748275862068965	1.9892708561418875	14.02522368868117	12.016563661952691	0.33107072476461574	0.06546967374644186	0.6879789796365229	0.012918765053645719	0.006787825706152836	0.9413793103448276	0.7053529225791326	5.201365187713311	1.6776273372018053	0.0050507629266247425	4.9193068061440674e-05	0.0009615698186341424	3.846726516312678	40.84982935153584	2.2646908388422564	3.1126065875271696	2.078953408308469	0.290562732647252	0.6898612354520965	0.7699942693099422	0.8523953314543726	0.14495292314429603	0.9003016529544535	3916	1888	293
21-63_de_amateur	de	10.559322033898304	2.1123595505617976	13.453978289849555	11.73385732785592	0.38041733547351525	0.05778491171749599	0.6773675762439807	0.0016051364365971107	0.004815409309791332	0.8135593220338984	0.6740924272951994	4.033898305084746	1.5299145299145298	0.0049374449600321025	2.9518953816793893e-05	0.006038370404341512	0.8764044943820225	28.983050847457626	2.2320645232588947	2.954861111111111	2.1420029895366217	0.38041733547351525	0.612137404580154	0.8277782786659591	0.9304660613340477	0.1332263242375602	0.869951038982344	533	262	59
21-65_de_amateur	de	11.689655172413794	1.6622418879056047	8.583419794527515	9.481118014444107	0.3333333333333333	0.048672566371681415	0.6489675516224189	0.01032448377581121	0.014749262536873156	0.8793103448275862	0.6571506326953509	4.724137931034483	1.6	0.004499818693657817	4.3201853750000006e-05	0.005628008073280547	0.7595870206489675	30.06896551724138	2.2905823182309786	2.959090909090909	1.9346991037131882	0.38200589970501475	0.6562867012089816	0.7741085911744643	0.8042249661472626	0.16371681415929204	0.8977020735436467	561	240	58
21-7_de_amateur	de	9.2	1.6280193236714975	7.2086280193236725	8.062442898550726	0.3357487922705314	0.08454106280193237	0.717391304347826	0.06521739130434782	0.014492753623188406	0.6888888888888889	0.6844047044651882	3.230769230769231	1.7313432835820894	0.003224309404347826	6.36360925531915e-05	0.008115942028985506	0.2922705314009662	19.346153846153847	1.7172107679431365	3.0486593843098313	1.9705159705159705	0.5072463768115942	0.6318095238095242	-1	-1	0.1280193236714976	0.925091335079102	346	188	52
21-71_de_amateur	de	13.851063829787234	2.046082949308756	13.95569369546034	12.372664385397261	0.3241167434715822	0.06144393241167435	0.674347158218126	0.0015360983102918587	0.007680491551459293	0.9148936170212766	0.7155979717623334	5.0	1.5406698564593302	0.004963172010906298	3.068496278195488e-05	0.006861239119303635	0.4731182795698925	34.9375	2.251570570195873	3.1308466548253406	2.1456483126110126	0.3932411674347158	0.6350905797101445	0.8405785747486235	0.8238549086272754	0.13671274961597543	0.8850444505241474	574	266	48
21-74_de_amateur	de	12.119047619047619	1.8978388998035363	11.530927589110298	11.412974702965666	0.38703339882121807	0.060903732809430254	0.6738703339882122	0.0019646365422396855	0.0	0.9285714285714286	0.6836555993880091	4.348837209302325	1.5508021390374331	0.003945474341846758	2.379621256281407e-05	0.007981335952848723	0.6895874263261297	36.06976744186046	2.4300403253284286	2.804361770365619	2.101024890190337	0.4106090373280943	0.6456585365853642	-1	-1	0.14145383104125736	0.8980382480341629	420	199	43
21-75_de_amateur	de	13.222222222222221	1.9140989729225024	12.153034547152195	10.479705135387489	0.3473389355742297	0.05228758169934641	0.6666666666666666	0.004668534080298786	0.0028011204481792717	0.8765432098765432	0.731438913172018	4.654320987654321	1.7066666666666668	0.004997516753221289	3.409150728929385e-05	0.0032175032175032177	1.8832866479925303	34.75308641975309	2.3523350148891042	2.9707024355806566	1.9897388059701493	0.3622782446311858	0.6623559670781882	0.7372607120580743	0.8002624037496565	0.13352007469654528	0.8993789467563988	926	439	81
21-79_de_amateur	de	12.045454545454545	1.874932614555256	11.231932124479297	10.238083557951484	0.3013477088948787	0.07708894878706199	0.6857142857142857	0.013477088948787063	0.00862533692722372	0.8701298701298701	0.6809365968987603	4.27741935483871	1.7692307692307692	0.00464224493671159	4.041166191709845e-05	0.0024406859986374815	1.523989218328841	29.729032258064517	2.1529496045886685	3.1593073593073595	2.08040842373963	0.3035040431266846	0.6704271070615069	0.6890562972104664	0.8096822625833964	0.15633423180592992	0.8797320456888508	1635	772	155
21-84_de_amateur	de	14.137254901960784	1.725381414701803	10.283030105245981	10.39461587120285	0.3210818307905687	0.06588072122052704	0.6699029126213593	0.017337031900138695	0.011095700416088766	0.9607843137254902	0.7077998484879968	5.0	1.7957446808510638	0.004837218536893204	5.159799151515151e-05	0.0028162105476810663	1.7198335644937586	35.857142857142854	2.2642516440428513	3.09009009009009	2.0748416810592976	0.3155339805825243	0.6534623976172733	0.6659575694817088	0.7806767851960432	0.12482662968099861	0.8986859848070574	1162	495	105
21-88_de_amateur	de	14.896907216494846	1.6816608996539792	10.063392430349946	10.28985285199586	0.3121107266435986	0.061591695501730104	0.6698961937716263	0.01522491349480969	0.007612456747404845	0.9690721649484536	0.714382803512374	5.041237113402062	1.853448275862069	0.005438926126366783	4.18785746124031e-05	0.0030504461846658166	1.4152249134948096	38.16494845360825	2.2057062503690563	3.0299272040981395	2.026925485284909	0.30242214532871975	0.6376597325408624	0.6706617314861356	0.7280458375263452	0.1259515570934256	0.8865257151254633	1194	516	97
21-91_de_amateur	de	11.161904761904761	1.9428327645051195	11.688569478303268	10.886765356736552	0.3293515358361775	0.06228668941979522	0.6825938566552902	0.016211604095563138	0.008532423208191127	0.7714285714285715	0.6725897353863056	3.767857142857143	1.6928934010152283	0.004652082427303754	4.692364620390456e-05	0.0033452516387669972	1.257679180887372	29.508928571428573	2.2524775381675144	3.0078407720144753	2.0663544106167056	0.37542662116040953	0.678052190121159	0.7200362866241982	0.8914587499189759	0.14249146757679182	0.909112544801026	999	461	112
21-92_de_amateur	de	14.722972972972974	1.9183111519045433	12.788031051933071	10.760480989295857	0.30931620009178523	0.06975676916016521	0.6975676916016521	0.006424965580541533	0.007801743919229004	0.9391891891891891	0.7196101721673237	4.684210526315789	1.759018759018759	0.005122203296424966	5.2600057671381937e-05	0.001970682720082067	1.3786140431390546	35.16447368421053	1.9949177629091235	3.210565615083069	2.0560961648540355	0.3244607618173474	0.6747788461538525	0.8358606182263995	0.9429180388361104	0.1486920605782469	0.9014135796379049	1933	919	152
21-93_de_amateur	de	13.430232558139535	1.7541125541125542	10.34631883620256	10.160578173764222	0.3220779220779221	0.06926406926406926	0.6883116883116883	0.02943722943722944	0.013852813852813853	0.9186046511627907	0.7180980120049469	4.355555555555555	1.7866666666666666	0.004044117436017316	6.84374452115813e-05	0.004344746162927981	0.9523809523809523	31.677777777777777	2.132005318716815	3.1292350681103738	1.9982142857142857	0.31861471861471863	0.66362689393939	0.5660169353909906	0.7371585493602277	0.13766233766233765	0.8778896467655907	986	449	90
21-94_de_amateur	de	12.311475409836065	1.9547270306258322	12.277254371220888	10.959004653904085	0.3182423435419441	0.07856191744340879	0.6977363515312917	0.002663115845539281	0.0039946737683089215	0.8852459016393442	0.7299958092007676	4.338709677419355	1.805668016194332	0.004973048721438083	4.0924259880239524e-05	0.0045446650842355125	0.8615179760319573	31.822580645161292	2.2022317463087298	3.0891238670694863	2.114685314685315	0.4047936085219707	0.6657208588957053	0.6794836876725656	0.798987408391864	0.1478029294274301	0.8992634458583948	660	334	62
21-95_de_amateur	de	10.183673469387756	1.7267869071476285	8.757718157403243	8.71696204108898	0.3046092184368738	0.05477621910487642	0.7027388109552438	0.006012024048096192	0.008016032064128256	0.8231292517006803	0.7247505991474936	3.72972972972973	1.6135881104033971	0.004420958046098864	5.628889364261169e-05	0.003096139368684459	0.8229792919171677	24.195945945945947	2.149098152938525	3.155124653739612	2.121019108280255	0.33734134936539745	0.6779470672389186	0.7308216983896578	0.8596036352127061	0.15965263861055445	0.9035732885362634	1303	582	148
21-98_de_amateur	de	7.225806451612903	2.0892857142857144	11.881635944700463	11.50770841013825	0.35267857142857145	0.05803571428571429	0.6741071428571429	0.004464285714285714	0.004464285714285714	0.7096774193548387	0.5730705514529043	3.5161290322580645	1.6904761904761905	0.004704905191517858	4.844504375e-05	0.014384920634920634	0.10714285714285714	18.903225806451612	2.410274088323874	3.0883333333333334	2.1490384615384617	0.59375	0.7207200000000002	-1	-1	0.15625	0.9459155902275416	195	96	31
21-99_de_amateur	de	12.847826086956522	1.7749576988155669	10.365153019936734	9.707149753549622	0.3197969543147208	0.06091370558375635	0.6852791878172588	0.001692047377326565	0.008460236886632826	0.9565217391304348	0.7344575055720568	4.413043478260869	1.8914285714285715	0.004829287187648054	4.3152373484848486e-05	0.005949456907374051	0.4602368866328257	28.934782608695652	1.8181239567096696	3.262135922330097	2.0951276102088165	0.43485617597292725	0.6713414634146351	0.8483523941428303	0.8801198442253533	0.1505922165820643	0.9056495878701757	530	264	46
22-12_de_amateur	de	14.35483870967742	1.8112359550561798	11.380971366437116	11.747949256977165	0.28314606741573034	0.09213483146067415	0.7078651685393258	0.0056179775280898875	0.0033707865168539327	0.8709677419354839	0.7002852865093028	5.064516129032258	1.8288973384030418	0.004721493137191011	5.6631553735632183e-05	0.0044301765650080266	0.4393258426966292	36.193548387096776	2.20768550588331	3.2108060230292295	2.1121593291404612	0.42696629213483145	0.6994690265486733	0.8391862076775677	0.8755845602946306	0.16292134831460675	0.9407281369636616	744	348	62
22-14_de_amateur	de	13.2	1.75	10.208000000000002	10.873984444444444	0.2878787878787879	0.08333333333333333	0.75	0.005050505050505051	0.010101010101010102	0.9666666666666667	0.7574235932083323	4.612903225806452	1.5746268656716418	0.0041921437303030305	8.078497957746479e-05	0.007309941520467838	0.23232323232323232	34.32258064516129	2.1763154574385113	3.0785241248817408	2.112526539278132	0.5050505050505051	0.6974074074074065	-1	-1	0.15151515151515152	0.9371575814006248	328	142	31
22-15_de_amateur	de	12.971698113207546	1.8349090909090908	11.120889536878217	10.75858065180103	0.2872727272727273	0.0669090909090909	0.7316363636363636	0.002909090909090909	0.006545454545454545	0.9245283018867925	0.7314301908664301	4.8584905660377355	1.6696428571428572	0.004540965159418182	6.558988091603054e-05	0.003235109717868338	0.9374545454545454	33.24528301886792	2.3605005110161486	3.268774703557312	2.237231182795699	0.3483636363636364	0.678518808777437	0.7382684113724175	0.8241818766604635	0.14981818181818182	0.9071596506692464	1181	524	106
22-17_de_amateur	de	17.328	1.8190212373037857	12.632370600184675	11.56084270803324	0.2502308402585411	0.08679593721144968	0.7303785780240074	0.003693444136657433	0.010156971375807941	0.976	0.7173244192603891	5.76	1.7130307467057102	0.004917928579870729	7.161150064102564e-05	0.0021483533394890736	0.920129270544783	42.016	2.20774356255915	3.2644989541737974	2.099618684461392	0.30009233610341646	0.6714175133043171	0.7040835476305494	0.8215899072032354	0.16204986149584488	0.9041534165585481	1872	780	125
22-19_de_amateur	de	8.397727272727273	2.1123139377537212	12.610418101857551	13.028991745602166	0.3680649526387009	0.08389715832205684	0.7658998646820027	0.014884979702300407	0.0040595399188092015	0.6931818181818182	0.7509745924266953	3.5652173913043477	1.5547445255474452	0.004525574737713126	3.6587796236559136e-05	0.004220632772730202	0.8267929634641408	21.32608695652174	2.0418317573575115	3.256048387096774	2.1373092926490984	0.476319350473613	0.6962187499999996	0.9891003464988942	0.8886102604632796	0.12584573748308525	0.9187661483398918	653	372	92
22-2_de_amateur	de	8.766404199475065	1.9865269461077844	11.269915601867133	11.618730806104328	0.3598802395209581	0.08203592814371258	0.7479041916167665	0.0017964071856287425	0.0068862275449101795	0.6824146981627297	0.7434240431017076	3.56020942408377	1.5485164394546913	0.004104005768173653	4.6610242665773614e-05	0.0014055222887558217	3.4437125748502995	23.32460732984293	2.2896687365139448	3.1251792213521563	2.1570272700029967	0.31017964071856285	0.6962264733107145	0.7190551574826014	0.7412344684843202	0.1155688622754491	0.8973331599043841	2908	1493	382
22-20_de_amateur	de	11.615384615384615	1.9630242825607065	12.10368653421634	12.306683919171336	0.30960264900662254	0.08609271523178808	0.7146799116997793	0.004415011037527594	0.00772626931567329	0.8461538461538461	0.7045772670090131	4.4743589743589745	1.7427101200686106	0.004564604821523179	3.8326361647361646e-05	0.002307846678707606	1.5016556291390728	30.55128205128205	2.2269249072354302	3.1938371850926504	2.131609195402299	0.347682119205298	0.7082661996497416	0.7968077017870612	0.8923854912321852	0.1434878587196468	0.9089907108697578	1575	777	156
22-23_de_amateur	de	12.570552147239264	1.8208882381649585	10.798996547769825	10.996908568896394	0.2796486090775988	0.05710102489019034	0.7330405075646657	0.005856515373352855	0.005856515373352855	0.950920245398773	0.7597785829228754	4.2	1.6324655436447166	0.004514455206832601	6.265205275397797e-05	0.0018460754981220956	1.3235724743777453	30.56969696969697	2.01151028269775	3.1848191342162484	2.0691382765531063	0.3474865788189361	0.714215384615392	0.665369286927578	0.8008522311855623	0.1683748169838946	0.9107294325493004	1761	817	165
22-24_de_amateur	de	12.50561797752809	1.853548966756514	11.159068818962819	11.252579038331465	0.3189577717879605	0.05929919137466307	0.7151841868823001	0.008984725965858042	0.006289308176100629	0.9438202247191011	0.7558788065449324	4.46067415730337	1.6758241758241759	0.004406901857592093	6.432201531914894e-05	0.003106583215313628	1.0107816711590296	30.56179775280899	2.098528721396326	3.1654492330168007	2.042430086788814	0.4141958670260557	0.6941715976331376	0.7932505192429177	0.914027279390112	0.12129380053908356	0.9163984442533797	963	470	89
22-25_de_amateur	de	13.031746031746032	1.8550548112058465	11.38202772460994	10.948731322622432	0.34226552984165654	0.05237515225334957	0.6979293544457978	0.007308160779537149	0.012180267965895249	0.9365079365079365	0.7247164333675872	4.2	1.6485507246376812	0.0047781130142509134	7.320293333333333e-05	0.0039247530112329135	1.0560292326431182	32.753846153846155	2.2395145518807182	3.143992519869098	2.06359649122807	0.4190012180267966	0.6742243767313034	0.8474881504525313	0.8799960491277452	0.12423873325213154	0.923513698348782	696	327	65
22-26_de_amateur	de	13.217391304347826	1.9605263157894737	12.698993135011442	12.223993878718536	0.27631578947368424	0.12171052631578948	0.7417763157894737	0.0	0.013157894736842105	0.8913043478260869	0.7808359795391145	4.478260869565218	1.8011049723756907	0.004229960334868422	5.83317584e-05	0.005462875939849624	0.5641447368421053	33.43478260869565	2.2878969314574897	3.2608134280180763	2.097053726169844	0.40131578947368424	0.6903929273084478	0.8409931993754916	0.7671487330608837	0.13486842105263158	0.8949882098454784	533	250	46
22-27_de_amateur	de	12.488888888888889	1.9306049822064058	12.061805456702256	9.81333795175959	0.35587188612099646	0.04092526690391459	0.6850533807829181	0.0071174377224199285	0.019572953736654804	0.9777777777777777	0.7350489796471936	4.5777777777777775	1.6030150753768844	0.004481572410142349	6.742671021276596e-05	0.005980624752866746	0.7170818505338078	28.711111111111112	1.9999469176973885	3.38366718027735	2.0739030023094687	0.42526690391459077	0.6938444924406051	1.4869606728331541	0.9775125068758851	0.14056939501779359	0.9038184163151104	504	235	45
22-29_de_amateur	de	13.976190476190476	1.7955706984667803	11.048448527622295	11.516401671128417	0.3270868824531516	0.12436115843270869	0.7325383304940375	0.013628620102214651	0.005110732538330494	0.9047619047619048	0.7380223525205781	4.340909090909091	1.832512315270936	0.004273701165587734	6.203985952380953e-05	0.006688119124234968	0.26916524701873934	33.11363636363637	1.9916364227175019	3.21120984278879	2.0248833592534994	0.4514480408858603	0.68217213114754	-1	0.935015604817167	0.12265758091993186	0.909757199482675	491	252	44
22-32_de_amateur	de	12.700934579439252	1.9779249448123621	12.702878834767183	11.954839823124482	0.3053715967623252	0.08609271523178808	0.7185430463576159	0.004047093451066961	0.006990434142752024	0.8598130841121495	0.7138237477983093	4.419354838709677	1.707814269535674	0.004486719162178072	5.119612006717045e-05	0.0016419462536259647	1.509933774834437	31.06451612903226	2.1015883757409624	3.2278649689073142	2.0336206896551725	0.3252391464311994	0.7011149293623656	0.7318741598801242	0.8524963156128139	0.15084621044885946	0.9075977679133268	2389	1191	217
22-33_de_amateur	de	12.700934579439252	1.9779249448123621	12.702878834767183	11.954839823124482	0.3053715967623252	0.08609271523178808	0.7185430463576159	0.004047093451066961	0.006990434142752024	0.8598130841121495	0.7138237477983093	4.419354838709677	1.707814269535674	0.004486719162178072	5.119612006717045e-05	0.0016419462536259647	1.509933774834437	31.06451612903226	2.1015883757409624	3.2278649689073142	2.0336206896551725	0.3252391464311994	0.7011149293623656	0.7318741598801242	0.8524963156128139	0.15084621044885946	0.9075977679133268	2389	1191	217
22-34_de_amateur	de	14.0	1.9017857142857142	12.31107142857143	11.394460714285714	0.3244047619047619	0.08928571428571429	0.6904761904761905	0.0	0.008928571428571428	1.0	0.7397400084198881	4.958333333333333	1.8095238095238095	0.004764196611904762	6.973380869565217e-05	0.009486607142857142	0.17857142857142858	35.25	2.4113727706703556	3.1943462897526502	2.085245901639344	0.5297619047619048	0.6916455696202525	-1	-1	0.12797619047619047	0.9406312896352857	292	138	24
22-35_de_amateur	de	13.724832214765101	1.7892420537897311	10.87574079847722	11.22515135951166	0.2899755501222494	0.07628361858190709	0.7354523227383863	0.0053789731051344745	0.010268948655256724	0.9194630872483222	0.7312767958261961	4.74496644295302	1.666153846153846	0.0046382899342787285	8.845966049868767e-05	0.0025211951862318606	1.110513447432763	36.308724832214764	2.3626345166461222	3.1439882157981955	2.077016129032258	0.32713936430317847	0.6851798561151157	0.700020254142947	0.769112331025217	0.1427872860635697	0.9123701186353053	1743	762	149
22-36_de_amateur	de	13.85	1.8688327316486162	11.863726233453672	11.366724813477736	0.2490974729241877	0.09025270758122744	0.7436823104693141	0.0036101083032490976	0.010830324909747292	0.9166666666666666	0.7184502838640145	4.733333333333333	1.6806083650190113	0.004398433194945848	6.356916451612903e-05	0.0037684463867249354	0.5860409145607701	36.266666666666666	2.363062997450095	3.1322049405306496	1.98	0.41034897713598073	0.7057786885245916	0.7495523474984607	0.8493547755195321	0.1648616125150421	0.9270553421214868	718	310	60
22-37_de_amateur	de	14.152542372881356	1.7748502994011977	10.872725058357862	11.033197300314626	0.27065868263473053	0.08742514970059881	0.7245508982035929	0.003592814371257485	0.019161676646706587	0.8813559322033898	0.661603916054508	4.88135593220339	1.646643109540636	0.004443492700598802	7.860136920529802e-05	0.004614300810144417	0.518562874251497	38.28813559322034	2.7593932698631396	3.0365799911855444	1.9716446124763705	0.38203592814371257	0.6807880434782622	0.7372041032856794	0.8326227596922462	0.1437125748502994	0.9093815287525477	707	302	59
22-38_de_amateur	de	13.666666666666666	1.8070953436807096	11.063725055432375	11.282649815225424	0.29490022172949004	0.1197339246119734	0.746119733924612	0.0066518847006651885	0.007760532150776054	0.9090909090909091	0.7217129421138309	4.696969696969697	1.7725752508361203	0.004395164481374723	8.862530087463556e-05	0.004089677260408968	0.8126385809312638	37.60606060606061	2.5787618454800816	3.034827862289832	1.9787414965986394	0.3869179600886918	0.6710709838107107	0.7944692511592739	0.896340438561335	0.14079822616407983	0.9075988373392996	749	343	66
22-39_de_amateur	de	15.278481012658228	1.7274233637116818	10.752203286734556	10.135427808249348	0.2593206296603148	0.07125103562551781	0.728251864125932	0.004142502071251036	0.007456503728251864	0.8987341772151899	0.7063782039320204	5.012658227848101	1.6157760814249365	0.004772225342584921	8.908851509433962e-05	0.0028666114333057166	0.7572493786246893	38.936708860759495	2.4747890529417718	3.0891760904684977	2.0121255349500715	0.3620546810273405	0.68175090252708	0.7507637993234135	0.8213480179202294	0.15907207953603977	0.9253997718125453	1020	424	79
22-4_de_amateur	de	9.81132075471698	1.8639423076923076	10.230934325108855	11.162823022496372	0.35096153846153844	0.08413461538461539	0.7216346153846154	0.0019230769230769232	0.007692307692307693	0.75	0.6738058977377943	3.8511627906976744	1.5969529085872576	0.003932421144182693	5.903881688781665e-05	0.0020751150558842866	1.7139423076923077	26.865116279069767	2.3291206700256892	3.0338403691676636	2.1100605143721634	0.33798076923076925	0.7173700151438648	0.7586608473625122	0.8088623564545704	0.12980769230769232	0.9087533959844363	1711	829	215
22-40_de_amateur	de	15.894736842105264	1.5966887417218543	9.449874520738934	9.643454304635764	0.2304635761589404	0.051655629139072845	0.7529801324503311	0.004635761589403974	0.009271523178807948	0.9263157894736842	0.7066354013457194	5.08421052631579	1.575371549893843	0.004463855448476822	9.107521673819742e-05	0.0026744778400407537	0.6536423841059603	41.21052631578947	2.37950441172605	3.0986741458439573	2.066358024691358	0.33708609271523177	0.6843019135364995	0.752577030044506	0.8527817902960113	0.17086092715231788	0.9239228988686176	1258	466	95
22-41_de_amateur	de	13.517241379310345	1.7627551020408163	10.482234342012667	10.686230717804364	0.22576530612244897	0.08163265306122448	0.7538265306122449	0.003826530612244898	0.007653061224489796	0.9482758620689655	0.7637898799269718	4.372881355932203	1.6470588235294117	0.004495407874362245	8.157780590277778e-05	0.004948979591836734	0.3392857142857143	34.59322033898305	2.296932672384234	3.136430317848411	1.9922480620155039	0.39413265306122447	0.6939854014598525	0.7383014687950633	0.8926737463206343	0.15943877551020408	0.9189551481651638	671	288	59
22-42_de_amateur	de	12.642857142857142	1.7638418079096045	10.15404761904762	10.42245633575464	0.25649717514124293	0.08135593220338982	0.7367231638418079	0.004519774011299435	0.003389830508474576	0.9142857142857143	0.748356095099224	4.614285714285714	1.6517241379310346	0.004540376065536723	8.41624102310231e-05	0.004044008325899495	0.6282485875706215	33.84285714285714	2.365891639307714	3.0672268907563027	2.0359389038634323	0.384180790960452	0.6749109414758279	0.7594316465492986	0.8318967866386278	0.15028248587570622	0.9272952633415452	754	303	70
22-43_de_amateur	de	14.835820895522389	1.7525150905432596	10.875648217664196	11.171756497192108	0.26156941649899396	0.10261569416498995	0.7605633802816901	0.005030181086519115	0.0030181086519114686	0.9701492537313433	0.704142885228577	5.164179104477612	1.6517857142857142	0.004125719836720321	9.515163863636364e-05	0.004103568781107699	0.5392354124748491	41.343283582089555	2.585072675983958	3.0410219503418494	2.0827285921625545	0.36217303822937624	0.6782011173184384	0.6689629922389033	0.8302707129001229	0.15392354124748492	0.9151285021733169	827	352	67
22-44_de_amateur	de	14.680555555555555	1.5789971617786187	8.76758317565437	8.842890686429097	0.24314096499526963	0.07000946073793755	0.771996215704825	0.001892147587511826	0.014191106906338695	0.9166666666666666	0.7263884372116909	4.930555555555555	1.5621468926553672	0.004222962013339641	0.00010670436435045317	0.003345870734014814	0.6385998107852412	37.541666666666664	2.3469902577938107	3.0427255985267037	2.007309941520468	0.3623462630085147	0.6798643006263027	0.7300307650533029	0.8257384788546316	0.15894039735099338	0.9342337830051634	882	331	72
22-45_de_amateur	de	15.116883116883116	1.7826460481099657	11.340807783282013	10.546640795287185	0.2663230240549828	0.08934707903780069	0.743127147766323	0.003436426116838488	0.009450171821305841	0.935064935064935	0.7108215521165003	4.922077922077922	1.643979057591623	0.004726095784707903	8.632023148558759e-05	0.003508018327605956	0.7628865979381443	38.22077922077922	2.3012643474480603	3.1752717391304346	2.0228571428571427	0.3651202749140893	0.7002441314554029	0.7873644304486985	0.8710194383866848	0.14690721649484537	0.9142237613356717	1014	451	77
22-48_de_amateur	de	17.375	1.9784172661870503	14.531573741007197	14.067869784172663	0.30935251798561153	0.1366906474820144	0.7769784172661871	0.014388489208633094	0.0	1.0	0.6737033523086654	5.875	1.7826086956521738	0.005745436870503597	3.922914754098361e-05	0.02158273381294964	0.10071942446043165	46.875	2.2722735316485316	3.1356382978723403	2.0	0.6187050359712231	0.7025000000000003	-1	-1	0.11510791366906475	0.9611688047684759	119	61	8
22-51_de_amateur	de	13.44976076555024	2.015652792600498	13.44010965125047	12.251192387050871	0.31127712557808607	0.07968694414799003	0.7025969405905371	0.007826396300249021	0.006759160441124155	0.9138755980861244	0.7131668326567374	4.624413145539906	1.7356687898089171	0.005029097508786908	6.23529695402299e-05	0.0015583767395679021	1.8769121309142653	32.08920187793427	2.0464483847766024	3.3376093294460643	2.0676484123331798	0.3354678050515831	0.6919395280236112	0.6813732045704968	0.7794777928598897	0.13945215225898258	0.9092098338001926	2509	1218	213
22-53_de_amateur	de	15.533333333333333	1.9914163090128756	13.966712446351934	12.103675479256081	0.3133047210300429	0.06437768240343347	0.6824034334763949	0.004291845493562232	0.0	1.0	0.74548060789768	4.733333333333333	1.76	0.004693880031330472	3.0515555789473684e-05	0.012160228898426323	0.2317596566523605	39.266666666666666	2.096729064794854	3.1804384485666106	2.0049261083743843	0.5622317596566524	0.7041044776119396	-1	-1	0.13304721030042918	0.9297806254725318	203	95	15
22-54_de_amateur	de	18.75	2.16	17.2105	14.8168	0.31333333333333335	0.12666666666666668	0.7	0.0	0.02	1.0	0.6517959023074111	6.625	1.875	0.004739731622	5.350915507246377e-05	0.018333333333333333	0.16666666666666666	47.75	2.1708714222210426	3.372031662269129	1.9545454545454546	0.54	0.6245098039215682	-1	-1	0.12666666666666668	0.9042383304085706	137	69	8
22-56_de_amateur	de	16.641618497109828	1.9149010072941994	13.496063099944386	11.428742940608393	0.29663077457450504	0.08058353594998263	0.7019798541160125	0.007294199374782911	0.009725599166377214	0.9248554913294798	0.7103103389447397	5.295081967213115	1.7787418655097613	0.004855499474018757	6.663945714285713e-05	0.001627026928209722	1.9930531434525878	38.16393442622951	2.017876386416183	3.3993432324386066	2.2219967532467533	0.26849600555748526	0.6499604316546889	0.7654600944846419	0.8577840659434778	0.12261201806182702	0.8827161871487761	2523	1134	183
22-57_de_amateur	de	16.666666666666668	1.7557142857142858	11.627428571428574	11.82922380952381	0.2671428571428571	0.11142857142857143	0.7271428571428571	0.002857142857142857	0.008571428571428572	0.9761904761904762	0.7145222732330236	4.3	1.7809523809523808	0.004525819797857143	5.919452264150944e-05	0.006285714285714286	0.3242857142857143	34.56	1.9439023285969657	3.2505800464037122	2.111111111111111	0.38857142857142857	0.6751081530782044	0.7570222793187094	1.0463028147214695	0.15142857142857144	0.9129026601044142	605	265	50
22-58_de_amateur	de	13.037735849056604	1.898697539797395	11.89934795074134	11.700712617753872	0.3111432706222865	0.11287988422575977	0.7091172214182344	0.001447178002894356	0.015918958031837915	0.9433962264150944	0.715360548513806	4.830188679245283	1.9036697247706422	0.004588001625904487	4.947455615942029e-05	0.005333884639239197	0.6324167872648335	33.0	2.1251573645105113	3.214001138303927	1.995732574679943	0.40955137481910275	0.6710472972972957	0.8026236712459623	0.7688389060697777	0.13748191027496381	0.8961909875748563	589	276	53
22-62_de_amateur	de	12.25	2.163265306122449	14.714030612244901	15.198557142857144	0.37755102040816324	0.08673469387755102	0.7091836734693877	0.0	0.0	1.0	0.6447691197691197	4.6875	1.7236842105263157	0.004682487710204081	2.8627269306930694e-05	0.013848396501457725	0.2857142857142857	32.75	2.47251488805816	3.269811320754717	2.051470588235294	0.5204081632653061	0.6311340206185562	-1	-1	0.1326530612244898	0.914278985733633	178	101	16
22-65_de_amateur	de	9.0	1.9652777777777777	11.110277777777778	12.37389722222222	0.3263888888888889	0.12152777777777778	0.7361111111111112	0.0	0.006944444444444444	0.65625	0.7848863971660859	3.1875	1.6914893617021276	0.004214071643402778	4.873269561403509e-05	0.01150173611111111	0.3611111111111111	24.875	2.890955435091306	3.05875	2.008695652173913	0.5451388888888888	0.7293121693121691	-1	-1	0.11805555555555555	0.9304338268929734	240	114	32
22-66_de_amateur	de	13.638297872340425	2.004680187207488	13.384162379261127	10.482094075082152	0.27769110764430577	0.07644305772230889	0.6833073322932918	0.0109204368174727	0.0187207488299532	0.9361702127659575	0.7377837508487071	4.375	1.8	0.004760014379095164	6.655263831417625e-05	0.005152933390062875	0.62402496099844	30.895833333333332	2.11318640101493	3.443020903573837	2.0386965376782076	0.41809672386895474	0.7004243542435433	0.6030829376815894	0.7474034924549514	0.1544461778471139	0.9086579678447192	568	261	48
22-67_de_amateur	de	14.473684210526315	2.036363636363636	14.083827751196171	11.891363636363636	0.3236363636363636	0.10909090909090909	0.68	0.0	0.02181818181818182	1.0	0.7389801793422921	4.631578947368421	1.9310344827586208	0.004222089076727272	6.087730080645161e-05	0.00962566844919786	0.3018181818181818	33.10526315789474	2.045296574770259	3.407232704402516	2.087431693989071	0.5345454545454545	0.6780681818181814	-1	-1	0.10545454545454545	0.9264828325633354	252	124	19
22-68_de_amateur	de	14.161764705882353	1.8213914849428867	11.425507757620181	10.310749447193206	0.3032191069574247	0.07061266874350987	0.7061266874350987	0.014537902388369679	0.007268951194184839	0.9558823529411765	0.7171601310667642	5.044117647058823	1.731629392971246	0.004473199886915888	5.577951480446928e-05	0.0037814220498050507	1.0103842159916927	34.23529411764706	2.188050561274859	3.1940042826552464	2.0055555555555555	0.3790238836967809	0.6620601851851844	0.7955580070737528	0.854497972863393	0.1391484942886812	0.9140801386736568	822	358	68
22-69_de_amateur	de	18.956521739130434	1.9128440366972477	14.37460311128839	12.47168639808536	0.2798165137614679	0.0963302752293578	0.7041284403669725	0.0022935779816513763	0.009174311926605505	1.0	0.7066712427982451	5.478260869565218	1.7826086956521738	0.0037835167298165134	6.1089053125e-05	0.00724287783679382	0.26376146788990823	44.08695652173913	2.0142358539775267	3.3826429980276136	2.032835820895522	0.5	0.7213649851632032	-1	-1	0.14678899082568808	0.9272851383073724	390	192	23
22-7_de_amateur	de	9.35576923076923	1.8211716341212745	9.548575282631042	10.156540524942685	0.3227132579650565	0.08016443987667009	0.7225077081192189	0.022610483042137718	0.0041109969167523125	0.7115384615384616	0.7115000993431364	3.881818181818182	1.6430678466076696	0.00425972929352518	6.00629806372549e-05	0.0038493880220498928	1.0298047276464544	21.936363636363637	1.9646411617459263	3.1396117306897975	2.074492099322799	0.39568345323741005	0.6575858123569838	0.779575373760188	0.8380965063428952	0.12744090441932168	0.9039228911153548	842	408	110
22-70_de_amateur	de	18.857142857142858	1.8914141414141414	14.082972582972587	12.668015295815296	0.25	0.12373737373737374	0.7095959595959596	0.010101010101010102	0.015151515151515152	1.0	0.6829807789846913	5.714285714285714	1.8583333333333334	0.004340745751262626	5.7504456896551724e-05	0.008249158249158249	0.1691919191919192	42.714285714285715	1.9510240676746728	3.3730512249443207	1.9864864864864864	0.5075757575757576	0.7313468013468006	-1	-1	0.1590909090909091	0.9279783729999843	356	174	21
22-71_de_amateur	de	15.326530612244898	1.8175765645805593	11.834750400826113	10.552802309845378	0.2822902796271638	0.07456724367509987	0.6937416777629827	0.0039946737683089215	0.013315579227696404	0.9183673469387755	0.6849580596323372	5.142857142857143	1.692	0.004377888177762982	7.757708705035971e-05	0.00480840361000148	0.748335552596538	35.795918367346935	2.1703710067184576	3.369169510807736	2.1742424242424243	0.40612516644474034	0.7094018404907974	0.7034595436336476	0.8484150194490774	0.13581890812250333	0.9187690305695275	651	278	49
22-72_de_amateur	de	14.78048780487805	2.0132013201320134	13.9301658214602	11.326363567576271	0.2739273927392739	0.08085808580858085	0.7046204620462047	0.0033003300330033004	0.018151815181518153	0.9512195121951219	0.7052885734850143	4.785714285714286	1.7323232323232323	0.004937141667821782	5.759726563706564e-05	0.005808580858085809	0.3844884488448845	33.476190476190474	2.0823002888443556	3.3867991483321505	1.9785202863961815	0.4389438943894389	0.6951282051282075	0.6182856261135821	0.7808582928894334	0.15181518151815182	0.9231703155044374	549	259	42
22-75_de_amateur	de	13.258620689655173	1.9206762028608582	12.244841262723643	10.430866086722569	0.2834850455136541	0.05851755526657997	0.7191157347204161	0.002600780234070221	0.007802340702210663	0.9482758620689655	0.7124059669012582	4.413793103448276	1.66147859922179	0.004353569929388817	5.532227077922078e-05	0.005721716514954487	0.5019505851755527	31.689655172413794	2.048797613427698	3.210924824229313	2.121739130434783	0.38881664499349805	0.6771492537313435	0.7703202078962434	0.8837294762149205	0.1599479843953186	0.9033262820229147	685	308	58
22-76_de_amateur	de	12.944444444444445	1.78826895565093	10.55990701001431	9.856693085360039	0.2675250357653791	0.05150214592274678	0.7167381974248928	0.004291845493562232	0.00715307582260372	0.9629629629629629	0.7428051514876925	4.333333333333333	1.7361111111111112	0.004135793346351931	5.208964845360825e-05	0.0053278081989048395	0.47639484978540775	28.90740740740741	1.8995949122328397	3.3373647358370464	2.1941923774954626	0.402002861230329	0.6790000000000007	0.9409867530074779	0.9847915570577261	0.15164520743919885	0.8999919859046238	623	291	54
22-77_de_amateur	de	14.027027027027026	1.8073217726396917	11.206937457688905	11.222033755142427	0.3044315992292871	0.09441233140655106	0.7263969171483622	0.0	0.005780346820809248	0.918918918918919	0.7177323937161603	4.378378378378378	1.7692307692307692	0.004530600965510597	4.534721179487179e-05	0.006447309915518008	0.5549132947976878	38.86486486486486	2.3193025221215033	3.0048342541436464	2.134393063583815	0.43545279383429675	0.6841428571428564	-1	-1	0.1464354527938343	0.9231054158823778	423	195	37
23-10_de_amateur	de	11.536458333333334	1.892099322799097	11.235990759029345	10.454365359292703	0.345823927765237	0.07358916478555305	0.6672686230248307	0.005869074492099322	0.007674943566591422	0.7916666666666666	0.7030837555458105	4.241025641025641	1.695250659630607	0.004687400447539503	3.369026435233161e-05	0.0021056433408577877	3.0081264108352146	28.379487179487178	2.140435799108647	3.1088471849865953	2.0821367030442275	0.3060948081264108	0.6677221172022824	0.6303675701162897	0.7338227445450612	0.12099322799097066	0.8883410120404346	1984	965	195
23-100_de_amateur	de	11.52	1.9895833333333333	12.379883333333332	11.636213444444444	0.3090277777777778	0.06944444444444445	0.7291666666666666	0.0	0.013888888888888888	1.0	0.7689768152539892	4.28	1.6770833333333333	0.004208808376736112	2.677708861788618e-05	0.011574074074074073	0.0625	29.12	2.0892841560674484	3.0817438692098094	2.033195020746888	0.5416666666666666	0.6853439153439151	-1	-1	0.14583333333333334	0.9350867169722185	256	123	25
23-102_de_amateur	de	11.520833333333334	2.142857142857143	14.188839285714288	12.992458740204945	0.379746835443038	0.07414104882459313	0.6962025316455697	0.0018083182640144665	0.007233273056057866	0.8333333333333334	0.6657215565199085	4.520833333333333	1.6700507614213198	0.005008829838698011	3.390502426470588e-05	0.00785683107813182	0.298372513562387	27.458333333333332	2.0329999280930258	3.3333333333333335	2.0712250712250713	0.4267631103074141	0.5899999999999999	0.7641537413834549	0.7385831727486853	0.11934900542495479	0.9086568060317601	509	272	48
23-104_de_amateur	de	11.32	2.1784452296819787	14.53045371024735	12.795566190812723	0.41519434628975266	0.07420494699646643	0.6696113074204947	0.0017667844522968198	0.0017667844522968198	0.88	0.6995443284052014	4.58	1.6476190476190475	0.004793891459717314	3.614070401459854e-05	0.006330977620730271	0.38515901060070673	28.6	2.0759662945040183	3.2825484764542936	2.1658653846153846	0.44346289752650175	0.628779443254816	0.7608947016297699	0.8491536009597723	0.08303886925795052	0.9096434959483133	510	274	50
23-11_de_amateur	de	11.52	1.9895833333333333	12.379883333333332	11.636213444444444	0.3090277777777778	0.06944444444444445	0.7291666666666666	0.0	0.013888888888888888	1.0	0.7689768152539892	4.28	1.6770833333333333	0.004208808376736112	2.677708861788618e-05	0.011574074074074073	0.0625	29.12	2.0892841560674484	3.0817438692098094	2.033195020746888	0.5416666666666666	0.6853439153439151	-1	-1	0.14583333333333334	0.9350867169722185	256	123	25
23-12_de_amateur	de	10.931034482758621	1.7444794952681388	9.257961492439904	9.549230479712824	0.31230283911671924	0.08201892744479496	0.637223974763407	0.0	0.006309148264984227	0.7931034482758621	0.716378859236002	3.310344827586207	1.8431372549019607	0.004628919435331231	3.50794534351145e-05	0.008301510874979247	0.3627760252365931	26.275862068965516	1.957070167135197	3.098445595854922	2.0393700787401574	0.4889589905362776	0.6499082568807344	-1	-1	0.14826498422712933	0.9275088324178732	285	131	29
23-13_de_amateur	de	10.931034482758621	1.7444794952681388	9.257961492439904	9.549230479712824	0.31230283911671924	0.08201892744479496	0.637223974763407	0.0	0.006309148264984227	0.7931034482758621	0.716378859236002	3.310344827586207	1.8431372549019607	0.004628919435331231	3.50794534351145e-05	0.008301510874979247	0.3627760252365931	26.275862068965516	1.957070167135197	3.098445595854922	2.0393700787401574	0.4889589905362776	0.6499082568807344	-1	-1	0.14826498422712933	0.9275088324178732	285	131	29
23-2_de_amateur	de	13.804347826086957	1.95748031496063	12.891963368709348	11.194897980143788	0.2929133858267717	0.06771653543307087	0.6519685039370079	0.0015748031496062992	0.014173228346456693	0.8913043478260869	0.7203002231757561	4.956521739130435	1.7156862745098038	0.00497799806551181	3.3386843579766535e-05	0.004724409448818898	0.4645669291338583	33.5	2.1659004891881635	3.2030947775628626	2.0043763676148796	0.4456692913385827	0.7004850746268653	0.7111020235170958	0.8683431522690999	0.15590551181102363	0.9358236887444419	574	257	46
23-20_de_amateur	de	22.09090909090909	2.0	16.62545454545455	10.853250205761318	0.32098765432098764	0.012345679012345678	0.5761316872427984	0.00823045267489712	0.00411522633744856	1.0	0.6550048963465803	7.181818181818182	1.7236842105263157	0.005261838405349794	2.1616232222222223e-05	0.010875955320399765	0.31275720164609055	53.0	2.1046308943847936	3.1872852233676974	1.9798657718120805	0.48559670781893005	0.6535416666666674	-1	-1	0.14814814814814814	0.9276808522413029	222	90	11
23-21_de_amateur	de	15.105263157894736	2.013937282229965	14.065512561892536	10.517063414634146	0.313588850174216	0.04790940766550523	0.6280487804878049	0.003484320557491289	0.005226480836236934	0.8157894736842105	0.7061793762717037	4.842105263157895	1.7088948787061995	0.005312254752090593	3.384907933333333e-05	0.003355800536928086	1.1637630662020906	37.73684210526316	2.4171278745440024	3.2191733240708578	2.223076923076923	0.35365853658536583	0.6441754051477603	0.6225302973332102	0.7680182023456418	0.15940766550522648	0.9063856378387198	1033	450	76
23-24_de_amateur	de	15.2	1.9956140350877194	13.88624561403509	11.167185614035088	0.34649122807017546	0.043859649122807015	0.6271929824561403	0.008771929824561403	0.0043859649122807015	0.9333333333333333	0.6872633151689129	4.6	1.6625	0.005264892542105263	2.4503635555555557e-05	0.013596491228070174	0.16666666666666666	39.46666666666667	1.9820440099571661	3.106239460370995	1.9834254143646408	0.5657894736842105	0.6737209302325586	-1	-1	0.11842105263157894	0.944149987067684	204	90	15
23-25_de_amateur	de	22.09090909090909	2.0	16.62545454545455	10.853250205761318	0.32098765432098764	0.012345679012345678	0.5761316872427984	0.00823045267489712	0.00411522633744856	1.0	0.6550048963465803	7.181818181818182	1.7236842105263157	0.005261838405349794	2.1616232222222223e-05	0.010875955320399765	0.31275720164609055	53.0	2.1046308943847936	3.1872852233676974	1.9798657718120805	0.48559670781893005	0.6535416666666674	-1	-1	0.14814814814814814	0.9276808522413029	222	90	11
23-26_de_amateur	de	16.941176470588236	1.9375	13.879558823529411	11.30520359477124	0.2881944444444444	0.05555555555555555	0.6423611111111112	0.003472222222222222	0.006944444444444444	1.0	0.6734608252301267	5.411764705882353	1.7906976744186047	0.005448843647569444	2.5506375454545454e-05	0.012152777777777776	0.1736111111111111	41.23529411764706	2.0690333635916764	3.2114285714285713	2.077294685990338	0.5034722222222222	0.6464021164021165	-1	-1	0.1701388888888889	0.924119469462223	261	110	17
23-27_de_amateur	de	15.666666666666666	1.9829787234042553	13.919148936170213	11.278807092198582	0.28085106382978725	0.05531914893617021	0.6468085106382979	0.01276595744680851	0.00425531914893617	1.0	0.6654222012691716	5.266666666666667	1.8169014084507042	0.005338106446382979	3.405104111111111e-05	0.01182033096926714	0.09361702127659574	36.13333333333333	2.0382410125134585	3.348708487084871	1.952054794520548	0.5702127659574469	0.6886029411764701	-1	-1	0.20425531914893616	0.944149987067684	212	90	15
23-28_de_amateur	de	22.09090909090909	2.0	16.62545454545455	10.853250205761318	0.32098765432098764	0.012345679012345678	0.5761316872427984	0.00823045267489712	0.00411522633744856	1.0	0.6550048963465803	7.181818181818182	1.7236842105263157	0.005261838405349794	2.1616232222222223e-05	0.010875955320399765	0.31275720164609055	53.0	2.1046308943847936	3.1872852233676974	1.9798657718120805	0.48559670781893005	0.6535416666666674	-1	-1	0.14814814814814814	0.9276808522413029	222	90	11
23-29_de_amateur	de	9.37872340425532	2.1392921960072595	13.31135004054524	11.378984622157006	0.33030852994555354	0.06941923774954628	0.7046279491833031	0.007259528130671506	0.007713248638838476	0.6893617021276596	0.6443342302114776	3.6042553191489364	1.6005291005291005	0.004523233713248639	3.863529508700102e-05	0.001915295587754009	2.308983666061706	24.27659574468085	2.3402098264258395	3.1340724060280616	2.1871569703622393	0.31533575317604357	0.6914726840855175	0.6948122533222322	0.7737694331161586	0.14791288566243194	0.891843482680646	1957	977	235
23-3_de_amateur	de	14.125	2.146419951729686	15.246505430410295	12.36312799678198	0.3137570394207562	0.07320997586484312	0.6733708769107	0.004022526146419952	0.002413515687851971	0.8409090909090909	0.6855828015478748	4.636363636363637	1.7632850241545894	0.005242841876749799	4.674244407766991e-05	0.003218020917135961	0.8358809332260659	36.06818181818182	2.319815807527388	3.316054037071945	2.0415094339622644	0.38616251005631536	0.6785489510489544	0.706431055125819	0.8580288149395172	0.1512469831053902	0.9102222694807427	1083	515	88
23-30_de_amateur	de	14.766519823788546	1.803400954653938	11.449073996194002	10.396921541745083	0.3195107398568019	0.0551909307875895	0.6569212410501193	0.0026849642004773268	0.0053699284009546535	0.933920704845815	0.681277184867923	4.955947136563877	1.7093235831809872	0.005154130691079953	4.4813903271692746e-05	0.0014358303179613518	2.2055489260143197	35.013215859030836	2.0020778103150865	3.214016578749058	2.060769230769231	0.2902744630071599	0.6629050107593004	0.6635913046208068	0.7921801682723185	0.15304295942720764	0.8964997583772043	2985	1406	227
23-32_de_amateur	de	14.2	2.0307298335467348	13.910612035851472	12.27191605633803	0.33674775928297057	0.09346991037131883	0.6824583866837388	0.0	0.006402048655569782	0.9454545454545454	0.73390350014749	4.745454545454545	1.692883895131086	0.004744879781946223	3.1994477777777776e-05	0.0047041140121360575	1.0153649167733674	36.8	2.1730878083925242	3.1539980256663376	2.069139966273187	0.3994878361075544	0.6802492668621697	0.670986032003691	0.7887477878559287	0.1446862996158771	0.9035042475343397	700	360	55
23-33_de_amateur	de	15.723247232472325	1.8758507392630839	12.677105143968596	11.153335526802348	0.3008683407650786	0.06758976766017367	0.6719080028162403	0.004224360478760855	0.009152781037315184	0.955719557195572	0.7051978028838364	5.199261992619927	1.7168272794662713	0.004689766799958976	4.213816995332556e-05	0.0010059628648181862	3.1668622389110537	38.66051660516605	2.1337468352792297	3.206590257879656	2.0501253132832082	0.2846749589298287	0.6964656415185034	0.754424016265528	0.8369037358189388	0.15606665102088713	0.899177116476631	3734	1714	271
23-34_de_amateur	de	15.723247232472325	1.8758507392630839	12.677105143968596	11.153335526802348	0.3008683407650786	0.06758976766017367	0.6719080028162403	0.004224360478760855	0.009152781037315184	0.955719557195572	0.7051978028838364	5.199261992619927	1.7168272794662713	0.004689766799958976	4.213816995332556e-05	0.0010059628648181862	3.1668622389110537	38.66051660516605	2.1337468352792297	3.206590257879656	2.0501253132832082	0.2846749589298287	0.6964656415185034	0.754424016265528	0.8369037358189388	0.15606665102088713	0.899177116476631	3734	1714	271
23-36_de_amateur	de	11.972602739726028	1.8157894736842106	10.505630857966839	10.351590345130248	0.31922196796338675	0.06064073226544622	0.6762013729977117	0.009153318077803204	0.011441647597254004	0.9178082191780822	0.7325621923594335	4.5675675675675675	1.6480263157894737	0.005104259223455377	4.977595648414986e-05	0.0038642545658650316	1.102974828375286	29.45945945945946	2.2402916301725027	3.1304744525547443	2.1232166018158236	0.39588100686498856	0.6787870967741936	0.8157418255241443	0.8014976017668006	0.15446224256292906	0.9189570779369511	779	347	74
23-37_de_amateur	de	15.26615969581749	1.9658779576587795	13.561162181742421	11.339016222435827	0.300373599003736	0.06077210460772105	0.6610211706102117	0.005479452054794521	0.00797011207970112	0.9011406844106464	0.7004663525172778	4.943609022556391	1.7411858974358974	0.0045134203447268996	3.7464930326876516e-05	0.0013582605601664564	2.4767123287671233	36.454887218045116	2.156302055049529	3.2201193170129603	2.007868383404864	0.2602739726027397	0.6844484167517935	0.66119069028686	0.7296866736356581	0.1539227895392279	0.8827608356303723	3606	1652	266
23-38_de_amateur	de	15.26615969581749	1.9658779576587795	13.561162181742421	11.339016222435827	0.300373599003736	0.06077210460772105	0.6610211706102117	0.005479452054794521	0.00797011207970112	0.9011406844106464	0.7004663525172778	4.943609022556391	1.7411858974358974	0.0045134203447268996	3.7464930326876516e-05	0.0013582605601664564	2.4767123287671233	36.454887218045116	2.156302055049529	3.2201193170129603	2.007868383404864	0.2602739726027397	0.6844484167517935	0.66119069028686	0.7296866736356581	0.1539227895392279	0.8827608356303723	3606	1652	266
23-39_de_amateur	de	13.342857142857143	1.8458244111349036	11.394442337106153	10.485989954114409	0.31156316916488225	0.07494646680942184	0.6916488222698073	0.006423982869379015	0.01284796573875803	0.9428571428571428	0.7369989994241707	4.328571428571428	1.7465753424657535	0.0042885263573875804	3.155505494791667e-05	0.004132762312633833	1.0802997858672376	31.857142857142858	1.9068426967880794	3.188030370701206	2.0336473755047106	0.3618843683083512	0.6671377245508989	0.618355732108125	0.7675554932991114	0.14989293361884368	0.8843902389358482	831	384	70
23-40_de_amateur	de	12.225	1.965235173824131	12.367525051124748	12.127322658486706	0.3721881390593047	0.05725971370143149	0.647239263803681	0.0010224948875255625	0.003067484662576687	0.9	0.6783159875363696	5.1	1.5930232558139534	0.004175833035787321	4.6133430769230765e-05	0.004167441284005702	1.549079754601227	32.8	2.317092121001346	3.130253691783415	2.153917910447761	0.3343558282208589	0.6432878270762216	0.7412619686061237	0.8059809348552517	0.12372188139059305	0.8888995091726533	831	390	80
23-41_de_amateur	de	12.932692307692308	1.9078066914498142	11.965868959107809	11.817985559050616	0.3092936802973978	0.08401486988847584	0.695910780669145	0.0052044609665427505	0.005947955390334572	0.9038461538461539	0.7182268885851397	4.346153846153846	1.691566265060241	0.004018662124832714	3.576364169811321e-05	0.0031112382041750073	1.1063197026022304	35.13461538461539	2.429384975427587	3.055495103373232	2.1109643328929986	0.35985130111524166	0.6804173354735125	0.6482456512576474	0.7987321870027578	0.12936802973977696	0.9060563058079227	1122	530	104
23-42_de_amateur	de	13.8	1.8405797101449275	11.510840579710148	10.803941027667987	0.3184014053579271	0.07026789635485288	0.6688625384277558	0.0030742204655248135	0.00966183574879227	0.9272727272727272	0.7085371927892182	4.806060606060606	1.7364953886693018	0.004826682928867369	5.2337167216721674e-05	0.0019353446029938292	2.1769872639437855	34.84848484848485	2.2209086525557935	3.1634632034632033	2.1329665291150848	0.2977602108036891	0.6695133149678762	0.6831262283646801	0.7507913086801966	0.14009661835748793	0.8974416438558881	1988	909	165
23-46_de_amateur	de	13.057142857142857	1.8840262582056893	11.73379556111285	10.626666320725228	0.3096280087527352	0.07439824945295405	0.6487964989059081	0.00437636761487965	0.006564551422319475	0.9142857142857143	0.717259983788117	4.557142857142857	1.7700348432055748	0.004835294719365426	3.153675363881402e-05	0.003673022819631135	1.463894967177243	31.957142857142856	2.233435204748219	3.1709706144256455	2.0785185185185187	0.36980306345733044	0.686723926380365	0.6631592463354377	0.8680310517541211	0.14989059080962802	0.8980771655219817	819	371	70
23-47_de_amateur	de	14.301369863013699	1.8840996168582376	12.219909725502546	10.953775247992443	0.3065134099616858	0.044061302681992334	0.657088122605364	0.0	0.004789272030651341	0.9041095890410958	0.6999997774535602	4.876712328767123	1.6606060606060606	0.004599930182088123	3.2703499771167046e-05	0.003517938000696621	1.1829501915708813	34.73972602739726	2.0691505551197324	3.173076923076923	2.0380710659898478	0.38697318007662834	0.68279365079365	0.7158020802985	0.8171418788078529	0.17911877394636017	0.9094555663821712	936	437	73
23-48_de_amateur	de	15.139240506329115	1.8127090301003344	11.704270352652301	10.665361280216755	0.2968227424749164	0.056856187290969896	0.6672240802675585	0.0033444816053511705	0.005852842809364548	0.9240506329113924	0.7003644975479809	4.974683544303797	1.752717391304348	0.00488189530861204	2.9574611320754717e-05	0.0033444816053511705	0.9331103678929766	36.25316455696203	2.044324036306903	3.1578947368421053	2.0121816168327795	0.36454849498327757	0.6581312670920745	0.7010629223140306	0.8054056768635243	0.1596989966555184	0.9034680394304347	1062	477	79
23-49_de_amateur	de	13.340782122905027	1.997068676716918	13.178315413192593	12.194720311988247	0.3425460636515913	0.07579564489112228	0.6792294807370184	0.002931323283082077	0.0037688442211055275	0.8324022346368715	0.7228096450461343	4.65934065934066	1.6399026763990268	0.0050470969396566165	3.5836943512974056e-05	0.0015924292665139758	3.04606365159129	33.57692307692308	2.2809862923317543	3.177435064935065	2.1235675137020427	0.3174204355108878	0.6883311489733721	0.6930006983400688	0.7817580824494167	0.13190954773869346	0.9002622693670155	2097	1002	182
23-5_de_amateur	de	11.846153846153847	1.62012987012987	8.147532467532468	8.683761338661341	0.2922077922077922	0.03896103896103896	0.6363636363636364	0.006493506493506494	0.003246753246753247	0.9230769230769231	0.6908400147735186	4.423076923076923	1.6526315789473685	0.00506138097564935	2.6212801923076923e-05	0.009523809523809523	0.21428571428571427	30.307692307692307	2.109157250756441	2.953459119496855	2.012422360248447	0.5064935064935064	0.6728708133971298	-1	-1	0.18506493506493507	0.9352798927103102	260	104	26
23-50_de_amateur	de	10.88	2.3529411764705883	16.417905882352944	12.629724235294118	0.26838235294117646	0.12867647058823528	0.6911764705882353	0.011029411764705883	0.014705882352941176	1.0	0.7276060014546856	4.24	2.076923076923077	0.004800387285294118	4.687201879699248e-05	0.009453781512605043	0.3272058823529412	29.2	2.314705106487715	3.2441700960219477	2.05	0.5183823529411765	0.7062427745664743	-1	-1	0.15073529411764705	0.9035838734490094	251	133	25
23-51_de_amateur	de	10.72	2.1082089552238807	13.467665671641797	12.631283253731345	0.35074626865671643	0.09701492537313433	0.6753731343283582	0.0037313432835820895	0.0037313432835820895	0.94	0.6705624310728421	4.14	1.7135135135135136	0.005006456926119404	4.7608187500000005e-05	0.0052771855010660985	0.8190298507462687	28.18	2.225775643126572	3.2212825933756166	2.0980392156862746	0.5018656716417911	0.7174141876430208	-1	0.8312074273529375	0.1287313432835821	0.9227645027191477	470	248	50
23-52_de_amateur	de	11.416666666666666	2.124087591240876	13.926733576642341	11.640436009732358	0.2956204379562044	0.10583941605839416	0.6788321167883211	0.010948905109489052	0.010948905109489052	0.875	0.6796013658646584	4.0	1.898876404494382	0.004414194416423357	4.0856928318584076e-05	0.010668163952835485	0.14963503649635038	28.958333333333332	2.2871787945900213	3.3047210300429186	2.1463414634146343	0.5255474452554745	0.6676571428571428	-1	-1	0.13138686131386862	0.9046573463018622	246	113	24
23-53_de_amateur	de	10.64	2.0864661654135337	13.1799007518797	12.003669654135342	0.31954887218045114	0.12781954887218044	0.7030075187969925	0.011278195488721804	0.0037593984962406013	0.96	0.7049967903828197	3.72	1.8863636363636365	0.004337432278947369	4.403959210526315e-05	0.010025062656641603	0.16541353383458646	29.56	2.5054606334841627	3.087248322147651	2.045801526717557	0.5714285714285714	0.7056287425149703	-1	-1	0.10902255639097744	0.9198746366226387	230	114	25
23-54_de_amateur	de	12.304347826086957	1.9752650176678446	12.516822860654482	11.957375295744356	0.31448763250883394	0.0812720848056537	0.6713780918727915	0.014134275618374558	0.01060070671378092	0.9565217391304348	0.7055399502780926	4.130434782608695	1.8297872340425532	0.00491149689434629	3.668560163934426e-05	0.01027947317699968	0.127208480565371	32.08695652173913	2.298331632148431	3.1626344086021505	2.12	0.5618374558303887	0.6853260869565221	-1	-1	0.127208480565371	0.9343498556595876	247	122	23
23-55_de_amateur	de	11.416666666666666	2.124087591240876	13.926733576642341	11.640436009732358	0.2956204379562044	0.10583941605839416	0.6788321167883211	0.010948905109489052	0.010948905109489052	0.875	0.6796013658646584	4.0	1.898876404494382	0.004414194416423357	4.0856928318584076e-05	0.010668163952835485	0.14963503649635038	28.958333333333332	2.2871787945900213	3.3047210300429186	2.1463414634146343	0.5255474452554745	0.6676571428571428	-1	-1	0.13138686131386862	0.9046573463018622	246	113	24
23-56_de_amateur	de	11.714285714285714	1.9939024390243902	12.506620209059236	10.88960418118467	0.27439024390243905	0.13414634146341464	0.7073170731707317	0.03048780487804878	0.0	1.0	0.7025805893452952	3.642857142857143	2.163265306122449	0.00484033415304878	3.5337048e-05	0.01676829268292683	0.018292682926829267	30.214285714285715	2.238357609319497	3.080188679245283	1.9846153846153847	0.6524390243902439	0.7363076923076924	-1	-1	0.12804878048780488	0.9323364847525009	143	75	14
23-57_de_amateur	de	12.828125	2.0341047503045067	13.41540480359318	11.585830831303289	0.32034104750304504	0.08404384896467722	0.6894031668696712	0.0	0.0060901339829476245	0.9375	0.7219097147576433	4.640625	1.6042402826855124	0.0046375519188794154	2.8110743163538873e-05	0.004203386592152086	1.1961023142509135	32.5	2.146426525512086	3.148059415428845	2.1149825783972127	0.37271619975639464	0.6841551246537373	0.4509867002361188	0.6413098604011088	0.1425091352009744	0.8869718605132574	752	373	64
23-58_de_amateur	de	12.828125	2.0341047503045067	13.41540480359318	11.585830831303289	0.32034104750304504	0.08404384896467722	0.6894031668696712	0.0	0.0060901339829476245	0.9375	0.7219097147576433	4.640625	1.6042402826855124	0.0046375519188794154	2.8110743163538873e-05	0.004203386592152086	1.1961023142509135	32.5	2.146426525512086	3.148059415428845	2.1149825783972127	0.37271619975639464	0.6841551246537373	0.4509867002361188	0.6413098604011088	0.1425091352009744	0.8869718605132574	752	373	64
23-59_de_amateur	de	12.828125	2.0341047503045067	13.41540480359318	11.585830831303289	0.32034104750304504	0.08404384896467722	0.6894031668696712	0.0	0.0060901339829476245	0.9375	0.7219097147576433	4.640625	1.6042402826855124	0.0046375519188794154	2.8110743163538873e-05	0.004203386592152086	1.1961023142509135	32.5	2.146426525512086	3.148059415428845	2.1149825783972127	0.37271619975639464	0.6841551246537373	0.4509867002361188	0.6413098604011088	0.1425091352009744	0.8869718605132574	752	373	64
23-6_de_amateur	de	14.285714285714286	1.775	10.926428571428573	9.13222142857143	0.28	0.035	0.625	0.005	0.005	1.0	0.7511284152151025	4.857142857142857	1.7241379310344827	0.004377044601999999	4.0254178666666664e-05	0.01375	0.125	33.785714285714285	2.0317053856368896	3.257383966244726	2.0719424460431655	0.565	0.6800990099009906	-1	-1	0.205	0.9483163484307916	184	75	14
23-60_de_amateur	de	9.051020408163266	2.3810597519729426	16.0364030324644	14.34897322780296	0.38444193912063135	0.11950394588500564	0.7463359639233371	0.020293122886133032	0.006764374295377677	0.7346938775510204	0.7306763381379885	3.292452830188679	1.6768292682926829	0.003446688944193912	2.699939481981982e-05	0.004071151196292121	1.0834272829763247	25.943396226415093	2.216816046364092	3.080943738656987	2.1702970297029704	0.4768883878241263	0.7271065989847728	0.6951765137711633	0.8391752013841648	0.11273957158962795	0.9159542325401	751	444	106
23-61_de_amateur	de	8.166666666666666	2.0941915227629515	12.306459968602827	12.352821454735743	0.34222919937205654	0.1130298273155416	0.7378335949764521	0.058084772370486655	0.009419152276295133	0.7435897435897436	0.7190996538736824	3.2209302325581395	1.9134615384615385	0.0032930007687598114	4.167542648083624e-05	0.006000348857491716	1.1585557299843015	20.91860465116279	2.2174190406977687	3.142857142857143	2.101408450704225	0.4065934065934066	0.6698884758364323	0.9794653760835106	0.8022706870793738	0.0989010989010989	0.8769078938776714	530	287	86
23-62_de_amateur	de	12.1875	2.0871794871794873	13.791842948717953	11.892647435897436	0.2923076923076923	0.08205128205128205	0.7025641025641025	0.010256410256410256	0.015384615384615385	1.0	0.7379398616014347	4.3125	1.847457627118644	0.005190075364102564	4.05283e-05	0.016524216524216526	0.14358974358974358	30.4375	2.2968102771411596	3.179959100204499	1.878787878787879	0.5897435897435898	0.6839583333333329	-1	-1	0.13333333333333333	0.9314613021514454	176	84	16
23-63_de_amateur	de	12.828125	2.0341047503045067	13.41540480359318	11.585830831303289	0.32034104750304504	0.08404384896467722	0.6894031668696712	0.0	0.0060901339829476245	0.9375	0.7219097147576433	4.640625	1.6042402826855124	0.0046375519188794154	2.8110743163538873e-05	0.004203386592152086	1.1961023142509135	32.5	2.146426525512086	3.148059415428845	2.1149825783972127	0.37271619975639464	0.6841551246537373	0.4509867002361188	0.6413098604011088	0.1425091352009744	0.8869718605132574	752	373	64
23-64_de_amateur	de	10.815533980582524	1.8617594254937164	10.596819473253039	11.053743277962734	0.3276481149012567	0.06912028725314183	0.677737881508079	0.0062836624775583485	0.0026929982046678637	0.8058252427184466	0.7162294810336717	4.145631067961165	1.6658097686375322	0.004812370135906643	3.493111902654867e-05	0.003175078130194827	0.9874326750448833	28.155339805825243	2.277857374318087	3.0743012951601907	2.089053803339518	0.40574506283662476	0.700423645320198	0.713417318509144	0.8369189514760561	0.14721723518850988	0.9257076258280286	967	452	103
23-65_de_amateur	de	9.21875	2.2033898305084745	14.005312499999999	10.921764830508476	0.33559322033898303	0.061016949152542375	0.6677966101694915	0.006779661016949152	0.006779661016949152	0.84375	0.7256083074631462	3.8125	1.73	0.004950981342033898	4.230647739726027e-05	0.01121251629726206	0.15932203389830507	23.84375	2.1508517899118713	3.2360570687418937	2.061224489795918	0.5525423728813559	0.6748469387755108	-1	-1	0.1423728813559322	0.9395065827886766	271	146	32
23-66_de_amateur	de	11.344827586206897	2.0151975683890577	12.613814065611574	11.682797421653916	0.3586626139817629	0.0851063829787234	0.7021276595744681	0.00303951367781155	0.00911854103343465	0.9310344827586207	0.6999022896378578	4.068965517241379	1.736842105263158	0.004973630196656535	3.3360532846715325e-05	0.008427742470295662	0.5957446808510638	32.06896551724138	2.378103187988319	3.0460385438972164	2.2063953488372094	0.49240121580547114	0.6635652173913044	-1	-1	0.12462006079027356	0.9168449175964208	286	137	29
23-67_de_amateur	de	13.843137254901961	2.0538243626062322	14.043951008165305	11.783042803977116	0.3101983002832861	0.06940509915014165	0.6713881019830028	0.007082152974504249	0.007082152974504249	0.9215686274509803	0.7065456519184142	5.03921568627451	1.7797356828193833	0.004944393571813031	3.614300616438356e-05	0.00435046539862404	0.8526912181303116	35.666666666666664	2.2591649900091895	3.1902412280701755	2.151799687010955	0.4631728045325779	0.7000494233937384	0.710218404029849	0.7660313674388782	0.16288951841359772	0.9270597901924252	615	292	51
23-68_de_amateur	de	13.166666666666666	2.1413502109704643	14.81293248945148	11.203829535864978	0.33122362869198313	0.0759493670886076	0.6751054852320675	0.010548523206751054	0.008438818565400843	0.9444444444444444	0.695214213154284	4.472222222222222	1.75625	0.004682638070464135	4.366833195876288e-05	0.005965371744507493	0.6497890295358649	34.44444444444444	2.3411580269545946	3.166532582461786	2.2222222222222223	0.4936708860759494	0.7343466666666648	-1	-1	0.14135021097046413	0.933962300667363	419	194	36
23-69_de_amateur	de	13.523529411764706	1.911265767725098	12.23711252974439	10.64610801934345	0.33623314484558503	0.06307090039147456	0.6724662896911701	0.006524575902566333	0.006524575902566333	0.9	0.7220835197527087	4.748538011695906	1.7163212435233162	0.004983642909438887	4.249980763673891e-05	0.0019202410379910674	2.236189647672901	33.68421052631579	2.140779398842284	3.1319444444444446	2.0814365199797673	0.29578077424967375	0.6678772727272805	0.6919385036615061	0.7640799340512856	0.14354066985645933	0.8871559336839802	2029	969	171
23-71_de_amateur	de	12.53191489361702	2.0747028862478776	13.778940866235594	11.987382010620237	0.33446519524617996	0.06451612903225806	0.6502546689303905	0.015280135823429542	0.008488964346349746	0.9148936170212766	0.7018615884182777	4.673469387755102	1.771144278606965	0.004954770173344652	3.3694742352941176e-05	0.00622524052065648	0.5059422750424448	29.244897959183675	2.0563908454839153	3.275	2.1191709844559585	0.45500848896434637	0.6618163265306131	0.8473817325722862	0.900686778987778	0.12054329371816638	0.9214406483809642	530	255	49
23-73_de_amateur	de	11.424242424242424	2.1618037135278514	14.374738365083193	13.756738107869143	0.38992042440318303	0.08620689655172414	0.73342175066313	0.003978779840848806	0.005305039787798408	0.8484848484848485	0.7412080404170232	4.294117647058823	1.643884892086331	0.004927451164589559	2.9188298113207547e-05	0.003948637569327224	0.5	29.470588235294116	2.2738864105312566	3.1959224266534063	2.018154311649017	0.4973474801061008	0.6842290076335877	0.7873632518054371	1.0491451435927461	0.1220159151193634	0.9399073209755754	658	371	68
23-74_de_amateur	de	11.302083333333334	1.9465437788018434	11.78702908986175	11.430339669738864	0.4046082949308756	0.06820276497695853	0.6930875576036867	0.009216589861751152	0.003686635944700461	0.7604166666666666	0.7359783390046399	3.9411764705882355	1.6591478696741855	0.004896787990539354	4.120027378640777e-05	0.0035856322201881195	1.4036866359447004	27.84313725490196	2.1166745956165176	3.1435087719298247	2.0153846153846153	0.39078341013824885	0.6762068965517237	0.6786512120930775	0.7317590692780965	0.0967741935483871	0.9029794941474747	943	515	102
23-76_de_amateur	de	14.592592592592593	2.24492385786802	16.59121263395375	13.324208892648995	0.35152284263959394	0.06598984771573604	0.6421319796954315	0.005076142131979695	0.0038071065989847717	0.8703703703703703	0.7081388562452762	4.907407407407407	1.706959706959707	0.00501282388248731	3.97566642228739e-05	0.004540327129159616	0.9314720812182741	38.0	2.2558650019264066	3.207766990291262	2.099554234769688	0.4149746192893401	0.68467343976778	0.8163058160390873	0.8554945660984661	0.12944162436548223	0.9102151351777221	689	341	54
23-78_de_amateur	de	13.666666666666666	2.1146341463414635	14.692682926829274	13.193383739837397	0.3463414634146341	0.07560975609756097	0.6439024390243903	0.004878048780487805	0.0	0.9	0.712344167269994	5.466666666666667	1.7549668874172186	0.005631913078292684	2.1382153513513512e-05	0.007653490328006728	0.6487804878048781	33.63333333333333	2.093970628999835	3.2522167487684728	2.0421455938697317	0.44634146341463415	0.6451446945337613	-1	-1	0.12195121951219512	0.9154784948092739	374	185	30
23-79_de_amateur	de	12.61111111111111	2.1101321585903086	14.227892804698975	12.697263534018601	0.3392070484581498	0.09104258443465492	0.6417033773861968	0.005873715124816446	0.005873715124816446	0.9259259259259259	0.6823891668739184	4.611111111111111	1.7820512820512822	0.004616980739500735	3.893292525951557e-05	0.005178143596877656	0.7973568281938326	33.0	2.297505117972787	3.21624649859944	2.092526690391459	0.4302496328928047	0.6800515463917509	0.8600801265165426	0.8002720055403884	0.14096916299559473	0.9094429131693954	598	289	54
23-81_de_amateur	de	10.931506849315069	2.1353383458646618	13.870280152435889	13.042647694578914	0.36967418546365916	0.09147869674185463	0.6967418546365914	0.005012531328320802	0.007518796992481203	0.863013698630137	0.6901207193841983	4.0675675675675675	1.6632302405498283	0.004934178429072684	3.522884420485175e-05	0.004149262043998885	0.6491228070175439	28.945945945945947	2.248358478659294	3.1470451372731505	2.06777316735823	0.4799498746867168	0.694134477825464	0.8506226078441607	0.8527874991000294	0.12155388471177944	0.9312373509771295	700	371	74
23-83_de_amateur	de	14.578947368421053	2.303249097472924	17.274128823864718	12.846282310469313	0.3574007220216607	0.09386281588447654	0.6462093862815884	0.0	0.007220216606498195	0.9473684210526315	0.6932037986548383	4.947368421052632	1.8526315789473684	0.005838910828519855	2.051259448818898e-05	0.010450313509405283	0.45126353790613716	36.26315789473684	2.3416257876095745	3.2846820809248554	1.9727891156462585	0.4620938628158845	0.6029213483146065	-1	-1	0.10108303249097472	0.9019981628458049	259	127	19
23-84_de_amateur	de	13.32	2.066066066066066	13.984379579579581	10.475107003003004	0.3123123123123123	0.08108108108108109	0.6426426426426426	0.003003003003003003	0.0	0.92	0.7315717481835904	4.16	1.7699115044247788	0.005516076422822824	3.0652608387096775e-05	0.01051051051051051	0.4594594594594595	32.0	2.2187642330141997	3.261786600496278	2.085889570552147	0.43543543543543545	0.6151709401709409	-1	-1	0.14714714714714713	0.892213042924875	314	155	25
23-89_de_amateur	de	12.153846153846153	1.941772151898734	12.062911392405066	11.196376241480039	0.34050632911392403	0.05822784810126582	0.669620253164557	0.0	0.005063291139240506	0.8615384615384616	0.6739819895549554	4.369230769230769	1.7041198501872659	0.005397971775189874	4.5108392048929666e-05	0.004320308200330215	0.8936708860759494	31.276923076923076	2.212838715455479	3.149487054225696	2.1434159061277707	0.41645569620253164	0.6492619392185233	0.8467185644494062	0.8540793663228068	0.14810126582278482	0.9251507983762033	684	327	65
23-9_de_amateur	de	10.855371900826446	1.913208983631519	11.219461048174239	11.132366868533067	0.3448800913589646	0.07765511990864103	0.695089455652836	0.0007613247049866769	0.0049486105824134	0.731404958677686	0.7164815588733839	3.938775510204082	1.6604803493449782	0.004223198753330795	3.4175987732656513e-05	0.0018921975331968135	2.8800913589645982	27.922448979591838	2.4165869791903933	3.0780889145496535	2.11131221719457	0.28321279025504376	0.6851819620253323	0.6719074870870644	0.730766807687145	0.12219261515036163	0.8786768110499931	2330	1182	245
23-91_de_amateur	de	12.372093023255815	1.9548872180451127	12.302785452002098	10.83237335198461	0.3233082706766917	0.06015037593984962	0.6409774436090225	0.009398496240601503	0.005639097744360902	0.9534883720930233	0.7148544868112607	4.3478260869565215	1.670520231213873	0.005000264131954887	2.2965700925925924e-05	0.007142857142857142	0.7218045112781954	29.217391304347824	1.927446646223779	3.1433850702143387	2.0730088495575223	0.38533834586466165	0.6391916859122414	-1	0.562970213646811	0.14473684210526316	0.8921938887371816	474	216	46
23-92_de_amateur	de	11.325	1.8020603384841796	10.091061994113321	10.464095555555556	0.32891832229580575	0.046357615894039736	0.6504782928623988	0.002207505518763797	0.005886681383370125	0.7916666666666666	0.6681828177443982	3.85	1.6741071428571428	0.004609001809565858	2.7892551055662188e-05	0.0025981340673516293	1.5091979396615158	30.175	2.263100026273427	3.0194254445964432	2.1218978102189783	0.36938925680647533	0.6742460317460276	0.7205037186214654	0.8693559103310949	0.16335540838852097	0.9265168384414617	1171	521	120
23-94_de_amateur	de	10.0	1.6615384615384616	7.9161538461538505	8.618307692307694	0.3	0.038461538461538464	0.6	0.0	0.007692307692307693	1.0	0.6774891774891776	4.230769230769231	1.775	0.004939215111538462	3.0978459183673466e-05	0.016666666666666666	0.08461538461538462	25.76923076923077	2.220416775281029	2.958823529411765	2.049586776859504	0.6076923076923076	0.6567741935483871	-1	-1	0.2076923076923077	0.9478545183354914	114	49	13
23-95_de_amateur	de	15.946666666666667	1.8411371237458194	12.354618060200671	10.215730827201785	0.2993311036789298	0.07107023411371237	0.6279264214046822	0.006688963210702341	0.005852842809364548	0.9066666666666666	0.6887047768188739	4.906666666666666	1.8870523415977962	0.005335593927341137	4.2912483750000003e-05	0.0040351897629780425	0.7416387959866221	39.44	2.2406407221651485	3.1166554281861094	2.02375296912114	0.35785953177257523	0.632999088422972	0.6910718609001093	0.8153491858853762	0.13210702341137123	0.9062042781277906	1076	480	75
23-99_de_amateur	de	14.806282722513089	1.841937765205092	11.919315891200188	10.752410329761473	0.3002121640735502	0.08026874115983026	0.6729137199434229	0.0049504950495049506	0.008486562942008486	0.93717277486911	0.6973185455088258	5.0785340314136125	1.7944250871080138	0.005051411615169732	5.6092890192791284e-05	0.0014877678244014877	2.166902404526167	36.67015706806283	2.2232546010014382	3.1622355631789594	2.037587006960557	0.31011315417256013	0.686288017588882	0.7479013505642608	0.8578460218784986	0.1516973125884017	0.9022745367728812	2518	1193	191
24-1_de_amateur	de	15.082901554404145	1.825833047062865	11.837161561559423	10.261976220624646	0.3198213672277568	0.06973548608725524	0.6544142906217795	0.015458605290278255	0.009275163174166953	0.9740932642487047	0.6887840000752573	5.538860103626943	1.8435517970401691	0.0052050033349007215	4.334473185311699e-05	0.0016133808739738685	2.11611130195809	34.54922279792746	1.943211776199738	3.2658950849240944	2.057739557739558	0.27241497767090345	0.6314473684210568	0.7614699376928367	0.8381621776831905	0.13363105462040537	0.8812450312334944	2532	1171	193
24-100_de_amateur	de	15.944444444444445	1.8902439024390243	12.933211382113821	11.65207835849787	0.31010452961672474	0.059233449477351915	0.7090592334494773	0.0	0.003484320557491289	1.0	0.7180736903289144	5.805555555555555	1.6507936507936507	0.00504045774477352	4.124597573221757e-05	0.005052264808362369	0.4442508710801394	39.111111111111114	2.08647318684843	3.210339943342776	2.056603773584906	0.4529616724738676	0.6735999999999995	0.5319684905342554	0.810228840020461	0.17770034843205576	0.9221016371903886	503	239	36
24-102_de_amateur	de	8.5	2.0056925996204935	11.392172675521827	11.997699051233397	0.3747628083491461	0.07400379506641366	0.7030360531309298	0.0018975332068311196	0.014231499051233396	0.6693548387096774	0.651982422377702	3.4596774193548385	1.5593667546174141	0.0046048313088235295	3.2619231893004115e-05	0.0032552509324085582	1.1299810246679316	23.483870967741936	2.3659643122970837	3.0421443020903576	2.0910834132310643	0.4459203036053131	0.7192670157068056	0.7480059045666301	0.8405482766004498	0.14990512333965844	0.9319425601831398	919	486	124
24-103_de_amateur	de	13.485714285714286	1.9173728813559323	12.294428571428575	10.738815665859564	0.2838983050847458	0.06991525423728813	0.6673728813559322	0.012711864406779662	0.00211864406779661	0.9428571428571428	0.7542358064968749	4.2631578947368425	1.9219858156028369	0.004907011197033898	4.947974475138122e-05	0.006591337099811676	0.1864406779661017	29.263157894736842	1.8900622812417613	3.310251798561151	2.024330900243309	0.5169491525423728	0.6905361930294895	-1	-1	0.1440677966101695	0.9478227371339725	402	181	38
24-104_de_amateur	de	16.333333333333332	1.9607535321821037	13.916891679748826	12.419952171637885	0.315541601255887	0.06279434850863422	0.7001569858712716	0.0031397174254317113	0.009419152276295133	1.0	0.7400483417281917	4.82051282051282	1.7980295566502462	0.005137279194819466	4.593641465201465e-05	0.005232862375719519	0.24646781789638933	40.51282051282051	2.149641534116925	3.231552162849873	2.0388888888888888	0.48194662480376765	0.6884572490706339	0.7751496627816034	0.926291391878494	0.1695447409733124	0.939100569787183	558	273	39
24-105_de_amateur	de	13.318181818181818	1.807508532423208	10.932691591684765	10.344926279863483	0.3119453924914676	0.05392491467576792	0.6525597269624573	0.00477815699658703	0.005460750853242321	0.9090909090909091	0.7013186481793728	4.535714285714286	1.7733050847457628	0.005095571932696246	4.0577721782178216e-05	0.0028112089096461288	1.030716723549488	30.017857142857142	1.9598470986643532	3.288049940546968	2.0440647482014387	0.3433447098976109	0.6413250366032214	0.8345652128901833	0.9336580257958474	0.16245733788395905	0.8968801043619216	1296	606	112
24-106_de_amateur	de	17.464285714285715	1.6278118609406953	10.429251387671638	9.244006076541046	0.26380368098159507	0.06134969325153374	0.6809815950920245	0.012269938650306749	0.010224948875255624	0.9642857142857143	0.6843855437154688	5.0	1.8150684931506849	0.005145575328629857	4.9345905847953216e-05	0.007498295841854124	0.10633946830265849	34.806451612903224	1.7609836289710212	3.230983302411874	2.0	0.46421267893660534	0.6590769230769217	-1	-1	0.17586912065439672	0.9359197276310406	427	171	31
24-110_de_amateur	de	18.70909090909091	1.8522837706511175	13.563493948228643	12.11176058309038	0.3022351797862002	0.08357628765792031	0.6890184645286687	0.004859086491739553	0.014577259475218658	1.0	0.6996967682975124	5.636363636363637	1.920265780730897	0.004894744309815354	5.7302065e-05	0.003700381251401659	0.7657920310981535	46.29090909090909	2.113570159818868	3.3333333333333335	2.172257479601088	0.3935860058309038	0.682000000000004	0.6363601623417805	0.7928879652872897	0.1477162293488824	0.9105154628664087	863	400	55
24-111_de_amateur	de	15.477272727272727	1.9324522760646108	13.24907322119877	12.148967400881059	0.29955947136563876	0.08370044052863436	0.6813509544787077	0.0	0.013215859030837005	0.9772727272727273	0.682479659462291	5.204545454545454	1.8571428571428572	0.00534484081835536	5.5128662116040955e-05	0.006200032631750693	0.3201174743024963	36.72727272727273	2.250093500418903	3.3961562306261626	2.046641791044776	0.4199706314243759	0.6441752577319577	0.7141082866120364	0.8856006241046319	0.15859030837004406	0.9161705189760648	603	293	44
24-112_de_amateur	de	16.975	1.9779086892488955	14.36957253313697	12.570465949926362	0.28865979381443296	0.09720176730486009	0.6877761413843888	0.0029455081001472753	0.014727540500736377	0.975	0.7604862238030073	5.2	1.8564814814814814	0.00489793633107511	6.65273027491409e-05	0.005489356004819922	0.47128129602356406	42.2	2.0822172587590897	3.3997627520759193	2.2264150943396226	0.422680412371134	0.6763103448275847	0.7416038935901699	0.8515696715044255	0.15169366715758467	0.9052539746445261	596	291	40
24-113_de_amateur	de	21.074074074074073	2.1195079086115993	17.639082210505766	13.660412953199245	0.34973637961335674	0.09314586994727592	0.718804920913884	0.0017574692442882249	0.012302284710017574	1.0	0.7104552249337629	6.518518518518518	1.8	0.004587813821968366	4.921747142857143e-05	0.006151142355008787	0.5202108963093146	51.7037037037037	2.1620516288834177	3.4364680545585067	2.060546875	0.4780316344463972	0.6949361702127672	-1	0.8282141156128185	0.14762741652021089	0.9208680855427224	492	266	27
24-114_de_amateur	de	21.372340425531913	1.839223494275759	14.448049998411406	12.311516543638733	0.2667994026879044	0.0935788949726232	0.6849178695868592	0.0014932802389248383	0.014932802389248382	0.9787234042553191	0.715126941147973	6.297872340425532	1.8316498316498318	0.004848059434096565	5.9886544948186534e-05	0.002272128363540538	1.281732205077153	54.01063829787234	2.24760648961699	3.2670084795898244	2.0921951219512196	0.3051269288203086	0.6827225130890193	0.6681282225138095	0.7936503167207675	0.15380786460925833	0.8933952557760563	1709	772	94
24-115_de_amateur	de	15.195121951219512	1.9943820224719102	13.86980542614415	12.26069662138355	0.3475120385232745	0.08828250401284109	0.6853932584269663	0.0008025682182985554	0.01765650080256822	0.8902439024390244	0.7534700682301315	4.511363636363637	1.7363420427553444	0.004793575041813805	4.6748599630314234e-05	0.0037280588204836123	0.9157303370786517	35.90909090909091	2.267884230931121	3.2714420358152685	2.137123745819398	0.36276083467094705	0.6577942458587676	0.7327291207733743	0.7722144963460243	0.11958266452648475	0.8924832191851149	1070	541	88
24-116_de_amateur	de	17.133333333333333	1.953307392996109	14.141027237354084	12.672845084306095	0.27626459143968873	0.12840466926070038	0.7042801556420234	0.0	0.007782101167315175	1.0	0.7225154942647204	6.0	2.0933333333333333	0.005343473287548638	4.857695363636363e-05	0.010505836575875487	0.11673151750972763	42.333333333333336	2.185394364464132	3.2755905511811023	1.9035087719298245	0.5836575875486382	0.6862025316455708	-1	-1	0.14396887159533073	0.9400827711045361	220	110	15
24-117_de_amateur	de	13.649122807017545	1.7133676092544987	9.95089568393993	10.516220736932304	0.2930591259640103	0.08483290488431877	0.6902313624678663	0.006426735218508998	0.006426735218508998	0.8947368421052632	0.685196377369727	4.614035087719298	1.8264462809917354	0.005416559737017995	3.7856626959247646e-05	0.004376300648794222	0.6143958868894601	34.6140350877193	2.406348398168974	3.04442200908632	2.074607329842932	0.4241645244215938	0.6611340206185574	0.701624150893408	0.7897086437415338	0.15424164524421594	0.9198836280548173	662	319	57
24-118_de_amateur	de	17.745098039215687	1.8011049723756907	12.583626909327272	11.448787021991118	0.2906077348066298	0.05856353591160221	0.6629834254143646	0.004419889502762431	0.0011049723756906078	0.9607843137254902	0.6846492180928949	5.705882352941177	1.853046594982079	0.006715966000883978	4.176824174174174e-05	0.0045119705340699815	0.47513812154696133	40.1764705882353	1.9212831945876927	3.3266796494644595	2.0193370165745854	0.38453038674033146	0.6280272952853603	0.7206696485658478	0.8838825035790766	0.1292817679558011	0.9078633259532001	797	333	51
24-119_de_amateur	de	15.0	1.8509803921568628	12.101568627450984	11.508372549019608	0.30392156862745096	0.0803921568627451	0.6882352941176471	0.00784313725490196	0.0	1.0	0.7047028937033211	5.0	1.8231707317073171	0.005443835023529412	3.548556227272727e-05	0.00603921568627451	0.3686274509803922	37.05882352941177	2.189725320667262	3.185770750988142	1.941860465116279	0.4843137254901961	0.6806326034063244	-1	0.8504227620029015	0.1568627450980392	0.9362633893148011	450	220	34
24-120_de_amateur	de	15.161764705882353	1.7972841901066925	11.531041678553091	10.726215827009758	0.2987390882638215	0.08244422890397672	0.7002909796314258	0.004849660523763337	0.008729388942774006	1.0	0.7048181126408757	5.264705882352941	1.7929936305732483	0.0050643074870999035	4.014110788863109e-05	0.003936783248702003	0.8797284190106692	35.85294117647059	2.0232319413517716	3.2001640689089417	2.0425	0.3850630455868089	0.6813733905579448	0.787416706230528	0.8738919861655565	0.1697381183317168	0.9128314538364635	913	431	68
24-121_de_amateur	de	13.733333333333333	1.8203883495145632	11.246582524271847	11.608834692556636	0.25728155339805825	0.10679611650485436	0.6941747572815534	0.03398058252427184	0.009708737864077669	1.0	0.7335977450219698	4.6	2.1454545454545455	0.005507402365048543	3.901463666666667e-05	0.01402373247033441	0.1650485436893204	30.533333333333335	2.019383534594061	3.368763557483731	2.110169491525424	0.5436893203883495	0.636822429906542	-1	-1	0.1796116504854369	0.9207355488187672	185	90	15
24-122_de_amateur	de	14.5	1.6403940886699508	9.421650246305422	9.835163546798029	0.3103448275862069	0.034482758620689655	0.6206896551724138	0.0	0.0049261083743842365	1.0	0.6903601556197413	5.357142857142857	1.7580645161290323	0.005246671450738916	3.1262446835443036e-05	0.01539408866995074	0.08374384236453201	33.642857142857146	2.029379811872048	3.2325581395348837	2.1158536585365852	0.5369458128078818	0.6346153846153844	-1	-1	0.18719211822660098	0.9408222738834799	178	79	14
24-123_de_amateur	de	12.943661971830986	1.852013057671382	11.311782249536396	11.547754819230946	0.28726877040261156	0.08052230685527748	0.6833514689880305	0.004352557127312296	0.007616974972796518	0.9436619718309859	0.7432065051781218	4.366197183098592	1.790035587188612	0.004903323804134929	4.000852961038961e-05	0.004847165891779602	0.4809575625680087	32.929577464788736	2.241615949528045	3.145966709346991	2.0578734858681025	0.40369967355821545	0.6810000000000016	0.6902119593056633	0.7655653978898275	0.16974972796517954	0.9141937268339286	811	385	71
24-124_de_amateur	de	13.328358208955224	1.9596864501679732	12.73235981347462	12.777902388393976	0.3090705487122061	0.10974244120940649	0.7178051511758119	0.005599104143337066	0.0033594624860022394	0.9104477611940298	0.7138193517268571	4.7164179104477615	1.8606271777003485	0.0050733526203807396	4.4403045811518324e-05	0.004185996907161521	0.7379619260918253	34.71641791044776	2.316377550670267	3.176975945017182	2.1222606689734715	0.3997760358342665	0.6774307304785921	0.7395209140747926	0.7587708086328337	0.13101903695408734	0.9064239663742705	757	382	67
24-125_de_amateur	de	14.88888888888889	1.8250414593698177	11.752155887230519	11.08909054726368	0.30016583747927034	0.05638474295190713	0.6890547263681592	0.008291873963515755	0.0041459369817578775	0.9629629629629629	0.732241134848931	5.222222222222222	1.7487046632124352	0.0057284767807628525	5.387660368763558e-05	0.0037217015696710248	0.5124378109452736	34.98765432098765	1.9682171725453987	3.2837600841809893	2.1153488372093023	0.40298507462686567	0.6733514001806679	0.6351143124725103	0.7786647778259955	0.14427860696517414	0.9227319303402846	1041	461	81
24-126_de_amateur	de	13.82089552238806	1.8347732181425487	11.450473227813422	11.96517338577093	0.32937365010799136	0.09719222462203024	0.7170626349892009	0.012958963282937365	0.011879049676025918	0.9701492537313433	0.7284821503112112	4.731343283582089	2.0	0.004633507766306695	5.1751056313131316e-05	0.003930885529157668	0.8671706263498921	35.26865671641791	2.2672919723856917	3.193929173693086	2.003076923076923	0.4244060475161987	0.6903748488512721	0.7971641356618369	0.9034711574717167	0.11879049676025918	0.9244350737501822	799	396	67
24-127_de_amateur	de	12.711538461538462	1.9228441754916792	12.057061270801814	12.783652135459096	0.3086232980332829	0.1043872919818457	0.7140695915279879	0.0045385779122541605	0.015128593040847202	0.8846153846153846	0.7239191579645069	4.480769230769231	1.786046511627907	0.0043975268494705	5.441782120141343e-05	0.005720499243570348	0.6127080181543116	34.21153846153846	2.394055176061239	3.2424581005586592	2.2167832167832167	0.4296520423600605	0.6965480427046277	0.5787735768356435	0.7574225171555562	0.13161875945537066	0.9055063099593775	572	283	52
24-129_de_amateur	de	14.932203389830509	1.7219069239500568	10.55206102464457	11.684218322784202	0.3076049943246311	0.08740068104426787	0.6696935300794552	0.0056753688989784334	0.00681044267877412	0.9830508474576272	0.7140099335539906	4.864406779661017	1.7896678966789668	0.004389389713734393	8.79867358600583e-05	0.004483541430192963	0.6356413166855845	38.355932203389834	2.2412659906284707	3.1921029281277726	1.9636174636174637	0.4108967082860386	0.6999616368286447	0.7658115713737967	0.8422954354426726	0.1543700340522134	0.9199873267075841	726	343	59
24-130_de_amateur	de	12.27027027027027	1.947136563876652	12.1716168591499	11.50998125967377	0.3645374449339207	0.06167400881057269	0.7224669603524229	0.0011013215859030838	0.005506607929515419	0.918918918918919	0.7127131816105399	4.351351351351352	1.5820433436532508	0.004768728985242291	3.7799544174757286e-05	0.003559628697293896	1.0143171806167401	31.7972972972973	2.1367901659030175	3.116397621070518	2.0452920143027415	0.4460352422907489	0.6862669962917186	0.8932695958220626	0.9157959214606342	0.14317180616740088	0.929812364803932	787	412	74
24-131_de_amateur	de	10.666666666666666	1.9356617647058822	11.410808823529411	11.284643137254902	0.3290441176470588	0.0625	0.7389705882352942	0.009191176470588236	0.02389705882352941	0.8627450980392157	0.7435814792811024	4.0	1.6312849162011174	0.004359464572794118	5.119598416666667e-05	0.006617647058823529	0.15625	26.03846153846154	2.1069837990323554	3.2773722627737225	2.1262939958592133	0.5091911764705882	0.6835280898876404	-1	0.857117602647218	0.15808823529411764	0.9402720497695911	473	240	52
24-132_de_amateur	de	13.851063829787234	1.847926267281106	11.617444847534074	10.453724293231364	0.31643625192012287	0.06144393241167435	0.6728110599078341	0.0	0.0015360983102918587	0.9148936170212766	0.7265579800882169	4.531914893617022	1.6857142857142857	0.005016070587864823	4.105558880866426e-05	0.0056835637480798775	0.5314900153609831	33.08510638297872	2.1156024117140775	3.2326923076923078	2.036290322580645	0.4377880184331797	0.6926086956521736	0.7927200140757472	0.9523193740632261	0.16897081413210446	0.924338700145693	586	277	47
24-133_de_amateur	de	11.11864406779661	1.9077743902439024	11.258008991318729	10.86512976781039	0.3178353658536585	0.07291666666666667	0.7329776422764228	0.019054878048780487	0.010416666666666666	0.8050847457627118	0.7065223973554758	4.098870056497175	1.714064914992272	0.0041442905870782525	5.4755191995359634e-05	0.0010380371660859465	3.3734756097560976	28.593220338983052	2.1910667195124325	3.08367707719505	2.032929918378835	0.3079268292682927	0.7138597862913664	0.7289724073320824	0.8271068379213065	0.15142276422764228	0.8974763182372921	3421	1724	354
24-134_de_amateur	de	12.025641025641026	2.013859275053305	12.863539445629002	11.980122147504238	0.3347547974413646	0.07036247334754797	0.7292110874200426	0.0042643923240938165	0.007462686567164179	0.9230769230769231	0.6872313002883	4.371794871794871	1.5849056603773586	0.0044655785351812366	4.4853623650385605e-05	0.0036551934206518425	0.814498933901919	33.38461538461539	2.2986490252859713	3.108263198163734	2.0994208494208495	0.4466950959488273	0.7216328963051224	0.8362312735637765	0.9063277054434229	0.15245202558635396	0.9337252315959734	796	389	78
24-136_de_amateur	de	11.188888888888888	1.9880834160873884	12.23305097649785	12.68280307624407	0.3485600794438927	0.070506454816286	0.7149950347567031	0.003972194637537239	0.005958291956305859	0.8777777777777778	0.7003041584559163	4.054945054945055	1.5705705705705706	0.004230911933565045	3.991800948081264e-05	0.0030678110370265287	0.9652432969215492	30.35164835164835	2.278760867895252	3.151372832369942	2.062328139321723	0.4746772591857001	0.7391850220264296	0.8385368007535878	0.9149870740853364	0.1618669314796425	0.9371234322196941	851	443	91
24-140_de_amateur	de	9.0	1.9206349206349207	10.583492063492066	10.789577777777778	0.3968253968253968	0.050793650793650794	0.7142857142857143	0.0	0.006349206349206349	0.8285714285714286	0.7212217435861257	3.6285714285714286	1.4918032786885247	0.004797158732063492	3.842543472222222e-05	0.008465608465608464	0.20317460317460317	24.428571428571427	2.200537209288243	3.037079953650058	2.0885714285714285	0.6063492063492063	0.7308796296296303	-1	-1	0.12380952380952381	0.9512204048219794	266	144	35
24-141_de_amateur	de	11.11864406779661	1.9077743902439024	11.258008991318729	10.86512976781039	0.3178353658536585	0.07291666666666667	0.7329776422764228	0.019054878048780487	0.010416666666666666	0.8050847457627118	0.7065223973554758	4.098870056497175	1.714064914992272	0.0041442905870782525	5.4755191995359634e-05	0.0010380371660859465	3.3734756097560976	28.593220338983052	2.1910667195124325	3.08367707719505	2.032929918378835	0.3079268292682927	0.7138597862913664	0.7289724073320824	0.8271068379213065	0.15142276422764228	0.8974763182372921	3421	1724	354
24-144_de_amateur	de	9.931818181818182	1.9610983981693364	11.424370189307265	10.923037070938216	0.37986270022883295	0.059496567505720827	0.7185354691075515	0.002288329519450801	0.006864988558352402	0.9090909090909091	0.7290524403077503	4.0227272727272725	1.5548387096774194	0.004882504776201373	3.49921785e-05	0.006624111766831266	0.2036613272311213	25.386363636363637	1.967043531866416	3.173758865248227	2.159383033419023	0.5537757437070938	0.7053254437869811	-1	0.9841737453538404	0.13501144164759726	0.9543116154709617	385	200	44
24-148_de_amateur	de	11.916666666666666	1.8546453546453547	10.94231518481519	11.014409723609724	0.32867132867132864	0.06793206793206794	0.7037962037962038	0.004995004995004995	0.008491508491508492	0.875	0.72176084178203	4.211764705882353	1.648936170212766	0.00432314437064985	3.4779111901983665e-05	0.0018777518777518777	1.8656343656343657	30.28235294117647	2.1215337911579057	3.1107883013751696	2.0313406848520024	0.3661338661338661	0.7280977404098767	0.7316435067111301	0.805183266240203	0.15434565434565434	0.9166169113372773	1757	857	170
24-149_de_amateur	de	11.916666666666666	1.8546453546453547	10.94231518481519	11.014409723609724	0.32867132867132864	0.06793206793206794	0.7037962037962038	0.004995004995004995	0.008491508491508492	0.875	0.72176084178203	4.211764705882353	1.648936170212766	0.00432314437064985	3.4779111901983665e-05	0.0018777518777518777	1.8656343656343657	30.28235294117647	2.1215337911579057	3.1107883013751696	2.0313406848520024	0.3661338661338661	0.7280977404098767	0.7316435067111301	0.805183266240203	0.15434565434565434	0.9166169113372773	1757	857	170
24-152_de_amateur	de	12.054054054054054	1.7690582959641257	9.985968973457766	10.699518555326627	0.3486547085201794	0.06390134529147982	0.7062780269058296	0.002242152466367713	0.005605381165919282	0.9594594594594594	0.7525720511908939	4.472972972972973	1.6123778501628665	0.004931791217600897	3.38766278551532e-05	0.003337749694251936	0.6165919282511211	32.4054054054054	2.1467209840412176	3.053839732888147	2.056268509378085	0.47085201793721976	0.7205548549810832	0.8902488808551764	0.9507734842416121	0.16367713004484305	0.9418595785267269	744	359	74
24-154_de_amateur	de	17.11842105263158	1.9215987701767872	13.761049698612407	12.182165411222135	0.2690238278247502	0.10530361260568794	0.7263643351268255	0.008455034588777863	0.010760953112990008	0.9736842105263158	0.7196069344747337	5.552631578947368	1.844155844155844	0.004423673855726364	7.893426231884059e-05	0.003089339561284219	0.7378939277478862	39.76315789473684	2.000870465866844	3.4121935056328696	2.087800369685767	0.3781706379707917	0.6786605657237924	0.7591268293685985	0.8413201260680965	0.13297463489623368	0.9075878952647612	1138	552	76
24-17_de_amateur	de	8.63063063063063	1.9916492693110648	11.277407323816512	11.132978810961276	0.3559498956158664	0.06367432150313153	0.6607515657620042	0.0041753653444676405	0.0020876826722338203	0.7837837837837838	0.6756217281743597	3.6126126126126126	1.6575757575757575	0.005054086139979123	3.549407009569378e-05	0.003728004771846108	1.1471816283924843	22.405405405405407	2.118567143680929	3.116408422725467	2.0711060948081266	0.42379958246346555	0.6655296856810267	0.7597351511672069	0.8066187117083539	0.1430062630480167	0.9244879448916	847	418	111
24-2_de_amateur	de	15.034013605442176	1.7262443438914028	10.642948564041003	9.489935943608215	0.28054298642533937	0.08506787330316742	0.6841628959276018	0.024886877828054297	0.019004524886877826	0.9183673469387755	0.7142073604574034	4.695945945945946	1.9302670623145401	0.005092035786606335	6.769407701711491e-05	0.0032036199095022626	0.8135746606334842	33.060810810810814	1.9451209716772104	3.2711656441717794	2.043364681295716	0.20497737556561085	0.5684462340123162	0.590515286724709	0.672068817127357	0.14479638009049775	0.8308138370110412	1888	818	148
24-23_de_amateur	de	7.041666666666667	2.1538461538461537	12.571634615384617	13.565384418145957	0.35502958579881655	0.08875739644970414	0.7218934911242604	0.0	0.011834319526627219	0.875	0.6905915923157302	3.25	1.5396825396825398	0.00503014793668639	4.2119655e-05	0.02564102564102564	0.01775147928994083	19.833333333333332	2.605404107058519	3.127049180327869	2.2111111111111112	0.650887573964497	0.713142857142857	-1	-1	0.10650887573964497	0.9526156771537521	146	80	24
24-25_de_amateur	de	13.023316062176166	1.7861547642729263	10.565719482669238	9.365102384326708	0.3041575492341357	0.06584444002387109	0.66938531927591	0.017107618858165904	0.008155957827730256	0.9041450777202072	0.6932152288734492	4.4910025706940875	1.8028169014084507	0.004897325066783589	5.087315102140078e-05	0.001186661335717817	2.7228963596578475	30.344473007712082	2.0194598982422334	3.180282166089381	2.0219751125231666	0.24070021881838075	0.6543465909090821	0.7252074939136653	0.8091422369215598	0.14760294410185001	0.875609064934847	4444	2056	389
24-26_de_amateur	de	14.979591836734693	1.8855585831062671	12.501632096980483	10.438293477172888	0.31743869209809267	0.05994550408719346	0.6607629427792916	0.006811989100817439	0.005449591280653951	0.9387755102040817	0.6803264538340045	5.448979591836735	1.825	0.005267321442506812	3.961186019736842e-05	0.00486044627734001	0.6198910081743869	33.61224489795919	1.8379734451369028	3.3422168382798305	2.115771812080537	0.4264305177111717	0.6718110236220486	0.7919007262407436	0.8838973901619936	0.16621253405994552	0.921433030273334	645	304	49
24-27_de_amateur	de	15.084615384615384	2.046404895461499	14.440577766445688	13.058667325148079	0.3197348291687914	0.08669046404895461	0.7078021417644059	0.011218765935747067	0.01223865374808771	0.9153846153846154	0.714351831824679	5.099236641221374	1.7779578606158832	0.005220692568077512	3.9671542821473155e-05	0.00242880499639885	1.3676695563488017	36.534351145038165	1.946803695210828	3.413238671956567	2.076061320754717	0.3212646608873024	0.6522556390977531	0.675095172640946	0.8364828552777595	0.12136664966853646	0.8961395689414002	1715	801	131
24-28_de_amateur	de	9.643835616438356	1.9467329545454546	11.142544754047325	11.820723462795765	0.3494318181818182	0.07741477272727272	0.7301136363636364	0.016335227272727272	0.002130681818181818	0.5684931506849316	0.783402013562155	3.4625	1.5895372233400402	0.004883063711008523	2.9603646217105266e-05	0.002527087737843552	1.9772727272727273	22.70625	2.2077197879085824	3.1903851406719475	2.112303290414878	0.38707386363636365	0.6818181818181852	0.6977515426149924	0.7784391076071715	0.11576704545454546	0.9203956931316731	1209	608	160
24-29_de_amateur	de	11.208333333333334	2.0557620817843865	13.039242565055762	12.416468277571253	0.379182156133829	0.08550185873605948	0.7174721189591078	0.011152416356877323	0.0037174721189591076	0.9166666666666666	0.741607062005164	4.5	1.7419354838709677	0.004624041145724907	4.0775378832116794e-05	0.009665427509293681	0.06691449814126393	26.708333333333332	1.9014159156690116	3.353395061728395	2.051546391752577	0.654275092936803	0.7454705882352939	-1	-1	0.12267657992565056	0.9696551056572784	243	137	24
24-3_de_amateur	de	15.034013605442176	1.7262443438914028	10.642948564041003	9.489935943608215	0.28054298642533937	0.08506787330316742	0.6841628959276018	0.024886877828054297	0.019004524886877826	0.9183673469387755	0.7142073604574034	4.695945945945946	1.9302670623145401	0.005092035786606335	6.769407701711491e-05	0.0032036199095022626	0.8135746606334842	33.060810810810814	1.9451209716772104	3.2711656441717794	2.043364681295716	0.20497737556561085	0.5684462340123162	0.590515286724709	0.672068817127357	0.14479638009049775	0.8308138370110412	1888	818	148
24-30_de_amateur	de	9.851063829787234	1.8423326133909288	9.991439731629985	10.875639988971095	0.31101511879049676	0.10367170626349892	0.7170626349892009	0.004319654427645789	0.019438444924406047	0.9148936170212766	0.7124841457848224	3.5	1.8410596026490067	0.00438109647537797	4.4110761413043485e-05	0.006820506991019666	0.2267818574514039	23.6	2.040704069980236	3.2654268808114963	2.1942740286298568	0.5464362850971922	0.7343131868131875	-1	-1	0.16198704103671707	0.9633638369400916	388	184	50
24-31_de_amateur	de	9.466666666666667	2.109154929577465	12.990028169014089	12.45603089201878	0.3873239436619718	0.08098591549295775	0.7112676056338029	0.0	0.01056338028169014	0.8333333333333334	0.7418815749930026	3.6333333333333333	1.8846153846153846	0.004966022248943662	4.8182415714285716e-05	0.009389671361502348	0.08450704225352113	24.066666666666666	2.442467681397947	3.307377049180328	2.0984251968503935	0.647887323943662	0.7582702702702707	-1	-1	0.09859154929577464	0.9619453988328757	252	140	30
24-32_de_amateur	de	12.857142857142858	1.94	12.316285714285716	11.852625396825399	0.30666666666666664	0.10222222222222223	0.7044444444444444	0.0022222222222222222	0.015555555555555555	0.9428571428571428	0.7277323353477372	4.171428571428572	1.9124087591240877	0.005273346162444445	4.473855846153846e-05	0.0069629629629629625	0.12222222222222222	29.428571428571427	1.8948716663464564	3.4477756286266925	2.1192660550458715	0.5244444444444445	0.6921367521367513	-1	-1	0.14666666666666667	0.9425021269923399	405	195	35
24-33_de_amateur	de	12.8125	1.9902439024390244	12.891753048780487	12.38983536585366	0.375609756097561	0.07804878048780488	0.7073170731707317	0.0	0.004878048780487805	1.0	0.7980634287739552	5.375	1.6164383561643836	0.004648925026829268	3.657228829787234e-05	0.01097560975609756	0.1951219512195122	33.875	2.0829143278758533	3.3504587155963304	2.1940298507462686	0.624390243902439	0.6653773584905657	-1	-1	0.11707317073170732	0.9560914776662044	181	94	16
24-34_de_amateur	de	14.181818181818182	2.0064102564102564	13.616550116550119	12.282289743589743	0.3333333333333333	0.0641025641025641	0.7371794871794872	0.0	0.00641025641025641	1.0	0.7982858751608752	4.7272727272727275	1.7446808510638299	0.00546849732948718	4.559628333333333e-05	0.013888888888888888	0.03205128205128205	36.27272727272727	2.0519145893244937	3.226932668329177	1.9925925925925927	0.6858974358974359	0.7285964912280702	-1	-1	0.15384615384615385	0.9760844437526608	136	72	11
24-35_de_amateur	de	8.181818181818182	2.1666666666666665	13.167575757575758	12.676555555555558	0.35	0.06111111111111111	0.7	0.0	0.005555555555555556	0.7272727272727273	0.6181657941056438	3.3636363636363638	1.5	0.005738142972222223	6.280245952380952e-05	0.022222222222222223	0.03333333333333333	22.0	2.3542439679903024	3.216768916155419	2.1986301369863015	0.6111111111111112	0.7256790123456783	-1	-1	0.17777777777777778	0.9523092234997462	163	84	22
24-36_de_amateur	de	10.09375	2.08359133126935	12.93294020897833	11.7798576625387	0.33126934984520123	0.11455108359133127	0.7151702786377709	0.0	0.0030959752321981426	0.90625	0.7374739768315621	4.34375	1.7475728155339805	0.004762197342724458	4.326160700636943e-05	0.010835913312693499	0.043343653250773995	23.4375	2.0413663831760775	3.5179282868525896	2.185770750988142	0.6191950464396285	0.7338839285714283	-1	-1	0.13003095975232198	0.958060045525198	289	157	32
24-37_de_amateur	de	9.11111111111111	2.158536585365854	13.43406504065041	12.622768021680217	0.3902439024390244	0.036585365853658534	0.6463414634146342	0.0	0.0	1.0	0.7144374416433239	4.555555555555555	1.393939393939394	0.0059350803512195115	2.0918318918918918e-05	0.02845528455284553	0.036585365853658534	24.0	2.284686463633832	3.2636363636363637	2.0847457627118646	0.6463414634146342	0.6463414634146342	-1	-1	0.17073170731707318	0.9510011824030876	75	37	9
24-38_de_amateur	de	13.526315789473685	2.167315175097276	15.2595822240426	12.898584435797666	0.3540856031128405	0.08171206225680934	0.6770428015564203	0.0	0.01556420233463035	1.0	0.8018505550368296	5.157894736842105	1.752808988764045	0.004505139686381323	3.078402718446602e-05	0.013229571984435798	0.12062256809338522	34.73684210526316	2.308512087525899	3.216012084592145	2.091254752851711	0.5758754863813229	0.6593670886075949	-1	-1	0.1245136186770428	0.9635748131112326	219	103	19
24-39_de_amateur	de	12.806451612903226	1.8110831234256928	10.775296985455437	11.583870951491022	0.28463476070528965	0.0982367758186398	0.72544080604534	0.0	0.012594458438287154	0.967741935483871	0.7006453967105467	4.838709677419355	1.85	0.0051498548012594465	5.374015866666667e-05	0.0073276849095488894	0.40554156171284633	35.806451612903224	2.4806351517853136	2.965085049239033	1.9655172413793103	0.5239294710327456	0.7051006711409394	-1	-1	0.14609571788413098	0.9399068032074303	322	150	31
24-40_de_amateur	de	11.083333333333334	2.082706766917293	13.308439849624062	12.877281203007518	0.3458646616541353	0.06516290726817042	0.7167919799498746	0.005012531328320802	0.017543859649122806	0.8611111111111112	0.7675829650482074	4.138888888888889	1.7259259259259259	0.00529356490877193	3.2623935393258424e-05	0.007518796992481203	0.23809523809523808	29.583333333333332	2.335438730168048	3.2255358807082946	2.1945205479452055	0.5488721804511278	0.7049666666666664	-1	-1	0.13032581453634084	0.9550302212255118	347	178	36
24-41_de_amateur	de	9.34375	2.120401337792642	13.074798285953179	13.208278344481606	0.4214046822742475	0.09698996655518395	0.7525083612040134	0.0	0.006688963210702341	0.90625	0.7793421781401322	3.9375	1.5384615384615385	0.004182841165217391	4.226894675324675e-05	0.01309921962095875	0.1505016722408027	25.9375	2.223599754053387	3.097968936678614	2.085245901639344	0.5953177257525084	0.7002500000000005	-1	-1	0.09698996655518395	0.9420243752322689	254	154	32
24-43_de_amateur	de	13.51063829787234	1.9716535433070865	12.944660747193833	11.44064014072709	0.32125984251968503	0.07401574803149606	0.6677165354330709	0.0015748031496062992	0.006299212598425197	0.9148936170212766	0.7027615128783257	4.872340425531915	1.7981220657276995	0.005180598135464567	4.01973982078853e-05	0.005132691746864975	0.2740157480314961	32.48936170212766	2.030209049701858	3.2863666014350947	2.0441860465116277	0.48976377952755906	0.7019962686567154	0.7210070402992856	0.8140397771988078	0.13858267716535433	0.9444006370018138	580	279	47
24-44_de_amateur	de	10.05	2.1144278606965172	13.279748756218904	12.293618706467662	0.35323383084577115	0.0945273631840796	0.7263681592039801	0.0	0.029850746268656716	0.95	0.7248749544802177	4.25	1.7941176470588236	0.00496939812636816	4.6023457731958764e-05	0.014925373134328358	0.06965174129353234	23.2	1.97631754764843	3.5309168443496803	1.9642857142857142	0.6218905472636815	0.6976470588235296	-1	-1	0.13930348258706468	0.9523462459512337	181	97	20
24-46_de_amateur	de	10.764705882352942	1.7923497267759563	9.757962070073933	9.091142976534876	0.3005464480874317	0.07650273224043716	0.6557377049180327	0.0	0.00546448087431694	0.9411764705882353	0.6931290584415585	4.352941176470588	2.0	0.005841404068306011	5.289783797468354e-05	0.020491803278688523	0.01639344262295082	23.705882352941178	2.060660546081831	3.3316831683168315	2.139705882352941	0.5792349726775956	0.6101190476190477	-1	-1	0.17486338797814208	0.9656844177219652	164	79	17
24-47_de_amateur	de	13.142857142857142	2.0217391304347827	13.39223602484472	12.097268322981368	0.358695652173913	0.07608695652173914	0.6847826086956522	0.0	0.0	1.0	0.7275641025641025	4.571428571428571	1.65625	0.005793338866304348	4.890006111111111e-05	0.03260869565217391	0.0	38.714285714285715	2.4682542578652638	2.900735294117647	2.008130081300813	0.6956521739130435	0.6956521739130435	-1	-1	0.11956521739130435	0.9840496409195555	76	36	7
24-48_de_amateur	de	9.909090909090908	1.8073394495412844	9.60115095913261	8.035011009174312	0.30275229357798167	0.03669724770642202	0.6880733944954128	0.0	0.027522935779816515	1.0	0.844011544011544	3.8181818181818183	1.8275862068965518	0.004963455286238532	5.751277959183673e-05	0.01834862385321101	0.009174311926605505	20.181818181818183	1.5849484175954764	3.450892857142857	1.8870967741935485	0.6972477064220184	0.71	-1	-1	0.1834862385321101	0.960391110580801	100	49	11
24-49_de_amateur	de	13.0	1.8557692307692308	11.378076923076925	9.274657692307693	0.3173076923076923	0.04807692307692308	0.6442307692307693	0.0	0.0	1.0	0.6948979591836736	5.125	1.696969696969697	0.006406858161538461	2.448874864864865e-05	0.03365384615384616	0.009615384615384616	31.25	2.0670695725842783	3.2111553784860556	2.276190476190476	0.6538461538461539	0.666	-1	-1	0.15384615384615385	0.9924121858067799	88	37	8
24-5_de_amateur	de	15.082901554404145	1.825833047062865	11.837161561559423	10.261976220624646	0.3198213672277568	0.06973548608725524	0.6544142906217795	0.015458605290278255	0.009275163174166953	0.9740932642487047	0.6887840000752573	5.538860103626943	1.8435517970401691	0.0052050033349007215	4.334473185311699e-05	0.0016133808739738685	2.11611130195809	34.54922279792746	1.943211776199738	3.2658950849240944	2.057739557739558	0.27241497767090345	0.6314473684210568	0.7614699376928367	0.8381621776831905	0.13363105462040537	0.8812450312334944	2532	1171	193
24-52_de_amateur	de	10.710526315789474	2.054054054054054	12.824943100995732	12.778453562653562	0.3931203931203931	0.05405405405405406	0.7395577395577395	0.002457002457002457	0.002457002457002457	0.8157894736842105	0.72951204744683	4.447368421052632	1.4829931972789117	0.004858741472727273	4.476894585365854e-05	0.007473382473382473	0.36609336609336607	27.36842105263158	2.0431903785824765	3.2024952015355086	2.1246376811594203	0.5208845208845209	0.6823376623376611	-1	0.8217463083179698	0.13267813267813267	0.9323380286172602	366	205	38
24-53_de_amateur	de	11.029411764705882	2.256	15.332270588235293	13.644717647058826	0.36	0.042666666666666665	0.7253333333333334	0.008	0.016	0.9411764705882353	0.7697183848699001	4.852941176470588	1.5528455284552845	0.004060133424	3.15058453038674e-05	0.010385964912280702	0.22933333333333333	28.823529411764707	2.3056052351804492	3.238624873609707	2.0848214285714284	0.512	0.6748188405797092	-1	-1	0.152	0.9177045972658776	343	181	34
24-54_de_amateur	de	11.387755102040817	1.8172043010752688	10.294235242484092	10.053459176358716	0.3727598566308244	0.053763440860215055	0.7096774193548387	0.005376344086021506	0.017921146953405017	0.8163265306122449	0.7539489746436342	4.3061224489795915	1.76536312849162	0.004443449411774193	4.2138291338582676e-05	0.006674082313681868	0.4157706093189964	26.6734693877551	1.9626588378973338	3.3127853881278537	2.1158536585365852	0.4659498207885305	0.6815904139433544	-1	0.7932284934574558	0.13799283154121864	0.9198921277240117	492	254	49
24-55_de_amateur	de	10.72	1.9104477611940298	11.134083582089556	11.758689970149252	0.39738805970149255	0.06716417910447761	0.7294776119402985	0.007462686567164179	0.007462686567164179	0.82	0.7025150693121929	4.16	1.5606060606060606	0.004072772614179105	4.8944489361702125e-05	0.006202097620008068	0.6753731343283582	27.9	2.2049592012278714	3.143160878809355	2.1165413533834587	0.47388059701492535	0.742608695652174	-1	0.8274903257410484	0.14365671641791045	0.9295895818621329	449	235	50
24-56_de_amateur	de	11.46875	2.130790190735695	14.026136750681204	13.426362465940056	0.3787465940054496	0.05449591280653951	0.7275204359673024	0.0027247956403269754	0.01634877384196185	0.90625	0.7818507765301935	4.875	1.5853658536585367	0.003704099168392371	3.7128133142857146e-05	0.009751900186433385	0.2779291553133515	29.25	2.0919919800325664	3.246006389776358	2.0346020761245676	0.5286103542234333	0.691604477611939	-1	-1	0.17438692098092642	0.9269487190666972	325	175	32
24-57_de_amateur	de	11.5	1.8876811594202898	11.169637681159422	12.294249275362318	0.3804347826086957	0.050724637681159424	0.7427536231884058	0.0	0.010869565217391304	0.875	0.7869894817047864	4.958333333333333	1.5957446808510638	0.004624874484057971	4.8863428346456696e-05	0.012479871175523351	0.025362318840579712	30.375	2.1415509700604702	3.1267029972752045	2.0825082508250827	0.6376811594202898	0.7169491525423731	-1	-1	0.14130434782608695	0.9626876524129743	234	127	24
24-59_de_amateur	de	13.064516129032258	1.8469135802469137	11.298741537236165	11.884498207885304	0.37777777777777777	0.056790123456790124	0.7209876543209877	0.0049382716049382715	0.009876543209876543	0.9032258064516129	0.7517760245381729	5.064516129032258	1.5684931506849316	0.004496900273333333	4.235894333333333e-05	0.007667316439246263	0.2222222222222222	35.516129032258064	2.1902962878807384	3.0942028985507246	2.028169014084507	0.5580246913580247	0.7195751633986921	-1	-1	0.16049382716049382	0.9446014899194735	345	180	31
24-6_de_amateur	de	15.034013605442176	1.7262443438914028	10.642948564041003	9.489935943608215	0.28054298642533937	0.08506787330316742	0.6841628959276018	0.024886877828054297	0.019004524886877826	0.9183673469387755	0.7142073604574034	4.695945945945946	1.9302670623145401	0.005092035786606335	6.769407701711491e-05	0.0032036199095022626	0.8135746606334842	33.060810810810814	1.9451209716772104	3.2711656441717794	2.043364681295716	0.20497737556561085	0.5684462340123162	0.590515286724709	0.672068817127357	0.14479638009049775	0.8308138370110412	1888	818	148
24-60_de_amateur	de	11.705882352941176	1.9698492462311559	12.2195152231747	13.6956406148389	0.3944723618090452	0.07537688442211055	0.7060301507537688	0.005025125628140704	0.01256281407035176	0.9117647058823529	0.7432152852549518	5.0588235294117645	1.5165562913907285	0.004624358861306533	3.8422177900552483e-05	0.009073143495254048	0.18592964824120603	33.205882352941174	2.393246207090465	3.0520282186948853	2.012135922330097	0.5175879396984925	0.6798327759197323	-1	-1	0.15829145728643215	0.9318437727911982	343	181	34
24-61_de_amateur	de	13.142857142857142	1.815217391304348	10.95527950310559	12.057390605590063	0.35597826086956524	0.07201086956521739	0.7010869565217391	0.005434782608695652	0.014945652173913044	0.9285714285714286	0.7228401751307542	4.75	1.6820083682008369	0.0045598115092391305	5.123845144694534e-05	0.004164697542533081	0.8831521739130435	36.875	2.508237425430933	2.9826589595375723	1.923756906077348	0.45516304347826086	0.7100941915227619	0.7505384237377681	0.7755781627707791	0.1453804347826087	0.9324131053787654	608	311	56
24-62_de_amateur	de	12.627450980392156	1.9611801242236024	12.476631348191454	10.97601477286567	0.35403726708074534	0.05745341614906832	0.6925465838509317	0.006211180124223602	0.007763975155279503	0.9215686274509803	0.683164551108554	5.1568627450980395	1.6837209302325582	0.004561692336801242	3.1395562000000004e-05	0.0067657497781721376	0.30745341614906835	33.0	2.215708437108126	3.102245862884161	2.131782945736434	0.45962732919254656	0.6583119266055039	0.6767487668951535	0.7884526293053761	0.15372670807453417	0.9114122171321354	578	300	51
24-63_de_amateur	de	11.566666666666666	1.8962536023054755	11.29679250720461	10.954767992315084	0.3746397694524496	0.07780979827089338	0.7262247838616714	0.0	0.01440922190201729	0.9333333333333333	0.7666402423715332	4.833333333333333	1.6147540983606556	0.004239237392795389	5.113348466257668e-05	0.011527377521613832	0.17002881844380405	29.766666666666666	2.0761557741310144	3.1955555555555555	2.024024024024024	0.5389048991354467	0.6751209677419355	-1	-1	0.15273775216138327	0.9365760856726093	298	163	30
24-64_de_amateur	de	13.181818181818182	1.9896551724137932	13.028840125391852	11.669275862068966	0.38448275862068965	0.07586206896551724	0.6862068965517242	0.005172413793103448	0.006896551724137931	0.8863636363636364	0.728730685721556	4.7727272727272725	1.6113744075829384	0.004605820088793103	4.424495468164794e-05	0.005818965517241379	0.5724137931034483	34.0	2.1511503777532286	3.1559389515593894	2.063706563706564	0.4982758620689655	0.7140124740124736	0.6076681612956507	0.8110526537533856	0.12586206896551724	0.9284329592243378	509	267	44
24-65_de_amateur	de	13.022727272727273	2.006980802792321	13.171237109313026	12.79154485165794	0.35776614310645727	0.09598603839441536	0.7417102966841187	0.0034904013961605585	0.017452006980802792	0.9318181818181818	0.733561856589628	4.909090909090909	1.6701570680628273	0.004253518524083769	3.528569853479854e-05	0.008047314330036843	0.14834205933682373	34.20454545454545	2.114577034311806	3.1914893617021276	2.1196911196911197	0.5270506108202443	0.7080379746835443	0.7742477844448015	0.9532566009696247	0.1343804537521815	0.939100569787183	506	273	44
24-66_de_amateur	de	12.090909090909092	2.1027568922305764	13.937985873775347	12.518905764411027	0.38847117794486213	0.05263157894736842	0.6942355889724311	0.002506265664160401	0.007518796992481203	0.9090909090909091	0.7279521861229903	4.96969696969697	1.6240601503759398	0.00389724765914787	4.40890103626943e-05	0.008390541571319604	0.2731829573934837	29.96969696969697	2.152364179084556	3.245983935742972	2.1157894736842104	0.5213032581453634	0.6909999999999988	-1	-1	0.14285714285714285	0.929248911237807	360	193	33
24-67_de_amateur	de	12.421052631578947	2.1758474576271185	14.929210526315789	14.278685593220342	0.3538135593220339	0.11440677966101695	0.7161016949152542	0.0	0.012711864406779662	0.9210526315789473	0.7152170315535441	4.605263157894737	1.8354430379746836	0.005453412353601695	3.945953133047211e-05	0.009346959122632104	0.18008474576271186	34.13157894736842	2.3184574135628426	3.1485758275596614	2.055263157894737	0.4724576271186441	0.6401608579088469	-1	0.861833671857073	0.13983050847457626	0.9078563529745465	423	233	38
24-68_de_amateur	de	12.114285714285714	1.7806603773584906	10.146363881401616	10.7172774393531	0.3443396226415094	0.10377358490566038	0.714622641509434	0.0	0.009433962264150943	0.8857142857142857	0.7305782595059812	4.685714285714286	1.7681159420289856	0.004218613862028302	3.935453473684211e-05	0.008708272859216255	0.09433962264150944	30.97142857142857	2.2263257551947793	3.005514705882353	1.8807339449541285	0.5542452830188679	0.7168615384615373	-1	-1	0.15566037735849056	0.9510977114164263	359	190	35
24-69_de_amateur	de	11.216216216216216	1.927710843373494	11.531312276131555	11.139001953760989	0.3759036144578313	0.060240963855421686	0.6939759036144578	0.004819277108433735	0.004819277108433735	0.8918918918918919	0.7592541388486731	4.513513513513513	1.5743243243243243	0.004646356051084338	4.366544e-05	0.007447973713033955	0.30120481927710846	27.486486486486488	1.939484319999026	3.235063663075416	2.154450261780105	0.5253012048192771	0.6832911392405063	-1	-1	0.15903614457831325	0.9471680006090876	360	190	37
24-7_de_amateur	de	15.375	2.1105691056910567	15.31096544715447	11.958838211382115	0.3121951219512195	0.08455284552845528	0.6552845528455284	0.0032520325203252032	0.0	1.0	0.7363735392814662	5.35	1.788659793814433	0.00446765558504065	3.992120110294118e-05	0.004965941551307405	0.49105691056910566	34.35	1.9509672502523057	3.573304157549234	2.3692660550458715	0.43089430894308944	0.6379844961240313	0.9323613071612585	0.8779442992601646	0.16747967479674797	0.919278193120862	548	272	40
24-70_de_amateur	de	13.45	1.821561338289963	11.149923791821564	11.843765650557621	0.3252788104089219	0.05204460966542751	0.7286245353159851	0.0	0.007434944237918215	0.9	0.7528652032844456	5.025	1.5847953216374269	0.004774064426765799	3.949142546296296e-05	0.0055142503097893435	0.3345724907063197	35.6	2.3880913634071965	2.997196916608269	1.9006734006734007	0.4591078066914498	0.6543507972665144	-1	0.7071398784074054	0.1654275092936803	0.9358469533784952	449	216	40
24-71_de_amateur	de	11.541666666666666	2.0162454873646207	12.702946750902527	12.8911385078219	0.37906137184115524	0.04693140794223827	0.7111913357400722	0.007220216606498195	0.009025270758122744	0.9375	0.7352905529053025	4.583333333333333	1.5260416666666667	0.004432624540252708	5.277726150793651e-05	0.006486913357400722	0.4747292418772563	28.333333333333332	2.1613657113839713	3.3215859030837005	2.0813492063492065	0.48736462093862815	0.6749450549450555	-1	0.8484917968890723	0.14981949458483754	0.9245055334740258	473	252	48
24-72_de_amateur	de	12.264705882352942	2.158273381294964	14.660861193398226	13.600478967414304	0.3980815347721823	0.06954436450839328	0.7242206235011991	0.002398081534772182	0.011990407673860911	0.9411764705882353	0.7110837104645155	5.0	1.535031847133758	0.004131359734772183	4.7921440625e-05	0.008273381294964029	0.2589928057553957	34.14705882352941	2.317819470688256	3.084978540772532	2.021531100478469	0.5491606714628298	0.7160062893081744	-1	-1	0.14148681055155876	0.9371864997489852	357	192	34
24-73_de_amateur	de	12.903225806451612	1.9925	12.95375806451613	11.74321935483871	0.355	0.055	0.695	0.005	0.0175	0.9032258064516129	0.7665796929626717	4.870967741935484	1.5857142857142856	0.0047501383200000006	5.0697905172413795e-05	0.008625	0.2625	31.70967741935484	2.00047579918685	3.23582995951417	2.1848958333333335	0.5075	0.6739534883720925	-1	-1	0.1475	0.9327646393139218	348	174	31
24-74_de_amateur	de	13.228571428571428	1.7084233261339092	9.728538105522986	10.726169194692998	0.35853131749460043	0.056155507559395246	0.7041036717062635	0.0	0.019438444924406047	0.8857142857142857	0.7218452902980647	4.828571428571428	1.6918238993710693	0.005510739805615551	5.862156342857143e-05	0.0064794816414686825	0.45788336933045354	35.457142857142856	2.443228735058954	3.032128514056225	2.0141342756183747	0.4794816414686825	0.696181318681318	-1	-1	0.15334773218142547	0.9439301740315151	385	175	35
24-75_de_amateur	de	8.881578947368421	2.29037037037037	14.900186159844054	14.64725925925926	0.40444444444444444	0.05037037037037037	0.6711111111111111	0.0	0.007407407407407408	0.7763157894736842	0.77641534021534	3.9078947368421053	1.6122448979591837	0.004411829620296297	2.6561085714285715e-05	0.006446446446446446	0.5940740740740741	25.342105263157894	2.3860609839212983	3.0923550538737814	2.1271860095389505	0.40296296296296297	0.6211284722222221	0.704926456873391	0.761063929629994	0.16	0.8936561272964756	592	336	76
24-76_de_amateur	de	11.743589743589743	1.9344978165938864	11.817074235807862	12.696912484604187	0.38427947598253276	0.05240174672489083	0.7183406113537117	0.010917030567685589	0.019650655021834062	0.8717948717948718	0.7637362602319014	4.871794871794871	1.5333333333333334	0.004546103474672489	5.899517452830189e-05	0.007303117000451738	0.5043668122270742	29.41025641025641	2.041787949828969	3.2356521739130435	2.0385542168674697	0.5043668122270742	0.7073537604456818	-1	0.8393130599222232	0.14410480349344978	0.9184918665627912	400	212	39
24-77_de_amateur	de	13.215686274509803	1.7774480712166172	10.53800488741491	10.092615267353233	0.3486646884272997	0.050445103857566766	0.7077151335311572	0.011869436201780416	0.00741839762611276	0.8627450980392157	0.7070762308260347	4.823529411764706	1.555084745762712	0.00411746971231454	5.036647867647059e-05	0.0047243479618928625	0.7314540059347181	35.11764705882353	2.2745646150438974	3.0344444444444445	2.1324137931034484	0.4688427299703264	0.7187652173913043	0.7621426343317611	0.940957991642686	0.16023738872403562	0.9293025496142	569	272	51
24-80_de_amateur	de	12.375	1.996212121212121	12.791553030303032	12.674049494949497	0.36742424242424243	0.059343434343434344	0.7032828282828283	0.006313131313131313	0.012626262626262626	0.90625	0.7115498648520094	5.046875	1.5865724381625441	0.00474047437209596	5.6920223463687154e-05	0.005050505050505051	0.6224747474747475	30.984375	2.1392608951308913	3.2136068034017007	2.074242424242424	0.44823232323232326	0.6904473304473308	0.6446834505113225	0.7681650903313008	0.13762626262626262	0.920264551592516	699	358	64
24-81_de_amateur	de	11.34375	1.9683195592286502	12.060233298898073	12.467143319559229	0.38705234159779617	0.07024793388429752	0.7011019283746557	0.0027548209366391185	0.008264462809917356	0.84375	0.6775023719985761	5.125	1.5483870967741935	0.004926171961294766	4.2744383333333334e-05	0.005025686843868662	0.59366391184573	29.796875	2.1957624666573414	3.1431524547803615	2.121917808219178	0.45179063360881544	0.6722966507177034	0.6685271414546053	0.7677877144633635	0.11983471074380166	0.9243017152887746	634	312	64
24-82_de_amateur	de	13.666666666666666	2.0195121951219512	13.570243902439028	12.581988617886179	0.37658536585365854	0.06634146341463415	0.7239024390243902	0.010731707317073172	0.006829268292682927	0.88	0.7463721128602002	4.906666666666666	1.4947916666666667	0.0046520854752195116	4.35532012345679e-05	0.0035529668729523114	1.495609756097561	33.666666666666664	2.0175837377937977	3.2559055118110236	2.1010452961672472	0.3960975609756098	0.6948920086393093	0.5616922044508779	0.7671843798077459	0.14634146341463414	0.9097043853238723	906	486	75
24-83_de_amateur	de	12.360655737704919	1.9814323607427056	12.611557594468845	12.859765299821717	0.34084880636604775	0.09549071618037135	0.6936339522546419	0.003978779840848806	0.009283819628647215	0.8852459016393442	0.6777356850199155	5.081967213114754	1.5977443609022557	0.00474640245265252	4.783364035087719e-05	0.005188016851302855	0.3687002652519894	30.540983606557376	2.1178246968795036	3.2527881040892193	2.0540098199672667	0.4244031830238727	0.6701068702290066	0.7010892320937235	0.8016331200340993	0.13527851458885942	0.9019470255438414	672	342	61
24-84_de_amateur	de	16.307692307692307	2.026415094339623	14.681698113207549	12.987391436865021	0.3443396226415094	0.08113207547169811	0.7009433962264151	0.0037735849056603774	0.01509433962264151	1.0	0.7332785367507757	5.876923076923077	1.7382920110192837	0.004824640681981132	4.319457641723356e-05	0.0035545822102425874	1.0811320754716982	41.16923076923077	2.3625942684634267	3.2996645546030563	2.170020120724346	0.39528301886792455	0.719053069719047	0.7585668985014659	0.8261731002587577	0.1320754716981132	0.9157346048853227	909	441	65
24-85_de_amateur	de	13.07843137254902	1.9205397301349325	12.172957050886325	11.455536813945969	0.36431784107946025	0.06746626686656672	0.6986506746626686	0.0014992503748125937	0.013493253373313344	0.9215686274509803	0.6786763026960229	4.784313725490196	1.5228215767634854	0.004575145583529235	5.2671762376237624e-05	0.006196901549225388	0.2848575712143928	32.72549019607843	2.021815607624243	3.1869047619047617	2.038983050847458	0.44227886056971516	0.6547007042253526	0.7601212566743324	0.8201604562664392	0.15292353823088456	0.9088553888769512	587	303	51
24-86_de_amateur	de	12.076923076923077	2.1003184713375798	13.903757961783445	13.673003576678099	0.37579617834394907	0.0732484076433121	0.7101910828025477	0.0031847133757961785	0.011146496815286623	0.9423076923076923	0.7243572958470065	4.673076923076923	1.59375	0.004675894410828026	4.95510996742671e-05	0.005777979981801638	0.47770700636942676	30.23076923076923	2.1809510017614624	3.2774274905422445	2.0783898305084745	0.4601910828025478	0.6775425330812855	0.5719944751897452	0.8053644460348413	0.1449044585987261	0.9198530136029464	567	307	52
24-87_de_amateur	de	13.990825688073395	1.8019672131147542	11.129635133102727	10.687859497668823	0.36131147540983605	0.05311475409836065	0.7029508196721311	0.017049180327868854	0.007868852459016393	0.9724770642201835	0.7339833028007887	4.522935779816514	1.679702048417132	0.004773452853732459	5.381242763744428e-05	0.0026313577133249264	1.3049180327868852	33.88073394495413	1.9713656608600474	3.163143631436314	2.0	0.4072131147540984	0.7106521739130508	0.866215118779026	0.9832850983971452	0.12327868852459016	0.9197167754127469	1317	673	109
24-9_de_amateur	de	16.428571428571427	1.8652173913043477	12.826708074534164	11.3582049689441	0.26666666666666666	0.1072463768115942	0.7028985507246377	0.002898550724637681	0.004347826086956522	0.9761904761904762	0.7144344694364853	5.428571428571429	2.0	0.003810469513768116	6.77496198019802e-05	0.004435660957400088	0.32318840579710145	37.19047619047619	1.944646688160953	3.3459079283887467	2.05360824742268	0.4449275362318841	0.6708798646362082	0.9353256383577463	0.8981578340427521	0.1782608695652174	0.9237594474388416	617	303	42
24-91_de_amateur	de	9.021459227467812	1.9019980970504282	10.371946643907503	11.782874186448224	0.37773549000951473	0.09895337773549001	0.7440532825880114	0.004281636536631779	0.010466222645099905	0.7510729613733905	0.7462182146553086	3.5617021276595744	1.6318471337579619	0.004033278711274976	3.406740521172639e-05	0.002256595067487349	2.3168411037107517	25.123404255319148	2.356810043065223	2.997997663941265	2.0446834919321475	0.33777354900095147	0.701397903145286	0.7927655752213637	0.8473367958871629	0.10513796384395814	0.8979688075974969	1779	921	235
24-92_de_amateur	de	8.285024154589372	1.9994169096209913	11.234278953817554	12.06409277334122	0.3924198250728863	0.09329446064139942	0.744606413994169	0.0052478134110787176	0.00641399416909621	0.6763285024154589	0.7139134170453463	3.401913875598086	1.5969924812030074	0.004033278568163266	3.812331509661836e-05	0.0023493447309575707	2.057725947521866	22.9377990430622	2.3978215058757812	3.0231794871794873	2.075268817204301	0.3912536443148688	0.720414603960398	0.8107354088025704	0.8867069097502327	0.10787172011661808	0.9134863875181372	1475	828	209
24-93_de_amateur	de	13.439024390243903	1.8950998185117967	12.013397370634326	11.1381391793192	0.3039927404718693	0.06424682395644284	0.6682395644283121	0.005263157894736842	0.006533575317604356	0.9	0.7028194611691114	4.602439024390244	1.7478361223312175	0.0049032882883484575	4.384042485180118e-05	0.0008595281306715063	3.5088929219600726	32.582926829268295	2.1100630505029727	3.235496154707683	2.046852122986823	0.2617059891107078	0.6775974866013625	0.7124244316061541	0.7678492848131181	0.15571687840290382	0.895430833697916	4802	2193	410
24-94_de_amateur	de	13.439024390243903	1.8950998185117967	12.013397370634326	11.1381391793192	0.3039927404718693	0.06424682395644284	0.6682395644283121	0.005263157894736842	0.006533575317604356	0.9	0.7028194611691114	4.602439024390244	1.7478361223312175	0.0049032882883484575	4.384042485180118e-05	0.0008595281306715063	3.5088929219600726	32.582926829268295	2.1100630505029727	3.235496154707683	2.046852122986823	0.2617059891107078	0.6775974866013625	0.7124244316061541	0.7678492848131181	0.15571687840290382	0.895430833697916	4802	2193	410
24-95_de_amateur	de	13.439024390243903	1.8950998185117967	12.013397370634326	11.1381391793192	0.3039927404718693	0.06424682395644284	0.6682395644283121	0.005263157894736842	0.006533575317604356	0.9	0.7028194611691114	4.602439024390244	1.7478361223312175	0.0049032882883484575	4.384042485180118e-05	0.0008595281306715063	3.5088929219600726	32.582926829268295	2.1100630505029727	3.235496154707683	2.046852122986823	0.2617059891107078	0.6775974866013625	0.7124244316061541	0.7678492848131181	0.15571687840290382	0.895430833697916	4802	2193	410
24-96_de_amateur	de	13.439024390243903	1.8950998185117967	12.013397370634326	11.1381391793192	0.3039927404718693	0.06424682395644284	0.6682395644283121	0.005263157894736842	0.006533575317604356	0.9	0.7028194611691114	4.602439024390244	1.7478361223312175	0.0049032882883484575	4.384042485180118e-05	0.0008595281306715063	3.5088929219600726	32.582926829268295	2.1100630505029727	3.235496154707683	2.046852122986823	0.2617059891107078	0.6775974866013625	0.7124244316061541	0.7678492848131181	0.15571687840290382	0.895430833697916	4802	2193	410
24-97_de_amateur	de	13.342465753424657	1.9917864476386038	13.116641725971142	11.624854113808333	0.3398357289527721	0.07802874743326489	0.6704312114989733	0.004106776180698152	0.004106776180698152	0.8767123287671232	0.7084476223944409	4.355263157894737	1.716867469879518	0.004550241178644764	7.222301882640586e-05	0.003992699064567648	0.7597535934291582	31.82894736842105	2.0414744249479972	3.318163011998345	2.0192090395480227	0.41786447638603696	0.683017142857146	0.7340031569639749	0.8570096414974573	0.12833675564681724	0.9265743201319835	841	409	76
24-98_de_amateur	de	12.766990291262136	1.7330798479087453	9.83946841891543	9.83618830521614	0.30342205323193916	0.045627376425855515	0.6509505703422053	0.0022813688212927757	0.00532319391634981	0.9029126213592233	0.6977718153655439	4.427184466019417	1.7325301204819277	0.004813056302585551	5.367871178781925e-05	0.0030676032738287035	0.7680608365019012	29.78640776699029	2.0748686716883804	3.2294442638934027	2.0633019674935844	0.3665399239543726	0.655008223684208	0.6516120546829924	0.7938032799927676	0.16958174904942966	0.9102881006156408	1139	509	103
24-99_de_amateur	de	9.392	1.8458262350936967	9.853629574105625	11.634448021805794	0.3543441226575809	0.06984667802385008	0.7223168654173765	0.0068143100511073255	0.004258943781942078	0.76	0.7089771621115077	3.6842105263157894	1.587962962962963	0.004706413745485519	4.0432260678642716e-05	0.0027257240204429305	0.807495741056218	22.571428571428573	2.257071484693458	3.136588584625536	2.0930041152263374	0.444633730834753	0.6943162790697678	0.8315293564897591	0.9000557490142649	0.141396933560477	0.9413822244187552	992	501	133
3-19_de_amateur	de	15.666666666666666	1.5452127659574468	8.753510638297872	7.146860283687943	0.26063829787234044	0.034574468085106384	0.6768617021276596	0.009308510638297872	0.011968085106382979	1.0	0.7082106955014453	5.166666666666667	1.8443396226415094	0.005734650599734042	5.861722020905923e-05	0.004528464634847613	0.5478723404255319	33.958333333333336	1.8889414329608016	3.2071296865396435	1.9861111111111112	0.3829787234042553	0.6518223583460951	0.5877495422798472	0.7355519538597036	0.18085106382978725	0.8989508476703503	680	287	48
3-28_de_amateur	de	13.615384615384615	2.0583804143126176	14.00888888888889	12.099646733304361	0.3370998116760829	0.07909604519774012	0.6666666666666666	0.0	0.011299435028248588	0.9230769230769231	0.7212728155383819	4.641025641025641	1.6666666666666667	0.004622189526553672	3.646559913043478e-05	0.0065913370998116755	0.3578154425612053	34.205128205128204	2.032628254942819	3.3071161048689137	2.0632911392405062	0.4632768361581921	0.6506712962962974	-1	0.8381043574052524	0.13559322033898305	0.9164277198993536	463	230	39
3-29_de_amateur	de	20.476190476190474	2.0534883720930233	16.62687707641196	11.171595791805094	0.3325581395348837	0.06511627906976744	0.627906976744186	0.0	0.0	0.9523809523809523	0.6618494022933535	5.380952380952381	1.8308823529411764	0.005898418893953488	3.397857222222222e-05	0.006826706676669167	0.8046511627906977	49.0	2.028088341003927	3.2436893203883495	2.0830188679245283	0.39069767441860465	0.6259516616314208	-1	-1	0.12558139534883722	0.8998397191882808	401	180	21
3-31_de_amateur	de	14.526315789473685	1.713768115942029	10.297726926010682	8.485575362318842	0.2971014492753623	0.07971014492753623	0.644927536231884	0.007246376811594203	0.0036231884057971015	0.8947368421052632	0.6909638201304866	4.181818181818182	1.8255813953488371	0.005051694049275362	3.4239965094339624e-05	0.00959079283887468	0.2644927536231884	29.181818181818183	2.050607184822284	3.1140625	2.048076923076923	0.4746376811594203	0.6500564971751409	-1	-1	0.14855072463768115	0.9016291484753597	247	106	22
3-34_de_amateur	de	11.823008849557523	1.8717564870259482	11.107699998233624	10.305357478847617	0.30863273453093815	0.05538922155688623	0.7033433133732535	0.003243512974051896	0.00998003992015968	0.8495575221238938	0.7320348524265728	4.137026239067056	1.5925925925925926	0.00432250692507485	6.037492519590115e-05	0.001394450363077526	2.4441117764471056	28.708454810495628	2.1044221685663453	3.1888203780450826	2.0645348837209303	0.25399201596806387	0.6803734970580768	0.6526408978397518	0.7442204523929743	0.16142714570858283	0.8808880224900557	3527	1659	343
3-36_de_amateur	de	17.713286713286713	1.7161468614291353	11.568714783045618	9.074825770597347	0.276746940386893	0.04184761152783261	0.6671930517173312	0.016975917883932098	0.010264508487958943	0.965034965034965	0.7234564548712415	5.489510489510489	1.790728476821192	0.005245031443505725	6.168875963488844e-05	0.002215911261668556	1.041452822739834	39.13286713286713	1.9439560879787743	3.2801932367149758	2.0646051905024847	0.2668772206869325	0.6353204601478942	0.6942935326864967	0.8124743378354485	0.17094354520331623	0.8829530243190025	2274	986	143
3-39_de_amateur	de	13.344444444444445	2.044129891756869	13.73506605606439	12.481245232676475	0.3288925895087427	0.11240632805995004	0.6919233971690258	0.0008326394671107411	0.006661115736885929	0.8888888888888888	0.7007050107661682	4.466666666666667	1.8920308483290489	0.004528300207910074	2.940522205323194e-05	0.003119466172555734	1.5578684429641965	36.4	2.3051182823882432	3.0648288397455317	2.067248908296943	0.3530391340549542	0.6729854809437353	0.6612655142809347	0.7357012948416108	0.12822647793505412	0.8819133751938736	1039	526	90
3-40_de_amateur	de	16.333333333333332	1.6750392464678179	10.545463108320252	9.771851700680273	0.2794348508634223	0.06750392464678179	0.6781789638932496	0.0	0.006279434850863423	0.9743589743589743	0.7115145209777737	5.230769230769231	1.7724867724867726	0.0054569523679748825	4.532866234309623e-05	0.0057922373193309154	0.47095761381475665	40.56410256410256	2.22519070475625	3.077166350411132	2.0077041602465333	0.4175824175824176	0.6598141263940545	0.9407348056578598	0.9942256156451857	0.1726844583987441	0.9173585240194629	545	239	39
3-44_de_amateur	de	16.333333333333332	1.6750392464678179	10.545463108320252	9.771851700680273	0.2794348508634223	0.06750392464678179	0.6781789638932496	0.0	0.006279434850863423	0.9743589743589743	0.7115145209777737	5.230769230769231	1.7724867724867726	0.0054569523679748825	4.532866234309623e-05	0.0057922373193309154	0.47095761381475665	40.56410256410256	2.22519070475625	3.077166350411132	2.0077041602465333	0.4175824175824176	0.6598141263940545	0.9407348056578598	0.9942256156451857	0.1726844583987441	0.9173585240194629	545	239	39
3-49_de_amateur	de	13.344444444444445	2.044129891756869	13.73506605606439	12.481245232676475	0.3288925895087427	0.11240632805995004	0.6919233971690258	0.0008326394671107411	0.006661115736885929	0.8888888888888888	0.7007050107661682	4.466666666666667	1.8920308483290489	0.004528300207910074	2.940522205323194e-05	0.003119466172555734	1.5578684429641965	36.4	2.3051182823882432	3.0648288397455317	2.067248908296943	0.3530391340549542	0.6729854809437353	0.6612655142809347	0.7357012948416108	0.12822647793505412	0.8819133751938736	1039	526	90
3-51_de_amateur	de	12.210191082802547	1.7501304121022432	9.823513385099464	9.55082146599816	0.2931664058424622	0.06364110589462701	0.6624934793948879	0.0020865936358894104	0.0099113197704747	0.910828025477707	0.6934577019988226	4.2025316455696204	1.8033898305084746	0.004945855946583203	4.1650548366013076e-05	0.002268036560749359	1.6807511737089202	30.00632911392405	2.1408610506556176	3.1033326346677845	2.002504696305573	0.30412102243088157	0.6555225522552272	0.7426331034737302	0.8553489327652837	0.1664058424621805	0.8918206556629588	1706	765	158
3-53_de_amateur	de	14.151724137931035	1.827972709551657	11.499250386502656	10.525773539019966	0.3172514619883041	0.06676413255360623	0.6881091617933723	0.003898635477582846	0.004873294346978557	0.9172413793103448	0.6922910763857558	5.275862068965517	1.6695652173913043	0.004886491743128655	3.940004696066746e-05	0.0023909600389863546	1.7880116959064327	34.4551724137931	2.0867258053198583	3.1369261477045907	2.0200803212851404	0.2899610136452242	0.6632309267793224	0.6917303688889689	0.7961935064054334	0.14327485380116958	0.8831305001929289	1805	839	145
4-1_de_amateur	de	11.733333333333333	1.6761363636363635	8.76440909090909	10.005733787878787	0.29545454545454547	0.05113636363636364	0.7073863636363636	0.002840909090909091	0.019886363636363636	0.9333333333333333	0.7475686940079743	4.7	1.6785714285714286	0.004949617394602273	4.8723836090225564e-05	0.009024064171122994	0.2159090909090909	31.6	2.387275687361601	2.9936708860759493	1.9852941176470589	0.5340909090909091	0.6884189723320155	-1	-1	0.17045454545454544	0.9457346892871061	293	133	30
4-10_de_amateur	de	14.033898305084746	1.7650966183574879	10.71136043560141	10.476721419798576	0.31280193236714976	0.07004830917874397	0.6950483091787439	0.0030193236714975845	0.007246376811594203	0.9152542372881356	0.7139787541913295	4.8559322033898304	1.6571969696969697	0.00484564523049517	3.4518580916030534e-05	0.002296275108060005	0.9975845410628019	37.92372881355932	2.3303989787263837	3.0113941018766757	2.044557247602933	0.3743961352657005	0.7034039820167032	0.7298788229652713	0.8727709969588483	0.15338164251207728	0.9266231587587448	1423	655	118
4-11_de_amateur	de	13.72549019607843	1.9228571428571428	12.452655462184875	11.764416246498602	0.32285714285714284	0.12857142857142856	0.7171428571428572	0.004285714285714286	0.008571428571428572	0.8627450980392157	0.735087075386039	4.407407407407407	1.9126637554585153	0.004605415955142857	4.09282834375e-05	0.005044642857142857	0.45285714285714285	34.574074074074076	2.0219615559283324	3.0853788687299892	2.035190615835777	0.48428571428571426	0.7254242928452584	0.9486680016949519	1.0050936225989637	0.11428571428571428	0.9310574137680449	611	320	54
4-12_de_amateur	de	14.5	1.8706896551724137	12.139137931034483	10.97484827586207	0.31724137931034485	0.06637931034482758	0.6853448275862069	0.007758620689655172	0.002586206896551724	0.9	0.6979269200727307	4.62962962962963	1.769028871391076	0.005245895478275862	3.547651381443299e-05	0.0033045977011494252	0.9844827586206897	35.81481481481482	2.0820076830428795	3.1235375086028907	1.9697885196374623	0.40344827586206894	0.695457115928371	0.8802931342654379	0.9019552675497128	0.125	0.921241319861197	1019	485	81
4-2_de_amateur	de	8.248366013071895	2.011093502377179	11.357766073148756	11.520299539065494	0.34231378763866877	0.08003169572107766	0.7099841521394612	0.002377179080824089	0.008716323296354992	0.7254901960784313	0.7172995167547673	3.5612903225806454	1.5968109339407746	0.00420092723866878	4.0998237162162165e-05	0.0032466103187180845	1.4778129952456418	20.903225806451612	2.223478501812667	3.1503645200486026	2.0855457227138645	0.38351822503961963	0.707523645743766	0.7325088606881871	0.8014388361711371	0.12440570522979398	0.902646728882875	1129	592	155
4-22_de_amateur	de	11.833333333333334	1.9264475743348983	11.757081377151803	11.928807198748045	0.3411580594679186	0.08450704225352113	0.7339593114241002	0.003129890453834116	0.006259780907668232	0.8888888888888888	0.6911240134352921	4.444444444444445	1.7110091743119267	0.004062168879029734	4.522492222222222e-05	0.005738132498695879	0.4522691705790297	29.74074074074074	2.13385365421645	3.1979038224414302	2.096774193548387	0.4679186228482003	0.7172777777777789	0.7653199493520799	0.8563192774329047	0.13928012519561817	0.9221693335930466	571	306	54
4-23_de_amateur	de	10.594594594594595	1.7857142857142858	9.613320463320466	10.247691726420298	0.3596938775510204	0.08928571428571429	0.6913265306122449	0.002551020408163265	0.00510204081632653	0.8918918918918919	0.7117737956850214	3.945945945945946	1.6054421768707483	0.005252818945918368	3.3805995151515154e-05	0.008553421368547419	0.1913265306122449	27.62162162162162	2.084847640534091	3.044703595724004	2.2052505966587113	0.5178571428571429	0.6751194539249149	-1	-1	0.12755102040816327	0.9424668516282155	334	165	37
4-24_de_amateur	de	8.68	1.847926267281106	9.600729953917053	10.415881253456222	0.4055299539170507	0.06451612903225806	0.7004608294930875	0.0	0.009216589861751152	0.88	0.7497955747955748	3.16	1.6883116883116882	0.004712613811981566	4.271998272727273e-05	0.017511520737327188	0.14285714285714285	20.72	1.9457706672412556	3.3115384615384613	1.9709302325581395	0.5852534562211982	0.6649152542372879	-1	-1	0.1382488479262673	0.9375040217876455	194	110	25
4-27_de_amateur	de	15.11111111111111	1.8308823529411764	11.907745098039218	9.843563071895424	0.2867647058823529	0.051470588235294115	0.7132352941176471	0.007352941176470588	0.022058823529411766	1.0	0.7336101398601399	4.888888888888889	1.85	0.004991438762500001	5.950958103448276e-05	0.051470588235294115	0.007352941176470588	37.55555555555556	2.225194439521925	3.142433234421365	1.9649122807017543	0.6397058823529411	0.7164864864864866	-1	-1	0.13970588235294118	0.9205078383258445	117	58	9
4-3_de_amateur	de	13.133333333333333	1.6129441624365481	8.564741116751268	9.745969475465314	0.282994923857868	0.10025380710659898	0.7195431472081218	0.050761421319796954	0.0038071065989847717	0.85	0.6617627545109027	3.734375	1.9865470852017937	0.005629910317766497	4.410638e-05	0.004423495286439449	0.38071065989847713	30.21875	1.9673654000775354	2.9840534979423867	1.854368932038835	0.44416243654822335	0.6403918722786639	0.9256049710234747	0.9324443925906097	0.12690355329949238	0.9263022659647607	639	295	64
4-30_de_amateur	de	14.444444444444445	1.7461538461538462	10.647948717948719	10.983008547008549	0.3282051282051282	0.09743589743589744	0.7	0.0	0.0	0.9629629629629629	0.6876949640208612	5.111111111111111	1.6692307692307693	0.0037109596007692306	3.960861696969697e-05	0.008376068376068376	0.1	39.592592592592595	2.383573687498539	2.9311627906976745	2.0453563714902807	0.5205128205128206	0.6683848797250854	-1	-1	0.14871794871794872	0.9359918780058217	318	165	27
4-32_de_amateur	de	15.246696035242291	1.6749494365790234	10.12061480537697	9.784802330054083	0.2938457093325628	0.05200809014735625	0.6995088124819416	0.006067610517191563	0.007512279687951459	0.9427312775330396	0.7276419654359464	5.066079295154185	1.646025878003697	0.004894429110170471	4.9694264755351684e-05	0.0012127859662812376	2.1450447847442935	37.48898678414097	2.1304180723623376	3.0572335174521097	1.9501661129568106	0.3132042762207454	0.7124836406900735	0.7027829822461389	0.8329577035248666	0.16035827795434845	0.9067791120496819	2973	1308	227
4-33_de_amateur	de	12.565217391304348	1.6955017301038062	9.31735519783361	9.648239987964496	0.29411764705882354	0.05190311418685121	0.6608996539792388	0.010380622837370242	0.010380622837370242	0.8913043478260869	0.6741746465576876	4.127659574468085	1.8370786516853932	0.005064901602422145	3.6272407522123897e-05	0.006920415224913495	0.3166089965397924	28.829787234042552	2.029248950676281	3.129385964912281	2.037894736842105	0.4515570934256055	0.6594780793319405	1.0828772538841722	0.9060990372514487	0.1643598615916955	0.929235325127473	511	226	47
4-34_de_amateur	de	15.391891891891891	1.7506584723441616	11.070607811498945	10.397602463042498	0.2704126426690079	0.06321334503950835	0.6672519754170325	0.0052677787532923615	0.01141352063213345	0.972972972972973	0.7029110747869058	5.445945945945946	1.774480712166172	0.004860242892712906	5.1538735648148145e-05	0.0035536602700781805	0.40825285338015804	36.2972972972973	2.0973853524774633	3.183513614323014	1.9487726787620063	0.3863037752414399	0.6720192307692316	0.7450532646569079	0.9136344557142654	0.19666374012291485	0.9273609821619284	990	432	74
4-36_de_amateur	de	13.666666666666666	2.207317073170732	15.78634146341464	14.093521951219511	0.34959349593495936	0.10975609756097561	0.7479674796747967	0.0040650406504065045	0.008130081300813009	0.9444444444444444	0.7111132223442129	4.666666666666667	1.6818181818181819	0.004337618761382114	2.9845385833333334e-05	0.00880758807588076	0.07723577235772358	35.94444444444444	2.2492756378669694	3.1503067484662575	1.9585492227979275	0.6463414634146342	0.7499319727891155	-1	-1	0.12601626016260162	0.9619171026103941	218	120	18
4-37_de_amateur	de	16.4	1.7181571815718157	11.080254742547428	9.322256151761518	0.26287262872628725	0.07994579945799458	0.6775067750677507	0.01084010840108401	0.013550135501355014	0.9555555555555556	0.720889628592894	4.826086956521739	1.890547263681592	0.004224915678590786	3.8651581879194635e-05	0.005274874177313202	0.2696476964769648	36.73913043478261	2.0073766915045583	3.191943127962085	1.89126213592233	0.42276422764227645	0.6648513302034417	0.6686221997536176	0.8275460774090845	0.18834688346883469	0.9219215799227428	666	298	46
4-38_de_amateur	de	13.73913043478261	1.6930379746835442	9.746108970831042	8.960948431480464	0.2879746835443038	0.060126582278481014	0.6234177215189873	0.0189873417721519	0.006329113924050633	0.8260869565217391	0.7253218419600398	3.392857142857143	1.9292929292929293	0.004950951321202532	5.612992169811321e-05	0.008860759493670885	0.23734177215189872	26.714285714285715	1.6857279702698957	3.033288948069241	2.006872852233677	0.509493670886076	0.639585253456222	-1	-1	0.14873417721518986	0.9449505307849005	268	106	28
4-39_de_amateur	de	15.481481481481481	1.8433014354066986	12.198734715576823	10.364341024277866	0.29784688995215314	0.045454545454545456	0.6650717703349283	0.019138755980861243	0.004784688995215311	1.0	0.7291564907899049	5.148148148148148	1.7209302325581395	0.004660237772607656	5.010854545454546e-05	0.004186602870813397	0.722488038277512	36.74074074074074	2.028151562947776	3.1315524193548385	1.9338235294117647	0.39832535885167464	0.6799728629579385	0.6994165229718998	0.8375283825532832	0.1519138755980861	0.9093641596374124	753	341	54
4-40_de_amateur	de	16.566964285714285	1.8326596604688763	12.49650006496131	11.148930678099857	0.29830234438156833	0.0582053354890865	0.6725949878738885	0.005119913769873349	0.006736728644570197	0.9419642857142857	0.709272357747812	5.3125	1.7705627705627707	0.005104311979951495	3.8653094744027305e-05	0.0012876338159280762	2.8534087846941527	42.20982142857143	2.271976637621399	3.085191840186027	1.9645820038289725	0.26434923201293453	0.6894407530454103	0.7220383822869313	0.7994604951708758	0.14443546213958502	0.8831406878038275	3256	1465	224
4-41_de_amateur	de	16.566964285714285	1.8326596604688763	12.49650006496131	11.148930678099857	0.29830234438156833	0.0582053354890865	0.6725949878738885	0.005119913769873349	0.006736728644570197	0.9419642857142857	0.709272357747812	5.3125	1.7705627705627707	0.005104311979951495	3.8653094744027305e-05	0.0012876338159280762	2.8534087846941527	42.20982142857143	2.271976637621399	3.085191840186027	1.9645820038289725	0.26434923201293453	0.6894407530454103	0.7220383822869313	0.7994604951708758	0.14443546213958502	0.8831406878038275	3256	1465	224
4-42_de_amateur	de	16.566964285714285	1.8326596604688763	12.49650006496131	11.148930678099857	0.29830234438156833	0.0582053354890865	0.6725949878738885	0.005119913769873349	0.006736728644570197	0.9419642857142857	0.709272357747812	5.3125	1.7705627705627707	0.005104311979951495	3.8653094744027305e-05	0.0012876338159280762	2.8534087846941527	42.20982142857143	2.271976637621399	3.085191840186027	1.9645820038289725	0.26434923201293453	0.6894407530454103	0.7220383822869313	0.7994604951708758	0.14443546213958502	0.8831406878038275	3256	1465	224
4-43_de_amateur	de	16.566964285714285	1.8326596604688763	12.49650006496131	11.148930678099857	0.29830234438156833	0.0582053354890865	0.6725949878738885	0.005119913769873349	0.006736728644570197	0.9419642857142857	0.709272357747812	5.3125	1.7705627705627707	0.005104311979951495	3.8653094744027305e-05	0.0012876338159280762	2.8534087846941527	42.20982142857143	2.271976637621399	3.085191840186027	1.9645820038289725	0.26434923201293453	0.6894407530454103	0.7220383822869313	0.7994604951708758	0.14443546213958502	0.8831406878038275	3256	1465	224
4-46_de_amateur	de	16.566964285714285	1.8326596604688763	12.49650006496131	11.148930678099857	0.29830234438156833	0.0582053354890865	0.6725949878738885	0.005119913769873349	0.006736728644570197	0.9419642857142857	0.709272357747812	5.3125	1.7705627705627707	0.005104311979951495	3.8653094744027305e-05	0.0012876338159280762	2.8534087846941527	42.20982142857143	2.271976637621399	3.085191840186027	1.9645820038289725	0.26434923201293453	0.6894407530454103	0.7220383822869313	0.7994604951708758	0.14443546213958502	0.8831406878038275	3256	1465	224
4-6_de_amateur	de	10.080536912751677	1.806924101198402	9.663113790114302	9.466404520147632	0.31358189081225035	0.08988015978695073	0.6990679094540613	0.007323568575233023	0.007989347536617843	0.6375838926174496	0.7505926700661939	3.523489932885906	1.694949494949495	0.004172681293941411	4.901283682634731e-05	0.002333966696090606	1.5019973368841544	23.436241610738254	1.9738601765173378	3.181584215041464	2.0154405086285196	0.35286284953395475	0.6956664290805425	0.6449109722508848	0.7221387815483561	0.14713715046604528	0.9006263250015664	1339	668	149
5-1_de_amateur	de	13.171875	1.6939501779359432	9.535643349644129	10.292509504744958	0.33214709371293	0.06998813760379596	0.6844602609727165	0.002372479240806643	0.0035587188612099642	0.9375	0.6691400423342756	4.6	1.6765676567656767	0.006309640660498221	4.473666424242424e-05	0.004270462633451958	0.9181494661921709	32.87692307692308	2.075713872996892	2.9953271028037385	1.9814814814814814	0.4365361803084223	0.6985349462365588	0.6338210224989651	0.8017665919580242	0.1257413997627521	0.9187430665884436	722	330	65
5-103_de_amateur	de	8.864864864864865	1.9451219512195121	10.819736321687543	10.53900418589321	0.36585365853658536	0.07621951219512195	0.6920731707317073	0.003048780487804878	0.0	0.8918918918918919	0.7269317869956695	3.2439024390243905	1.7094017094017093	0.005396662906707317	4.730707094594595e-05	0.008807588075880758	0.35060975609756095	20.365853658536587	2.046512694328177	3.051373954599761	2.013986013986014	0.5548780487804879	0.6877292576419216	-1	-1	0.12804878048780488	0.952966108684169	288	148	41
5-105_de_amateur	de	12.933333333333334	1.9501718213058419	12.466027491408937	10.528690446735396	0.2920962199312715	0.070446735395189	0.6821305841924399	0.005154639175257732	0.012027491408934709	0.9111111111111111	0.739839157569665	4.555555555555555	1.7967032967032968	0.004649604681786942	3.976040161290323e-05	0.006709212894779905	0.27491408934707906	30.4	2.053071582301119	3.2540029112081514	2.0272952853598016	0.46563573883161513	0.6614906832298136	0.6642446613830534	0.932386112418696	0.16323024054982818	0.9304371111155315	521	248	45
5-107_de_amateur	de	12.826086956521738	1.6779661016949152	9.212173913043479	8.631792925571112	0.29491525423728815	0.0847457627118644	0.6745762711864407	0.0	0.010169491525423728	0.9130434782608695	0.787988784382065	3.652173913043478	1.8850574712643677	0.0057339551054237286	4.0191176229508195e-05	0.010653753026634382	0.2033898305084746	29.08695652173913	2.220153160750167	3.1899109792284865	2.032710280373832	0.5084745762711864	0.6711224489795928	-1	-1	0.16271186440677965	0.9172980730580743	262	122	23
5-108_de_amateur	de	11.984177215189874	1.6865592817533668	8.98522863861378	9.77967336357225	0.31898600475310274	0.07103247953525219	0.6865592817533668	0.010562450488513335	0.008449960390810668	0.7784810126582279	0.7234183883029204	4.192429022082019	1.6848534201954397	0.004630284460850277	5.28572886135298e-05	0.00115658832849221	3.6171111697913916	29.95583596214511	2.1616434306069565	3.1088191959587457	2.079429735234216	0.28307367309215736	0.6782727765726764	0.7569056226098159	0.8389069939986774	0.1589648798521257	0.8957716458833418	3224	1493	317
5-11_de_amateur	de	11.816901408450704	2.0464839094159712	13.167101680404237	11.290881267102016	0.3528009535160906	0.06436233611442194	0.7270560190703218	0.007151370679380214	0.004767580452920143	0.6901408450704225	0.7606957481864525	3.92	1.78714859437751	0.005221213016209774	3.771558714285715e-05	0.004298638113288653	1.5601907032181168	25.933333333333334	1.7919019676708368	3.3042813455657494	2.142857142857143	0.38498212157330153	0.6823108108108118	0.8386739835719004	0.7015703042592538	0.13110846245530394	0.8891409857436064	770	420	75
5-111_de_amateur	de	13.055555555555555	1.5680851063829788	8.005070921985816	8.773229314420805	0.2680851063829787	0.05319148936170213	0.7170212765957447	0.010638297872340425	0.006382978723404255	0.9166666666666666	0.7539237862895536	4.722222222222222	1.6643835616438356	0.004500791028510639	4.346153592814371e-05	0.00851063829787234	0.15319148936170213	31.36111111111111	2.0088153219522784	3.0760389036251103	1.9915433403805496	0.46595744680851064	0.674258760107816	-1	-1	0.17446808510638298	0.9480336322697607	401	167	36
5-112_de_amateur	de	9.583333333333334	1.8898550724637682	10.447789855072468	10.5251884057971	0.3072463768115942	0.08405797101449275	0.7101449275362319	0.005797101449275362	0.002898550724637681	0.8611111111111112	0.7296367095482533	3.55	1.6788990825688073	0.003678380470724638	3.43686847133758e-05	0.009036658141517476	0.22318840579710145	21.6	1.777267380545749	3.1377314814814814	2.075268817204301	0.5159420289855072	0.6832113821138205	-1	-1	0.17391304347826086	0.9296384208260651	308	157	40
5-115_de_amateur	de	8.736842105263158	1.7590361445783131	8.573994927076729	8.128992771084338	0.30120481927710846	0.060240963855421686	0.7108433734939759	0.0	0.024096385542168676	0.7368421052631579	0.7168340918340917	3.45	1.7321428571428572	0.005985816838554216	3.715147428571428e-05	0.021084337349397592	0.030120481927710843	18.8	1.759869652406417	3.2645502645502646	2.1120689655172415	0.6265060240963856	0.7131343283582089	-1	-1	0.13855421686746988	0.9676070302459223	151	70	20
5-116_de_amateur	de	9.357142857142858	2.0839694656488548	12.650125408942202	10.571880697928025	0.33587786259541985	0.09923664122137404	0.6564885496183206	0.007633587786259542	0.022900763358778626	0.8571428571428571	0.7396214896214895	4.0	1.619047619047619	0.003865355851908397	4.8857446875e-05	0.030534351145038167	0.015267175572519083	21.857142857142858	1.8794476356976357	3.29126213592233	2.08	0.6946564885496184	0.73625	-1	-1	0.1297709923664122	0.9500732863568488	122	64	14
5-117_de_amateur	de	7.379310344827586	1.6962616822429906	7.303818884950051	9.080269287786013	0.27102803738317754	0.09345794392523364	0.7616822429906542	0.014018691588785047	0.009345794392523364	0.8275862068965517	0.6778521057545825	2.8	1.5	0.004101895973831776	4.91286547368421e-05	0.013434579439252336	0.11214953271028037	17.833333333333332	1.9100497881747882	3.0964749536178107	2.1384615384615384	0.602803738317757	0.7097391304347825	-1	-1	0.2102803738317757	0.9360551412585774	185	95	30
5-118_de_amateur	de	9.32	1.849785407725322	9.872267811158803	9.354462798283262	0.30042918454935624	0.07296137339055794	0.7381974248927039	0.0	0.008583690987124463	0.84	0.7550354982707925	3.8076923076923075	1.5421686746987953	0.0042379647145922746	4.3174743434343435e-05	0.013412017167381975	0.0815450643776824	20.53846153846154	1.7154041148775117	3.25417439703154	2.2093023255813953	0.575107296137339	0.693283582089552	-1	-1	0.14163090128755365	0.9424636313151843	211	99	26
5-119_de_amateur	de	9.619047619047619	1.7475247524752475	8.782220650636496	9.522710702498822	0.3316831683168317	0.06435643564356436	0.7029702970297029	0.0049504950495049506	0.009900990099009901	0.9047619047619048	0.8255247432306255	3.727272727272727	1.6515151515151516	0.00363633056039604	4.049953181818182e-05	0.02062706270627063	0.04455445544554455	21.136363636363637	1.7968747175664352	3.221030042918455	2.0823529411764707	0.6039603960396039	0.7363106796116508	-1	-1	0.15346534653465346	0.9323371108461322	174	88	22
5-12_de_amateur	de	13.379310344827585	1.8324742268041236	11.251126910771422	9.815976875222184	0.3389175257731959	0.055412371134020616	0.6430412371134021	0.0	0.003865979381443299	0.9482758620689655	0.6846974038557052	4.862068965517241	1.6884057971014492	0.006080868253608247	4.068571779141105e-05	0.004935292827374424	0.9677835051546392	33.724137931034484	2.165185900972135	3.0274809160305343	2.038327526132404	0.3698453608247423	0.6207680945347133	0.939505360664487	0.9225680401183336	0.13402061855670103	0.8983219657574233	696	326	58
5-121_de_amateur	de	9.772727272727273	1.9209302325581394	10.888340380549685	11.320116279069767	0.2744186046511628	0.13488372093023257	0.7255813953488373	0.004651162790697674	0.018604651162790697	0.9545454545454546	0.7512123877891238	3.909090909090909	2.0	0.0035450377558139535	7.356910947368421e-05	0.015503875968992248	0.05581395348837209	24.09090909090909	1.9963052019648713	3.2109227871939736	2.010928961748634	0.6	0.7231034482758619	-1	-1	0.13953488372093023	0.9329402931127878	188	95	22
5-123_de_amateur	de	9.176470588235293	1.8653846153846154	10.000361990950228	10.822126395173456	0.32051282051282054	0.057692307692307696	0.6730769230769231	0.00641025641025641	0.0	0.9411764705882353	0.7287985640567163	3.176470588235294	1.7547169811320755	0.00541237866923077	3.12676507936508e-05	0.02115384615384615	0.2692307692307692	22.88235294117647	2.170188598840515	3.053030303030303	2.0393700787401574	0.5576923076923077	0.665964912280702	-1	-1	0.10256410256410256	0.9078150637330067	139	63	17
5-124_de_amateur	de	9.551724137931034	1.8303249097472925	9.733006348811156	9.71916018921947	0.33935018050541516	0.07220216606498195	0.7075812274368231	0.01444043321299639	0.01444043321299639	0.9310344827586207	0.7724988634858017	3.2413793103448274	1.6161616161616161	0.004584569807581227	3.536599237288135e-05	0.011732851985559567	0.032490974729241874	22.655172413793103	2.129188611322101	3.1543116490166416	2.06	0.5667870036101083	0.6779775280898876	-1	-1	0.11552346570397112	0.9432209472103306	247	118	29
5-125_de_amateur	de	14.25	1.918421052631579	12.604868421052636	10.554275438596491	0.2929824561403509	0.07280701754385965	0.6763157894736842	0.007017543859649123	0.010526315789473684	0.9875	0.7197905544157617	5.15	1.753501400560224	0.004547556622807017	6.67095066098081e-05	0.003724222837796245	0.9991228070175439	32.15	1.9071908153604653	3.316524437548487	2.103211009174312	0.3447368421052632	0.6776176753122006	0.6611333241285701	0.7232772705916639	0.13421052631578947	0.8944258664804678	1007	469	80
5-126_de_amateur	de	11.5	1.9869565217391305	12.341086956521742	10.607865217391305	0.36086956521739133	0.05652173913043478	0.6717391304347826	0.010869565217391304	0.004347826086956522	0.925	0.7034120325394816	4.2	1.6335403726708075	0.004638613258695652	4.97284536231884e-05	0.006521739130434783	0.29347826086956524	27.8	2.0613957371991725	3.3059768064228368	2.153605015673981	0.5108695652173914	0.6761218836565092	-1	0.9988484347120908	0.12608695652173912	0.9266647303529392	416	207	40
5-127_de_amateur	de	11.79245283018868	1.9712	12.26921660377359	9.565922113207549	0.3384	0.0696	0.6592	0.0112	0.0064	0.7358490566037735	0.7425423955081719	4.169811320754717	1.7380952380952381	0.00478355476704	4.367285567567568e-05	0.002767058823529412	1.7232	28.29245283018868	2.0069704961713573	3.2649800266311586	2.0257309941520467	0.3464	0.6523370981755	0.8242038925897457	0.82086823329705	0.1528	0.8989082563433552	1131	555	106
5-129_de_amateur	de	12.714285714285714	1.853932584269663	11.244975922953454	10.046496486534688	0.33707865168539325	0.06741573033707865	0.6841448189762797	0.012484394506866416	0.006242197253433208	0.9047619047619048	0.6947206933396733	4.4375	1.7333333333333334	0.004283564537578027	5.43725622754491e-05	0.0041839592401390156	0.4232209737827715	30.59375	2.0792326138154977	3.2151576805696847	2.054652880354505	0.4781523096129838	0.7053703703703724	0.848039015811426	0.9257813995044016	0.1373283395755306	0.9320201331804333	704	334	64
5-13_de_amateur	de	12.594202898550725	1.9298043728423475	12.093430729974486	11.748472243625022	0.3222094361334868	0.08860759493670886	0.6915995397008056	0.0011507479861910242	0.0023014959723820483	0.927536231884058	0.7432860633769267	4.565217391304348	1.7625899280575539	0.004576503669159954	3.594201876606684e-05	0.004576230363689887	0.6156501726121979	31.855072463768117	2.262204925254757	3.171818181818182	2.050872093023256	0.42117376294591485	0.688389610389612	0.7215962654146122	0.7994438228988804	0.13693901035673187	0.9074493253193615	772	389	69
5-130_de_amateur	de	13.438202247191011	1.9523411371237458	12.688524294464695	10.149141663221975	0.3068561872909699	0.06939799331103678	0.6755852842809364	0.006688963210702341	0.005852842809364548	0.8876404494382022	0.7374464908608549	4.573033707865169	1.7820163487738419	0.00481486237299331	5.0538237547892716e-05	0.002700442917834222	0.9439799331103679	31.337078651685392	1.9346089537607223	3.2813728995352163	2.0704960835509136	0.38377926421404684	0.6773017319963575	0.8571886165368351	0.8677209706576953	0.15133779264214048	0.9077140211180545	1084	522	89
5-131_de_amateur	de	10.942857142857143	2.028720626631854	12.616617679970165	10.699371562849684	0.3838120104438642	0.07049608355091384	0.7049608355091384	0.010443864229765013	0.007832898172323759	0.8571428571428571	0.7606079877029177	3.7222222222222223	1.6956521739130435	0.004835680426892951	3.3523932402234636e-05	0.007071366405570061	0.3289817232375979	25.52777777777778	1.8505393574769649	3.214054054054054	2.019083969465649	0.5483028720626631	0.6942605633802815	-1	-1	0.09921671018276762	0.9398177628723713	344	179	36
5-132_de_amateur	de	13.700729927007298	1.9062333510921683	12.246838214420432	11.539528692703453	0.3106020245071923	0.07991475759190197	0.6915290356952584	0.011720831113478956	0.007991475759190196	0.927007299270073	0.7284406979406282	4.598540145985401	1.7447154471544715	0.004414162398721364	4.784216546134663e-05	0.002153258746226248	1.3340436867341503	31.94160583941606	1.9638806557747033	3.239917976760082	1.999287241625089	0.3537559936068194	0.6829808773903282	0.7435956133905073	0.8458243188107248	0.14118273841236015	0.9032685223882619	1669	802	137
5-133_de_amateur	de	13.516129032258064	1.863961813842482	11.676039725921935	10.273918253907153	0.3914081145584726	0.050119331742243436	0.6706443914081146	0.0	0.00954653937947494	0.9354838709677419	0.7053348854265309	4.645161290322581	1.9420289855072463	0.00544198068973747	4.1674201000000004e-05	0.009260143198090692	0.45823389021479716	29.516129032258064	1.8426412045743532	3.3664864864864863	2.096	0.44630071599045346	0.6307812499999998	-1	0.7738580381010964	0.10978520286396182	0.897188647308877	386	200	31
5-15_de_amateur	de	8.964285714285714	2.1752988047808763	13.57459732498577	12.33562140011383	0.3466135458167331	0.14342629482071714	0.7370517928286853	0.00398406374501992	0.01195219123505976	0.8214285714285714	0.770080610807735	3.5714285714285716	1.8148148148148149	0.0039491735187251	3.656916589147287e-05	0.010529311326124075	0.21115537848605578	23.107142857142858	2.4192022905760573	3.229135053110774	2.0825242718446604	0.6175298804780877	0.7244078947368418	-1	-1	0.099601593625498	0.9476024592749631	222	129	28
5-16_de_amateur	de	12.717647058823529	1.8982423681776133	11.769142297437014	10.638347109974424	0.34135060129509714	0.06845513413506013	0.7123034227567068	0.0018501387604070306	0.008325624421831638	0.8117647058823529	0.7569182085653178	4.5058823529411764	1.7754491017964071	0.0040513600519889	4.5547548915187375e-05	0.003199198273203824	1.5513413506012952	30.152941176470588	1.992905183604277	3.2154803578374174	2.0845588235294117	0.3894542090656799	0.7031670061099762	0.7701766901992184	0.7497024737131287	0.1267345050878816	0.9063878821741236	963	507	85
5-17_de_amateur	de	13.50909090909091	1.9690444145356663	12.91326954606632	11.296721345895019	0.3162853297442799	0.06056527590847914	0.6864064602960969	0.006729475100942127	0.009421265141318977	0.9636363636363636	0.7451491851589316	4.709090909090909	1.7652173913043478	0.004865030848317631	4.866251515151515e-05	0.0050384787935259	0.6608344549125168	31.672727272727272	1.9928474507033374	3.3175057208237986	2.068833652007648	0.4347240915208614	0.6819254658385095	0.8026801844224704	0.9158733441801162	0.1480484522207268	0.9179039371002418	670	330	55
5-2_de_amateur	de	11.767441860465116	1.7674571805006587	9.85529705548917	9.07167306431351	0.3945981554677207	0.08300395256916997	0.6949934123847167	0.006587615283267457	0.001976284584980237	0.6821705426356589	0.7578516049294679	4.651162790697675	1.6945996275605215	0.004298056915217391	4.364658773584905e-05	0.0024769433465085637	3.652173913043478	27.82170542635659	1.7997804083211455	3.164066852367688	2.014481094127112	0.3096179183135705	0.6823185341790013	0.5039200646964523	0.5940849866392621	0.12582345191040845	0.8764877441410517	1357	742	129
5-20_de_amateur	de	12.594202898550725	1.9298043728423475	12.093430729974486	11.748472243625022	0.3222094361334868	0.08860759493670886	0.6915995397008056	0.0011507479861910242	0.0023014959723820483	0.927536231884058	0.7432860633769267	4.565217391304348	1.7625899280575539	0.004576503669159954	3.594201876606684e-05	0.004576230363689887	0.6156501726121979	31.855072463768117	2.262204925254757	3.171818181818182	2.050872093023256	0.42117376294591485	0.688389610389612	0.7215962654146122	0.7994438228988804	0.13693901035673187	0.9074493253193615	772	389	69
5-23_de_amateur	de	7.5	1.79	8.457000000000004	9.236	0.3233333333333333	0.11	0.73	0.0033333333333333335	0.0	0.85	0.718938789131097	2.8292682926829267	1.691588785046729	0.005046252837333334	3.975408e-05	0.012820512820512822	0.20666666666666667	17.146341463414632	1.9984023872657948	3.2150837988826817	2.2065727699530515	0.53	0.6613930348258711	-1	-1	0.15666666666666668	0.9109320322805665	272	150	41
5-24_de_amateur	de	10.106060606060606	1.752623688155922	9.032323156603518	9.653354022988506	0.335832083958021	0.06596701649175413	0.6956521739130435	0.005997001499250375	0.004497751124437781	0.8333333333333334	0.7215494829132287	3.753623188405797	1.5924369747899159	0.005009917645727137	4.17646071942446e-05	0.005189712835889747	0.6926536731634183	24.115942028985508	2.0624232107033094	3.094610778443114	2.029109589041096	0.4197901049475262	0.6827992957746473	0.8136935580879392	0.8389774578682856	0.13943028485757122	0.9167382087368674	586	278	69
5-27_de_amateur	de	9.745098039215685	2.084507042253521	12.807771333885668	13.421181196985838	0.3722334004024145	0.096579476861167	0.710261569416499	0.004024144869215292	0.004024144869215292	0.8235294117647058	0.6890309577128125	4.03921568627451	1.6333333333333333	0.00431587947444668	2.5447525862068966e-05	0.0071014321221446325	0.7525150905432596	24.431372549019606	1.9840714525501546	3.2377567140600316	2.0739030023094687	0.448692152917505	0.6784422110552746	-1	0.8616936945026988	0.09859154929577464	0.8992245202475265	433	232	51
5-28_de_amateur	de	14.307692307692308	1.9271749755620724	12.730664711632453	10.966591217384765	0.3465298142717498	0.0826001955034213	0.6852394916911045	0.006842619745845552	0.005865102639296188	0.8321678321678322	0.7445195730097195	5.2727272727272725	1.6675977653631284	0.00515899586686217	4.492612787610619e-05	0.0020019550342130986	2.526392961876833	33.48951048951049	1.947474683302032	3.2595213319458898	2.0215343203230147	0.30254154447702836	0.6681510015408388	0.8846424303691823	0.918407448359561	0.12218963831867058	0.8805805331604826	1827	904	143
5-3_de_amateur	de	15.963636363636363	1.7574031890660593	11.373175812797687	9.378186059225513	0.30068337129840544	0.07289293849658314	0.6594533029612756	0.003416856492027335	0.003416856492027335	0.9090909090909091	0.7468376615198941	4.945454545454545	1.830827067669173	0.004780530256492027	5.0004499445983375e-05	0.003545794472858555	0.7277904328018223	35.018181818181816	1.804410897406392	3.321410057024365	2.141945773524721	0.4020501138952164	0.6513222079589235	0.6883279197556739	0.7947511146009371	0.15148063781321183	0.9197168697545395	791	361	55
5-30_de_amateur	de	10.36111111111111	2.0616621983914207	12.7784472743521	10.987190110217457	0.3297587131367292	0.09115281501340483	0.6970509383378016	0.0	0.002680965147453083	0.9444444444444444	0.7542513404469927	3.861111111111111	1.6564885496183206	0.004805853303485255	4.352863248407644e-05	0.009234435507893953	0.2707774798927614	26.75	2.283826511206364	3.190082644628099	2.2010869565217392	0.4932975871313673	0.6381386861313861	-1	-1	0.1554959785522788	0.9260094163483185	325	157	36
5-31_de_amateur	de	10.557692307692308	1.8633879781420766	10.515478142076503	10.22523704637803	0.3424408014571949	0.0692167577413479	0.7158469945355191	0.0	0.0018214936247723133	0.8269230769230769	0.7117264910411271	4.019230769230769	1.6647058823529413	0.004622279901275046	3.422605427509294e-05	0.006909113749136361	0.5482695810564663	24.807692307692307	2.098967823231493	3.241749808135073	2.10498687664042	0.4517304189435337	0.69291111111111	-1	0.9250471633883327	0.1621129326047359	0.9037545392928111	499	269	52
5-33_de_amateur	de	16.405405405405407	1.901153212520593	13.241716015851107	11.507967309319206	0.3014827018121911	0.08896210873146623	0.657331136738056	0.011532125205930808	0.0032948929159802307	0.9459459459459459	0.7085756775306268	5.135135135135135	1.8524590163934427	0.005630681869028007	4.361020390625e-05	0.00527182866556837	0.6952224052718287	38.270270270270274	2.007041471829555	3.3145275035260933	2.1550925925925926	0.42668863261943984	0.6479921259842515	0.6528633444768618	0.764245499400289	0.14497528830313014	0.9095155506592798	543	256	37
5-34_de_amateur	de	10.67123287671233	1.7804878048780488	9.581536919478786	9.538960560606327	0.3427471116816431	0.07702182284980745	0.6765083440308087	0.0038510911424903724	0.0025673940949935813	0.726027397260274	0.7686997659503085	3.9178082191780823	1.7397769516728625	0.005061235635173299	4.4530133644859816e-05	0.004090424490328756	1.6842105263157894	26.986301369863014	1.988864556809329	3.0985844287158746	2.10077519379845	0.4017971758664955	0.6947205882352953	1.1765496490164196	1.0805407740005328	0.14377406931964057	0.9007277247327327	671	321	73
5-38_de_amateur	de	10.537735849056604	2.2112802148612354	14.612823516494654	12.339111761625649	0.35541629364368843	0.06177260519247986	0.7000895255147717	0.0035810205908683975	0.005371530886302597	0.6415094339622641	0.6210706886605692	3.7358490566037736	1.5696517412935322	0.004869997774932856	4.6236674566473984e-05	0.003774992539540436	1.1477170993733214	26.528301886792452	2.196751447706715	3.3112745098039214	2.119440914866582	0.37600716204118173	0.7048821218074655	0.6119988241857767	0.7414296638067576	0.144136078782453	0.8912731443587218	1011	519	106
5-39_de_amateur	de	13.23134328358209	1.8127467569091935	10.9606356121255	10.191488154826544	0.3051325437112239	0.07896221094190638	0.7258883248730964	0.011280315848843767	0.011280315848843767	0.8955223880597015	0.7539647994508559	3.9571428571428573	1.7085514834205933	0.004635795255893966	5.087455655737705e-05	0.002032806918593721	1.6209813874788495	30.65	2.05939918454113	3.227240814416101	2.0626614987080103	0.37225042301184436	0.722066905615296	0.6877648660488168	0.8154330364016807	0.15679639029892836	0.912491433236242	1537	732	140
5-4_de_amateur	de	10.841121495327103	1.9982758620689656	12.217692555591366	11.892428617466969	0.3422413793103448	0.09094827586206897	0.6995689655172413	0.0004310344827586207	0.007758620689655172	0.8037383177570093	0.7188728543398257	4.2046511627906975	1.6824408468244085	0.004372983342025862	3.293342828467153e-05	0.0019341290893015032	1.7051724137931035	26.586046511627906	2.0799908700777077	3.2111436950146626	2.0928527794746485	0.3099137931034483	0.6593651508329668	0.7895014983501694	0.872696345257419	0.14224137931034483	0.8904231806955769	2117	1096	215
5-40_de_amateur	de	12.352112676056338	1.9338654503990877	12.046936258371208	9.914868450383027	0.3443557582668187	0.053591790193842644	0.7023945267958951	0.005701254275940707	0.009122006841505131	0.9577464788732394	0.7493218885320553	4.535211267605634	1.6618181818181819	0.004270042011174458	4.610173518072289e-05	0.004142135759663044	1.014823261117446	29.35211267605634	2.002283244117873	3.2370689655172415	2.1822503961965136	0.41733181299885974	0.6905012853470471	0.695941949323854	0.8022236354030177	0.1516533637400228	0.9056624533557923	794	415	71
5-41_de_amateur	de	11.333333333333334	1.9227941176470589	11.518970588235298	9.741808333333333	0.31985294117647056	0.04411764705882353	0.6838235294117647	0.0	0.0	0.9166666666666666	0.7406365038304648	4.458333333333333	1.5888888888888888	0.00556455510992647	3.5762868548387096e-05	0.010596885813148788	0.3125	24.916666666666668	1.9337933909318714	3.286898839137645	2.0661764705882355	0.4852941176470588	0.6295375722543353	-1	-1	0.13602941176470587	0.9038287011648337	255	124	24
5-42_de_amateur	de	10.97872340425532	2.00968992248062	12.406043212930893	10.26283247567211	0.37209302325581395	0.09108527131782945	0.7151162790697675	0.011627906976744186	0.009689922480620155	0.6808510638297872	0.7709741323639739	4.382978723404255	1.8187134502923976	0.004446171923449612	4.427889681274901e-05	0.0069483834373227455	0.9728682170542635	24.93617021276596	1.7622810763348276	3.3725656223539375	2.069164265129683	0.3875968992248062	0.6188249400479605	-1	0.7634310332050135	0.10271317829457365	0.863401548618616	464	251	47
5-43_de_amateur	de	12.67142857142857	2.0073280721533258	13.038328394266387	11.770201752295055	0.33089064261555806	0.08117249154453213	0.6888387824126269	0.0062006764374295375	0.006764374295377677	0.9	0.7142345660183256	4.878571428571429	1.6936026936026936	0.004753622847745209	5.0174425886990805e-05	0.0022234748841287737	1.254227733934611	31.3	2.0683302219231634	3.251932696680309	2.1363331094694424	0.37034949267192785	0.7005552238805995	0.717183958108584	0.8211258228311843	0.14543404735062007	0.9104127365410531	1552	761	140
5-44_de_amateur	de	10.97872340425532	2.00968992248062	12.406043212930893	10.26283247567211	0.37209302325581395	0.09108527131782945	0.7151162790697675	0.011627906976744186	0.009689922480620155	0.6808510638297872	0.7709741323639739	4.382978723404255	1.8187134502923976	0.004446171923449612	4.427889681274901e-05	0.0069483834373227455	0.9728682170542635	24.93617021276596	1.7622810763348276	3.3725656223539375	2.069164265129683	0.3875968992248062	0.6188249400479605	-1	0.7634310332050135	0.10271317829457365	0.863401548618616	464	251	47
5-45_de_amateur	de	11.53623188405797	1.7964824120603016	10.10762289709417	8.689523800160224	0.3454773869346734	0.08040201005025126	0.6984924623115578	0.017587939698492462	0.005025125628140704	0.7536231884057971	0.8017148168655228	4.217391304347826	1.7983539094650205	0.003934464621984925	6.644344682539682e-05	0.005123657503202286	1.3467336683417086	25.594202898550726	1.9518851279350824	3.285633484162896	2.1076642335766422	0.3391959798994975	0.6612051649928269	0.8608187488061562	0.5205508773759387	0.10552763819095477	0.8561912306263073	717	378	69
5-46_de_amateur	de	11.416666666666666	2.0437956204379564	12.979288321167889	11.433939659367397	0.36496350364963503	0.09975669099756691	0.7299270072992701	0.004866180048661801	0.014598540145985401	0.8055555555555556	0.7275459443724258	4.0	1.9076923076923078	0.005161389801946472	2.4427281553398057e-05	0.01046228710462287	0.29927007299270075	27.11111111111111	1.9276436272327935	3.1693711967545637	2.1404958677685952	0.4768856447688564	0.6604807692307687	-1	1.096366776066555	0.12895377128953772	0.9062361031561337	377	206	36
5-47_de_amateur	de	12.394736842105264	1.9660297239915074	12.443098111520843	11.846041188959662	0.3184713375796178	0.059447983014861996	0.70276008492569	0.0021231422505307855	0.008492569002123142	0.9210526315789473	0.7243644938498153	4.342105263157895	1.6335403726708075	0.004825724111464968	3.434922777777778e-05	0.006696064020904785	0.4692144373673036	31.736842105263158	2.361847071175556	3.1986863711001643	2.1876430205949657	0.47770700636942676	0.6870161290322572	-1	-1	0.15286624203821655	0.9247545745774262	415	198	38
5-49_de_amateur	de	14.694915254237289	1.9792387543252594	13.496034250190608	12.207595366840655	0.28719723183391005	0.0853517877739331	0.7139561707035755	0.0011534025374855825	0.010380622837370242	0.9661016949152542	0.727613111329941	5.101694915254237	1.7674418604651163	0.004048391496078431	3.891674854111406e-05	0.005224235022728815	0.5455594002306805	38.186440677966104	2.3430130734683225	3.1898230088495576	2.126237623762376	0.39677047289504036	0.6912890625000037	0.6404536750723429	0.8260808689877877	0.16493656286043828	0.8997500796148769	762	377	59
5-5_de_amateur	de	10.944444444444445	1.9376359680928208	11.542437756828622	11.231064120538234	0.3255982596084119	0.0779550398839739	0.7117476432197244	0.008339376359680928	0.011602610587382161	0.8055555555555556	0.7279376653073548	4.169291338582677	1.683168316831683	0.00470923405591008	4.375888084759576e-05	0.0017403915881073241	2.130891950688905	26.503937007874015	2.1017534062566825	3.201114042802697	2.064806480648065	0.2911530094271211	0.6810003760812479	0.7285131904192753	0.7969915944347838	0.1410442349528644	0.8869246376164182	2460	1227	254
5-50_de_amateur	de	11.938775510204081	1.834188034188034	10.709541252398395	10.708394034536893	0.3145299145299145	0.06666666666666667	0.6837606837606838	0.003418803418803419	0.010256410256410256	0.8775510204081632	0.7795010304620656	4.224489795918367	1.675392670157068	0.0047750837329914525	4.304838619246862e-05	0.005270655270655271	0.9692307692307692	29.979591836734695	2.260206127546673	3.0685210312075983	2.144712430426716	0.4427350427350427	0.7193209876543205	0.6426535494503347	0.6738264678038192	0.1452991452991453	0.9112509449676963	512	239	49
5-51_de_amateur	de	9.966666666666667	2.0468227424749164	12.449508361204014	11.622731014492757	0.35785953177257523	0.07023411371237458	0.6923076923076923	0.0	0.006688963210702341	0.9	0.7108710935162842	4.1	1.6216216216216217	0.005357766932107023	3.204543643410853e-05	0.010033444816053512	0.5886287625418061	26.2	2.2523152171765632	3.092171717171717	2.1274131274131274	0.47157190635451507	0.6721000000000003	-1	-1	0.11036789297658862	0.9141610594892605	266	129	30
5-52_de_amateur	de	11.875	2.0505263157894738	13.237460526315793	12.349005263157895	0.32210526315789473	0.0863157894736842	0.6926315789473684	0.004210526315789474	0.002105263157894737	0.9	0.723246303471754	4.575	1.7058823529411764	0.004565064511789473	3.3126888405797103e-05	0.005820433436532508	0.8968421052631579	31.05	2.3424777399532837	3.08792965627498	2.0819277108433734	0.4589473684210526	0.7061170212765955	-1	0.6910653264454523	0.13473684210526315	0.905413153118054	417	207	40
5-55_de_amateur	de	13.847058823529412	1.881053525913339	12.006784546953874	10.981468677095307	0.3169073916737468	0.07391673746813934	0.6915887850467289	0.008496176720475786	0.00594732370433305	0.9294117647058824	0.7560409714547088	5.035294117647059	1.7746113989637307	0.005465134938912489	4.0664305052631575e-05	0.002973661852166525	0.9889549702633815	35.129411764705885	2.1643812755222727	3.0924623115577887	2.0932594644506004	0.3857264231096007	0.6999165120593692	0.8011349343862194	0.9086999540807754	0.14783347493627869	0.9119120220888136	1020	475	85
5-56_de_amateur	de	8.117647058823529	1.4420289855072463	4.591824381926681	7.6162560954816705	0.34057971014492755	0.057971014492753624	0.7318840579710145	0.021739130434782608	0.0	0.8823529411764706	0.6308260520117136	2.55	1.5	0.005438331241304347	3.333735471698113e-05	0.021739130434782608	0.07246376811594203	19.3	2.031243437118437	2.768041237113402	1.9839572192513368	0.6304347826086957	0.6958974358974357	-1	-1	0.15217391304347827	0.9291204612744928	114	53	20
5-57_de_amateur	de	11.258064516129032	1.7679083094555874	9.661963212866254	9.091617728070986	0.31805157593123207	0.054441260744985676	0.6962750716332379	0.014326647564469915	0.0	0.967741935483871	0.7095043757984936	4.205882352941177	1.6017699115044248	0.005859225135816619	4.207645170068027e-05	0.007913767226088143	0.35816618911174786	24.705882352941178	1.9019388188457	3.0958579881656805	1.916376306620209	0.49570200573065903	0.674199999999999	-1	-1	0.12607449856733524	0.9247936800244935	310	147	34
5-58_de_amateur	de	12.826086956521738	1.8989830508474577	11.82017391304348	10.639053942520267	0.3206779661016949	0.08067796610169492	0.6874576271186441	0.006101694915254237	0.006101694915254237	0.8434782608695652	0.719536016056717	4.445378151260504	1.6666666666666667	0.004941459688271186	5.292545211930926e-05	0.002491131257390619	1.7471186440677966	31.6218487394958	2.055624712049991	3.1036392405063293	2.0116822429906542	0.3505084745762712	0.6819549418604698	0.7454552846468617	0.8450647719802525	0.15050847457627117	0.896727075574168	1310	637	119
5-60_de_amateur	de	11.096774193548388	1.6511627906976745	8.221462865716433	8.080874831207803	0.28488372093023256	0.046511627906976744	0.6773255813953488	0.005813953488372093	0.00872093023255814	0.9032258064516129	0.7420034431799138	4.03030303030303	1.5648148148148149	0.0053893695438953495	4.242204632352941e-05	0.010835095137420718	0.10755813953488372	24.242424242424242	1.8834580016839826	3.13151364764268	2.0082644628099175	0.4796511627906977	0.6609795918367348	-1	-1	0.17151162790697674	0.9113884281752019	312	136	33
5-61_de_amateur	de	9.456140350877194	2.176252319109462	13.777672102333756	12.059944217687077	0.3395176252319109	0.10018552875695733	0.6920222634508348	0.0018552875695732839	0.0055658627087198514	0.6842105263157895	0.6355493640603934	3.6491228070175437	1.702127659574468	0.004274015318923933	3.723709512195122e-05	0.008410636982065553	0.137291280148423	24.17543859649123	2.3593589360364224	3.1502145922746783	2.1051401869158877	0.5046382189239332	0.6804999999999988	-1	0.9582234282344668	0.13543599257884972	0.9318055927133719	483	246	57
5-63_de_amateur	de	10.583333333333334	2.059055118110236	12.834350393700788	11.557840419947507	0.33858267716535434	0.06692913385826772	0.6692913385826772	0.0	0.0	0.875	0.723183598755681	4.166666666666667	1.5975609756097562	0.004565586498425197	2.3848280508474575e-05	0.011286089238845144	0.2204724409448819	25.958333333333332	1.9292361111111112	3.192368839427663	2.277456647398844	0.5354330708661418	0.6654193548387098	-1	-1	0.16535433070866143	0.9312397708511093	232	118	24
5-66_de_amateur	de	10.83695652173913	1.942828485456369	11.561789171863417	10.383488779381626	0.3049147442326981	0.08324974924774323	0.6870611835506519	0.0050150451354062184	0.00802407221664995	0.8043478260869565	0.748516621200196	3.9782608695652173	1.7264150943396226	0.004535500491675025	4.733994155555555e-05	0.0032840456854434275	1.234704112337011	26.217391304347824	1.962293045077718	3.1744910677191527	2.0646492434662997	0.3981945837512538	0.6977171492204887	0.5813371701624827	0.726589306332859	0.17352056168505517	0.9127063566514131	902	450	92
5-67_de_amateur	de	11.782608695652174	2.055350553505535	13.258353922669663	10.659037413765443	0.3284132841328413	0.06642066420664207	0.6494464944649446	0.0	0.0	0.8695652173913043	0.7529203911556853	4.3478260869565215	1.7386363636363635	0.004839206390774908	5.316755203252033e-05	0.01070110701107011	0.13284132841328414	27.52173913043478	1.930342882895205	3.2456964006259783	2.111111111111111	0.5793357933579336	0.7023255813953487	-1	-1	0.12177121771217712	0.954892728705314	252	123	23
5-68_de_amateur	de	9.742857142857142	1.8988269794721409	10.615872643485549	9.61154237117721	0.33284457478005863	0.0718475073313783	0.7258064516129032	0.0	0.004398826979472141	0.6857142857142857	0.7513316324958199	3.9571428571428573	1.4959349593495934	0.004955448623167155	5.399157926829268e-05	0.005303550258938043	1.2360703812316716	22.1	1.8516736678232333	3.228884590586718	2.062639821029083	0.38563049853372433	0.6478216123499174	0.8293855681547166	0.6581553744108924	0.1598240469208211	0.8895700826663855	619	328	70
5-69_de_amateur	de	11.710526315789474	1.9213483146067416	11.649015375517447	10.791629213483148	0.3146067415730337	0.038202247191011236	0.6539325842696629	0.0	0.0044943820224719105	0.9473684210526315	0.6967987174391134	4.421052631578948	1.7428571428571429	0.005070869505393259	3.2787264432989695e-05	0.007640449438202248	0.25842696629213485	30.07894736842105	2.1132684582681924	3.0843478260869563	2.0452127659574466	0.4966292134831461	0.6689017341040459	-1	-1	0.16853932584269662	0.9380743128224188	394	194	38
5-7_de_amateur	de	14.410714285714286	1.9609665427509293	13.169583775889539	11.382343175783326	0.3215613382899628	0.09138785625774473	0.7072490706319703	0.0021685254027261464	0.005885997521685254	0.9419642857142857	0.6841426086295465	5.142222222222222	1.6096866096866096	0.004684451084913259	3.408501636495293e-05	0.0013991810072461986	2.257434944237918	35.977777777777774	2.143886750111145	3.1918367346938776	2.0535372848948374	0.2983271375464684	0.6957622243528465	0.7543302746502174	0.8402249227758377	0.15055762081784388	0.8972584680939538	2869	1381	225
5-71_de_amateur	de	12.298507462686567	2.087378640776699	13.83748587161281	11.219635690479642	0.28640776699029125	0.10072815533980582	0.6978155339805825	0.0024271844660194173	0.0024271844660194173	0.9104477611940298	0.7077192220900077	4.373134328358209	1.7624521072796935	0.00518888875461165	4.125353412698413e-05	0.004958391123439666	0.6213592233009708	30.47761194029851	2.2249483983881153	3.211246943765281	2.005385996409336	0.39927184466019416	0.687710344827587	0.7286912611699556	0.8125871530617954	0.15169902912621358	0.9009608856488206	751	378	67
5-72_de_amateur	de	13.553191489361701	1.7660910518053374	10.535619092154047	9.823746678245765	0.3076923076923077	0.06750392464678179	0.6750392464678179	0.009419152276295133	0.004709576138147566	0.9148936170212766	0.7322338819265353	4.872340425531915	1.7355769230769231	0.0056688082400313975	4.396294323144105e-05	0.005347331240188383	0.6279434850863422	33.787234042553195	2.3430752644896073	3.0395232120451694	1.9677938808373592	0.43956043956043955	0.6787174721189594	0.7410112112640862	0.8674969946306085	0.13186813186813187	0.9257812449922883	547	229	47
5-75_de_amateur	de	8.698795180722891	1.8808864265927978	9.996989954276945	8.970671241197477	0.35041551246537395	0.08448753462603878	0.703601108033241	0.008310249307479225	0.0013850415512465374	0.6024096385542169	0.7938527340621516	3.3563218390804597	1.8387096774193548	0.004343379957063712	3.82347836461126e-05	0.006083319754494596	1.3628808864265929	18.60919540229885	1.6700192378302496	3.2728380024360537	2.2400881057268722	0.29778393351800553	0.6169020866773677	0.9451565092696068	0.4425090951201857	0.12188365650969529	0.827117273952359	665	373	87
5-76_de_amateur	de	9.25	2.096096096096096	12.751433933933935	11.16006846846847	0.34234234234234234	0.06306306306306306	0.6786786786786787	0.003003003003003003	0.006006006006006006	0.8611111111111112	0.7576520903353706	3.4324324324324325	1.7798165137614679	0.005550168341741741	3.1174005e-05	0.010153010153010154	0.5675675675675675	22.054054054054053	2.106978485342482	3.202686202686203	2.131868131868132	0.4624624624624625	0.6574358974358966	-1	-1	0.13813813813813813	0.9034109265200272	311	160	37
5-77_de_amateur	de	9.891304347826088	1.865934065934066	10.285630673674156	9.298913999044435	0.34065934065934067	0.07032967032967033	0.6835164835164835	0.0	0.002197802197802198	0.8913043478260869	0.7130317621822199	3.9565217391304346	1.7105263157894737	0.005371032870769231	4.1689345116279074e-05	0.007733007733007734	0.7318681318681318	23.152173913043477	1.9598523954705833	3.1531279178338	2.013793103448276	0.44835164835164837	0.6833426966292133	-1	0.8473913252766744	0.12747252747252746	0.9048854864001927	415	215	46
5-79_de_amateur	de	13.27710843373494	2.0353901996370234	13.605676644873505	11.752255579122297	0.34392014519056263	0.0780399274047187	0.6751361161524501	0.0009074410163339383	0.0027223230490018148	0.9759036144578314	0.6981083999532695	4.795180722891566	1.6380208333333333	0.004868238133121597	3.493717216699801e-05	0.003312879900901679	1.265880217785844	32.36144578313253	1.9581452572186435	3.2231711845525437	2.0885286783042396	0.37840290381125224	0.6670289132602195	0.6454324162572699	0.7660390781369711	0.14337568058076225	0.9069729586200425	991	503	83
5-8_de_amateur	de	9.522012578616351	1.952113606340819	11.158525460482043	10.71183281490159	0.35535006605019814	0.09247027741083223	0.7305151915455746	0.00726552179656539	0.004953764861294584	0.7327044025157232	0.731124577968422	3.746875	1.6231203007518797	0.004504450223579921	4.075823286195286e-05	0.0016049392660373101	2.4484808454425364	23.521875	2.0600131366636045	3.145070237626362	2.0940838126540675	0.2998678996036988	0.6683168316831797	0.7043321256159168	0.766064846096465	0.13441215323645972	0.8828092208327196	2706	1485	320
5-80_de_amateur	de	10.705882352941176	2.053113553113553	12.812034044386987	10.778833053221287	0.32967032967032966	0.06776556776556776	0.6886446886446886	0.0018315018315018315	0.007326007326007326	0.9019607843137255	0.7466087847525376	3.6964285714285716	1.6994535519125684	0.004978017978754579	4.122951074380166e-05	0.005405163941749307	1.0091575091575091	25.267857142857142	1.9488749426153869	3.0825105782792668	2.062906724511931	0.4267399267399267	0.6791275167785228	-1	0.8258476950010186	0.1446886446886447	0.9028754387183209	485	242	56
5-82_de_amateur	de	9.653333333333334	1.9654696132596685	11.367341436464091	10.183581532228361	0.32734806629834257	0.09392265193370165	0.6933701657458563	0.004143646408839779	0.0055248618784530384	0.7466666666666667	0.7964163189154937	3.792207792207792	1.7782608695652173	0.004518734913812154	3.871428655913979e-05	0.005145704690716065	1.1988950276243093	21.116883116883116	1.7705140405264062	3.3817401960784315	2.1746031746031744	0.3342541436464088	0.6026240000000013	0.8290605331616006	0.561118415657185	0.11464088397790055	0.8553278970144101	662	372	77
5-84_de_amateur	de	11.411764705882353	1.7731958762886597	9.784299575500302	8.565289326864766	0.37628865979381443	0.05154639175257732	0.6932989690721649	0.0	0.002577319587628866	0.8529411764705882	0.732964169917541	4.142857142857143	1.6713286713286712	0.005111181233762887	3.617179943502825e-05	0.008087451119800923	0.5979381443298969	24.17142857142857	1.8642838351028241	3.187353629976581	2.0579710144927534	0.4536082474226804	0.6650173010380622	-1	-1	0.12628865979381443	0.908103630815006	363	177	35
5-85_de_amateur	de	12.882352941176471	1.7884322678843227	10.537618408093834	9.472628041901691	0.2952815829528158	0.0684931506849315	0.6879756468797564	0.0045662100456621	0.0045662100456621	0.9215686274509803	0.7376193760062048	4.5576923076923075	1.6787330316742082	0.005540314800761035	5.955784059040591e-05	0.005580923389142567	0.3942161339421613	28.423076923076923	1.970524410196838	3.194708276797829	2.0244444444444443	0.441400304414003	0.678172043010751	0.7875018719012895	0.954283484336385	0.1582952815829528	0.9209114380055942	592	271	52
5-87_de_amateur	de	11.87603305785124	1.5873347251217815	7.772202648999009	8.305467438476626	0.31454418928322897	0.07376478775226165	0.7132915796798887	0.019485038274182326	0.011134307585247043	0.8181818181818182	0.7337928463976383	4.390243902439025	1.6788008565310493	0.004627700124077941	6.386805796296297e-05	0.002628933735405552	1.5135699373695197	28.5609756097561	2.094575878942	3.053738982087006	1.999332443257677	0.3618649965205289	0.6885500747384238	0.7939898624480642	0.9137572649141411	0.15100904662491302	0.9107584540310459	1204	540	123
5-88_de_amateur	de	14.766666666666667	1.7020316027088036	10.252972911963884	9.434851978931528	0.32430398796087284	0.07373965387509406	0.6486079759217457	0.007524454477050414	0.008276899924755455	0.8555555555555555	0.7421310448612105	5.166666666666667	1.7360774818401936	0.005093282594582392	6.712469626168224e-05	0.0027344968709280774	1.9187358916478556	32.68888888888889	1.991497700975141	3.249490142760027	1.9808853118712273	0.3401053423626787	0.6633089430894299	0.6283019968888006	0.7296118994270241	0.1361926260346125	0.9025215183328439	1181	535	90
5-92_de_amateur	de	8.525	2.0821114369501466	12.303664956011733	11.722198181818182	0.3196480938416422	0.09970674486803519	0.6803519061583577	0.002932551319648094	0.011730205278592375	0.85	0.729768411159814	3.3902439024390243	1.7589285714285714	0.004924859661290323	5.258317368421052e-05	0.01049544682821423	0.24633431085043989	19.682926829268293	2.0326854624452455	3.3665436654366543	2.0729166666666665	0.4838709677419355	0.6599586776859497	-1	-1	0.1436950146627566	0.9088165305083372	316	171	41
5-94_de_amateur	de	10.902439024390244	2.001118568232662	12.275150324657613	10.48231733507939	0.33557046979865773	0.06152125279642058	0.6756152125279642	0.003355704697986577	0.008948545861297539	0.8414634146341463	0.7359870787956074	3.988095238095238	1.627062706270627	0.004556541921029083	6.088317073791349e-05	0.004101416853094705	0.9787472035794184	24.583333333333332	1.791572390451762	3.3696385542168676	2.237082066869301	0.39485458612975394	0.6778113207547183	0.8388411954202052	0.8614832320575669	0.1465324384787472	0.9066409467491668	806	393	84
6-14_de_amateur	de	9.128378378378379	1.8519615099925981	9.823213385480226	10.535913273451097	0.35233160621761656	0.0851221317542561	0.6846780162842339	0.0014803849000740192	0.005921539600296077	0.8175675675675675	0.7496808270778383	3.5878378378378377	1.6987179487179487	0.004246438206365655	3.5343703624382206e-05	0.0034233900814211694	1.457438934122872	23.986486486486488	2.2502098618201885	3.0210293303818485	2.0811220621683093	0.33678756476683935	0.6657348242811512	0.6786336507763584	0.7770115884704517	0.10584752035529238	0.8847398689837421	1177	607	148
6-15_de_amateur	de	13.328125	1.6072684642438453	8.573736628077377	9.108257341735053	0.33294255568581477	0.05627198124267292	0.6729191090269636	0.01406799531066823	0.0011723329425556857	0.921875	0.7139546099514779	4.671875	1.7080536912751678	0.00524693487659789	3.21298965625e-05	0.0038326269275858957	0.8253223915592028	34.375	2.1803518854110004	2.8903985507246377	1.932967032967033	0.4208675263774912	0.6649734748010606	0.7350934840926576	0.9101970485695021	0.14654161781946073	0.9193844988734532	720	320	64
6-16_de_amateur	de	8.704301075268818	1.8060531192093885	9.116104226025623	10.34142770062497	0.3477455219271155	0.09017912291537987	0.7078443483631871	0.0037059913526868438	0.009882643607164917	0.7419354838709677	0.74262485470139	3.3439153439153437	1.727436823104693	0.004017480680290303	3.3863924393723254e-05	0.002702285361334157	1.6429894996911674	23.116402116402117	2.461798769307287	2.961123595505618	2.0555884092253103	0.3384805435453984	0.6716447368421092	0.7352672754180037	0.7853760513074676	0.10562075355157505	0.8868575350325288	1393	701	189
6-17_de_amateur	de	9.876404494382022	1.81740614334471	9.707190244276568	11.028678403701859	0.3492605233219568	0.080773606370876	0.6882821387940842	0.0011376564277588168	0.007963594994311717	0.8258426966292135	0.7428927792991779	3.8324022346368714	1.6903225806451614	0.004497444055972696	4.1998414227086185e-05	0.0024204220937521764	1.804891922639363	25.70391061452514	2.280177574507391	3.0347564900236	2.0700053850296176	0.3412969283276451	0.6750572634117006	0.6903398119776926	0.7477886442519701	0.11319681456200227	0.8938479320780276	1501	731	179
6-18_de_amateur	de	9.655172413793103	1.8662337662337662	10.197075682937754	11.36504287953426	0.3564935064935065	0.07435064935064935	0.7061688311688312	0.0042207792207792205	0.006493506493506494	0.7931034482758621	0.7283392368753877	3.6819571865443423	1.6199460916442048	0.004421093873993506	4.840514337349397e-05	0.001635706066085813	3.199350649350649	24.43730886850153	2.23833418776425	3.077226745620528	2.071309005691329	0.29545454545454547	0.689688024152984	0.7249005140228088	0.7663137490939342	0.11818181818181818	0.8862382562750946	2660	1328	327
6-20_de_amateur	de	10.193181818181818	1.8004459308807135	9.630602893483331	10.447198550724638	0.33890746934225197	0.08361204013377926	0.6711259754738016	0.005574136008918618	0.007246376811594203	0.7045454545454546	0.751018634414182	3.9664804469273744	1.7563025210084033	0.004085981341639353	4.500464636233951e-05	0.0024494039962267384	1.9548494983277591	26.011173184357542	2.263403564512428	3.0492255463611286	2.059120768064679	0.29208472686733555	0.6688495575221305	0.5635466899322131	0.6697554087315855	0.10981047937569677	0.8788851342357613	1496	701	179
6-23_de_amateur	de	10.65625	1.8621700879765395	10.539544538123167	10.157868695014663	0.3548387096774194	0.04105571847507331	0.6891495601173021	0.0	0.005865102639296188	0.84375	0.7153553363635645	3.625	1.6779661016949152	0.004857098460410557	2.757661870503597e-05	0.009260688377836087	0.30498533724340177	30.65625	2.421861513268075	2.8529707955689827	2.027700831024931	0.49560117302052786	0.6248760330578502	-1	-1	0.1466275659824047	0.9312279104936324	297	139	32
6-24_de_amateur	de	14.241379310344827	1.6997578692493946	10.02128078817734	10.072849500431381	0.2929782082324455	0.07021791767554479	0.6690879741727199	0.0129136400322841	0.00645682001614205	0.9885057471264368	0.7109458759064757	4.7701149425287355	1.8537859007832898	0.005055130686521388	4.876103806584362e-05	0.0032155988572453464	1.145278450363196	33.98850574712644	2.106629638579539	3.1303908355795147	2.034195933456562	0.34059725585149314	0.6799385964912277	0.7313543708940715	0.8151329403168126	0.14285714285714285	0.891895704122871	1084	486	87
6-26_de_amateur	de	10.238095238095237	1.9116279069767441	10.960066445182726	10.540460686600222	0.37906976744186044	0.06279069767441861	0.6837209302325581	0.004651162790697674	0.002325581395348837	0.9523809523809523	0.7454891255792636	4.404761904761905	1.7591240875912408	0.004549865354418605	2.486264824120603e-05	0.007235142118863049	0.5441860465116279	27.095238095238095	2.1562370357363356	3.0165505226480835	2.0645994832041343	0.49767441860465117	0.6785196374622356	-1	-1	0.13488372093023257	0.9166353392792105	380	199	42
6-27_de_amateur	de	14.625	1.7682811016144349	10.97946699905033	10.9011547008547	0.32288698955365625	0.055080721747388414	0.6638176638176638	0.008547008547008548	0.00949667616334283	0.9583333333333334	0.6867813470787949	4.819444444444445	1.76878612716763	0.005058853489078822	3.835408789346247e-05	0.0034041931477828916	1.3770180436847104	37.013888888888886	2.2337104092068096	3.1217684526039715	2.0780933062880322	0.3922127255460589	0.6913102725366894	0.7639881859132974	0.8197550133906335	0.13865147198480532	0.9179840950177907	912	413	72
6-28_de_amateur	de	12.121212121212121	1.8825	11.35077272727273	11.835141666666667	0.3625	0.075	0.6725	0.0	0.0025	0.9090909090909091	0.7114738348133289	4.212121212121212	1.6928571428571428	0.0041548703809999995	2.693240459770115e-05	0.007717391304347826	0.44	32.484848484848484	2.3434569982236093	3.0139017608897127	2.0883838383838382	0.4925	0.6911960132890363	-1	-1	0.1225	0.9263563222203017	348	174	33
6-29_de_amateur	de	11.891891891891891	1.8954545454545455	11.414201474201473	11.454756142506143	0.3659090909090909	0.06363636363636363	0.6590909090909091	0.004545454545454545	0.006818181818181818	0.9459459459459459	0.7207651322387304	4.135135135135135	1.738255033557047	0.004406664418863636	3.323971195652174e-05	0.006363636363636363	0.8431818181818181	30.243243243243242	2.1807562088134844	3.0869565217391304	1.9871134020618557	0.48409090909090907	0.6854252199413494	-1	-1	0.12045454545454545	0.9148117726100221	382	184	37
6-31_de_amateur	de	12.764705882352942	2.0276497695852536	13.314502575223639	10.982415505557062	0.3271889400921659	0.05069124423963134	0.652073732718894	0.009216589861751152	0.004608294930875576	0.9411764705882353	0.7652061164676977	4.323529411764706	1.7681159420289856	0.004408176214746544	3.4887082000000004e-05	0.007509813961426864	0.5276497695852534	31.205882352941178	2.057323111625832	3.185324553151458	2.0733333333333333	0.46774193548387094	0.6559701492537305	-1	0.8570706020638429	0.15668202764976957	0.9186943917681704	396	200	34
6-32_de_amateur	de	14.083333333333334	1.7337278106508875	10.360488165680476	9.789733333333333	0.3136094674556213	0.03550295857988166	0.6745562130177515	0.011834319526627219	0.005917159763313609	1.0	0.7056186304731625	5.833333333333333	1.5454545454545454	0.005000587992307692	5.165569393939394e-05	0.015384615384615385	0.21301775147928995	32.833333333333336	1.9651702328172915	3.1755725190839694	1.9787234042553192	0.5680473372781065	0.6775714285714288	-1	-1	0.17751479289940827	0.9476417886481493	148	66	12
6-33_de_amateur	de	11.385542168674698	1.726984126984127	9.228774144195832	8.899900745840505	0.31216931216931215	0.05925925925925926	0.6613756613756614	0.01164021164021164	0.01164021164021164	0.8795180722891566	0.7094947816982469	4.168674698795181	1.657718120805369	0.003934195851322752	5.1769190785907856e-05	0.0039462081128747795	0.7873015873015873	28.253012048192772	2.109557013972509	3.0996607294317218	2.103982300884956	0.3873015873015873	0.6856619385342785	0.7800435814752358	0.8801423857540343	0.15873015873015872	0.9155527381087034	822	369	83
6-34_de_amateur	de	11.939024390243903	1.683350357507661	8.92975373078552	9.689529699294951	0.30745658835546474	0.05822267620020429	0.6731358529111338	0.0040858018386108275	0.007150153217568948	0.8780487804878049	0.6798617339377503	4.024390243902439	1.6414473684210527	0.004091708400715015	4.571647277353689e-05	0.0036586498282106046	0.9887640449438202	30.0	2.2066737017576608	3.074390243902439	2.060388945752303	0.3881511746680286	0.6896022727272747	0.7472878640375278	0.8277337065526288	0.18590398365679264	0.916745579077448	842	393	82
6-35_de_amateur	de	11.018867924528301	1.893835616438356	11.054618764538638	11.142508826570173	0.3287671232876712	0.07876712328767123	0.678082191780822	0.0	0.0017123287671232876	0.7924528301886793	0.702495742619135	3.3962264150943398	1.7587939698492463	0.004044800940582192	2.933620505836576e-05	0.0065068493150684924	0.577054794520548	28.830188679245282	2.172137040364899	3.092749836708034	2.0785046728971963	0.4160958904109589	0.6510927835051535	0.9270696541854193	0.9527798698072402	0.1523972602739726	0.9065361232089544	516	257	53
6-37_de_amateur	de	12.28	1.6644951140065147	8.840242345276877	8.92837886644951	0.3257328990228013	0.04560260586319218	0.6254071661237784	0.019543973941368076	0.0	0.92	0.7695236577030055	3.92	1.8282828282828283	0.004976029306840391	6.0566961904761907e-05	0.012733195143618597	0.13029315960912052	30.44	2.257747412576057	2.994764397905759	1.9832775919732442	0.504885993485342	0.6341346153846161	-1	-1	0.1270358306188925	0.9218942832212078	261	105	25
6-38_de_amateur	de	13.037037037037036	1.8735795454545454	11.602683080808081	10.242491456228954	0.2997159090909091	0.04971590909090909	0.6448863636363636	0.004261363636363636	0.008522727272727272	0.8518518518518519	0.7143926643728796	4.333333333333333	1.7077625570776256	0.0043809477066761365	3.266589052631579e-05	0.004971590909090909	0.6875	33.5	2.119281576401319	3.1190738699007716	2.057784911717496	0.40198863636363635	0.6518677685950414	0.8601557325782934	0.8281126509079726	0.171875	0.9167259564830881	628	285	54
6-39_de_amateur	de	11.0	1.8101604278074865	10.059893048128341	11.442114438502673	0.4090909090909091	0.09090909090909091	0.679144385026738	0.00267379679144385	0.00267379679144385	0.8529411764705882	0.7480218803584032	3.9411764705882355	1.7062937062937062	0.004249926536096257	2.7680441772151896e-05	0.00980392156862745	0.6871657754010695	29.58823529411765	2.4751946427100355	3.025691699604743	2.060185185185185	0.4572192513368984	0.638872727272727	-1	-1	0.09893048128342247	0.9154848369253216	303	158	34
6-40_de_amateur	de	13.179487179487179	1.764591439688716	10.372178988326851	10.337637493764342	0.3346303501945525	0.06809338521400778	0.6780155642023347	0.0038910505836575876	0.006809338521400778	0.9743589743589743	0.6896243335896762	4.756410256410256	1.7164179104477613	0.004390898329377432	3.178748720379147e-05	0.004233318922034875	1.0291828793774318	33.30769230769231	2.211297435548765	3.0172479877347644	1.9513457556935818	0.372568093385214	0.6542411194833126	0.8360644542508049	0.8511989772730009	0.14980544747081712	0.9086942290333649	883	422	78
6-41_de_amateur	de	11.264705882352942	1.968668407310705	12.03352250038397	12.301800860082938	0.3472584856396867	0.10966057441253264	0.6814621409921671	0.0026109660574412533	0.007832898172323759	0.8823529411764706	0.7609813237819326	3.8	1.8852459016393444	0.004386546558224543	2.5913e-05	0.00936876055905391	0.2506527415143603	29.057142857142857	2.3591330453567787	3.04	2.031413612565445	0.5065274151436031	0.6838380281690135	-1	-1	0.12010443864229765	0.9207575471625672	331	173	35
6-43_de_amateur	de	7.5675675675675675	1.9464285714285714	10.329208494208498	10.25097586872587	0.39285714285714285	0.03214285714285714	0.6964285714285714	0.010714285714285714	0.0	0.7837837837837838	0.7096202022886415	3.1621621621621623	1.518181818181818	0.004277015616785715	2.9165119696969695e-05	0.010924369747899159	0.4	19.45945945945946	2.140783249834974	2.976775956284153	1.9903846153846154	0.5571428571428572	0.712099447513812	-1	-1	0.13214285714285715	0.9326360077265634	251	132	37
6-45_de_amateur	de	11.378698224852071	1.7930317212688507	10.005466618664748	9.819036803933697	0.3208528341133645	0.06760270410816432	0.6697867914716589	0.005720228809152366	0.008840353614144566	0.8816568047337278	0.7353316277125421	4.156976744186046	1.7025316455696202	0.005451211334269371	4.158720984654732e-05	0.0022602884313392343	1.671346853874155	27.0	2.1180113760275705	3.1209797657082	2.0379266750948166	0.31201248049922	0.6555866228070274	0.7578508531159754	0.8889499466142254	0.1440457618304732	0.8982387809010335	1705	782	172
6-46_de_amateur	de	11.95959595959596	1.9282094594594594	11.827114045864047	11.444990728228229	0.3344594594594595	0.09966216216216216	0.6875	0.0016891891891891893	0.010135135135135136	0.8888888888888888	0.7242622794379141	4.363636363636363	1.7412060301507537	0.005297457668834459	3.714048924528301e-05	0.003096846846846847	1.5439189189189189	30.181818181818183	2.1654836884552378	3.093077177873468	2.033502538071066	0.3640202702702703	0.6668479262672823	0.7711565436100951	0.8829229738088086	0.10557432432432433	0.8971355739667519	1051	530	99
6-51_de_amateur	de	10.773972602739725	1.8378893833439287	10.298944038526855	10.236230215363715	0.32994278448823905	0.06102987921169739	0.6795931341385887	0.004450095359186269	0.008264462809917356	0.9041095890410958	0.6930845956810954	4.210884353741497	1.6629422718808193	0.004588753275905912	4.3102335747303544e-05	0.0026651670008313367	1.2504767959313414	27.707482993197278	2.347731559157626	3.1434136839542246	2.097576530612245	0.36300063572790847	0.7054070556309378	0.7653756565091739	0.8618520583986065	0.1589319771137953	0.908990068921001	1367	649	147
6-52_de_amateur	de	10.773972602739725	1.8378893833439287	10.298944038526855	10.236230215363715	0.32994278448823905	0.06102987921169739	0.6795931341385887	0.004450095359186269	0.008264462809917356	0.9041095890410958	0.6930845956810954	4.210884353741497	1.6629422718808193	0.004588753275905912	4.3102335747303544e-05	0.0026651670008313367	1.2504767959313414	27.707482993197278	2.347731559157626	3.1434136839542246	2.097576530612245	0.36300063572790847	0.7054070556309378	0.7653756565091739	0.8618520583986065	0.1589319771137953	0.908990068921001	1367	649	147
6-53_de_amateur	de	10.941176470588236	1.9865591397849462	12.11845667299178	9.936138899430738	0.34408602150537637	0.04032258064516129	0.6317204301075269	0.0	0.002688172043010753	0.8823529411764706	0.733780978588184	4.117647058823529	1.6929133858267718	0.005419689940591397	4.151146038961039e-05	0.008512544802867384	0.5591397849462365	26.764705882352942	2.1327952474836525	3.174482006543075	2.1638795986622075	0.45161290322580644	0.6509157509157504	-1	-1	0.16129032258064516	0.9258453398742366	332	154	34
6-55_de_amateur	de	11.0	2.0144628099173554	12.470661157024793	10.20932396694215	0.3512396694214876	0.04338842975206612	0.6776859504132231	0.010330578512396695	0.002066115702479339	0.9090909090909091	0.7524984547043371	4.044444444444444	1.6685393258426966	0.004884081508471074	3.769908796296297e-05	0.006657483930211204	0.4896694214876033	27.644444444444446	2.168074599531751	3.11208967173739	2.1568047337278107	0.4690082644628099	0.682441558441557	-1	0.9069462220803031	0.14049586776859505	0.9219665813991545	439	216	45
6-56_de_amateur	de	11.294117647058824	1.8645833333333333	10.816789215686278	7.968897303921569	0.3229166666666667	0.057291666666666664	0.6197916666666666	0.005208333333333333	0.0	0.9411764705882353	0.7708513708513707	3.888888888888889	1.8142857142857143	0.006659931297916667	2.375468108108108e-05	0.01909722222222222	0.046875	26.555555555555557	1.9226781777220374	2.9854166666666666	2.0683229813664594	0.546875	0.6284946236559144	-1	-1	0.13541666666666666	0.947368907209112	170	74	18
6-57_de_amateur	de	18.266666666666666	1.9635036496350364	14.703343065693431	10.971339951338202	0.291970802919708	0.0948905109489051	0.6423357664233577	0.0	0.0072992700729927005	1.0	0.6787750589746387	5.8	1.9397590361445782	0.005201879345985402	5.4001393277310925e-05	0.012570965125709651	0.10583941605839416	45.733333333333334	2.2020290169256573	3.19533527696793	2.031413612565445	0.4927007299270073	0.6412571428571433	-1	-1	0.14233576642335766	0.9295954086337813	249	119	15
6-59_de_amateur	de	11.442622950819672	2.018624641833811	12.692393724458643	9.997905697778195	0.34097421203438394	0.054441260744985676	0.660458452722063	0.0057306590257879654	0.004297994269340974	0.9016393442622951	0.7083837890241006	4.229508196721311	1.6556016597510372	0.004773954802148997	3.4883041401273887e-05	0.005064303325114946	0.9269340974212035	28.0	2.1305543969587766	3.1666666666666665	2.0240384615384617	0.41117478510028654	0.6638397328881476	0.8850278008462994	0.9112412042761169	0.15616045845272206	0.9107817078541082	643	314	61
6-60_de_amateur	de	11.442622950819672	2.018624641833811	12.692393724458643	9.997905697778195	0.34097421203438394	0.054441260744985676	0.660458452722063	0.0057306590257879654	0.004297994269340974	0.9016393442622951	0.7083837890241006	4.229508196721311	1.6556016597510372	0.004773954802148997	3.4883041401273887e-05	0.005064303325114946	0.9269340974212035	28.0	2.1305543969587766	3.1666666666666665	2.0240384615384617	0.41117478510028654	0.6638397328881476	0.8850278008462994	0.9112412042761169	0.15616045845272206	0.9107817078541082	643	314	61
6-61_de_amateur	de	11.031746031746032	1.7467625899280577	9.324179513532034	10.207320886148224	0.3424460431654676	0.050359712230215826	0.6532374100719425	0.0028776978417266188	0.008633093525179856	0.9047619047619048	0.7079338244130264	3.8153846153846156	1.6982758620689655	0.004803745764028777	4.5563462500000006e-05	0.0058924289140116475	0.9741007194244604	28.96923076923077	2.2790970214952115	2.9725158562367864	2.014705882352941	0.38848920863309355	0.6545469798657733	0.5689466793172666	0.731324664585948	0.16402877697841728	0.89398381831996	607	288	65
6-63_de_amateur	de	20.22222222222222	1.7637362637362637	13.108754578754581	10.097144566544566	0.31868131868131866	0.04395604395604396	0.6758241758241759	0.0	0.0	1.0	0.7098457394996894	6.222222222222222	1.621212121212121	0.004604369082417583	5.741501333333334e-05	0.0196232339089482	0.07692307692307693	46.22222222222222	1.9518262767043255	3.185542168674699	2.0	0.5604395604395604	0.63144578313253	-1	-1	0.15934065934065933	0.9404642013526346	164	75	9
6-64_de_amateur	de	10.235294117647058	2.074712643678161	12.883373901284653	12.648486770340321	0.3448275862068966	0.07662835249042145	0.7011494252873564	0.0	0.009578544061302681	0.803921568627451	0.7047766833837705	3.9019607843137254	1.576086956521739	0.004350902531226054	4.204779450980392e-05	0.006314743862636582	0.4616858237547893	26.313725490196077	2.157675671221575	3.1244477172312224	2.116455696202532	0.4904214559386973	0.6988416075650128	-1	0.9096904342268332	0.15517241379310345	0.9341100076527477	471	255	51
6-67_de_amateur	de	12.386363636363637	1.8116207951070336	10.617807200444815	10.761871559633027	0.3119266055045872	0.06483180428134556	0.674617737003058	0.010397553516819572	0.004281345565749235	0.9166666666666666	0.6865250848850378	4.53030303030303	1.751908396946565	0.004808128307033639	4.292042923076923e-05	0.0025637803192157848	1.036085626911315	31.742424242424242	2.325639595276886	3.0544201520912546	2.0073710073710074	0.363914373088685	0.6901757812500077	0.76732917433743	0.8971486790482277	0.15045871559633028	0.9117472666534446	1404	650	132
6-69_de_amateur	de	10.6875	1.608187134502924	7.554733187134502	9.818938304093567	0.3362573099415205	0.05263157894736842	0.6608187134502924	0.008771929824561403	0.008771929824561403	0.875	0.7687696436316709	3.9393939393939394	1.5737704918032787	0.004330981971929825	5.773839285714286e-05	0.009849184364419821	0.32748538011695905	27.848484848484848	2.2397452469175896	3.052972972972973	2.3119047619047617	0.52046783625731	0.6781069958847729	-1	-1	0.14912280701754385	0.9480356122500476	280	126	33
6-70_de_amateur	de	7.05	2.0425531914893615	11.261627659574469	13.73085219858156	0.44680851063829785	0.07092198581560284	0.6737588652482269	0.0070921985815602835	0.0	0.85	0.6418696197014274	3.15	1.5666666666666667	0.004820726081560284	1.793889846153846e-05	0.026004728132387706	0.24113475177304963	21.1	2.721904572036151	2.8414918414918415	2.1073825503355703	0.5177304964539007	0.5702380952380951	-1	-1	0.0851063829787234	0.9010184902627867	121	65	20
6-72_de_amateur	de	11.777777777777779	1.7830188679245282	10.04295597484277	10.75202746331237	0.3231132075471698	0.0660377358490566	0.6674528301886793	0.0047169811320754715	0.0023584905660377358	0.8888888888888888	0.6895431373792719	4.583333333333333	1.7681159420289856	0.005549627538443396	3.651715689655172e-05	0.008716160787530763	0.5212264150943396	31.25	2.401382387101682	2.9929453262786594	2.039719626168224	0.4386792452830189	0.6175999999999998	-1	-1	0.1391509433962264	0.9197288753787288	369	174	36
6-73_de_amateur	de	13.571428571428571	1.7157894736842105	9.949172932330828	9.925511278195488	0.28421052631578947	0.021052631578947368	0.7368421052631579	0.0	0.0	1.0	0.7606842718684823	5.0	1.34375	0.004880183512631579	4.149089189189189e-05	0.06315789473684211	0.0	35.285714285714285	2.2174613021387217	3.0	2.043956043956044	0.6842105263157895	0.6842105263157895	-1	-1	0.18947368421052632	0.9597936000328008	82	37	7
6-74_de_amateur	de	14.555555555555555	1.9694656488549618	13.326361323155215	12.257849194232401	0.27099236641221375	0.10687022900763359	0.6755725190839694	0.007633587786259542	0.003816793893129771	0.9444444444444444	0.7319850376793359	4.666666666666667	1.9875	0.004919357903816794	3.7274452727272726e-05	0.011450381679389313	0.2633587786259542	37.0	2.1680364288697622	3.1134328358208956	2.0869565217391304	0.5	0.6316564417177912	-1	-1	0.13740458015267176	0.9127704207365829	231	110	18
6-75_de_amateur	de	12.235294117647058	1.814102564102564	10.588174962292609	10.815052073906486	0.34775641025641024	0.05929487179487179	0.6682692307692307	0.003205128205128205	0.00641025641025641	0.9019607843137255	0.7321780887304915	4.018867924528302	1.8088235294117647	0.005483970452083334	3.7030475102040815e-05	0.004731379731379732	1.0673076923076923	32.867924528301884	2.2433960543395157	2.9588806396344944	2.069105691056911	0.4551282051282051	0.688209523809524	0.6903135175293783	0.8948163639713939	0.14102564102564102	0.9409028870254198	522	245	53
6-76_de_amateur	de	13.704545454545455	1.8855721393034826	12.004523971053821	11.390214262023218	0.32669983416252074	0.06301824212271974	0.6981757877280266	0.003316749585406302	0.004975124378109453	0.9318181818181818	0.7577290816134665	4.586956521739131	1.6519607843137254	0.004881232786235489	4.622756330645162e-05	0.004661377795706154	0.5538971807628524	34.06521739130435	1.9955854368695904	3.0983502538071064	2.1082802547770703	0.47761194029850745	0.6845039682539659	0.7697029355225941	0.8243276115403284	0.15422885572139303	0.934680002545112	515	248	46
6-77_de_amateur	de	9.130434782608695	1.769047619047619	8.845631469979296	10.316156314699793	0.3523809523809524	0.05952380952380952	0.7	0.007142857142857143	0.009523809523809525	0.717391304347826	0.7152580959561489	3.6808510638297873	1.8175182481751824	0.004754500668095238	5.265872486486487e-05	0.005829228243021347	0.3261904761904762	23.0	2.1493668960922436	3.1019108280254777	2.1769722814498933	0.5523809523809524	0.7078816199376947	-1	-1	0.12142857142857143	0.947973673864256	353	185	47
6-78_de_amateur	de	12.2	1.8959864330130016	11.54063990955342	10.270182001130582	0.3363482193329565	0.0570944036178632	0.6800452232899944	0.009044657998869417	0.0033917467495760316	0.8827586206896552	0.7036223790531101	4.310344827586207	1.8087986463620982	0.005084471097063878	4.477182992125984e-05	0.0021623757594384408	1.7218767665347654	28.979310344827585	2.1288480900817923	3.1994781783681217	2.049512987012987	0.3578292820802713	0.6557964071856279	0.683888663068592	0.7760374769487016	0.13058224985867722	0.9123701186353053	1573	762	145
6-80_de_amateur	de	12.532467532467532	1.9430051813471503	12.225123477558714	10.636293856402665	0.35025906735751294	0.058031088082901555	0.6849740932642487	0.007253886010362694	0.004145077720207254	0.8831168831168831	0.7311634763686444	4.794871794871795	1.7679083094555874	0.005430804981220311	4.288349468822171e-05	0.004420006344506715	0.7036269430051814	29.41025641025641	2.019122705203816	3.169337375487224	2.1012269938650308	0.38652849740932643	0.6285565819861444	0.7420246490432271	0.8498793781860173	0.10880829015544041	0.9081974865646381	863	433	78
6-81_de_amateur	de	11.357142857142858	1.8474842767295598	10.639600179694522	9.868497619047618	0.3128930817610063	0.049528301886792456	0.6784591194968553	0.014937106918238994	0.0047169811320754715	0.8125	0.7404830875053837	4.043478260869565	1.7367149758454106	0.00496735408018868	4.1745191247672254e-05	0.002860761705101328	0.9520440251572327	26.643478260869564	2.1635266315960195	3.148076301325574	2.0479910714285716	0.3867924528301887	0.6645524296675204	0.8080466429476811	0.9015274590270779	0.1540880503144654	0.9176459981482797	1150	537	115
6-82_de_amateur	de	11.12280701754386	2.006309148264984	12.422342686368921	10.95496992639327	0.3501577287066246	0.06466876971608833	0.6577287066246057	0.00946372239747634	0.0015772870662460567	0.8421052631578947	0.722829745089048	3.9655172413793105	1.7767857142857142	0.0046508686170347	4.5792146712802766e-05	0.004663283500205733	0.9384858044164038	26.586206896551722	2.010879065883886	3.1971649484536084	2.1331658291457285	0.4589905362776025	0.6562429906542045	0.898954297368249	0.8506717232687182	0.12302839116719243	0.928749365088488	580	289	58
6-83_de_amateur	de	12.2	1.8959864330130016	11.54063990955342	10.270182001130582	0.3363482193329565	0.0570944036178632	0.6800452232899944	0.009044657998869417	0.0033917467495760316	0.8827586206896552	0.7036223790531101	4.310344827586207	1.8087986463620982	0.005084471097063878	4.477182992125984e-05	0.0021623757594384408	1.7218767665347654	28.979310344827585	2.1288480900817923	3.1994781783681217	2.049512987012987	0.3578292820802713	0.6557964071856279	0.683888663068592	0.7760374769487016	0.13058224985867722	0.9123701186353053	1573	762	145
6-84_de_amateur	de	10.709677419354838	2.003012048192771	12.222316362223086	12.47327854644384	0.3042168674698795	0.09036144578313253	0.7168674698795181	0.0	0.009036144578313253	0.8709677419354839	0.7310408410146263	3.838709677419355	1.7027027027027026	0.00494966765753012	3.348762465753425e-05	0.009600903614457831	0.20783132530120482	27.967741935483872	2.2801790847518904	3.1114942528735634	1.9752650176678446	0.5301204819277109	0.6799141630901284	-1	-1	0.17771084337349397	0.9395065827886766	294	146	31
6-85_de_amateur	de	10.10344827586207	1.8668941979522184	10.379696363422386	10.75480849711663	0.37542662116040953	0.04778156996587031	0.6962457337883959	0.0034129692832764505	0.0034129692832764505	0.8275862068965517	0.7408806790173251	3.6333333333333333	1.7959183673469388	0.004704533288054607	3.958557615384616e-05	0.009290860826697004	0.17064846416382254	24.8	2.213557846712098	3.1419098143236073	2.1215277777777777	0.5699658703071673	0.6689690721649485	-1	-1	0.1296928327645051	0.9580700746094539	255	130	30
7-10_de_amateur	de	12.86	1.9331259720062208	12.236286469673406	11.756513928460341	0.37947122861586313	0.05443234836702955	0.6796267496111975	0.0015552099533437014	0.006220839813374806	0.92	0.7190302457784101	4.74	1.6304347826086956	0.004643034128926905	3.199761413427562e-05	0.007241446345256609	0.6516329704510109	34.52	2.288687696960953	2.9643062751871043	2.111111111111111	0.40435458786936235	0.652720588235293	0.5527864315325275	0.8543851290682687	0.14618973561430793	0.8967571788055274	558	283	50
7-11_de_amateur	de	13.81159420289855	1.7859391395592865	10.870603585930017	10.743070848730936	0.32214060860440713	0.05141657922350472	0.7009443861490031	0.001049317943336831	0.011542497376705142	0.9565217391304348	0.7270674116341529	4.855072463768116	1.588785046728972	0.00444786516610703	4.187513537234043e-05	0.004640317127200653	0.8069254984260231	37.11594202898551	2.30445551589506	3.0070230198985564	2.144700460829493	0.378803777544596	0.685269320843091	0.803930197225971	0.8313219399931892	0.17733473242392445	0.9118965312272691	806	376	69
7-16_de_amateur	de	10.285714285714286	1.5833333333333333	7.104761904761904	9.120708928571428	0.3506944444444444	0.0625	0.6770833333333334	0.010416666666666666	0.003472222222222222	0.9285714285714286	0.7565388164244374	3.7666666666666666	1.7047619047619047	0.005781753452430555	4.4826444897959186e-05	0.011111111111111112	0.2673611111111111	27.666666666666668	2.2310504376220153	2.8107784431137723	2.1056338028169015	0.5208333333333334	0.6398412698412704	-1	-1	0.11805555555555555	0.9416616657852895	229	98	30
7-17_de_amateur	de	14.948979591836734	1.9017064846416383	12.68023855958766	10.61647621369367	0.32627986348122867	0.059385665529010236	0.6696245733788396	0.008191126279863481	0.00955631399317406	0.9387755102040817	0.7071092271046703	4.838383838383838	1.7184265010351967	0.004632396950102389	5.03942887477314e-05	0.0030155095692746357	1.3686006825938566	40.45454545454545	2.3858625132130413	3.032161555721765	2.088253573648229	0.32150170648464166	0.6539970717423094	0.7715140247961492	0.86082171837274	0.1296928327645051	0.8834257572197735	1235	551	99
7-18_de_amateur	de	12.205128205128204	2.033613445378151	13.166638655462183	10.696033570351219	0.3487394957983193	0.06302521008403361	0.6596638655462185	0.0021008403361344537	0.0063025210084033615	0.9230769230769231	0.7058813498671652	4.725	1.8353658536585367	0.004867569002310924	4.170900628272251e-05	0.007575757575757575	0.8634453781512605	34.0	2.325805649448805	2.906959706959707	2.0349514563106794	0.39705882352941174	0.6320954907161821	-1	-1	0.11764705882352941	0.8949420532244776	407	191	40
7-19_de_amateur	de	11.372549019607844	1.8327586206896551	10.471845841784994	10.759938471940501	0.35172413793103446	0.06724137931034482	0.6775862068965517	0.0	0.005172413793103448	0.9019607843137255	0.7050351609063078	4.313725490196078	1.5673076923076923	0.004908645872068965	4.6653376890756304e-05	0.005399274047186933	0.9017241379310345	32.96078431372549	2.6667476928844014	2.9827995255041517	2.150395778364116	0.45517241379310347	0.7088357588357568	-1	0.7767937352503074	0.12241379310344827	0.9285732866673478	487	238	51
7-22_de_amateur	de	10.009708737864077	1.9631425800193987	11.478868851995895	10.994161613289013	0.3559650824442289	0.05722599418040737	0.6828322017458778	0.01745877788554801	0.004849660523763337	0.7475728155339806	0.6698622865902547	3.5675675675675675	1.67828418230563	0.005622792053734238	3.121411659090909e-05	0.004139531661355134	0.7992240543161979	25.117117117117118	2.10064908314236	2.991817858413376	2.065196548418025	0.3831231813773036	0.6187124463519299	0.7468197071137688	0.8093677760143063	0.12221144519883609	0.8983509964576862	887	440	111
7-26_de_amateur	de	13.12962962962963	1.8631875881523272	11.516169095753018	10.368920054327955	0.31170662905500707	0.057122708039492244	0.6636107193229901	0.003526093088857546	0.013399153737658674	0.9074074074074074	0.6836629456082807	4.416666666666667	1.7176724137931034	0.005417443145557123	5.006455610169492e-05	0.0029775897194797055	0.9929478138222849	32.861111111111114	2.1520468459518693	3.111017425519955	2.049912434325744	0.3723554301833568	0.6804018195602762	0.6869825370777908	0.8053880556189918	0.15444287729196052	0.9149871986632118	1263	590	108
7-27_de_amateur	de	16.134328358208954	1.975023126734505	14.007660955168657	11.435749433222417	0.3080481036077706	0.056429232192414434	0.669750231267345	0.0037002775208140612	0.01942645698427382	0.9552238805970149	0.7201492073283263	5.205882352941177	1.6954022988505748	0.005005833045790935	5.1310018666666664e-05	0.004091653027823241	0.8011100832562442	38.10294117647059	2.0129988426845404	3.2538520801232664	2.01949860724234	0.33950046253469013	0.6603767820773938	0.6611787379879575	0.7735918311974235	0.14893617021276595	0.8936592338387043	979	450	68
7-28_de_amateur	de	12.075757575757576	1.9899623588456712	12.601101288924376	12.291143203680468	0.36762860727728985	0.053952321204516936	0.6888331242158093	0.006273525721455458	0.0075282308657465494	0.8787878787878788	0.6638639976091014	4.484848484848484	1.7194244604316546	0.004988603343663738	3.649314668587896e-05	0.0055260418057075725	0.9335006273525721	31.666666666666668	2.2925273246885562	3.018035121025154	2.0277044854881265	0.39648682559598497	0.6456017191977053	0.6140919286930302	0.8290937944951062	0.14052697616060225	0.8988209015255852	689	347	66
7-29_de_amateur	de	16.01219512195122	1.6237623762376239	9.81515213716494	8.93732661007189	0.31683168316831684	0.04950495049504951	0.6610814927646611	0.006854531607006854	0.003808073115003808	0.926829268292683	0.6881564160797464	4.726190476190476	1.7226107226107226	0.005703413007996954	5.100868763796909e-05	0.0031773610053313023	1.1172886519421172	39.476190476190474	2.1010495815600425	3.0003010234798313	2.0080321285140563	0.3511043412033511	0.6516474464579847	0.61702966459191	0.7305178994167997	0.14775323686214775	0.924802415538541	1099	453	84
7-3_de_amateur	de	10.5	1.8293650793650793	10.091507936507938	10.103536507936509	0.376984126984127	0.07539682539682539	0.6666666666666666	0.011904761904761904	0.003968253968253968	0.9583333333333334	0.6956457863265644	3.6666666666666665	1.7529411764705882	0.00489795556547619	3.708409913043478e-05	0.013038548752834465	0.18253968253968253	22.11111111111111	1.735070371971929	3.157190635451505	1.9485981308411215	0.5714285714285714	0.6704575163398692	-1	-1	0.11904761904761904	0.9436039743781647	218	115	27
7-30_de_amateur	de	16.01219512195122	1.6237623762376239	9.81515213716494	8.93732661007189	0.31683168316831684	0.04950495049504951	0.6610814927646611	0.006854531607006854	0.003808073115003808	0.926829268292683	0.6881564160797464	4.726190476190476	1.7226107226107226	0.005703413007996954	5.100868763796909e-05	0.0031773610053313023	1.1172886519421172	39.476190476190474	2.1010495815600425	3.0003010234798313	2.0080321285140563	0.3511043412033511	0.6516474464579847	0.61702966459191	0.7305178994167997	0.14775323686214775	0.924802415538541	1099	453	84
7-31_de_amateur	de	11.978260869565217	1.7549909255898366	9.790414661090505	10.150814219206186	0.3484573502722323	0.050816696914700546	0.6733212341197822	0.0018148820326678765	0.003629764065335753	0.9347826086956522	0.7251382237950865	4.0	1.6871794871794872	0.005262993511560799	6.502328742857143e-05	0.006150433555152248	0.764065335753176	36.67391304347826	2.7090552243653208	2.8859338061465722	2.1796954314720813	0.44101633393829404	0.679690265486726	-1	-1	0.14337568058076225	0.9269487190666972	424	175	46
7-32_de_amateur	de	11.271255060728745	1.7629310344827587	9.608375680580764	10.562204708222813	0.34698275862068967	0.06932471264367816	0.6896551724137931	0.008261494252873564	0.00610632183908046	0.7894736842105263	0.7015872340481804	4.125	1.7025052192066805	0.005130100142435345	4.368553773764259e-05	0.0016220270367960676	2.910919540229885	32.51209677419355	2.4560417535295844	2.9372070071551937	2.0601956358164033	0.28771551724137934	0.6742048417132311	0.6955539015821071	0.7481304107023139	0.13936781609195403	0.8928148553541723	2284	1052	248
7-33_de_amateur	de	12.020408163265307	1.5721561969439728	7.649402307612352	9.274141616714598	0.299660441426146	0.06621392190152801	0.6799660441426146	0.012733446519524618	0.008488964346349746	0.9183673469387755	0.7366312171147118	4.142857142857143	1.8204419889502763	0.004311627120797963	5.59849320802005e-05	0.003547174387581858	1.0076400679117148	33.93877551020408	2.7513669640804306	2.9023074617920286	2.051192553810355	0.3531409168081494	0.6930861909175184	0.5770484452137322	0.6941991625666329	0.14516129032258066	0.9087414881607474	949	399	98
7-34_de_amateur	de	12.405940594059405	1.6911412609736631	9.203783711172395	10.187102477222984	0.3503591380686353	0.052673583399840386	0.6656025538707103	0.00558659217877095	0.004788507581803671	0.9504950495049505	0.69933089925944	4.405940594059406	1.6750572082379862	0.005267403954988029	4.590055742793791e-05	0.003053541066657414	1.3176376695929768	35.62376237623762	2.446931482181803	2.9362350984197394	2.1225842076200996	0.3790901835594573	0.6723570190641248	0.8237318717478513	0.8205340638998441	0.13168395849960096	0.9243237220050156	1019	451	101
7-39_de_amateur	de	9.578947368421053	2.0054945054945055	11.810624638519378	10.865995604395604	0.3791208791208791	0.04120879120879121	0.6758241758241759	0.01098901098901099	0.0027472527472527475	0.9473684210526315	0.7394609137256197	3.6	1.6666666666666667	0.005158848518406593	3.0026322972972975e-05	0.009450549450549451	0.5686813186813187	24.975	2.3176664050357463	3.0229540918163673	2.1108247422680413	0.4697802197802198	0.6229056603773588	-1	-1	0.12912087912087913	0.9048622170382679	312	148	40
7-4_de_amateur	de	9.214285714285714	1.7958656330749354	9.19478589885567	9.982863713547435	0.4082687338501292	0.028423772609819122	0.689922480620155	0.01808785529715762	0.007751937984496124	0.9285714285714286	0.6605357892995909	3.5	1.7185185185185186	0.004585614274186046	4.391987340425532e-05	0.009502375593898474	0.4883720930232558	20.61904761904762	1.9788987913579283	3.150170648464164	2.007042253521127	0.4392764857881137	0.5806250000000003	-1	-1	0.14987080103359174	0.8775271229495748	346	188	42
7-40_de_amateur	de	15.133333333333333	2.0547514159848963	14.55806670862178	11.131341162156493	0.3014474512271869	0.050975456261799876	0.6677155443675268	0.0031466331025802393	0.01762114537444934	0.9523809523809523	0.7368010976903534	5.161904761904762	1.6973947895791583	0.005391417869918188	3.93297080620155e-05	0.002579462197670715	1.5475141598489617	37.333333333333336	2.2043322153357523	3.264083609482539	2.1101474414570687	0.329137822529893	0.6718926174496636	0.7509141531181615	0.8243685879530408	0.1604782882315922	0.895939632404913	1416	645	105
7-41_de_amateur	de	15.133333333333333	2.0547514159848963	14.55806670862178	11.131341162156493	0.3014474512271869	0.050975456261799876	0.6677155443675268	0.0031466331025802393	0.01762114537444934	0.9523809523809523	0.7368010976903534	5.161904761904762	1.6973947895791583	0.005391417869918188	3.93297080620155e-05	0.002579462197670715	1.5475141598489617	37.333333333333336	2.2043322153357523	3.264083609482539	2.1101474414570687	0.329137822529893	0.6718926174496636	0.7509141531181615	0.8243685879530408	0.1604782882315922	0.895939632404913	1416	645	105
7-43_de_amateur	de	15.830357142857142	1.9509306260575296	13.604820673193139	11.372298207235518	0.3164128595600677	0.050197405527354765	0.6621545403271292	0.0022560631697687537	0.008460236886632826	0.9642857142857143	0.7190747514457221	5.345132743362832	1.7234042553191489	0.005006377830287648	4.558652835616438e-05	0.002580072242022777	1.8759165256627186	37.83185840707964	2.0915273649663577	3.228631480616534	2.1012116892373487	0.2961082910321489	0.6627837514934278	0.68171734794986	0.7537930210657745	0.1505922165820643	0.8777276342361935	1567	730	113
7-44_de_amateur	de	13.346938775510203	2.0718654434250765	14.063318354864887	11.527907857454908	0.3256880733944954	0.05198776758409786	0.6957186544342507	0.0030581039755351682	0.009174311926605505	0.9591836734693877	0.7262202557597406	4.836734693877551	1.6837209302325582	0.004668561485626912	4.252242669039146e-05	0.0056457304163726185	0.900611620795107	34.57142857142857	2.1834824601395693	3.1470588235294117	2.088929219600726	0.38837920489296635	0.6734414414414416	0.7302483769475799	0.7074084777562089	0.1712538226299694	0.8789491524106029	575	281	49
7-46_de_amateur	de	11.738461538461538	1.8427260812581914	10.73216775884666	10.772113757435227	0.32634338138925295	0.07470511140235911	0.672346002621232	0.010484927916120577	0.003931847968545216	0.8769230769230769	0.6836657158720565	4.276923076923077	1.7862903225806452	0.00469809819750983	5.383664281045751e-05	0.005351681957186544	0.5910878112712975	31.323076923076922	2.2996654129456426	3.04534373476353	2.0660736975857685	0.41284403669724773	0.6613102409638558	0.7506865517544572	0.8964215705455871	0.13892529488859764	0.9167373208744054	661	306	65
7-48_de_amateur	de	17.0	2.127450980392157	16.14392156862745	12.826615686274511	0.3627450980392157	0.029411764705882353	0.6764705882352942	0.00980392156862745	0.0	1.0	0.7021602580426111	5.666666666666667	1.4871794871794872	0.005501311470588235	3.4294655000000006e-05	0.0196078431372549	0.0196078431372549	48.333333333333336	2.4485167409080453	3.0446735395189	2.074380165289256	0.6862745098039216	0.6833333333333332	-1	-1	0.11764705882352941	0.9714383413802461	87	40	6
7-49_de_amateur	de	11.076923076923077	1.8611111111111112	10.691111111111113	10.223450427350429	0.3402777777777778	0.08333333333333333	0.6527777777777778	0.003472222222222222	0.0	1.0	0.7271847751790544	4.076923076923077	1.7864077669902914	0.004854299685416666	5.2718100943396226e-05	0.010732323232323232	0.13541666666666666	29.076923076923077	2.1144251573650568	2.9854497354497354	2.066473988439306	0.5590277777777778	0.6753968253968256	-1	-1	0.13194444444444445	0.9576426385182385	239	106	26
7-5_de_amateur	de	11.090909090909092	1.6229508196721312	7.886274217585697	8.441080327868853	0.36475409836065575	0.045081967213114756	0.6434426229508197	0.012295081967213115	0.012295081967213115	1.0	0.6781933264691885	4.454545454545454	1.65	0.004913079951229508	3.867797476635514e-05	0.014002732240437158	0.09836065573770492	24.954545454545453	1.8689314770197123	3.1778584392014517	1.917948717948718	0.5491803278688525	0.6380000000000005	-1	-1	0.14344262295081966	0.9404258769898806	215	107	22
7-50_de_amateur	de	8.7	1.971264367816092	11.063919540229886	12.310789425287355	0.382183908045977	0.09770114942528736	0.7212643678160919	0.008620689655172414	0.0028735632183908046	0.875	0.7469089195318784	3.625	1.5703703703703704	0.004790079729885057	4.276263489932886e-05	0.007936507936507936	0.3074712643678161	25.5	2.4679285809957863	2.903883495145631	2.114864864864865	0.5344827586206896	0.6870281124497999	-1	-1	0.11781609195402298	0.9393546769691596	291	149	40
7-51_de_amateur	de	12.24390243902439	1.8625498007968126	11.1632096006219	11.382817938004084	0.33665338645418325	0.07569721115537849	0.6972111553784861	0.0199203187250996	0.0099601593625498	0.9024390243902439	0.7322758915394117	4.463414634146342	1.644578313253012	0.004548107088446215	5.358093694581281e-05	0.007091633466135458	0.38247011952191234	33.146341463414636	2.550355157507609	3.035190615835777	2.0616438356164384	0.47410358565737054	0.6987593052109199	-1	0.9587502759367276	0.14940239043824702	0.9218238139591597	415	203	41
7-59_de_amateur	de	14.372549019607844	1.6275579809004093	9.220478292271888	9.088867822272157	0.31923601637107774	0.0504774897680764	0.6834924965893588	0.021828103683492497	0.002728512960436562	0.9607843137254902	0.7081341274601435	4.584905660377358	1.8070175438596492	0.004956655054433833	5.2518364808362366e-05	0.005422044985482912	0.5607094133697135	33.56603773584906	1.9606534344840707	3.091779279279279	1.9494949494949494	0.4038199181446112	0.6527760252365945	0.5097923629633848	0.8693457964450999	0.13506139154160982	0.8967558553503877	627	287	53
7-6_de_amateur	de	10.894736842105264	1.710144927536232	8.83865751334859	9.710561352657006	0.3719806763285024	0.033816425120772944	0.6714975845410628	0.01932367149758454	0.00966183574879227	0.9473684210526315	0.6890147434265084	4.368421052631579	1.7313432835820894	0.004901972464734299	3.29906525e-05	0.01986044015029522	0.0821256038647343	24.263157894736842	1.8960491299296904	3.200863930885529	1.8484848484848484	0.5507246376811594	0.6283333333333329	-1	-1	0.10144927536231885	0.9186050260132032	174	80	19
7-62_de_amateur	de	10.25609756097561	1.750297265160523	9.063385777674661	9.269688715524493	0.3555291319857313	0.0558858501783591	0.6611177170035671	0.009512485136741973	0.0023781212841854932	0.7926829268292683	0.717925478434345	3.951219512195122	1.6578073089700998	0.004976130468014269	3.551583802395209e-05	0.0057074910820451834	0.6468489892984542	25.475609756097562	2.2100509232586476	3.052955082742317	2.0905963302752295	0.36028537455410226	0.5788948787062003	0.8166548406373197	0.8744095398502726	0.10582639714625446	0.895522358408842	708	334	82
7-63_de_amateur	de	10.25609756097561	1.750297265160523	9.063385777674661	9.269688715524493	0.3555291319857313	0.0558858501783591	0.6611177170035671	0.009512485136741973	0.0023781212841854932	0.7926829268292683	0.717925478434345	3.951219512195122	1.6578073089700998	0.004976130468014269	3.551583802395209e-05	0.0057074910820451834	0.6468489892984542	25.475609756097562	2.2100509232586476	3.052955082742317	2.0905963302752295	0.36028537455410226	0.5788948787062003	0.8166548406373197	0.8744095398502726	0.10582639714625446	0.895522358408842	708	334	82
7-65_de_amateur	de	13.392857142857142	1.924	12.336414285714284	10.889672380952382	0.324	0.064	0.652	0.009333333333333334	0.004	0.8928571428571429	0.7164331185941858	4.732142857142857	1.7208333333333334	0.0048308203101333335	3.33932476635514e-05	0.005206349206349206	0.912	32.392857142857146	1.9689168929281131	3.1064991807755327	1.978297161936561	0.36933333333333335	0.633133640552994	0.6217257734333008	0.7066737790637354	0.12933333333333333	0.8804394355891261	665	321	56
7-67_de_amateur	de	13.392857142857142	1.924	12.336414285714284	10.889672380952382	0.324	0.064	0.652	0.009333333333333334	0.004	0.8928571428571429	0.7164331185941858	4.732142857142857	1.7208333333333334	0.0048308203101333335	3.33932476635514e-05	0.005206349206349206	0.912	32.392857142857146	1.9689168929281131	3.1064991807755327	1.978297161936561	0.36933333333333335	0.633133640552994	0.6217257734333008	0.7066737790637354	0.12933333333333333	0.8804394355891261	665	321	56
7-75_de_amateur	de	8.586206896551724	1.9317269076305221	10.552998199695335	11.351939094308268	0.36947791164658633	0.08032128514056225	0.6586345381526104	0.0	0.020080321285140562	0.9310344827586207	0.7550595077774702	3.5172413793103448	1.898876404494382	0.004622596171485944	2.6212312987012988e-05	0.011103236475313015	0.37751004016064255	26.17241379310345	2.861551294037682	2.933420365535248	2.4037122969837585	0.4979919678714859	0.6462666666666665	-1	-1	0.14859437751004015	0.9096272357649173	187	77	29
7-76_de_amateur	de	11.23076923076923	1.9315068493150684	11.581780821917807	10.303154478398314	0.35753424657534244	0.05342465753424658	0.7	0.01643835616438356	0.00410958904109589	0.8461538461538461	0.7171462670903944	3.985074626865672	1.6961538461538461	0.005240909868493151	3.582067191780822e-05	0.004134956874682902	0.8452054794520548	29.223880597014926	2.116349111556544	2.9903357070193284	2.16044776119403	0.4397260273972603	0.6641204437400933	1.0007044277726684	0.8722090511550558	0.12876712328767123	0.908803777460475	619	292	67
7-77_de_amateur	de	8.48545861297539	1.9129976272080147	10.29270086011498	10.430072397463595	0.3722646981281308	0.07724756129712629	0.711046664909043	0.019245979435802793	0.005800158186132349	0.5861297539149888	0.71608846543959	3.352297592997812	1.7247360482654601	0.004240978898002821	4.9694977716049387e-05	0.0011842171202715748	4.113366728183496	22.592997811816193	2.37343738749554	2.9977998852114025	2.2016348773841963	0.27445293962562617	0.6813643746616205	0.7677846688168752	0.8325666966991294	0.11363037173741102	0.8776727407760953	3146	1620	457
7-78_de_amateur	de	10.490196078431373	1.6990654205607476	8.550148433205056	9.40697947590251	0.3364485981308411	0.05794392523364486	0.6841121495327103	0.009345794392523364	0.014953271028037384	0.8823529411764706	0.745003835683025	4.117647058823529	1.7159763313609468	0.004963654595327103	5.579791869158879e-05	0.005552501374381529	0.6205607476635514	27.84313725490196	2.522820933294959	3.037947997189037	2.2031496062992124	0.44672897196261685	0.6986926605504571	-1	0.7893699277450966	0.1588785046728972	0.9127584219980839	452	214	51
7-79_de_amateur	de	9.85925925925926	2.179564237415477	13.973969112613744	11.98864470712636	0.34710743801652894	0.06987227648384674	0.6889556724267468	0.006010518407212622	0.003005259203606311	0.7555555555555555	0.6607428785093041	3.762962962962963	1.6213991769547325	0.005001589724643126	4.159180745762712e-05	0.002919666378187144	1.5454545454545454	24.85925925925926	2.22128421760154	3.2079411764705883	2.258635961027458	0.3546205860255447	0.6800974025973993	0.7466529525260247	0.8410170866509674	0.15026296018031554	0.8991319938294967	1173	590	135
7-8_de_amateur	de	9.546666666666667	1.888268156424581	10.414764245810058	11.231537862197392	0.3645251396648045	0.06005586592178771	0.6913407821229051	0.0	0.00558659217877095	0.8133333333333334	0.6851987416114486	3.88	1.578544061302682	0.004013250945391062	2.9254607348242812e-05	0.005208333333333333	1.2513966480446927	26.093333333333334	2.34649270434909	2.9944500504540867	2.0983009708737863	0.39106145251396646	0.699286871961103	0.768975358577834	0.7751365216979218	0.15502793296089384	0.8937725079936633	612	313	75
7-80_de_amateur	de	14.136363636363637	1.9228295819935692	12.612570885705939	10.857281672025723	0.3215434083601286	0.06591639871382636	0.6591639871382636	0.012861736334405145	0.00964630225080386	0.9318181818181818	0.7047468339890757	4.863636363636363	1.801980198019802	0.004909543681832797	3.084297015503876e-05	0.005042385267465653	0.9565916398713826	35.25	2.0525539870833516	3.105195638229634	2.0699029126213593	0.3842443729903537	0.6601529636711285	0.5828701988364479	0.8183823696262734	0.14790996784565916	0.8924658971151533	551	258	44
7-81_de_amateur	de	11.31578947368421	2.0186046511627906	12.642692778457771	11.501209302325583	0.3581395348837209	0.06046511627906977	0.6744186046511628	0.0069767441860465115	0.0069767441860465115	0.8947368421052632	0.6973039465179426	4.342105263157895	1.730263157894737	0.005137812789767442	3.7347098994974876e-05	0.007813953488372093	0.48372093023255813	27.86842105263158	2.008858903575377	3.2209737827715355	2.05625	0.4930232558139535	0.6906344410876122	-1	-1	0.16046511627906976	0.923874458425184	387	199	38
7-82_de_amateur	de	11.6	2.002463054187192	12.563064039408872	11.508017536945813	0.3620689655172414	0.04926108374384237	0.6970443349753694	0.012315270935960592	0.009852216748768473	0.8857142857142857	0.7219991578111685	4.2	1.6944444444444444	0.004859866745320197	4.1750106486486484e-05	0.007389162561576354	0.6330049261083743	29.4	2.027766777507331	3.1642512077294684	2.085173501577287	0.4827586206896552	0.6889250814332252	-1	-1	0.15024630541871922	0.9122316743085815	366	185	35
7-83_de_amateur	de	11.2	1.9081632653061225	11.294326530612246	10.658634897959184	0.3673469387755102	0.06887755102040816	0.6836734693877551	0.012755102040816327	0.00510204081632653	0.9142857142857143	0.6999315463097107	3.9714285714285715	1.7092198581560283	0.0050953734872193875	3.1503547752808985e-05	0.00860969387755102	0.5637755102040817	27.485714285714284	1.9698484140186545	3.128099173553719	2.0828220858895707	0.4897959183673469	0.6821160409556303	-1	-1	0.14030612244897958	0.9140093179167098	349	178	35
7-85_de_amateur	de	13.55952380952381	1.9736611062335383	12.98741533927004	11.525795927923408	0.33977172958735735	0.06057945566286216	0.6795434591747147	0.0052677787532923615	0.007023705004389816	0.8928571428571429	0.728117610445744	4.5	1.623076923076923	0.004810093685338016	4.106000876494024e-05	0.0038561517671159774	0.8525021949078139	35.416666666666664	2.347301197724864	3.0369375419744795	1.9663032705649157	0.3784021071115013	0.6784134615384604	0.7766706184868817	0.9488722926813337	0.1562774363476734	0.907832436397775	996	502	84
7-87_de_amateur	de	10.96951219512195	1.7648693718732629	9.513568344202064	10.409597158312884	0.34130072262367983	0.0839355197331851	0.7176209005002779	0.028349082823790995	0.008893829905503057	0.7804878048780488	0.737205361776768	3.2462311557788945	1.7044334975369457	0.004603564061145081	5.797473931398417e-05	0.0028687712841744773	1.5141745414118954	23.256281407035175	1.934538400879966	3.0092413496668815	2.0029498525073746	0.3196220122290161	0.6694529411764719	0.6569311759584295	0.811488406017036	0.12340188993885493	0.877301904138445	1498	758	199
7-9_de_amateur	de	9.141176470588235	1.9935649935649935	11.499125747596338	10.963430445908093	0.36293436293436293	0.05791505791505792	0.667953667953668	0.0	0.002574002574002574	0.788235294117647	0.7054822307614613	3.558139534883721	1.5951557093425606	0.004771931261261261	2.5014898427672957e-05	0.005118074885516746	0.9086229086229086	25.13953488372093	2.3811348048004364	3.003191974464204	2.1685022026431717	0.39253539253539255	0.6486283185840716	0.749956478431363	0.907146665443393	0.14285714285714285	0.9059891136478402	658	318	86
8-11_de_amateur	de	10.784140969162996	1.8284313725490196	10.191305174052001	9.468365722985231	0.3488562091503268	0.0625	0.6805555555555556	0.0008169934640522876	0.006944444444444444	0.748898678414097	0.7464337569760828	3.8382978723404255	1.7086167800453516	0.005592799789665033	3.9456038468809074e-05	0.0022045855379188716	2.3533496732026142	25.395744680851063	2.1476276709953983	3.105748641080547	2.0580708661417324	0.25326797385620914	0.6145040442741585	0.7508614146039613	0.8279036883742683	0.10866013071895425	0.8659632143732986	2205	1058	235
8-12_de_amateur	de	10.409090909090908	1.747598253275109	9.091204843191743	9.754378165938865	0.3519650655021834	0.05589519650655022	0.6882096069868996	0.0	0.00611353711790393	0.8363636363636363	0.7451013855418172	3.900900900900901	1.645476772616137	0.004929327371004367	4.1700255368421054e-05	0.0038178415470991886	1.6550218340611353	25.504504504504503	2.0282983543820423	3.0558269364968598	2.0176252319109462	0.33100436681222706	0.6398661567877624	0.6951884600409988	0.8064845522957433	0.12925764192139738	0.8830341924055327	1007	475	111
8-13_de_amateur	de	12.453947368421053	1.768621236133122	10.13677006005505	9.862107184363444	0.3190702588483888	0.06814580031695722	0.6724775488642366	0.003169572107765452	0.011093502377179081	0.8421052631578947	0.7119835927926484	4.677631578947368	1.7235387045813586	0.005109549662282093	4.63277106870229e-05	0.002788049539238129	1.5747490755414686	28.75	2.0031895243930835	3.171112115732369	1.99927060539752	0.26835710512414157	0.6310869565217405	0.6440513322324513	0.7515720780930542	0.12572636027469625	0.8720816277716718	1713	786	152
8-15_de_amateur	de	12.0	1.666010498687664	8.748923884514436	9.338499737532809	0.339238845144357	0.08858267716535433	0.6778215223097113	0.0026246719160104987	0.004593175853018373	0.8582677165354331	0.7092517254368654	4.415384615384616	1.8033395176252318	0.005546948498031497	5.1012523152709364e-05	0.002720363079615048	2.143044619422572	28.815384615384616	2.1255061753261995	2.9955085865257596	2.0026648900732846	0.3123359580052493	0.6406807017543878	0.7425509908719504	0.8321110856428328	0.11548556430446194	0.8848228428030335	1310	609	130
8-20_de_amateur	de	13.54054054054054	1.937125748502994	12.548894643146145	11.625784765603928	0.3253493013972056	0.06387225548902195	0.6816367265469062	0.001996007984031936	0.00499001996007984	0.8378378378378378	0.7190858720747924	4.972972972972973	1.6369047619047619	0.005430189575548903	3.5724477441860467e-05	0.0039105462544299155	0.8802395209580839	33.027027027027025	2.0621072752681093	3.1746938775510203	2.0258064516129033	0.38223552894211577	0.6628460686600236	0.82198232599728	0.9055711693791285	0.15269461077844312	0.9058799502776943	889	430	74
8-21_de_amateur	de	13.166666666666666	1.9430379746835442	12.472848101265821	10.808681856540085	0.37341772151898733	0.056962025316455694	0.6455696202531646	0.0	0.012658227848101266	1.0	0.6433882591749185	4.416666666666667	1.6428571428571428	0.005262686421518987	4.300215230769231e-05	0.0189873417721519	0.056962025316455694	33.25	2.2242654282461585	3.0925	1.990909090909091	0.6139240506329114	0.6891525423728813	-1	-1	0.13291139240506328	0.951107709192344	142	65	12
8-22_de_amateur	de	11.615384615384615	1.8841059602649006	11.17245033112583	10.323913499745288	0.3344370860927152	0.0728476821192053	0.6125827814569537	0.0033112582781456954	0.0033112582781456954	0.9615384615384616	0.6898158423963378	4.357142857142857	1.91	0.006098527390066225	2.8558004918032785e-05	0.008638065073423554	0.4503311258278146	26.285714285714285	2.0505987319488663	3.100806451612903	1.945945945945946	0.4735099337748344	0.6056157635467976	-1	-1	0.11589403973509933	0.924777642546109	267	122	28
8-23_de_amateur	de	11.693877551020408	1.7905759162303665	10.099408056416287	10.186516501050681	0.30017452006980805	0.06806282722513089	0.6963350785340314	0.015706806282722512	0.010471204188481676	0.8367346938775511	0.7037630431225262	4.163265306122449	1.7445652173913044	0.003855862492321117	4.1573216877637136e-05	0.00678689160364553	0.450261780104712	28.693877551020407	2.1558277039265845	3.1050390347764374	1.9957627118644068	0.44502617801047123	0.6855907172995775	0.5664602506048603	0.7460323227347779	0.14834205933682373	0.9037286158274501	509	237	49
8-24_de_amateur	de	10.882352941176471	1.7027027027027026	8.746009538950712	9.041610492845786	0.3324324324324324	0.07837837837837838	0.6567567567567567	0.002702702702702703	0.005405405405405406	0.8823529411764706	0.7376440549685145	3.9714285714285715	1.8211382113821137	0.005584933144594595	3.2252738562091505e-05	0.007548928238583412	0.6135135135135135	26.62857142857143	1.962102460117166	3.0256410256410255	2.0026954177897576	0.44324324324324327	0.6216974169741696	-1	-1	0.13783783783783785	0.9052645043555211	323	153	35
8-25_de_amateur	de	15.571428571428571	1.801223241590214	11.737291393621671	10.021081083442551	0.308868501529052	0.05504587155963303	0.6574923547400612	0.01834862385321101	0.0061162079510703364	0.9523809523809523	0.6842769649510534	4.9523809523809526	1.87	0.004336211542813455	6.027751764705882e-05	0.008939073159256645	0.1712538226299694	38.76190476190476	2.195451008452498	3.060049019607843	1.9548192771084338	0.5168195718654435	0.6885526315789475	-1	-1	0.1437308868501529	0.936853132364479	278	119	21
8-26_de_amateur	de	10.212121212121213	1.741839762611276	8.946436471540334	9.663653610286845	0.3590504451038576	0.03857566765578635	0.6973293768545994	0.0	0.008902077151335312	0.6060606060606061	0.6787101275395009	3.5454545454545454	1.52	0.005416030258160238	5.1557661111111115e-05	0.010776198656879588	0.28486646884273	23.818181818181817	1.91871941190123	3.0665829145728645	2.040650406504065	0.47181008902077154	0.6185714285714295	-1	-1	0.11572700296735905	0.9120261104255073	305	144	33
8-27_de_amateur	de	13.38888888888889	1.7717842323651452	10.538720608575382	10.728145043798985	0.3651452282157676	0.03319502074688797	0.6514522821576764	0.0	0.004149377593360996	0.8333333333333334	0.742797339611692	4.5	1.6111111111111112	0.0051974978024896265	5.0293227e-05	0.012448132780082988	0.16182572614107885	32.111111111111114	1.9134261136228372	3.077054794520548	2.0289017341040463	0.5352697095435685	0.6384507042253522	-1	-1	0.11203319502074689	0.9316614300602278	220	100	18
8-29_de_amateur	de	11.12	1.7877697841726619	9.84248345323741	9.91588270503597	0.35071942446043164	0.048561151079136694	0.6654676258992805	0.007194244604316547	0.00539568345323741	0.92	0.757543970589468	4.392156862745098	1.63	0.005783666608453237	4.8695811983471075e-05	0.0059952038369304565	0.6510791366906474	25.862745098039216	2.0231031201133547	3.1093514328808447	2.0536130536130535	0.4568345323741007	0.6517505470459528	-1	0.8026639318875809	0.1420863309352518	0.9164683901259544	497	242	51
8-30_de_amateur	de	13.336538461538462	1.93943763518385	12.49661409516943	10.802064616493817	0.32227829848594086	0.07930785868781542	0.6683489545782264	0.002883922134102379	0.005767844268204758	0.9230769230769231	0.7056924026249191	4.7075471698113205	1.7593818984547462	0.0047437038016582556	4.787305264900662e-05	0.0032610504131773055	1.080028839221341	32.31132075471698	2.1651602249892434	3.19860424542018	2.094558429973238	0.33813987022350395	0.6749611801242233	0.7565802472419538	0.8129211909748603	0.1247296322999279	0.896843389378018	1248	604	106
8-31_de_amateur	de	13.336538461538462	1.93943763518385	12.49661409516943	10.802064616493817	0.32227829848594086	0.07930785868781542	0.6683489545782264	0.002883922134102379	0.005767844268204758	0.9230769230769231	0.7056924026249191	4.7075471698113205	1.7593818984547462	0.0047437038016582556	4.787305264900662e-05	0.0032610504131773055	1.080028839221341	32.31132075471698	2.1651602249892434	3.19860424542018	2.094558429973238	0.33813987022350395	0.6749611801242233	0.7565802472419538	0.8129211909748603	0.1247296322999279	0.896843389378018	1248	604	106
8-32_de_amateur	de	13.336538461538462	1.93943763518385	12.49661409516943	10.802064616493817	0.32227829848594086	0.07930785868781542	0.6683489545782264	0.002883922134102379	0.005767844268204758	0.9230769230769231	0.7056924026249191	4.7075471698113205	1.7593818984547462	0.0047437038016582556	4.787305264900662e-05	0.0032610504131773055	1.080028839221341	32.31132075471698	2.1651602249892434	3.19860424542018	2.094558429973238	0.33813987022350395	0.6749611801242233	0.7565802472419538	0.8129211909748603	0.1247296322999279	0.896843389378018	1248	604	106
8-33_de_amateur	de	11.112903225806452	2.0174165457184325	12.549547497542019	11.675443166814926	0.3439767779390421	0.11030478955007257	0.7039187227866474	0.0043541364296081275	0.0043541364296081275	0.8870967741935484	0.7330288556148831	4.015873015873016	1.7881355932203389	0.0047304897873730045	2.9103401880877744e-05	0.004810284055567075	0.5442670537010159	29.333333333333332	2.236684327867128	3.07829373650108	2.0499194847020936	0.4702467343976778	0.6942881355932198	0.904970382973081	0.9154866550115561	0.11465892597968069	0.927481402677975	605	319	63
8-35_de_amateur	de	11.75	1.7340425531914894	9.454202127659574	9.793358865248228	0.3617021276595745	0.08865248226950355	0.7304964539007093	0.0035460992907801418	0.0035460992907801418	1.0	0.699029160492887	4.32	1.6972477064220184	0.005599202293262412	3.239884590163934e-05	0.012056737588652482	0.2978723404255319	31.96	2.268333516386148	2.8069738480697386	1.9684813753581663	0.5390070921985816	0.6638797814207644	-1	-1	0.12056737588652482	0.922314194210474	239	122	25
8-36_de_amateur	de	12.909090909090908	1.8333333333333333	11.077878787878788	9.77809483568075	0.3427230046948357	0.03755868544600939	0.6408450704225352	0.002347417840375587	0.0	0.8787878787878788	0.6923356239060268	4.5588235294117645	1.7467532467532467	0.006927584671126761	4.888465502958579e-05	0.008900625978090767	0.5938967136150235	31.647058823529413	2.1079019158850656	2.9815837937384897	2.1004784688995217	0.40375586854460094	0.6006727828746179	-1	-1	0.13615023474178403	0.9015719549842273	373	169	34
8-37_de_amateur	de	13.336538461538462	1.93943763518385	12.49661409516943	10.802064616493817	0.32227829848594086	0.07930785868781542	0.6683489545782264	0.002883922134102379	0.005767844268204758	0.9230769230769231	0.7056924026249191	4.7075471698113205	1.7593818984547462	0.0047437038016582556	4.787305264900662e-05	0.0032610504131773055	1.080028839221341	32.31132075471698	2.1651602249892434	3.19860424542018	2.094558429973238	0.33813987022350395	0.6749611801242233	0.7565802472419538	0.8129211909748603	0.1247296322999279	0.896843389378018	1248	604	106
8-38_de_amateur	de	10.2	1.8758169934640523	10.522640522875822	10.939590326797386	0.29411764705882354	0.06862745098039216	0.6699346405228758	0.0032679738562091504	0.02287581699346405	0.7666666666666667	0.7606974884470348	3.3225806451612905	1.71	0.004802073364052288	3.18617992e-05	0.010008169934640524	0.3235294117647059	23.870967741935484	1.7736549792330725	3.1561238223418573	2.068	0.48366013071895425	0.659613526570048	-1	-1	0.15359477124183007	0.9126828717071721	273	125	31
8-39_de_amateur	de	8.838709677419354	1.8868613138686132	10.122060277843183	10.184146126677655	0.3248175182481752	0.08394160583941605	0.6788321167883211	0.0036496350364963502	0.0072992700729927005	0.8387096774193549	0.8052887585124427	3.303030303030303	1.8636363636363635	0.005596272779562044	4.37280312e-05	0.011192214111922142	0.27007299270072993	20.484848484848484	1.8363199090471818	3.1101321585903086	2.0047619047619047	0.5291970802919708	0.6867428571428564	-1	-1	0.12043795620437957	0.9249415762178282	244	125	33
8-40_de_amateur	de	11.19047619047619	2.0425531914893615	12.876413373860181	11.93445187436677	0.34893617021276596	0.10212765957446808	0.6787234042553192	0.006382978723404255	0.0	0.8095238095238095	0.732619283962541	4.186046511627907	1.875	0.004714836134680851	4.0365787155963306e-05	0.008695652173913044	0.46595744680851064	26.093023255813954	1.9236625228210296	3.2495575221238937	2.0298013245033113	0.46170212765957447	0.6726415094339633	-1	0.8261820268019391	0.10212765957446808	0.9123705804256731	429	218	43
8-41_de_amateur	de	11.71875	1.952	12.0139125	11.194161666666668	0.36533333333333334	0.050666666666666665	0.6906666666666667	0.0026666666666666666	0.0026666666666666666	0.90625	0.6998566994534737	4.454545454545454	1.6058394160583942	0.0052704691416	3.4790238815789475e-05	0.008579710144927536	0.552	31.21212121212121	2.2053243030144034	2.9855212355212357	2.135514018691589	0.4746666666666667	0.6619202898550718	-1	-1	0.16	0.9282543792117307	318	152	33
8-42_de_amateur	de	6.2592592592592595	1.8757396449704142	8.984838921762002	9.992731580100811	0.378698224852071	0.047337278106508875	0.7218934911242604	0.005917159763313609	0.0	0.6666666666666666	0.7082508743142226	2.892857142857143	1.5846153846153845	0.005593470065088757	3.153461621621622e-05	0.015779092702169623	0.11242603550295859	16.535714285714285	2.468581169841674	2.919831223628692	2.169398907103825	0.6449704142011834	0.7294285714285712	-1	-1	0.1301775147928994	0.947368907209112	144	74	28
8-43_de_amateur	de	11.878787878787879	1.836734693877551	10.716196660482378	11.02309761904762	0.336734693877551	0.06377551020408163	0.6632653061224489	0.0	0.002551020408163265	0.9090909090909091	0.7066444917974818	4.545454545454546	1.6888888888888889	0.005428402683163265	3.905799590643275e-05	0.008125472411186696	0.7040816326530612	31.21212121212121	2.379439288557272	3.0424710424710426	2.044973544973545	0.461734693877551	0.6528668941979521	-1	-1	0.13520408163265307	0.9088165305083372	339	171	33
8-44_de_amateur	de	14.159090909090908	1.7351524879614768	10.406844812490885	9.765321348314606	0.3290529695024077	0.05778491171749599	0.6693418940609952	0.0	0.0032102728731942215	0.9090909090909091	0.7485336227593001	4.818181818181818	1.6538461538461537	0.004932141141252007	3.6793075100401604e-05	0.0049988534739738594	0.6982343499197432	36.72727272727273	2.2613366611142713	2.993222427603204	2.040944881889764	0.43980738362760835	0.66604961832061	0.8155971183066012	0.7974908434962981	0.1492776886035313	0.9232068304689232	534	249	44
8-45_de_amateur	de	12.573770491803279	1.8996088657105605	11.729155107187893	10.620228819971361	0.34159061277705344	0.06649282920469361	0.666232073011734	0.001303780964797914	0.002607561929595828	0.8688524590163934	0.7221917299146653	4.451612903225806	1.7330827067669172	0.005378231212125163	3.638148178807947e-05	0.004747099923110353	0.5945241199478487	32.306451612903224	2.1088925654366815	3.069975186104218	2.22603550295858	0.4211212516297262	0.6584131736526948	0.9052742866784846	0.8853955806075313	0.13820078226857888	0.9188496860559802	653	302	62
8-46_de_amateur	de	13.275	1.9133709981167608	12.16502777777778	9.904598832391715	0.3691148775894539	0.054613935969868174	0.6666666666666666	0.005649717514124294	0.0	0.9	0.7771030703491331	4.2439024390243905	1.7513513513513514	0.005341159743879473	3.806888866396761e-05	0.006567193007870974	0.9152542372881356	29.24390243902439	1.9546132890524386	3.2886683209263854	2.1322033898305084	0.4048964218455744	0.6465509259259257	-1	0.8933644879162518	0.15065913370998116	0.9007977523140831	493	247	41
8-47_de_amateur	de	10.37037037037037	2.282142857142857	15.38373015873016	12.50946164021164	0.3464285714285714	0.11071428571428571	0.6821428571428572	0.0035714285714285713	0.0	0.8888888888888888	0.7461459523431448	4.357142857142857	1.77	0.004848747564285714	4.3789447407407404e-05	0.010892857142857142	0.5357142857142857	24.142857142857142	1.932754580323653	3.397360703812317	2.3509615384615383	0.4714285714285714	0.6646408839779007	-1	-1	0.125	0.8933294937799342	253	135	28
8-50_de_amateur	de	12.523809523809524	1.832699619771863	10.9201412275937	9.788258518920877	0.376425855513308	0.06844106463878327	0.6425855513307985	0.0038022813688212928	0.0	0.9047619047619048	0.7180719186029385	4.590909090909091	1.7578947368421052	0.005886602127376426	4.814605229357798e-05	0.012674271229404309	0.5817490494296578	28.727272727272727	1.9925320943932043	3.1471048513302033	2.2830188679245285	0.44106463878326996	0.6580487804878052	-1	-1	0.09885931558935361	0.8930599152317962	234	109	22
8-51_de_amateur	de	14.35483870967742	2.253932584269663	16.604791591156225	13.913511054729977	0.3438202247191011	0.12134831460674157	0.6741573033707865	0.011235955056179775	0.0022471910112359553	0.9354838709677419	0.7283809564445716	4.84375	1.773972602739726	0.004958557613258427	2.4470421658986174e-05	0.006814063066328381	0.7730337078651686	33.9375	1.9356811930410276	3.334246575342466	2.046931407942238	0.44719101123595506	0.6635549132947988	-1	0.8610036052534548	0.10112359550561797	0.8974732081319049	406	217	32
8-52_de_amateur	de	11.612903225806452	2.1805555555555554	14.669587813620073	11.930232974910393	0.4027777777777778	0.07777777777777778	0.6833333333333333	0.005555555555555556	0.005555555555555556	0.9354838709677419	0.7151314852146053	4.09375	1.7185185185185186	0.005289753463333334	3.293193275862069e-05	0.010265700483091788	0.5388888888888889	32.5	2.493696205377991	2.9053537284894837	1.9965870307167235	0.4638888888888889	0.661685823754789	-1	-1	0.09166666666666666	0.9002405730848602	327	174	32
8-53_de_amateur	de	13.102564102564102	1.9275929549902153	12.265596868884543	11.354848522254002	0.3385518590998043	0.05283757338551859	0.6712328767123288	0.007827788649706457	0.0	0.9487179487179487	0.7368833606150197	4.45	1.7790697674418605	0.0057312019776908025	4.002056392694064e-05	0.0065039714515943365	0.8414872798434442	29.45	1.8614533730158729	3.3042016806722687	2.1101928374655645	0.4461839530332681	0.679174757281553	-1	0.7849975470167005	0.136986301369863	0.9074566777733855	465	219	40
8-54_de_amateur	de	13.234375	2.0283353010625738	13.50576280253837	10.936748538961039	0.2845336481700118	0.09327036599763873	0.680047225501771	0.0070838252656434475	0.01770956316410862	0.921875	0.726583012912332	4.446153846153846	1.9274193548387097	0.005089476981345926	4.211577138888889e-05	0.004450095359186268	0.6340023612750886	31.676923076923078	2.172939417811994	3.331558567279768	2.111292962356792	0.4049586776859504	0.6808288770053477	0.7046426946450136	0.8238051866719059	0.15820543093270367	0.9068032184246516	767	360	65
8-55_de_amateur	de	9.806122448979592	1.885882761012834	10.487804335053482	10.418062688384406	0.33680194242108913	0.06659729448491156	0.670482136663198	0.0065903572667360385	0.008324661810613945	0.6666666666666666	0.6740729660111682	3.5966101694915253	1.7351738241308794	0.004452412797988207	5.103159781199351e-05	0.0016311837331608402	1.9906347554630592	24.74576271186441	2.2375649867621887	3.098755411255411	2.0714285714285716	0.29136316337148804	0.6709590517241495	0.8099266478459762	0.8856123747133714	0.1370100589663545	0.888500219824431	2549	1234	295
8-58_de_amateur	de	14.421875	1.813109425785482	11.429222474268691	9.985546600758397	0.314192849404117	0.0628385698808234	0.6608884073672806	0.008125677139761646	0.008125677139761646	0.90625	0.7221107258102385	4.458646616541353	1.7180762852404643	0.004767908653087757	5.4858616819973715e-05	0.0023248465149873603	1.6939328277356447	31.857142857142858	1.9572626932706028	3.218544600938967	2.0007315288953915	0.3179848320693391	0.6750887235260474	0.623398180606684	0.7615748413880804	0.14355362946912242	0.8904912478951333	1647	761	133
8-59_de_amateur	de	15.223684210526315	1.8729472774416596	12.448014715916848	11.128801037165083	0.34485738980121	0.07000864304235091	0.6603284356093345	0.00432152117545376	0.0025929127052722557	0.9078947368421053	0.7180060541736933	4.860759493670886	1.7710843373493976	0.005434105795332757	3.391379769874477e-05	0.0038362977452273727	1.0449438202247192	36.48101265822785	1.9733390068285264	3.0839958520566886	2.0535894843276035	0.35522904062229904	0.6400094517958419	0.744112546666605	0.798999413798442	0.12273120138288678	0.9025438954253842	1028	478	79
8-6_de_amateur	de	12.330232558139535	1.7827235005658242	10.254928004351143	10.171718618160764	0.3583553376084496	0.07468879668049792	0.6556016597510373	0.004903809883062995	0.005658242172764994	0.8232558139534883	0.7071268401382239	4.23963133640553	1.7793964620187306	0.005135760293247831	4.1321627423822715e-05	0.0018529468736937617	3.05658242172765	31.336405529953918	2.2039634875634384	3.0499419279907083	2.0753477588871716	0.27385892116182575	0.6425039184953046	0.7161041011264911	0.7701663986710138	0.08902301018483591	0.8823508350337375	2303	1083	217
8-63_de_amateur	de	13.84	1.930635838150289	12.589102890173415	11.283730080924856	0.31213872832369943	0.10982658959537572	0.653179190751445	0.017341040462427744	0.002890173410404624	0.92	0.7251491322399577	4.035714285714286	2.1636363636363636	0.004945365614450867	3.8915969032258064e-05	0.009424478512188991	0.3988439306358382	26.964285714285715	1.8178665612563385	3.3965968586387434	1.9668508287292819	0.42196531791907516	0.5887449392712547	-1	-1	0.0838150289017341	0.8663651687439109	321	155	28
8-64_de_amateur	de	13.045045045045045	1.8232044198895028	11.011379722263701	10.276987885122692	0.3287292817679558	0.08839779005524862	0.6823204419889503	0.0055248618784530384	0.006906077348066298	0.8558558558558559	0.6972210836565443	4.612612612612613	1.80083857442348	0.0049870249760359114	5.167380936037442e-05	0.002592021238430078	1.4060773480662982	32.369369369369366	2.0411166028948085	3.1297117516629713	2.0060744115413818	0.3860497237569061	0.6892142327650146	0.7939185038516005	0.9016144884948747	0.14157458563535913	0.9153914742369482	1266	641	111
8-67_de_amateur	de	14.405063291139241	1.929701230228471	12.798449200240263	11.556944859958621	0.3242530755711775	0.0852372583479789	0.6458699472759226	0.007029876977152899	0.0026362038664323375	0.9493670886075949	0.7002166465044259	4.7974683544303796	1.7894736842105263	0.005087805523022847	4.052050022026432e-05	0.0034600175746924426	1.2741652021089631	35.734177215189874	2.1975414921158727	3.1847672778561353	2.0489021956087825	0.3585237258347979	0.6416073147256965	0.7756215577771981	0.8969026346745718	0.1335676625659051	0.9057168210620141	991	454	79
8-68_de_amateur	de	14.172413793103448	1.8515815085158152	11.785903179796964	10.787985250440473	0.3236009732360097	0.0827250608272506	0.6447688564476886	0.0	0.0024330900243309003	0.9655172413793104	0.7135278796889004	4.655172413793103	1.8208955223880596	0.005646665198540146	4.6236375138121544e-05	0.009446114212108201	0.22141119221411193	34.58620689655172	2.1027060593780367	3.1618669314796426	2.0209059233449476	0.4720194647201946	0.6417948717948714	-1	-1	0.15815085158150852	0.9303231064409881	372	181	29
8-70_de_amateur	de	13.595238095238095	1.9106830122591945	12.258202401801356	10.709875123008924	0.318739054290718	0.06129597197898424	0.6392294220665499	0.0	0.005253940455341506	0.9523809523809523	0.7106622851629648	4.595238095238095	1.783068783068783	0.005657283239579685	7.102121951219512e-05	0.005099412794890285	0.5516637478108581	31.357142857142858	2.035817263485665	3.3335843373493974	2.1386861313868613	0.43782837127845886	0.6507627118644073	1.0068859222149973	0.9922628210782036	0.15236427320490367	0.9229969769883978	518	246	42
8-71_de_amateur	de	11.607142857142858	1.9907692307692308	12.42786263736264	11.151221978021978	0.3046153846153846	0.09846153846153846	0.683076923076923	0.009230769230769232	0.009230769230769232	0.8571428571428571	0.7845533518258772	3.892857142857143	1.8857142857142857	0.004765643759076923	5.240109580419581e-05	0.00832579185520362	0.2523076923076923	28.142857142857142	2.104704248749258	3.1925	2.0358565737051793	0.5353846153846153	0.6745575221238935	-1	-1	0.13846153846153847	0.9338855703783966	288	143	28
8-73_de_amateur	de	13.25925925925926	2.1089385474860336	14.46658597144631	11.326138092282227	0.31564245810055863	0.0670391061452514	0.6284916201117319	0.00558659217877095	0.0	0.8888888888888888	0.7219096467258234	4.592592592592593	1.8461538461538463	0.005212847359776536	2.9117299328859058e-05	0.009472917172698566	0.6424581005586593	33.48148148148148	2.2181663476807505	3.101098901098901	1.9547169811320755	0.3994413407821229	0.6097297297297304	-1	-1	0.11452513966480447	0.8854644970068565	320	149	27
8-74_de_amateur	de	13.8125	1.7058823529411764	9.926286764705882	8.578703393665158	0.34841628959276016	0.06334841628959276	0.6063348416289592	0.01809954751131222	0.0	0.9375	0.6410804881393118	3.789473684210526	1.96	0.005260801443438914	5.0902798947368416e-05	0.012712777418659772	0.6877828054298643	25.789473684210527	1.819824813536725	3.1615541922290387	1.9248120300751879	0.43891402714932126	0.5842622950819671	-1	-1	0.08144796380090498	0.8759534220000127	200	95	19
8-76_de_amateur	de	15.666666666666666	2.0772676371780516	15.03175811870101	11.802137439343038	0.3370660694288914	0.07950727883538634	0.6528555431131019	0.005599104143337066	0.011198208286674132	0.9649122807017544	0.6836505649863815	5.491228070175438	1.8281786941580755	0.004837906586226203	3.6010822010869565e-05	0.0046849646913636675	1.0895856662933932	42.24561403508772	2.506558345148863	3.0947063688999172	2.0796344647519582	0.3505039193729003	0.6716876574307304	0.6089790494289568	0.7313369483498385	0.12877939529675253	0.8907610546401589	788	368	57
8-77_de_amateur	de	10.444444444444445	2.125531914893617	13.564609929078017	11.997055791962177	0.3617021276595745	0.06808510638297872	0.6468085106382979	0.006382978723404255	0.010638297872340425	0.9333333333333333	0.7390902769017974	3.933333333333333	1.7469879518072289	0.004444481814893617	3.2105662561576355e-05	0.007774140752864157	0.5765957446808511	28.666666666666668	2.3596406511010506	3.1185527328714397	2.19815668202765	0.4595744680851064	0.6738814016172494	-1	0.794822467592116	0.13617021276595745	0.910237985507891	420	203	45
8-78_de_amateur	de	12.458333333333334	1.939799331103679	12.158382107023414	10.266444704570793	0.34448160535117056	0.06020066889632107	0.6254180602006689	0.0	0.010033444816053512	0.8333333333333334	0.6449708207660534	4.708333333333333	1.6525821596244132	0.004538391511371237	2.825472448979592e-05	0.006147944127483769	0.7625418060200669	32.291666666666664	2.237739478617795	3.0723431498079385	2.094069529652352	0.3862876254180602	0.6372945891783564	0.6489283699029641	0.8747619042848467	0.15551839464882944	0.8982749461090991	538	245	48
8-79_de_amateur	de	14.261904761904763	2.036727879799666	14.005531838778918	12.660809174020194	0.3806343906510851	0.08013355592654424	0.6978297161936561	0.0	0.001669449081803005	0.9047619047619048	0.7117166414604869	5.309523809523809	1.6561085972850678	0.004153531301669449	4.236759186046512e-05	0.005918955835483381	1.1886477462437395	40.666666666666664	2.412287011698039	3.0221703617269546	2.1396825396825396	0.3823038397328882	0.6509799999999998	0.8288219771031028	0.8789853801053251	0.11018363939899833	0.8937296507138112	517	258	42
8-8_de_amateur	de	11.735294117647058	1.9087719298245613	11.51027347781218	10.612344183989386	0.3408521303258145	0.07719298245614035	0.6776942355889725	0.0035087719298245615	0.006015037593984963	0.7941176470588235	0.7351956503966028	4.394117647058824	1.67	0.004949481948621554	5.248164037339557e-05	0.002253381200749622	2.156390977443609	28.876470588235293	2.1960540450740123	3.1816532258064516	2.056107539450614	0.3057644110275689	0.6707436708860859	0.6850494983887062	0.7828678279445982	0.12380952380952381	0.890104750626372	1765	857	170
8-9_de_amateur	de	11.582781456953642	1.8633504859919954	10.914820502917468	10.553304867492875	0.34762721555174386	0.06575185820468839	0.69010863350486	0.003430531732418525	0.005717552887364208	0.8211920529801324	0.7291077226484214	4.158940397350993	1.7060755336617406	0.005454426937164094	4.7678712156862744e-05	0.0025815617582341426	1.917095483133219	28.033112582781456	2.1158538659412005	3.16955098222638	2.0428571428571427	0.31675242995997716	0.6601818181818203	0.6746996493746649	0.8010951258347208	0.12121212121212122	0.8864780274148615	1584	765	151
9-101_de_amateur	de	11.866666666666667	1.8342696629213484	10.682382022471913	9.861297677902623	0.3455056179775281	0.05337078651685393	0.6853932584269663	0.0056179775280898875	0.0056179775280898875	0.9333333333333333	0.7024541550403619	4.866666666666666	1.676923076923077	0.004798430376685393	3.441697931034483e-05	0.009129213483146067	0.5056179775280899	30.366666666666667	2.1977669277088867	3.0664488017429194	2.088050314465409	0.48314606741573035	0.682140077821012	-1	-1	0.12078651685393259	0.9107578841356097	309	145	30
9-102_de_amateur	de	12.666666666666666	1.7510121457489878	10.011943319838057	9.156672334682861	0.34210526315789475	0.05060728744939271	0.6700404858299596	0.004048582995951417	0.006072874493927126	0.8974358974358975	0.6749422718987936	4.666666666666667	1.6571428571428573	0.00508801953340081	4.0554279545454545e-05	0.007444168734491315	0.7773279352226721	28.41025641025641	1.8874844897907492	3.2219227313566936	1.9478527607361964	0.4109311740890688	0.6248354430379754	-1	0.7157774541504683	0.13765182186234817	0.8906846094669907	448	220	39
9-103_de_amateur	de	13.135135135135135	1.7448559670781894	10.12200311422534	8.945659615170726	0.35390946502057613	0.05761316872427984	0.6893004115226338	0.0	0.006172839506172839	0.8648648648648649	0.6633489096535192	4.72972972972973	1.6863905325443787	0.004700185536831276	3.3824279357798165e-05	0.00888888888888889	0.5	30.783783783783782	1.905928518648233	3.132751091703057	2.0248618784530388	0.4012345679012346	0.6170801033591751	-1	0.7834081605274443	0.1522633744855967	0.889125477311181	434	218	37
9-105_de_amateur	de	12.253333333333334	1.7606093579978237	9.963990424374323	10.585998900253898	0.32426550598476606	0.06855277475516866	0.6746463547334058	0.008705114254624592	0.008705114254624592	0.9466666666666667	0.6844734858086252	4.64	1.6801346801346801	0.00447094630805223	3.255675601092896e-05	0.0041566920565832425	0.8150163220892275	33.38666666666666	2.4778301419595983	2.9709510545165143	2.0064516129032257	0.3808487486398259	0.6586707317073165	0.7254970038666207	0.8916779372819358	0.15560391730141457	0.9137663211826692	769	366	75
9-106_de_amateur	de	10.69047619047619	1.7037861915367483	8.683962774419346	8.856857418602186	0.3363028953229399	0.044543429844097995	0.6481069042316259	0.008908685968819599	0.008908685968819599	0.9523809523809523	0.7480948308028653	4.255813953488372	1.7189542483660132	0.004946606771492205	2.7985596721311473e-05	0.007572383073496659	0.755011135857461	24.302325581395348	2.0420886197339914	3.1538461538461537	2.0331491712707184	0.4209354120267261	0.6452285714285704	-1	-1	0.13808463251670378	0.9057513030764989	394	183	43
9-107_de_amateur	de	8.972972972972974	1.9066265060240963	10.407652230543796	8.295040117225659	0.3192771084337349	0.0391566265060241	0.6536144578313253	0.0	0.0030120481927710845	0.8918918918918919	0.7178922425146682	3.4594594594594597	1.6551724137931034	0.005530144155421687	3.83092301369863e-05	0.008143685854529228	0.7891566265060241	20.756756756756758	2.1096046487014317	3.1778350515463916	1.917948717948718	0.43373493975903615	0.6692703862660944	-1	-1	0.15060240963855423	0.9006803125631683	308	146	37
9-108_de_amateur	de	13.58974358974359	2.081132075471698	14.267358490566039	11.943110788582487	0.35660377358490564	0.03962264150943396	0.6566037735849056	0.0018867924528301887	0.0037735849056603774	0.8974358974358975	0.7346105309736738	4.525	1.6010928961748634	0.004831191266981133	3.223261208333334e-05	0.007358490566037735	0.730188679245283	32.2	1.92856382132351	3.2395993836671804	2.138810198300283	0.4037735849056604	0.6511136890951275	-1	0.7448029913478348	0.15283018867924528	0.88953083598296	484	240	40
9-109_de_amateur	de	8.561290322580644	1.972871137905049	11.02878265308603	11.736794388506697	0.3602110022607385	0.09645817633760362	0.7226827430293896	0.0007535795026375283	0.006028636021100226	0.7548387096774194	0.7304135610191506	3.5806451612903225	1.6695095948827292	0.004505819133383572	3.63707312e-05	0.003229626439875121	1.4626978146194423	22.270967741935483	2.2323115539981764	3.084138715179079	2.0569306930693068	0.37980406932931426	0.6800814332247609	0.7173359041516224	0.8061576292063355	0.12434061793519216	0.9063429368701286	1167	625	155
9-110_de_amateur	de	11.736842105263158	1.7219730941704037	9.306650932263398	8.722669058295963	0.33183856502242154	0.042600896860986545	0.6322869955156951	0.002242152466367713	0.002242152466367713	0.9473684210526315	0.7138322016030996	4.2631578947368425	1.6518987341772151	0.004753558905605381	3.6075125925925926e-05	0.007390798870619498	0.625560538116592	28.31578947368421	2.084546355637104	3.117863720073665	2.0060422960725077	0.45964125560538116	0.672968299711814	-1	-1	0.13901345291479822	0.922646952067077	402	189	38
9-111_de_amateur	de	10.58695652173913	1.9691991786447638	11.775463351486476	10.129307508258192	0.3490759753593429	0.039014373716632446	0.6591375770020534	0.006160164271047228	0.008213552361396304	0.8478260869565217	0.6608103919930546	4.108695652173913	1.6424242424242423	0.004566727651622177	3.319242159624413e-05	0.007293068045032926	0.6735112936344969	26.695652173913043	2.093598074754034	3.094931617055511	2.0614525139664805	0.459958932238193	0.67020618556701	-1	0.9717954886996538	0.1375770020533881	0.9107509480301305	443	213	46
9-112_de_amateur	de	14.655172413793103	1.808	11.459917241379312	10.309203651115618	0.30729411764705883	0.0743529411764706	0.6550588235294118	0.013647058823529411	0.006588235294117647	0.8620689655172413	0.7064970831067826	4.820689655172414	1.8067349926793559	0.005201548782239059	3.773919641618497e-05	0.0021560624249699883	1.679529411764706	34.90344827586207	2.1267745742298576	3.1293561724748966	1.9912935323383085	0.32188235294117645	0.6718509378084954	0.6609267330363705	0.794226178862135	0.1411764705882353	0.901051825863973	1877	865	145
9-114_de_amateur	de	13.3	1.987468671679198	13.049130325814541	11.097907869674186	0.3107769423558897	0.06766917293233082	0.6541353383458647	0.007518796992481203	0.005012531328320802	0.8	0.8194981610346632	4.566666666666666	1.6766917293233083	0.004641508209022556	3.10055081871345e-05	0.006429116268933202	0.2681704260651629	30.266666666666666	2.259135339987269	3.2960526315789473	2.0258620689655173	0.48120300751879697	0.6549666666666651	-1	-1	0.16040100250626566	0.9327313024072738	367	171	30
9-115_de_amateur	de	14.655172413793103	1.808	11.459917241379312	10.309203651115618	0.30729411764705883	0.0743529411764706	0.6550588235294118	0.013647058823529411	0.006588235294117647	0.8620689655172413	0.7064970831067826	4.820689655172414	1.8067349926793559	0.005201548782239059	3.773919641618497e-05	0.0021560624249699883	1.679529411764706	34.90344827586207	2.1267745742298576	3.1293561724748966	1.9912935323383085	0.32188235294117645	0.6718509378084954	0.6609267330363705	0.794226178862135	0.1411764705882353	0.901051825863973	1877	865	145
9-116_de_amateur	de	13.612903225806452	1.8183254344391786	11.175272384446824	10.253889425673956	0.34281200631911535	0.061611374407582936	0.6374407582938388	0.00631911532385466	0.00315955766192733	0.9247311827956989	0.7139494902074206	4.8936170212765955	1.6815144766146994	0.005471104177908373	3.762282730844794e-05	0.002676331195985503	2.014218009478673	36.180851063829785	2.3270515005716708	3.0570252792475014	2.0943536404160477	0.358609794628752	0.6637532133676077	0.6894548201211816	0.7955425279863511	0.14454976303317535	0.9141020464794152	1101	509	94
9-122_de_amateur	de	12.428571428571429	1.8620689655172413	11.229556650246305	11.76987706622879	0.30268199233716475	0.0842911877394636	0.6781609195402298	0.0	0.007662835249042145	0.9523809523809523	0.7214379587560702	4.619047619047619	1.853658536585366	0.0046561582187739465	2.8511744545454548e-05	0.012673150604185085	0.2260536398467433	33.19047619047619	2.2232748311375827	3.047008547008547	2.113970588235294	0.49808429118773945	0.618456790123457	-1	-1	0.15708812260536398	0.9156649444867072	229	110	21
9-123_de_amateur	de	12.793814432989691	1.7977437550362612	10.612963938293863	10.473456957724483	0.35052377115229655	0.05962933118452861	0.6478646253021757	0.007252215954875101	0.004834810636583401	0.865979381443299	0.6915978828242212	4.546391752577319	1.6711711711711712	0.00527581364640984	4.0562117547568707e-05	0.0030620467365028202	1.2763900080580177	35.34020618556701	2.4353344795673975	2.960978450786255	2.0651577503429355	0.39081385979049155	0.6627933450087555	0.7167471426995186	0.8319815375843688	0.13456889605157132	0.9227945678448597	1039	473	97
9-124_de_amateur	de	13.329896907216495	1.9334880123743232	12.423818339831449	11.332621871935324	0.33101314771848417	0.061871616395978345	0.6550657385924207	0.009280742459396751	0.005413766434648105	0.9381443298969072	0.70770015308599	4.525773195876289	1.7191011235955056	0.0049724419341763346	3.6111687523277466e-05	0.003043684354963451	1.0348027842227379	33.5360824742268	2.2265789581755	3.1203931203931203	1.9848628192999054	0.3843774168600155	0.6732663316582916	0.8333601689295163	0.929800012610264	0.1477184841453983	0.9156449186032751	1144	537	97
9-13_de_amateur	de	12.564245810055866	1.8372610048910627	10.989735723636326	11.29515941833863	0.33437083148065805	0.08092485549132948	0.7123165851489551	0.0031124944419742106	0.011116051578479324	0.8379888268156425	0.7173671295756945	4.622950819672131	1.5849546044098572	0.004293751785904847	6.345071275100402e-05	0.0019665470109569926	2.5304579813250334	31.005464480874316	2.144127257781242	3.1281200907662767	1.9763170613823102	0.32192085371276125	0.6898883720930343	0.6355660471792284	0.7318662851136992	0.13694975544686527	0.8957669885935425	1975	996	183
9-16_de_amateur	de	15.76	1.4873096446700507	8.1066538071066	8.27806692385787	0.31218274111675126	0.050761421319796954	0.6446700507614214	0.015228426395939087	0.015228426395939087	1.0	0.6984214751410666	4.96	1.8699186991869918	0.005977463967512691	4.8468897777777776e-05	0.008671742808798646	0.5050761421319797	38.6	2.1734439066614932	2.922440537745605	1.9258426966292135	0.44923857868020306	0.6535593220338978	-1	-1	0.14720812182741116	0.9056885612236004	322	135	25
9-19_de_amateur	de	14.576923076923077	1.912928759894459	12.66755936675462	10.189491089912728	0.30606860158311344	0.0633245382585752	0.6437994722955145	0.0	0.0079155672823219	0.9615384615384616	0.6928892565021597	4.6923076923076925	1.7521367521367521	0.005004179275461741	2.5038097368421055e-05	0.009172006533484106	0.46701846965699206	35.96153846153846	2.1252825854168567	3.144230769230769	2.066265060240964	0.41160949868073876	0.6253928571428574	-1	-1	0.1741424802110818	0.900058940153167	333	152	26
9-20_de_amateur	de	20.6	1.645631067961165	11.862446601941752	10.311358834951456	0.35436893203883496	0.05339805825242718	0.6067961165048543	0.0	0.0	1.0	0.6480673624997296	5.9	1.855072463768116	0.004842384944174757	3.0616187142857146e-05	0.015445719329214474	0.2087378640776699	51.7	2.230540293040293	2.9786821705426356	2.0231481481481484	0.5145631067961165	0.619252336448598	-1	-1	0.08737864077669903	0.9432358886906607	170	70	10
9-21_de_amateur	de	20.7	1.6642512077294687	12.12116425120773	9.93712695652174	0.2995169082125604	0.03864734299516908	0.6159420289855072	0.007246376811594203	0.00966183574879227	1.0	0.665384855036611	6.55	1.682170542635659	0.005470331366908212	4.2918887586206896e-05	0.007053140096618357	0.5217391304347826	50.35	2.097530175026155	3.1072492552135054	1.95260663507109	0.45410628019323673	0.6461904761904755	-1	-1	0.17149758454106281	0.9351435280710715	356	145	20
9-23_de_amateur	de	13.88888888888889	2.04	13.89866666666667	12.530262222222222	0.304	0.08	0.624	0.0	0.0	1.0	0.6791666666666666	5.555555555555555	1.7837837837837838	0.00465082594	2.850619090909091e-05	0.021333333333333333	0.024	35.111111111111114	2.2172733430462896	3.1577287066246056	1.9425287356321839	0.632	0.6730769230769231	-1	-1	0.184	0.9711746236755345	114	55	9
9-24_de_amateur	de	18.25	1.7191780821917808	11.813801369863015	8.734893150684933	0.3219178082191781	0.04794520547945205	0.5821917808219178	0.0	0.00684931506849315	1.0	0.6668323801782449	5.75	1.7608695652173914	0.005651015652739726	2.9635201785714284e-05	0.015753424657534244	0.2328767123287671	41.625	1.860558930316995	3.194610778443114	1.8762886597938144	0.541095890410959	0.5748936170212766	-1	-1	0.136986301369863	0.9343780133175531	134	56	8
9-28_de_amateur	de	11.790123456790123	1.8984293193717277	11.409614116734534	10.91101719345873	0.3392670157068063	0.09179755671902269	0.6865619546247819	0.0031413612565445027	0.006980802792321117	0.8271604938271605	0.7284521730805442	4.345528455284553	1.7247422680412372	0.0044343895416055846	4.142394396482814e-05	0.0017350835925841618	2.231064572425829	30.130081300813007	2.2248707710543676	3.0746548720010725	2.0382848392036754	0.2924956369982548	0.6668221258134679	0.6882798855263692	0.779061372421902	0.12425828970331589	0.8907596678401455	2508	1251	246
9-29_de_amateur	de	12.080645161290322	1.8397863818424567	10.830930918644217	11.101719652009132	0.3164218958611482	0.07476635514018691	0.6835781041388518	0.0013351134846461949	0.004005340453938585	0.9193548387096774	0.7085821236671086	4.5	1.7254098360655739	0.00483625409692924	4.324691476923077e-05	0.004874716676498897	0.7797062750333779	30.612903225806452	2.2302848735417644	3.112624410686223	2.082608695652174	0.3965287049399199	0.666646153846153	0.7187504475281086	0.8351576710511276	0.17222963951935916	0.9044375395086691	655	325	62
9-30_de_amateur	de	11.790123456790123	1.8984293193717277	11.409614116734534	10.91101719345873	0.3392670157068063	0.09179755671902269	0.6865619546247819	0.0031413612565445027	0.006980802792321117	0.8271604938271605	0.7284521730805442	4.345528455284553	1.7247422680412372	0.0044343895416055846	4.142394396482814e-05	0.0017350835925841618	2.231064572425829	30.130081300813007	2.2248707710543676	3.0746548720010725	2.0382848392036754	0.2924956369982548	0.6668221258134679	0.6882798855263692	0.779061372421902	0.12425828970331589	0.8907596678401455	2508	1251	246
9-34_de_amateur	de	9.088235294117647	1.9385113268608414	10.82884542166381	10.672627374833429	0.34951456310679613	0.05177993527508091	0.6796116504854369	0.0	0.008090614886731391	0.8088235294117647	0.7601843782599708	3.276315789473684	1.6787330316742082	0.004771196456796117	3.489446542750929e-05	0.005393743257820928	0.7847896440129449	21.05263157894737	1.955767639428752	3.1717980295566504	2.1185647425897036	0.44983818770226536	0.671136801541424	0.6774367188997672	0.7915978292489066	0.1343042071197411	0.9190221277989462	540	269	76
9-35_de_amateur	de	12.343283582089553	1.6686819830713422	8.914327997256766	9.67359749860131	0.3083434099153567	0.049576783555018135	0.652962515114873	0.012091898428053204	0.009673518742442563	0.9253731343283582	0.7133578956828064	4.264705882352941	1.762962962962963	0.005304965380290206	5.051659866220736e-05	0.004589425085192921	0.8657799274486094	29.955882352941178	2.1740681232607297	3.173679060665362	2.126611957796014	0.3978234582829504	0.6403434065934067	0.7747417983237277	0.7756814045886421	0.1354292623941959	0.9167263225105252	709	299	68
9-36_de_amateur	de	10.705882352941176	1.8296703296703296	10.17540400775695	9.401781771170008	0.2989010989010989	0.045054945054945054	0.6494505494505495	0.0032967032967032967	0.017582417582417582	0.8470588235294118	0.7455104771318725	3.764705882352941	1.7062937062937062	0.0046363483582417585	4.0275718863049094e-05	0.003486897717666948	1.0637362637362637	25.32941176470588	2.0837041378421177	3.1963048498845263	2.011904761904762	0.389010989010989	0.6764858199753373	0.6661587310838439	0.8250328801689012	0.15054945054945054	0.9119393604001836	820	387	85
9-37_de_amateur	de	11.756756756756756	1.7540229885057472	9.692606399502957	9.254522833178006	0.3471264367816092	0.052873563218390804	0.6919540229885057	0.009195402298850575	0.009195402298850575	0.918918918918919	0.7576921721483576	3.972972972972973	1.738255033557047	0.00438842395908046	3.0418657377049178e-05	0.006300553426990209	0.4574712643678161	31.0	2.182808686293341	2.9524221453287196	2.0533333333333332	0.4942528735632184	0.6919345238095238	-1	-1	0.13793103448275862	0.9252892558272566	370	183	37
9-38_de_amateur	de	13.666666666666666	1.72	10.035999999999998	9.876047154471545	0.3170731707317073	0.050731707317073174	0.6565853658536586	0.003902439024390244	0.004878048780487805	0.9466666666666667	0.7254493261847758	4.6	1.71976401179941	0.004876352720780488	2.8853660301507536e-05	0.003198720511795282	1.2195121951219512	33.52	2.135723113898204	3.1312971043236812	2.022099447513812	0.4	0.6652483801295921	0.8379897472653963	0.8579879117472903	0.14146341463414633	0.9223260978269384	894	398	75
9-39_de_amateur	de	15.041666666666666	1.8356417359187442	11.936822483841183	10.419569621421976	0.3361034164358264	0.05355493998153278	0.641735918744229	0.0018467220683287165	0.003693444136657433	0.9305555555555556	0.7114733466314941	4.945205479452055	1.7275204359673024	0.005258287096491229	3.4369255818965514e-05	0.0036357340720221606	1.3130193905817173	35.205479452054796	1.9791227348940408	3.1616905777433115	2.0323834196891193	0.34164358264081257	0.6259552845528458	0.7483862525270786	0.818469021823481	0.13204062788550322	0.8986248600495491	975	464	73
9-45_de_amateur	de	13.283333333333333	1.7867001254705144	10.67356148055207	10.458532931827687	0.33751568381430364	0.05269761606022585	0.6624843161856964	0.005018820577164366	0.006273525721455458	0.9333333333333333	0.6736862614501683	4.8	1.618705035971223	0.0054515232047678795	5.0276364423076925e-05	0.004182350480970305	1.096612296110414	35.81666666666667	2.4014221112546803	2.9791280148423005	2.024811218985976	0.39146800501882056	0.6668624641833809	0.809859560379037	0.8257218853647881	0.1656210790464241	0.9163655350350242	680	312	60
9-48_de_amateur	de	9.382882882882884	1.9159865578492559	10.677965706945546	11.093558776539382	0.36773883821411424	0.08113298127700432	0.6975516082573212	0.00048007681228996637	0.006240998559769563	0.7117117117117117	0.6844442985676873	3.7027027027027026	1.6360103626943006	0.0050681187071051365	4.1087909482758623e-05	0.002017066916753192	2.8530964954392704	24.846846846846848	2.2838630196101772	3.099233921254231	2.071189679885332	0.3197311569851176	0.6675352822580688	0.7321362438207901	0.7923989410148577	0.11185789726356217	0.8953708159564869	1814	928	222
9-51_de_amateur	de	10.456521739130435	1.841995841995842	10.223594413811806	10.560087191539367	0.36174636174636177	0.04781704781704782	0.6195426195426196	0.002079002079002079	0.004158004158004158	0.9130434782608695	0.6976074507780959	4.108695652173913	1.699421965317919	0.005273884724948026	3.225968191489362e-05	0.006415206415206416	0.9251559251559252	28.52173913043478	2.323689059248186	3.050796057619409	2.0705244122965643	0.41995841995842	0.6484293193717282	-1	-1	0.12474012474012475	0.9044688133686284	410	188	46
9-53_de_amateur	de	12.381818181818181	1.844346549192364	11.002198371378988	11.001965403817916	0.328928046989721	0.06754772393538913	0.6505139500734214	0.004405286343612335	0.010279001468428781	0.8909090909090909	0.7228426656989458	4.163636363636364	1.7659574468085106	0.005054966187958885	3.972652417582417e-05	0.005014147057770137	0.9060205580029369	31.945454545454545	2.306419259826039	3.118912797281993	2.120385232744783	0.4111600587371512	0.6580927835051544	0.923541219545695	0.9024825281775329	0.13803230543318648	0.9145065528855069	602	273	55
9-54_de_amateur	de	10.771428571428572	2.061007957559682	12.930751042061388	11.667866146267528	0.40583554376657827	0.03183023872679045	0.6392572944297082	0.005305039787798408	0.002652519893899204	0.9142857142857143	0.7082956559430893	4.305555555555555	1.5894039735099337	0.0046664805506631294	6.347348657718121e-05	0.010389036251105216	0.47480106100795755	28.805555555555557	2.086890936345249	3.0326609029779057	2.1922246220302375	0.41379310344827586	0.5938848920863313	-1	-1	0.11671087533156499	0.9036445038741641	316	149	36
9-55_de_amateur	de	9.473684210526315	1.7277777777777779	8.492514619883046	8.679805555555555	0.3333333333333333	0.05	0.6277777777777778	0.005555555555555556	0.002777777777777778	0.8947368421052632	0.7243160368160368	3.45	1.7661290322580645	0.004746762974444444	5.573809e-05	0.009090909090909092	0.49722222222222223	23.05	2.097361513149429	2.9526372443487623	2.079800498753117	0.45555555555555555	0.632452107279694	-1	-1	0.1638888888888889	0.9128259636671585	310	140	40
9-56_de_amateur	de	10.870967741935484	1.5786350148367954	7.277570594429026	9.511171800516895	0.3560830860534125	0.05637982195845697	0.655786350148368	0.0	0.002967359050445104	0.9032258064516129	0.7659714032496372	4.516129032258065	1.5826771653543308	0.0052078103753709195	2.6405711382113822e-05	0.008103172791600092	0.5489614243323442	30.161290322580644	2.589148110880591	2.90531914893617	2.0459518599562365	0.4658753709198813	0.6436974789915973	-1	-1	0.14540059347181009	0.9304167263416706	279	123	31
9-57_de_amateur	de	14.578947368421053	2.0137184115523468	13.857666730001903	12.39035451263538	0.3227436823104693	0.08014440433212996	0.6823104693140795	0.002888086642599278	0.008664259927797834	0.9578947368421052	0.7024938156113866	5.052631578947368	1.7712418300653594	0.004846201598844765	3.825231537190083e-05	0.0035413443355681623	1.1046931407942238	36.16842105263158	2.0758654609819778	3.2252539912917273	2.1362372567191845	0.3328519855595668	0.6559097978227104	0.6848130846624526	0.7700959610042718	0.14007220216606497	0.885733163827796	1234	605	95
9-58_de_amateur	de	14.578947368421053	2.0137184115523468	13.857666730001903	12.39035451263538	0.3227436823104693	0.08014440433212996	0.6823104693140795	0.002888086642599278	0.008664259927797834	0.9578947368421052	0.7024938156113866	5.052631578947368	1.7712418300653594	0.004846201598844765	3.825231537190083e-05	0.0035413443355681623	1.1046931407942238	36.16842105263158	2.0758654609819778	3.2252539912917273	2.1362372567191845	0.3328519855595668	0.6559097978227104	0.6848130846624526	0.7700959610042718	0.14007220216606497	0.885733163827796	1234	605	95
9-59_de_amateur	de	14.578947368421053	2.0137184115523468	13.857666730001903	12.39035451263538	0.3227436823104693	0.08014440433212996	0.6823104693140795	0.002888086642599278	0.008664259927797834	0.9578947368421052	0.7024938156113866	5.052631578947368	1.7712418300653594	0.004846201598844765	3.825231537190083e-05	0.0035413443355681623	1.1046931407942238	36.16842105263158	2.0758654609819778	3.2252539912917273	2.1362372567191845	0.3328519855595668	0.6559097978227104	0.6848130846624526	0.7700959610042718	0.14007220216606497	0.885733163827796	1234	605	95
9-6_de_amateur	de	10.142857142857142	1.949027498323273	11.36423876592891	12.250355868544602	0.374916163648558	0.08718980549966465	0.7075788061703555	0.004024144869215292	0.010731052984574111	0.782312925170068	0.7289668907286395	4.0272108843537415	1.6245487364620939	0.0043368262576123405	4.129001661676647e-05	0.0027519066287760925	2.432595573440644	27.523809523809526	2.296632769256815	3.052297165200391	2.0675585284280937	0.34473507712944335	0.682054597701148	0.5753509024180948	0.6919459115131416	0.10194500335345406	0.8901758372967379	1290	668	147
9-60_de_amateur	de	14.578947368421053	2.0137184115523468	13.857666730001903	12.39035451263538	0.3227436823104693	0.08014440433212996	0.6823104693140795	0.002888086642599278	0.008664259927797834	0.9578947368421052	0.7024938156113866	5.052631578947368	1.7712418300653594	0.004846201598844765	3.825231537190083e-05	0.0035413443355681623	1.1046931407942238	36.16842105263158	2.0758654609819778	3.2252539912917273	2.1362372567191845	0.3328519855595668	0.6559097978227104	0.6848130846624526	0.7700959610042718	0.14007220216606497	0.885733163827796	1234	605	95
9-61_de_amateur	de	12.647058823529411	1.7767441860465116	10.30793433652531	10.130378932968535	0.3813953488372093	0.05116279069767442	0.6883720930232559	0.0	0.0	1.0	0.6742897901004861	5.0	1.6282051282051282	0.005286087347906977	2.004918024691358e-05	0.012262156448202959	0.21395348837209302	34.470588235294116	2.2829159776664785	2.935374149659864	2.12	0.6	0.6993103448275865	-1	-1	0.10232558139534884	0.946394630357186	180	81	17
9-62_de_amateur	de	12.981818181818182	1.9565826330532212	12.560584160937104	12.354257478991597	0.36694677871148457	0.05322128851540616	0.6876750700280112	0.011204481792717087	0.0056022408963585435	0.9454545454545454	0.7284486452030754	4.655172413793103	1.7593360995850622	0.0045634181289915966	3.5512534146341464e-05	0.005633364456893868	0.9187675070028011	31.56896551724138	2.1664628306689884	3.0907608695652176	2.073855243722304	0.39215686274509803	0.6592682926829257	0.9184617120747545	0.8440680499593912	0.13165266106442577	0.9032606859548913	594	287	58
9-63_de_amateur	de	14.578947368421053	2.0137184115523468	13.857666730001903	12.39035451263538	0.3227436823104693	0.08014440433212996	0.6823104693140795	0.002888086642599278	0.008664259927797834	0.9578947368421052	0.7024938156113866	5.052631578947368	1.7712418300653594	0.004846201598844765	3.825231537190083e-05	0.0035413443355681623	1.1046931407942238	36.16842105263158	2.0758654609819778	3.2252539912917273	2.1362372567191845	0.3328519855595668	0.6559097978227104	0.6848130846624526	0.7700959610042718	0.14007220216606497	0.885733163827796	1234	605	95
9-64_de_amateur	de	14.578947368421053	2.0137184115523468	13.857666730001903	12.39035451263538	0.3227436823104693	0.08014440433212996	0.6823104693140795	0.002888086642599278	0.008664259927797834	0.9578947368421052	0.7024938156113866	5.052631578947368	1.7712418300653594	0.004846201598844765	3.825231537190083e-05	0.0035413443355681623	1.1046931407942238	36.16842105263158	2.0758654609819778	3.2252539912917273	2.1362372567191845	0.3328519855595668	0.6559097978227104	0.6848130846624526	0.7700959610042718	0.14007220216606497	0.885733163827796	1234	605	95
9-67_de_amateur	de	13.425	1.596523898199876	8.484731998758537	9.01661220360025	0.30291744258224707	0.045934202358783364	0.6734947237740534	0.004965859714463066	0.008069522036002483	0.7916666666666666	0.67760144425117	4.583333333333333	1.6719367588932805	0.00474760341185599	5.0891427213114756e-05	0.0026561575216895467	1.6157666045934203	33.275	2.0559727019891407	3.0414481897627965	1.967876264128495	0.2905027932960894	0.6303835978835991	0.5651065087997115	0.6830610773746122	0.18994413407821228	0.879698008300654	1363	610	120
9-7_de_amateur	de	7.951515151515151	1.9314024390243902	10.301639689578717	10.211978089430895	0.3567073170731707	0.07926829268292683	0.7088414634146342	0.003048780487804878	0.012957317073170731	0.696969696969697	0.7446657904935388	3.3652694610778444	1.6448202959830867	0.0044175356721036585	4.155424621451104e-05	0.003048780487804878	1.8498475609756098	19.5748502994012	2.1377092736175656	3.1794487717195925	2.121748178980229	0.3643292682926829	0.668829348722175	0.7504462292755083	0.8271698115278118	0.12271341463414634	0.901129326960012	1193	634	167
9-71_de_amateur	de	13.0	1.9766899766899766	12.804941724941724	11.980732867132868	0.3321678321678322	0.07226107226107226	0.7016317016317016	0.0034965034965034965	0.008158508158508158	0.8636363636363636	0.7073912187338596	4.787878787878788	1.6480836236933798	0.00399873267960373	4.0211548849104855e-05	0.004114932686361258	1.0501165501165501	32.09090909090909	2.056776359887776	3.1758087201125176	1.9832572298325724	0.4149184149184149	0.6833465085639017	0.722412599115979	0.8504045290877434	0.15151515151515152	0.9096350548908033	761	391	66
9-72_de_amateur	de	11.857142857142858	1.6104417670682731	8.03749856569134	9.316992197360873	0.3253012048192771	0.04417670682730924	0.6465863453815262	0.024096385542168676	0.0	1.0	0.7618887278871798	4.5	1.7011494252873562	0.005957580959437751	5.341967625e-05	0.013654618473895581	0.14056224899598393	32.04545454545455	2.415361468827959	2.8901408450704227	2.0628415300546448	0.5502008032128514	0.6780000000000009	-1	-1	0.1606425702811245	0.9595315067508454	202	80	22
9-73_de_amateur	de	14.383647798742139	1.8858766943594227	12.272967634950625	10.637304897520304	0.30476606908613907	0.0765194578049847	0.6633143856580673	0.009182334936598164	0.006996064713598601	0.9119496855345912	0.7047356790442179	4.732919254658385	1.8085106382978724	0.005055529993922169	3.891007258064516e-05	0.001710537822474858	2.1875819851333627	36.27950310559006	2.221564672452629	3.1238922972051806	2.07196261682243	0.3183209444687363	0.677536563071307	0.7374735296849452	0.8812815160175587	0.14997813729777001	0.9023189371341769	1997	930	161
9-74_de_amateur	de	14.981308411214954	1.9276356830941983	12.998811340885375	11.708602152506106	0.3006862133499688	0.06924516531503432	0.6568933250155957	0.0037429819089207735	0.006238303181534623	0.9439252336448598	0.7010819498975935	5.027522935779817	1.8303393213572854	0.005213274906550218	3.4970261119751166e-05	0.002464129756706176	1.5308796007485963	38.8348623853211	2.2614518691440515	3.1614043355325165	2.091549295774648	0.33312538989394885	0.6668351063829846	0.698924534875642	0.8022408689551238	0.16469120399251402	0.8982388637559058	1408	643	109
9-75_de_amateur	de	12.88888888888889	1.9482758620689655	12.426321839080462	11.25726360153257	0.3293103448275862	0.06206896551724138	0.6948275862068966	0.0017241379310344827	0.013793103448275862	0.8666666666666667	0.6844529134648588	4.888888888888889	1.528497409326425	0.004245152658275862	3.758920843881856e-05	0.005788177339901478	0.3793103448275862	32.0	2.1478711169593185	3.2403314917127073	2.097107438016529	0.44310344827586207	0.6718503118503105	0.6178543408631757	0.9675701012439708	0.16379310344827586	0.928148865272037	516	237	45
9-79_de_amateur	de	11.62	2.0843373493975905	13.53698072289157	11.373612709122204	0.33907056798623064	0.05679862306368331	0.6712564543889845	0.0068846815834767644	0.013769363166953529	0.92	0.7255776621863846	4.42	1.641025641025641	0.004537818812564544	5.397448427419355e-05	0.006496030203764367	0.693631669535284	29.94	2.214767492605573	3.2284196547144752	2.0918163672654693	0.4475043029259897	0.697323651452282	0.8487794220719478	0.789671915993977	0.16006884681583478	0.9075924504195492	510	248	50
9-8_de_amateur	de	13.76	1.7122093023255813	9.980469767441864	10.257808627906977	0.31976744186046513	0.05813953488372093	0.7020348837209303	0.0	0.0188953488372093	0.94	0.7265884087516938	4.86	1.6331877729257642	0.004517455044912791	5.162712640845071e-05	0.008236434108527133	0.36627906976744184	33.58	2.052208841067737	3.158081705150977	1.9778481012658229	0.4113372093023256	0.6754499151103568	0.6760238359746724	0.7834960137332148	0.15261627906976744	0.9122526280408784	606	284	50
9-81_de_amateur	de	11.441176470588236	1.9717223650385605	12.138382730984425	11.494687070920916	0.36118251928020567	0.06812339331619537	0.7223650385604113	0.008997429305912597	0.016709511568123392	0.8676470588235294	0.740811172996246	4.5	1.5197132616487454	0.0041481812562982005	4.5740008516483524e-05	0.004188458469993795	1.2596401028277635	27.0	1.962074558488499	3.330627705627706	2.041198501872659	0.41773778920308485	0.7001767304860088	0.8266225785832191	0.8744027769532695	0.14267352185089974	0.9018112996897993	700	364	68
9-82_de_amateur	de	10.0625	1.777284826974268	9.306335958296366	10.308603504880216	0.37267080745341613	0.064773735581189	0.6690328305235137	0.001774622892635315	0.00709849157054126	0.7767857142857143	0.7149324884789614	3.857142857142857	1.7146341463414634	0.004917897292014197	3.175542760084926e-05	0.0032494784047579083	1.557231588287489	26.375	2.1008745970608205	3.04736490993996	2.0602928509905256	0.38331854480922806	0.6558073929961084	0.8392578911367837	0.8944842766460563	0.1233362910381544	0.9160819929894399	972	471	112
9-83_de_amateur	de	11.8	1.7777777777777777	9.989777777777778	10.91504097928437	0.3258003766478343	0.0847457627118644	0.696798493408663	0.005649717514124294	0.0	0.9111111111111111	0.7815824233278722	4.266666666666667	1.6772486772486772	0.0050801250455743885	3.7373602702702703e-05	0.006179378531073446	0.7175141242937854	30.844444444444445	2.3417824788997446	3.0888252148997135	2.0445205479452055	0.4500941619585687	0.6797222222222224	-1	0.9199801104701881	0.1318267419962335	0.9172909480454366	457	222	45
9-84_de_amateur	de	14.17142857142857	1.878024193548387	12.09754262672811	11.755309631336404	0.3346774193548387	0.04536290322580645	0.686491935483871	0.010080645161290322	0.012096774193548387	0.9571428571428572	0.725476717438892	4.581081081081081	1.6646525679758308	0.004993511978830645	4.650451121495327e-05	0.0046169354838709676	0.9546370967741935	34.33783783783784	2.169057061055721	3.1687598116169546	2.1829405162738498	0.3558467741935484	0.6706270996640532	0.6442047372223902	0.7000549541605519	0.1693548387096774	0.8777045493516443	872	428	74
9-85_de_amateur	de	12.428571428571429	1.6398467432950192	8.607334428024085	9.87162993979201	0.33524904214559387	0.07471264367816093	0.685823754789272	0.011494252873563218	0.009578544061302681	0.9047619047619048	0.6965001052388494	4.369047619047619	1.6843575418994414	0.004785680864559387	5.6683884673366837e-05	0.003587258658252573	0.7806513409961686	31.88095238095238	2.2163690769020055	3.0279017857142856	1.9370015948963317	0.41954022988505746	0.7039365079365132	0.7185533743425437	0.8670972530284056	0.14272030651340997	0.9282339617513584	859	398	84
9-86_de_amateur	de	13.125	1.880952380952381	11.723988095238095	11.21502380952381	0.3333333333333333	0.0761904761904762	0.6452380952380953	0.002380952380952381	0.004761904761904762	0.9375	0.6517396499767691	5.125	1.7006802721088434	0.0055123265528571426	3.725679827586207e-05	0.007341269841269842	0.530952380952381	35.0	2.3206669614194286	3.024800708591674	2.066666666666667	0.45476190476190476	0.6728660436137054	-1	-1	0.1523809523809524	0.9247205830865984	367	174	32
9-87_de_amateur	de	14.522727272727273	1.8028169014084507	11.347103072983355	11.60701846635368	0.3427230046948357	0.07355242566510173	0.6917057902973396	0.010954616588419406	0.00782472613458529	1.0	0.7199371662786929	4.613636363636363	1.7136363636363636	0.004480220666510173	4.196089764705882e-05	0.005752231104343781	0.8184663536776213	37.52272727272727	2.1731219958901806	3.1027811366384523	1.9985294117647059	0.41784037558685444	0.7027222222222235	0.5387266918933229	0.7076686049997778	0.14553990610328638	0.8968736568969511	534	255	44
9-88_de_amateur	de	12.5	1.79	10.407000000000004	11.191825000000001	0.3325	0.08	0.675	0.0025	0.0	0.90625	0.7247823808070488	4.40625	1.7591240875912408	0.00490305050625	3.460122359550562e-05	0.00875	0.415	30.90625	2.043823093988694	3.1485943775100402	2.141274238227147	0.4675	0.6619933554817272	-1	-1	0.16	0.8962919531595601	354	178	32
9-89_de_amateur	de	10.555555555555555	1.8736842105263158	10.636140350877195	10.78275730994152	0.38421052631578945	0.05	0.6842105263157895	0.010526315789473684	0.0	0.8611111111111112	0.7725508582495881	4.083333333333333	1.6323529411764706	0.004378548343421052	3.7266603932584266e-05	0.008771929824561403	0.5868421052631579	25.88888888888889	1.962828094349589	3.102972399150743	1.9623287671232876	0.4921052631578947	0.6792882562277572	-1	-1	0.14473684210526316	0.9156947761926083	339	178	36
9-91_de_amateur	de	12.621621621621621	2.0481798715203428	13.500954916372478	12.404243058047342	0.38329764453961457	0.06209850107066381	0.7002141327623126	0.009635974304068522	0.0053533190578158455	0.9459459459459459	0.7458924991373099	4.45945945945946	1.6466876971608833	0.0038645448937901497	4.563623813747228e-05	0.004014989293361884	0.7740899357601713	31.72972972972973	2.1143736927401173	3.2514868309260834	2.0910224438902745	0.4271948608137045	0.6905748502994025	0.7755900501084863	0.8917209773041959	0.12740899357601712	0.904762928498507	818	451	74
9-92_de_amateur	de	11.435820895522388	2.018533020099191	12.688659786424186	11.998533623347631	0.379796397807361	0.06708431219002871	0.7110415035238841	0.006003654398329418	0.009397024275646046	0.8417910447761194	0.7178906966669175	4.276785714285714	1.6221570066030815	0.004296481653197599	3.2947020367278795e-05	0.001297957991182507	4.0621247716001045	30.720238095238095	2.2329447478289075	3.071758813330765	2.0654761904761907	0.2837379274340903	0.7064630225080392	0.6298157124154493	0.6969598291384896	0.139389193422083	0.8816068012366634	3362	1797	336
9-93_de_amateur	de	12.919003115264797	2.049674463467567	13.634569883870562	12.946400460491274	0.35013262599469497	0.07909332047263082	0.7087050880154329	0.007957559681697613	0.011815770436460092	0.8473520249221184	0.7388657691534172	4.468944099378882	1.6804195804195805	0.004433707255119363	3.1940137794040774e-05	0.0011189214767342022	3.8333735230286954	34.04037267080745	2.1944000169893907	3.1082137016172995	2.037889039242219	0.27152158186640946	0.6956595849802396	0.6856533452005332	0.7298123113648352	0.13793103448275862	0.881444933608369	3631	1913	322
9-94_de_amateur	de	11.8	2.0271186440677966	12.932000000000002	10.920841355932202	0.31864406779661014	0.05254237288135593	0.6474576271186441	0.005084745762711864	0.006779661016949152	0.84	0.7057305246999664	4.115384615384615	1.6878048780487804	0.004341922255084746	5.1775277631578946e-05	0.0065609622744669215	0.6	28.673076923076923	2.0971449303595935	3.1566666666666667	2.147403685092127	0.411864406779661	0.6592871690427694	0.5797540025547387	0.9332977151248181	0.15932203389830507	0.9088524235435257	511	228	52
9-95_de_amateur	de	8.928571428571429	2.064	12.247342857142861	11.727457142857144	0.336	0.056	0.68	0.024	0.0	1.0	0.7717116217116218	3.5625	1.565217391304348	0.00460794806	3.71894e-05	0.028800000000000003	0.032	21.333333333333332	1.881930291930292	3.196261682242991	2.0594059405940595	0.608	0.6453846153846156	-1	-1	0.16	0.9164117169201275	111	56	16
9-96_de_amateur	de	13.54054054054054	1.8782435129740518	11.854084263904621	10.476702929276584	0.32435129740518964	0.04790419161676647	0.6526946107784432	0.010978043912175649	0.010978043912175649	0.9054054054054054	0.7050013968950248	4.5131578947368425	1.6588235294117648	0.004602875368363273	3.7259268780487806e-05	0.004231536926147705	0.9341317365269461	34.0921052631579	2.881866374679909	3.1396153846153845	2.2412327311370883	0.3712574850299401	0.6814507198228128	0.7375540245421709	0.8437401165313331	0.14570858283433133	0.8942414918246924	885	410	76
9-97_de_amateur	de	14.78640776699029	1.928430728824688	12.932181629257531	10.699539512586934	0.31713722915298753	0.05975049244911359	0.6717005909389363	0.011162179908076166	0.011818778726198293	0.912621359223301	0.7069765659160167	5.077669902912621	1.732943469785575	0.004940874682140512	5.089148653250775e-05	0.0028258683311585225	1.5068942875902824	36.13592233009709	2.6792820040228342	3.2648793565683647	2.152627189324437	0.3230466185160867	0.6661165730337089	0.6870827156781318	0.7866086049497676	0.15758371634931057	0.8919208700186483	1367	646	103
