article_id	language	avg_sentence_length	avg_syllable_length	fkgl	wstf	noun_ratio	adjective_ratio	function_word_ratio	numbers_ratio	negations_ratio	grammar_frequency	adjacent_sent_edit_distance	dep_tree_depth	noun_phrase_complexity	word_freq	word_freq_filtered	lexical_chain_lens	crossing_lexical_chains	bpe_sentence_length	avg_bpe_length	bpe_char_ratio	bpe_char_ratio_lex	type_token_ratio	mattr	heaps_law_beta	heaps_law_beta_lex	verb_ratio	herdans_c	text_length	text_length_lex	text_length_sentences
776_en	en	12.804232804232804	1.647107438016529	8.839518562245836	7.202706567842933	0.3466942148760331	0.10537190082644628	0.6136363636363636	0.007851239669421488	0.006611570247933884	0.9682539682539683	0.6846716826774536	4.455026455026455	1.9985507246376812	0.006828626311999173	0.00011659076294339621	0.002436219906575638	1.8834710743801653	15.91005291005291	1.031540189751654	5.204823257350512	2.1973434535104364	0.27231404958677685	0.6850107712193158	0.7213072594556234	0.8114479522746598	0.1797520661157025	0.8751456870222878	2390	1325	189
986_en	en	12.352941176470589	1.5333333333333334	7.320980392156866	5.284715336134452	0.29583333333333334	0.08214285714285714	0.5761904761904761	0.02142857142857143	0.009523809523809525	0.9852941176470589	0.7441771676436841	3.9338235294117645	1.8814655172413792	0.008179658764214285	0.00015164348406862747	0.0031111111111111114	1.2875	15.669117647058824	1.0770272775348397	4.755949603359776	2.1538461538461537	0.28214285714285714	0.6813345983554723	0.7113421528016447	0.8537494016248536	0.1875	0.8766963780255652	1660	816	136
1463_en	en	14.0	1.572704081632653	8.427908163265307	5.766386734693878	0.2997448979591837	0.09183673469387756	0.5835459183673469	0.021045918367346938	0.01594387755102041	0.9821428571428571	0.7113094757878818	4.428571428571429	1.9405034324942791	0.007338734272321428	0.00011678576295336788	0.0036401098901098898	1.0331632653061225	17.375	1.0612806809941815	4.9106776180698155	1.9853372434017595	0.27614795918367346	0.656596324029953	0.7563072419178668	0.8925659320330862	0.20153061224489796	0.8632585726429227	1534	772	112
104_en	en	13.827956989247312	1.56298600311042	8.24613806250941	6.043091951370424	0.28615863141524106	0.1119751166407465	0.6003110419906688	0.006220839813374806	0.006998444790046656	0.967741935483871	0.7112713112235929	4.161290322580645	2.0714285714285716	0.006983857643312597	8.259115858433735e-05	0.004108101763549399	0.6827371695178849	16.602150537634408	1.0169088690051102	5.050771208226221	2.2348178137651824	0.3001555209953344	0.6408930075821389	0.7896123404113674	0.9225407814893618	0.19284603421461896	0.871988405207825	1265	664	93
1403_en	en	12.84	1.6573208722741433	8.97398629283489	6.738140834890967	0.37487019730010385	0.09241952232606439	0.6074766355140186	0.005192107995846314	0.005192107995846314	0.92	0.6838042890229684	4.093333333333334	1.9466666666666668	0.007236654160747664	8.094591582867783e-05	0.005116586424997641	1.2149532710280373	15.48	0.9959035123040739	5.103829787234043	2.2457142857142856	0.3343717549325026	0.6594560185185179	0.6504674320741934	0.7496049468336852	0.16614745586708204	0.8770967892881226	954	537	75
734_en	en	14.223684210526315	1.5522664199814986	8.273980597886947	6.320535800185015	0.27104532839962997	0.09343200740055504	0.57631822386679	0.005550416281221091	0.009250693802035153	0.9605263157894737	0.7330869047122917	4.447368421052632	1.9818840579710144	0.0070314150173357995	0.00013708021106719368	0.004669397823884411	0.5365402405180388	19.13157894736842	1.1542383857619676	4.6137457044673535	2.210526315789474	0.31174838112858466	0.6654175152749497	0.7429948050447932	0.9354373462196642	0.19148936170212766	0.876140526444853	1065	506	76
782_en	en	12.709090909090909	1.5350500715307582	7.480136298608404	5.5295594277539335	0.2854077253218884	0.11802575107296137	0.586552217453505	0.008583690987124463	0.006437768240343348	0.9727272727272728	0.6873718762064581	4.090909090909091	1.9921259842519685	0.008154760520600858	6.181809151599443e-05	0.004045187706575896	0.9313304721030042	16.227272727272727	1.0838443365931028	4.855160932297447	2.2095588235294117	0.265379113018598	0.6345342571208595	0.6681340881638574	0.7885346542726832	0.17954220314735336	0.8549917975370379	1383	719	110
353_en	en	11.391666666666667	1.731528895391368	9.284790965618143	8.194741531333822	0.3218727139722019	0.09948792977322604	0.6057059253840527	0.008778346744696415	0.009509875640087784	0.8833333333333333	0.7154795237937024	3.8925619834710745	1.886138613861386	0.006569685671104608	9.80734263083451e-05	0.0032715597821669513	1.3211411850768104	14.256198347107437	1.0464352258708678	5.139908256880734	2.3917197452229297	0.3218727139722019	0.706593059936912	0.7537696171572483	0.8857205285650674	0.1916605705925384	0.8852484900231379	1352	707	121
440_en	en	12.43157894736842	1.5266723116003387	7.273049066357682	4.730037561388654	0.3048264182895851	0.0846740050804403	0.6045723962743438	0.0059271803556308214	0.010160880609652836	0.968421052631579	0.7428633403389678	3.9368421052631577	1.9449838187702266	0.006535699693480101	0.00013111115497553018	0.004297605163516687	0.8518204911092294	15.452631578947368	1.0644637153174872	4.945689069925322	2.294642857142857	0.32345469940728194	0.6865434380776408	0.7407970893940982	0.9026077981275965	0.21083827265029637	0.8790255972123467	1167	613	95
1535_en	en	14.0	1.53125	7.938750000000002	6.104264285714287	0.32767857142857143	0.08392857142857142	0.5741071428571428	0.022321428571428572	0.008928571428571428	0.9875	0.7247081854131332	4.8375	1.8761329305135952	0.00782425489719643	0.00011825538244680851	0.003943452380952381	1.0696428571428571	17.7125	1.0736719030049127	4.840253342716397	2.0522388059701493	0.33035714285714285	0.6587561214495581	0.8437816254611583	0.941543720443456	0.18125	0.884886197299792	1092	564	80
1289_en	en	13.703296703296703	1.6335204490777866	9.029827013403597	7.23487605241591	0.2983159582999198	0.1090617481956696	0.5821972734562951	0.007217321571772253	0.011226944667201283	0.9560439560439561	0.6878770862186419	4.241758241758242	1.7936507936507937	0.008326274894947874	6.897635147744945e-05	0.00389321468298109	1.1475541299117884	17.021978021978022	1.028912832830676	5.030012771392082	2.1607142857142856	0.3111467522052927	0.6583710801393755	0.7597636111030907	0.863140529155804	0.1908580593424218	0.8815830477816577	1230	643	91
509_en	en	12.729885057471265	1.674943566591422	9.138989258192574	6.603495472354116	0.3241534988713318	0.12866817155756208	0.6081264108352145	0.008126410835214447	0.007223476297968397	0.9425287356321839	0.7131430113818648	4.394285714285714	1.9890453834115807	0.007388268139521445	0.00010604856744186047	0.0024809201332903364	1.7051918735891647	15.125714285714286	1.0001725500836234	5.2712308267863826	2.26046511627907	0.26275395033860044	0.6572117202268536	0.662291695732611	0.7835905029946494	0.16027088036117382	0.8661828780665582	2197	1204	175
1496_en	en	12.264	1.6810176125244618	9.028967827788648	7.510635385779516	0.3287671232876712	0.09915198956294846	0.5746901500326158	0.003913894324853229	0.006523157208088715	0.936	0.7108654594782646	4.04	1.990950226244344	0.008303573205870841	9.159766450809464e-05	0.0035318236883794614	1.157208088714938	16.104	1.1261014069377406	4.873343151693667	2.2618181818181817	0.30463144161774297	0.655278940027893	0.7249188561060076	0.8368653852609025	0.15459882583170254	0.8821149005868133	1527	803	125
1505_en	en	13.64	1.6170087976539589	8.810303812316718	6.338540551319648	0.32199413489736073	0.10557184750733138	0.6105571847507332	0.012316715542521995	0.00997067448680352	0.968	0.6946875607727572	4.272	2.0670859538784065	0.008142572163870968	0.0001070358953539823	0.003293480712835551	1.3665689149560116	16.528	0.9913556713399789	5.125060125060125	2.154450261780105	0.28035190615835776	0.6912826899128302	0.698346255963567	0.7551568706527387	0.1747800586510264	0.8622659100705904	1682	904	125
368_en	en	11.60344827586207	1.598068350668648	7.792551365476253	5.8157874878311215	0.2919762258543834	0.12109955423476969	0.6040118870728083	0.011144130757800892	0.01263001485884101	0.9568965517241379	0.7386268439528333	3.9482758620689653	1.9513513513513514	0.007472465786478455	0.00011133243773049645	0.0038784093484775985	0.9286775631500743	14.46551724137931	1.0303139969528965	4.896080760095012	2.219269102990033	0.2919762258543834	0.6564234161988771	0.7774619306450046	0.8977944424427625	0.19687964338781574	0.8666374419053758	1330	705	116
521_en	en	13.547169811320755	1.6037604456824512	8.61776948546802	6.7140074052662015	0.30292479108635095	0.1149025069637883	0.5926183844011143	0.002785515320334262	0.009749303621169917	0.9433962264150944	0.7016365771911621	4.377358490566038	1.9738903394255876	0.006764641065181058	0.00014011680652173912	0.0035768548999746772	1.0745125348189415	17.29245283018868	1.0842852760703563	4.9317443120260025	2.231075697211155	0.282033426183844	0.6629394166043328	0.7114470366742552	0.8554145697724689	0.18523676880222842	0.8699898480308313	1426	736	106
1607_en	en	12.796610169491526	1.6509933774834438	8.882399820406334	6.867970703782693	0.3211920529801324	0.11589403973509933	0.6172185430463576	0.012582781456953643	0.005960264900662252	0.9915254237288136	0.7123182746512399	4.516949152542373	1.828125	0.0061297276126	0.00011231055790754258	0.003608791630674729	1.1622516556291391	16.39830508474576	1.1021952992945894	4.92754367934224	2.155234657039711	0.29205298013245035	0.6886534372785293	0.7957637178183887	0.9205372540408568	0.1880794701986755	0.8706451789070497	1493	822	118
533_en	en	14.125	1.6061946902654867	8.871847345132743	6.4741247787610625	0.2867256637168142	0.13893805309734514	0.6070796460176991	0.010619469026548672	0.01327433628318584	0.975	0.7191950427821228	4.2625	1.8152866242038217	0.005932656444424779	0.00013047176444444444	0.0035398230088495575	0.9212389380530973	17.8	1.089309093272647	4.984550561797753	2.161290322580645	0.3380530973451327	0.696964112512121	0.9160522790909261	0.9804025575476016	0.1929203539823009	0.885475638850982	1112	585	80
647_en	en	14.0	1.7372134038800706	10.369118165784837	8.334428747795414	0.3218694885361552	0.11199294532627865	0.5961199294532628	0.004409171075837742	0.007054673721340388	1.0	0.7005814633340198	4.666666666666667	1.9440242057488653	0.007324438573430334	0.0001065125067489712	0.001956132247137538	2.2253086419753085	17.11111111111111	1.0238383877952435	5.333692528735632	2.2437357630979498	0.2808641975308642	0.6755555555555633	0.6722846427672486	0.7864177857344307	0.17945326278659612	0.8823936806760635	2242	1215	162
1253_en	en	15.666666666666666	1.565081351689612	8.987959949937423	5.941882186065916	0.2872340425531915	0.10012515644555695	0.5550688360450563	0.005632040050062578	0.0050062578222778474	0.9803921568627451	0.7070276525461437	4.549019607843137	2.0956719817767655	0.009056344958823528	8.114390583850932e-05	0.0029370045890696707	1.216520650813517	19.794117647058822	1.0929176239587288	4.728480078701426	2.1868512110726646	0.2809762202753442	0.6466044029352908	0.7830303418380781	0.8942288331620075	0.18085106382978725	0.8772134612920879	1590	805	102
704_en	en	15.095890410958905	1.4600725952813067	7.526253884593391	4.958624528254978	0.24319419237749546	0.11433756805807622	0.542649727767695	0.009074410163339383	0.019963702359346643	0.9726027397260274	0.7305089990965282	4.232876712328767	1.9434628975265018	0.008129669651088928	0.00011391049595959595	0.004214559386973181	0.7196007259528131	18.643835616438356	1.0685920211627884	4.693548387096774	2.283333333333333	0.2912885662431942	0.6633399800598191	0.7370514899266029	0.8426330536401987	0.19056261343012704	0.8729228753222457	1093	495	73
260_en	en	12.825242718446601	1.651778955336866	8.902836333169194	6.911583459132901	0.27630582891748673	0.11960635881907646	0.5722937168811506	0.002271006813020439	0.00757002271006813	0.970873786407767	0.7233664959582959	3.9902912621359223	1.7622739018087856	0.006915853186146858	0.00012987723757668711	0.0036522039390679576	0.9227857683573051	16.844660194174757	1.1624623245232029	4.909405654933641	2.3189655172413794	0.3012869038607116	0.6848117839607203	0.6827604764652561	0.8159422471240022	0.20590461771385316	0.8817428261342938	1312	652	103
806_en	en	11.007518796992482	1.709016393442623	8.869325773450022	7.95691206088993	0.31898907103825136	0.0942622950819672	0.5901639344262295	0.015027322404371584	0.007513661202185792	0.9323308270676691	0.7173640309742864	3.9473684210526314	1.799554565701559	0.00795574030170765	9.229818402597403e-05	0.00351135587431694	0.9842896174863388	15.578947368421053	1.1839708173557568	4.602288984263233	2.1700879765395893	0.32581967213114754	0.6581318681318695	0.7595038505563905	0.8678344708715848	0.19603825136612021	0.890137594140897	1443	770	133
1469_en	en	13.932584269662922	1.7048387096774194	9.960804639362088	8.665302283436029	0.3233870967741935	0.10806451612903226	0.6056451612903225	0.01129032258064516	0.00967741935483871	0.9887640449438202	0.7114490871770275	4.561797752808989	2.0623229461756374	0.007496048626612903	0.00011871847142857142	0.004614695340501792	0.9330645161290323	17.95505617977528	1.0946085042047466	5.12398753894081	2.07719298245614	0.3185483870967742	0.6924802804557431	0.6853310105260263	0.776372889202393	0.1620967741935484	0.8812316960991512	1206	630	89
263_en	en	14.578947368421053	1.4963898916967509	7.753190195705869	5.17183285198556	0.2779783393501805	0.09657039711191336	0.5685920577617328	0.005415162454873646	0.007220216606498195	0.9605263157894737	0.738894025795592	4.2368421052631575	1.9066666666666667	0.007713089251083033	0.00012785964916820703	0.00435218612113919	0.6859205776173285	18.013157894736842	1.043078965617959	4.812408759124088	2.242574257425743	0.33844765342960287	0.6974727452923717	0.752506448477438	0.8543947563638303	0.19855595667870035	0.8907402824944922	1103	541	76
1115_en	en	13.110169491525424	1.5404007756948934	7.69969525489466	5.545009996384473	0.30058177117000645	0.10730446024563671	0.5804783451842276	0.00904977375565611	0.005171299288946348	0.9152542372881356	0.6962224994564908	4.135593220338983	2.100244498777506	0.007679870426037492	0.00010444171142490371	0.003555268261150614	0.9566903684550744	16.78813559322034	1.095101562881858	4.745264207377867	2.3354037267080745	0.29217840982546867	0.6518301104972424	0.7070273910825702	0.8371339316488096	0.17647058823529413	0.8767979516625253	1532	779	118
1742_en	en	12.008928571428571	1.61635687732342	8.1664932952735	6.548699548592671	0.32118959107806694	0.13234200743494423	0.6260223048327137	0.01486988847583643	0.008921933085501859	0.9375	0.7333641061198607	4.089285714285714	2.053050397877984	0.006802920074572491	0.0001189410699197861	0.0030742241343302288	2.004460966542751	14.330357142857142	0.9554981139504098	5.224053724053724	2.2483870967741937	0.2795539033457249	0.6765971107544169	0.6061011780801397	0.6461709669571015	0.16951672862453532	0.8520494653417028	1317	748	112
170_en	en	13.382022471910112	1.5818639798488665	8.29498372626157	6.705832679553581	0.31821998320738876	0.09319899244332494	0.6078925272879933	0.028547439126784216	0.015113350125944584	0.9550561797752809	0.6964363024210889	4.112359550561798	2.015974440894569	0.00652868196102586	0.00016969855785123968	0.004757906521130703	0.8043660789252729	16.04494382022472	1.0301782858266595	5.14006968641115	2.1099290780141846	0.3308144416456759	0.675027472527475	0.7464300247712633	0.8608250110126068	0.1847187237615449	0.8835722648836658	1154	605	89
365_en	en	12.56115107913669	1.5870561282932416	8.03611123472356	6.0712267513824	0.3470790378006873	0.10939289805269187	0.6122565864833907	0.006872852233676976	0.0074455899198167235	0.9496402877697842	0.7021529407299698	4.0928571428571425	1.9728155339805826	0.006732176968728522	0.0001320716674369748	0.0030503108228116917	1.4060710194730812	15.107142857142858	1.012570327362695	5.200654817586529	2.3487031700288186	0.28865979381443296	0.6842865816636396	0.7835213367818189	0.8869890548146845	0.16838487972508592	0.8691330197184032	1735	952	140
1484_en	en	13.409638554216867	1.5462713387241689	7.885760833089773	5.417972069409716	0.31805929919137466	0.11141060197663971	0.5929919137466307	0.006289308176100629	0.008984725965858042	0.963855421686747	0.7075694270199002	4.289156626506024	2.0573248407643314	0.00751606651868823	0.00011675074793814433	0.004409171075837743	0.8885893980233602	16.072289156626507	0.9993448902700256	5.169529499626587	2.197247706422018	0.31626235399820307	0.6622978303747542	0.7697170882539411	0.9213657699690805	0.1752021563342318	0.8799410704680019	1106	582	83
773_en	en	13.59119496855346	1.6325775104118463	8.974980660595637	7.209729149968423	0.3239241092086997	0.11383618695048589	0.5983341045812124	0.0037019898195279964	0.011105969458583989	0.9748427672955975	0.7145025779252142	4.522012578616352	1.875	0.007149658444581213	9.335215355902778e-05	0.0022891729083143256	1.947709393799167	17.056603773584907	1.0426388772768695	5.051470588235294	2.223529411764706	0.2781119851920407	0.6899903006789759	0.6775164027455148	0.7951964974751947	0.17445627024525684	0.8798852725379596	2144	1152	159
83_en	en	14.19811320754717	1.601328903654485	8.842945214066322	6.5891637309596955	0.30830564784053155	0.10033222591362126	0.6026578073089701	0.013953488372093023	0.005980066445182724	0.9716981132075472	0.7014648863374439	4.283018867924528	1.868663594470046	0.006500266320066445	0.0001453942128205128	0.0033038021410114436	1.1009966777408637	17.160377358490567	1.0202307056787836	5.283516483516483	2.3573667711598745	0.3029900332225914	0.683264580369847	0.7879213973848382	0.8738663650769201	0.17475083056478405	0.884751546886508	1483	741	106
1430_en	en	13.458333333333334	1.5975232198142415	8.509523993808052	6.249650257997937	0.2776057791537668	0.09597523219814241	0.56656346749226	0.013415892672858616	0.009287925696594427	0.9861111111111112	0.7403866426191954	4.138888888888889	1.89272030651341	0.007894209233075334	0.00011650721416666666	0.0056152491956534935	0.4066047471620227	17.680555555555557	1.1584485380096021	4.711041503523884	2.163157894736842	0.3498452012383901	0.6870689655172405	0.8666100200224203	0.9280999769866307	0.17543859649122806	0.8962716549623132	959	480	72
1106_en	en	13.94047619047619	1.4389410760034158	6.826290411126024	4.828426611361881	0.32792485055508114	0.0631938514090521	0.5542271562766866	0.006831767719897523	0.008539709649871904	0.9642857142857143	0.6919496939649408	4.5	2.033434650455927	0.007865334294790777	9.645524335664336e-05	0.004849910574738572	0.7719897523484202	18.488095238095237	1.1275513127641534	4.47149263292761	2.1830357142857144	0.28351836037574724	0.6280130597014908	0.8495987109717583	0.9260843689761573	0.18445772843723313	0.8632097880961551	1163	572	84
1550_en	en	10.723809523809523	1.6802841918294849	8.419639177873638	7.3451346291127475	0.3063943161634103	0.0994671403197158	0.5914742451154529	0.0008880994671403197	0.0053285968028419185	0.9428571428571428	0.731031644689552	3.914285714285714	1.7195121951219512	0.0067375626203374775	8.488877841845139e-05	0.0036458820229971025	0.9520426287744227	14.18095238095238	1.1064050557687557	4.923076923076923	2.325301204819277	0.34547069271758435	0.684703018500485	0.7676649510415663	0.9148115777284866	0.2211367673179396	0.8976432542288043	1121	607	105
959_en	en	15.150537634408602	1.5564229950319375	8.684501018796219	6.214607081969216	0.29879347054648686	0.0965223562810504	0.5727466288147622	0.0134847409510291	0.0106458481192335	0.978494623655914	0.6977690635409246	4.483870967741935	1.914572864321608	0.007529842437828247	0.00011905190226308344	0.002984726367675511	1.3207948899929027	18.849462365591396	1.059026067616516	4.8882586500283605	2.11284046692607	0.3321504613200852	0.6969389312977091	0.8004955546812168	0.9217172166633634	0.18949609652235627	0.8975537927207902	1391	707	93
827_en	en	13.326530612244898	1.5581929555895866	7.994023814732632	6.341603269056475	0.2901990811638591	0.08958652373660031	0.5696784073506891	0.0222052067381317	0.007656967840735069	1.0	0.7436268579128896	4.224489795918367	1.739010989010989	0.0070383046225880545	0.00012990090031201248	0.0030738841911356726	1.2557427258805514	16.602040816326532	1.0645018222929792	5.014084507042254	2.0616438356164384	0.332312404287902	0.7013504556752307	0.691700471002788	0.8215755937692689	0.20214395099540583	0.8944324877867077	1276	641	98
947_en	en	11.46376811594203	1.6232616940581541	8.035357555103612	6.773069462613825	0.3185840707964602	0.09355246523388117	0.5948166877370418	0.01706700379266751	0.011378002528445006	0.927536231884058	0.7540261454034807	3.6884057971014492	1.831877729257642	0.007480162093067516	0.00010670341847826086	0.0029474024637638555	1.5417193426042983	14.63768115942029	1.095832102202204	4.994613124387855	2.182089552238806	0.3173198482932996	0.6746797033041166	0.7326133686329236	0.8187024112268939	0.18584070796460178	0.8813166879691273	1558	828	138
1812_en	en	11.76388888888889	1.5076741440377803	6.788471566312477	5.145251620097075	0.30991735537190085	0.10094451003541913	0.58913813459268	0.0070838252656434475	0.006493506493506494	0.9513888888888888	0.6916495303605893	4.006944444444445	1.9642857142857142	0.007994821500850059	0.00011752405385487528	0.0032758534679149273	1.0726092089728454	14.152777777777779	1.021378750626453	4.995152690256908	2.292063492063492	0.28630460448642264	0.6642821316614447	0.7568712931344763	0.8885177515748163	0.19185360094451004	0.874288002230522	1686	882	144
1385_en	en	12.24731182795699	1.636523266022827	8.497426151972586	7.021222881795954	0.31343283582089554	0.1141352063213345	0.5970149253731343	0.01141352063213345	0.009657594381035996	0.9354838709677419	0.7224266522460769	4.021505376344086	1.8722741433021808	0.006184206144688323	9.844453579831932e-05	0.004522338363675518	0.8481123792800702	16.129032258064516	1.1003926860549968	4.843253968253968	2.2	0.3125548726953468	0.6766923076923089	0.7356891100491231	0.9133863552238545	0.18086040386303776	0.8698089771628239	1123	595	93
326_en	en	11.748792270531402	1.6689967105263157	8.686190169717772	6.896544449211797	0.2865953947368421	0.12088815789473684	0.5966282894736842	0.005345394736842105	0.006578947368421052	0.9516908212560387	0.7184178965085524	3.966183574879227	1.749648382559775	0.0059768925168174345	0.00017942633379819525	0.002297544763971785	1.4370888157894737	14.178743961352657	0.9973825266616446	5.281165311653116	2.237623762376238	0.25164473684210525	0.7081611658808538	0.6347117022804902	0.7450948574979082	0.19942434210526316	0.8714535417528702	2410	1219	207
86_en	en	13.448979591836734	1.550834597875569	7.954950295748045	5.28674222538788	0.3133535660091047	0.11684370257966616	0.5986342943854325	0.004552352048558422	0.009104704097116844	0.9489795918367347	0.7371829751985188	4.3232323232323235	1.7240506329113925	0.006715054623748103	0.00011007705967261904	0.003402408952959029	0.9984825493171472	16.858585858585858	1.0500106000779894	4.853381208856971	2.292063492063492	0.33763277693474963	0.6851353568498789	0.8001509886477443	0.9583076779951335	0.17981790591805766	0.8984781361958704	1305	672	99
461_en	en	12.043478260869565	1.687123947051745	9.015019096949725	7.431196641029665	0.26594464500601683	0.13237063778580024	0.5776173285198556	0.006016847172081829	0.0048134777376654635	0.9710144927536232	0.7562329879753796	4.130434782608695	2.0045454545454544	0.007198457955114319	9.160059793577982e-05	0.005662914985488781	0.5499398315282792	16.0	1.1378190835016098	4.78018018018018	2.3288590604026846	0.34657039711191334	0.6738524590163928	0.6944608733546024	0.839713836769133	0.20336943441636582	0.8750301154471557	826	436	69
1688_en	en	13.485714285714286	1.4957627118644068	7.319428571428574	4.798886287328489	0.3072033898305085	0.08545197740112995	0.5840395480225988	0.009180790960451978	0.007768361581920904	0.9809523809523809	0.7070425836041353	4.257142857142857	1.9791666666666667	0.00779979024279661	0.00010706764578651686	0.0034979696327683617	0.8898305084745762	16.409523809523808	1.036669603354794	4.829099307159353	2.1791044776119404	0.3156779661016949	0.672141230068338	0.9533154093004412	1.0454875418030574	0.1906779661016949	0.8833814783615668	1399	712	105
626_en	en	14.606741573033707	1.486923076923077	7.652321521175455	5.105670267934312	0.30846153846153845	0.09307692307692307	0.5938461538461538	0.010769230769230769	0.011538461538461539	0.9550561797752809	0.7033536205933462	4.662921348314606	1.9602272727272727	0.006833510195692308	0.00012170934887892377	0.0036228287841191067	0.9623076923076923	17.44943820224719	0.9965544974698937	4.903143040410519	2.2355212355212357	0.32461538461538464	0.6836386344712785	0.7293507191628475	0.8638324381857675	0.1823076923076923	0.8895003781070238	1288	669	89
725_en	en	12.858267716535433	1.5835884874464177	8.111068561316547	6.353702117256775	0.34353949785670546	0.08879363135333741	0.6093080220453154	0.01653398652786283	0.004898958971218616	0.9763779527559056	0.7428237555282845	4.496062992125984	1.9739130434782608	0.007280481366013472	0.00013031385367816091	0.003105075465581211	1.6295162278015922	16.30708661417323	1.0870198740941344	4.946334451365597	2.1839762611275964	0.30557256582976117	0.6767796610169555	0.7117750414144399	0.7975424206602307	0.17881200244947948	0.8787827368939414	1612	870	127
1241_en	en	12.405405405405405	1.6045751633986929	8.182095036212687	6.5588134134134135	0.29411764705882354	0.12636165577342048	0.6034858387799564	0.006535947712418301	0.013071895424836602	0.972972972972973	0.7751033314652132	3.810810810810811	1.9431818181818181	0.006870663905119825	0.00011227421408163266	0.005362828892240658	0.6481481481481481	16.324324324324323	1.104806266774387	4.7524671052631575	2.1758793969849246	0.3453159041394335	0.6661538461538459	0.6510427605059452	0.7727744416616478	0.20043572984749455	0.875782205871087	909	490	74
1442_en	en	13.75294117647059	1.662104362703165	9.38647853872088	7.532819395159262	0.33361847733105215	0.10650128314798973	0.6274593669803251	0.014970059880239521	0.0051325919589392645	0.9235294117647059	0.7034929020570734	4.135294117647059	2.0153846153846153	0.006951188387651839	0.00012884229158805033	0.002448164894700395	1.5496150556030797	16.58823529411765	1.0447672646718362	5.240381221320155	2.061810154525386	0.28357570573139435	0.680098258150975	0.64759997692395	0.7690248184338124	0.17792985457656116	0.8764686876098725	2303	1272	170
1622_en	en	13.179487179487179	1.6031128404669261	8.466731517509729	5.775944886760451	0.31971465629053175	0.11089494163424124	0.5992217898832685	0.009727626459143969	0.007133592736705577	0.9914529914529915	0.7219729435593842	4.752136752136752	1.9497716894977168	0.0070767265722262	0.00013974918084848484	0.0030398832684824903	1.4150453955901428	15.401709401709402	0.9851611721118139	5.277593818984547	2.176056338028169	0.30804150453955903	0.668392238392241	0.7714027540103967	0.8614895281217246	0.18028534370946822	0.879783416415428	1528	825	117
467_en	en	14.880952380952381	1.4232	7.00733142857143	4.496831238095238	0.248	0.0744	0.5272	0.0104	0.0152	0.9880952380952381	0.7327913332877231	4.333333333333333	1.7625	0.007950558861439999	0.00015811965628517822	0.0036320000000000002	0.552	17.666666666666668	1.0290624536124016	4.7978580990629185	2.4170616113744074	0.3008	0.6616246741963469	0.8029991722598623	0.965090120249589	0.2096	0.8916784033658328	1238	533	84
1806_en	en	14.982142857142858	1.5727056019070322	8.810961816788698	5.411522033032522	0.3218116805721097	0.13468414779499405	0.6072705601907032	0.011918951132300357	0.0059594755661501785	0.9642857142857143	0.6885587216714303	4.660714285714286	2.226086956521739	0.007686713381466031	0.00012226181164079822	0.003225566150178784	1.0601907032181168	18.651785714285715	1.054448170709622	4.940142517814727	2.196261682242991	0.2759237187127533	0.6364977834072186	0.7632370229517429	0.8426756940365792	0.1501787842669845	0.8621308436556824	1645	902	112
644_en	en	14.175675675675675	1.5529075309818876	8.262822379099788	5.833476118826167	0.29075309818875117	0.09628217349857007	0.572926596758818	0.0019065776930409914	0.008579599618684462	0.9864864864864865	0.7391832789810692	4.5675675675675675	1.7373737373737375	0.007307345050714967	0.0001675514637065637	0.0039964801642590015	0.7959961868446139	17.743243243243242	1.0802173354405016	4.91400304414003	2.4270833333333335	0.32507149666348906	0.6803999999999956	0.8346704135100749	0.9409268360694497	0.21067683508102955	0.8890960117932628	1047	518	74
1334_en	en	11.210526315789474	1.6572769953051643	8.337973807758836	6.837373395931143	0.32316118935837246	0.10328638497652583	0.6103286384976526	0.010172143974960876	0.011737089201877934	0.956140350877193	0.7662541816577333	3.736842105263158	2.0290697674418605	0.007779566176604068	0.00012281754898255812	0.003751265764521771	1.3348982785602503	14.157894736842104	1.0684228875427293	4.902589395807645	2.27027027027027	0.31533646322378717	0.685648854961831	0.7056694277597789	0.7885365127272798	0.17683881064162754	0.8774910575027427	1262	688	114
719_en	en	12.78688524590164	1.6275641025641026	8.60214165615805	6.90011464901219	0.3371794871794872	0.08269230769230769	0.5967948717948718	0.008333333333333333	0.009615384615384616	0.9918032786885246	0.7209406435464802	4.418032786885246	1.8543478260869566	0.0072791149315384615	9.52175668667467e-05	0.0031082289803220035	1.716025641025641	17.0	1.1296480250024705	4.745697896749522	2.231270358306189	0.3006410256410256	0.6725256673511343	0.7281641435277427	0.8440971084600293	0.20192307692307693	0.877710603020791	1546	833	122
1493_en	en	14.5	1.6498673740053051	9.533435013262604	7.414148010610081	0.3359858532272325	0.10167992926613616	0.5950486295313882	0.007073386383731211	0.007957559681697613	0.9230769230769231	0.6893428014136292	4.461538461538462	1.861764705882353	0.007647917032979664	9.310501722408026e-05	0.004578754578754579	1.0919540229885059	18.21794871794872	1.0540409174253775	4.96078431372549	2.1385281385281387	0.29354553492484525	0.671269379844961	0.6767338251123171	0.8216326050109911	0.1724137931034483	0.8697274888261428	1115	598	78
404_en	en	13.475247524752476	1.6113152094048493	8.678866005630688	6.820633024639718	0.2924320352681852	0.10947832476120499	0.5848640705363704	0.012490815576781777	0.010286554004408524	0.9702970297029703	0.7082822526767538	4.198019801980198	1.8421052631578947	0.0063288249710506984	0.00011158838870728083	0.0035921299697934525	0.9331373989713446	16.594059405940595	1.058871758868566	5.116844602609727	2.327067669172932	0.29537105069801617	0.6791917591125237	0.735335019499876	0.8991355402133447	0.18148420279206465	0.8669637112407229	1341	673	101
329_en	en	14.633333333333333	1.5671981776765376	8.609938496583144	6.654463264996204	0.2888382687927107	0.10523917995444192	0.5826879271070615	0.008200455580865604	0.010933940774487472	0.9533333333333334	0.6823958930783413	4.8133333333333335	1.8653530377668308	0.008083095204965831	0.00011277225195632392	0.002550205535045689	0.9876993166287016	18.85333333333333	1.1124876246125106	4.892291446673706	2.223021582733813	0.28154897494305237	0.6634780534351232	0.8191389137682268	0.9158277704910879	0.18496583143507972	0.886092483939418	2174	1099	150
1199_en	en	14.62295081967213	1.6378923766816142	9.440080864515181	7.301156928618688	0.3150224215246637	0.12219730941704036	0.6109865470852018	0.01569506726457399	0.008968609865470852	1.0	0.749719022690732	4.721311475409836	1.9681274900398407	0.00628880264012444	0.00010061978734439834	0.006594566077552097	0.5123318385650224	18.16393442622951	1.010484517293716	4.977578475336323	2.184331797235023	0.34641255605381166	0.6505926860025246	0.8323975955086054	0.8799623682469468	0.19394618834080718	0.8700755960966174	878	482	61
1556_en	en	12.520833333333334	1.7013311148086523	9.368832154742098	7.561686328341652	0.3211314475873544	0.14309484193011648	0.6239600665557404	0.009151414309484194	0.005823627287853577	0.9791666666666666	0.7356660667947766	4.09375	1.9941002949852507	0.007341374926539101	0.00011824002949101796	0.004235365300257147	1.0033277870216306	15.9375	1.0488135509875465	5.132686084142395	2.1921568627450982	0.3286189683860233	0.6905983680870373	0.6644285672131207	0.8125273060057272	0.16306156405990016	0.8834484323617705	1192	668	96
1352_en	en	14.0	1.5741758241758241	8.445274725274729	5.934105860805861	0.326007326007326	0.08516483516483517	0.5805860805860806	0.004578754578754579	0.008241758241758242	0.9487179487179487	0.7148909609941928	4.435897435897436	1.9470404984423677	0.008883005977289377	0.00010232305699115044	0.004206245731669461	0.9633699633699634	17.256410256410255	1.0640895712629972	4.932841328413284	2.21505376344086	0.3159340659340659	0.6578952668680725	0.8444876808550399	0.9384660945177979	0.17673992673992675	0.8756870269637818	1085	565	78
1118_en	en	11.947368421052632	1.5374449339207048	7.211323904474842	5.0822916299559475	0.2657856093979442	0.1130690161527166	0.5594713656387665	0.01762114537444934	0.013215859030837005	0.9824561403508771	0.7316304269490143	4.035087719298246	2.0224719101123596	0.007985566274743025	8.84349636085627e-05	0.005829217282961776	0.6622613803230544	15.31578947368421	1.1107772300296703	4.518223234624146	2.1283783783783785	0.342143906020558	0.6451374570446735	0.8080638112994041	0.7871857620735493	0.1762114537444934	0.8721745673886001	666	327	57
374_en	en	14.625	1.3874643874643875	6.4858297720797715	3.2051148148148147	0.26495726495726496	0.05698005698005698	0.5441595441595442	0.014245014245014245	0.024216524216524215	0.9166666666666666	0.7386361397815343	4.479166666666667	1.8248587570621468	0.007452763769230769	0.00010867086779661015	0.009842009842009843	0.2849002849002849	16.979166666666668	0.9835913190568929	4.9056372549019605	2.2611940298507465	0.301994301994302	0.6180928689883918	0.8712463846467828	1.0356070058891578	0.21367521367521367	0.843293709766196	687	295	48
695_en	en	13.118012422360248	1.578125	8.147899844720502	5.807924480048937	0.3338068181818182	0.10085227272727272	0.6065340909090909	0.008996212121212122	0.007575757575757576	0.9503105590062112	0.7095528015409683	4.3765432098765435	2.073555166374781	0.006913378930962121	0.0001299649892857143	0.002588678844519966	1.7949810606060606	15.5	1.0089139443831547	5.182069510268563	2.2211538461538463	0.2713068181818182	0.6695429706905209	0.6765812774980583	0.7899422783286456	0.18276515151515152	0.8672513968522723	2085	1120	162
98_en	en	10.445255474452555	1.6722571628232006	8.216284156350262	7.220342592337552	0.31795946890286514	0.12299091544374563	0.6009783368273934	0.009783368273934312	0.0069881201956673656	0.9124087591240876	0.7192693129784242	3.7445255474452557	1.7321428571428572	0.00645007221397624	0.00017101126976744188	0.0031038144245691414	1.5555555555555556	12.788321167883211	1.0056576753110802	5.323959505061867	2.4457831325301207	0.30957372466806427	0.6940015015015071	0.6504142470000832	0.7534722919629737	0.1642208245981831	0.8870121377207077	1412	731	137
1178_en	en	13.691358024691358	1.4490532010820558	6.848457402397891	4.217333023856439	0.2569882777276826	0.10640216411181244	0.5473399458972047	0.008115419296663661	0.016230838593327322	0.9629629629629629	0.7255275710690512	4.074074074074074	1.8013029315960911	0.007155228787285843	0.00010706789344569289	0.004283137962128043	0.7556357078449053	17.098765432098766	1.0683219517088869	4.63819095477387	2.2146596858638743	0.30387736699729484	0.6647425742574264	0.6487028606805458	0.7995011427661558	0.22272317403065825	0.8778791795196472	1105	534	81
25_en	en	12.485849056603774	1.5772572723838307	7.891116946204676	6.641058593922633	0.3101624480544012	0.10993577635058557	0.5935020778239516	0.007933509633547412	0.0037778617302606727	0.9575471698113207	0.7358598279708453	4.316037735849057	1.8494208494208495	0.006839750050437854	0.00014008066671721	0.0018444854330096226	2.6845485455232336	16.117924528301888	1.1067676634173602	4.901277584204413	2.3684879288437104	0.252738949754439	0.6950902668759897	0.6485343072463984	0.7601827308850445	0.19040423120513789	0.872833976334956	2545	1319	212
458_en	en	13.164383561643836	1.5359001040582727	7.667730816928714	6.169820623494362	0.2715920915712799	0.09469302809573361	0.554630593132154	0.011446409989594173	0.01664932362122789	0.9041095890410958	0.7529050552994708	4.164383561643835	1.7148148148148148	0.00647292913257024	0.00013421499203539823	0.004526534859521332	0.6420395421436004	16.71232876712329	1.0784062275695234	4.765522875816994	2.263440860215054	0.3506763787721124	0.704941995359631	0.8999358655133436	1.0381585940333087	0.21019771071800208	0.8950858930356831	943	452	73
1514_en	en	13.495238095238095	1.7191249117854623	9.958816816211314	7.964946505360086	0.27522935779816515	0.15102328863796755	0.6160903316866619	0.008468595624558928	0.006351446718419196	0.9523809523809523	0.7394463009747412	4.333333333333333	1.8417085427135678	0.006280684272053635	0.00014051587601626015	0.003447597672293115	1.0042342978122794	16.447619047619046	1.0221292363166739	5.329113924050633	2.175627240143369	0.30910374029640086	0.6799620637329283	0.6873045964647582	0.8008708400294627	0.1743119266055046	0.8772051613771278	1406	738	105
452_en	en	12.365853658536585	1.4921104536489151	6.839586279886465	4.372343907249724	0.2958579881656805	0.07790927021696252	0.5867850098619329	0.007889546351084813	0.010848126232741617	0.8902439024390244	0.6999933871765357	3.9390243902439024	1.8669064748201438	0.007258612453944773	0.00012703234	0.005999342537804076	0.4378698224852071	14.451219512195122	0.9878387466287849	5.039297658862877	2.2804232804232805	0.3323471400394477	0.6823060109289615	0.8168247780341101	0.9631857941813484	0.20118343195266272	0.8764652561912532	999	495	82
1190_en	en	12.367816091954023	1.5743494423791822	7.81077169593642	6.1435958765970184	0.26765799256505574	0.09944237918215613	0.5483271375464684	0.0037174721189591076	0.013011152416356878	0.9655172413793104	0.7398408406396556	3.9770114942528734	1.870307167235495	0.00837429192239777	0.00011468425778210117	0.004045484364749617	0.8968401486988847	16.06896551724138	1.1151319941815232	4.688256227758007	2.2117117117117115	0.3020446096654275	0.6473183213920177	0.7571071247131587	0.8558540499404905	0.19981412639405205	0.8799847762157879	1069	514	87
1640_en	en	13.36	1.5561377245508983	7.982825149700602	6.064787508982036	0.35853293413173654	0.09356287425149701	0.624251497005988	0.020209580838323353	0.01347305389221557	0.91	0.683418632594817	4.28	2.1064425770308124	0.0062501692962574846	0.00014326003425414366	0.004358219045779409	1.002245508982036	16.06	1.003825972739811	5.136699507389163	2.204379562043796	0.3315868263473054	0.6873645917542475	0.8250034234967912	0.9236673554501094	0.16841317365269462	0.880218887035299	1323	724	100
608_en	en	13.022727272727273	1.543193717277487	7.698549500237984	6.384350261780105	0.3403141361256545	0.08638743455497382	0.5946771378708552	0.005235602094240838	0.007417102966841187	0.9545454545454546	0.7248272912373566	4.517045454545454	2.0298273155416013	0.006675016386867365	0.0001128832101010101	0.0024069226294357185	1.7892670157068062	16.397727272727273	1.0674792547396976	4.975903614457831	2.2100238663484486	0.25392670157068065	0.6582854537163805	0.6626871543834001	0.7579998883127413	0.17582897033158812	0.8656818177343767	2214	1188	176
1544_en	en	11.580645161290322	1.584958217270195	7.628958576691527	6.177941252583341	0.2841225626740947	0.12674094707520892	0.5835654596100278	0.001392757660167131	0.006963788300835654	0.9838709677419355	0.723432441250463	3.8870967741935485	1.907216494845361	0.007255843337047354	8.035593424657535e-05	0.004974134500596896	0.8036211699164345	15.548387096774194	1.1384912399398266	4.7217659137577	2.2803030303030303	0.35236768802228413	0.673311793214863	0.6601496636952774	0.9370779038785428	0.20612813370473537	0.882979116522791	718	365	62
629_en	en	14.323170731707316	1.5512984248616433	8.301357998733245	5.854350962007705	0.3222647935291613	0.12686249467858662	0.6151553852703278	0.006385696040868455	0.005959982971477224	0.9634146341463414	0.6952076469743143	4.591463414634147	2.1776	0.006782376615838144	0.00011553658163580247	0.0027760039733219807	1.364410387398893	17.774390243902438	1.0376967558454866	4.906771010547805	2.188824662813102	0.24010217113665389	0.6563600000000098	0.7183857541124675	0.8790276495802393	0.17496807151979565	0.8492734141283311	2323	1296	164
1770_en	en	11.687116564417177	1.6976377952755906	9.000101444374668	7.388319485371078	0.32125984251968503	0.12178477690288714	0.6173228346456693	0.006299212598425197	0.012598425196850394	0.9202453987730062	0.7142525186124448	4.03680981595092	1.9133574007220218	0.006872172379107612	0.00015134921476377952	0.0024820267031838415	1.4351706036745406	14.190184049079754	1.018506199725415	5.254143646408839	2.2986666666666666	0.3207349081364829	0.7046677740863797	0.7263343266222108	0.8488988425283619	0.1837270341207349	0.892896664271091	1894	1016	163
962_en	en	13.748663101604278	1.67950213924543	9.590103852721743	7.323286388907954	0.2975495915985998	0.09490470633994555	0.5768183586153248	0.01866977829638273	0.006223259432127577	0.9358288770053476	0.7430889038068879	4.336898395721925	1.8294993234100134	0.00704804451352851	0.000147948347974583	0.002074419810709192	2.0661221314663556	16.86096256684492	1.0425397225030033	5.164990571967317	2.1117424242424243	0.2547646830027227	0.6794741100323742	0.6677247888157122	0.7709585271183258	0.18630882924931932	0.873676909785028	2529	1259	187
449_en	en	13.471264367816092	1.6228668941979523	8.813622454984117	6.47876912243537	0.2883959044368601	0.13993174061433447	0.5861774744027304	0.002559726962457338	0.011945392491467578	0.9770114942528736	0.7088592557616258	4.517241379310345	1.9098837209302326	0.007837403775	0.00011130884877650897	0.003622782968723773	1.1655290102389078	18.0	1.1619850320024883	4.568340750158932	2.128205128205128	0.3037542662116041	0.6902329916123023	0.7744941056130378	0.8505773709878605	0.16296928327645052	0.8756748676362592	1158	613	87
338_en	en	12.584905660377359	1.645177411294353	8.731206660820536	6.557332158449078	0.2943528235882059	0.10794602698650675	0.6036981509245377	0.014992503748125937	0.010494752623688156	0.9748427672955975	0.7226999782616542	4.238993710691824	1.7796901893287436	0.006423747815342329	0.0001372452931910569	0.0026328299265001645	1.1659170414792603	15.924528301886792	1.079605392437405	4.925896728419393	2.1687344913151363	0.30184907546226886	0.6775972660357548	0.7716421883755781	0.8938488809638845	0.18240879560219891	0.8946245699245728	1972	984	159
1394_en	en	14.024590163934427	1.5458796025715955	8.120969474279256	6.432915566584587	0.31502045587375804	0.1244886031560491	0.5692577440093513	0.005260081823495032	0.006428988895382817	0.9016393442622951	0.7079467441846337	4.39344262295082	2.2349137931034484	0.00833255227784921	6.240903259423503e-05	0.003594789556695996	1.1595558153126826	18.62295081967213	1.153946480690826	4.7098738581992174	2.229965156794425	0.24956165984804207	0.6190136476426789	0.7710536540421516	0.8969262466352411	0.14319111630625364	0.8526740726120757	1699	902	122
443_en	en	11.631067961165048	1.520033388981636	6.882510494837675	5.031776332722823	0.25375626043405675	0.11853088480801335	0.5851419031719532	0.01335559265442404	0.014190317195325543	0.941747572815534	0.7228215641116329	3.5728155339805827	1.7926829268292683	0.007650594729465775	0.00013815213454231433	0.004117974401780746	0.6494156928213689	13.78640776699029	1.0096175670148815	5.170302603800141	2.1746724890829694	0.333889816360601	0.6717834394904464	0.6576013118522502	0.7974097055351251	0.19198664440734559	0.8840984257571493	1180	579	103
116_en	en	11.493506493506494	1.4135593220338982	5.572467532467531	4.037392251815981	0.3152542372881356	0.09152542372881356	0.5819209039548022	0.005649717514124294	0.010169491525423728	0.961038961038961	0.7279811884090234	4.1558441558441555	2.0	0.006716560588022598	0.00010222944291845494	0.00521926284638149	0.6361581920903955	13.948051948051948	1.0341827317296497	4.736455463728191	2.3294797687861273	0.3706214689265537	0.6547073791348607	0.7910452107706438	0.9694610695790868	0.19096045197740114	0.8986481279464114	847	466	77
383_en	en	16.316239316239315	1.6238868517548455	9.935198184040512	7.721687052334197	0.3038239916186485	0.08328968046097433	0.574122577265584	0.021477213200628602	0.005762179151388162	0.9658119658119658	0.7161685173156698	4.683760683760684	2.1151515151515152	0.00825408309800943	9.924644431455899e-05	0.003217840305320662	1.0565741225772656	20.299145299145298	1.0752174234118435	4.948406040268456	2.1116883116883116	0.2739654269250917	0.6566243093922732	0.8126481084119977	0.9541834258906217	0.16919853326348874	0.874324772857242	1873	941	117
506_en	en	11.325	1.4591611479028697	6.044851545253863	4.153551037527594	0.282560706401766	0.12582781456953643	0.5584988962472406	0.004415011037527594	0.019867549668874173	0.975	0.7107771769875845	3.775	2.0952380952380953	0.008800889584988963	7.8399e-05	0.009289919058130978	0.5143487858719646	13.525	0.9945397769952173	4.934065934065934	2.466666666666667	0.35320088300220753	0.6020903954802259	-1	0.7620779189170427	0.17439293598233996	0.8533984703394613	450	218	40
323_en	en	14.26923076923077	1.4447439353099731	7.022978436657684	4.055873785334162	0.3045822102425876	0.1320754716981132	0.5974842767295597	0.014375561545372867	0.009883198562443846	0.9358974358974359	0.7287333380579138	4.512820512820513	2.023489932885906	0.006631987706738544	0.0001045501196460177	0.0048407503162990265	0.8014375561545373	18.576923076923077	1.1100497882916553	4.584541062801932	2.2212389380530975	0.31446540880503143	0.6778698224852108	0.7261428484252223	0.8596711297242363	0.16891284815813118	0.8713291405069645	1105	565	78
293_en	en	13.472527472527473	1.5872756933115824	8.394138895362389	6.672500557517524	0.25856443719412725	0.09135399673735727	0.5693311582381729	0.00897226753670473	0.013050570962479609	0.945054945054945	0.7308269409400863	3.868131868131868	1.772594752186589	0.007430709181566069	0.00011657057805309734	0.004187058183795542	0.6557911908646004	16.967032967032967	1.0697897405963694	4.855016181229773	2.2564102564102564	0.2911908646003263	0.6751197870452491	0.6513407821084081	0.8406117014471511	0.20636215334420882	0.874454147905992	1202	565	91
815_en	en	16.076923076923077	1.5711722488038278	9.219832535885168	6.71165005520795	0.31220095693779903	0.1034688995215311	0.5891148325358851	0.011363636363636364	0.005980861244019139	0.9711538461538461	0.7426487069187362	4.6826923076923075	2.1045454545454545	0.007466714840550239	0.00014927104401451027	0.0030927348274993704	1.3498803827751196	18.817307692307693	1.0067535578633167	5.1067073170731705	2.164233576642336	0.3014354066985646	0.6960775588048382	0.6571241406589484	0.7905787575124242	0.1680622009569378	0.8806749125930894	1656	827	104
1001_en	en	11.12	1.6534772182254196	8.257831175059952	6.915163280575539	0.3303357314148681	0.10731414868105515	0.6091127098321343	0.02038369304556355	0.006594724220623501	0.9066666666666666	0.72696484794253	4.013333333333334	1.794820717131474	0.00626259555706235	0.00011522371770715096	0.0028409090909090906	1.7781774580335732	14.553333333333333	1.1034613094022807	4.934929959331225	2.144230769230769	0.31414868105515587	0.7077374123645711	0.8392324703910492	0.9063203456100922	0.17985611510791366	0.8886321730665715	1632	881	150
101_en	en	13.1	1.534351145038168	7.62434351145038	5.798220763358778	0.2623178348369188	0.1054823039555864	0.5718251214434421	0.012491325468424705	0.009021512838306732	0.990909090909091	0.7335529655760129	4.109090909090909	1.9116161616161615	0.007177972139972242	0.0001311735056060606	0.003598324209011232	0.8362248438584317	15.518181818181818	1.0177661125557773	5.187974314068885	2.203846153846154	0.2817487855655795	0.6762593144560382	0.6510157272837638	0.7852498175409068	0.20333102012491325	0.8759650753601416	1424	660	110
110_en	en	11.639097744360901	1.6266149870801034	8.143304967845975	5.900243189368769	0.3094315245478036	0.10077519379844961	0.5917312661498708	0.004521963824289405	0.0071059431524547806	0.9398496240601504	0.6992982360672529	3.9849624060150375	1.7925764192139737	0.007343355322351421	0.00013599771375921377	0.0028701795702090077	1.426356589147287	14.345864661654135	1.031686462082945	5.069358178053831	2.3633540372670807	0.3210594315245478	0.6869703243616335	0.6630589439712893	0.8177086177641268	0.1892764857881137	0.8932389447798428	1538	814	133
551_en	en	12.181034482758621	1.6192498230714791	8.267751360519316	6.4546979817946655	0.31422505307855625	0.08846426043878274	0.5725406935598019	0.009200283085633405	0.013446567586694975	0.9396551724137931	0.7437667412510541	3.8189655172413794	1.8624078624078624	0.007948224768323355	0.00011757858158640225	0.003474232773595831	1.0360934182590233	16.21551724137931	1.128744289202578	4.796070100902814	2.1904761904761907	0.32342533616418967	0.6709208523592067	0.7383662643098062	0.8999651528662808	0.18329794762915783	0.8925938047000366	1400	706	116
752_en	en	12.751633986928105	1.5612506406970785	7.805894815127488	6.621629840236111	0.3229113275243465	0.1230138390568939	0.6073808303434136	0.0025627883136852894	0.005638134290107637	0.9738562091503268	0.6948217128191542	4.111111111111111	2.1828358208955225	0.006930600753972322	9.883192568203199e-05	0.0029804278907302998	0.9513070220399795	17.124183006535947	1.0980348232860548	4.70083523158694	2.200902934537246	0.2798564838544336	0.6571544276457957	0.7641241152490938	0.9196969904975918	0.16453100973859558	0.8753694828890088	1894	1063	153
497_en	en	15.045045045045045	1.4952095808383234	7.921040621459785	5.715256082429736	0.25748502994011974	0.09880239520958084	0.5550898203592814	0.007784431137724551	0.012574850299401197	0.954954954954955	0.7497815561031019	4.54954954954955	1.7823275862068966	0.006883279915568862	0.00017646652774193548	0.003216148348464362	0.7604790419161677	18.38738738738739	1.0385412897740633	4.7822265625	2.19281045751634	0.26646706586826346	0.6669573520050917	0.6675933666764765	0.8270994818367062	0.20419161676646708	0.8712125479199507	1645	775	111
1082_en	en	12.683544303797468	1.6447105788423153	8.764167108820335	6.711566851107912	0.2834331337325349	0.09580838323353294	0.5748502994011976	0.001996007984031936	0.005988023952095809	0.9113924050632911	0.7154803066128492	4.050632911392405	1.7805755395683454	0.007877239193912176	0.00010458516659919027	0.004011584673789675	0.9770459081836327	15.594936708860759	1.0589842847192148	5.058918482647297	2.28125	0.3413173652694611	0.6889258028792932	0.8535000993009895	0.9032995525214644	0.21756487025948104	0.8958962099130174	996	494	79
641_en	en	13.449664429530202	1.7015968063872255	9.73421144288604	7.684397665072542	0.29840319361277445	0.12574850299401197	0.6027944111776448	0.007984031936127744	0.008982035928143712	1.0	0.7145643391321223	4.375838926174497	1.9409660107334525	0.007157014192335329	0.00010294196872659176	0.0026127520240418036	1.3013972055888223	16.120805369127517	1.0260817919635417	5.345914558274575	2.251381215469613	0.2749500998003992	0.6683359580052581	0.6583091493314686	0.784460306538299	0.1906187624750499	0.8718571288765002	1989	1068	149
1181_en	en	11.686274509803921	1.5251677852348993	6.964626924595343	5.056596104750627	0.26677852348993286	0.10738255033557047	0.5436241610738255	0.0016778523489932886	0.006711409395973154	0.9607843137254902	0.7004568715254476	4.0	2.036144578313253	0.007882118576174497	6.797790859106529e-05	0.006831255992329817	0.5570469798657718	15.019607843137255	1.0790659740079571	4.595330739299611	2.2666666666666666	0.33221476510067116	0.630040241448691	0.6194069707648324	0.9451738589225864	0.2197986577181208	0.8722858996972749	595	291	51
818_en	en	15.021739130434783	1.5636758321273516	8.719853079972314	6.5712368086579005	0.33357452966714907	0.07814761215629522	0.5795947901591896	0.016642547033285094	0.013024602026049204	0.9456521739130435	0.7459390891529787	4.456521739130435	1.9404145077720207	0.0072127710253256155	0.00014225628437956206	0.004010400058868257	0.9630969609261939	17.72826086956522	1.0075721771476764	5.070774862721171	2.093385214007782	0.32127351664254705	0.6977474668745127	0.7510552161666205	0.9398328732521907	0.17004341534008682	0.8843898191529215	1356	685	92
233_en	en	13.595238095238095	1.569760653823701	8.235318572262532	6.272122641981487	0.3134851138353765	0.10332749562171628	0.5971978984238179	0.008756567425569177	0.008756567425569177	0.9365079365079365	0.7337202447548128	4.563492063492063	1.8732394366197183	0.007669759298890834	0.00011799894742857142	0.00264642926639424	1.6310566258026853	17.38095238095238	1.086281615905124	4.876526458616011	2.2222222222222223	0.30998248686514884	0.6852788104089229	0.7314497943116751	0.8368398990146577	0.17046117921774664	0.89130076318877	1695	875	126
974_en	en	11.804054054054054	1.5163136805953061	6.906082512105694	5.2376590170021196	0.31253577561534057	0.07498568975386377	0.5798511734401832	0.02003434459072696	0.011448196908986834	0.918918918918919	0.7078167938393349	4.013513513513513	1.820662768031189	0.006596035428970807	0.00016610830161476354	0.002933600457927876	1.2049227246708643	14.243243243243244	1.0318246672167688	4.96112412177986	2.1587743732590527	0.3010875787063538	0.6822997572815584	0.6173469710380158	0.7724568852466676	0.19404693760732686	0.8852811399085226	1720	867	148
1583_en	en	14.304878048780488	1.5916453537936914	8.770317613789949	6.421805447778263	0.31798806479113384	0.12361466325660699	0.5967604433077579	0.0025575447570332483	0.008525149190110827	0.9634146341463414	0.7160993364137336	4.597560975609756	2.136222910216718	0.008056685384313726	0.00010528780829346091	0.004937482239272521	0.7280477408354646	17.878048780487806	1.0589347773841606	5.057026476578411	2.203883495145631	0.2966751918158568	0.6331098696461848	0.6769512242786269	0.7688732665488449	0.17220801364023872	0.8633329893263026	1157	627	82
1388_en	en	12.222222222222221	1.62	8.292666666666669	6.415210101010102	0.3145454545454546	0.13090909090909092	0.59	0.006363636363636364	0.004545454545454545	0.9222222222222223	0.6632096818374057	3.888888888888889	2.0091743119266057	0.008448942911036364	6.93563076388889e-05	0.004648370497427102	0.9963636363636363	15.988888888888889	1.102186309553889	4.664838930774503	2.207317073170732	0.2827272727272727	0.631368631368633	0.7689177560781529	0.900790474215412	0.17727272727272728	0.8555675264203775	1092	576	90
1478_en	en	14.612244897959183	1.5607541899441342	8.525674951544868	6.1034955592292786	0.3100558659217877	0.07681564245810056	0.5761173184357542	0.006284916201117319	0.00558659217877095	0.9489795918367347	0.7205280909234384	4.683673469387755	1.71875	0.006591709669134078	0.00016312681545827633	0.0036718327626599385	0.9231843575418994	17.153061224489797	1.0021873114919617	5.141671606401897	2.2289156626506026	0.2946927374301676	0.6800150037509406	0.8238422042822386	0.9803881352233775	0.20810055865921787	0.8780098800655048	1418	731	98
575_en	en	13.628318584070797	1.653896103896104	9.24101827376164	6.979291230893001	0.3194805194805195	0.1038961038961039	0.6116883116883117	0.00974025974025974	0.005194805194805195	0.9823008849557522	0.7167190079318442	4.566371681415929	1.806378132118451	0.0076179538925974025	0.00015350281546012268	0.0032200676036292478	1.2097402597402598	17.38053097345133	1.1008841146084367	5.168114460909555	2.1914191419141913	0.31623376623376626	0.6735183900069359	0.7118243471882559	0.871499166043233	0.18116883116883117	0.8888941489289337	1524	815	113
470_en	en	11.986486486486486	1.6482525366403609	8.534109662085989	6.746152941893415	0.26042841037204056	0.11161217587373168	0.5501691093573844	0.007891770011273957	0.010146561443066516	0.918918918918919	0.7295505727596782	3.7567567567567566	1.718146718146718	0.006844224845434048	7.763915945945945e-05	0.0062006764374295375	0.48027057497181513	16.35135135135135	1.240335529536285	4.636213991769547	2.3333333333333335	0.31228861330326946	0.661954314720812	0.733830966555204	0.8292381520767947	0.18602029312288612	0.8714602703103085	883	407	74
143_en	en	12.169230769230769	1.5360303413400758	7.281158027812893	5.2090506311387745	0.2718078381795196	0.08217446270543616	0.5398230088495575	0.0012642225031605564	0.020227560050568902	0.9846153846153847	0.775212961370219	3.9384615384615387	1.8571428571428572	0.008188455271807839	9.836e-05	0.00604456384323641	0.5221238938053098	15.476923076923077	1.099793046457912	4.695436507936508	2.3703703703703702	0.3185840707964602	0.6497687861271688	0.7868809330788545	0.9399419134651047	0.19469026548672566	0.8715587830389911	790	382	65
1601_en	en	11.594827586206897	1.7234200743494423	9.268339635944113	7.606933982822717	0.3174721189591078	0.14200743494423793	0.6148698884758365	0.0037174721189591076	0.007434944237918215	0.9310344827586207	0.7210364972654651	3.769230769230769	1.9536082474226804	0.006970745052298067	0.00010078332701612903	0.0032288900690387676	1.217100371747212	15.478632478632479	1.066177005089929	4.849292709466812	2.2373887240356085	0.31970260223048325	0.6897913322632491	0.7376247779818771	0.82047503190151	0.17918215613382898	0.8850826014152531	1334	744	117
395_en	en	13.669724770642201	1.4516778523489933	6.870991318268583	4.865544424604396	0.24496644295302014	0.09865771812080537	0.5550335570469799	0.013422818791946308	0.014093959731543624	0.9908256880733946	0.7308740723780915	4.192660550458716	2.0684931506849313	0.008519184380134227	0.00011811365647058824	0.00333256190696598	0.751006711409396	15.944954128440367	1.0062235216168243	5.056451612903226	2.279245283018868	0.2697986577181208	0.6547088425593084	0.7270878491730273	0.8496551038092415	0.21208053691275167	0.8693345983318835	1467	680	109
1424_en	en	12.265060240963855	1.5255402750491158	7.194748739555472	4.630531431817645	0.27603143418467585	0.1100196463654224	0.5844793713163065	0.0068762278978389	0.008840864440078585	0.9759036144578314	0.7351013069065201	3.8072289156626504	2.0109090909090908	0.006916654241846758	8.307301420118344e-05	0.00443185452551743	0.6925343811394892	14.457831325301205	0.9703058916053846	5.033856317093312	2.219047619047619	0.34086444007858546	0.6873231773667048	0.7082223186150326	0.8469087776162397	0.2043222003929273	0.8864816831308041	1008	507	83
173_en	en	10.73469387755102	1.768060836501901	9.459648482967332	6.928243858151625	0.2975285171102662	0.094106463878327	0.5693916349809885	0.011406844106463879	0.015209125475285171	0.9795918367346939	0.7097575384481326	3.7551020408163267	1.7450980392156863	0.007709501180133079	9.22811500956023e-05	0.003868988059502368	1.1150190114068441	14.418367346938776	1.1412310499301397	4.904964539007092	2.256637168141593	0.33460076045627374	0.6704197271773337	0.794801774343336	0.9890921026650339	0.21007604562737642	0.8889604583417527	1045	523	98
164_en	en	12.358490566037736	1.785496183206107	10.29866628258678	8.93991214172548	0.2961832061068702	0.11984732824427481	0.6022900763358778	0.0053435114503816794	0.00916030534351145	0.9245283018867925	0.6838555200712624	3.8773584905660377	1.881542699724518	0.005549932195572519	0.0001653961807860262	0.00395911502134817	0.9458015267175572	14.59433962264151	1.0139238326686364	5.558766859344894	2.2857142857142856	0.30763358778625954	0.6951692815854688	0.7672622542090879	0.862643929543871	0.19541984732824427	0.8756918309306732	1306	687	106
95_en	en	13.683870967741935	1.6143328618576143	8.795837447339206	7.235475050417486	0.31636020744931637	0.10136727958510136	0.6039603960396039	0.005657708628005658	0.005657708628005658	0.9612903225806452	0.7298748517542127	4.838709677419355	1.933786078098472	0.006546466528760019	0.00018219194720216607	0.0021645021645021645	1.7001414427157002	16.083870967741934	0.9801434789778514	5.437549721559268	2.311163895486936	0.2923149457802923	0.6999604352126696	0.7089025085987751	0.8082260002031285	0.17774634606317774	0.8904344604932535	2061	1108	155
992_en	en	12.395833333333334	1.5638655462184874	7.697988445378154	5.402751400560225	0.2966386554621849	0.10084033613445378	0.5857142857142857	0.011764705882352941	0.012605042016806723	0.9375	0.7697540713055012	3.8125	1.8908554572271385	0.007374834079411765	0.00011654081703204046	0.00350140056022409	0.9941176470588236	15.614583333333334	1.0741821892690566	4.843046357615894	2.2060085836909873	0.35042016806722687	0.6925206232813965	0.6888303323249715	0.8014669002648871	0.2008403361344538	0.8963838442962367	1173	593	96
1706_en	en	13.396825396825397	1.5941943127962086	8.446254795757167	6.420399443316032	0.3193127962085308	0.08530805687203792	0.5977488151658767	0.009478672985781991	0.0071090047393364926	0.9841269841269841	0.7447937745866031	4.4523809523809526	1.7736625514403292	0.0070967335496095385	0.0001257050189127973	0.002829662670755506	1.271919431279621	15.912698412698413	1.0012344658281416	5.20675944333996	2.194610778443114	0.29976303317535546	0.6863687853996293	0.7930216734526293	0.9190810856016594	0.20616113744075829	0.8847305267668442	1667	883	126
1418_en	en	13.617283950617283	1.6990027198549411	9.768972835029047	7.94280715668827	0.34270172257479603	0.10970081595648232	0.6019945602901179	0.0009066183136899365	0.005439709882139619	0.9753086419753086	0.709565402312113	4.345679012345679	1.930722891566265	0.007210614522574796	0.00010668939691252144	0.004298621314909182	1.330009066183137	16.432098765432098	1.0112593714555724	5.204613095238095	2.263959390862944	0.32819582955575705	0.6874900398406404	0.6819202617003752	0.7583752506911776	0.1686310063463282	0.8870615879930729	1099	583	81
1529_en	en	13.552380952380952	1.663387210119466	9.32339765083827	6.989573696081384	0.3253689388615601	0.10189739985945186	0.6022487702037947	0.008432888264230498	0.007027406886858749	0.9809523809523809	0.6936726423699817	4.390476190476191	1.8914549653579678	0.006816193552002811	0.0001525096127129751	0.003356511447275955	1.5439212930428672	16.714285714285715	1.0515594564013742	5.114382785956965	2.1843003412969284	0.2902319044272663	0.6946374622356517	0.6935582588599194	0.7926375891871651	0.18411806043569923	0.8647837533398497	1405	763	105
113_en	en	11.8359375	1.6402640264026402	8.381131136551154	6.912298783003301	0.29504950495049503	0.1042904290429043	0.5696369636963696	0.013861386138613862	0.007920792079207921	0.96875	0.7147557295097582	4.062015503875969	1.7573033707865169	0.006794748094455446	9.987661746666667e-05	0.0027722772277227726	1.3425742574257427	14.550387596899224	1.0352494764413003	5.0790450928381965	2.2297734627831716	0.30825082508250823	0.6921610169491509	0.7775227114095469	0.9009358299886261	0.1966996699669967	0.8928597101025764	1502	750	129
929_en	en	13.126760563380282	1.6630901287553648	9.153900139031617	7.486532563622076	0.29935622317596566	0.09334763948497854	0.5879828326180258	0.012875536480686695	0.008583690987124463	1.0	0.7156341432079566	4.197183098591549	1.7749077490774907	0.007082807416416309	9.222940997876859e-05	0.0043537471112578404	1.0547210300429184	17.183098591549296	1.1581629159153357	4.896974652493867	2.196319018404908	0.33261802575107297	0.683265306122453	0.6969130114328804	0.8618339007360363	0.2145922746781116	0.8799716125819055	923	471	71
728_en	en	12.789473684210526	1.598079561042524	8.255233557143889	5.969613991769547	0.345679012345679	0.09122085048010974	0.5994513031550068	0.01646090534979424	0.006858710562414266	0.9649122807017544	0.7327520451713297	4.62280701754386	1.7628635346756152	0.006630168376954732	0.00011392368958333333	0.003559114670225781	1.5006858710562414	15.25438596491228	0.9835971933403567	5.2093553907587	2.12540192926045	0.303840877914952	0.689852832965413	0.6413722537910305	0.7630492568370268	0.1755829903978052	0.8791129599169657	1439	768	114
812_en	en	14.397727272727273	1.6250986582478295	9.201277803688026	7.1156464877663765	0.32359905288082086	0.08681925808997633	0.590370955011839	0.012628255722178374	0.006314127861089187	0.9772727272727273	0.7392088127626388	4.48314606741573	2.0116959064327484	0.008295145506740332	0.00015022330049261083	0.00414018471593348	1.0394632991318074	16.910112359550563	1.0295426828615677	5.188866799204772	2.1524663677130045	0.3314917127071823	0.6761044520547929	0.6932908939248579	0.7863089063395065	0.18389897395422258	0.8926617790738894	1256	609	89
767_en	en	13.654545454545454	1.6600088770528185	9.323377476495988	7.176362237017308	0.37017310252996005	0.09409675987572126	0.6080781180648025	0.003550821127385708	0.005770084332001775	0.9939393939393939	0.7128615295733365	4.684848484848485	2.082018927444795	0.007611790520878828	0.00010189100762920427	0.0024870420706275933	2.104305370616955	16.89090909090909	1.0475807600419424	5.14744734023563	2.2314814814814814	0.26498002663115844	0.6560677808728061	0.6965005176216005	0.7980872528387767	0.16955170883266754	0.8691321632215526	2234	1219	165
707_en	en	10.903225806451612	1.542406311637081	6.862652541833686	5.679153477126678	0.3086785009861933	0.11242603550295859	0.5927021696252466	0.010848126232741617	0.011834319526627219	0.967741935483871	0.7446951613580729	3.7419354838709675	1.7668918918918919	0.007540460345463511	0.00014281712438095237	0.004350852767142361	0.9467455621301775	14.021505376344086	1.048160809135938	4.7693474962063735	2.2618025751072963	0.3333333333333333	0.6754863387978158	0.7413542710414139	0.8830788051315667	0.20019723865877712	0.8878058520127808	1004	525	93
548_en	en	12.63953488372093	1.5648574057037719	7.8047359919556705	5.990998125842408	0.2594296228150874	0.12695492180312787	0.5740570377184913	0.00827966881324747	0.012879484820607176	0.9651162790697675	0.738220538053959	4.0813953488372094	1.9090909090909092	0.006819648341582336	6.0858821787709495e-05	0.003827046918123275	0.8178472861085556	16.372093023255815	1.1075357480631025	4.713371266002845	2.2535885167464116	0.3247470101195952	0.671700404858302	0.754551440527612	0.8850070070675822	0.2125114995400184	0.8870427606424487	1077	537	86
566_en	en	13.576923076923077	1.5679886685552409	8.207266288951846	5.783453889736327	0.2747875354107649	0.16643059490084985	0.6147308781869688	0.0056657223796034	0.009915014164305949	0.9807692307692307	0.7319490666205919	4.384615384615385	2.0106382978723403	0.006745934622946176	0.0001790980135021097	0.0031648371104815868	0.9164305949008499	16.115384615384617	1.0098700030552719	5.078431372549019	2.245136186770428	0.3073654390934844	0.6548286367098237	0.8305289594624536	0.8923208853887662	0.17705382436260622	0.8840299300707511	1402	711	104
1322_en	en	13.695652173913043	1.5185185185185186	7.669822866344607	5.308024154589371	0.28253968253968254	0.1312169312169312	0.6042328042328042	0.030687830687830688	0.014814814814814815	0.9565217391304348	0.7113947631754043	4.2898550724637685	2.0806451612903225	0.007327558149417989	0.000146541120997921	0.004921865386981666	0.8148148148148148	16.52173913043478	1.002867168170568	4.948651000870322	2.1717171717171717	0.3386243386243386	0.6877659574468096	0.6803857137762535	0.8499421027511218	0.16613756613756614	0.8805369466481537	933	481	69
269_en	en	13.065420560747663	1.6623748211731044	9.121536908534221	7.227227874266308	0.31759656652360513	0.12017167381974249	0.6044349070100143	0.012160228898426323	0.00715307582260372	0.9345794392523364	0.7286947400081023	4.102803738317757	1.9375	0.00679118723962804	8.356245702592088e-05	0.003056314215112498	1.409871244635193	17.186915887850468	1.1172313261385547	4.867170626349892	2.2789115646258504	0.30758226037195996	0.7057890685142434	0.7696390120252542	0.893303087698388	0.17668097281831188	0.8776462477161057	1383	733	107
1809_en	en	14.024691358024691	1.6223591549295775	9.023467657798644	7.171873817596941	0.3362676056338028	0.09066901408450705	0.585387323943662	0.00528169014084507	0.006161971830985915	0.9876543209876543	0.7304015154771923	4.530864197530864	1.8931750741839763	0.00714108813318662	0.00011774065887230514	0.004043794014084507	1.3538732394366197	18.641975308641975	1.1541949650131444	4.8179419525065965	2.1645021645021645	0.31338028169014087	0.661513982642239	0.6694981387947101	0.7486983779538822	0.19014084507042253	0.8750689283740876	1126	603	81
770_en	en	14.44	1.5437277404036407	8.25758733676296	5.883313389790265	0.3450732093391373	0.0815195884447962	0.5864661654135338	0.006331618519984171	0.004748713889988128	0.9771428571428571	0.7135411468094839	4.742857142857143	2.082014388489209	0.00757046083713336	0.00010637726883018868	0.002602523378146647	1.6394934705184012	17.46857142857143	1.0494820422178521	5.048732943469785	2.2060085836909873	0.2338741590819153	0.6424135090609583	0.7026495599284968	0.7984032990716429	0.17965967550455086	0.8540466401157268	2500	1325	175
716_en	en	13.034782608695652	1.6324216144096064	8.756140267424659	6.2814203219537665	0.3208805870580387	0.11474316210807205	0.6104069379586391	0.009339559706470981	0.01000667111407605	0.9391304347826087	0.6988895771772645	4.3304347826086955	1.9900497512437811	0.006405994875537024	0.00014603069027431423	0.0035147809982774584	0.9779853235490327	15.469565217391304	1.0092109316472961	5.336322869955157	2.29136690647482	0.3068712474983322	0.6932714285714302	0.7699631891558587	0.9323429594716249	0.18812541694462975	0.8772802119636817	1488	802	115
512_en	en	13.263473053892216	1.6126410835214446	8.611919276571012	6.261036441789109	0.34085778781038373	0.09255079006772009	0.5896162528216704	0.004966139954853273	0.006772009029345372	0.9700598802395209	0.709892721655368	4.395209580838324	2.110223642172524	0.008437841731846502	0.0001062319646362098	0.0025886884668751423	1.8054176072234762	16.095808383233532	1.024752147519972	5.13932915591596	2.2547169811320753	0.24875846501128668	0.629281663516073	0.6636699675534494	0.7552296857251787	0.17923250564334087	0.8590351742177647	2198	1182	167
998_en	en	12.181818181818182	1.6761194029850746	8.939118046132972	7.41435223880597	0.31343283582089554	0.1126865671641791	0.5865671641791045	0.013432835820895522	0.010447761194029851	0.9636363636363636	0.7260712693685665	4.281818181818182	1.851948051948052	0.006090904530282089	0.00012513021050420168	0.0032815375178900023	1.5507462686567164	15.236363636363636	1.0717248777019528	5.126843657817109	2.1505791505791505	0.3253731343283582	0.720306204673651	0.7601128237163481	0.8873867584126492	0.1843283582089552	0.8834634557011728	1318	714	110
341_en	en	14.563636363636364	1.4812734082397003	7.568844399046647	4.707736629213484	0.2634207240948814	0.11235955056179775	0.5599250936329588	0.00686641697877653	0.012484394506866416	0.9545454545454546	0.710293467648826	4.445454545454545	1.8314350797266514	0.007827442097378278	0.00011802151238591915	0.0033123917683540735	0.7933832709113608	18.745454545454546	1.1256267715688468	4.550970873786408	2.159533073929961	0.2596754057428215	0.6451230871590132	0.7311789537619474	0.8310990266821764	0.20599250936329588	0.8641030210248644	1584	767	110
1586_en	en	12.505050505050505	1.648626817447496	8.740766142850152	6.99108677077724	0.3344103392568659	0.11389337641357028	0.6009693053311793	0.005654281098546042	0.012116316639741519	0.9696969696969697	0.7063790911671118	4.303030303030303	1.9777777777777779	0.008101511019378838	8.330837183308495e-05	0.003961843218709132	1.193053311793215	15.868686868686869	1.076312777603336	4.922495274102079	2.203252032520325	0.33360258481421645	0.6659438103599653	0.7520652521892521	0.9401002051400363	0.16882067851373184	0.8886204227886876	1227	671	99
1502_en	en	12.670103092783505	1.676973148901546	9.139623363223809	6.915817152491758	0.31000813669650124	0.10496338486574451	0.5939788445890968	0.005695687550854353	0.008950366151342554	0.9278350515463918	0.7125570932150699	4.278350515463917	1.8860398860398861	0.00724784567721725	0.00013002498046153847	0.0036550557299133376	1.1472742066720911	15.175257731958762	1.0538245808595255	5.230769230769231	2.237864077669903	0.30919446704637915	0.6699823008849523	0.70413119858293	0.8106320865776538	0.19528071602929212	0.8826697693141903	1214	650	97
413_en	en	13.811764705882354	1.514480408858603	7.667457059825633	5.605204401242609	0.31090289608177174	0.10902896081771721	0.5936967632027257	0.009369676320272573	0.0068143100511073255	0.9764705882352941	0.7139915691623766	4.435294117647059	1.946875	0.005980834314735946	0.00016294037334437086	0.0039646894842806256	0.9497444633730835	16.50588235294118	0.9944032876946991	5.020322354590049	2.3663793103448274	0.33475298126064734	0.6832000000000029	0.7846763916638432	0.9487018884995814	0.19420783645655879	0.8907185734641287	1157	604	85
317_en	en	10.401069518716577	1.6781491002570694	8.268576495332884	6.793858309390595	0.31568123393316194	0.11516709511568124	0.6102827763496144	0.005141388174807198	0.011311053984575836	0.8609625668449198	0.7114068596490211	3.5240641711229945	2.0499075785582255	0.0065507784018509	9.322361655566127e-05	0.002889236615625349	1.348586118251928	13.010695187165775	1.0942316722067342	5.040692989524577	2.281767955801105	0.24730077120822622	0.6557367280606732	0.6815775245962725	0.7609929799667285	0.18766066838046272	0.8526406653460634	1928	1051	187
1400_en	en	13.191011235955056	1.5153321976149914	7.43541431387937	5.769710843557989	0.28449744463373083	0.1303236797274276	0.5843270868824532	0.011073253833049404	0.013628620102214651	0.9550561797752809	0.731570785158135	4.247191011235955	1.8470588235294119	0.006632913572487223	0.00010748194683333332	0.004057611894068453	1.0681431005110733	16.089887640449437	1.0112602199481977	5.007638888888889	2.150197628458498	0.293015332197615	0.6805488372093083	0.6367807007232777	0.7338606836342898	0.1839863713798978	0.8625157995860872	1156	600	89
332_en	en	13.505050505050505	1.356768885564697	5.686842546633127	3.5141588797473613	0.3118922961854899	0.07329842931937172	0.5841436050860135	0.015706806282722512	0.01944652206432311	0.9797979797979798	0.738206445207978	4.282828282828283	1.8	0.006315551284592371	0.0001360990615727003	0.003980987767510314	0.9925205684367988	16.545454545454547	1.0597287819014125	4.651644336175396	2.112403100775194	0.31114435302916976	0.6716074313408716	0.7218988919650736	0.8676505065176054	0.19820493642483172	0.8792638445235337	1310	674	99
1776_en	en	13.073863636363637	1.6749239461103869	9.272909382284386	7.588033876575404	0.3194263363754889	0.12385919165580182	0.6153846153846154	0.009561060408518035	0.005649717514124294	0.9545454545454546	0.7346817741238294	4.573863636363637	1.947209653092006	0.007513870191543199	0.0001261871062302839	0.0019295958279009129	2.1590612777053453	16.204545454545453	1.0052672656217019	5.176776429809359	2.1984585741811173	0.29726205997392435	0.6822933696639574	0.7064023095027211	0.8065240805715542	0.17209908735332463	0.8871126780070807	2271	1268	176
356_en	en	13.721153846153847	1.593552908199019	8.565174316748426	6.087901520133686	0.2817098808689559	0.10161177295024527	0.5725297827610372	0.01051156271899089	0.008409250175192713	0.9711538461538461	0.7148114838504636	4.413461538461538	1.9416243654822336	0.00801298795816398	0.00011607625538243626	0.003514977586456213	0.964260686755431	18.01923076923077	1.130997833835738	4.782283884738527	2.271698113207547	0.29782761037140854	0.6819653614457847	0.7665403711470347	0.8797503924743385	0.19761737911702873	0.8784130126787963	1410	706	104
542_en	en	14.333333333333334	1.6404293381037567	9.35706618962433	6.6918463923673235	0.23434704830053668	0.11001788908765653	0.5644007155635062	0.011627906976744186	0.013416815742397137	0.9615384615384616	0.7377992239382839	4.461538461538462	1.8576271186440678	0.005816730399284436	0.00016443578551859098	0.004035952702997512	0.592128801431127	16.923076923076923	1.0126061083756428	5.211755840241145	2.2205882352941178	0.32379248658318427	0.6929931305201197	0.7268177910064297	0.8673581435052131	0.2075134168157424	0.8885399534150166	1102	511	78
713_en	en	11.682242990654206	1.5328	7.053114766355144	5.774527028037384	0.308	0.0912	0.5824	0.0096	0.0064	0.8878504672897196	0.6448416550855727	4.093457943925234	1.739946380697051	0.007482005920880001	0.00010023468890577507	0.004162962962962963	0.8832	14.317757009345794	1.0235507202489682	5.059691912708601	2.261992619926199	0.3088	0.671112076455257	0.7174888971762454	0.8039384604948704	0.2008	0.8758514837314438	1240	658	107
434_en	en	12.822784810126583	1.426456071076012	6.243067714646308	4.34696567158584	0.28232971372161897	0.09871668311944719	0.5863770977295163	0.012833168805528134	0.009871668311944718	0.9746835443037974	0.7234924778072733	4.0886075949367084	1.8231046931407942	0.006618626905231985	9.501922700587085e-05	0.004241161200687361	1.012833168805528	15.594936708860759	1.0447852578335537	4.96419853539463	2.349462365591398	0.32773938795656465	0.6849124726477008	0.7782519826476749	0.8651780104695005	0.21618953603158933	0.8788188134249068	1009	511	79
623_en	en	12.187845303867404	1.7021758839528558	9.24893509915199	7.432213899811165	0.3372620126926564	0.09474161378059837	0.584315503173164	0.004533091568449683	0.006346328195829556	0.9447513812154696	0.70492236690295	4.154696132596685	1.924219910846954	0.008583296387008159	0.00010277785639032815	0.0025687518887881535	1.7325475974614688	15.193370165745856	1.0685690531688985	5.219899062725307	2.2716346153846154	0.2638259292837715	0.661803512102526	0.661272707573268	0.7620088736896508	0.17225747960108795	0.8724788455922425	2188	1158	181
1499_en	en	11.96045197740113	1.6726499763816722	8.811845992490174	6.962373777518022	0.3023145961265942	0.11006140765233821	0.596126594237128	0.004251299008030231	0.004723665564478035	0.9491525423728814	0.7130419144300282	4.15819209039548	1.7668810289389068	0.006507562932357109	0.0001725019904583723	0.002272083136513935	1.5805384978743504	14.022598870056497	0.9884443205902407	5.465949820788531	2.302030456852792	0.28908833254605576	0.6909068384539246	0.6870521876934211	0.786893316775064	0.18516769012753898	0.8898981566800296	2096	1069	177
152_en	en	12.627272727272727	1.5471562275017998	7.591079848157602	5.048583815694744	0.3045356371490281	0.08279337652987762	0.5773938084953204	0.005039596832253419	0.01079913606911447	0.9272727272727272	0.7286843913799685	4.1454545454545455	1.897018970189702	0.006999568876169906	0.0001193625093256815	0.004067043057608023	0.9460043196544277	15.354545454545455	1.016493916421747	4.919506462984724	2.3992932862190814	0.29301655867530596	0.6694573643410857	0.7251189556175595	0.888692574447635	0.18862491000719941	0.8757490764053801	1376	697	110
1340_en	en	14.047058823529412	1.5720268006700167	8.438269189082668	6.515452154892108	0.31825795644891125	0.10552763819095477	0.583752093802345	0.007537688442211055	0.005862646566164154	0.9882352941176471	0.7186993793870493	4.8352941176470585	2.070381231671554	0.006846445157941206	0.0001160558808752026	0.0037757091468270314	1.1105527638190955	17.223529411764705	1.0077125990048799	4.989159891598916	2.201492537313433	0.33500837520938026	0.6723652968036544	0.7636256288735146	0.8942949451716672	0.16331658291457288	0.8913563414723285	1139	617	85
1310_en	en	14.307692307692308	1.6196236559139785	9.10155913978495	6.828872497932174	0.2916666666666667	0.10752688172043011	0.5672043010752689	0.0013440860215053765	0.006720430107526882	0.9423076923076923	0.728546460456635	4.769230769230769	1.9289099526066351	0.00834311714341398	8.266212933673468e-05	0.00641321044546851	0.6088709677419355	18.23076923076923	1.0768780704316245	4.8002103049421665	2.2421875	0.33736559139784944	0.6740465116279064	0.8335336551734576	0.8469449703710275	0.1935483870967742	0.8742466776940923	744	392	52
809_en	en	12.41904761904762	1.5046012269938651	7.00772304995618	5.069585927548934	0.32975460122699385	0.09049079754601227	0.5874233128834356	0.009969325153374233	0.011503067484662576	0.9428571428571428	0.7373435219138227	4.095238095238095	1.922872340425532	0.007592444736621089	0.0001222148192982456	0.004038055981595092	1.030674846625767	15.142857142857142	1.0040352277342668	4.938394523957685	2.234042553191489	0.30368098159509205	0.6584730290456466	0.8083796692651961	0.8987064211426973	0.17331288343558282	0.8722072370338332	1291	684	105
1061_en	en	13.02061855670103	1.5518606492478226	7.799996898237712	6.146726757597277	0.29453681710213775	0.11559778305621536	0.5851148060174188	0.014251781472684086	0.006334125098970704	0.979381443298969	0.7382360387931056	4.402061855670103	1.9594202898550726	0.00713687198915281	0.00010258082904761905	0.00327503059094508	1.2304038004750595	17.484536082474225	1.140960178308546	4.637910798122066	2.1706484641638224	0.31987331749802056	0.6866151202749156	0.6734869397800866	0.7831010788639681	0.18052256532066507	0.883856829980622	1237	630	97
119_en	en	11.924050632911392	1.4575371549893843	6.259318175710181	3.664614216990513	0.3184713375796178	0.0870488322717622	0.5912951167728238	0.006369426751592357	0.010615711252653927	0.9367088607594937	0.7106541347983935	3.9746835443037973	2.0077220077220077	0.007744745572929936	0.00012126961309012875	0.005358406632291982	0.6284501061571125	14.544303797468354	1.012493340934213	4.774332472006891	2.345744680851064	0.3375796178343949	0.646998813760378	0.8132209061234844	0.931843852352324	0.17834394904458598	0.8857834112781134	938	466	79
1214_en	en	9.83	1.657171922685656	7.798328687690741	7.008199601220754	0.31536113936927773	0.10376398779247202	0.5768056968463886	0.01017293997965412	0.007121057985757884	0.94	0.6856024753705117	3.48	1.8216783216783217	0.007222909230651067	9.19829234714004e-05	0.003979939676250647	1.2533062054933877	12.75	1.0481041525140926	4.848810437452034	2.219917012448133	0.34994913530010174	0.6714027149321271	0.8111954400976198	0.8772675578404542	0.18921668362156663	0.896441590223155	975	507	100
1307_en	en	10.451612903225806	1.5761316872427984	7.084482941723085	5.831655767954335	0.3065843621399177	0.11008230452674897	0.5915637860082305	0.006172839506172839	0.00720164609053498	0.9139784946236559	0.7119617900664781	3.3870967741935485	1.951851851851852	0.007488804742530864	7.598346848249028e-05	0.005604288499025342	0.5895061728395061	13.612903225806452	1.1279537389857595	4.754263565891473	2.273224043715847	0.34670781893004116	0.667800687285221	0.8504101138493528	0.8891941107339469	0.19444444444444445	0.8851738722179273	966	514	93
1217_en	en	11.782608695652174	1.6236162361623616	8.163888978020218	6.819111214503447	0.3311808118081181	0.09132841328413284	0.5876383763837638	0.006457564575645757	0.011992619926199263	0.9456521739130435	0.7219953016445597	3.6847826086956523	1.9839228295819935	0.008065986055258302	7.613556824561403e-05	0.004813820865481382	1.1909594095940959	15.619565217391305	1.1441880429904783	4.724896836313618	2.2095238095238097	0.29797047970479706	0.6599086294416234	0.656050998468373	0.7532236593203291	0.18726937269372693	0.8643415130668572	1075	570	92
602_en	en	14.155963302752294	1.5729099157485418	8.491162693906187	5.663503765451551	0.322099805573558	0.11730395333765392	0.6195722618276086	0.016202203499675955	0.01101749837977965	0.9908256880733946	0.705511617973834	4.486238532110092	2.053240740740741	0.006204467260401815	0.00015955872108508015	0.004037270380247124	0.8321451717433571	17.34862385321101	1.0083522389324857	5.203479177648919	2.170391061452514	0.2838626053143227	0.6427216066481967	0.7246599469842405	0.8225861523508992	0.18405703175631885	0.8620962163490197	1513	811	109
758_en	en	12.511278195488721	1.5769230769230769	7.897090803932908	5.52078595467033	0.29627403846153844	0.08533653846153846	0.5552884615384616	0.006009615384615385	0.007211538461538462	0.9774436090225563	0.7213954690676825	4.443609022556391	1.908296943231441	0.008231968666615986	0.00010422793860072376	0.0029396431881371643	1.3046875	14.93233082706767	1.0143418158323807	5.056726907630522	2.1914191419141913	0.27584134615384615	0.6499680511182095	0.7297180674138857	0.8594241744388679	0.20432692307692307	0.8733786658237256	1644	829	133
1121_en	en	10.813333333333333	1.660912453760789	8.225966954377316	6.458550369091656	0.3156596794081381	0.1282367447595561	0.6029593094944513	0.002466091245376079	0.009864364981504316	0.9466666666666667	0.7132675086467655	3.986666666666667	1.901639344262295	0.006616084267991246	0.0001319537442352941	0.004932182490752158	0.7879161528976573	13.386666666666667	1.0406312622572402	5.081612586037365	2.4251497005988023	0.37731196054254007	0.6946348314606732	0.8842720970769765	0.9822559657524911	0.18988902589395806	0.892696262575465	804	425	75
1196_en	en	13.783333333333333	1.599758162031439	8.662646311970981	6.163515292220878	0.30350665054413545	0.1596130592503023	0.6178960096735188	0.02176541717049577	0.009673518742442563	0.9666666666666667	0.7301589121844357	4.066666666666666	2.231132075471698	0.0059131118185006045	0.00010893021053811658	0.006045949214026602	0.5949214026602176	16.683333333333334	1.0073997146224938	4.985074626865671	2.093264248704663	0.3216444981862152	0.6375549450549467	0.771942963420324	0.7502430234126147	0.19588875453446192	0.856634991516754	808	446	60
668_en	en	11.843434343434344	1.6959488272921108	9.041135555986305	7.158177446102819	0.31471215351812365	0.11727078891257996	0.5974413646055438	0.0042643923240938165	0.004690831556503198	0.898989898989899	0.6995657945820138	4.0	1.9748520710059172	0.007871493923343284	9.653477659073056e-05	0.0021215351812366736	2.0631130063965886	15.186868686868687	1.0770240640591848	4.9649295313012125	2.2888888888888888	0.26609808102345417	0.6743143365984057	0.6647347294737554	0.7979840399587304	0.16929637526652452	0.8715018546917929	2332	1273	198
1457_en	en	16.246376811594203	1.5539696699375558	9.082929061784899	5.395685014673752	0.3184656556645852	0.12310437109723461	0.6119536128456735	0.01784121320249777	0.009812667261373774	0.9855072463768116	0.7243565252272149	4.797101449275362	1.9630872483221478	0.0061227836485281	0.0001393714804054054	0.005768658935474279	0.6369313113291704	19.304347826086957	0.9952084316092927	5.12143928035982	2.1588785046728973	0.2711864406779661	0.6265557729941322	0.750532391407774	0.8861716885344434	0.17484388938447815	0.8470535210085784	1115	592	69
1517_en	en	12.84375	1.6934306569343065	9.401544251824816	7.827665592051908	0.35685320356853206	0.1070559610705596	0.6326034063260341	0.0016220600162206002	0.0072992700729927005	0.9583333333333334	0.7133750462981145	4.166666666666667	2.066066066066066	0.006745670529521491	8.270227165697675e-05	0.004377176661418826	1.5158150851581509	16.697916666666668	1.0631701198877777	4.972205064854848	2.2469635627530367	0.2822384428223844	0.676507936507935	0.6540955540862429	0.7586273691531594	0.1711273317112733	0.8585327647287806	1226	688	96
563_en	en	12.558823529411764	1.4894613583138174	6.8835852045736345	4.820448096615696	0.28805620608899296	0.10616705698672912	0.5870413739266198	0.0078064012490242	0.00936768149882904	0.9705882352941176	0.7171802840440178	4.019607843137255	1.9708454810495626	0.007317808618969556	9.120706476043277e-05	0.003747072599531616	0.7291178766588603	15.784313725490197	1.066111530673799	4.804428044280443	2.2620087336244543	0.32786885245901637	0.6775549915397627	0.8568240580581437	0.9892252448536465	0.1865729898516784	0.8883012008787462	1274	647	102
1730_en	en	14.046875	1.6802002224694104	9.714643875139043	7.42530602057842	0.31090100111234703	0.10567296996662959	0.5984427141268076	0.01167964404894327	0.006674082313681869	0.984375	0.7392825469303895	4.4453125	1.8133333333333332	0.006898357467296996	0.00011366886279069767	0.002325278678437034	1.8058954393770856	17.6328125	1.0490038278585672	5.091308165057067	2.122340425531915	0.3325917686318131	0.7112360211889412	0.7885734890574163	0.859493225902733	0.19299221357063404	0.9028005885022922	1773	946	128
572_en	en	12.729411764705882	1.6913123844731979	9.33195672501903	7.258819754267696	0.3022181146025878	0.12754158964879853	0.6025878003696857	0.0046210720887245845	0.012939001848428836	0.9411764705882353	0.7115064244832598	4.105882352941176	1.9897260273972603	0.006517269035489833	0.00010374140931899642	0.005565378124246564	0.7523105360443623	15.458823529411765	1.0301920599439363	5.1895375284306295	2.2285714285714286	0.27726432532347506	0.6574160732451705	0.7904915349495619	0.9657984933685102	0.18484288354898337	0.8408947097211864	1068	558	85
980_en	en	11.8	1.516656925774401	6.908551724137933	5.404120140268848	0.32846288720046757	0.08123904149620105	0.5803623611922852	0.01694915254237288	0.008766803039158387	0.9655172413793104	0.7316075128190347	4.179310344827586	1.8453815261044177	0.007362873228638224	0.00012245990034843204	0.002784362912811353	1.5932203389830508	15.020689655172413	1.0878500533183768	4.762272727272728	2.1594594594594594	0.3167738164815897	0.6930583126550891	0.8146008702719517	0.9024113709950041	0.18410286382232613	0.8902150089432341	1687	861	145
665_en	en	13.431654676258994	1.670594536689877	9.361360856681557	6.778972983241688	0.3352972683449384	0.08730583824317087	0.580074986609534	0.011247991430101767	0.0032137118371719335	0.935251798561151	0.7440601400896417	4.776978417266187	1.8809106830122593	0.007943605698843063	0.0001209540356092437	0.0027364279009582802	1.723085163363685	16.52517985611511	1.0445085024219862	5.076823478636167	2.2073863636363638	0.2570969469737547	0.6399434389140272	0.7164040478204796	0.8645267088515123	0.16818425281199786	0.8582121772691201	1851	952	139
797_en	en	16.320987654320987	1.4962178517397882	8.430555835714689	5.487545383911394	0.3237518910741301	0.1021180030257186	0.5877458396369137	0.007564296520423601	0.012859304084720122	0.9753086419753086	0.7062152998805394	5.061728395061729	1.9625668449197862	0.007821383338880484	0.00010303068270676691	0.0036543009950778804	1.5090771558245084	20.432098765432098	1.0454345716555562	4.866022933011466	2.2096774193548385	0.30181543116490167	0.6846933769419471	0.7294610820375539	0.867256544852891	0.1800302571860817	0.8770200527701427	1314	665	81
422_en	en	11.935779816513762	1.5234435049961568	7.041587487395017	5.046088980248081	0.30361260568793236	0.08455034588777863	0.568793235972329	0.006149116064565719	0.006149116064565719	0.9541284403669725	0.7064936730783413	4.064220183486238	1.9331476323119776	0.008056191440153727	0.000151327373155416	0.0034588777863182167	1.094542659492698	14.174311926605505	0.983522217259044	5.11068211068211	2.4358974358974357	0.31129900076863953	0.6547920133111493	0.8020534556738234	0.922449676348512	0.20368946963873943	0.8859401963752584	1289	637	109
794_en	en	13.481081081081081	1.665196471531676	9.316939985695402	6.756699146492122	0.35605453087409783	0.08660785886126704	0.5966319165998396	0.00400962309542903	0.007618283881315156	0.9297297297297298	0.7031834986795648	4.413978494623656	2.049088359046283	0.008085622198444267	8.673666218424963e-05	0.002284552693907238	1.9703287890938253	16.301075268817204	1.0149428154598494	5.126391617550753	2.2423625254582484	0.2518043303929431	0.6585553235908237	0.6806226842998356	0.7826820296765835	0.16960705693664796	0.86719446066114	2470	1346	186
359_en	en	12.222222222222221	1.4357142857142857	6.11809523809524	3.8351529581529578	0.2798701298701299	0.10519480519480519	0.5675324675324676	0.005194805194805195	0.00974025974025974	0.9682539682539683	0.7107079624941642	4.071428571428571	1.731818181818182	0.006803984427012987	0.0001382341679144385	0.0035219018269865726	0.714935064935065	15.285714285714286	1.0551334881765848	4.718200620475698	2.2443729903536975	0.29935064935064937	0.6510548230395534	0.7791724528632549	0.8950419757335415	0.19350649350649352	0.8860925041311142	1526	748	126
1655_en	en	14.148148148148149	1.5922774869109948	8.716652123327517	6.420177700213302	0.3344240837696335	0.10340314136125654	0.6014397905759162	0.01112565445026178	0.009162303664921465	0.9907407407407407	0.7219952142474424	4.37962962962963	2.0863309352517985	0.00674618772473822	0.00010858847709359605	0.003323247433195077	1.4450261780104712	16.90740740740741	1.0187609392694075	5.092140921409214	2.1649122807017545	0.3030104712041885	0.6802729181245618	0.7374399692859689	0.8500314382891774	0.17604712041884818	0.8748094523306537	1506	812	108
539_en	en	13.04	1.5904907975460123	8.263391411042946	6.086249145194275	0.31441717791411045	0.09406952965235174	0.5848670756646217	0.009202453987730062	0.011247443762781187	0.9666666666666667	0.7069188932794029	4.206666666666667	1.9053571428571427	0.007388441948977505	0.00013539724562118126	0.0027674046412376634	1.5199386503067485	16.226666666666667	1.0563511897854057	4.895637994292703	2.2942528735632184	0.26278118609406953	0.6767797522886444	0.6188503858106618	0.7579518079655402	0.18149284253578732	0.8659652615226995	1928	982	150
1764_en	en	13.25531914893617	1.6179775280898876	8.671709299545782	6.199323069567297	0.29213483146067415	0.09390048154093097	0.5714285714285714	0.002407704654895666	0.0056179775280898875	0.9787234042553191	0.7091267082511218	4.329787234042553	1.8166666666666667	0.008751826939085073	9.64224662992126e-05	0.0033758821880812253	1.0930979133226324	17.48936170212766	1.0979146109619082	4.717575757575758	2.2409638554216866	0.3130016051364366	0.6694507410636477	0.6751207007947531	0.7849571772399067	0.1998394863563403	0.888390831181153	1244	635	94
791_en	en	14.157534246575343	1.6676342525399128	9.609522536135358	6.845066673293968	0.3270440251572327	0.10256410256410256	0.5902273826802129	0.006289308176100629	0.0077406869859700045	0.9863013698630136	0.7246745149027725	4.5479452054794525	2.021996615905245	0.008005396884731494	0.00010231193020928116	0.0026877385367951403	1.7847121432027093	17.86986301369863	1.0643107723027176	5.044257916825639	2.1933174224343674	0.27189163038219644	0.674181910569115	0.6618955890774252	0.757250529504235	0.17658442186744072	0.8692715167368364	2043	1099	146
1163_en	en	12.486486486486486	1.621212121212121	8.41003276003276	6.9558682461682455	0.31277056277056275	0.10173160173160173	0.5746753246753247	0.006493506493506494	0.00974025974025974	0.972972972972973	0.7449137200865962	4.256756756756757	1.9	0.007426306074891775	0.00012742144116424116	0.005134400483237693	0.7532467532467533	15.824324324324325	1.1140593837309296	4.897196261682243	2.1923076923076925	0.3474025974025974	0.6783757575757585	0.7700513225591663	0.8993153743944414	0.17857142857142858	0.8881014914358301	913	481	74
1262_en	en	13.903508771929825	1.5173501577287065	7.737100282251369	5.53872029442692	0.2769716088328076	0.08643533123028391	0.5526813880126183	0.0138801261829653	0.010094637223974764	0.956140350877193	0.7111322968865788	4.37719298245614	2.0096153846153846	0.008800334455583597	0.0001148883338983051	0.0028552940224864515	1.4593059936908517	16.74561403508772	1.0176913929812565	4.9015625	2.1103896103896105	0.2725552050473186	0.6677523553162868	0.7609633375476518	0.8431587927406518	0.18990536277602524	0.8693357951958299	1562	767	114
698_en	en	13.626086956521739	1.502233567326101	7.450530007491473	4.867314923559279	0.2948308870453095	0.0797702616464582	0.5756222080408424	0.010848755583918315	0.008296107211231652	0.9739130434782609	0.7230317188177975	4.086956521739131	1.9239904988123515	0.008482403000561583	0.00010580447179487178	0.003954512642932617	0.9272495213784301	17.556521739130435	1.0945825749063534	4.680157946692991	2.241496598639456	0.2750478621569879	0.642138964577659	0.7650136948799974	0.9156408757470849	0.19719208679004468	0.8666746343888961	1559	780	115
77_en	en	15.069767441860465	1.4459876543209877	7.34986362331324	4.513415116279071	0.2623456790123457	0.08796296296296297	0.5648148148148148	0.015432098765432098	0.013117283950617283	0.9883720930232558	0.6995544332368225	4.744186046511628	1.9820359281437125	0.007751266039274692	0.00012498660147540984	0.0034519168291098114	0.7052469135802469	17.651162790697676	1.0224813355522102	4.9302631578947365	2.2561576354679804	0.30709876543209874	0.663441938178784	0.7257426672192121	0.8769500337014826	0.2052469135802469	0.879698008300654	1281	610	86
941_en	en	11.65891472868217	1.5777925531914894	7.574928871845621	6.519835968167573	0.3125	0.10172872340425532	0.5910904255319149	0.015957446808510637	0.008643617021276596	0.9457364341085271	0.7266367566051896	3.751937984496124	1.8775510204081634	0.00726012983474734	9.054334643765903e-05	0.0026973525145067697	1.891622340425532	15.418604651162791	1.114265802966931	4.783649052841476	2.1343283582089554	0.3304521276595745	0.7059145907473324	0.6653298029621285	0.7453738574361113	0.18816489361702127	0.891774282286937	1487	786	129
1127_en	en	14.761904761904763	1.6048387096774193	9.104239631336409	6.2193840245775736	0.2903225806451613	0.1217741935483871	0.5766129032258065	0.00967741935483871	0.008870967741935484	0.9523809523809523	0.7278385792825297	4.714285714285714	2.0205882352941176	0.007762714547580645	7.62907971473851e-05	0.003603017689906348	1.1733870967741935	18.464285714285715	1.0312431129400987	4.89551282051282	2.125	0.2991935483870968	0.6648203330411948	0.6414785316554248	0.7049637004574144	0.17661290322580644	0.8717441029704557	1229	631	84
1379_en	en	14.68	1.592059166991047	8.92149817049436	6.745280351887893	0.32541845075905024	0.11794472557415336	0.6142467886337096	0.0070066173608407945	0.007785130400934216	0.9771428571428571	0.7222584892775387	4.581920903954802	1.9724137931034482	0.006300606257960296	0.00018783162269399704	0.0018350664516487794	2.491241728298949	17.76271186440678	1.0178981563007115	5.1461951373539625	2.2758620689655173	0.2526274815103153	0.690048582995967	0.7645846001175609	0.8881287748499062	0.17905799922148696	0.8678132763247437	2515	1366	177
500_en	en	13.675324675324676	1.479582146248813	7.202445949112619	4.822967277167278	0.2459639126305793	0.0892687559354226	0.5574548907882241	0.008547008547008548	0.010446343779677113	0.935064935064935	0.7234835617115144	3.909090909090909	2.0803212851405624	0.00796441421054131	9.929228037190082e-05	0.004774004774004774	0.46438746438746437	16.5974025974026	1.0540098422064954	4.854573885848319	2.269662921348315	0.32098765432098764	0.663920335429768	0.8421231056572064	0.9915096140403749	0.2127255460588794	0.8838170111654948	1052	484	77
410_en	en	12.858490566037736	1.6382978723404256	8.756726214371739	7.034103232326029	0.29273661041819515	0.09684519442406456	0.5957446808510638	0.00880410858400587	0.006603081438004402	0.9716981132075472	0.7216334726599463	3.9716981132075473	1.8091397849462365	0.007151537377351725	0.00011046663150887573	0.003053385697639291	1.2780630961115187	16.0	1.0368250572482172	5.088355763604447	2.216949152542373	0.33088774761555395	0.7025791139240576	0.7347168743195975	0.9163760802185454	0.1966250917094644	0.8936269732233184	1350	676	106
431_en	en	13.984848484848484	1.5460455037919827	8.107427853836306	5.61040642831347	0.26977248104008666	0.10400866738894908	0.5547128927410617	0.0065005417118093175	0.007583965330444204	0.9696969696969697	0.7437635666328251	4.454545454545454	1.614814814814815	0.007191580879174431	0.00010282082735849056	0.004256307073208481	0.6489707475622969	18.015151515151516	1.1085568510101538	4.635294117647059	2.296511627906977	0.34994582881906827	0.6836407766990298	0.7641224794993943	0.876236194742497	0.20910075839653305	0.9017456976785988	917	424	66
1301_en	en	13.218181818181819	1.7895460797799174	10.681734650493937	8.32096720770289	0.265474552957359	0.1361760660247593	0.5873452544704264	0.0041265474552957355	0.015130674002751032	0.9454545454545454	0.7396157752826996	4.127272727272727	2.0	0.007427516204539202	8.307232915601023e-05	0.006060866574965612	0.5557083906464925	17.12727272727273	1.1319401703599359	4.9406150583244965	2.272727272727273	0.3425034387895461	0.6456369426751586	0.7896509099275878	0.8375858368885315	0.20220082530949107	0.8737127267836476	727	391	55
1589_en	en	13.407766990291263	1.563359884141926	8.086675759088322	5.148675816736149	0.3272990586531499	0.09196234612599566	0.5887038377986966	0.005792903692976104	0.005068790731354091	0.970873786407767	0.7303144084942025	4.194174757281553	1.9081885856079404	0.007605981988124548	0.00012352019702300404	0.0038290215697891292	1.1962346125995655	16.359223300970875	1.0258501213880917	4.960331557134399	2.1780821917808217	0.2990586531498914	0.6571372854914177	0.6542711081850745	0.7517587899548844	0.18971759594496743	0.8737593962001816	1373	739	103
1472_en	en	14.569620253164556	1.5734144222415292	8.658442081184223	6.1737164402995734	0.2849695916594266	0.11989574283231973	0.58123370981755	0.009556907037358819	0.005212858384013901	0.9746835443037974	0.7090433832948616	4.443037974683544	1.97444089456869	0.007326124305212859	9.580803922558922e-05	0.004579351288734434	0.7437011294526499	17.772151898734176	1.0342533891120211	4.990042674253201	2.1548672566371683	0.30929626411815814	0.6657319391634956	0.6853816587401165	0.7618778196632483	0.19374456993918332	0.8682139065425339	1139	594	79
1755_en	en	14.068783068783068	1.5738999623918766	8.468844953049544	5.753487065392369	0.29559984956750657	0.10267017675817977	0.575028206092516	0.008273787138021812	0.008273787138021812	1.0	0.7321544859094411	4.592592592592593	1.8297297297297297	0.007181714918465589	0.00011063323416102332	0.002078343659072465	1.741256111320045	17.04232804232804	1.0297228223628605	5.0449645826917155	2.2114989733059547	0.2508461827754795	0.6924257812500128	0.6286867634417486	0.738210712215792	0.19744264761188415	0.8750361472318511	2625	1329	189
1454_en	en	16.5	1.4266994266994266	7.680053235053233	4.84522506142506	0.3046683046683047	0.08271908271908272	0.5454545454545454	0.004914004914004914	0.009828009828009828	0.9594594594594594	0.7273171164625655	5.243243243243243	1.9472140762463344	0.008334758094512696	0.00012426594165261382	0.00440771349862259	0.9574119574119574	19.85135135135135	1.0362924662601354	4.736376021798365	2.160377358490566	0.28255528255528256	0.6448841354723667	0.7045370301493078	0.748888046474159	0.18018018018018017	0.87087115654433	1186	593	74
503_en	en	13.18095238095238	1.5245664739884393	7.54045582163501	5.687749746765759	0.2666184971098266	0.09176300578034682	0.555635838150289	0.012283236994219654	0.010115606936416185	0.9333333333333333	0.7175900557283372	4.219047619047619	1.839572192513369	0.007766198190462428	0.00010821993158705701	0.003309714711914973	0.9190751445086706	16.457142857142856	1.0784530717082095	4.923655292076345	2.169230769230769	0.29624277456647397	0.6812996108949416	0.7454713897179442	0.8966483108725056	0.21893063583815028	0.8828796393264222	1357	649	105
1676_en	en	14.0	1.5394088669950738	8.035024630541873	5.912088998357963	0.2947454844006568	0.1330049261083744	0.5862068965517241	0.006568144499178982	0.0090311986863711	0.9770114942528736	0.7331279966299551	4.413793103448276	1.9941002949852507	0.007926520490755335	9.621898216560509e-05	0.00351288056206089	1.1880131362889983	17.701149425287355	1.0798049175411017	4.836774193548387	2.213709677419355	0.30870279146141216	0.6569615728328916	0.87901658492106	1.0007085572089767	0.16338259441707717	0.8768240619690191	1205	628	87
785_en	en	15.630434782608695	1.6091794158553547	9.49418667231058	6.464426312712907	0.3101529902642559	0.09318497913769123	0.5762633286972647	0.007417709782104775	0.006490496059341678	0.9782608695652174	0.6952042933889392	5.144927536231884	1.8722397476340693	0.007327575781604914	0.0001242223264388489	0.0025546669757379077	1.4274455261937877	18.282608695652176	0.996552734252005	5.2569060773480665	2.2311688311688314	0.25915623551228556	0.6625267249757181	0.7053967563945208	0.8104066482054979	0.20027816411682892	0.8710181359762393	2137	1112	138
611_en	en	14.666666666666666	1.4780564263322884	7.571065830721004	5.125229049111808	0.311128526645768	0.10579937304075235	0.5979623824451411	0.008620689655172414	0.007053291536050157	0.9770114942528736	0.7207466966234777	4.597701149425287	1.9767441860465116	0.006932940489482758	0.00012357642320359283	0.003543682704102494	1.3213166144200628	18.7816091954023	1.0865145580384092	4.625991458206223	2.2278481012658227	0.30329153605015674	0.6820645709430786	0.7435076695477284	0.8873462881967288	0.20141065830721003	0.8706503046984102	1266	668	87
482_en	en	12.046153846153846	1.4853128991060025	6.634692209450829	5.080432376461342	0.280970625798212	0.09961685823754789	0.5708812260536399	0.007662835249042145	0.0140485312899106	0.9230769230769231	0.7314165918302178	3.9384615384615387	1.7321428571428572	0.005328784848020434	0.0001705236549865229	0.005959982971477225	0.5478927203065134	14.430769230769231	1.0079160251273616	5.210191082802548	2.275	0.367816091954023	0.7060526315789489	0.7360659703173893	0.8951105936868202	0.20178799489144317	0.8930059644395468	775	371	65
146_en	en	13.015151515151516	1.649592549476135	8.951101174727487	6.471191540551028	0.28637951105937137	0.1140861466821886	0.5657741559953434	0.009313154831199068	0.009313154831199068	0.9393939393939394	0.7356665463175114	4.075757575757576	2.0308370044052864	0.007314905141676368	0.00012112338255528256	0.004940515062892189	0.6204889406286379	15.757575757575758	1.0182465824165814	5.053130929791271	2.3646408839779007	0.3457508731082654	0.6659868421052635	0.8211143569377118	0.9273573533563513	0.19674039580908032	0.8922381176199815	843	407	66
1094_en	en	13.25	1.4699828473413379	6.923297598627787	4.321343396226415	0.29845626072041165	0.10034305317324185	0.5874785591766724	0.002572898799313894	0.009433962264150943	0.9772727272727273	0.7093262174390562	4.3977272727272725	1.914012738853503	0.0077162101042024004	0.0001378733025	0.0043043464189779605	0.9819897084048027	15.931818181818182	1.016158068435585	4.913597733711049	2.36734693877551	0.32246998284734135	0.6762230552952219	0.7612781792870963	0.8900428211132384	0.20926243567753003	0.885804126905155	1163	600	88
1481_en	en	14.013333333333334	1.6641294005708849	9.511926926736443	6.9442995521725335	0.30922930542340626	0.13035204567078973	0.5803996194100857	0.0019029495718363464	0.005708848715509039	0.9866666666666667	0.683840420255721	4.1466666666666665	2.0	0.00804545368192198	8.281258127272728e-05	0.004757373929590866	0.6336822074215034	18.946666666666665	1.1761077300930032	4.727400140154169	2.220657276995305	0.34538534728829684	0.6686974789915973	0.8873927681677084	0.9786379983857427	0.1779257849666984	0.8912979943962192	1049	550	75
257_en	en	12.282828282828282	1.5164473684210527	7.094381977671453	5.2784668494152065	0.3042763157894737	0.09539473684210527	0.6044407894736842	0.012335526315789474	0.007401315789473684	0.9797979797979798	0.7203680810493025	4.222222222222222	1.8112094395280236	0.0057016054386019735	0.000156589386846543	0.004969965675057208	0.6661184210526315	14.404040404040405	1.0097317798880345	5.282729805013927	2.360189573459716	0.3157894736842105	0.681477170993736	0.794624931652622	0.9757230980208353	0.19161184210526316	0.8819170458937458	1207	593	99
545_en	en	14.535433070866143	1.4414951245937162	7.088461367843646	4.1632442361010416	0.31365113759479957	0.08342361863488625	0.6061755146262189	0.0065005417118093175	0.010292524377031419	0.968503937007874	0.7144151024844044	4.456692913385827	2.0172786177105833	0.0065966966743228606	0.00017113523080213903	0.003430841459010473	0.8867822318526544	16.866141732283463	0.99147763891282	5.120930232558139	2.2679738562091503	0.25189599133261104	0.6537836290784274	0.7072813627912463	0.8657053880631708	0.19555796316359697	0.8576022444720246	1830	935	127
590_en	en	11.90625	1.6312335958005248	8.301993930446194	5.919097703412073	0.2926509186351706	0.11811023622047244	0.5708661417322834	0.0026246719160104987	0.015748031496062992	0.984375	0.7439463200570253	3.859375	1.9611650485436893	0.006566378584514436	0.00011847352694300517	0.006519346372026077	0.520997375328084	15.3125	1.1259565562168876	4.742886178861789	2.3576642335766422	0.3543307086614173	0.6549019607843136	0.8135583421672297	0.9521772830881037	0.18503937007874016	0.8827466308906619	756	386	64
71_en	en	13.267326732673267	1.7343283582089553	10.049332052608246	7.896968671494015	0.2835820895522388	0.10671641791044777	0.5604477611940298	0.0037313432835820895	0.007462686567164179	0.9603960396039604	0.7629595858687683	4.435643564356436	1.7054263565891472	0.006574183462985075	0.0001121916647676162	0.0032101397773039563	0.994776119402985	16.465346534653467	1.038993245121927	5.285886610373945	2.3613138686131387	0.341044776119403	0.6923609991941985	0.7262474368377977	0.8217999779790387	0.2	0.9068651803298985	1326	667	101
1562_en	en	12.857142857142858	1.6757575757575758	9.198225108225113	7.171451659451659	0.29797979797979796	0.1292929292929293	0.5838383838383838	0.00909090909090909	0.006060606060606061	0.8961038961038961	0.6798483864473145	4.363636363636363	1.7637540453074434	0.007579705485252526	0.00013205807999999998	0.004152637485970819	1.2515151515151515	16.12987012987013	1.05944951119945	5.1016	2.308108108108108	0.3323232323232323	0.6595735129068476	0.7607036355056334	0.8504726898616564	0.18787878787878787	0.8851050880519021	981	505	77
953_en	en	13.847222222222221	1.5576730190571715	8.190958291541289	5.680656759166389	0.3159478435305918	0.07723169508525576	0.5576730190571715	0.012036108324974924	0.013039117352056168	0.9722222222222222	0.7207141625350952	4.486111111111111	1.8779661016949152	0.007390263114643932	0.00014425444389721628	0.0037780006686726846	1.160481444332999	18.319444444444443	1.1635260779714793	4.618291761148904	2.123762376237624	0.3640922768304915	0.7092984409799554	0.7789326661811584	0.8616743856675514	0.17753259779338015	0.9053404355745717	974	467	72
1280_en	en	13.11320754716981	1.5496402877697841	7.809906339079678	5.123147006922764	0.3294964028776978	0.11079136690647481	0.6007194244604317	0.0057553956834532375	0.0057553956834532375	0.9622641509433962	0.7176547443535504	4.09433962264151	1.948019801980198	0.007148201767697842	0.0001049702983805668	0.004210402170067225	1.0633093525179855	15.952830188679245	1.0116407050057652	4.965982404692082	2.242320819112628	0.302158273381295	0.6581022463206845	0.7205161769782678	0.830236886774952	0.18633093525179856	0.8719810589488246	1370	741	106
599_en	en	14.128378378378379	1.7097082735533238	10.09462519549679	7.615921010249847	0.3400286944045911	0.11525585844093734	0.6001912960306074	0.010521281683405069	0.0052606408417025345	0.9662162162162162	0.7067866069831752	4.371621621621622	2.049099836333879	0.009247302958220946	9.127376582167832e-05	0.0026140695444647195	1.8034433285509326	17.844594594594593	1.045734546591114	5.134288947566956	2.1608695652173915	0.266857962697274	0.6323895582329347	0.6696692513068873	0.7795590602435103	0.14538498326159732	0.8652828955354294	2063	1144	148
1697_en	en	14.306930693069306	1.5342560553633218	8.09392442358423	5.546973483161465	0.25882352941176473	0.12525951557093426	0.5730103806228374	0.008304498269896194	0.006228373702422145	0.9900990099009901	0.7127010706641341	4.405940594059406	2.044973544973545	0.008566627059653978	8.504938436213993e-05	0.003447625039320541	0.6269896193771626	18.297029702970296	1.1107628333477966	4.742995689655173	2.2198275862068964	0.2885813148788927	0.6406760772659684	0.8021158996437483	0.8817853113085812	0.2027681660899654	0.8731837235264653	1436	729	101
1538_en	en	14.602836879432624	1.587178241864983	8.833809636985524	6.378027060578193	0.2996600291403594	0.1253035454103934	0.5939776590577951	0.007770762506070908	0.006799417192812044	0.9787234042553191	0.6945459492543776	4.702127659574468	1.9290657439446366	0.0075873175215152985	0.00010316016309963099	0.002514705088770169	1.4652744050509956	17.26950354609929	1.0139744733540341	5.270347648261759	2.201729106628242	0.26857697911607575	0.6645612244898035	0.7145020022398858	0.8130388531716877	0.18406993686255463	0.8706553626146953	2043	1084	141
1571_en	en	14.887755102040817	1.5681973954763537	8.720953756416893	6.3400242911695175	0.341329677861549	0.09801233721727211	0.6141192597669637	0.013708019191226868	0.006854009595613434	0.9795918367346939	0.7156311014405164	4.530612244897959	1.9282296650717703	0.006373459725154215	0.00010878951946902656	0.0038173025664458154	1.2810143934201508	18.183673469387756	1.032345227618443	5.032565974171813	1.9903536977491962	0.3132282385195339	0.6798897058823533	0.7840278723279048	0.8732719040286664	0.18094585332419466	0.8730316157798298	1430	791	98
377_en	en	13.960526315789474	1.46559849198869	7.1486674686244385	4.718945523091424	0.3006597549481621	0.117813383600377	0.6107445805843544	0.013195098963242224	0.010367577756833177	0.9605263157894737	0.707798192248517	3.986842105263158	2.0892193308550184	0.005875743851366635	0.00020315127802607075	0.006008482563619227	0.5598491988689915	16.592105263157894	1.0024815722141125	5.034672970843183	2.3018018018018016	0.2780395852968897	0.6271101871101865	0.8818678699935844	1.00574951308209	0.20263901979264845	0.8428760694624426	1033	537	76
1364_en	en	12.091954022988507	1.5541825095057034	7.465215681132818	5.301232887548621	0.3365019011406844	0.10551330798479087	0.6045627376425855	0.009505703422053232	0.006653992395437262	0.9540229885057471	0.7141785180508113	3.954022988505747	1.8601823708206686	0.007143840616159696	0.00010208743729433272	0.0044993662864385294	1.2661596958174905	15.701149425287356	1.079289080207075	4.653901734104046	2.189075630252101	0.32509505703422054	0.7023819517313771	0.8398097567925231	0.8959044155162794	0.155893536121673	0.8706451425298276	1038	547	87
536_en	en	13.488095238095237	1.5366284201235658	7.802572500315218	5.455964157525324	0.2815533980582524	0.1235657546337158	0.5807590467784642	0.00264783759929391	0.00794351279788173	0.9642857142857143	0.7435856133323578	4.178571428571429	1.9836601307189543	0.007246693423830538	0.00011494214030354131	0.004250950159410631	0.7431597528684908	16.916666666666668	1.0896832433616295	4.886395511921458	2.3106796116504853	0.3292144748455428	0.6923597678916914	0.7346952775728379	0.9152770658161997	0.205648720211827	0.8868892826543938	1128	593	84
1139_en	en	9.590361445783133	1.7462311557788945	8.755768602046377	7.390443107101774	0.3241206030150754	0.0829145728643216	0.5954773869346733	0.01507537688442211	0.017587939698492462	0.9036144578313253	0.733402547660835	3.325301204819277	1.7191489361702128	0.0062255618483668335	0.00010741362176039119	0.005105313803057843	0.9409547738693468	12.795180722891565	1.0949086440949916	4.927643784786642	2.3461538461538463	0.3655778894472362	0.6754232424677171	0.8323866544580211	0.9162295160284779	0.21231155778894473	0.8875608407122448	786	409	83
1148_en	en	10.032967032967033	1.6024096385542168	7.231290877796901	5.753004968525451	0.32968236582694416	0.1171960569550931	0.6166484118291348	0.0065717415115005475	0.00547645125958379	0.9010989010989011	0.7313661873424514	3.6483516483516483	1.8981132075471698	0.006736930403614457	8.23055830078125e-05	0.004556407447973713	0.9364731653888281	12.824175824175825	1.0331730093013962	4.880772460117548	2.2711111111111113	0.3822562979189485	0.6964742014742031	0.69204196806319	0.8340620743081802	0.1927710843373494	0.8991952378799837	907	512	91
389_en	en	13.396039603960396	1.5883222468588323	8.376657958478777	5.782896166201986	0.2572062084257206	0.1345158906134516	0.5742793791574279	0.012564671101256468	0.011825572801182557	0.9603960396039604	0.7130379370137545	4.158415841584159	1.989041095890411	0.007062345925646711	0.00011507941138461538	0.0033259423503325942	0.8906134515890614	16.207920792079207	1.0457754987567291	5.1180428134556575	2.1848739495798317	0.29785661492978566	0.6767862838915516	0.745348271234775	0.8941275130493637	0.18994826311899482	0.8790730946183098	1337	650	101
1406_en	en	13.96938775510204	1.5544192841490139	8.200208777448161	5.552909536232317	0.31921110299488675	0.08619430241051863	0.5858290723155588	0.01168736303871439	0.008035062089116142	0.9897959183673469	0.7064716967892399	4.377551020408164	1.989769820971867	0.007300345355076699	9.681078728571429e-05	0.003951669879893186	0.9722425127830533	17.428571428571427	1.0667612996005795	4.860981308411215	2.1666666666666665	0.30168005843681517	0.650897637795276	0.7310936611650141	0.8349874775466831	0.20014609203798392	0.8776251689592752	1349	700	98
1779_en	en	12.134751773049645	1.6604324956165986	8.735656639765228	6.417150835436951	0.3343074225599065	0.11046171829339567	0.614260666277031	0.010520163646990065	0.013442431326709527	0.9290780141843972	0.724127595677698	3.99290780141844	2.010460251046025	0.006581989622676797	0.00013883666347826087	0.0031766768659538627	1.483343074225599	15.106382978723405	1.0197142778542265	5.2051044083526685	2.253071253071253	0.28112215078901226	0.6566563275434238	0.7421697097995914	0.8472547883527087	0.18994739918176504	0.8665268479650726	1689	920	141
869_en	en	15.685714285714285	1.6059502125075895	9.477641079018131	6.557244628328563	0.3132969034608379	0.1050394656952034	0.5719489981785064	0.00546448087431694	0.012750455373406194	0.9714285714285714	0.7062066777574427	5.085714285714285	1.834008097165992	0.00659475208372799	0.0001595220663107948	0.003446300144522264	1.230722525804493	19.20952380952381	1.073935560752817	5.035485460818137	2.199275362318841	0.26958105646630237	0.6816343669250655	0.7043640888270845	0.7974931739609344	0.18032786885245902	0.8652180801758064	1634	843	105
350_en	en	13.834710743801653	1.4958183990442055	7.456194298804274	4.643575822743564	0.2724014336917563	0.11409796893667862	0.5824372759856631	0.018518518518518517	0.016726403823178016	0.9834710743801653	0.7294345582964091	4.115702479338843	1.8733624454148472	0.006427164797670251	0.00015095144847374848	0.003189045124528995	0.9396654719235364	16.65289256198347	1.0110455092190485	4.9357707509881426	2.1076487252124645	0.2819593787335723	0.7016380952381027	0.6874363242954786	0.8251266272437757	0.18936678614097968	0.8745370486715254	1640	819	121
1187_en	en	14.029126213592233	1.5709342560553634	8.418383444754262	5.414822152047568	0.3079584775086505	0.09480968858131487	0.5792387543252595	0.002768166089965398	0.006228373702422145	0.970873786407767	0.7136448266703933	4.349514563106796	2.0748663101604277	0.008212741578685121	0.00012335024420485175	0.0038869665513264124	0.845674740484429	17.310679611650485	1.0587621128814866	4.98659217877095	2.2448132780082988	0.29204152249134946	0.6464338781575035	0.7889313678759464	0.9493349480038329	0.1750865051903114	0.8774075088338715	1439	742	103
347_en	en	13.184782608695652	1.6248969497114591	8.725849223986526	6.36590125810961	0.2629843363561418	0.1055234954657873	0.5671887881286067	0.0008244023083264633	0.010717230008244023	0.9782608695652174	0.7211456981216492	3.8369565217391304	1.8024691358024691	0.007615607145012366	0.00012176215328836427	0.004050324384386537	0.5927452596867271	16.67391304347826	1.1074899319684282	5.004560260586319	2.273170731707317	0.32069249793899424	0.6859605026930007	0.6906851061201507	0.7921430895287758	0.21434460016488047	0.8857979033038782	1207	593	92
455_en	en	13.116883116883116	1.6495049504950494	8.989742831426	6.8603309759547395	0.28316831683168314	0.11485148514851486	0.596039603960396	0.016831683168316833	0.006930693069306931	0.987012987012987	0.7130950909080889	4.220779220779221	1.9392857142857143	0.007080602930983069	0.00011126447504950494	0.00451045104510451	0.8574257425742574	16.571428571428573	1.0759167108914454	5.049960967993755	2.1474654377880182	0.3465346534653465	0.6949176728869366	0.7391247621628759	0.9041428412781762	0.19801980198019803	0.8870445961104158	992	505	77
122_en	en	14.460526315789474	1.607825295723385	9.02194375269384	7.353773612374885	0.2929936305732484	0.09918107370336669	0.5668789808917197	0.0018198362147406734	0.004549590536851683	0.9736842105263158	0.7018929865620538	4.5	1.7707006369426752	0.00823870513767061	8.34861787878788e-05	0.004668275507378249	0.7006369426751592	18.513157894736842	1.1074970625291418	4.9587482219061165	2.257425742574257	0.3148316651501365	0.6676200000000022	0.8151559280429377	0.9152543608895012	0.19290263876251137	0.8803159120832718	1093	561	76
788_en	en	14.076271186440678	1.5611077664057798	8.320817406300069	6.077577226298227	0.275737507525587	0.10234798314268513	0.6026490066225165	0.012642986152919929	0.007826610475617099	0.9576271186440678	0.7227482660663681	4.186440677966102	1.8979591836734695	0.0069348320761589395	0.00013765166565900846	0.0030102347983142685	1.2089102950030102	17.661016949152543	1.0850064182089711	4.863723608445298	2.19375	0.2871763997591812	0.7009218950064052	0.6795526711864496	0.8538089400634324	0.20168573148705599	0.8778394334692613	1638	827	118
1595_en	en	14.53191489361702	1.5380673499267936	8.226641537646803	5.5826717485436586	0.29209370424597364	0.1054172767203514	0.5695461200585652	0.013177159590043924	0.007320644216691069	0.9787234042553191	0.7215465994661867	4.446808510638298	1.9	0.007962205244257687	0.00011746495226277372	0.0033830249789254183	1.1185944363103952	17.98936170212766	1.0438437804194967	4.837058823529412	2.139705882352941	0.2847730600292826	0.6495422257300751	0.6144382054341192	0.7256243491761387	0.18814055636896046	0.8699354030915283	1352	685	94
581_en	en	13.481481481481481	1.51510989010989	7.546074481074484	5.306974582824582	0.2815934065934066	0.07005494505494506	0.5494505494505495	0.01098901098901099	0.009615384615384616	0.9259259259259259	0.698994888946513	4.37037037037037	1.7804878048780488	0.008551221775412088	9.380986029411765e-05	0.006262120232708468	0.6085164835164835	18.314814814814813	1.1727563339844043	4.413480885311872	2.2422360248447206	0.34203296703296704	0.6448807631160567	0.8615916271626374	0.9426908029804406	0.20467032967032966	0.8830918684953968	720	340	54
1700_en	en	12.326086956521738	1.617283950617284	8.301124530327431	6.368073414615444	0.31981187536743094	0.12463256907701352	0.6172839506172839	0.007054673721340388	0.006466784244562022	0.9420289855072463	0.7010895894684076	4.195652173913044	1.8729508196721312	0.006163530204056437	0.0001302926779661017	0.0027765382517725224	1.2880658436213992	15.021739130434783	1.024923314948106	5.165790731008122	2.2077562326869806	0.31216931216931215	0.6793882646691625	0.7056710281434837	0.8248430778492303	0.19635508524397413	0.8858852291269191	1677	944	138
479_en	en	13.359649122807017	1.633617859487853	8.896953899851404	7.329967739111403	0.3000656598818122	0.10636900853578464	0.592908732764281	0.008535784635587657	0.007879185817465528	0.9298245614035088	0.733144901170654	4.37719298245614	1.7414187643020596	0.0064440867118844385	0.00018783592613784132	0.003072882468811556	1.2455679579776757	17.13157894736842	1.1231275161510237	5.017829852266939	2.28719723183391	0.3066316480630335	0.7018539325842729	0.8240229339505327	0.8827459146596079	0.1963230466185161	0.8853637091631814	1506	769	114
29_en	en	12.896103896103897	1.5498489425981874	7.727698042139135	5.888771371025752	0.31017119838872104	0.1148036253776435	0.5921450151057401	0.011077542799597181	0.007049345417925478	0.935064935064935	0.7145239161306397	4.259740259740259	1.7885906040268456	0.007374930494662638	0.00010608423533980583	0.003826787512588117	1.1329305135951662	17.207792207792206	1.153489064169442	4.7766116941529235	2.1955555555555555	0.3796576032225579	0.6995861297539164	0.7748900115140884	0.8963591465704734	0.18429003021148035	0.906920101628608	981	515	77
1433_en	en	15.863013698630137	1.4827288428324699	8.0927756878889	5.318884836870373	0.27892918825561314	0.12607944732297063	0.5673575129533679	0.0025906735751295338	0.0051813471502590676	0.9726027397260274	0.7335802159944299	5.123287671232877	1.855421686746988	0.007501232995509499	0.00017047970784982936	0.0040638016864777	0.7478411053540587	19.506849315068493	1.030802304225559	4.84561403508772	2.125	0.2987910189982729	0.6524173748819635	0.7508736794001124	0.892443838701498	0.1770293609671848	0.8700610713977036	1147	586	73
635_en	en	15.405405405405405	1.544298245614035	8.640827406353722	5.753967994310099	0.31973684210526315	0.0780701754385965	0.5798245614035088	0.007894736842105263	0.007456140350877193	1.0	0.7484720224459085	4.72972972972973	1.940625	0.007307291261595615	0.00012193651550179212	0.0026450053705692803	1.561842105263158	18.18243243243243	1.0124608106004085	5.174509077436087	2.241217798594848	0.2535087719298246	0.669812012838159	0.6526690634160479	0.7324034145257702	0.18289473684210528	0.8689802556567976	2249	1116	148
656_en	en	12.595238095238095	1.7533081285444234	10.011178773967057	7.520455945629669	0.31994328922495274	0.12334593572778828	0.6044423440453687	0.004725897920604915	0.007561436672967864	0.9583333333333334	0.6994781828639552	4.25	2.004991680532446	0.007811126248968808	9.772687080799305e-05	0.002448465208389594	1.6351606805293006	15.958333333333334	1.08721445035597	5.147286821705427	2.2425	0.2655954631379962	0.6435299950421487	0.7543693559930486	0.8595889966769227	0.16871455576559546	0.8695678492422431	2101	1151	168
1259_en	en	12.365853658536585	1.6877054569362262	9.147607318676737	7.479441211654722	0.29520052596975677	0.1393819855358317	0.6134122287968442	0.013806706114398421	0.009204470742932281	0.975609756097561	0.7258424891476964	4.170731707317073	2.0352941176470587	0.007522846762458909	0.00010785762058465287	0.002606914055930156	1.816568047337278	15.91869918699187	1.0857964922117764	4.929584599797366	2.1839464882943145	0.3241288625904011	0.683748241912801	0.6994873533430863	0.7924537435423209	0.18014464168310323	0.8883071025009384	1506	821	123
161_en	en	13.528846153846153	1.5501066098081024	7.9775079957356105	6.11714390137226	0.3169864960909737	0.09808102345415778	0.5991471215351812	0.02700781805259417	0.009950248756218905	0.9615384615384616	0.7173045545090291	4.336538461538462	1.9974424552429668	0.007320265251883441	0.00015268978990042674	0.003943416557764175	1.0554371002132197	16.009615384615383	1.0198848248963992	5.0423880597014925	2.009493670886076	0.2942430703624733	0.6763532110091731	0.7312508146880434	0.8346519872625138	0.18763326226012794	0.8785031644991956	1361	703	104
1277_en	en	12.870588235294118	1.3976234003656307	5.92148553607915	3.4343115302720726	0.3071297989031079	0.09323583180987204	0.5484460694698354	0.003656307129798903	0.006398537477148081	0.9529411764705882	0.7195090299633087	4.270588235294118	2.097560975609756	0.008831498633638026	7.060600229007634e-05	0.0048750761730652035	0.8820840950639853	15.51764705882353	1.0435986017896637	4.644796380090498	2.295336787564767	0.283363802559415	0.6229447236180915	0.830672151075232	0.8686258369115984	0.1663619744058501	0.8663989814225317	1057	524	85
398_en	en	15.378787878787879	1.36256157635468	6.4859538737125	3.2309244663382604	0.2541871921182266	0.09359605911330049	0.5438423645320197	0.0	0.005911330049261084	0.9545454545454546	0.7301435113115023	5.106060606060606	1.7010309278350515	0.007879423854187193	0.0001602239154334038	0.005404644616467276	0.458128078817734	18.151515151515152	1.012649422272894	4.6658333333333335	2.2883435582822087	0.2857142857142857	0.6460043668122294	0.7728333120483711	0.8732979442700056	0.18620689655172415	0.8658282518613657	1004	473	66
74_en	en	12.784090909090908	1.5866666666666667	8.118462121212122	5.871584444444444	0.32711111111111113	0.11466666666666667	0.6044444444444445	0.013333333333333334	0.005333333333333333	0.9886363636363636	0.7211297459228662	4.170454545454546	1.9276729559748427	0.0069947923248	9.38040563237774e-05	0.003934426229508197	1.208888888888889	16.022727272727273	1.0197122926455824	4.9523809523809526	2.2666666666666666	0.3511111111111111	0.7004385964912296	0.8001491891906444	0.876378582803279	0.17422222222222222	0.8932825092297135	1110	593	88
821_en	en	12.96111111111111	1.6236605229318475	8.624027503929131	7.257151356860504	0.3317616802400343	0.08015430775825118	0.5872267466780968	0.02614659237033862	0.006858122588941277	0.9333333333333333	0.7175812920235501	4.444444444444445	1.8544668587896254	0.006959833574770682	0.00012456122663358148	0.002405516058944381	2.183883411915988	16.155555555555555	1.0621183431750758	5.132242672119973	2.062992125984252	0.24689241320188599	0.6773276633840783	0.6103253811478587	0.6913926749146824	0.18602657522503216	0.8579081318925209	2280	1209	180
299_en	en	12.221052631578948	1.7493540051679586	9.818587787297705	7.962701085271318	0.2859603789836348	0.10594315245478036	0.5581395348837209	0.0034453057708871662	0.017226528854435832	0.9789473684210527	0.7138401067154256	4.010526315789473	1.8757575757575757	0.006642068175796727	0.00011819076613475177	0.004747310858722433	0.615848406546081	14.452631578947368	1.0321864527435252	5.352856109906002	2.2613065326633164	0.3066322136089578	0.6548210922787203	0.6461894275495496	0.8021424328536942	0.18604651162790697	0.8831355119459079	1159	564	95
1193_en	en	14.85344827586207	1.5362739408009287	8.330877329037168	5.46817734104509	0.3110853163087638	0.09808473592571097	0.5809634358676726	0.00522344747533372	0.00522344747533372	0.9827586206896551	0.7136409776173307	4.586206896551724	2.0715883668903805	0.00825689293871155	0.00012789650330672747	0.0034234188767485094	0.9843296575739988	18.31896551724138	1.0708965603021565	4.932895354293759	2.189003436426117	0.2820661636680209	0.6453940886699515	0.7561022766683079	0.8937622185133716	0.1735345327916425	0.8773577029137429	1710	877	116
530_en	en	13.89344262295082	1.4271386430678465	6.66867861115141	3.8697476183567874	0.2884955752212389	0.08849557522123894	0.5616519174041298	0.01592920353982301	0.008259587020648967	0.9754098360655737	0.7082181070819349	4.434426229508197	1.876889848812095	0.007685747916578171	0.00010229722114649683	0.00329884914204994	1.191150442477876	17.081967213114755	1.040496880026966	4.72883787661406	2.127659574468085	0.256047197640118	0.6407769423558919	0.7004074627667625	0.8078281091899446	0.1952802359882006	0.8615775111694183	1670	785	122
125_en	en	15.105263157894736	1.5073170731707317	8.087394094993584	5.3534292682926825	0.28013937282229967	0.11219512195121951	0.572822299651568	0.01602787456445993	0.008362369337979094	0.9789473684210527	0.7295167784582977	4.631578947368421	2.021333333333333	0.007680005423344948	9.766128378378378e-05	0.0035528645684583305	0.9930313588850174	17.94736842105263	1.0154002040441263	5.019848219497957	2.3122529644268774	0.29477351916376304	0.6677994011976037	0.7759964667887747	0.923876399514277	0.18327526132404182	0.8770526274611732	1424	703	95
1220_en	en	9.564516129032258	1.5851602023608768	6.84505167818093	5.4451820377522715	0.2917369308600337	0.11804384485666104	0.6138279932546374	0.01011804384485666	0.006745362563237774	0.967741935483871	0.7132619994525541	3.3870967741935485	1.878787878787879	0.006881285226644182	9.739594662379422e-05	0.006801573917931422	0.4974704890387858	12.919354838709678	1.1515114545846792	4.546125461254612	2.2481203007518795	0.3946037099494098	0.6957287449392707	0.8504634067051882	1.0115512156979012	0.18381112984822934	0.8863728035269429	588	311	62
650_en	en	15.170068027210885	1.5982062780269057	9.185160611329735	7.100749275494952	0.3412556053811659	0.11300448430493273	0.6	0.004484304932735426	0.006278026905829596	0.9863945578231292	0.6959994745849116	4.829931972789115	1.9590288315629742	0.007751050925426009	9.481573751037344e-05	0.0025353570196619524	1.6147982062780268	18.244897959183675	1.0269048837660921	5.278767631774313	2.23989898989899	0.273542600896861	0.65979821679964	0.7375662961990901	0.8210147884700105	0.1618834080717489	0.8751599236474558	2221	1205	147
1553_en	en	15.454545454545455	1.7080882352941176	10.592713903743316	7.620051470588235	0.32941176470588235	0.10735294117647058	0.5897058823529412	0.008088235294117648	0.007352941176470588	1.0	0.6961644227293302	4.670454545454546	2.0077922077922077	0.006540591392833824	0.00011247010500715308	0.003970588235294118	1.3220588235294117	18.897727272727273	1.0156452662857942	5.196396396396397	2.2095588235294117	0.2713235294117647	0.6530689928628098	0.6371884960216615	0.7048758264673051	0.17352941176470588	0.855330923946191	1346	699	88
1304_en	en	13.472527472527473	1.5138662316476346	7.5279072477278035	5.048250965347866	0.28629690048939643	0.10929853181076672	0.564437194127243	0.018760195758564437	0.004078303425774877	0.967032967032967	0.7246560957778029	4.373626373626373	2.017699115044248	0.007934596177602692	9.786555806451612e-05	0.004344641608682625	0.7479608482871125	16.417582417582416	1.01068616666214	4.833555259653795	2.171875	0.30505709624796085	0.6551641526175687	0.8017716403762822	0.9145886248630513	0.17944535073409462	0.8800177261241909	1187	589	91
335_en	en	12.492063492063492	1.5108005082592122	7.109350759363469	4.91508978842702	0.283989834815756	0.12388818297331639	0.5895806861499364	0.0044472681067344345	0.007623888182973317	0.9365079365079365	0.7379173645017373	4.079365079365079	1.8581235697940504	0.007152248483481575	0.00011410246691176469	0.0032659625158831004	0.795425667090216	14.904761904761905	1.0263114570686047	5.031762837480148	2.3307086614173227	0.295425667090216	0.6753491525423763	0.8323172961718143	0.932985279366277	0.20076238881829733	0.8816275861088498	1570	816	126
749_en	en	10.89041095890411	1.6012578616352202	7.552103041268204	6.498480485913673	0.3018867924528302	0.1169811320754717	0.5823899371069182	0.00880503144654088	0.00880503144654088	0.9041095890410958	0.6881018901188669	3.808219178082192	1.847457627118644	0.007397524940503144	9.320251650717704e-05	0.005321722302854378	0.6364779874213836	13.63013698630137	1.0417164881999834	5.024777006937562	2.2914285714285714	0.36477987421383645	0.6397413793103435	0.6851261317396254	0.8799351134872898	0.19119496855345913	0.8898441803143817	789	418	73
305_en	en	13.247706422018348	1.5713296398891967	8.11829525527968	6.356124547002464	0.2839335180055402	0.09695290858725762	0.5879501385041551	0.01038781163434903	0.012465373961218837	0.9541284403669725	0.7379052241903716	4.201834862385321	1.962162162162162	0.007001951835789473	0.00015488477652050918	0.0030953580122555194	1.0242382271468145	16.027522935779817	1.020769401204115	5.134097421203438	2.2222222222222223	0.31994459833795014	0.674133828996282	0.6999440483995817	0.8624899676346505	0.19667590027700832	0.8975537927207902	1399	707	109
524_en	en	14.666666666666666	1.4464285714285714	7.197857142857142	4.675042640692641	0.24756493506493507	0.11363636363636363	0.5430194805194806	0.003246753246753247	0.012987012987012988	1.0	0.7092608220949368	4.2976190476190474	1.9318181818181819	0.007703696637337663	0.00011775556981132074	0.004322712171549381	0.5413961038961039	17.642857142857142	1.0536053217380155	4.834231805929919	2.271276595744681	0.29464285714285715	0.6588437775816458	0.7456675431147832	0.8702717680142144	0.2012987012987013	0.876779552075559	1226	583	84
491_en	en	14.12	1.5410764872521245	8.10150254957507	5.824628872521247	0.2963172804532578	0.11728045325779037	0.5954674220963173	0.014730878186968839	0.009065155807365438	0.952	0.7265119099954213	4.672	1.8044354838709677	0.006442883751388102	0.00017044981123986094	0.0023914618881349234	1.6237960339943343	17.008	1.0037726199929067	5.035930937937471	2.266990291262136	0.32237960339943345	0.7047178871548655	0.7348086287287084	0.8490019425272457	0.1773371104815864	0.9016938813638523	1726	863	125
632_en	en	13.314685314685315	1.6670168067226891	9.273525592055005	7.109235342598579	0.28939075630252103	0.11502100840336134	0.5835084033613446	0.008403361344537815	0.006827731092436975	0.9440559440559441	0.7337871086314555	4.531468531468532	1.727112676056338	0.006317619875126051	0.00018117979858233368	0.0025316306297800016	1.3450630252100841	15.846153846153847	1.0210745933698262	5.493426818580192	2.2974504249291785	0.2767857142857143	0.6885927977839436	0.73617051235995	0.8660297212760489	0.1801470588235294	0.8834146065480362	1883	917	143
1643_en	en	11.962962962962964	1.6702786377708978	8.784843481252153	7.245153227840843	0.34520123839009287	0.10913312693498452	0.6106811145510835	0.009287925696594427	0.006191950464396285	0.9629629629629629	0.6950505938631756	4.333333333333333	1.8098765432098765	0.006713093477927089	8.460280426742532e-05	0.0034776708087705167	1.498452012383901	16.287037037037038	1.1197601073253967	4.856820744081173	2.2044728434504792	0.3142414860681115	0.6904274937133276	0.8387594254443549	0.9010280841721799	0.18653250773993807	0.8813635044707386	1276	703	108
1370_en	en	12.963636363636363	1.5385694249649369	7.62093739640444	5.453494754558205	0.3330995792426367	0.07924263674614306	0.5904628330995793	0.010518934081346423	0.007713884992987377	1.0	0.7227560278859274	4.2272727272727275	1.8602941176470589	0.006930022633520337	0.00011397573746556474	0.004029475277722122	1.0245441795231416	16.172727272727272	1.043202241264168	4.8937360178970915	2.12751677852349	0.28401122019635344	0.6669706103993989	0.7600817663607178	0.8158253839767794	0.1844319775596073	0.8683519311024996	1407	726	110
1313_en	en	10.583333333333334	1.6152980877390326	7.598017435320589	5.435197000374954	0.2980877390326209	0.11136107986501688	0.5973003374578177	0.0	0.0044994375703037125	0.9523809523809523	0.6858116657963621	3.6904761904761907	1.8925619834710743	0.008063733552755905	9.29328198275862e-05	0.005343082114735658	0.6321709786276716	13.773809523809524	1.0657404276275262	4.602553191489362	2.303030303030303	0.3363329583802025	0.6681265822784812	1.0171331937742527	0.9743747226373151	0.1844769403824522	0.887807972153029	888	464	84
578_en	en	14.366197183098592	1.5166666666666666	7.909483568075121	5.827949737641536	0.30490196078431375	0.0803921568627451	0.55	0.000980392156862745	0.011764705882352941	0.9436619718309859	0.6953696086744516	4.661971830985915	1.765079365079365	0.0070300354738235295	0.00014887815493827162	0.004881535947712418	0.788235294117647	17.507042253521128	1.0364457423932325	4.838011226944667	2.360655737704918	0.3029411764705882	0.6500651465798037	0.8217092675390572	0.947194971487265	0.1980392156862745	0.8704030837217526	999	486	71
1610_en	en	13.0	1.5695764909248056	8.001002592912709	5.959611235955055	0.2878133102852204	0.10025929127052723	0.5427830596369922	0.00432152117545376	0.005185825410544511	0.9662921348314607	0.6997744027504345	4.303370786516854	1.930722891566265	0.00893160336542783	6.596542771929825e-05	0.005333389548242933	0.5583405358686258	16.089887640449437	1.0817265626490173	4.947771587743732	2.2102564102564104	0.28003457216940364	0.629725897920603	0.8417221814725997	0.9259254331671506	0.18755401901469318	0.8617039852597427	1153	570	89
149_en	en	13.853932584269662	1.5198702351987023	7.7475024832098605	5.7922696610988105	0.32927818329278186	0.09570154095701541	0.6034063260340633	0.008110300081103	0.009732360097323601	0.9438202247191011	0.6981113861954826	4.786516853932584	1.876056338028169	0.006747436147931873	0.0001335123969278034	0.004233851567762245	0.9610705596107056	17.84269662921348	1.1094423042443586	4.7308657465495605	2.2648221343873516	0.31873479318734793	0.6853086419753113	0.8112389745637009	0.9498109823024007	0.1759935117599351	0.8741146950281306	1215	651	89
956_en	en	12.33529411764706	1.7310443490701002	9.647088024909536	8.536283303318466	0.3385789222699094	0.134000953743443	0.6347162613257034	0.004768717215069146	0.005245588936576061	0.9352941176470588	0.7092391287725323	4.315789473684211	2.0245098039215685	0.007220467380554983	0.00011921081963087247	0.00234178077525717	1.759656652360515	14.871345029239766	1.0103179763523669	5.357446808510638	2.285024154589372	0.28803051979017646	0.6788088088088186	0.7701255609332565	0.8636965242409581	0.1626132570338579	0.877067051726427	2073	1192	171
743_en	en	12.91150442477876	1.58670322138451	8.168584738000938	6.055277151886067	0.3399588759424263	0.10897875257025359	0.6244002741603838	0.00411240575736806	0.011651816312542838	0.9469026548672567	0.7234996250944137	4.008849557522124	1.9515738498789346	0.006169182373269363	0.00015419062275600506	0.004477215945521679	1.0137080191912269	15.336283185840708	0.9902399429641311	5.262135922330097	2.290657439446367	0.2858122001370802	0.6670588235294156	0.7097357565806062	0.7891244921185891	0.18094585332419466	0.8629768671641891	1448	791	113
425_en	en	14.323076923076924	1.614393125671321	9.04583888292159	6.877713198380569	0.2781954887218045	0.0966702470461869	0.5757250268528464	0.0021482277121374865	0.007518796992481203	0.9692307692307692	0.7277299515645309	4.246153846153846	1.7598425196850394	0.007890840762943071	9.719267579617834e-05	0.004621187520295756	0.6659505907626209	18.96923076923077	1.1538246702161017	4.86374695863747	2.233160621761658	0.34908700322234154	0.676971153846157	0.8862640345432802	0.9939396079014339	0.22341568206229862	0.8904573979812981	924	471	65
515_en	en	13.507246376811594	1.4281115879828326	6.529542825153946	4.3240661006406675	0.2575107296137339	0.11266094420600858	0.5869098712446352	0.02145922746781116	0.009656652360515022	0.9710144927536232	0.7272895375156684	4.188405797101449	1.9603174603174602	0.007441544056545064	0.00011127480836909872	0.0053051979017644255	0.4302575107296137	16.028985507246375	1.006314999474624	4.868231046931408	2.1483516483516483	0.33369098712446355	0.6388595438175272	0.7816791002532398	0.9299813197354307	0.21351931330472104	0.8815001246255744	915	466	69
1727_en	en	12.602272727272727	1.630297565374211	8.562397635052054	6.542127051397655	0.34265103697024346	0.09467989179440937	0.6068530207394048	0.010820559062218215	0.011722272317403066	0.9431818181818182	0.7390607551949229	4.386363636363637	1.874251497005988	0.00685890085103697	0.00013347141697478993	0.0043631286541202475	1.3137962128043281	15.829545454545455	1.0430079533288117	5.01000714796283	2.234042553191489	0.3065825067628494	0.6712376237623758	0.6249172821069147	0.7701414610917076	0.17222723174030657	0.8623832482607929	1100	595	88
251_en	en	13.363013698630137	1.6304459251665813	8.860837259431413	6.779198504455039	0.2926704254228601	0.1168631471040492	0.5894413121476166	0.013326499231163505	0.008713480266529985	0.9794520547945206	0.7098872632041979	4.294520547945205	1.8581818181818182	0.006536245951614556	0.00013264359999999998	0.0034775066041083467	0.8170169144028703	16.34246575342466	1.052622356977028	5.118238993710692	2.17169373549884	0.25422860071758074	0.6579967602591822	0.654540566725536	0.7938141327661223	0.1922091235263967	0.8606505407769793	1911	976	146
1412_en	en	12.868421052631579	1.465235173824131	6.718459261651063	4.16517873210634	0.3006134969325153	0.07157464212678936	0.5623721881390593	0.009202453987730062	0.012269938650306749	0.9868421052631579	0.724346801645553	4.223684210526316	1.7395833333333333	0.008541726394683025	0.00011065384647302905	0.004660217083529967	1.043967280163599	15.473684210526315	1.0336577533465383	4.922165820642978	2.204301075268817	0.310838445807771	0.6589533560864606	0.6856214041837948	0.7208588817385672	0.19631901840490798	0.8678116970200734	972	482	76
1112_en	en	12.98	1.494607087827427	7.108563636363641	5.813591901386749	0.31741140215716485	0.09090909090909091	0.5808936825885979	0.0061633281972265025	0.012326656394453005	0.96	0.7672441796057741	4.16	1.8603351955307263	0.00624634561879815	7.548873963414635e-05	0.008217770929635337	0.48382126348228044	16.08	1.0183736845536648	5.001237623762377	2.2142857142857144	0.34668721109399075	0.6526181818181824	0.6628028141247236	0.8493756042153642	0.18489984591679506	0.8717148532054118	646	328	50
1490_en	en	11.428571428571429	1.6369047619047619	8.182619047619045	7.100630952380953	0.3821428571428571	0.0880952380952381	0.6208333333333333	0.005952380952380952	0.01130952380952381	0.8095238095238095	0.6921565205561714	3.9659863945578233	1.9826254826254825	0.0066643271982142855	0.0001054231754385965	0.0033490319204604923	1.7571428571428571	14.108843537414966	1.0223347671703322	4.839226779820839	2.180327868852459	0.2767857142857143	0.6603858317520589	0.8053920818248724	0.906420432707539	0.16845238095238096	0.8692148948656431	1615	912	147
302_en	en	13.488636363636363	1.3757371524852569	5.904266581144213	3.2598619208087616	0.2670598146588037	0.10783487784330244	0.5627632687447346	0.006739679865206402	0.014321819713563605	0.9659090909090909	0.7563085478236033	4.238636363636363	1.864353312302839	0.008521777989469249	0.00014002116193181818	0.003915878810571313	0.8997472620050547	16.988636363636363	1.097418703760845	4.519653564290473	2.2555066079295156	0.2687447346251053	0.6666452205882362	0.7477868330773444	0.8699501432297037	0.1988205560235889	0.8617952472534431	1169	528	88
296_en	en	15.436893203883495	1.6735849056603773	10.178690236307016	8.462218355010075	0.25471698113207547	0.14088050314465408	0.5748427672955975	0.0012578616352201257	0.009433962264150943	0.970873786407767	0.7303528476592088	4.844660194174757	1.9376443418013858	0.00588223502754717	0.00019949058635204082	0.0029417731791438425	0.9088050314465409	18.0873786407767	1.0041765302313919	5.4230563002680965	2.2595419847328246	0.2893081761006289	0.6832327297116083	0.6266088521168123	0.7237474957592346	0.19308176100628932	0.8794157449774461	1579	784	103
1523_en	en	14.477777777777778	1.622409823484267	9.200769250447685	7.396827959409908	0.29393706830391403	0.08979278587874137	0.5717574827321565	0.00844205679201842	0.005372217958557176	0.9777777777777777	0.71137453829126	4.277777777777778	1.8870967741935485	0.008840869882578664	8.907653384615385e-05	0.0038799351922912933	0.8495778971603991	18.2	1.0774780197451048	4.992673992673993	2.152173913043478	0.31005372217958554	0.665747508305649	0.7462060640430075	0.8355152331635565	0.18879508825786645	0.8866802058187659	1296	650	90
1646_en	en	14.458333333333334	1.638328530259366	9.38102665706052	6.9157762728146	0.3270893371757925	0.10662824207492795	0.595821325648415	0.005043227665706052	0.005763688760806916	0.9895833333333334	0.723779050386977	4.739583333333333	1.8914141414141414	0.007797694828746397	8.140742708058124e-05	0.004226705091258405	1.0727665706051874	17.802083333333332	1.0551760169573083	4.972060535506403	2.2107438016528924	0.3076368876080692	0.6755469356089988	0.7175492075973527	0.8316223889672171	0.18011527377521613	0.8774766048529508	1377	757	96
854_en	en	11.37962962962963	1.5565500406834825	7.215346035620652	6.067690347467077	0.3189585028478438	0.09275834011391375	0.580146460537022	0.030105777054515868	0.008950366151342554	0.9351851851851852	0.7447377723739197	4.018518518518518	1.8933333333333333	0.0078083637790854355	9.553652699186992e-05	0.003737794955248169	1.1375101708706266	14.324074074074074	1.1097288391579236	4.958360025624599	2.0543478260869565	0.32384052074857606	0.661690265486729	0.77406333194877	0.8578077862309904	0.1757526444263629	0.8813165863293254	1199	615	108
28_en	en	13.590909090909092	1.5543478260869565	8.051758893280635	6.171095652173914	0.3377926421404682	0.09782608695652174	0.6036789297658863	0.00919732441471572	0.010033444816053512	0.9318181818181818	0.7460833985082852	4.465909090909091	2.0205882352941176	0.0074534383496655515	0.00010743511177394034	0.005311823726145976	0.7750836120401338	16.90909090909091	1.0275127887368614	4.936955063715627	2.238970588235294	0.29264214046822745	0.646253418413859	0.7390434488147456	0.8580878640060959	0.17474916387959866	0.8606204585452448	1182	637	88
761_en	en	12.262032085561497	1.7195813344962931	9.483252260425242	7.724230517431568	0.340165721761884	0.0963802878325338	0.6000872219799389	0.007849978194505015	0.005233318796336677	0.9732620320855615	0.6931661774685368	4.144385026737968	1.8737300435413642	0.007334378169358918	0.00010039814688013136	0.002766434515235213	1.2869603139991277	16.122994652406415	1.0924407076711142	4.910743801652893	2.220779220779221	0.25425207152202356	0.6468277119416611	0.6909291102152818	0.7725263560642252	0.17313563017880507	0.8632551541105968	2263	1218	187
488_en	en	12.318181818181818	1.757380073800738	9.951175779939618	7.76009815498155	0.2988929889298893	0.14206642066420663	0.6116236162361623	0.01107011070110701	0.015682656826568265	0.9090909090909091	0.6862826507828863	4.215909090909091	1.8486842105263157	0.0051126000010147605	0.0001472842326923077	0.004843173431734317	0.746309963099631	15.352272727272727	1.0898447919970133	5.25792188651437	2.2445414847161573	0.3118081180811808	0.6622335025380696	0.6975762788305138	0.8368189413739953	0.17435424354243542	0.8664573602836172	1068	572	88
830_en	en	12.940677966101696	1.5776031434184676	8.072581499117582	6.073311349383415	0.2960052390307793	0.09037328094302555	0.5631958087753766	0.020301244269810084	0.01309757694826457	0.9491525423728814	0.7229200490470812	4.169491525423729	1.8590909090909091	0.007341797445383104	0.00011072600956873315	0.00354807494941794	1.0347085789129011	15.661016949152541	1.044484382108542	5.056239957150509	2.174342105263158	0.2822527832351015	0.6697058823529376	0.6768809862182882	0.8250774891480941	0.18664047151277013	0.8664767947476074	1501	742	118
527_en	en	12.774193548387096	1.6153198653198653	8.452709894645377	6.300979841425001	0.30808080808080807	0.12205387205387205	0.601010101010101	0.007575757575757576	0.010942760942760943	0.989247311827957	0.7238119956598069	4.473118279569892	1.8233618233618234	0.006265379769612794	0.00011831971831683169	0.004111629111629112	0.7760942760942761	16.580645161290324	1.093798648468713	4.884189980481457	2.27734375	0.335016835016835	0.7067401285583157	0.7899367612501169	0.9444200699714788	0.18181818181818182	0.8907783940323573	1175	606	93
755_en	en	14.951456310679612	1.5525974025974025	8.561717311814402	6.1027146639768	0.2896103896103896	0.08376623376623377	0.5603896103896104	0.003896103896103896	0.003246753246753247	0.9805825242718447	0.6991954169918216	4.446601941747573	1.8425925925925926	0.0075182902040909095	9.529854658634539e-05	0.0035222353404171583	0.9564935064935065	18.339805825242717	1.0653437484076373	5.074113287453679	2.2191235059760954	0.2883116883116883	0.6609229701596117	0.8163626386668843	0.9545857313247696	0.2012987012987013	0.8819155455381855	1533	747	103
1511_en	en	13.740384615384615	1.5647305808257523	8.23257085374388	6.156486079560748	0.30440867739678096	0.11546536039188243	0.5836249125262422	0.006997900629811057	0.008397480755773267	0.9615384615384616	0.7207206869015764	4.326923076923077	1.9278846153846154	0.007137757196780966	0.00013340527400275103	0.0039730016478927285	1.0293911826452065	17.10576923076923	1.04959958076896	4.952941176470588	2.1396825396825396	0.2708187543736879	0.6785714285714306	0.7035069507616291	0.8195997688772494	0.17424772568229532	0.8578771063149863	1412	727	104
1625_en	en	14.264150943396226	1.5489417989417988	8.250532095437759	6.055243815513626	0.3253968253968254	0.08597883597883597	0.5866402116402116	0.013888888888888888	0.006613756613756613	0.9905660377358491	0.7122163458388988	4.886792452830188	1.812785388127854	0.0066619051721560855	0.00013931729654289372	0.004715363511659808	0.7724867724867724	17.40566037735849	1.0479513525266158	4.893662728249194	2.138364779874214	0.2757936507936508	0.6633404104741673	0.8202353280744461	0.9096828553363259	0.19246031746031747	0.8593229523264432	1486	781	106
137_en	en	13.541666666666666	1.5238461538461539	7.6726346153846166	5.174212820512819	0.25461538461538463	0.14384615384615385	0.5923076923076923	0.006923076923076923	0.011538461538461539	0.9791666666666666	0.7113897038428197	4.28125	1.853868194842407	0.0062358515339230765	0.00014064011041347628	0.003272727272727273	0.7792307692307693	16.6875	1.0342718666543214	4.925093632958801	2.181434599156118	0.32	0.6917235636969187	0.8178779923016458	0.9675197011397114	0.1930769230769231	0.8835577566021361	1292	653	96
1559_en	en	14.892307692307693	1.6539256198347108	9.734322314049589	7.005634342021616	0.3006198347107438	0.10743801652892562	0.6043388429752066	0.005165289256198347	0.0030991735537190084	0.9692307692307692	0.7211899667426908	4.815384615384615	1.95	0.006286092432024794	0.00013744926457925636	0.004747670124846141	0.9390495867768595	18.49230769230769	1.077227273360417	5.117258464079273	2.2429378531073447	0.32334710743801653	0.6885385500575417	0.7629642160552786	0.815389635916826	0.19008264462809918	0.8684700808483529	958	511	65
1142_en	en	10.927927927927929	1.5218466611706514	6.62968249370558	4.752240233803466	0.2959604286892003	0.10882110469909316	0.5795548227535037	0.0016488046166529267	0.013190436933223413	0.9459459459459459	0.7250500676966339	3.72972972972973	1.8826979472140764	0.007645636760181367	0.00011423415763779528	0.004550700741962077	0.7732893652102226	12.855855855855856	0.980276133411698	5.0	2.4327731092436973	0.29101401483924155	0.6497037701974846	0.7037714853652025	0.815153142482779	0.20939818631492169	0.870328086715651	1209	635	111
1547_en	en	12.587628865979381	1.6601146601146601	8.908528247084952	7.355900522640729	0.3104013104013104	0.14250614250614252	0.601965601965602	0.004914004914004914	0.00819000819000819	0.9690721649484536	0.7483422027163963	4.237113402061856	2.0573065902578795	0.008074531414660115	6.649429466463414e-05	0.004280438242702394	0.9238329238329238	16.432989690721648	1.160640036864043	5.0354698195395144	2.2523809523809524	0.29238329238329236	0.653422459893049	0.7506806156359134	0.8464238118117291	0.15724815724815724	0.8648369933638588	1216	656	97
68_en	en	13.105633802816902	1.6469639978506179	8.955372357735886	6.317782659633243	0.2890918860827512	0.09725953788285868	0.5905427189682966	0.008597528210639442	0.010746910263299301	0.9929577464788732	0.7420829053402315	3.9225352112676055	1.7708333333333333	0.006936064885867813	0.00012985127218543047	0.002598223598950596	1.5368081676518002	17.556338028169016	1.1646328781116781	4.808988764044944	2.240740740740741	0.2858678130037614	0.6920204313280415	0.6184993397901936	0.7554518992172797	0.1891456206340677	0.8856881256228126	1843	906	142
1316_en	en	14.026315789473685	1.599437148217636	8.753621506862842	6.751391369606004	0.2926829268292683	0.11350844277673545	0.5816135084427767	0.009380863039399626	0.009380863039399626	0.9868421052631579	0.718106416589709	4.315789473684211	1.9857142857142858	0.00704351183217636	0.00011872543651685393	0.004568072436577209	0.7317073170731707	18.105263157894736	1.1204815633034475	4.761973875181423	2.1559633027522938	0.33677298311444653	0.6829886246121989	0.7695483247660909	0.9114353389090245	0.19793621013133209	0.8896332017386495	1054	534	76
1160_en	en	13.319444444444445	1.6569343065693432	9.156408150851586	7.236161267524043	0.2930135557872784	0.09906152241918666	0.5662148070907195	0.014598540145985401	0.010427528675703858	0.9722222222222222	0.7377620897357908	4.597222222222222	1.9111111111111112	0.00676980595205099	0.00011754151037344398	0.004873736228861586	0.9124087591240876	16.26388888888889	1.0268698575055333	5.117896522476675	2.1040723981900453	0.32742440041710114	0.7041162790697677	0.6907402028681949	0.7422528750297439	0.18248175182481752	0.8759622864744347	939	482	72
617_en	en	14.196428571428571	1.6528301886792454	9.450003369272238	7.305095687331537	0.2691823899371069	0.1421383647798742	0.5962264150943396	0.006289308176100629	0.012578616352201259	0.9107142857142857	0.7075504767138193	4.839285714285714	1.9288888888888889	0.007288726112830189	8.984009730392156e-05	0.006373165618448637	0.46163522012578617	17.571428571428573	1.089678587411541	5.138211382113822	2.3412698412698414	0.3383647798742138	0.6613218390804596	0.8245609377078043	0.8614989415733043	0.18742138364779873	0.8693253056467548	787	408	56
1166_en	en	13.344827586206897	1.5878552971576227	8.351175265080638	6.409381787400873	0.29328165374677	0.12144702842377261	0.582687338501292	0.014211886304909561	0.006459948320413436	0.9655172413793104	0.7138970811672387	4.431034482758621	1.889908256880734	0.00864119374656447	0.00012166314908136484	0.0057311336381103825	0.8023255813953488	17.53448275862069	1.1623230996778628	4.723697148475909	2.161073825503356	0.3462532299741602	0.664503703703705	0.8644645681045051	0.9017480627595303	0.16279069767441862	0.8766047487057149	767	381	58
1274_en	en	15.212121212121213	1.5727091633466135	8.900695400217312	6.7510264276228416	0.29880478087649404	0.09163346613545817	0.5667330677290837	0.00398406374501992	0.00796812749003984	0.9848484848484849	0.7262468958358731	4.924242424242424	1.8257839721254356	0.008087030289840638	7.979429417670683e-05	0.004640528793915248	0.7778884462151394	19.924242424242426	1.1215041321381771	4.589082638362396	2.196969696969697	0.32768924302788843	0.6744972375690623	0.8547395463271872	0.9042391132406711	0.2051792828685259	0.8877449325003602	996	498	66
428_en	en	13.0	1.6140583554376657	8.525888594164456	6.413076127320956	0.2625994694960212	0.09615384615384616	0.5616710875331565	0.016578249336870028	0.009946949602122016	0.9396551724137931	0.7317771233227953	3.9310344827586206	1.7469586374695865	0.00757489060862069	0.00010522735359765052	0.003261294951515415	0.9456233421750663	16.646551724137932	1.0904780886596765	4.784090909090909	2.1272727272727274	0.29244031830238726	0.6632292405961662	0.7027481860268088	0.8587802519024208	0.21618037135278514	0.882784819645025	1477	681	116
1679_en	en	13.209523809523809	1.608507570295602	8.54210361520239	6.083452135819	0.3150684931506849	0.11679884643114635	0.5962509012256669	0.010814708002883922	0.008651766402307137	0.9619047619047619	0.6830192255503703	4.142857142857143	2.0837837837837836	0.00760118137919315	0.00011144782290809328	0.00361672202063659	0.8175919250180245	15.99047619047619	1.0103775660158072	5.034787735849057	2.2014134275618376	0.3280461427541456	0.6620729813664625	0.777980714944611	0.9177917545786636	0.16943042537851477	0.8882526897183413	1368	729	105
1439_en	en	15.293233082706767	1.5589970501474926	8.77052609399605	6.459004972608512	0.29056047197640117	0.08062930186823992	0.5639134709931171	0.0058997050147492625	0.011307767944936086	0.9849624060150376	0.7026554600208071	4.857142857142857	1.7336769759450172	0.006518265262071288	0.00011912047760158572	0.0029309431964299223	1.106686332350049	17.834586466165412	1.025562912118857	5.229604709840202	2.36734693877551	0.255653883972468	0.6526976744186189	0.7122468492304803	0.8625499957187681	0.22812192723697147	0.8694467154344836	2015	1009	133
638_en	en	14.539772727272727	1.6264165689722547	9.27222687750897	6.663447420867528	0.3137944509574052	0.0965220789370848	0.5756154747948418	0.005470887065259867	0.009769441187964049	0.9659090909090909	0.7362899359389681	4.7102272727272725	1.835800807537012	0.007935657867807738	0.00010806032868217054	0.0025158637116433134	1.4169597499023057	17.375	1.0302777912863759	5.189470263243419	2.2289719626168223	0.2321219226260258	0.6566097560975782	0.7136325217747228	0.8224842603702707	0.1742868307932786	0.8587351889806475	2535	1290	176
977_en	en	13.703703703703704	1.605945945945946	8.70460660660661	6.778340340340339	0.34702702702702704	0.09621621621621622	0.6021621621621621	0.011891891891891892	0.00972972972972973	0.9703703703703703	0.7039691966822849	4.555555555555555	1.94	0.007283904601135135	0.00016956217841945288	0.002993315896541703	1.598918918918919	16.2	1.0164376017509666	5.026256224535989	2.181318681318681	0.2654054054054054	0.6470245573957826	0.7443372911124211	0.8410352240820198	0.17567567567567569	0.8630786562016065	1818	987	135
737_en	en	11.682291666666666	1.6384306732055283	8.299575693825233	6.8288275393817806	0.3259028087382969	0.08872046366473473	0.5956308515381186	0.01560410164957646	0.008470798038341507	0.9270833333333334	0.7505475405206736	4.03125	1.8132530120481927	0.006880183587493977	0.00012582247193133046	0.0024899267322235213	1.8305840392331698	14.1875	1.0380653955049526	5.175381263616558	2.2	0.25813642443156487	0.6692630597015027	0.7030655930415554	0.7997835655189482	0.18368256798930005	0.8649590440031829	2221	1165	192
1103_en	en	13.676470588235293	1.4526881720430107	6.885543959519293	4.176684376976597	0.2817204301075269	0.07311827956989247	0.5526881720430108	0.0032258064516129032	0.00967741935483871	0.9852941176470589	0.7367705687062677	4.117647058823529	1.8204081632653062	0.007778493989784946	0.00011218213417431194	0.004787506400409626	0.689247311827957	16.91176470588235	1.021791246015431	4.671589921807124	2.150537634408602	0.3193548387096774	0.6553429602888087	0.7660156374021421	0.8970614224262106	0.2118279569892473	0.88443481739428	926	436	68
518_en	en	14.18705035971223	1.6374239350912778	9.264552074364847	7.358195509799058	0.34178498985801214	0.11460446247464504	0.6009127789046653	0.0015212981744421906	0.005070993914807302	0.9496402877697842	0.7237673319512287	4.474820143884892	1.9675213675213674	0.007263796121298174	9.49332567164179e-05	0.002450232457951139	2.040060851926978	17.402877697841728	1.0310426545308469	5.286888614878751	2.227390180878553	0.27586206896551724	0.6775814201815356	0.7270394455977943	0.7930595372554596	0.16176470588235295	0.8717175949443505	1963	1072	139
1211_en	en	12.755102040816327	1.6952	9.387849795918367	8.27261306122449	0.3384	0.0904	0.6072	0.02	0.0104	0.9897959183673469	0.7220926931187154	4.183673469387755	1.779291553133515	0.00637063358092	0.00012743874753363228	0.004698181818181818	0.964	16.591836734693878	1.0765471854385948	4.987171655467319	2.0915254237288137	0.3224	0.6833362293657721	0.7830288498347902	0.8752577534847665	0.1912	0.878254296899727	1228	669	98
731_en	en	11.428571428571429	1.519642857142857	6.798928571428572	5.152434523809523	0.3392857142857143	0.07261904761904762	0.6023809523809524	0.024404761904761905	0.008333333333333333	0.9251700680272109	0.7327647332911816	3.925170068027211	1.8286852589641434	0.006607610518690477	0.00014104465991041432	0.0032268170426065167	1.1696428571428572	14.89795918367347	1.0784621472748985	4.656419529837251	2.1598173515981736	0.31607142857142856	0.6815939278937406	0.7793532323451359	0.8843915084962473	0.1875	0.8832641701633848	1646	893	147
1752_en	en	13.383561643835616	1.5281473899692937	7.661728242733556	5.267777566214718	0.2743091095189355	0.09518935516888434	0.5680655066530195	0.01023541453428864	0.012282497441146366	0.9863013698630136	0.7100559757540142	4.2465753424657535	2.0454545454545454	0.008336322812998976	7.055476729166666e-05	0.004675723457709128	0.8300921187308086	16.15068493150685	1.0223968714442804	5.1263782866836305	2.2527472527472527	0.3224155578300921	0.6289977220956728	0.5831623409079341	0.7801634456084522	0.218014329580348	0.8765522421378978	975	480	73
971_en	en	13.729323308270677	1.631434830230011	9.015367086939698	6.883472758566736	0.2864184008762322	0.12595837897042717	0.6013143483023001	0.014786418400876232	0.009309967141292442	0.9849624060150376	0.7024048136453986	4.481203007518797	1.9664694280078896	0.0070891710726396495	0.00010672090802083332	0.0030013797812264405	1.2261774370208105	16.984962406015036	1.0526520947514257	5.114058355437666	2.0903790087463556	0.26506024096385544	0.6702779386218976	0.6644064013132663	0.744229425060111	0.18784227820372398	0.8607622062406157	1810	960	133
287_en	en	13.132450331125828	1.475037821482602	6.937101922633779	4.198269648969887	0.29853756933938475	0.11497730711043873	0.6026222894604135	0.011598587997982855	0.010085728693898134	0.9337748344370861	0.7231873685158314	4.311258278145695	1.9294755877034357	0.007366106957992939	0.00010906792911764707	0.002801591303860593	1.2899646999495713	16.37748344370861	1.0489927736451485	4.758662369057212	2.2823834196891193	0.26374180534543623	0.6798673036093503	0.6578698996840939	0.8106128058468829	0.18608169440242056	0.8666671788719843	1970	1020	151
1652_en	en	11.012820512820513	1.709545983701979	8.877642607683352	7.9682353243186785	0.3410942956926659	0.11466821885913853	0.6065192083818394	0.005238649592549476	0.0034924330616996507	0.9230769230769231	0.7091626109438837	3.8089171974522293	1.827977315689981	0.0077644765010371364	9.309798135775863e-05	0.002661767559177338	1.980209545983702	14.705128205128204	1.1557356206928648	4.95223752151463	2.240208877284595	0.30151338766006985	0.6773193329215625	0.6933732307412792	0.7723284923281486	0.17054714784633296	0.8829296361746563	1704	928	157
1205_en	en	11.582417582417582	1.5199240986717268	6.862247221469236	4.668287999666369	0.3036053130929791	0.0825426944971537	0.579696394686907	0.014231499051233396	0.007590132827324478	0.945054945054945	0.7152759830182429	4.0	1.856140350877193	0.0073420939859582535	8.687338692307692e-05	0.0051851198093641054	0.6299810246679317	13.846153846153847	1.0044167597855265	5.041074249605055	2.167441860465116	0.3216318785578748	0.6419057591623041	0.7758959881373378	0.8947430186225824	0.2030360531309298	0.879008426824582	1042	520	91
779_en	en	14.436507936507937	1.6085761407366685	9.021436555930784	7.1151722523277225	0.3435953820780649	0.10885101704233095	0.605827377680044	0.007696536558548653	0.010445299615173173	0.9761904761904762	0.7199502957899854	4.650793650793651	2.088408644400786	0.007097249206399121	0.00010636597064676617	0.003038742456004688	1.2820230896096756	18.0	1.0585419598526578	5.078543220710838	2.2	0.2880703683342496	0.6663081395348902	0.7464789619066987	0.8667232578721707	0.1720725673446949	0.8717040587654048	1809	1005	126
176_en	en	12.619834710743802	1.6489849377865096	8.789757803070898	6.982338262785023	0.29011132940406026	0.13686967910936476	0.6129666011787819	0.005239030779305829	0.005239030779305829	0.9752066115702479	0.7331476039689461	4.355371900826446	1.8660508083140877	0.00665598837956778	0.00014568943035495716	0.0029646542416679944	1.3759004584151933	16.024793388429753	1.1217612539448847	5.107344632768362	2.315112540192926	0.29927963326784546	0.7102591036414597	0.7435081229177507	0.87807053690733	0.1853307138179437	0.8761179430839446	1514	817	121
605_en	en	13.099009900990099	1.6613756613756614	9.122846665618944	7.065819610396414	0.2773998488284203	0.14134542705971279	0.6016628873771731	0.0015117157974300832	0.012849584278155708	0.9702970297029703	0.7204070814866115	4.0495049504950495	1.9832402234636872	0.0068570156276644	7.421730487444608e-05	0.004099075527646956	0.8624338624338624	15.930693069306932	1.0248399074605126	5.201238390092879	2.2650602409638556	0.2872260015117158	0.6795833333333339	0.6647673785337058	0.7680446504496272	0.19349962207105065	0.8672559482649335	1318	677	101
476_en	en	13.887755102040817	1.5297575312270388	7.87736335827498	5.738208259233158	0.2623071271124173	0.115356355620867	0.565025716385011	0.00440852314474651	0.01322556943423953	0.9693877551020408	0.7248149415487474	4.295918367346939	1.8342391304347827	0.007005259208302719	0.00011890607628398792	0.0031037016392611925	0.9206465833945628	17.908163265306122	1.0816703005032373	4.754415954415954	2.2054794520547945	0.3144746509919177	0.7051743264659281	0.7735141066602187	0.9436792972369725	0.2020573108008817	0.8875989831570723	1352	662	98
1346_en	en	13.402173913043478	1.6480129764801297	9.083400948552487	7.126711280369548	0.32441200324412	0.1151662611516626	0.6204379562043796	0.0	0.004866180048661801	0.967391304347826	0.7296288719333387	4.076086956521739	1.9939577039274925	0.007813219755636659	0.0001196388422125182	0.0040276574979036936	1.2570965125709652	17.25	1.0954723327024325	4.888194878201125	2.2782608695652176	0.3219789132197891	0.694029982363318	0.7858678442978018	0.8350528413869247	0.1759935117599351	0.8811156863848689	1225	687	92
1028_en	en	12.017094017094017	1.6642958748221905	8.735357989568517	7.572842756926969	0.3207681365576102	0.11735419630156473	0.5974395448079659	0.009246088193456615	0.005689900426742532	0.8974358974358975	0.7206631595961459	4.239316239316239	1.754060324825986	0.006921642624466573	9.164078561917443e-05	0.003523858787016682	1.1507823613086772	15.307692307692308	1.1037970318292225	5.097832128960533	2.1881533101045294	0.3150782361308677	0.6723335883703152	0.6583504176589823	0.7678453870354375	0.19274537695590327	0.8816451904907229	1399	751	117
746_en	en	13.0	1.6193406593406594	8.58821978021978	6.2490527472527475	0.3283516483516484	0.09274725274725275	0.5687912087912088	0.0035164835164835165	0.005274725274725275	0.9542857142857143	0.706186385953686	4.388571428571429	1.9938931297709923	0.008988503685731869	7.773569110922947e-05	0.0024175824175824176	2.1024175824175826	15.788571428571428	1.0268945437788934	5.105886575735822	2.269320843091335	0.23384615384615384	0.6339797794117745	0.6568439168319334	0.7815372923036988	0.17098901098901098	0.8565200933222407	2253	1181	175
236_en	en	13.973333333333333	1.4952290076335877	7.503302290076338	4.932152402035624	0.31202290076335876	0.10305343511450382	0.5944656488549618	0.003816793893129771	0.0057251908396946565	0.8933333333333333	0.7039793669202069	4.453333333333333	1.888135593220339	0.007036840800763359	0.0001715258696969697	0.004396796886693608	0.9083969465648855	17.106666666666666	1.06707493922928	4.944099378881988	2.399014778325123	0.3387404580152672	0.7019599578503678	0.6991465169319939	0.8606591154111314	0.17938931297709923	0.8863842267253177	1038	528	75
494_en	en	13.505376344086022	1.5286624203821657	7.715313334703108	5.0578123005273605	0.2714968152866242	0.11146496815286625	0.5987261146496815	0.0015923566878980893	0.007961783439490446	0.9247311827956989	0.707915396610477	4.247311827956989	1.9537037037037037	0.0068819809227707	0.0001241349004524887	0.004257823317640543	0.660828025477707	16.591397849462364	1.0674139413004722	4.950649350649351	2.260869565217391	0.3057324840764331	0.6528781331028574	0.8709420332851252	0.9923157116393381	0.21337579617834396	0.8763936179725705	1252	663	93
419_en	en	11.976744186046512	1.6359223300970873	8.384813727703769	6.911230074508918	0.2883495145631068	0.0912621359223301	0.5679611650485437	0.014563106796116505	0.009708737864077669	0.9883720930232558	0.7281064966389076	3.953488372093023	1.8892857142857142	0.008066065963495146	8.648986452905812e-05	0.004379260483371204	0.7582524271844661	15.744186046511627	1.099302238578136	4.766300366300366	2.3142857142857145	0.34368932038834954	0.6734371643394209	0.698306233902091	0.8086948052258879	0.20776699029126214	0.8944439702204146	1023	499	86
1421_en	en	13.181818181818182	1.5586206896551724	7.942633228840126	5.467080459770115	0.3045977011494253	0.14022988505747128	0.5873563218390805	0.0	0.004597701149425287	0.9545454545454546	0.7115192179234392	4.46969696969697	1.8697318007662835	0.00793061455367816	0.00011400351310782241	0.004861111111111111	1.0885057471264368	15.969696969696969	0.9837145813256821	4.999068901303538	2.3011363636363638	0.3264367816091954	0.6589105058365775	0.7993804815398395	0.8366399540001942	0.1735632183908046	0.8764538233332191	869	473	66
1451_en	en	14.590361445783133	1.588769611890999	8.847722384169213	6.574186385840638	0.2551610239471511	0.09083402146985962	0.5284888521882741	0.009083402146985962	0.010734929810074319	0.9879518072289156	0.7221111344034186	4.493975903614458	1.8323529411764705	0.008313727638645747	9.489539234972678e-05	0.0034712664770468232	0.7786952931461602	19.132530120481928	1.1014274272955895	4.592312539382482	2.1130434782608694	0.30800990916597853	0.6592985611510804	0.6968067697689307	0.8681356677380957	0.19653179190751446	0.8892492479623718	1198	549	83
1058_en	en	12.756410256410257	1.4130653266331659	6.059170854271361	3.8530275737662674	0.3135678391959799	0.08040201005025126	0.5879396984924623	0.01306532663316583	0.010050251256281407	1.0	0.7538284566135758	4.153846153846154	1.8218181818181818	0.005709163092964824	0.00011874462273641852	0.005139333028780265	0.6834170854271356	15.115384615384615	0.992328047432711	4.83781512605042	2.227979274611399	0.35175879396984927	0.6970200892857192	0.7415402573182079	0.8930573856661072	0.19899497487437187	0.8880323427687015	979	497	78
401_en	en	14.587628865979381	1.4819787985865724	7.586525081053512	4.886101016356417	0.30318021201413425	0.06713780918727916	0.5561837455830388	0.01342756183745583	0.008480565371024734	0.9690721649484536	0.7289146337247637	4.309278350515464	1.8911917098445596	0.006985552632956891	0.00016417343090379007	0.004060609690363538	0.8254416961130742	17.144329896907216	0.9956247646477577	4.9777911164465785	2.2840466926070038	0.28975265017667845	0.6645288753799397	0.7237095783919553	0.8913902141315692	0.20706713780918728	0.8718173059361568	1405	686	97
620_en	en	14.23157894736842	1.5643491124260356	8.419635316100905	5.969446035502958	0.2729289940828402	0.08875739644970414	0.5621301775147929	0.006656804733727811	0.014792899408284023	0.9789473684210527	0.7046920144350679	4.936842105263158	1.7868421052631578	0.007767776320488165	0.0001343482528213166	0.0034799689591618974	0.8106508875739645	17.54736842105263	1.0702306729458066	4.942480527261833	2.1713147410358564	0.2921597633136095	0.6639904229848355	0.6934149034089441	0.7977148366885832	0.20266272189349113	0.8800374830156994	1339	638	95
437_en	en	12.396039603960396	1.5599041533546325	7.65132445512922	5.47575679941796	0.3027156549520767	0.10463258785942492	0.5830670926517572	0.003993610223642172	0.007987220447284345	0.9504950495049505	0.7143213265817012	4.118811881188119	1.9707602339181287	0.008040776349552714	0.00011758454767080746	0.0040076228910935485	0.8714057507987221	15.475247524752476	1.0617737371066758	5.001919385796545	2.1948051948051948	0.3266773162939297	0.6572679965307898	0.7837875732986201	0.8932233221488178	0.1805111821086262	0.8854536969189675	1243	644	101
89_en	en	13.8	1.5579710144927537	8.176057971014497	6.396273043478262	0.25966183574879226	0.1111111111111111	0.571256038647343	0.0024154589371980675	0.018115942028985508	0.9666666666666667	0.7615931617879952	4.383333333333334	1.5850622406639003	0.0057771176332125605	0.00021142295265822784	0.004800724637681159	0.7874396135265701	16.883333333333333	1.0300249468392917	5.132482826300294	2.305389221556886	0.34903381642512077	0.70877914951989	0.5964198907541088	0.677013119634323	0.21618357487922704	0.8894834594539484	819	395	60
290_en	en	15.214285714285714	1.540576794097921	8.522377598926898	6.0372725687458075	0.25419181757209924	0.1381623071763917	0.5781354795439303	0.015425888665325285	0.008048289738430584	0.9795918367346939	0.7114930638123751	4.438775510204081	2.0767263427109977	0.00700570570804829	0.00010359761869806094	0.0036951267352542927	0.7538564721663313	20.43877551020408	1.1697140055403743	4.51948051948052	2.1459074733096086	0.2595573440643863	0.6110272988505732	0.7625119458131965	0.8480844726474114	0.19718309859154928	0.8533499917035229	1467	722	98
968_en	en	15.0	1.5826086956521739	8.934782608695656	6.8159739130434795	0.3194202898550725	0.11768115942028985	0.6005797101449275	0.016231884057971015	0.00463768115942029	0.991304347826087	0.7269838916695694	4.735042735042735	1.9061224489795918	0.006892204071768116	0.0001391417041570439	0.0028727858293075685	1.5147826086956522	18.974358974358974	1.103058043850518	4.864536453645364	2.237136465324385	0.25971014492753625	0.6738683886838871	0.7082279629204468	0.7892021407971007	0.15478260869565216	0.8609025691894309	1677	866	117
1136_en	en	13.046511627906977	1.7156862745098038	9.743237574099407	7.820521129212786	0.28609625668449196	0.12210338680926916	0.5837789661319073	0.0106951871657754	0.0071301247771836	0.9767441860465116	0.7155787697285926	4.093023255813954	2.096026490066225	0.00854718234798574	8.746981985940247e-05	0.0038405444822557123	0.9171122994652406	16.906976744186046	1.0890396043600725	4.937072503419973	2.214574898785425	0.32798573975044565	0.6706940371456503	0.749230518720332	0.8009714857416993	0.16488413547237077	0.8830744650771805	1109	569	86
596_en	en	12.621621621621621	1.6745182012847966	9.091747207593034	7.727979674749696	0.291220556745182	0.1252676659528908	0.5963597430406852	0.0053533190578158455	0.011777301927194861	0.972972972972973	0.6953939208725662	4.27027027027027	2.1862348178137654	0.007342005138115631	7.284561122661122e-05	0.005353319057815846	0.6284796573875803	15.716216216216216	1.0553285328467152	5.171501706484642	2.302325581395349	0.31798715203426126	0.6435209580838318	0.712490696242234	0.8158589528562731	0.1937901498929336	0.8696168154591332	923	481	74
1724_en	en	12.383333333333333	1.6049798115746972	8.178261776581426	6.421011502916106	0.30080753701211305	0.11103633916554509	0.6002691790040376	0.0033647375504710633	0.007402422611036339	0.9916666666666667	0.709208142918339	4.433333333333334	1.841743119266055	0.006910892684656797	0.00012055069720812183	0.0027704462428553953	1.3028263795423958	15.091666666666667	1.0150005258204609	5.130268199233717	2.277591973244147	0.33243606998654107	0.6964671953857254	0.8368375985715616	0.9100750190223823	0.20390309555854644	0.8953090261575747	1475	788	120
710_en	en	13.992481203007518	1.616335303600215	8.93982425165547	6.210206478851617	0.2907039226222461	0.12036539494895218	0.6072004298764105	0.005910800644814616	0.012358946802794197	0.9699248120300752	0.6919781025996079	4.338345864661654	2.0655737704918034	0.0071490581787748515	0.0001287054225308642	0.003030628694250403	1.0279419666845782	17.48872180451128	1.0671917500205046	5.071275225418635	2.2202898550724637	0.27619559376679204	0.6647219069239543	0.7755161530740823	0.8823839280965036	0.17893605588393338	0.8702053179751132	1846	972	133
485_en	en	12.376623376623376	1.4449108079748163	6.2868306509859515	4.249555059211512	0.24449108079748164	0.12801678908709338	0.5781741867785939	0.00944386149003148	0.008394543546694649	0.948051948051948	0.7166116890173841	3.7662337662337664	1.9392712550607287	0.00761276794847849	0.00010196894082969433	0.0045383001049317945	0.4627492130115425	15.74025974025974	1.077643152872805	4.669135802469135	2.2371134020618557	0.30535152151101785	0.6538641686182666	0.7942806882236277	0.9849135362828012	0.1888772298006296	0.8687977202026719	944	458	77
320_en	en	13.791044776119403	1.5140692640692641	7.654524778703884	5.132475240679717	0.26515151515151514	0.12229437229437229	0.566017316017316	0.0021645021645021645	0.00974025974025974	0.9850746268656716	0.7247883659744969	4.402985074626866	1.9227642276422765	0.007035618222943722	0.00010949831415929203	0.003923160173160173	0.8484848484848485	16.91044776119403	1.0464112225593323	4.874558303886926	2.238372093023256	0.341991341991342	0.6815757575757587	0.7820030713870196	0.8425055470182008	0.2067099567099567	0.8880647487474448	917	452	67
1100_en	en	13.22680412371134	1.5058456742010913	7.3374325638203	4.97090200801922	0.23538581449727203	0.08495713172252534	0.5292283710054559	0.00779423226812159	0.007014809041309431	0.9896907216494846	0.7201041372277089	3.845360824742268	1.86404833836858	0.008116033537412314	9.818004835766423e-05	0.003615197094575546	0.5752143413873734	16.484536082474225	1.092919835241019	4.744707347447074	2.279816513761468	0.2954014029618083	0.6663682432432434	0.7085801642925869	0.8825089374622066	0.21590023382696805	0.8835887712847473	1270	548	97
614_en	en	12.878787878787879	1.6858823529411764	9.326139037433155	6.872680392156863	0.35058823529411764	0.1011764705882353	0.6223529411764706	0.0058823529411764705	0.009411764705882352	0.9772727272727273	0.7183976741628821	4.378787878787879	1.9775510204081632	0.007230597963775294	0.00011707136684549356	0.003155080213903743	1.5182352941176471	15.530303030303031	1.0074872156713954	5.2688953488372094	2.2186588921282797	0.2917647058823529	0.6610930668332335	0.7196672035454502	0.8534735067064971	0.17705882352941177	0.8718319703291181	1681	932	132
722_en	en	13.966216216216216	1.7116594097726172	10.054405359641208	7.839817534225082	0.2467343976777939	0.15336236090953073	0.5921625544267054	0.0019351717464925011	0.01451378809869376	0.9864864864864865	0.7271655296053615	4.405405405405405	1.8802946593001841	0.006022203048137397	0.00017874624215033301	0.0022338093616919613	0.9569424286405418	16.966216216216218	1.0602567141196495	5.318955282944203	2.273615635179153	0.2660861151427189	0.7062957317073172	0.6483966016052104	0.809508920972127	0.20125786163522014	0.8764752549806014	2061	1051	148
944_en	en	14.072164948453608	1.6256410256410256	9.080708432461012	6.775741437256903	0.30256410256410254	0.1054945054945055	0.5860805860805861	0.009523809523809525	0.00805860805860806	0.9381443298969072	0.7401928201465369	4.618556701030927	1.8849104859335037	0.007441133668808645	0.00010315670557880056	0.003180785459266472	1.5963369963369964	17.762886597938145	1.1000062878504406	4.963541666666667	2.1535433070866143	0.31355311355311355	0.6699368088467547	0.6726699834820293	0.8246489321486757	0.2	0.8773010586700282	1348	717	97
1331_en	en	11.646341463414634	1.669109947643979	8.647570552930663	7.326865151321671	0.30471204188481676	0.13089005235602094	0.5989528795811518	0.008376963350785341	0.007329842931937173	0.926829268292683	0.6966543051242194	4.158536585365853	1.9460431654676258	0.007544443291247016	0.00010199930156555772	0.004908376963350786	0.8408376963350785	14.939024390243903	1.08878206293325	4.982258064516129	2.2857142857142856	0.33507853403141363	0.6643574766355139	0.7421497183040603	0.8137637266269563	0.18534031413612564	0.8768018094573069	949	511	82
1592_en	en	14.363636363636363	1.6120253164556961	9.033716915995399	6.839156962025316	0.29873417721518986	0.1310126582278481	0.5968354430379746	0.007594936708860759	0.014556962025316455	0.990909090909091	0.730248000005796	4.4363636363636365	1.8919540229885057	0.006760529838253164	0.00015046708026960785	0.0028988904516330676	1.5050632911392405	18.90909090909091	1.1091423250227284	4.87075155576831	2.23121387283237	0.2949367088607595	0.6911748818365963	0.6970042935420587	0.8164873856589937	0.18354430379746836	0.8771135963645527	1563	816	110
554_en	en	12.838709677419354	1.5301507537688441	7.47287566866591	5.237159896255471	0.2847571189279732	0.10134003350083752	0.5954773869346733	0.010050251256281407	0.011725293132328308	0.956989247311828	0.7352730275036394	3.817204301075269	1.7682926829268293	0.006887859873869347	0.00013612443406408093	0.003514596793491266	0.7638190954773869	15.806451612903226	1.0378944815782154	4.885810810810811	2.2448132780082988	0.36180904522613067	0.6995890410958935	0.7960139288445531	0.984566115539735	0.18257956448911222	0.9038786859858097	1184	593	93
662_en	en	12.857142857142858	1.6252136752136752	8.601807081807085	6.3516159951159965	0.34487179487179487	0.0876068376068376	0.591025641025641	0.005128205128205128	0.007264957264957265	0.9340659340659341	0.699090072918276	4.357142857142857	1.9550072568940493	0.007942073570145298	0.0001029748248392283	0.002483974358974359	1.735897435897436	15.412087912087912	1.0398261666764412	5.230687830687831	2.2576419213973797	0.24914529914529915	0.633525211958952	0.6740268339630381	0.789370670012344	0.16709401709401708	0.8628112539339032	2318	1244	182
311_en	en	11.787878787878787	1.5484147386461011	7.27856664329672	5.581563153384748	0.31276778063410454	0.09168808911739502	0.5775492716366752	0.004284490145672665	0.006855184233076264	0.898989898989899	0.7030967583359413	3.878787878787879	1.848396501457726	0.007346426269065981	0.00011256104378283713	0.004013139103113397	0.8817480719794345	14.323232323232324	1.0254393570252114	4.905395935529082	2.327731092436975	0.3067694944301628	0.6606928838951303	0.7044047237563403	0.8180158798853138	0.17652099400171378	0.8802435889547483	1158	571	99
950_en	en	14.53076923076923	1.555320275277925	8.429779248279512	6.183533498391498	0.29062996294335625	0.09952355743779778	0.5881418740074114	0.024351508734780307	0.006352567496029645	0.9692307692307692	0.7102220254423656	4.488549618320611	1.9645669291338583	0.006999983315193224	0.00012882986029723992	0.0027298181609444663	1.420857596611964	18.076335877862597	1.0834069964058948	4.973894736842105	2.0994318181818183	0.27474854420328215	0.6975307262569892	0.632168181682835	0.7335634695224666	0.1926945473795659	0.8693397705737119	1861	942	131
464_en	en	12.735849056603774	1.4777777777777779	6.81475890985325	5.116693221523409	0.27185185185185184	0.07703703703703704	0.5659259259259259	0.008148148148148147	0.008148148148148147	0.9528301886792453	0.7275027329395375	4.018867924528302	1.963276836158192	0.008392814123407408	0.00014469056852146265	0.0037420178799489143	0.8948148148148148	15.867924528301886	1.0792498586882464	4.79013079667063	2.2031872509960158	0.28888888888888886	0.6656274980015944	0.7139886957656254	0.8416973576325691	0.1985185185185185	0.873851192271445	1329	629	106
446_en	en	12.19718309859155	1.497690531177829	6.83964967634909	4.16642444133624	0.25057736720554274	0.08429561200923788	0.5346420323325635	0.004618937644341801	0.009237875288683603	0.9436619718309859	0.7080503803165235	3.6338028169014085	1.9414414414414414	0.008313202234988453	7.762782569974555e-05	0.005164228894021042	0.4630484988452656	14.19718309859155	0.9796254927341135	4.922090729783037	2.3175675675675675	0.3094688221709007	0.628252933507171	0.7756722734552384	0.9357034102214536	0.22979214780600463	0.878338014277399	863	393	71
1130_en	en	14.414634146341463	1.6387478849407784	9.368932359374355	6.867394172753912	0.28510998307952623	0.12013536379018612	0.5744500846023689	0.01015228426395939	0.008460236886632826	0.9878048780487805	0.7250249030118961	4.524390243902439	1.987841945288754	0.007739253504145517	9.399144598290599e-05	0.003358457673178485	1.242808798646362	18.878048780487806	1.0902721019491903	4.712082262210797	2.1275720164609053	0.31049069373942473	0.6721144967682366	0.7496119472919351	0.8244693762561894	0.17681895093062605	0.8721228152204058	1171	585	82
932_en	en	12.118181818181819	1.6639159789947486	8.770299461228944	7.920342295573892	0.304576144036009	0.09602400600150038	0.5828957239309828	0.02175543885971493	0.012003000750187547	0.9545454545454546	0.7330256591376273	3.7545454545454544	1.9123711340206186	0.007492373171854313	9.107456129985229e-05	0.003133136225232779	1.1950487621905477	16.063636363636363	1.1273995929582716	4.832865956253506	2.1161290322580646	0.3495873968492123	0.6883387358184772	0.7895757209673877	0.8683664960074735	0.19204801200300076	0.8987770185387047	1307	677	110
1355_en	en	11.593023255813954	1.7642928786359078	9.749935037671154	7.630605243637891	0.34804413239719156	0.10130391173520562	0.6208625877632898	0.0050150451354062184	0.0050150451354062184	0.9651162790697675	0.6975931441688914	3.872093023255814	1.982332155477032	0.007942387279137413	8.241372486486487e-05	0.004423986244447628	1.2888665997993982	15.709302325581396	1.1846178340479931	4.8975859546452085	2.2476190476190476	0.3711133400200602	0.7096547884187123	0.7422397751166633	0.9071690355837929	0.1855566700100301	0.8967329136834149	992	555	86
1508_en	en	14.671641791044776	1.6144455747711088	9.182398080806546	7.045890979487103	0.301119023397762	0.08036622583926754	0.5523906408952187	0.014242115971515769	0.007121057985757884	0.9850746268656716	0.725386514117931	4.746268656716418	1.8133802816901408	0.008312922111059409	9.19417544117647e-05	0.004440879568041317	1.180061037639878	20.582089552238806	1.2076018399732609	4.5252890173410405	2.1152073732718892	0.32553407934893186	0.6910746606334844	0.6215860721593935	0.7216870384047162	0.19226856561546288	0.8841312271843131	967	476	67
314_en	en	15.00952380952381	1.5685279187817258	8.77234372733865	6.590157101764564	0.2620558375634518	0.08756345177664974	0.5640862944162437	0.01903553299492386	0.010786802030456852	0.9619047619047619	0.7308009678267189	4.419047619047619	1.7465437788018434	0.007016874061515076	0.00011623031467391304	0.0033016432934698443	0.743020304568528	19.19047619047619	1.1216136557215306	4.869478908188586	2.1451612903225805	0.2868020304568528	0.6861543669600519	0.7014579915123956	0.8703767732943118	0.2131979695431472	0.8766392440930425	1554	736	105
254_en	en	11.11111111111111	1.64875	8.198583333333332	7.3767402777777775	0.33375	0.085	0.6	0.0075	0.01	0.9305555555555556	0.7245808201878444	3.7777777777777777	1.9049586776859504	0.007072674750625	0.00010232464234449761	0.006025641025641026	0.70625	13.805555555555555	1.0138493077996928	5.073485600794439	2.373684210526316	0.37125	0.6774037089871612	0.7577286454886523	0.8708907731432084	0.1725	0.8867325984361918	792	418	72
764_en	en	10.952702702702704	1.6329426280074029	7.95027706454141	6.736322737049203	0.31523750771128933	0.08574953732264035	0.6045650832819247	0.024059222702035782	0.004935225169648365	0.9324324324324325	0.7577101191465538	3.9054054054054053	1.815450643776824	0.0064805235137821715	0.0001400489880562061	0.002831808418126547	1.528685996298581	14.43918918918919	1.1201296624851391	4.820276497695852	2.2034313725490198	0.32017273288093767	0.6867674113009197	0.7688566604024873	0.8578669810991294	0.2041949413942011	0.8811993512843737	1587	854	148
344_en	en	14.151515151515152	1.6566738044254103	9.477841801310753	7.393602997858672	0.30620985010706636	0.10278372591006424	0.5831548893647395	0.006423982869379015	0.004996431120628123	0.9595959595959596	0.7191692143416637	4.737373737373737	1.8190709046454767	0.006444263535331906	0.00014799389466292135	0.0036975930541416555	0.8679514632405425	17.282828282828284	1.056697035566748	5.272251308900524	2.2958333333333334	0.31263383297644537	0.6954377880184324	0.7104209718720814	0.8479333779597268	0.19129193433261957	0.8810640585295169	1389	712	99
1271_en	en	10.813333333333333	1.6424167694204685	8.007717879161529	6.705702033703245	0.3563501849568434	0.07891491985203453	0.6115906288532675	0.008631319358816275	0.0036991368680641184	0.9733333333333334	0.7111014800692078	3.64	1.9210526315789473	0.007430194541183724	7.651601093750001e-05	0.006308605511427179	0.9260172626387176	13.16	1.0091163201506088	5.277445109780439	2.2705882352941176	0.35018495684340323	0.6654494382022494	0.882770862276694	0.8456935429945075	0.187422934648582	0.8766649302811742	806	448	75
701_en	en	12.884615384615385	1.6690831556503198	9.130181236673774	6.7856061997703785	0.3402985074626866	0.08869936034115139	0.5808102345415779	0.0042643923240938165	0.006823027718550106	0.967032967032967	0.7134857630049536	4.373626373626373	1.972017673048601	0.008430241171692963	0.00011980569983511954	0.002359630419331912	2.0925373134328358	15.527472527472527	1.0377054886866053	5.254392129304287	2.2364066193853427	0.2562899786780384	0.6550356188780196	0.6653800317387241	0.7753333021998219	0.17057569296375266	0.8694430165661664	2319	1213	182
653_en	en	12.75438596491228	1.7005960568546539	9.451243997200706	7.533007886290692	0.38422741861531406	0.09628610729023383	0.6102705181109582	0.0036680421824850985	0.007336084364970197	0.9415204678362573	0.6932032821424461	4.216374269005848	2.0579029733959313	0.007740188077643282	8.2189661300813e-05	0.002819405230177691	2.092618065107749	16.4093567251462	1.0766792641363945	4.992950299612266	2.272727272727273	0.25951398441082074	0.6588808837656129	0.6832616210803518	0.8316850429668513	0.14809720311783586	0.8632798926460724	2161	1230	171
167_en	en	12.719626168224298	1.5944158706833211	8.184761479670666	5.789958086069204	0.3115356355620867	0.09257898603967671	0.6010286554004408	0.00881704628949302	0.008082292432035268	0.9719626168224299	0.7471607178345278	4.299065420560748	1.8155844155844156	0.006569523844471712	0.00013435867771345876	0.0031475266596500983	1.1432770022042615	15.953271028037383	1.0737716476928885	4.970070422535211	2.225563909774436	0.30933137398971344	0.6788589540412048	0.7757087149554672	0.9145743539739144	0.19324026451138868	0.8812982802591297	1339	691	107
1574_en	en	13.553571428571429	1.4888010540184453	7.263745294560515	4.672718407679278	0.30171277997364954	0.11989459815546773	0.5876152832674572	0.0006587615283267457	0.007905138339920948	0.9642857142857143	0.6985212670850911	4.723214285714286	1.8405466970387243	0.007781012764097497	0.00011902111968215158	0.0034634886413542542	1.2648221343873518	16.205357142857142	1.0107985972434432	4.783549783549783	2.324110671936759	0.2707509881422925	0.6560394644115576	0.7058651496848468	0.7909323843982828	0.1963109354413702	0.8659999562362368	1507	818	112
1232_en	en	13.030303030303031	1.5744186046511628	8.069957716701904	5.906224806201552	0.31627906976744186	0.13023255813953488	0.622093023255814	0.0	0.00813953488372093	0.9848484848484849	0.7285245496611299	4.106060606060606	1.8185328185328185	0.007010477242209302	9.7863446069869e-05	0.004651162790697674	1.05	18.454545454545453	1.215174746969283	4.508972267536705	2.235955056179775	0.3616279069767442	0.679290407358739	0.7125849925032728	0.8358127328795749	0.15465116279069768	0.888286912446728	858	458	66
560_en	en	12.308641975308642	1.571715145436309	7.756609086518818	6.114098218111124	0.2948846539618857	0.08926780341023069	0.5616850551654965	0.006018054162487462	0.007021063189568706	0.9629629629629629	0.726162154629927	4.209876543209877	1.7869415807560138	0.008317147808525577	8.166673176229509e-05	0.004292878635907723	0.958876629889669	15.975308641975309	1.0897614085810634	4.760030864197531	2.235576923076923	0.3279839518555667	0.6663808463251667	0.7573827216199004	0.8627355397709081	0.18455366098294884	0.8846824746204909	990	488	81
