article_id	language	avg_sentence_length	avg_syllable_length	fkgl	wstf	noun_ratio	adjective_ratio	function_word_ratio	numbers_ratio	negations_ratio	grammar_frequency	adjacent_sent_edit_distance	dep_tree_depth	noun_phrase_complexity	word_freq	word_freq_filtered	lexical_chain_lens	crossing_lexical_chains	bpe_sentence_length	avg_bpe_length	bpe_char_ratio	bpe_char_ratio_lex	type_token_ratio	mattr	heaps_law_beta	heaps_law_beta_lex	verb_ratio	herdans_c	text_length	text_length_lex	text_length_sentences
1-1_en_professional	en	11.567567567567568	1.905373831775701	11.404762566304623	10.912637016923465	0.3901869158878505	0.14485981308411214	0.6658878504672897	0.014018691588785047	0.004672897196261682	0.918918918918919	0.7539854949272764	4.175675675675675	1.7220216606498195	0.005640093788804977	5.213990775047259e-05	0.004129068643248469	1.3364485981308412	17.7972972972973	1.2758855440997543	4.647940074906367	2.1496350364963503	0.433411214953271	0.6958388375165142	0.7192987968421782	0.7645650724541505	0.16355140186915887	0.9090183525823311	842	529	74
1-105_en_professional	en	14.928571428571429	1.7983595352016404	11.452785372522214	9.439614900888586	0.3964456596035543	0.15242652084757347	0.6978810663021189	0.028708133971291867	0.006151742993848257	0.9489795918367347	0.7382589985541869	4.591836734693878	2.0229885057471266	0.005097007047723855	5.1310041379310346e-05	0.0031037705581207194	2.343814080656186	23.010204081632654	1.2228552296105815	4.529230769230769	1.967557251908397	0.34859876965140124	0.7160043988269797	0.7082245811524994	0.8108465109089853	0.151742993848257	0.8818729678821847	1413	928	98
1-110_en_professional	en	15.214876033057852	1.7501357957631722	10.995404042897995	8.231127164090664	0.3910917979359044	0.16078218359587182	0.688212927756654	0.023900054318305268	0.005431830526887561	0.9008264462809917	0.7569570703574626	4.653543307086614	1.9875886524822695	0.00512704461955459	6.061190961038961e-05	0.0025681694731124385	2.6577946768060836	21.755905511811022	1.2241423445222743	4.395141121829225	2.029465930018416	0.3128734383487235	0.6839494833524739	0.7332628265177239	0.7728497257451399	0.13036393264530147	0.8748918103779001	1799	1155	127
1-111_en_professional	en	13.183206106870228	1.829183555298205	11.135816334198207	8.880725981161348	0.36711059640995947	0.17371163867979156	0.698320787492762	0.019687319050376375	0.0052113491603937466	0.7557251908396947	0.774581133919265	4.244274809160306	1.8893129770992367	0.004707946987666474	5.329525358114234e-05	0.0025628760605221415	2.7909669947886506	19.938931297709924	1.1750955264342051	4.562358276643991	2.1603960396039605	0.32310364794441226	0.708046683046678	0.7470189921980417	0.8205747217893796	0.15286624203821655	0.8748550938683024	1683	1103	131
1-112_en_professional	en	16.8125	1.8884758364312269	13.250889869888479	10.307276765799257	0.3308550185873606	0.21933085501858737	0.7174721189591078	0.026022304832713755	0.0	1.0	0.7383820346320346	4.5	2.211267605633803	0.005474612253903346	5.8996486666666665e-05	0.011417950079660117	0.11895910780669144	27.75	1.4162960043242128	4.293064876957494	2.090909090909091	0.5241635687732342	0.686764705882353	-1	-1	0.09293680297397769	0.9019231030820367	261	165	16
1-113_en_professional	en	12.490196078431373	1.835164835164835	10.936121525533292	9.41229328038908	0.38304552590266877	0.1554160125588697	0.6985871271585558	0.0	0.007849293563579277	0.9215686274509803	0.7310380277617119	4.0588235294117645	1.91005291005291	0.0046313297786499215	6.270492619047619e-05	0.005886970172684459	1.3720565149136579	19.294117647058822	1.2341442929498834	4.5507537688442214	2.2051282051282053	0.4207221350078493	0.7137360594795544	0.5808526840681377	0.8097981538529189	0.15698587127158556	0.8875937227778927	635	420	51
1-114_en_professional	en	8.085714285714285	1.982332155477032	10.954948006057549	11.246719414437154	0.33568904593639576	0.17667844522968199	0.734982332155477	0.014134275618374558	0.0035335689045936395	0.5428571428571428	0.7574657454688415	2.8378378378378377	1.819277108433735	0.003401312777738516	8.685984147727273e-05	0.009873207233423404	1.088339222614841	13.594594594594595	1.4610706164414604	4.433333333333334	2.33	0.38162544169611307	0.606413043478261	-1	-1	0.1978798586572438	0.8350259120189875	277	176	37
1-115_en_professional	en	13.6	1.9205882352941177	12.376941176470591	10.539008235294117	0.32941176470588235	0.14411764705882352	0.6235294117647059	0.0	0.0058823529411764705	0.92	0.7018777981277982	4.24	1.9791666666666667	0.006005875322941177	5.654608944723618e-05	0.009313725490196078	0.22647058823529412	19.68	1.2622425747567734	4.7374749498997994	2.2987012987012987	0.5323529411764706	0.6930705394190865	-1	-1	0.19411764705882353	0.9335646795792661	339	199	25
1-117_en_professional	en	10.620689655172415	1.7646103896103895	9.37447156291984	8.907987102552621	0.4366883116883117	0.18344155844155843	0.737012987012987	0.032467532467532464	0.00487012987012987	0.8620689655172413	0.7238088632409962	3.378787878787879	2.0309278350515463	0.00476877686955315	7.648493075e-05	0.006132756132756133	0.9724025974025974	15.424242424242424	1.3373827923333008	4.433300876338851	2.2660550458715596	0.5275974025974026	0.7422437137330761	0.924090044475474	0.8470155667128237	0.10551948051948051	0.9195395037908223	580	400	66
1-118_en_professional	en	14.563636363636364	1.692883895131086	10.065848144364999	8.447955106117353	0.36953807740324596	0.1735330836454432	0.66541822721598	0.0149812734082397	0.008739076154806492	1.0	0.7264690698808371	4.672727272727273	2.05726872246696	0.004922632488389513	9.395006234567901e-05	0.004174469413233458	1.9775280898876404	20.01818181818182	1.144639994226494	4.873542600896861	2.0761904761904764	0.42197253433208487	0.7330341880341883	0.6504099820237642	0.7371139317829178	0.13857677902621723	0.9001223273084792	771	486	55
1-120_en_professional	en	15.394736842105264	1.8683760683760684	12.460784975258662	11.264025641025642	0.5692307692307692	0.1675213675213675	0.8170940170940171	0.013675213675213675	0.006837606837606838	0.8157894736842105	0.6986195286241332	3.6956521739130435	1.854922279792746	0.0029646972806837606	5.281403356321839e-05	0.006139891854177569	3.1042735042735043	25.956521739130434	1.3149712205940345	3.9334995843724023	2.142857142857143	0.46324786324786327	0.6720781893004115	0.6358984750531461	0.7525269474139602	0.06324786324786325	0.8862861531237264	556	435	46
1-122_en_professional	en	15.892045454545455	1.8680729352878083	12.651158363668866	11.135796764390419	0.3839828387558098	0.16267429388630675	0.695745441544512	0.012513407222023596	0.0050053628888094386	0.8465909090909091	0.7027812811774811	4.982954545454546	2.128335451080051	0.005408691034609196	5.845585927777778e-05	0.0017096585247111267	3.9470861637468717	24.22159090909091	1.3015389779378335	4.6982718355908455	2.057065217391304	0.26170897390060777	0.703309859154931	0.6587568602006645	0.6752355005558672	0.15731140507686808	0.8565084387774426	2738	1800	176
1-13_en_professional	en	13.956521739130435	1.925233644859813	12.570800487606665	10.700181525125288	0.4205607476635514	0.17133956386292834	0.7383177570093458	0.021806853582554516	0.003115264797507788	1.0	0.7066994814454707	4.695652173913044	2.1875	0.0042421116461059186	9.911092981651376e-05	0.00962900028320589	0.5919003115264797	22.391304347826086	1.4377596569935407	4.696737044145873	2.1610169491525424	0.573208722741433	0.7257207207207207	-1	0.7009908063920977	0.13707165109034267	0.917754100428055	312	218	23
1-16_en_professional	en	14.5	1.8798029556650246	12.246674876847294	10.254030541871922	0.36551724137931035	0.13793103448275862	0.6413793103448275	0.012807881773399015	0.0019704433497536944	0.9285714285714286	0.7187361935825706	4.6571428571428575	2.0781758957654723	0.0075512390778325125	6.518120149253731e-05	0.0034968431277319087	1.103448275862069	21.714285714285715	1.2327275357695247	4.764322916666667	2.1745454545454543	0.4147783251231527	0.6626637554585174	0.8794689793369349	0.8312241134064311	0.13497536945812807	0.9067807018629065	999	603	70
1-2_en_professional	en	15.055555555555555	1.6309963099630995	9.527423124231241	6.514650512505125	0.3284132841328413	0.15867158671586715	0.5977859778597786	0.0036900369003690036	0.0	0.9444444444444444	0.7169734273800018	4.7368421052631575	1.9518072289156627	0.00816461058302583	8.91484935064935e-05	0.012546125461254613	0.3505535055350554	18.736842105263158	1.1953489883925055	4.888888888888889	2.125	0.5276752767527675	0.6749418604651163	-1	-1	0.12915129151291513	0.918208523754632	270	154	19
1-3_en_professional	en	7.65	1.9000933706816059	9.814601774042952	10.016134154995331	0.4341736694677871	0.18674136321195145	0.765639589169001	0.014005602240896359	0.006535947712418301	0.8142857142857143	0.73904960341517	3.092857142857143	2.0402298850574714	0.00377517413426704	5.270107801899593e-05	0.0034665207079000184	2.029878618113912	12.521428571428572	1.205889064426222	4.457654723127036	2.3544600938967135	0.4276377217553688	0.7193724279835382	0.7341522280035474	0.8137246312512213	0.10550887021475257	0.90125911987134	1047	737	140
1-33_en_professional	en	12.416666666666666	2.2416107382550337	15.7035067114094	14.715093512304252	0.5973154362416108	0.15436241610738255	0.8523489932885906	0.0	0.0	0.9166666666666666	0.67590700910859	3.8666666666666667	2.0392156862745097	0.0019086405617449666	2.640739243697479e-05	0.021140939597315434	0.5838926174496645	18.2	1.1944808598031986	4.836363636363636	2.6129032258064515	0.6308724832214765	0.7084	-1	-1	0.11409395973154363	0.9116125232941161	145	119	15
1-34_en_professional	en	9.344827586206897	1.977859778597786	11.393228146074566	11.180056648428554	0.47232472324723246	0.12915129151291513	0.7029520295202952	0.02214022140221402	0.007380073800738007	0.8275862068965517	0.7043450809512516	3.310344827586207	2.0494505494505493	0.006596808565694944	5.739240201149426e-05	0.005434417980543441	1.0350553505535056	14.03448275862069	1.3030010865810002	4.868949232585596	2.1164021164021163	0.488929889298893	0.6937020316027083	0.5432008613407847	0.9096807794248275	0.0996309963099631	0.9112327899958231	524	348	58
1-35_en_professional	en	14.875	1.7563025210084033	10.93561974789916	8.417814285714286	0.37815126050420167	0.14285714285714285	0.6638655462184874	0.008403361344537815	0.0	0.875	0.8217627401837928	4.5	2.0526315789473686	0.007907519913445378	7.588862602739726e-05	0.021008403361344536	0.09243697478991597	22.5	1.3313030638612033	4.538461538461538	2.0	0.6302521008403361	0.626	-1	-1	0.14285714285714285	0.950373147639946	118	73	8
1-37_en_professional	en	13.2	2.0303030303030303	13.515575757575757	11.188933939393939	0.29545454545454547	0.19696969696969696	0.6439393939393939	0.007575757575757576	0.0	1.0	0.8332110276554721	4.1	2.21875	0.005579967796969697	6.634293846153847e-05	0.017316017316017316	0.05303030303030303	20.8	1.2364232804232804	4.650943396226415	2.2142857142857144	0.6515151515151515	0.6645454545454547	-1	-1	0.21212121212121213	0.9435732401921668	130	78	10
1-39_en_professional	en	15.431034482758621	1.835754189944134	12.090002889616645	10.151136004623389	0.38100558659217876	0.15195530726256984	0.6905027932960894	0.01452513966480447	0.004469273743016759	0.896551724137931	0.7640197026500768	4.482758620689655	2.0826771653543306	0.005009316855977654	5.474481923076923e-05	0.0037350359138068633	1.2491620111731843	23.103448275862068	1.279715229976136	4.619188191881919	2.1140684410646386	0.4245810055865922	0.7183417085427165	0.6812085817505157	0.7720820654150755	0.16759776536312848	0.9070876287155734	871	546	58
1-4_en_professional	en	7.566037735849057	1.832917705735661	8.989183644661932	9.009580162800546	0.43516209476309226	0.1633416458852868	0.7562344139650873	0.02119700748129676	0.009351620947630923	0.6792452830188679	0.7588422678603909	2.803738317757009	1.974155069582505	0.003315489989900249	6.471144044526903e-05	0.002370966523086224	3.251870324189526	11.742990654205608	1.186786981722902	4.447478194918468	2.263327948303716	0.38902743142144636	0.783295681063122	0.6726463859316054	0.7329578077127223	0.12780548628428928	0.8985944940593248	1557	1078	214
1-40_en_professional	en	9.037735849056604	1.745302713987474	8.529289006184271	8.040931980935124	0.3945720250521921	0.16075156576200417	0.6993736951983298	0.022964509394572025	0.006263048016701462	0.7735849056603774	0.8141160558985655	2.830188679245283	1.856164383561644	0.0034840091559498955	5.168188655737705e-05	0.006310495350161321	1.2421711899791232	13.924528301886792	1.507966624787061	4.520833333333333	2.317241379310345	0.46555323590814196	0.6883684210526312	-1	0.8512640408556971	0.1524008350730689	0.8957490744398142	465	305	53
1-41_en_professional	en	14.291666666666666	1.6559766763848396	9.52427478134111	7.7875404275996125	0.358600583090379	0.1282798833819242	0.6588921282798834	0.03206997084548105	0.01749271137026239	0.9583333333333334	0.7466063020451227	4.333333333333333	2.080808080808081	0.004944132241982507	6.2150795e-05	0.010379008746355686	0.4402332361516035	21.25	1.2147131212388567	4.406976744186046	1.9684210526315788	0.47230320699708456	0.6367622950819671	-1	0.8875059546702356	0.1836734693877551	0.8988087359327838	333	200	24
1-43_en_professional	en	11.560283687943262	1.7748466257668711	9.86170082234695	8.995799678022886	0.4294478527607362	0.12147239263803682	0.7190184049079754	0.050920245398773004	0.0036809815950920245	0.7872340425531915	0.7738308176919433	3.7651006711409396	1.8388888888888888	0.004754495437013264	7.629411716779826e-05	0.0029017957099995526	4.004907975460123	17.14765100671141	1.235998455121565	4.467336683417085	1.98	0.31717791411042945	0.6894186806009155	0.7871876252298468	0.8588212255086622	0.12392638036809817	0.8609923138249139	1539	1031	149
1-46_en_professional	en	13.703703703703704	1.96	12.882444444444445	10.822421421421422	0.40864864864864864	0.15135135135135136	0.7075675675675676	0.013513513513513514	0.0037837837837837837	0.8592592592592593	0.6998781278083209	4.718518518518518	1.9593908629441625	0.00543083227321654	6.624655240066226e-05	0.002162162162162162	3.8913513513513514	21.333333333333332	1.2624078326701775	4.751201098146877	2.11472602739726	0.34486486486486484	0.7071559109080516	0.7044354076708046	0.7558292397382701	0.14432432432432432	0.8847073302316316	1809	1208	135
1-47_en_professional	en	12.4	2.092741935483871	13.940354838709677	11.768118709677422	0.4153225806451613	0.13306451612903225	0.6693548387096774	0.004032258064516129	0.004032258064516129	0.95	0.7505081524309158	4.7	1.8470588235294119	0.007258566045967742	4.033959867549669e-05	0.011712749615975421	0.6612903225806451	21.1	1.5627471476534924	4.60093896713615	2.1791044776119404	0.5362903225806451	0.7024832214765099	-1	-1	0.13709677419354838	0.9218088214549941	246	151	20
1-5_en_professional	en	9.865168539325843	1.9094533029612757	10.788964705280133	9.860031350618106	0.43735763097949887	0.15148063781321183	0.7482915717539863	0.008542141230068337	0.0028473804100227792	0.7696629213483146	0.7527323461988011	3.5168539325842696	1.8850987432675046	0.003944111885592255	5.405628294314381e-05	0.002277904328018223	2.9481776765375853	15.955056179775282	1.181089188320939	4.410204081632653	2.295190713101161	0.3530751708428246	0.7138805069402524	0.740082464635421	0.790366332739439	0.1315489749430524	0.8846236931067237	1727	1196	178
1-51_en_professional	en	8.79296875	1.7410039982230119	8.383104991531543	8.461896947190137	0.4286983562860951	0.15370946246112838	0.7432252332296757	0.060417592181252776	0.0026654820079964462	0.6015625	0.6741447023709425	3.280155642023346	1.9362606232294617	0.003967667855188805	7.298171165644171e-05	0.001917276532067619	5.394491337183474	13.785992217898833	1.1170333077346275	4.268831877729258	1.959409594095941	0.31141714793425146	0.7090938661710005	0.6412679582639718	0.6730637389152508	0.10173256330519768	0.867668544420116	2111	1467	257
1-53_en_professional	en	16.337606837606838	1.732932252157991	11.230267242130964	9.258486733245247	0.4161653151974889	0.11300026157467957	0.7190687941407272	0.03609730578080042	0.00941668846455663	0.7264957264957265	0.7300187193838659	4.00374531835206	1.8538062283737025	0.0035695234695464297	7.351417502071251e-05	0.0015360929169438947	6.6186241171854565	25.50187265917603	1.3312269056921942	4.032602339181286	2.0385925085130534	0.21370651320952133	0.64041353383459	0.5707953512640753	0.6062509933974971	0.1449123724823437	0.830558064048447	3641	2414	267
1-57_en_professional	en	14.420454545454545	1.6422379826635145	9.412385468156746	7.726990464933019	0.4310480693459417	0.1347517730496454	0.7155240346729709	0.04334121355397951	0.002364066193853428	0.8977272727272727	0.6769495257050815	4.488636363636363	2.1746031746031744	0.0059837146712371945	9.104438727050183e-05	0.0035244503329609714	1.8810086682427107	21.15909090909091	1.1585668452444098	4.553495762711864	2.0491803278688523	0.36879432624113473	0.65093162393162	0.7162027569198094	0.7965286370460102	0.12293144208037825	0.8822726631891528	1211	817	88
1-58_en_professional	en	13.914893617021276	1.805810397553517	11.145371201769802	9.278236879432626	0.3950050968399592	0.13353720693170235	0.6896024464831805	0.011213047910295617	0.0061162079510703364	0.8581560283687943	0.7532278333153553	4.319148936170213	1.9025210084033612	0.004727810669062181	5.5829978841512467e-05	0.0019803008758773385	4.128440366972477	20.68794326241135	1.2403948477970541	4.678195998643608	2.0798548094373865	0.32670744138634045	0.7133172302737567	0.7663529126513932	0.8351092410761592	0.15494393476044852	0.8824714021051794	1934	1243	141
1-59_en_professional	en	14.692982456140351	1.8322388059701493	11.7606810683425	9.861917412935323	0.4298507462686567	0.15701492537313433	0.728955223880597	0.014925373134328358	0.004776119402985075	0.8771929824561403	0.7262910175144046	4.771929824561403	1.9417293233082706	0.004205548429850746	5.673973761061947e-05	0.002414206340559974	3.6244776119402986	23.210526315789473	1.2641918367311777	4.499813223757938	2.116279069767442	0.3564179104477612	0.73675126903553	0.8498211107255291	0.9050820710101759	0.13134328358208955	0.8831598790029501	1650	1130	114
1-60_en_professional	en	8.4	1.5952380952380953	6.509809523809526	7.1884482539682555	0.5436507936507936	0.07539682539682539	0.7103174603174603	0.047619047619047616	0.003968253968253968	0.8333333333333334	0.6628482298517969	3.3	2.0697674418604652	0.006772135201840635	7.56986403726708e-05	0.012085137085137084	0.4880952380952381	13.1	1.294671915774857	4.2254901960784315	2.1470588235294117	0.5992063492063492	0.6807843137254901	-1	-1	0.07142857142857142	0.9320648600672773	237	161	30
1-61_en_professional	en	12.528384279475983	1.7901707912164517	10.420085205349764	9.244754565365959	0.43325200418264204	0.1443011502265598	0.7194144301150227	0.02335308469850122	0.005228302544440571	0.7205240174672489	0.7299705164472189	4.12987012987013	2.0032327586206895	0.0049261193275956395	7.208943740178103e-05	0.0015982061541377477	4.531195538515162	18.164502164502164	1.1307621564590558	4.712252042007001	2.1419939577039275	0.30881840362495644	0.706054151624554	0.8133330965305297	0.8778915390341646	0.12547926106657373	0.8754422954101844	2796	1909	231
1-62_en_professional	en	17.753623188405797	1.7281632653061225	11.72623957409051	9.121120082815734	0.396734693877551	0.1657142857142857	0.7159183673469388	0.031020408163265307	0.0016326530612244899	0.8840579710144928	0.7026444750406018	4.3428571428571425	2.151603498542274	0.004158789325469387	5.232235125313283e-05	0.0028679790500270906	3.639183673469388	27.742857142857144	1.257331406335465	4.239141543178334	1.9734939759036145	0.3510204081632653	0.70945825932504	0.5672337161292019	0.6409729346439405	0.14285714285714285	0.8792031205679846	1179	798	70
1-65_en_professional	en	15.064516129032258	1.784796573875803	11.345760862057055	8.915039773433723	0.4271948608137045	0.1145610278372591	0.6884368308351178	0.018201284796573874	0.0021413276231263384	0.9516129032258065	0.7214233958495014	4.564516129032258	2.2324723247232474	0.005906999879014989	4.8051988274706866e-05	0.005058498587965118	1.866167023554604	21.919354838709676	1.2210581185161098	4.684593023255814	2.0655737704918034	0.35224839400428265	0.6767305389221574	0.7522376020004656	0.8318155132819931	0.139186295503212	0.8681395560134176	915	597	62
1-66_en_professional	en	4.2727272727272725	2.297872340425532	13.191257253384919	14.068974468085107	0.3617021276595745	0.2978723404255319	0.8085106382978723	0.0	0.02127659574468085	0.8181818181818182	0.5464285714285714	1.9090909090909092	2.2	0.0033153680978723404	2.0214723529411765e-05	0.04964539007092199	0.02127659574468085	9.545454545454545	1.8879953379953383	3.7818181818181817	2.0	0.8085106382978723	0.8085106382978723	-1	-1	0.14893617021276595	0.9239261032098017	47	34	11
1-68_en_professional	en	13.876543209876543	1.898576512455516	12.225054698826941	9.674295035367514	0.3932384341637011	0.16548042704626334	0.7153024911032029	0.028469750889679714	0.006227758007117438	0.8765432098765432	0.7338794580780276	4.2592592592592595	2.095808383233533	0.004925155583540925	6.691707424242424e-05	0.003262158956109134	1.9555160142348755	21.271604938271604	1.3336674070430659	4.6811428571428575	2.06508875739645	0.39234875444839856	0.6967121951219507	0.71808638855062	0.762504320985168	0.14323843416370108	0.8943604524545636	1091	726	81
1-7_en_professional	en	8.737864077669903	1.9944444444444445	11.352211434735707	10.916959762675297	0.40555555555555556	0.16	0.6944444444444444	0.0	0.0033333333333333335	0.7475728155339806	0.7217919959999658	3.174757281553398	1.910344827586207	0.004786834293888889	4.894408721934369e-05	0.004397496087636933	1.4266666666666667	14.766990291262136	1.3980566503526586	4.497124600638978	2.3588039867109636	0.39222222222222225	0.6456803995006254	0.6830464574441911	0.7123917312398158	0.14444444444444443	0.8863522351298293	891	579	103
1-72_en_professional	en	17.916666666666668	1.7702325581395348	12.286244186046513	9.182434108527133	0.36372093023255814	0.16093023255813954	0.6725581395348837	0.027906976744186046	0.004651162790697674	0.95	0.7225818931580131	5.3	2.0844155844155843	0.005371898037488372	5.440844386792453e-05	0.004363885088919289	1.6390697674418604	27.3	1.22314671321455	4.477175897748022	1.9018987341772151	0.31348837209302327	0.6532991803278683	0.5444527202616483	0.6412397421731187	0.13953488372093023	0.8534808468815321	1046	636	60
1-76_en_professional	en	15.714285714285714	1.884090909090909	12.770844155844156	10.536133116883118	0.36477272727272725	0.14545454545454545	0.6738636363636363	0.015909090909090907	0.010227272727272727	0.9285714285714286	0.7316110007970835	4.660714285714286	2.099585062240664	0.004065376074318182	6.431133837638376e-05	0.004991087344028521	0.9977272727272727	23.107142857142858	1.2240942900482	4.831538461538462	2.0315315315315314	0.3704545454545455	0.6981306017925744	0.443194673782699	0.6226912398853378	0.1693181818181818	0.8820849799915884	862	542	56
1-77_en_professional	en	14.061728395061728	1.8173836698858647	11.339201378727278	9.826235122860643	0.3669885864793679	0.18086040386303776	0.7014925373134329	0.021949078138718173	0.0026338893766461808	0.9135802469135802	0.7635050311208399	4.222222222222222	2.205438066465257	0.004546013486217774	6.271187444134079e-05	0.00382791922739245	1.726953467954346	23.234567901234566	1.444269193795763	4.193684210526316	2.0483460559796436	0.334503950834065	0.6527788461538472	0.6125614828054272	0.6653154909859611	0.14223002633889376	0.8691832672703826	1105	716	81
1-78_en_professional	en	11.96551724137931	1.9135446685878963	11.656378813475111	10.362464453940177	0.34870317002881845	0.1585014409221902	0.6714697406340058	0.03170028818443804	0.008645533141210375	0.8275862068965517	0.6998157728514871	3.4827586206896552	1.925233644859813	0.005151681223054755	5.117425714285714e-05	0.009088893815118598	0.7204610951008645	18.586206896551722	1.2472199540115831	4.68440366972477	2.1160714285714284	0.5187319884726225	0.6972177419354837	-1	-1	0.14985590778097982	0.9070458017446711	334	196	29
1-79_en_professional	en	18.2	1.8827838827838828	13.724849816849819	10.794395311355311	0.36446886446886445	0.17032967032967034	0.6776556776556777	0.007326007326007326	0.007326007326007326	1.0	0.605486755530471	5.0	2.107594936708861	0.0064780288496337	7.184239391304348e-05	0.00716902145473574	0.6282051282051282	26.733333333333334	1.2438637804042973	4.882860665844636	2.2545454545454544	0.4230769230769231	0.6135346756152132	0.990936588514661	1.1345337020071309	0.13186813186813187	0.8848198329713155	543	345	30
1-8_en_professional	en	7.605381165919282	1.9245283018867925	10.085532616972674	10.19697350452661	0.43278301886792453	0.16391509433962265	0.7387971698113207	0.010023584905660377	0.00884433962264151	0.6278026905829597	0.7510036496588941	3.013452914798206	1.8336252189141857	0.003775831336853679	5.421457106420405e-05	0.002167156066475072	3.3832547169811322	12.179372197309418	1.283462438006259	4.492794376098418	2.3141025641025643	0.3696933962264151	0.6897683155917366	0.7560320635234857	0.8371344696707567	0.12617924528301888	0.8949653813484734	1670	1137	223
1-89_en_professional	en	13.833333333333334	1.9574769666902905	12.903228206945428	11.358797968343964	0.38199858256555635	0.1559177888022679	0.6945428773919207	0.014883061658398299	0.004961020552799433	0.9019607843137255	0.7127810473723516	4.568627450980392	1.8848758465011286	0.004746889318781006	5.92841640399556e-05	0.0030582688811512035	2.031892274982282	22.205882352941178	1.2801029157838277	4.611888111888112	2.0412371134020617	0.3664068036853296	0.7202362804878077	0.7170570878304405	0.7933674107032938	0.13890857547838412	0.8949864290378091	1383	901	102
1-9_en_professional	en	6.693693693693693	1.8600269179004039	8.968858171765309	8.637361897833228	0.45625841184387617	0.1816958277254374	0.7725437415881561	0.0013458950201884253	0.0	0.7297297297297297	0.7684260098997641	2.810810810810811	1.8764940239043826	0.0035569346065948857	4.775749087378641e-05	0.004631462275354287	2.0901749663526243	10.252252252252251	1.1324966322403824	4.589256198347107	2.6904761904761907	0.4535666218034993	0.7294720496894415	0.6883145463787999	0.8328811922389757	0.0901749663526245	0.9006834051135825	727	515	111
1-90_en_professional	en	12.036363636363637	2.066465256797583	13.488471848393303	11.617691480362538	0.36555891238670696	0.1661631419939577	0.6706948640483383	0.004531722054380665	0.010574018126888218	0.9272727272727272	0.7513151976921223	4.054545454545455	1.855	0.005080807701208459	4.289142077294686e-05	0.005458665201867619	1.1676737160120847	19.70909090909091	1.3833446915947387	4.6416131989000915	2.25	0.4229607250755287	0.7248845470692716	0.6946644265883208	0.8227694992391429	0.1691842900302115	0.8935636946088475	656	414	55
1-93_en_professional	en	12.642384105960264	1.7045573598742798	9.454306647841008	8.487827052060823	0.3603981141959141	0.15976951283394447	0.6862231534834992	0.04138292299633316	0.006809848088004191	0.7880794701986755	0.7608485357156697	3.888888888888889	2.030035335689046	0.005072293156578291	5.3054822465034965e-05	0.002647487718205372	2.07647983237297	19.908496732026144	1.385085269138608	4.240325203252032	1.8825910931174088	0.31744368779465687	0.6943756906077363	0.7583257845413781	0.8041834498721256	0.14719748559455212	0.8760806621398751	1821	1144	153
1-94_en_professional	en	15.166666666666666	1.755656108597285	11.041742081447964	9.411972031889679	0.38396897220426635	0.1577246283128636	0.6929541047188106	0.029088558500323207	0.006464124111182934	0.9509803921568627	0.7216307059217405	4.833333333333333	1.9409368635437882	0.005206647510536522	4.592822448979592e-05	0.0028800552970617036	2.661279896574014	25.147058823529413	1.3617620162277073	4.211240310077519	1.997979797979798	0.35035552682611504	0.7102831491712736	0.6834800003472743	0.7930487413924712	0.14091790562378798	0.8860271527682398	1499	980	102
1-96_en_professional	en	9.928571428571429	1.6762589928057554	8.061998972250773	6.44161829393628	0.4115107913669065	0.1669064748201439	0.7223021582733813	0.017266187050359712	0.0	0.7	0.7509905151209499	3.8028169014084505	2.1187214611872145	0.006565959416258993	6.302261080508474e-05	0.007066346922462031	1.0388489208633094	16.140845070422536	1.363627262417471	4.0893470790378	2.153284671532847	0.36546762589928056	0.6129697986577191	0.9884287059214544	0.5597759229748065	0.14244604316546763	0.8645489925498206	674	472	71
1-97_en_professional	en	12.045112781954888	1.7915106117353308	10.24741920343931	8.728019011949348	0.381398252184769	0.1441947565543071	0.6779026217228464	0.02871410736579276	0.0018726591760299626	0.8045112781954887	0.6924017707388717	3.8721804511278197	1.9462151394422311	0.005958696174968789	5.093975548780488e-05	0.002726544649376958	2.4931335830212236	18.082706766917294	1.2845969205144157	4.524663677130045	2.086859688195991	0.35268414481897625	0.7039254823685944	0.7767759484666535	0.8449652880647982	0.1373283395755306	0.889978378777072	1552	984	133
1-99_en_professional	en	13.619047619047619	1.9673659673659674	12.936346986346987	10.891032500832502	0.3554778554778555	0.1888111888111888	0.6841491841491841	0.009324009324009324	0.002331002331002331	0.8888888888888888	0.6977969759666347	4.34375	1.8804780876494025	0.005042578394638695	3.6786207843137256e-05	0.004279574592074592	1.6841491841491842	21.15625	1.3103191869409774	4.596620132255694	2.101063829787234	0.3333333333333333	0.7010013175230558	0.7337273792645885	0.7789745656508946	0.16783216783216784	0.8638706544492722	850	561	64
10-1_en_professional	en	9.5	1.8967611336032388	10.496781376518218	10.52421983805668	0.4331983805668016	0.12854251012145748	0.7044534412955465	0.01720647773279352	0.012145748987854251	0.6057692307692307	0.7243477560877664	3.0384615384615383	1.8011695906432748	0.004219660507591093	5.212498377952756e-05	0.003321678321678322	2.980769230769231	15.192307692307692	1.2150214406472741	4.505186089078706	2.233128834355828	0.354251012145749	0.7145106861642307	0.5287577131320133	0.6659696988733086	0.1346153846153846	0.8720093148666401	966	635	104
10-14_en_professional	en	19.444444444444443	1.802857142857143	13.26704761904762	10.475225396825396	0.38	0.15142857142857144	0.6485714285714286	0.002857142857142857	0.0	1.0	0.6722257922523889	4.095238095238095	2.242424242424242	0.008836761181142856	5.965846301369863e-05	0.007980295566502463	0.82	23.761904761904763	1.1772145239533613	4.9141716566866265	2.0606060606060606	0.5057142857142857	0.6724302788844609	-1	0.6772882401185271	0.13714285714285715	0.9156445080939221	347	219	21
10-15_en_professional	en	12.717391304347826	1.8	10.609782608695657	8.952202526941658	0.3452991452991453	0.11794871794871795	0.6495726495726496	0.010256410256410256	0.013675213675213675	0.9565217391304348	0.7560063376384549	4.0	1.7034883720930232	0.005209636376239316	6.081514822485207e-05	0.00623104494072236	0.505982905982906	17.76086956521739	1.160391601329154	4.945454545454545	2.141843971631206	0.4752136752136752	0.7175925925925921	0.6699930716107	0.8474584222065419	0.19829059829059828	0.9182664239114551	580	338	46
10-17_en_professional	en	14.120689655172415	1.9462759462759462	12.883125131573408	11.539337063702582	0.4175824175824176	0.16361416361416362	0.7191697191697192	0.0	0.003663003663003663	0.9482758620689655	0.699497296103112	4.637931034482759	1.8339622641509434	0.00428952839047619	4.4835225181159425e-05	0.0046870692031982355	1.971916971916972	22.32758620689655	1.2625436209301393	4.752679938744257	2.291304347826087	0.4078144078144078	0.7251111111111108	0.6878172592701957	0.7374178543339457	0.17582417582417584	0.8913563455035511	810	552	58
10-18_en_professional	en	14.2	1.9788732394366197	13.298704225352115	11.683711830985915	0.45774647887323944	0.16725352112676056	0.7288732394366197	0.00528169014084507	0.0035211267605633804	0.775	0.6762002328216438	4.75	1.796875	0.0040438646191901404	4.911513769230769e-05	0.006444919517102615	1.8485915492957747	22.35	1.1763773463329321	4.850446428571429	2.1502890173410405	0.38204225352112675	0.685756929637527	0.4361804888238569	0.7137522556884154	0.13028169014084506	0.8647214902347996	564	390	40
10-19_en_professional	en	10.203947368421053	1.8529980657640233	10.254916649699684	9.822621598968409	0.3952288845905867	0.18181818181818182	0.7053513862024501	0.0025789813023855577	0.0025789813023855577	0.7039473684210527	0.6934920148756556	3.526315789473684	1.8715415019762847	0.005072215603739523	3.820577035611164e-05	0.0026565895360221603	3.010960670535139	16.164473684210527	1.3318062877768067	4.551383399209486	2.4031890660592254	0.3533204384268214	0.7282988980716255	0.6058701778902259	0.7032468357507996	0.14119922630560927	0.8867093265841863	1536	1039	152
10-2_en_professional	en	11.32258064516129	1.7264957264957266	9.19845602426248	7.3127508684863525	0.33903133903133903	0.1225071225071225	0.6096866096866097	0.017094017094017096	0.014245014245014245	0.9354838709677419	0.7443819248347113	4.032258064516129	1.6782608695652175	0.005959957941880342	6.957222663043477e-05	0.008547008547008548	0.42165242165242167	17.35483870967742	1.3374424222259538	4.48440366972477	2.1904761904761907	0.5042735042735043	0.6778174603174608	-1	-1	0.18803418803418803	0.9196260066290021	343	184	31
10-20_en_professional	en	11.974248927038627	1.7225806451612904	9.406408694448292	8.894090836371467	0.42401433691756274	0.11039426523297491	0.714336917562724	0.04838709677419355	0.004301075268817204	0.6351931330472103	0.7499147913168411	3.7574468085106383	2.0	0.00484118402207363	6.26274555940023e-05	0.0016059808943652222	5.666666666666667	19.49787234042553	1.5108365321823536	4.175707802031554	1.9602836879432624	0.2799283154121864	0.6792604979561554	0.633880585456539	0.7228216517047727	0.14802867383512544	0.8594817488776615	2620	1734	235
10-21_en_professional	en	13.733333333333333	1.9805825242718447	13.136873786407765	11.388106537216832	0.3883495145631068	0.13106796116504854	0.6844660194174758	0.0048543689320388345	0.0048543689320388345	1.0	0.6559029734642199	4.133333333333334	1.7826086956521738	0.006396378650970874	3.893287380952381e-05	0.016430171769977592	0.20388349514563106	22.466666666666665	1.2749350063530327	4.629080118694362	2.234375	0.529126213592233	0.6356074766355141	-1	-1	0.14563106796116504	0.8981704345253473	205	126	15
10-23_en_professional	en	12.963414634146341	1.8156161806208844	10.890002638643509	9.858898731156645	0.3781749764816557	0.12982126058325494	0.676387582314205	0.011288805268109126	0.005644402634054563	0.8902439024390244	0.7395816379557364	4.2682926829268295	1.7387387387387387	0.004675019277704609	5.466442757575757e-05	0.0038232385363147357	1.7431796801505175	19.975609756097562	1.2962739117430786	4.637416209628276	2.103734439834025	0.3254938852304798	0.6517634854771797	0.5383861144632224	0.6394630683471054	0.17121354656632173	0.8679269014022003	1047	660	82
10-25_en_professional	en	12.703125	1.8351783517835178	11.01932330104551	9.505112561500615	0.35793357933579334	0.16359163591635917	0.6765067650676507	0.0024600246002460025	0.006150061500615006	0.9375	0.7189030278689316	4.390625	1.9270386266094421	0.005223597069741697	4.4917842998027616e-05	0.004336314549586174	1.6703567035670357	20.0625	1.2804501293191435	4.634032634032634	2.16	0.4046740467404674	0.710350140056022	0.6239306771228829	0.7010996443908161	0.17712177121771217	0.8970440375201714	808	507	64
10-27_en_professional	en	9.6	1.5625	6.5915	4.419078333333333	0.25	0.1875	0.6666666666666666	0.0	0.0	1.0	0.8245098039215686	4.2	1.9166666666666667	0.0029949161875	3.6284892857142855e-05	0.0625	0.0	13.8	1.1942052099946836	4.4	2.1	0.7708333333333334	0.7708333333333334	-1	-1	0.2708333333333333	0.9409669203539637	48	28	5
10-29_en_professional	en	12.26923076923077	1.8150470219435737	10.612554858934171	10.397199083674947	0.4169278996865204	0.14733542319749215	0.7492163009404389	0.02821316614420063	0.003134796238244514	0.8846153846153846	0.7117168863365619	4.384615384615385	2.067415730337079	0.0044561423492163015	4.462944372093023e-05	0.00859540904034786	0.8808777429467085	19.0	1.2785038878281918	4.5968063872255485	2.2616822429906542	0.542319749216301	0.7323636363636373	-1	0.5878642755431054	0.15047021943573669	0.9119660968211666	309	215	26
10-3_en_professional	en	7.53781512605042	1.8450390189520625	9.121208322794	9.076482109365484	0.483835005574136	0.15384615384615385	0.7536231884057971	0.008918617614269788	0.002229654403567447	0.7563025210084033	0.7425261446213544	2.8403361344537816	1.9193548387096775	0.0038566125787068005	5.381565794542536e-05	0.004144534067807725	2.400222965440357	12.789915966386555	1.2634804872752683	4.285264483627204	2.397183098591549	0.41917502787068006	0.7004887218045083	0.63697558218505	0.7624354117529242	0.09253065774804906	0.8920275726378398	880	623	119
10-30_en_professional	en	8.815533980582524	1.922907488986784	10.538366622471237	9.97986036525384	0.42400881057268724	0.14977973568281938	0.73568281938326	0.02753303964757709	0.006607929515418502	0.7961165048543689	0.6802528374954496	3.1359223300970873	1.8911564625850341	0.004602305181497798	6.618230134680135e-05	0.004572153250567348	1.9317180616740088	14.524271844660195	1.3162080598738781	4.424005218525767	2.0816326530612246	0.40198237885462557	0.7327688504326351	0.6331671516979206	0.7493456336069636	0.13105726872246695	0.8811221932172384	872	594	103
10-31_en_professional	en	14.878571428571428	1.7282765242438791	10.606305843220632	8.804531036280089	0.37782045127220354	0.13490158425348056	0.6812289966394623	0.025924147863658185	0.009601536245799328	0.8785714285714286	0.7208790362764012	4.514285714285714	1.8006134969325154	0.004779176334843015	6.369793911671924e-05	0.0023462400600637455	2.99807969275084	21.507142857142856	1.2040666833692886	4.658641160949868	2.0418848167539267	0.2914066250600096	0.7121723790322586	0.6106451529507874	0.6864376741750591	0.15458473355736918	0.8669328698710556	2021	1268	140
10-33_en_professional	en	13.596491228070175	1.9148387096774193	12.30772835314092	10.053081720430107	0.4232258064516129	0.1432258064516129	0.687741935483871	0.016774193548387096	0.007741935483870968	0.9649122807017544	0.6840615674053889	4.947368421052632	1.9123505976095618	0.005789545066939355	4.806420899795501e-05	0.004709677419354839	1.8787096774193548	21.210526315789473	1.3210819430195626	4.622641509433962	2.1008771929824563	0.4064516129032258	0.7043639053254447	0.611182799897023	0.7440895467109402	0.12645161290322582	0.8979903292914442	760	489	57
10-35_en_professional	en	16.714285714285715	2.010989010989011	14.658241758241761	12.54601440781441	0.4652014652014652	0.14041514041514042	0.7301587301587301	0.01098901098901099	0.004884004884004884	0.8367346938775511	0.709975213082943	4.793103448275862	1.7692307692307692	0.004052426709523809	5.548673626570916e-05	0.0041706109121839455	2.0146520146520146	23.344827586206897	1.2191317009518492	4.731166912850813	2.1353135313531353	0.4468864468864469	0.7006249999999986	0.9862503852507063	0.9639884566869763	0.11233211233211234	0.9021310588677769	805	557	58
10-36_en_professional	en	8.169117647058824	1.8325832583258326	9.22043833059777	9.71555693863504	0.47434743474347435	0.10621062106210621	0.6966696669666966	0.0279027902790279	0.0	0.5514705882352942	0.667546059941211	2.889705882352941	1.852417302798982	0.005923650543924392	5.8185629420289854e-05	0.00328486456893112	1.8820882088208821	13.264705882352942	1.327145223894802	4.215303430079156	2.2005208333333335	0.42484248424842486	0.6863142292490123	1.0488786593162662	0.9945639022356956	0.10081008100810081	0.9111394167134164	1075	690	136
10-37_en_professional	en	15.782608695652174	1.8539944903581267	12.442352377530245	10.005532614684395	0.3526170798898072	0.12947658402203857	0.6363636363636364	0.008264462809917356	0.005509641873278237	0.9565217391304348	0.7163164578864339	4.521739130434782	1.9724770642201834	0.007402392299449037	4.6352628909952605e-05	0.008370417461326551	0.5371900826446281	22.26086956521739	1.2986406901475023	4.968932038834952	2.066666666666667	0.4986225895316804	0.6756439393939397	-1	0.7119137761811716	0.15702479338842976	0.9109354548669022	362	211	23
10-38_en_professional	en	14.475	1.5682210708117443	8.560258635578585	7.724373713298791	0.3177892918825561	0.11398963730569948	0.6683937823834197	0.07081174438687392	0.0034542314335060447	0.95	0.7568356842195948	3.9	2.356164383561644	0.00675630585613126	7.302158557692308e-05	0.005881529197591373	0.853195164075993	21.475	1.2206999708003834	4.302995391705069	1.8638743455497382	0.4214162348877375	0.677499999999999	0.6912219891584965	0.6798984263106201	0.16407599309153714	0.8922098441943683	542	312	40
10-39_en_professional	en	11.2	2.2857142857142856	15.74942857142857	15.650854285714285	0.44642857142857145	0.16071428571428573	0.8214285714285714	0.0	0.0	1.0	0.7000000000000001	4.0	2.4375	0.0031390167178571428	7.475454146341463e-05	0.03571428571428571	0.17857142857142858	14.2	1.0331313131313131	6.267605633802817	2.0714285714285716	0.7857142857142857	0.7857142857142857	-1	-1	0.16071428571428573	0.9573930430397399	56	41	5
10-4_en_professional	en	8.89655172413793	1.8507751937984496	9.718802459235501	9.209141045175087	0.49224806201550386	0.11531007751937984	0.7344961240310077	0.020348837209302327	0.0	0.7586206896551724	0.7493667915687674	3.439655172413793	1.9770114942528736	0.004737353294282946	6.61316054676259e-05	0.004005833932709982	3.008720930232558	14.224137931034482	1.26164245285278	4.3784256559766765	2.3495934959349594	0.375968992248062	0.6726473740621657	0.6560096905762995	0.813799888355004	0.11143410852713179	0.8771195345593541	1003	695	116
10-40_en_professional	en	11.982142857142858	1.9046199701937407	11.557551362571857	10.847341260378965	0.526080476900149	0.12667660208643816	0.7570789865871833	0.011922503725782414	0.004470938897168405	0.8392857142857143	0.7311378141565306	3.4027777777777777	1.8041666666666667	0.004676200549627422	4.940047680851064e-05	0.005961251862891207	3.517138599105812	18.541666666666668	1.3283586949054864	4.074128984432913	2.3128654970760234	0.42921013412816694	0.6485139860139868	0.619747687418402	0.6594786428932323	0.08941877794336811	0.8838478085686968	648	470	72
10-42_en_professional	en	6.12987012987013	1.8983050847457628	9.200649350649353	9.823325302663438	0.486228813559322	0.15995762711864406	0.7595338983050848	0.015889830508474576	0.0	0.538961038961039	0.6211827303779133	2.4740259740259742	1.8273809523809523	0.004402186750317796	4.8738584580838326e-05	0.004085956416464891	2.1779661016949152	10.831168831168831	1.4483781727515392	4.1647727272727275	2.3512820512820514	0.4449152542372881	0.7230769230769218	0.6580608608058173	0.8407881591670245	0.10063559322033898	0.9053839253759353	920	668	154
10-43_en_professional	en	14.62962962962963	1.8189873417721518	11.579606188466947	9.69936521331458	0.4189873417721519	0.12658227848101267	0.7	0.016455696202531647	0.005063291139240506	0.9444444444444444	0.7675820419791781	4.7407407407407405	2.111587982832618	0.005295713778860759	6.35791868627451e-05	0.005240950477459472	1.6645569620253164	20.48148148148148	1.1301273591106074	4.937611408199643	2.1549295774647885	0.40253164556962023	0.7253979739507963	0.6257075644919506	0.7170113814867775	0.13670886075949368	0.8875561351614231	773	510	54
10-44_en_professional	en	13.7	1.8512773722627738	11.598072992700732	10.374554233576642	0.4197080291970803	0.13503649635036497	0.7144160583941606	0.030109489051094892	0.004562043795620438	0.9125	0.7345356524264501	4.4	2.1314102564102564	0.004299205031250821	6.0267925106990013e-05	0.003978526565948056	2.5501824817518246	22.6875	1.380178420443142	4.3875	1.9516539440203562	0.34854014598540145	0.7139217652958868	0.5359489804862408	0.6125431340810731	0.12317518248175183	0.8729957865332997	1053	701	80
10-45_en_professional	en	15.232558139534884	1.8389312977099237	12.050086987395705	10.272448606426417	0.3938931297709924	0.1435114503816794	0.7091603053435115	0.03587786259541985	0.0007633587786259542	0.8255813953488372	0.7525667381824922	5.0	1.9841688654353562	0.005318411551725191	5.2851112484994e-05	0.0028691760989734143	3.262595419847328	25.593023255813954	1.3537264565705294	4.370185772541912	2.0173410404624277	0.3580152671755725	0.7061436829066855	0.5586689608573763	0.6401706631960142	0.14198473282442747	0.8844617448284103	1252	833	86
10-46_en_professional	en	15.344	1.823774765380605	11.914702231491137	10.246523056517207	0.4254431699687174	0.14337851929092804	0.7294056308654849	0.03597497393117831	0.004171011470281543	0.832	0.7004049156204639	4.447761194029851	1.963855421686747	0.003976447611596476	5.939526398406375e-05	0.002390404234430358	4.704379562043796	25.074626865671643	1.3639452699758556	4.20994965946106	2.033292231812577	0.2914494264859228	0.6908851017042346	0.6427625317099389	0.7335715080006471	0.12930135557872785	0.8553121164108978	1832	1255	134
10-5_en_professional	en	5.138297872340425	1.9855072463768115	9.842921677459142	11.06756025725739	0.505175983436853	0.14285714285714285	0.772256728778468	0.020703933747412008	0.0	0.6276595744680851	0.6817239165286705	2.382978723404255	1.7666666666666666	0.003802119697101449	4.240257807017544e-05	0.006256188675848412	1.1200828157349896	9.563829787234043	1.4009418837270908	4.078947368421052	2.286995515695067	0.5383022774327122	0.712682291666667	-1	1.0139123027935149	0.11594202898550725	0.9204476837634978	470	342	94
10-57_en_professional	en	15.545454545454545	1.8742690058479532	12.589101541733122	9.662679532163743	0.40058479532163743	0.14327485380116958	0.6754385964912281	0.02046783625730994	0.0	0.9545454545454546	0.6681045005593299	4.863636363636363	2.0934579439252334	0.006426713325146199	3.7711977358490565e-05	0.008893762183235867	0.38596491228070173	22.318181818181817	1.2915276240052456	4.955645161290323	2.048780487804878	0.543859649122807	0.6961728395061736	-1	0.9388452908313778	0.13450292397660818	0.9184918665627912	334	212	22
10-63_en_professional	en	9.5	1.894736842105263	10.472894736842104	6.060242105263158	0.47368421052631576	0.18421052631578946	0.7631578947368421	0.0	0.0	1.0	0.8578431372549019	4.0	1.6875	0.004807582552631579	4.872548e-05	0.05263157894736842	0.02631578947368421	15.5	1.2790372670807453	4.365079365079365	2.0833333333333335	0.8157894736842105	0.8157894736842105	-1	-1	0.13157894736842105	0.9602863302391856	38	25	4
10-65_en_professional	en	14.041666666666666	1.8353115727002967	11.542926557863503	9.294027794263105	0.40801186943620177	0.142433234421365	0.6913946587537092	0.005934718100890208	0.0	0.8958333333333334	0.741985340660924	4.5	2.1761658031088085	0.005696660152967359	5.509978126410835e-05	0.005775752437473506	1.6439169139465875	20.875	1.2556645387370557	4.704253214638971	2.2152777777777777	0.35756676557863504	0.6362608695652167	0.3913593685159803	0.6461894500575216	0.17655786350148367	0.8619370297302308	668	443	48
10-66_en_professional	en	4.947368421052632	1.9787234042553192	9.688409854423295	10.439434042553192	0.48936170212765956	0.11702127659574468	0.776595744680851	0.0	0.0	0.7368421052631579	0.6948005698005697	2.210526315789474	1.7941176470588236	0.0027590922659574465	5.1676073529411765e-05	0.0425531914893617	0.02127659574468085	9.263157894736842	1.6431917862838914	4.172972972972973	2.7241379310344827	0.776595744680851	0.776595744680851	-1	-1	0.1702127659574468	0.9409372350906553	93	68	19
10-68_en_professional	en	13.5	1.8034188034188035	10.955341880341884	9.723054700854702	0.4188034188034188	0.1168091168091168	0.698005698005698	0.037037037037037035	0.002849002849002849	0.9230769230769231	0.7855226027627893	4.769230769230769	2.0090909090909093	0.005957270267806267	7.0312932735426e-05	0.009666259666259667	0.603988603988604	19.53846153846154	1.2247653296995402	4.80078125	2.021276595744681	0.5071225071225072	0.659126984126985	-1	0.8805151462258618	0.12535612535612536	0.9098991365128325	340	223	26
10-69_en_professional	en	13.637931034482758	1.7787610619469028	10.718173634421728	8.894592031038844	0.44121365360303416	0.10998735777496839	0.7079646017699115	0.025284450063211124	0.006321112515802781	0.9137931034482759	0.6953666629884697	4.482758620689655	1.9702127659574469	0.004172643543868521	7.481190633397312e-05	0.005478297513695744	2.3603034134007586	20.93103448275862	1.2138540601269059	4.413680781758957	2.1214574898785425	0.3463969658659924	0.6777456647398848	0.6565480822466858	0.6607863591639779	0.1529709228824273	0.8570182839669147	771	521	58
10-7_en_professional	en	6.130952380952381	1.9650485436893204	9.988644244105412	9.592949607027277	0.41359223300970877	0.1766990291262136	0.7087378640776699	0.003883495145631068	0.007766990291262136	0.6785714285714286	0.7736590399957114	2.7857142857142856	1.7640449438202248	0.004744386433980582	5.062239795918367e-05	0.007173678532901834	0.9359223300970874	9.928571428571429	1.2586481259644304	4.234375	2.4457831325301207	0.46990291262135925	0.7178605769230769	0.7887801396263602	0.9166377022626341	0.12427184466019417	0.9006060522339043	512	343	84
10-70_en_professional	en	14.0	1.8759398496240602	12.006090225563913	10.326739849624062	0.39473684210526316	0.14285714285714285	0.6466165413533834	0.0037593984962406013	0.007518796992481203	0.9473684210526315	0.7663342911149928	4.578947368421052	2.025	0.005863037705639098	3.0146395652173915e-05	0.013366750208855471	0.44360902255639095	21.36842105263158	1.3393654999877438	4.54126213592233	2.192982456140351	0.5	0.6902395209580843	-1	-1	0.14661654135338345	0.8982454187114849	265	161	19
10-71_en_professional	en	16.26086956521739	1.6800356506238858	10.576159807796635	9.209993861892583	0.43137254901960786	0.10427807486631016	0.7254901960784313	0.07397504456327986	0.0017825311942959	0.9130434782608695	0.7117603569400174	4.878378378378378	1.9402985074626866	0.004144576790106952	6.3433638252149e-05	0.004814883111029155	2.4313725490196076	23.72972972972973	1.1632190371768842	4.22863610639502	1.8455598455598456	0.2887700534759358	0.6334213098729238	0.5665753846165458	0.6486516757647195	0.13279857397504458	0.8413567490898154	1044	698	74
10-72_en_professional	en	10.214285714285714	1.9055944055944056	10.879585414585417	7.630171228771228	0.3811188811188811	0.12237762237762238	0.6923076923076923	0.03146853146853147	0.0034965034965034965	0.7857142857142857	0.8054181903757118	3.9285714285714284	1.811764705882353	0.005714025641608392	0.00010189258529411764	0.011695201350373764	0.8461538461538461	17.821428571428573	1.5915701995576284	3.9722772277227723	1.8227848101265822	0.3531468531468531	0.5583422459893049	-1	-1	0.14335664335664336	0.8215874818482118	277	170	28
10-78_en_professional	en	7.931818181818182	2.017191977077364	11.306274420421985	11.917303151862464	0.4498567335243553	0.12034383954154727	0.7048710601719198	0.014326647564469915	0.0028653295128939827	0.8863636363636364	0.6342941116610927	3.1372549019607843	1.6384615384615384	0.005686754794842407	4.508202794759825e-05	0.010297277936962751	0.8080229226361032	12.92156862745098	1.3442345844704844	4.122781065088757	2.3013698630136985	0.5300859598853869	0.7078399999999994	-1	0.9449644006279646	0.16332378223495703	0.9196665325343106	341	229	51
10-8_en_professional	en	7.6767676767676765	1.925	10.118939393939396	9.665016081871345	0.43026315789473685	0.19473684210526315	0.7421052631578947	0.003947368421052632	0.0013157894736842105	0.8181818181818182	0.7458692431176159	3.3333333333333335	1.9299610894941635	0.004864952976578947	5.701946463878327e-05	0.005089374379344588	1.1828947368421052	12.666666666666666	1.278413918342347	4.255109765329296	2.428	0.4486842105263158	0.7205446293494716	0.6343808374477825	0.824396088516819	0.1013157894736842	0.9027485860250266	752	526	99
10-82_en_professional	en	15.228571428571428	1.827392120075047	11.91236987402841	10.335250913964085	0.3696060037523452	0.11819887429643527	0.6454033771106942	0.020637898686679174	0.0075046904315197	0.8857142857142857	0.708062623650859	4.8	1.9932885906040267	0.00668100151500938	5.0870536858974355e-05	0.006544788167022994	1.2382739212007505	23.02857142857143	1.3086708123071276	4.548946716232962	1.9834710743801653	0.35647279549718575	0.6363594470046097	0.7164430393738098	0.6320250399521212	0.18761726078799248	0.8736334758554494	522	312	35
10-84_en_professional	en	12.464285714285714	1.7965616045845272	10.470498362668849	9.109687597216537	0.3209169054441261	0.14040114613180515	0.6332378223495702	0.02005730659025788	0.0057306590257879654	0.9821428571428571	0.744319459326144	3.864406779661017	1.912820512820513	0.00735560330444126	4.808349244332494e-05	0.00522126711238459	1.0601719197707737	16.847457627118644	1.1715313537951875	4.707292707292707	2.069182389937107	0.4154727793696275	0.6896160267111849	0.7573862647300548	0.7744780383560502	0.16475644699140402	0.8982847001617591	686	397	59
10-85_en_professional	en	9.0	1.8754208754208754	10.049966329966335	9.93929494949495	0.3468013468013468	0.18855218855218855	0.6902356902356902	0.003367003367003367	0.003367003367003367	0.9696969696969697	0.7824322743480353	3.3636363636363638	1.901098901098901	0.00419350765993266	4.576314684210526e-05	0.009947964493419038	0.32323232323232326	15.030303030303031	1.396738300257362	4.369140625	2.5760869565217392	0.5185185185185185	0.6677272727272735	-1	-1	0.18181818181818182	0.9026446959760839	293	190	33
10-86_en_professional	en	14.258823529411766	1.7533003300330032	10.659885070860028	10.398836020190256	0.41171617161716173	0.11468646864686469	0.7392739273927392	0.08168316831683169	0.0033003300330033004	0.8235294117647058	0.7637932570487719	4.453608247422681	1.791767554479419	0.004654583973187986	6.576470027210884e-05	0.004358926458683604	2.657590759075908	22.123711340206185	1.2301734525758616	4.103416435826408	1.9251336898395721	0.33993399339933994	0.6452291105121305	0.6711072126885234	0.7393584946916951	0.12458745874587458	0.8706539304408322	1105	735	97
10-87_en_professional	en	11.452830188679245	1.9093904448105437	11.407411022349326	10.519723751204502	0.3929159802306425	0.16803953871499178	0.6902800658978583	0.007413509060955519	0.0032948929159802307	0.7075471698113207	0.6432394788111006	3.453846153846154	1.7524752475247525	0.00482791992907743	4.2900347588832485e-05	0.003398942165958554	2.2380560131795715	14.2	1.064333198305048	4.74169741697417	2.2301136363636362	0.3401976935749588	0.6810044843049314	0.6241453429599291	0.7006808898270961	0.1342668863261944	0.8761595457861329	1205	788	130
10-88_en_professional	en	11.285714285714286	1.8512658227848102	10.656365280289332	11.19320560578662	0.4240506329113924	0.14556962025316456	0.6930379746835443	0.006329113924050633	0.0	0.8214285714285714	0.7684421374501355	3.7857142857142856	1.9607843137254901	0.004927918763924051	3.9195551456310676e-05	0.009275425578350064	0.6424050632911392	17.035714285714285	1.2534958665541047	4.911885245901639	2.240506329113924	0.5253164556962026	0.7063594470046084	-1	0.8545381271886489	0.1550632911392405	0.9106875066546319	313	206	28
10-89_en_professional	en	7.520231213872832	1.7271329746348962	7.72305927410218	7.77023815473202	0.4611837048424289	0.13835511145272866	0.740968485780169	0.019984627209838585	0.0030745580322828594	0.5549132947976878	0.6985113174972973	2.861271676300578	1.7804878048780488	0.003767471610868563	6.57645109375e-05	0.003398195719891582	3.0976172175249808	11.745664739884393	1.1330543239320863	4.231167608286253	2.059011164274322	0.3481936971560338	0.6594259567387706	0.6741305870371936	0.6796615622116816	0.12375096079938509	0.8695098853985831	1214	832	173
10-9_en_professional	en	6.2272727272727275	1.8576642335766422	8.759074319840746	9.128882481751827	0.48722627737226276	0.1386861313868613	0.7335766423357665	0.005474452554744526	0.0018248175182481751	0.625	0.7308851841530395	2.6931818181818183	1.770334928229665	0.004968135667335766	5.932522172774869e-05	0.006904714933912014	0.9306569343065694	9.545454545454545	1.2482561534495888	4.411441144114411	2.4804469273743015	0.5145985401459854	0.7332071269487765	0.6333901580219242	0.9562037658263873	0.09306569343065693	0.9175668929899751	543	382	88
10-90_en_professional	en	16.5	1.8727272727272728	12.943181818181824	9.611375757575757	0.3393939393939394	0.1696969696969697	0.6606060606060606	0.0	0.012121212121212121	1.0	0.7692242381315608	5.1	2.1555555555555554	0.005936881983636364	3.531757019230769e-05	0.016969696969696968	0.024242424242424242	22.5	1.188919848641211	5.168888888888889	2.0625	0.6848484848484848	0.7531818181818181	-1	-1	0.15757575757575756	0.9615702501441501	165	104	10
10-91_en_professional	en	13.129032258064516	1.7727272727272727	10.44850439882698	8.953589426963623	0.3476658476658477	0.16953316953316952	0.6670761670761671	0.01597051597051597	0.009828009828009828	0.8709677419354839	0.7348684054007264	4.048387096774194	1.9703389830508475	0.005108557536117935	6.740533406813628e-05	0.004467277194549922	1.3452088452088453	19.177419354838708	1.1715111265944524	4.634309623430962	2.09478672985782	0.40663390663390664	0.6924475524475537	0.6164286831128206	0.694746292565234	0.16093366093366093	0.8981303079559336	799	499	62
10-92_en_professional	en	19.36111111111111	1.6628407460545194	11.582354136776662	8.996443679260324	0.38067910090865614	0.11573409851745577	0.6695361071257772	0.0392156862745098	0.00860832137733142	0.9537037037037037	0.7223799400557015	5.592592592592593	1.9411764705882353	0.005202223287371497	8.794029144736841e-05	0.0026848565699279284	2.173601147776184	26.444444444444443	1.1173275914500176	4.8021632937892536	1.9355300859598854	0.30416068866571017	0.6755773092369517	0.6440625638838394	0.702287020704499	0.1444285031085605	0.8731879904347392	1996	1216	108
10-94_en_professional	en	16.56140350877193	1.8463983050847457	12.656447368421055	10.148547598870056	0.350635593220339	0.1864406779661017	0.6726694915254238	0.01059322033898305	0.0031779661016949155	0.8771929824561403	0.7126177053496112	4.982456140350878	2.0892193308550184	0.005209602349682204	4.813515996563574e-05	0.004110169491525424	2.0815677966101696	25.45614035087719	1.3016359880001924	4.6019217570350035	2.021551724137931	0.2997881355932203	0.64769230769231	0.6079205429214498	0.6969557809152185	0.1451271186440678	0.8500229595479186	925	582	57
10-95_en_professional	en	6.619469026548672	1.6811497326203209	6.829159765273769	7.018192333538405	0.4852941176470588	0.12433155080213903	0.7399732620320856	0.0374331550802139	0.0106951871657754	0.4646017699115044	0.6457219041564344	2.6194690265486726	1.8299445471349354	0.003848604083441845	5.073403365487674e-05	0.003001009685501664	4.495320855614973	10.991150442477876	1.1457550766621176	3.816	1.978391356542617	0.32419786096256686	0.6527630637079443	0.5585664688156402	0.6022283409587736	0.1036096256684492	0.861147853245548	1367	933	226
10-96_en_professional	en	12.6	1.8222222222222222	10.826222222222224	9.307021587301588	0.35873015873015873	0.18412698412698414	0.6698412698412698	0.025396825396825397	0.0	0.96	0.765735182545754	4.2	1.9895833333333333	0.006219733512063492	3.954817180851064e-05	0.008557625948930296	0.4666666666666667	18.72	1.3214806599173323	4.572938689217759	1.9871794871794872	0.5238095238095238	0.6679629629629631	-1	-1	0.10476190476190476	0.9280752921274174	307	188	25
10-98_en_professional	en	16.451612903225808	1.803921568627451	12.11240354206199	9.990768500948766	0.3843137254901961	0.15294117647058825	0.6784313725490196	0.0196078431372549	0.00392156862745098	0.967741935483871	0.7209945546281121	5.375	1.8627450980392157	0.005580429661176471	6.05055391025641e-05	0.006641366223908918	0.5274509803921569	23.625	1.2017717275051967	4.661822985468956	2.0364963503649633	0.5019607843137255	0.7103163017031633	-1	0.8413734731832281	0.1568627450980392	0.9293984184148053	498	312	32
11-10_en_professional	en	7.75	1.913978494623656	10.017446236559142	8.920423655913979	0.4032258064516129	0.10752688172043011	0.6559139784946236	0.016129032258064516	0.0	0.75	0.6568431852319321	3.5416666666666665	1.8032786885245902	0.004870616420430108	7.286445225225226e-05	0.01989247311827957	0.15053763440860216	11.916666666666666	1.6325841982091982	4.556291390728477	1.9444444444444444	0.553763440860215	0.6121839080459773	-1	-1	0.16129032258064516	0.911016440653217	182	111	24
11-12_en_professional	en	15.631578947368421	1.8855218855218856	12.755474038631938	11.249711111111111	0.28619528619528617	0.1919191919191919	0.6464646464646465	0.003367003367003367	0.006734006734006734	1.0	0.7259347211430546	4.473684210526316	2.08974358974359	0.005496268664309765	8.157985083798882e-05	0.013227513227513227	0.25925925925925924	19.526315789473685	1.050585671638303	5.744	2.234042553191489	0.5084175084175084	0.6682323232323228	-1	-1	0.16161616161616163	0.9043761265928792	293	179	19
11-14_en_professional	en	17.818181818181817	1.75	12.009090909090911	9.598281632653062	0.39285714285714285	0.12244897959183673	0.6938775510204082	0.030612244897959183	0.0	1.0	0.7516901859999583	6.090909090909091	1.6764705882352942	0.004812547081122449	7.656258455284553e-05	0.012026239067055394	0.2653061224489796	24.636363636363637	1.1522321822015742	4.981412639405204	1.7457627118644068	0.6428571428571429	0.7392783505154635	-1	-1	0.17857142857142858	0.9373829374348133	190	123	11
11-15_en_professional	en	13.5	1.5185185185185186	7.593518518518522	6.159977777777778	0.3333333333333333	0.07407407407407407	0.5185185185185185	0.0	0.0	1.0	0.8095238095238095	4.5	1.4	0.007847592592592592	4.2e-05	0.07407407407407407	0.0	16.0	1.1168831168831168	5.242424242424242	2.6666666666666665	0.8518518518518519	0.8518518518518519	-1	-1	0.14814814814814814	0.9415887339401864	26	14	2
11-16_en_professional	en	10.333333333333334	2.075268817204301	12.928172043010754	12.556496774193551	0.3763440860215054	0.20430107526881722	0.7526881720430108	0.0	0.0	1.0	0.7091374269005848	4.333333333333333	1.71875	0.004298027133333333	7.52849753846154e-05	0.02918586789554532	0.1827956989247312	15.333333333333334	1.2894491129785246	5.271428571428571	2.142857142857143	0.6236559139784946	0.6236559139784946	-1	-1	0.1935483870967742	0.8953816157016053	93	65	9
11-17_en_professional	en	15.6	1.8012820512820513	11.749128205128205	9.574153333333332	0.36538461538461536	0.14102564102564102	0.6794871794871795	0.0	0.00641025641025641	1.0	0.767987567987568	5.5	1.8181818181818181	0.0038365729179487182	0.00011074333684210525	0.013532763532763533	0.10897435897435898	20.2	1.0673090303332238	5.524752475247524	2.15	0.6923076923076923	0.752631578947368	-1	-1	0.25	0.956703250965212	154	95	10
11-19_en_professional	en	14.058823529411764	1.792887029288703	11.049008122077286	10.320928181146934	0.3702928870292887	0.1192468619246862	0.6401673640167364	0.0	0.0041841004184100415	0.8529411764705882	0.6693514297109364	4.5588235294117645	1.82	0.005655867443096234	0.0001288934888111888	0.011257222554293685	0.3702928870292887	16.735294117647058	0.9950926119432595	5.712564543889845	2.2375	0.4456066945606695	0.675461741424801	-1	0.8189597795385201	0.17573221757322174	0.9016750020868504	469	286	34
11-20_en_professional	en	10.058823529411764	1.8187134502923976	9.793759889920882	8.278648159614725	0.4327485380116959	0.11695906432748537	0.6783625730994152	0.0	0.0	1.0	0.7331741905755065	3.823529411764706	1.734375	0.005095106836257309	0.00015767089189189188	0.014354066985645932	0.2046783625730994	11.823529411764707	0.910609243697479	5.6571428571428575	2.4054054054054053	0.6842105263157895	0.7545833333333336	-1	-1	0.14619883040935672	0.9506971232991721	168	111	17
11-22_en_professional	en	18.473684210526315	1.5726495726495726	10.172001799370221	7.190010826210825	0.23931623931623933	0.1282051282051282	0.6581196581196581	0.07977207977207977	0.002849002849002849	1.0	0.7224253001634433	4.578947368421052	2.0123456790123457	0.004805933460683761	0.00016738168166666666	0.008397061028639977	0.21937321937321938	24.36842105263158	1.0724023532410565	4.848484848484849	1.7851851851851852	0.5071225071225072	0.6635317460317461	-1	-1	0.20797720797720798	0.9137245435709413	327	180	19
11-23_en_professional	en	10.608695652173912	1.8155737704918034	9.971161796151108	8.979716535994298	0.4098360655737705	0.10655737704918032	0.6721311475409836	0.012295081967213115	0.028688524590163935	0.8695652173913043	0.7150909917769521	3.4782608695652173	1.9589041095890412	0.005923651186475409	0.00012164484838709678	0.011270491803278689	0.20491803278688525	13.782608695652174	1.0786607890030993	5.132930513595166	2.23943661971831	0.6639344262295082	0.7829655172413795	-1	-1	0.14754098360655737	0.9573481563361954	240	155	23
11-24_en_professional	en	27.307692307692307	1.611267605633803	14.072957746478874	8.999916576381365	0.3183098591549296	0.10985915492957747	0.5943661971830986	0.030985915492957747	0.01971830985915493	1.0	0.7255771259538991	6.615384615384615	2.0408163265306123	0.005852174614084507	0.00015461231746031746	0.00906307409675444	0.5521126760563381	33.30769230769231	1.0422753165535434	5.197701149425288	1.8372093023255813	0.504225352112676	0.6953125000000001	-1	-1	0.16901408450704225	0.922646952067077	343	189	13
11-25_en_professional	en	17.81081081081081	1.6122913505311078	10.38125415248329	7.650054062256489	0.3353566009104704	0.10318664643399089	0.6236722306525038	0.024279210925644917	0.0037936267071320183	0.972972972972973	0.7306526203263878	5.373333333333333	1.7866323907455013	0.006515796238939834	0.0001519054340192044	0.002890839592017057	1.2314112291350532	21.56	1.04018369923822	5.300556586270872	2.0032894736842106	0.3915022761760243	0.6978096800656273	0.7142766993114363	0.7761439836905695	0.17450682852807284	0.9081839072547977	1281	729	75
11-26_en_professional	en	17.814814814814813	1.8316008316008316	12.970667590667592	10.09794057134057	0.34511434511434513	0.1288981288981289	0.6528066528066528	0.004158004158004158	0.008316008316008316	1.0	0.7041554015320737	5.481481481481482	1.654320987654321	0.0055803891765072765	0.00010885136770833334	0.007623007623007623	0.4553014553014553	22.555555555555557	1.050878015679844	5.358552631578948	2.108108108108108	0.46153846153846156	0.6814921465968583	-1	0.869914758809552	0.1995841995841996	0.9069105205775639	480	288	27
11-27_en_professional	en	19.21212121212121	1.9574132492113565	15.00020361342128	11.89311840168244	0.3217665615141956	0.19085173501577288	0.667192429022082	0.006309148264984227	0.011041009463722398	0.9393939393939394	0.7320363890173295	5.666666666666667	2.0108108108108107	0.005475802450946372	0.000128418157106599	0.00583596214511041	0.8501577287066246	23.90909090909091	1.048223883451234	5.762925598991173	2.0592592592592593	0.4022082018927445	0.6738878504672896	0.5750098475447787	0.6737671657308731	0.167192429022082	0.887381780043782	628	394	33
11-29_en_professional	en	12.1	1.7575757575757576	9.868393939393943	8.614731570247935	0.4628099173553719	0.0881542699724518	0.7079889807162535	0.0	0.0027548209366391185	0.9333333333333333	0.75024371363505	4.096774193548387	1.9035087719298245	0.004160582534986226	0.00016393991818181816	0.015013774104683197	0.3884297520661157	14.774193548387096	0.9482870776307454	5.526881720430108	2.230769230769231	0.4931129476584022	0.6271590909090907	-1	0.853189247785836	0.18732782369146006	0.9002912164699316	362	242	31
11-30_en_professional	en	15.5	1.706451612903226	10.591129032258063	9.000954838709678	0.3774193548387097	0.12580645161290321	0.6806451612903226	0.02258064516129032	0.0032258064516129032	1.0	0.709983005117644	5.15	1.9775280898876404	0.004841784989012903	0.0001651450159574468	0.011205432937181663	0.45806451612903226	19.6	0.9961746291325895	5.260204081632653	1.967032967032967	0.532258064516129	0.6873459715639815	-1	-1	0.17096774193548386	0.9126661819295196	302	188	20
11-31_en_professional	en	13.3	1.7218045112781954	9.91429323308271	8.598872781954888	0.47368421052631576	0.07142857142857142	0.6654135338345865	0.011278195488721804	0.0037593984962406013	1.0	0.6932615914854794	4.85	2.0	0.006722372293233083	0.00017298221556886226	0.012593984962406015	0.4699248120300752	16.4	0.9870634079226347	5.254491017964072	2.1774193548387095	0.5300751879699248	0.6444311377245511	-1	-1	0.12781954887218044	0.923679862066897	263	167	20
11-33_en_professional	en	16.825301204819276	1.7056928034371643	11.09904255043806	9.2290603936692	0.4138918725384891	0.09595417114214107	0.6766917293233082	0.030433225921947728	0.00322234156820623	0.8795180722891566	0.7349947788420099	4.594594594594595	2.090909090909091	0.0058015329775227	0.00014202866181710214	0.0022143621109187894	3.096312209094164	19.64864864864865	1.0665245443418097	5.196355724775632	2.142548596112311	0.305406373075546	0.6891017074981634	0.7462040858202375	0.840224788707545	0.14822771213748656	0.8802867202943058	2682	1684	185
11-34_en_professional	en	15.294117647058824	1.6076923076923078	9.345475113122173	6.636945701357465	0.3769230769230769	0.1076923076923077	0.6192307692307693	0.0038461538461538464	0.0	1.0	0.7306905481767767	5.470588235294118	2.0	0.007906624616538462	0.00017553684407894737	0.014253393665158372	0.4153846153846154	18.470588235294116	0.9731381278030452	5.132492113564669	2.125	0.47692307692307695	0.621552795031056	-1	-1	0.1423076923076923	0.8956840537227324	259	152	17
11-35_en_professional	en	19.90909090909091	1.8949771689497716	14.535276048152763	11.191242922374428	0.4018264840182648	0.1141552511415525	0.6621004566210046	0.0045662100456621	0.0	1.0	0.6781384397448471	6.818181818181818	1.7916666666666667	0.005626299489954338	0.00010311308759689923	0.0182648401826484	0.2511415525114155	24.818181818181817	1.0476857332818101	5.7032967032967035	2.0454545454545454	0.5205479452054794	0.6536666666666667	-1	-1	0.1689497716894977	0.9016863759475615	218	129	11
11-39_en_professional	en	16.71014492753623	1.6869037294015612	10.832420528677556	8.451919753132973	0.33738074588031225	0.1222896790980052	0.6643538594969645	0.026886383347788378	0.007805724197745013	0.9855072463768116	0.7473886610323179	5.246376811594203	1.97	0.005309394479480399	0.00010335279985119047	0.0029271465741543797	1.6548135299219429	20.608695652173914	1.001146224016056	5.2404447533009035	1.9935897435897436	0.4032957502168257	0.7253889943073997	0.7425900261683028	0.8244906273286486	0.19514310494362533	0.906666529139156	1115	672	69
11-40_en_professional	en	16.09	1.7986326911124921	11.908965755127408	9.6124698769422	0.36544437538844005	0.10503418272218769	0.6575512740832815	0.01305158483530143	0.006215040397762586	0.93	0.7309989899243277	5.13	1.9455337690631809	0.006082732640149161	9.359339356178608e-05	0.00232791425424967	2.686761963952766	19.96	1.0400713441821927	5.403265710044533	2.09366391184573	0.3356121814791796	0.7085298013245035	0.6372283786032313	0.7177725457543387	0.20758234928527036	0.8866466557038595	1576	963	100
11-41_en_professional	en	19.037037037037038	1.7947470817120623	13.01246000864678	10.609500374693761	0.36284046692607	0.12062256809338522	0.6556420233463035	0.009727626459143969	0.005836575875486381	0.9629629629629629	0.7482593621476413	5.425925925925926	1.817891373801917	0.004823032665953308	8.987509711538461e-05	0.003448885744605589	1.6381322957198443	25.462962962962962	1.090717093871596	5.212536023054755	2.111111111111111	0.39883268482490275	0.7526157158234619	0.7427968057806241	0.8029969865091143	0.2188715953307393	0.9047404989324797	1008	624	54
11-42_en_professional	en	21.50943396226415	1.8228070175438595	14.307802052300563	10.64961420059583	0.34912280701754383	0.09649122807017543	0.6157894736842106	0.0017543859649122807	0.008771929824561403	1.0	0.7291745747145648	5.90566037735849	2.0754098360655737	0.007391256298421052	0.00010174741916537868	0.003461988304093567	1.3842105263157896	24.37735849056604	0.979007501749449	5.964615384615384	2.1646341463414633	0.3482456140350877	0.6831123919308366	0.7364334197628352	0.8112812289258374	0.193859649122807	0.8907420648495157	1122	647	53
11-7_en_professional	en	16.31578947368421	1.8709677419354838	12.85057724957555	10.159774193548387	0.3032258064516129	0.12903225806451613	0.7096774193548387	0.054838709677419356	0.0	1.0	0.7091492744267344	5.473684210526316	2.2266666666666666	0.0047313221277419356	7.026816914285714e-05	0.012903225806451613	0.32903225806451614	21.789473684210527	1.0850878799563008	5.28537170263789	1.8173076923076923	0.4935483870967742	0.6694312796208536	-1	-1	0.2	0.8935743978826112	293	175	19
11-8_en_professional	en	15.214285714285714	1.732394366197183	10.785824949698192	7.995354393024815	0.323943661971831	0.07981220657276995	0.5774647887323944	0.028169014084507043	0.009389671361502348	0.6428571428571429	0.7242604839858845	4.357142857142857	1.6901408450704225	0.005837390883568075	8.51996093457944e-05	0.011267605633802818	1.295774647887324	21.428571428571427	1.1366820808590996	4.697368421052632	1.8888888888888888	0.4084507042253521	0.7028070175438584	-1	-1	0.16901408450704225	0.8455785261041834	207	107	14
11-9_en_professional	en	20.11764705882353	1.9883040935672514	15.71787065703474	11.651623804609564	0.3362573099415205	0.2631578947368421	0.7105263157894737	0.0	0.0	0.6470588235294118	0.6232342665327001	5.647058823529412	1.9805825242718447	0.0047116163473684206	7.309995779816513e-05	0.009046052631578948	1.0321637426900585	31.352941176470587	1.261978078795881	4.90377358490566	2.024390243902439	0.40058479532163743	0.7353909465020578	-1	0.2800094364728209	0.10526315789473684	0.8496081666260736	341	218	17
12-1_en_professional	en	14.880952380952381	1.7872	11.302531428571431	9.26771923809524	0.3664	0.2064	0.68	0.008	0.0096	0.9285714285714286	0.7587007485333752	5.142857142857143	2.0423280423280423	0.00445131200368	6.589995518987342e-05	0.0053	1.2432	21.452380952380953	1.1327104081358084	4.7634763476347635	2.238993710691824	0.4064	0.6746768060836505	0.7734266771594409	0.8141351826571793	0.1472	0.8870055586597716	619	395	42
12-10_en_professional	en	13.13978494623656	1.9648117839607202	12.719295179768757	11.957152075743977	0.4148936170212766	0.15548281505728315	0.7201309328968903	0.027823240589198037	0.004091653027823241	0.9032258064516129	0.6807543500796569	4.702127659574468	1.8858560794044665	0.004869048428036007	6.047908610421836e-05	0.003403511382234787	2.3175122749590833	21.21276595744681	1.3140846390492948	4.6050796812749	2.093681917211329	0.35597381342062195	0.6875779162956368	0.7401778242686957	0.8036595994326502	0.14157119476268412	0.8770507272425934	1181	806	94
12-101_en_professional	en	16.5	1.974025974025974	14.138506493506494	11.611722077922078	0.36796536796536794	0.1645021645021645	0.696969696969697	0.004329004329004329	0.004329004329004329	0.7857142857142857	0.668006993006993	4.285714285714286	1.8055555555555556	0.0054076184380952375	7.223688648648649e-05	0.012813852813852814	1.0995670995670996	25.428571428571427	1.3761294261294261	4.952112676056338	1.8461538461538463	0.44155844155844154	0.6977272727272736	-1	-1	0.14285714285714285	0.855810376811287	228	148	14
12-102_en_professional	en	11.313725490196079	1.6481802426343155	8.270879804261398	8.307781418425256	0.4246100519930676	0.10051993067590988	0.7261698440207972	0.09878682842287695	0.005199306759098787	0.7843137254901961	0.6332075540946509	3.392156862745098	2.3248407643312103	0.004969744146620451	7.681378181818182e-05	0.007047949162333911	1.124783362218371	17.058823529411764	1.049896620377504	4.218079096045198	1.8833819241982508	0.42980935875216636	0.6770292887029289	0.6476648846728094	0.8808615131793043	0.12305025996533796	0.8846295033053564	518	341	51
12-103_en_professional	en	16.506849315068493	1.8522821576763486	12.704600693457628	10.227899562325925	0.42489626556016596	0.14771784232365145	0.7087136929460581	0.014937759336099586	0.0033195020746887966	0.9178082191780822	0.6881904529707357	4.945205479452055	1.9784366576819408	0.0042211293297925315	7.33761336683417e-05	0.0035904818358878823	2.891286307053942	25.698630136986303	1.2323045258238434	4.587519830777366	2.0934579439252334	0.33526970954356844	0.702260397830016	0.4709791926221554	0.5784478747248128	0.12780082987551866	0.8658940486409726	1184	796	73
12-105_en_professional	en	12.894117647058824	1.8531021897810218	11.305311721769002	9.915066178617433	0.41058394160583944	0.12043795620437957	0.698905109489051	0.04105839416058394	0.005474452554744526	0.9058823529411765	0.7279258994303023	3.9647058823529413	1.8062678062678064	0.004376925262773723	5.673460324483776e-05	0.004122735874560692	2.208029197080292	19.694117647058825	1.1986070783109593	4.533490011750882	2.0284237726098193	0.33394160583941607	0.6717251755265825	0.5486878588870392	0.6705188350066041	0.1541970802919708	0.8626921985013386	1050	678	85
12-106_en_professional	en	14.875	1.8802521008403361	12.398224789915968	9.90504117647059	0.39705882352941174	0.11764705882352941	0.6953781512605042	0.0273109243697479	0.008403361344537815	0.875	0.7482299024125102	4.125	1.7777777777777777	0.003956038006302521	7.403929702970297e-05	0.007352941176470588	1.2079831932773109	21.1875	1.1468640991515162	4.815138282387191	1.9206349206349207	0.3760504201680672	0.7029708222811668	-1	0.6104021501926853	0.16806722689075632	0.8505494691098753	462	303	32
12-107_en_professional	en	15.25	1.8173302107728337	11.801996487119442	10.411638407494147	0.3114754098360656	0.15456674473067916	0.6744730679156908	0.01639344262295082	0.00234192037470726	0.7857142857142857	0.7602036336556461	4.107142857142857	1.9541284403669725	0.005636164361124122	8.004641484375e-05	0.007664466680860124	0.5433255269320844	22.714285714285715	1.2683178570573528	4.658307210031348	2.09	0.3864168618266979	0.55515243902439	-1	0.6203025546625005	0.22014051522248243	0.8603303811702302	419	256	28
12-108_en_professional	en	17.571428571428573	1.9024390243902438	13.711637630662022	12.402780255516841	0.2845528455284553	0.17073170731707318	0.6504065040650406	0.0	0.008130081300813009	1.0	0.7773569023569022	2.909090909090909	1.4857142857142858	0.005286252552845529	7.789418666666667e-05	0.019955654101995568	0.2926829268292683	14.0	0.9994784070653054	5.580645161290323	2.185185185185185	0.5772357723577236	0.6474999999999999	-1	-1	0.22764227642276422	0.906087730308524	123	75	11
12-111_en_professional	en	20.625	1.9272727272727272	15.195568181818185	12.737257575757576	0.3696969696969697	0.14545454545454545	0.6575757575757576	0.0030303030303030303	0.0	1.0	0.6713703201309399	7.0	2.00990099009901	0.00583274410030303	8.830846908212561e-05	0.008978675645342311	0.7090909090909091	26.5	1.063295432912381	5.625	2.1095890410958904	0.509090909090909	0.7172294372294373	-1	0.8517321095678975	0.17272727272727273	0.9127678842924808	326	207	16
12-112_en_professional	en	12.475471698113207	1.7537810042347248	9.970049812233906	9.287444542455685	0.3938294010889292	0.1367211131276467	0.6972171808832426	0.05232909860859044	0.0024198427102238356	0.7886792452830189	0.6733555504622971	3.954887218045113	1.9745098039215687	0.005133258744658469	7.48846252126063e-05	0.0014721634836854871	4.340290381125227	18.424812030075188	1.2267320879849488	4.55016051364366	1.9531368102796673	0.2716273442226255	0.6772341752416645	0.8073762957954379	0.8921830076341709	0.1355111917725348	0.8672795783569465	3117	1999	266
12-113_en_professional	en	10.670454545454545	1.8391906283280086	10.273926686997775	9.180793290734826	0.3514376996805112	0.15122470713525027	0.6389776357827476	0.011714589989350373	0.007454739084132056	0.8977272727272727	0.7268257528426206	3.6818181818181817	1.9230769230769231	0.005936408962619808	5.748871030195381e-05	0.004526091586794462	1.6464323748668797	15.431818181818182	1.2229706550213117	4.72093023255814	2.2125	0.3248136315228967	0.6711666666666684	0.5600831315553297	0.7083080744851895	0.18956336528221512	0.8666817270736841	925	563	88
12-114_en_professional	en	14.642857142857142	1.856910569105691	12.032259001161442	11.09552961672474	0.3382113821138211	0.14796747967479676	0.6650406504065041	0.04878048780487805	0.008130081300813009	0.9761904761904762	0.7683906585354059	5.0	1.8961748633879782	0.0049351107123577235	5.644039293785311e-05	0.007804878048780488	0.9528455284552846	22.0	1.3670836714206525	4.613076098606645	1.855721393034826	0.33658536585365856	0.6596124031007751	0.6477854884711558	0.6546850174531269	0.17398373983739837	0.8514158250508356	585	354	42
12-115_en_professional	en	18.85	1.6942970822281167	11.75420557029178	8.780108594164457	0.3521220159151194	0.16511936339522545	0.6604774535809018	0.033819628647214856	0.005305039787798408	0.9625	0.6895799367237468	5.5625	2.1818181818181817	0.005768430228183024	6.84137118047673e-05	0.003437604805024543	1.9190981432360743	26.4125	1.2116074605488563	4.59135744480977	1.9727891156462585	0.26856763925729443	0.6760894251242037	0.6708693690781491	0.7377728786925645	0.1419098143236074	0.8421145096206876	1441	881	80
12-116_en_professional	en	13.208333333333334	1.7634069400630914	10.369451892744483	8.29352797055731	0.3280757097791798	0.14037854889589904	0.6514195583596214	0.026813880126182965	0.007886435331230283	0.875	0.7275406616350533	3.7083333333333335	1.8971428571428572	0.005341224785370662	8.068607150837989e-05	0.005375651838022275	1.3706624605678233	20.708333333333332	1.3621523042428727	4.294117647058823	2.0847457627118646	0.3990536277602524	0.7084485981308439	0.398302003105357	0.6088235690787014	0.17665615141955837	0.8849549350563227	614	358	48
12-117_en_professional	en	13.610169491525424	1.8169364881693648	11.157816662093424	9.465925444836103	0.3125778331257783	0.14196762141967623	0.6438356164383562	0.0448318804483188	0.007471980074719801	0.9322033898305084	0.7687565461402254	4.423728813559322	2.009049773755656	0.005294372944458281	6.556660044247787e-05	0.006521596644163334	0.7347447073474471	19.423728813559322	1.2335111626946682	4.657463330457291	1.9177489177489178	0.32503113325031135	0.6904261363636357	0.54238514748395	0.7995125780464739	0.1917808219178082	0.857379703569001	766	452	59
12-119_en_professional	en	12.454545454545455	1.7201946472019465	9.5655695642557	8.649930413625302	0.32116788321167883	0.15328467153284672	0.681265206812652	0.046228710462287104	0.004866180048661801	0.9090909090909091	0.758143589528288	3.787878787878788	1.8108108108108107	0.005845497483941606	6.333234291845494e-05	0.009537712895377129	0.6131386861313869	19.0	1.2693686590472582	4.373228346456693	1.8346456692913387	0.41849148418491483	0.6837500000000006	-1	0.5496227409066943	0.15085158150851583	0.8767363381899005	392	233	33
12-12_en_professional	en	10.45945945945946	1.801033591731266	9.741385571618132	9.346198882603533	0.3850129198966408	0.1343669250645995	0.6718346253229974	0.03617571059431524	0.00516795865633075	0.8648648648648649	0.7395376979881123	4.081081081081081	1.688	0.0045505931049095606	8.11253547826087e-05	0.008839929280565756	0.3462532299741602	16.83783783783784	1.3428207853207854	4.358730158730158	2.074074074074074	0.5503875968992248	0.7256597222222219	-1	0.8804103373702743	0.165374677002584	0.9389244223640457	371	230	37
12-120_en_professional	en	7.8023255813953485	1.8599105812220567	9.399851835164455	9.246702339444774	0.43517138599105815	0.11773472429210134	0.7004470938897168	0.019374068554396422	0.010432190760059613	0.7558139534883721	0.7364394965300993	2.8488372093023258	1.7553648068669527	0.005172332624888226	6.443899559164733e-05	0.004938488062885363	1.3233979135618479	12.55813953488372	1.2465201556860996	4.33659839715049	2.2418772563176894	0.4873323397913562	0.7356118881118872	0.609100777446585	0.8736372945701996	0.15946348733233978	0.9222900905325203	652	431	86
12-121_en_professional	en	14.409090909090908	1.7129337539432177	10.242163751075427	8.173647949526815	0.35331230283911674	0.12933753943217666	0.6545741324921136	0.03785488958990536	0.006309148264984227	0.9090909090909091	0.7351734887164632	4.369565217391305	2.0280898876404496	0.006180831814826498	4.242221725067386e-05	0.007078556589982304	1.1167192429022081	19.782608695652176	1.2314459475876312	4.543075245365322	1.9881656804733727	0.35331230283911674	0.6803551401869165	0.4016611635027735	0.7137745381326136	0.17665615141955837	0.8535638157402495	610	371	46
12-123_en_professional	en	11.539325842696629	1.878286270691334	11.074115072809427	9.919117247792743	0.39824732229795523	0.1314508276533593	0.6903602726387537	0.03602726387536514	0.005842259006815969	0.8764044943820225	0.7393776477041865	4.0	1.7462235649546827	0.0046159060812074005	5.4780297058823524e-05	0.003845537574106714	2.3067185978578384	17.344444444444445	1.2246433701506443	4.498434564809017	2.091160220994475	0.3631937682570594	0.7062284482758631	0.6231224687823941	0.7486889713408397	0.15481986368062317	0.8819791528717122	990	646	90
12-124_en_professional	en	10.435897435897436	1.8132678132678133	9.876560196560199	9.704574925974928	0.40294840294840295	0.11302211302211303	0.687960687960688	0.03194103194103194	0.009828009828009828	0.9487179487179487	0.7498343150479642	3.7948717948717947	1.8373983739837398	0.004581027960933661	6.306653568627451e-05	0.008816302933949994	1.1744471744471745	16.692307692307693	1.273790762263248	4.399698340874812	2.176056338028169	0.4103194103194103	0.6809090909090898	-1	0.6091045493268098	0.18427518427518427	0.8698885238578242	393	255	39
12-125_en_professional	en	15.301369863013699	1.6016114592658908	9.276549465912858	7.453657617640207	0.36794986571172783	0.07162041181736795	0.6678603401969562	0.06803939122649955	0.006266786034019696	0.8767123287671232	0.7041382266755399	4.068493150684931	1.786833855799373	0.004049525950134288	7.803212607313196e-05	0.003528970872977868	2.387645478961504	23.383561643835616	1.3121755748381916	4.188843695525857	1.775	0.3106535362578335	0.6205304518664035	0.5989174982831279	0.7216114450025041	0.18710832587287377	0.8670289967465782	1037	629	73
12-126_en_professional	en	12.88	1.8819875776397517	11.640653416149071	9.811486310559008	0.32142857142857145	0.16614906832298137	0.6739130434782609	0.037267080745341616	0.007763975155279503	0.96	0.717150216373336	4.74	1.7536231884057971	0.005172040931832298	4.202567308707124e-05	0.006250995381430163	0.8881987577639752	20.3	1.40213748004723	4.353112840466926	2.0153846153846153	0.37888198757763975	0.6721834862385321	0.708279627899432	0.7807118743539009	0.18478260869565216	0.8679175025638838	619	379	50
12-127_en_professional	en	12.28	1.8599348534201954	11.146431270358306	9.265007530944628	0.3306188925081433	0.15960912052117263	0.6661237785016286	0.03908794788273615	0.008143322475570033	0.96	0.7391821344575735	4.1	1.801047120418848	0.004743326825081434	5.812309281767956e-05	0.005799634543576707	1.1058631921824105	19.46	1.412032127207959	4.33502538071066	2.066326530612245	0.3778501628664495	0.6805242718446579	0.46858799867571843	0.747002937093874	0.1775244299674267	0.8746780031547114	589	362	50
12-128_en_professional	en	15.254716981132075	1.7433518862090291	10.930891879908057	9.814030237686842	0.40630797773654914	0.11069882498453927	0.7050092764378478	0.07606679035250463	0.012987012987012988	0.6981132075471698	0.7327021763153758	4.169811320754717	2.102974828375286	0.004148006741659765	5.665461195876288e-05	0.003429470961938495	2.6153370439084727	24.547169811320753	1.478278276619026	4.072485768500949	1.839171974522293	0.21397649969078542	0.5401712779973664	0.5351028498448702	0.6127454882460458	0.1440940012368584	0.8057328763442198	1492	970	106
12-129_en_professional	en	13.046875	1.837125748502994	11.17636508233533	10.961994386227545	0.34850299401197604	0.12694610778443113	0.6467065868263473	0.05029940119760479	0.008383233532934131	0.875	0.7088272110643333	3.984375	1.9913419913419914	0.00611287366994012	5.8114278924731185e-05	0.0047483979409601845	1.3748502994011975	19.90625	1.2959645707017642	4.309837335398916	1.930909090909091	0.3413173652694611	0.6375271739130433	0.5684186924462781	0.82136021191473	0.1664670658682635	0.8690175144237656	791	465	64
12-13_en_professional	en	14.776923076923078	1.7839666840187403	11.22380687142114	9.535628659752533	0.3899010931806351	0.12649661634565332	0.6933888599687663	0.03331598125976054	0.00989068193649141	0.9	0.7552967011441729	4.384615384615385	1.8352941176470587	0.004833771749508917	5.9349446545768567e-05	0.002239541006445234	3.323269130661114	23.076923076923077	1.3060780538179209	4.462938451356718	1.9955357142857142	0.29359708485163977	0.6769484083424804	0.5339295556445123	0.6091553260012861	0.17074440395627277	0.8675797143006012	1845	1158	130
12-130_en_professional	en	16.0	1.9375	13.5125	10.482778125	0.322265625	0.1728515625	0.6611328125	0.0146484375	0.0087890625	0.875	0.7281339929979869	4.765625	2.0551724137931036	0.006164517676016504	5.956152571428571e-05	0.0033967391304347825	1.4482421875	23.59375	1.3396673932759615	4.690789473684211	2.1116279069767443	0.3564453125	0.7115999999999997	0.7011783907210901	0.8224726615589905	0.1669921875	0.883856829980622	1007	630	64
12-131_en_professional	en	16.384615384615383	1.7887323943661972	11.90704225352113	9.992019429396894	0.32981220657276994	0.13732394366197184	0.6185446009389671	0.01056338028169014	0.005868544600938967	0.9423076923076923	0.6905344937909319	4.5	2.0987124463519313	0.007565586600352113	5.969169208924949e-05	0.004929577464788733	0.9929577464788732	22.76923076923077	1.186140753479758	4.720367278797997	2.1333333333333333	0.35093896713615025	0.6677822045152687	0.7052029801887189	0.795017911976996	0.18896713615023475	0.8791275523606169	839	493	52
12-132_en_professional	en	12.666666666666666	1.8086124401913874	10.691626794258372	9.253991068580543	0.33253588516746413	0.11004784688995216	0.5813397129186603	0.009569377990430622	0.0023923444976076554	0.8484848484848485	0.7543267048496856	3.878787878787879	1.9083333333333334	0.007743261882535884	5.264048193832599e-05	0.0071086807928913195	0.6842105263157895	17.78787878787879	1.2953871992148878	4.656565656565657	2.2266666666666666	0.3923444976076555	0.6024764890282144	-1	0.5871113616416039	0.19617224880382775	0.8824950879463946	413	227	33
12-134_en_professional	en	7.142857142857143	1.72	7.491714285714284	6.3144857142857145	0.38	0.12	0.6	0.0	0.0	1.0	0.8428571428571429	2.125	2.0625	0.009787979938	1.3678460714285715e-05	0.06	0.0	9.375	1.3198660714285715	4.075	2.3	0.72	0.72	-1	-1	0.18	0.9409669203539637	50	28	8
12-135_en_professional	en	10.72	1.9813432835820894	11.970650746268657	10.848951164179104	0.373134328358209	0.20522388059701493	0.6716417910447762	0.0	0.0037313432835820895	0.96	0.7585434085434084	4.08	1.8387096774193548	0.004504661437313433	4.056880233918129e-05	0.013930348258706468	0.31343283582089554	17.2	1.4602085087909418	4.340857787810384	2.327272727272727	0.5	0.6851479289940827	-1	-1	0.13059701492537312	0.8937029425667385	268	171	25
12-136_en_professional	en	8.529411764705882	2.075862068965517	12.231643002028399	12.308496957403651	0.35172413793103446	0.12413793103448276	0.6206896551724138	0.0	0.0	0.8823529411764706	0.6910681575261683	3.235294117647059	1.7906976744186047	0.00431614149862069	5.9398474712643675e-05	0.021839080459770115	0.06206896551724138	12.235294117647058	1.4117575235222295	4.917050691244239	2.6666666666666665	0.6551724137931034	0.7341304347826086	-1	-1	0.25517241379310346	0.9544934118182231	144	87	17
12-137_en_professional	en	11.652173913043478	1.8843283582089552	11.18942245295263	9.321303179753407	0.3694029850746269	0.23134328358208955	0.6977611940298507	0.014925373134328358	0.0	1.0	0.7474429472631574	3.869565217391304	1.923913043478261	0.006101012030597015	4.693978816568048e-05	0.012126865671641791	0.5149253731343284	17.26086956521739	1.1150918185479022	4.595061728395062	2.1627906976744184	0.47761194029850745	0.6337869822485209	-1	-1	0.10820895522388059	0.8793272064796495	265	169	23
12-139_en_professional	en	13.010989010989011	1.7744932432432432	10.423305984555984	9.758520132907634	0.37077702702702703	0.15371621621621623	0.6824324324324325	0.037162162162162164	0.01266891891891892	0.8351648351648352	0.737810695118091	3.956043956043956	1.9940828402366864	0.004643085690692567	4.909410871369294e-05	0.0037951912951912953	1.5337837837837838	20.87912087912088	1.3437179967273851	4.376433785192909	2.0852130325814535	0.3217905405405405	0.6776036866359468	0.530859129243004	0.6852561548691602	0.14949324324324326	0.8663873507146005	1134	723	91
12-14_en_professional	en	14.198529411764707	1.8663904712584154	11.97083403143754	11.038776613763062	0.3972035214914552	0.12118073537027448	0.6835836354220611	0.031071983428275506	0.005178663904712584	0.9117647058823529	0.7183101290243897	4.411764705882353	1.876271186440678	0.0049623376188348	6.338424757446809e-05	0.0024981874676333502	3.024339720352149	21.375	1.2479924655198837	4.661218930881852	2.081277213352685	0.31330916623511135	0.7091484716157226	0.6448310642823517	0.7324459533005209	0.16053858104609012	0.8762745597666036	1854	1175	136
12-141_en_professional	en	11.619047619047619	1.8186475409836065	10.401469555035128	9.972817466822795	0.38934426229508196	0.10758196721311475	0.6526639344262295	0.02971311475409836	0.005122950819672131	0.9166666666666666	0.7231549473013802	4.166666666666667	1.7942122186495177	0.005764018747745902	8.056146725043783e-05	0.004405737704918033	1.6229508196721312	16.178571428571427	1.1500511818364252	4.931034482758621	2.0381944444444446	0.3401639344262295	0.6612200684150521	0.5666368519624552	0.6748634744978252	0.14651639344262296	0.8754509733302904	945	571	84
12-148_en_professional	en	14.75	1.7203389830508475	10.462500000000002	7.882640677966101	0.3248587570621469	0.12429378531073447	0.6101694915254238	0.03672316384180791	0.0	1.0	0.6923973007024444	4.038461538461538	1.9464285714285714	0.008838479647740113	5.958295372340426e-05	0.008843036109064112	0.4576271186440678	21.5	1.259297752185327	4.099467140319716	1.8679245283018868	0.4604519774011299	0.6490980392156862	-1	-1	0.1327683615819209	0.9027862530070899	341	188	26
12-150_en_professional	en	8.962655601659751	1.7935185185185185	9.06895420316582	8.335056016597512	0.4444444444444444	0.15138888888888888	0.7402777777777778	0.03333333333333333	0.004166666666666667	0.7012448132780082	0.7052595016918058	3.08298755186722	1.9868035190615836	0.00418853818087963	5.8182468953568956e-05	0.0021558456046407853	4.440740740740741	14.742738589211617	1.4297857661111486	4.162608225108225	2.141852286049238	0.3333333333333333	0.7052498786996655	0.5981104704011794	0.6616830018000671	0.11388888888888889	0.8777527447027377	2075	1443	241
12-151_en_professional	en	12.288461538461538	1.7981220657276995	10.420340375586857	9.873793523534369	0.3568075117370892	0.1705790297339593	0.6651017214397497	0.025039123630672927	0.001564945226917058	0.9038461538461539	0.6774774041292525	3.6346153846153846	1.84375	0.0046567355255086075	6.117577969151671e-05	0.005998956703182056	1.129890453834116	18.307692307692307	1.327501509862302	4.678386763185109	2.0526315789473686	0.39436619718309857	0.66924074074074	0.41811901388299294	0.6690344462539726	0.15179968701095461	0.8798447660087332	623	389	52
12-152_en_professional	en	17.136363636363637	1.790450928381963	12.220502773088985	9.815889655172413	0.3594164456233422	0.1206896551724138	0.636604774535809	0.017241379310344827	0.009283819628647215	0.9318181818181818	0.692115249247199	4.886363636363637	1.7292576419213974	0.00477121269469496	6.165069078341014e-05	0.005280925970581143	1.563660477453581	25.977272727272727	1.2640660300664748	4.473913043478261	2.064516129032258	0.33156498673740054	0.6404580152671755	0.5782820352242353	0.5919771338715522	0.18037135278514588	0.8569024412477259	738	434	44
12-154_en_professional	en	15.25	1.9508196721311475	13.377172131147542	12.86623897996357	0.3989071038251366	0.17122040072859745	0.6848816029143898	0.0273224043715847	0.0	0.8611111111111112	0.7491407046507388	4.972222222222222	1.9534883720930232	0.00547510306262459	4.8235325e-05	0.006898422664031314	1.4408014571948997	24.805555555555557	1.2173085241382469	4.577308120133481	2.0761421319796955	0.3424408014571949	0.6659111111111101	0.14264881535488372	0.47041435313740637	0.13479052823315119	0.8463773524694264	533	352	36
12-155_en_professional	en	13.342857142857143	1.7516059957173447	10.282665035178955	9.237703016212908	0.3511777301927195	0.145610278372591	0.6788008565310493	0.057815845824411134	0.010706638115631691	0.9428571428571428	0.771504834501284	4.314285714285714	1.9854014598540146	0.005238649943468951	7.063635018315018e-05	0.006907508461697865	0.8886509635974305	19.6	1.2908746881389526	4.426323319027182	1.8869047619047619	0.43254817987152033	0.7335597826086944	-1	0.6273130650436519	0.16274089935760172	0.8990909128464476	441	273	35
12-16_en_professional	en	15.0	1.8209150326797385	11.74679738562092	10.113261437908498	0.3411764705882353	0.20261437908496732	0.6836601307189543	0.01568627450980392	0.00784313725490196	0.9411764705882353	0.7435004075918401	4.588235294117647	2.0273972602739727	0.004312952467973856	4.8454136645962734e-05	0.004320372216683284	1.8169934640522876	22.41176470588235	1.1996436680383944	4.747826086956522	2.0673076923076925	0.3908496732026144	0.7133033033033025	0.714761427670762	0.8357109827364716	0.16732026143790849	0.8881752321674672	752	483	51
12-163_en_professional	en	12.314465408805031	1.7711950970377937	10.112743654479928	9.295970444748525	0.3478038815117467	0.1394279877425945	0.6481103166496425	0.03932584269662921	0.012257405515832482	0.7735849056603774	0.658065083362752	3.875	1.8352745424292845	0.0053977786700204295	5.868893568242641e-05	0.0029800114327482637	2.106741573033708	16.63095238095238	1.0995928147685703	4.780281690140845	2.0662557781201847	0.25842696629213485	0.656777837547074	0.6327782946421852	0.7408909981811693	0.16036772216547499	0.8503676856804365	1874	1121	168
12-164_en_professional	en	15.666666666666666	1.846335697399527	12.306761229314422	10.373024586288416	0.3817966903073286	0.1607565011820331	0.6962174940898345	0.022458628841607566	0.0	0.8148148148148148	0.7201138345561209	4.611111111111111	2.0	0.0035784449982269504	6.868876018518519e-05	0.0044490412398213814	2.2505910165484635	23.185185185185187	1.2117377276075418	4.802547770700637	2.0136363636363637	0.3215130023640662	0.693038821954482	0.4063813988522518	0.49437883556692824	0.16430260047281323	0.8506396440637028	826	540	54
12-19_en_professional	en	12.901734104046243	1.6738351254480286	9.192930780864774	8.581179798827357	0.36872759856630827	0.11379928315412187	0.6836917562724014	0.06003584229390681	0.007168458781362007	0.6878612716763006	0.7787476021231019	3.458100558659218	1.9867768595041322	0.004270783021729524	7.890252673796791e-05	0.002096544435254113	3.1666666666666665	19.11173184357542	1.3481486329344226	4.179340028694405	1.9443772672309552	0.22849462365591397	0.594210032817626	0.4813709674717743	0.5430900871626362	0.15591397849462366	0.8358535427608206	2074	1309	179
12-21_en_professional	en	10.114583333333334	1.670442842430484	8.065913040679714	8.11945390490903	0.3748712667353244	0.141091658084449	0.7003089598352215	0.07003089598352215	0.0020597322348094747	0.7395833333333334	0.773053637736906	3.6666666666666665	1.8877192982456141	0.0042100646886714735	0.00010025153235294117	0.0038464879083791393	1.4294541709577755	15.979166666666666	1.410699086972617	4.1157760814249365	1.9065934065934067	0.32852729145211124	0.6129128440366963	0.465476239304688	0.6049308750842787	0.12564366632337795	0.8598154929957031	900	578	96
12-22_en_professional	en	12.9	1.678294573643411	9.24487596899225	8.50751953488372	0.36046511627906974	0.18410852713178294	0.7248062015503876	0.08333333333333333	0.0	0.85	0.7038204888122305	4.325	1.9580419580419581	0.004335079373217054	5.189751607717042e-05	0.006675279931093885	0.8585271317829457	21.175	1.4103613798195842	4.073943661971831	1.760180995475113	0.3546511627906977	0.565803357314149	-1	0.8625414681304336	0.10271317829457365	0.854608320106803	474	311	40
12-23_en_professional	en	13.4	1.7991858887381276	10.866393487109907	9.971504423337857	0.3894165535956581	0.09905020352781546	0.6635006784260515	0.031207598371777476	0.0067842605156037995	0.9454545454545454	0.7769589532473384	3.732142857142857	1.6808510638297873	0.004996431899864315	5.995401412300684e-05	0.005320988639689253	1.2808683853459972	21.571428571428573	1.366038237724662	4.2352459016393444	2.117391304347826	0.36906377204884666	0.6444514106583065	0.638703747661344	0.7562366122416401	0.17096336499321574	0.8772353676674395	704	439	56
12-24_en_professional	en	9.090909090909092	1.88	10.139454545454548	9.2939	0.39	0.11	0.65	0.01	0.0	1.0	0.7738669950738916	3.3636363636363638	1.4864864864864864	0.006013440368	2.7355432258064515e-05	0.025714285714285717	0.13	16.272727272727273	1.5765958569318252	4.211111111111111	2.0294117647058822	0.67	0.67	-1	-1	0.17	0.9429836625172324	99	62	11
12-25_en_professional	en	13.26530612244898	1.8933333333333333	11.924802721088437	10.926574568288856	0.358974358974359	0.1687179487179487	0.6738461538461539	0.01282051282051282	0.0035897435897435897	0.8571428571428571	0.7308141619401378	4.27027027027027	1.8428805237315875	0.005560808175435897	5.475346303278688e-05	0.0020975515712357818	3.3682051282051284	21.027027027027028	1.2470002765052475	4.571383248730965	2.1064220183486237	0.3282051282051282	0.7120961642355554	0.6218767903319309	0.6794167670479803	0.15128205128205127	0.887125117143209	1922	1220	148
12-26_en_professional	en	14.019047619047619	1.872282608695652	11.970363354037271	10.353862479296065	0.41032608695652173	0.15760869565217392	0.7133152173913043	0.03260869565217391	0.0006793478260869565	0.780952380952381	0.6927290038428336	4.1440677966101696	1.9264705882352942	0.0054209044684137364	4.777970263157894e-05	0.0034456521739130433	3.641304347826087	22.050847457627118	1.2506206083595175	4.217457886676876	2.026206896551724	0.29959239130434784	0.6653168244719596	0.7538841228684422	0.8160219726890217	0.12703804347826086	0.8564355498023849	1418	950	118
12-27_en_professional	en	6.7	1.8805970149253732	9.214044776119405	9.980613134328358	0.417910447761194	0.1044776119402985	0.7164179104477612	0.014925373134328358	0.0	0.9	0.7248677248677248	2.8	1.625	0.0039188501507462685	4.6115351162790695e-05	0.07462686567164178	0.014925373134328358	10.1	1.241098484848485	4.650943396226415	2.25	0.7611940298507462	0.7611940298507462	-1	-1	0.1791044776119403	0.9452695820822632	66	43	10
12-28_en_professional	en	8.674418604651162	1.9892761394101877	11.266481700854168	11.453888259866574	0.30831099195710454	0.19839142091152814	0.6648793565683646	0.002680965147453083	0.00804289544235925	0.9534883720930233	0.7077748776278188	3.0930232558139537	1.8679245283018868	0.004340221963002681	3.146310254237288e-05	0.01046853057576918	0.4450402144772118	14.279069767441861	1.3421151753663094	4.514469453376206	2.2444444444444445	0.42091152815013405	0.637007299270073	-1	0.7982203041248733	0.2064343163538874	0.877733926799429	372	236	43
12-29_en_professional	en	13.065217391304348	1.8319467554076538	11.12240649641901	9.573996860305288	0.3427620632279534	0.15973377703826955	0.6589018302828619	0.0066555740432612314	0.0	0.9565217391304348	0.7224337487138093	4.065217391304348	2.0542168674698793	0.0060102708041597334	4.7832461725067386e-05	0.007210205213533	0.9384359400998337	19.91304347826087	1.2982188567823971	4.491341991341991	2.207692307692308	0.34442595673876875	0.68179282868526	0.3076504048682311	0.6149059069364569	0.16971713810316139	0.8578432179169108	597	371	46
12-30_en_professional	en	12.662162162162161	1.5549626467449307	7.696802474833426	6.57216687530647	0.3767342582710779	0.0832443970117396	0.6328708644610459	0.030949839914621132	0.0032017075773745998	0.9864864864864865	0.7535442585358734	4.133333333333334	2.065891472868217	0.006371058044610458	6.309347166979362e-05	0.005142136412147085	1.0704375667022412	18.906666666666666	1.2227486150432827	4.2215189873417724	2.109433962264151	0.33617929562433296	0.6217422434367552	0.5911654536319543	0.7264238864315264	0.16862326574172892	0.8722537014611058	902	533	75
12-32_en_professional	en	9.275862068965518	1.7472118959107807	8.644686578643764	8.245478041276762	0.3308550185873606	0.1449814126394052	0.6319702602230484	0.011152416356877323	0.007434944237918215	0.9310344827586207	0.7727553884392673	3.2413793103448274	1.7037037037037037	0.004604696960223049	3.547140696202532e-05	0.011543729211504598	0.5576208178438662	14.310344827586206	1.2730809665195413	4.395238095238096	2.1449275362318843	0.42379182156133827	0.6574705882352943	-1	-1	0.23048327137546468	0.8704467212004986	265	158	29
12-33_en_professional	en	10.785714285714286	1.924944812362031	11.330777357300537	10.592543614001894	0.36423841059602646	0.17439293598233996	0.6644591611479028	0.008830022075055188	0.008830022075055188	0.9523809523809523	0.7948374831558401	3.6904761904761907	1.7671232876712328	0.004767525801766004	4.828737132867133e-05	0.007145346810735448	1.2207505518763797	17.428571428571427	1.3364057622526342	4.294511378848728	2.1666666666666665	0.3686534216335541	0.6596892655367217	-1	0.5847682272828427	0.152317880794702	0.8592325743939202	449	286	42
12-34_en_professional	en	10.975	1.6082004555808656	7.667015375854213	6.162229567198178	0.3804100227790433	0.10933940774487472	0.6355353075170843	0.02050113895216401	0.002277904328018223	0.9	0.7274179580467612	3.6097560975609757	1.8473282442748091	0.007784034933485194	3.4191103474903476e-05	0.008039662334181965	0.8405466970387244	17.29268292682927	1.2504258327495892	3.955493741307371	2.108527131782946	0.40774487471526194	0.6073823529411773	-1	0.66312035660941	0.17312072892938496	0.8814092762216802	428	259	41
12-35_en_professional	en	8.785714285714286	1.853658536585366	9.709599303135892	9.066613704994195	0.45121951219512196	0.12601626016260162	0.7073170731707317	0.012195121951219513	0.0	0.8214285714285714	0.7365092726203836	3.4285714285714284	1.8875	0.0047119994979674795	4.9034825153374236e-05	0.010793383795906927	1.3455284552845528	14.392857142857142	1.3385835907599242	4.20935960591133	2.076923076923077	0.5284552845528455	0.6839455782312924	-1	-1	0.13821138211382114	0.9040824548598225	241	163	28
12-36_en_professional	en	10.088235294117647	1.9212827988338192	11.015548790944951	10.281286468873265	0.34402332361516036	0.17201166180758018	0.6705539358600583	0.0029154518950437317	0.0029154518950437317	0.9411764705882353	0.7444056076831197	3.5588235294117645	1.7889908256880733	0.004786566818367347	4.311241415525114e-05	0.010366051182377713	0.9096209912536443	16.5	1.3543928172089472	4.530035335689046	2.2962962962962963	0.40233236151603496	0.663524590163935	-1	0.5448794808457058	0.20699708454810495	0.8600236219879466	340	219	34
12-37_en_professional	en	9.432432432432432	1.7077363896848137	8.23993804692945	7.1479766282041375	0.4355300859598854	0.18911174785100288	0.7593123209169055	0.034383954154727794	0.008595988538681949	0.918918918918919	0.7504925403209718	3.0256410256410255	2.0185185185185186	0.004906421836848138	5.315358291666667e-05	0.012503256056264652	0.34097421203438394	13.923076923076923	1.1384339350115924	4.296428571428572	2.051470588235294	0.5100286532951289	0.6420400000000006	-1	0.8659241139421937	0.12607449856733524	0.8990290646902639	338	240	39
12-38_en_professional	en	15.204081632653061	1.8845637583892618	12.577444185727984	10.37450499931516	0.3422818791946309	0.1691275167785235	0.6644295302013423	0.0026845637583892616	0.0013422818791946308	0.8979591836734694	0.7036252452656845	4.571428571428571	2.004739336492891	0.006599106621208054	3.97977e-05	0.0057975153505640436	1.2953020134228188	22.26530612244898	1.2689136070938445	4.779707495429616	2.193103448275862	0.31140939597315437	0.6520588235294116	0.3842207073525252	0.5678354613323654	0.15570469798657718	0.843954557486464	742	464	49
12-39_en_professional	en	11.871794871794872	1.8056155507559395	10.346263498920088	8.698171445976632	0.34989200863930886	0.16414686825053995	0.652267818574514	0.0	0.0	0.9743589743589743	0.7449105760029875	4.051282051282051	1.9259259259259258	0.006153953764578834	3.371337800687285e-05	0.0074394048476121915	1.2267818574514038	17.897435897435898	1.278536471391365	4.581329561527581	2.204301075268817	0.38444924406047515	0.6562912087912092	-1	0.6105564314238654	0.16846652267818574	0.8684951399946842	462	291	39
12-47_en_professional	en	15.203007518796992	1.6760633036597428	10.116719915515791	8.364811304224954	0.34223541048466866	0.09990108803165183	0.6355093966369931	0.02423343224530168	0.004451038575667656	0.9097744360902256	0.7261001737233936	4.819548872180451	1.8119800332778702	0.006376233012880317	0.0001309608194770063	0.0020386436224432013	3.1726013847675567	19.037593984962406	1.0072685265000274	5.161949685534591	2.0881834215167547	0.30712166172106825	0.6953406136245447	0.6990398688796772	0.7944197625898964	0.18447082096933728	0.8829163418805523	1955	1109	133
12-49_en_professional	en	9.544117647058824	1.884437596302003	10.36856951871658	8.582086177830146	0.41602465331278893	0.1679506933744222	0.7010785824345146	0.0015408320493066256	0.007704160246533128	0.8529411764705882	0.7669114762455902	3.5588235294117645	2.0625	0.004090020677503852	5.0220850354609925e-05	0.006720650427826771	1.2372881355932204	14.75	1.1831495833715786	4.453846153846154	2.257575757575758	0.386748844375963	0.6579454545454564	0.716828804576908	0.7175847799243047	0.11093990755007704	0.8769602318234451	648	423	68
12-50_en_professional	en	12.821428571428571	1.6935933147632312	9.394758257063273	7.7813890966971755	0.33147632311977715	0.1615598885793872	0.6406685236768802	0.002785515320334262	0.002785515320334262	0.8214285714285714	0.659804526748971	3.857142857142857	1.9696969696969697	0.003750584159610028	6.925096081081081e-05	0.011142061281337047	0.45403899721448465	19.071428571428573	1.1799380328220912	4.42037037037037	2.1313131313131315	0.3565459610027855	0.5903461538461541	-1	0.3849440999396011	0.2200557103064067	0.8389543133487085	358	222	28
12-51_en_professional	en	10.333333333333334	1.7419354838709677	8.99483870967742	6.05660430107527	0.45161290322580644	0.0967741935483871	0.6612903225806451	0.0	0.0	1.0	0.787	2.8333333333333335	1.6666666666666667	0.006130928467741935	8.180935897435898e-05	0.041935483870967745	0.11290322580645161	12.666666666666666	1.1405797101449275	5.473684210526316	1.9090909090909092	0.7096774193548387	0.7096774193548387	-1	-1	0.16129032258064516	0.9191317508042588	62	39	6
12-53_en_professional	en	11.591549295774648	1.8055893074119076	10.236658052812622	9.54657605804939	0.4088699878493317	0.17132442284325639	0.7181044957472661	0.03948967193195626	0.0054678007290400975	0.7676056338028169	0.6897164337796444	3.816901408450704	1.9807321772639692	0.0047046247412636695	7.500230934223069e-05	0.003031935624383869	2.473876063183475	18.02112676056338	1.2454301287379175	4.3698473282442745	2.040909090909091	0.330498177399757	0.6739172592113779	0.6636589181497788	0.714924655744005	0.11421628189550426	0.8704419144618795	1563	1049	142
12-55_en_professional	en	10.857142857142858	1.9418859649122806	11.558540100250628	11.552375689223059	0.38048245614035087	0.17434210526315788	0.7160087719298246	0.02850877192982456	0.005482456140350877	0.8690476190476191	0.7174042915912995	3.392857142857143	1.98932384341637	0.00428994201118421	5.2888684459459467e-05	0.0038733196627933467	2.169956140350877	18.357142857142858	1.4471685639213834	4.310983397190293	2.0648464163822524	0.3793859649122807	0.6970725707257094	0.6722883770900172	0.7488405908626602	0.14912280701754385	0.8810232099476046	887	592	84
12-56_en_professional	en	10.28673835125448	1.7599303135888502	9.189005657337681	8.979670875326264	0.39686411149825784	0.1313588850174216	0.7059233449477352	0.05714285714285714	0.004529616724738676	0.6917562724014337	0.6851136783245761	3.5809859154929575	1.9953051643192488	0.0043158666863966555	6.730492076006806e-05	0.0019489835845646463	3.445296167247387	16.348591549295776	1.200630512016993	4.293496621621622	1.922883487007544	0.23449477351916376	0.6557560447491918	0.6241889905137995	0.6716692416317707	0.15017421602787456	0.8337977217857072	2700	1763	284
12-61_en_professional	en	14.23943661971831	1.6547972304648864	9.489987601175802	9.596516295398505	0.41938674579624136	0.12067260138476756	0.7566765578635015	0.10682492581602374	0.008902077151335312	0.8028169014084507	0.7086564690587724	3.8850574712643677	1.7021857923497268	0.0034721455685537486	0.00010985422939189188	0.006197137608752699	1.9070227497527201	22.24137931034483	1.133679108079735	3.932647814910026	2.02723311546841	0.3897131552917903	0.6973245614035111	0.6206902690631231	0.7741729149974326	0.11869436201780416	0.8764322964792376	886	592	87
12-63_en_professional	en	15.758064516129032	1.8055271238485158	11.86086522270281	10.411611232542015	0.33265097236438074	0.12794268167860798	0.6438075742067554	0.033776867963152504	0.0040941658137154556	0.9516129032258065	0.6887945666021441	4.435483870967742	1.825938566552901	0.0054156407061216995	6.455594448598131e-05	0.0038809280109177754	1.1924257932446265	22.870967741935484	1.139729809491388	4.711888111888112	1.9323076923076923	0.32753326509723646	0.6371184510250599	0.813732550483149	0.8557073732341234	0.18730808597748208	0.8723983148359483	936	535	62
12-72_en_professional	en	15.148936170212766	1.7584269662921348	11.067523308630168	9.291876846760697	0.35814606741573035	0.10814606741573034	0.6573033707865169	0.037921348314606744	0.011235955056179775	0.851063829787234	0.7190667263688324	4.25531914893617	2.045	0.005086207563483146	5.6884032352941174e-05	0.006303096738832557	0.8075842696629213	21.085106382978722	1.2001683357859683	4.818181818181818	2.0279329608938546	0.3792134831460674	0.6611092985318098	0.8889796345094089	0.7364291199667159	0.1699438202247191	0.8805638929614148	686	408	47
12-73_en_professional	en	11.857142857142858	2.0	12.634285714285717	11.560707056798623	0.32228915662650603	0.18072289156626506	0.6626506024096386	0.006024096385542169	0.018072289156626505	0.9285714285714286	0.6954559235957345	4.642857142857143	1.8387096774193548	0.005309353500301204	4.303644603960396e-05	0.01125554850982879	0.4036144578313253	17.821428571428573	1.2764965355836733	4.654223968565815	2.235294117647059	0.4246987951807229	0.6518884120171677	-1	0.5704249256452715	0.1566265060240964	0.8731151577940734	330	202	28
12-74_en_professional	en	13.8125	1.7330316742081449	10.24664875565611	9.99313778280543	0.3597285067873303	0.12217194570135746	0.6764705882352942	0.03619909502262444	0.0022624434389140274	0.9375	0.7448405126973141	4.3125	2.0508474576271185	0.005396156436651584	7.5647877394636e-05	0.008484162895927603	0.9434389140271493	19.15625	1.1467343102179974	4.676282051282051	2.1476510067114094	0.39592760180995473	0.6540524781341099	-1	0.7009064083413696	0.19004524886877827	0.861851551354842	419	261	32
12-75_en_professional	en	10.955555555555556	1.973630831643002	11.971510480054093	11.86046057245887	0.40365111561866124	0.15618661257606492	0.7079107505070994	0.02028397565922921	0.0	0.8888888888888888	0.7354090028790988	4.311111111111111	1.8050314465408805	0.003939741621703854	6.29213461038961e-05	0.006868891757329891	1.2332657200811359	17.6	1.3178416929538388	4.5390334572490705	2.172185430463576	0.4056795131845842	0.6840609137055845	-1	0.848368876009723	0.13387423935091278	0.8732738513235305	479	308	45
12-76_en_professional	en	12.018867924528301	1.8854003139717426	11.3450821954326	9.89391107490892	0.34379905808477235	0.16797488226059654	0.6624803767660911	0.01098901098901099	0.007849293563579277	0.9622641509433962	0.7394615745180126	3.547169811320755	1.8571428571428572	0.004753188751177394	3.907300651041667e-05	0.005232862375719519	1.2731554160125589	18.81132075471698	1.3283491764264674	4.541501976284585	2.2049689440993787	0.4175824175824176	0.6856319702602224	0.617746242566903	0.7674718275458532	0.17425431711145997	0.8953446828145767	627	384	53
12-77_en_professional	en	17.92	1.84375	13.155050000000003	10.25325525	0.31473214285714285	0.11160714285714286	0.6495535714285714	0.020089285714285716	0.002232142857142857	0.92	0.764604127647606	4.56	1.853846153846154	0.005762598362946429	5.7877284677419355e-05	0.00821109693877551	0.5424107142857143	26.64	1.2073770858243436	4.754464285714286	2.0	0.40848214285714285	0.6407736389684812	-1	0.5495554381379204	0.17410714285714285	0.8742801961407258	438	248	25
12-78_en_professional	en	19.2	1.7916666666666667	13.039666666666669	9.962635833333335	0.34375	0.09375	0.5833333333333334	0.0	0.0	1.0	0.6964285714285714	5.6	1.6666666666666667	0.007028041605208334	4.256592641509434e-05	0.02232142857142857	0.125	24.2	1.1655349600612759	5.30327868852459	2.0714285714285716	0.6458333333333334	0.6458333333333334	-1	-1	0.1875	0.9162011859404885	95	53	5
12-79_en_professional	en	11.108695652173912	1.9021526418786692	11.187792478516123	10.943352386624692	0.34442270058708413	0.17416829745596868	0.6771037181996086	0.046966731898238745	0.009784735812133072	0.9565217391304348	0.7416586325005133	3.6739130434782608	2.125874125874126	0.0052072013227005874	5.387192926045016e-05	0.0087363712608331	0.6712328767123288	16.565217391304348	1.157315009761357	4.693196405648267	2.1746031746031744	0.41291585127201563	0.7062621359223296	-1	0.7038895490342291	0.16046966731898238	0.8764145324334572	486	311	46
12-80_en_professional	en	15.214285714285714	1.7652582159624413	11.17361837692824	9.902988195841715	0.3596244131455399	0.09953051643192488	0.631924882629108	0.03568075117370892	0.008450704225352112	0.9285714285714286	0.7109527988149157	5.014285714285714	1.7189349112426036	0.006437354588826291	0.0001244819524701874	0.0030867195510226107	1.8582159624413146	20.67142857142857	1.0850963986562914	4.95687885010267	2.1595744680851063	0.39154929577464787	0.6938819875776444	0.8559665576879905	0.9065264593564625	0.17089201877934274	0.9038476783429293	1013	587	70
12-81_en_professional	en	13.054945054945055	1.7954545454545454	10.68779220779221	9.98713024753025	0.31902356902356904	0.16414141414141414	0.6515151515151515	0.05555555555555555	0.009259259259259259	0.8131868131868132	0.6352148823884207	4.228260869565218	1.98	0.00497550335016835	7.354673947772657e-05	0.004182449494949495	0.8442760942760943	18.66304347826087	1.1562356928525102	4.686816350028785	1.9	0.32575757575757575	0.6385032139577578	0.5475712197510791	0.6297392456699832	0.15404040404040403	0.8664227447957484	1124	651	92
12-82_en_professional	en	12.165354330708661	1.92168284789644	11.830345794154372	10.788341742476366	0.42006472491909386	0.15987055016181229	0.7145631067961165	0.01488673139158576	0.007119741100323625	0.7559055118110236	0.7450322724748858	4.078740157480315	2.1740088105726874	0.004397033795277567	5.6735044376278115e-05	0.002547682985609034	3.5928802588996764	17.944881889763778	1.2167609361615108	4.786758383490971	2.178861788617886	0.3132686084142395	0.6854218533886552	0.65658417203984	0.6847000105445362	0.1423948220064725	0.8603946666717229	1511	978	127
12-85_en_professional	en	8.158536585365853	1.9663677130044843	10.7949682817456	10.12107293740202	0.3841554559043348	0.2077727952167414	0.7234678624813154	0.002242152466367713	0.008221225710014948	0.676829268292683	0.7276815375110547	2.9207317073170733	2.004819277108434	0.0035701672827354257	4.540418094713656e-05	0.0027815688568271916	2.867713004484305	12.298780487804878	1.2190882006882666	4.722352941176471	2.4630541871921183	0.31614349775784756	0.6789669087974174	0.6323313013767174	0.7375238505017679	0.13079222720478326	0.864987935293497	1325	908	164
12-86_en_professional	en	7.305785123966942	1.9457013574660633	10.218532216446654	9.879604195804198	0.3925339366515837	0.22171945701357465	0.7432126696832579	0.004524886877828055	0.003393665158371041	0.7024793388429752	0.7237956218004903	2.8264462809917354	2.0755395683453237	0.0030768464082579186	4.6462853883495144e-05	0.004542842778136896	1.330316742081448	10.702479338842975	1.1749862480356887	4.839038601602331	2.496	0.37104072398190047	0.6672866242038219	0.6127961121920344	0.7339421213618214	0.11764705882352941	0.8705705171086697	875	618	121
12-87_en_professional	en	10.424242424242424	1.8304263565891472	10.074485553206486	9.060132945736434	0.43023255813953487	0.11337209302325581	0.7015503875968992	0.025193798449612403	0.005813953488372093	0.7575757575757576	0.7606859090865805	3.3535353535353534	1.755952380952381	0.004031384499612403	5.9768667267267266e-05	0.0033430232558139534	2.5426356589147288	16.444444444444443	1.3407712543643464	4.374401913875598	2.0853333333333333	0.3943798449612403	0.6801178992497295	0.6823338765768768	0.8251116427717076	0.14534883720930233	0.8910560676344432	993	666	99
12-88_en_professional	en	8.905405405405405	1.9317147192716237	10.677341795513268	9.21032672763811	0.4385432473444613	0.17298937784522003	0.7314112291350531	0.0	0.007587253414264037	0.7972972972972973	0.7553512743610908	3.1216216216216215	1.7455357142857142	0.004090104674203339	5.8403395851528385e-05	0.00509768588770865	1.8937784522003034	14.432432432432432	1.2485367938585061	4.3276481149012564	2.3542600896860986	0.4324734446130501	0.7128928571428579	0.574872740238727	0.705665197592291	0.11987860394537178	0.8889919480880498	653	458	74
12-89_en_professional	en	10.829787234042554	1.8035363457760314	9.915345901433767	8.502518421602641	0.3565815324165029	0.17681728880157171	0.6679764243614931	0.009823182711198428	0.0068762278978389	0.8191489361702128	0.7280910572005399	3.627659574468085	2.019543973941368	0.005513077528192535	5.481177448165869e-05	0.004043165057942541	1.6365422396856582	15.106382978723405	1.1756777670337522	4.761612021857924	2.3179916317991633	0.34577603143418467	0.6901632208922744	0.5680858521027683	0.6744336182038302	0.14243614931237722	0.8709079884140358	1004	627	94
12-9_en_professional	en	13.333333333333334	1.945	12.561	11.186883333333334	0.34	0.235	0.69	0.0	0.0	0.9333333333333333	0.7774783549783549	3.933333333333333	2.2222222222222223	0.004090457914	5.5859634108527136e-05	0.014545454545454545	0.2	19.866666666666667	1.418415142385885	4.9635761589403975	2.475	0.55	0.6475247524752473	-1	-1	0.175	0.9141610594892605	199	129	15
12-90_en_professional	en	7.75	1.564516129032258	5.893790322580646	6.609348387096775	0.3870967741935484	0.0967741935483871	0.6774193548387096	0.06451612903225806	0.0	1.0	0.766156462585034	3.25	1.565217391304348	0.0055296585274193545	5.630435277777778e-05	0.03225806451612903	0.0967741935483871	10.875	1.1130952380952381	4.290322580645161	1.9583333333333333	0.7741935483870968	0.7741935483870968	-1	-1	0.1774193548387097	0.9582723751320855	57	36	8
12-93_en_professional	en	17.24	1.765661252900232	11.968402784222736	9.510439832946636	0.3051044083526682	0.16937354988399073	0.6334106728538283	0.027842227378190254	0.00580046403712297	0.78	0.6754046805122561	4.76	2.0	0.00550945123700696	6.005788574380165e-05	0.005121919187497264	1.0498839907192576	25.32	1.230660238420593	4.511792452830188	1.9227642276422765	0.26450116009280744	0.5862516382699869	0.45188440039980826	0.6531160845603066	0.18329466357308585	0.8259261318706798	837	484	50
12-94_en_professional	en	15.11111111111111	1.8651960784313726	12.312647058823533	11.052533660130718	0.3161764705882353	0.19607843137254902	0.6740196078431373	0.02696078431372549	0.0024509803921568627	1.0	0.6669234712325328	4.407407407407407	2.1401869158878504	0.0059332440487745094	6.490067677165355e-05	0.006764705882352941	0.38480392156862747	20.51851851851852	1.1205371790019416	5.069642857142857	2.00990099009901	0.5147058823529411	0.6877346278317146	-1	0.9575348654997082	0.16666666666666666	0.9176625646839341	396	254	27
12-95_en_professional	en	15.023809523809524	1.6561014263074485	9.81128254471361	8.652876356501395	0.3359746434231379	0.14263074484944532	0.6640253565768621	0.08082408874801902	0.006339144215530904	0.9047619047619048	0.7317030371639053	4.142857142857143	2.1354838709677417	0.005346157683201268	6.627812039106145e-05	0.005368867039684337	0.6576862123613312	23.69047619047619	1.2968571959806119	4.041625371655104	1.803921568627451	0.3803486529318542	0.6029699248120293	0.41595855049000896	0.5591370283197618	0.1537242472266244	0.8849549350563227	578	358	42
12-96_en_professional	en	17.92105263157895	1.8046989720998532	12.69465839709406	10.366333920704847	0.3186490455212922	0.18649045521292218	0.6431718061674009	0.010279001468428781	0.002936857562408223	0.9736842105263158	0.7199795261255961	4.947368421052632	2.1458333333333335	0.006307020986930984	7.058257688311689e-05	0.006394770498792098	0.4669603524229075	24.31578947368421	1.2092175573093153	4.900428265524625	2.1846153846153844	0.41409691629955947	0.6626460481099665	0.8959229624807001	0.8747668723062996	0.16152716593245228	0.8981839361278466	674	385	38
12-97_en_professional	en	13.63888888888889	1.7759674134419552	10.685582145281739	8.739610952704233	0.3645621181262729	0.14663951120162932	0.6714188730482009	0.03665987780040733	0.008825526137135099	0.7870370370370371	0.7264906132333788	4.054545454545455	2.0930787589498805	0.005230955549968662	7.054355830508475e-05	0.0029844124942025774	1.9253224711473185	18.736363636363638	1.2359382637615914	4.747247486835807	2.0040899795501024	0.3075356415478615	0.6338282387190662	0.6808916881614883	0.746131256612917	0.15342837746096402	0.8645482696327977	1416	885	110
13-100_en_professional	en	13.414473684210526	1.7783227072094163	10.62585268191322	9.658758263854832	0.45120156939676315	0.11230995586071604	0.7121137812653261	0.0461010299166258	0.0029426189308484553	0.7763157894736842	0.7344720101685142	4.046052631578948	2.0208333333333335	0.005104578162876432	5.4014300963081864e-05	0.002519497254517305	3.9534085335948994	21.401315789473685	1.3239064848665691	4.33191618584877	1.9318181818181819	0.30014713094654244	0.7031134020618611	0.6125690169728091	0.6587305388928866	0.12358999509563512	0.8661688288411158	1909	1246	152
13-101_en_professional	en	15.043956043956044	1.7048940832724617	10.394893039757907	8.662226733237544	0.4214755295836377	0.10883856829802775	0.701972242512783	0.04382761139517896	0.002191380569758948	0.8791208791208791	0.7172153360626995	4.373626373626373	2.056122448979592	0.004658467817238861	7.008686075650118e-05	0.003608030635057662	2.5010956902848793	22.483516483516482	1.235819000349614	4.532682926829268	1.9331896551724137	0.3060628195763331	0.6892440944881876	0.5410910236861097	0.6656512846677137	0.1570489408327246	0.858523961231494	1308	846	91
13-102_en_professional	en	19.86813186813187	1.6316371681415929	11.411890012642228	8.332725984634834	0.42533185840707965	0.09900442477876106	0.6902654867256637	0.03982300884955752	0.0038716814159292035	0.8901098901098901	0.7469769123450679	4.594594594594595	2.051039697542533	0.004753579153230089	9.776548163841808e-05	0.0027909583139264092	3.4679203539823007	24.135135135135137	1.0749994640888576	4.472490706319703	2.05327868852459	0.3235619469026549	0.6691691047396111	0.6823267950325127	0.693067144480017	0.14601769911504425	0.8770876833358087	1716	1062	111
13-103_en_professional	en	23.25	1.7096774193548387	13.651693548387097	10.295088172043013	0.3655913978494624	0.17204301075268819	0.6989247311827957	0.010752688172043012	0.010752688172043012	1.0	0.7762896825396827	5.25	2.5238095238095237	0.005070188268817204	9.493535185185187e-05	0.03494623655913979	0.06451612903225806	27.75	0.9538617886178862	5.473214285714286	1.8	0.6989247311827957	0.6989247311827957	-1	-1	0.16129032258064516	0.9486600070956905	92	54	4
13-104_en_professional	en	13.0	1.606837606837607	8.440683760683761	6.834668376068378	0.3547008547008547	0.08974358974358974	0.6068376068376068	0.02564102564102564	0.0	0.9444444444444444	0.7251638671076011	4.055555555555555	2.0153846153846153	0.006787217349572649	7.780401428571428e-05	0.016144349477682812	0.11965811965811966	16.77777777777778	1.096520263903305	4.846905537459284	1.9230769230769231	0.6025641025641025	0.7059999999999994	-1	-1	0.21794871794871795	0.9480356122500476	226	126	18
13-105_en_professional	en	11.583333333333334	1.70863309352518	9.089370503597127	7.892488729016787	0.37410071942446044	0.14028776978417265	0.6474820143884892	0.01079136690647482	0.007194244604316547	1.0	0.6778739959460784	3.8333333333333335	2.276315789473684	0.006332431290647482	6.342494285714286e-05	0.011359333585762969	0.37050359712230213	17.208333333333332	1.1769215832278688	4.5178147268408555	2.337078651685393	0.5467625899280576	0.6632402234636875	-1	-1	0.16906474820143885	0.9214246477584817	269	161	24
13-107_en_professional	en	15.357142857142858	1.8232558139534885	11.91370431893688	9.602993355481727	0.3302325581395349	0.16744186046511628	0.6465116279069767	0.009302325581395349	0.004651162790697674	1.0	0.6740537240537239	5.428571428571429	1.90625	0.004553653832558139	7.45126935483871e-05	0.016020671834625324	0.06046511627906977	19.357142857142858	1.004408869298749	5.345454545454546	2.0869565217391304	0.5767441860465117	0.6791379310344824	-1	-1	0.16279069767441862	0.9264828325633354	211	124	14
13-11_en_professional	en	16.987179487179485	1.8483018867924528	12.844962264150944	10.579331881954522	0.44528301886792454	0.12528301886792453	0.6950943396226416	0.026415094339622643	0.004528301886792453	0.782051282051282	0.7274469706820197	5.379746835443038	1.9107981220657277	0.004819605707052831	4.372876643274854e-05	0.003320754716981132	2.8166037735849057	29.10126582278481	1.3907170096809258	4.25356988316746	1.9758454106280192	0.28226415094339624	0.6441109298531819	0.4980633532559707	0.675244069070234	0.10415094339622641	0.8443723738444205	1288	855	79
13-111_en_professional	en	15.066666666666666	1.8407079646017699	12.006353982300887	9.59724401179941	0.42920353982300885	0.13274336283185842	0.6769911504424779	0.0	0.0	1.0	0.6689268337989567	5.4	1.7466666666666666	0.005487889488495575	4.820155833333333e-05	0.012958280657395701	0.22123893805309736	21.533333333333335	1.2102105894538233	4.940993788819876	2.108108108108108	0.6017699115044248	0.7072440944881884	-1	-1	0.14601769911504425	0.9439686361315395	226	144	15
13-113_en_professional	en	8.578947368421053	1.8895705521472392	10.052721989021634	8.403142331288343	0.4049079754601227	0.09815950920245399	0.6503067484662577	0.006134969325153374	0.0	0.5789473684210527	0.593817007797271	2.8947368421052633	1.8518518518518519	0.004186561502453987	5.632796930693069e-05	0.021751254880089235	0.2331288343558282	13.421052631578947	1.4953322183402027	4.581132075471698	2.4594594594594597	0.558282208588957	0.6554687499999998	-1	-1	0.1901840490797546	0.8942636210657048	161	101	19
13-114_en_professional	en	19.952380952380953	1.828162291169451	13.763743607228097	10.017434276622344	0.39618138424821003	0.10978520286396182	0.6587112171837709	0.00954653937947494	0.007159904534606206	1.0	0.6847622645975842	7.0476190476190474	2.024390243902439	0.005900094258472553	5.665773027888446e-05	0.010253690444621233	0.5632458233890215	26.904761904761905	1.1415596321797865	5.013961605584642	2.074468085106383	0.43914081145584727	0.6324687499999996	-1	0.8691122194855843	0.14081145584725538	0.8850585068941291	411	251	21
13-115_en_professional	en	12.410526315789474	1.806615776081425	10.568171420918713	9.079174860050891	0.42408821034775235	0.12468193384223919	0.7022900763358778	0.007633587786259542	0.005089058524173028	0.7789473684210526	0.6687070519415514	4.09375	2.02724795640327	0.00540590532951654	6.292047193211487e-05	0.005102107392183728	1.4631043256997456	16.708333333333332	1.224043487944417	4.935779816513762	2.1149068322981366	0.33927056827820185	0.6647222222222258	0.7614910746674622	0.8421444896847192	0.1636980491942324	0.8671500986852506	1154	766	96
13-119_en_professional	en	8.16	1.9877450980392157	11.047792156862748	10.809768666666667	0.4338235294117647	0.125	0.7083333333333334	0.007352941176470588	0.004901960784313725	0.82	0.6325978754039978	3.28	1.7446808510638299	0.0051452810776960786	6.305396948529412e-05	0.00980392156862745	0.5245098039215687	11.32	1.1983276280290793	5.080068143100511	2.298076923076923	0.5392156862745098	0.6976375404530741	-1	0.8375112200521924	0.1642156862745098	0.9233557787733202	405	272	50
13-12_en_professional	en	12.934426229508198	1.8111533586818758	10.826035861954331	8.743352161898233	0.4017743979721166	0.15716096324461343	0.679340937896071	0.0012674271229404308	0.0	0.9508196721311475	0.7702744027300062	4.426229508196721	1.9958333333333333	0.005264193048415716	4.4012315810276684e-05	0.005654674856195769	1.3827629911280102	21.672131147540984	1.3826030100486164	4.339594290007513	2.1707317073170733	0.3574144486692015	0.6834057971014489	0.650394869699355	0.767784881463201	0.155893536121673	0.8775073680969527	786	506	61
13-121_en_professional	en	13.435897435897436	1.8988549618320612	12.056488549618326	11.447741593266784	0.3797709923664122	0.13931297709923665	0.6717557251908397	0.0057251908396946565	0.0	1.0	0.6877526961592032	4.871794871794871	1.9272727272727272	0.0064298248807251905	7.686492835365853e-05	0.0076932251908396945	0.5553435114503816	19.05128205128205	1.2261240610558095	5.174262734584451	2.2949640287769784	0.4637404580152672	0.6543294117647072	1.0222037554129086	0.8491535771492219	0.16793893129770993	0.9048394099184125	516	328	39
13-123_en_professional	en	13.766666666666667	1.6513317191283292	9.264714285714287	7.498820564971751	0.3704600484261501	0.1089588377723971	0.6658595641646489	0.031476997578692496	0.021791767554479417	1.0	0.6641842944074182	4.833333333333333	1.7685950413223142	0.005375415487893462	6.795701041666666e-05	0.007955724662746454	0.5157384987893463	19.9	1.2098543832248387	4.658333333333333	1.9661016949152543	0.5108958837772397	0.7060509554140127	-1	0.7503576036753733	0.1791767554479419	0.920225759708297	399	240	30
13-13_en_professional	en	12.0	1.8920454545454546	11.416136363636365	9.862479545454544	0.4308712121212121	0.14109848484848486	0.7026515151515151	0.013257575757575758	0.002840909090909091	0.9318181818181818	0.7249174261198665	4.25	2.046875	0.005189845620814394	4.804707458893871e-05	0.0036569148936170214	3.1429924242424243	20.0	1.3577539816728355	4.334467120181406	2.0764705882352943	0.35984848484848486	0.6740543364681257	0.5969085128333456	0.6176230492089293	0.14867424242424243	0.8792655464335631	1018	669	88
13-16_en_professional	en	8.585365853658537	1.8674242424242424	9.793898743532893	9.437518625277162	0.4412878787878788	0.13541666666666666	0.7017045454545454	0.007575757575757576	0.002840909090909091	0.7073170731707317	0.710205587659708	3.073170731707317	1.9188405797101449	0.005570963779545454	4.9822897379912666e-05	0.003468551797040169	2.1420454545454546	14.853658536585366	1.4353762195719655	4.131746031746032	2.319402985074627	0.41761363636363635	0.7049007314524564	0.7486258518365889	0.7813191388245551	0.1553030303030303	0.9010720774744152	1031	687	123
13-18_en_professional	en	14.6	1.8551859099804304	11.995193737769078	10.751413542074364	0.39823874755381605	0.13405088062622308	0.6908023483365949	0.009784735812133072	0.008806262230919765	0.9142857142857143	0.7186562746048984	4.771428571428571	1.9512987012987013	0.004973115423483366	5.0313004791344666e-05	0.004008205031476198	2.0459882583170255	23.728571428571428	1.3536644231533537	4.460431654676259	2.0902527075812274	0.337573385518591	0.6647562296858093	0.5950373433373416	0.6722970149755885	0.16046966731898238	0.8666828905540692	998	647	70
13-24_en_professional	en	14.56043956043956	1.7992452830188679	11.319665768194074	9.018599834128137	0.43471698113207546	0.13584905660377358	0.7139622641509434	0.009811320754716982	0.0022641509433962265	0.8571428571428571	0.7307449527267934	4.637362637362638	1.9902439024390244	0.005417786971320755	6.348968105022831e-05	0.003598808341608739	2.302641509433962	22.263736263736263	1.2387199265309354	4.641304347826087	2.0323529411764705	0.3366037735849057	0.6973898858075037	0.9183067754331704	0.9562896282764966	0.15396226415094338	0.8707865042857181	1308	876	91
13-25_en_professional	en	11.266666666666667	1.7514792899408285	9.471455621301775	8.146538145956608	0.3609467455621302	0.14792899408284024	0.6331360946745562	0.011834319526627219	0.01775147928994083	1.0	0.7618810288887016	3.8	2.122448979591837	0.006841161930769231	7.432006428571429e-05	0.01559978483055406	0.21301775147928995	18.266666666666666	1.3242834696168029	4.178181818181818	1.9772727272727273	0.5976331360946746	0.6600000000000003	-1	-1	0.16568047337278108	0.9357666027311551	166	98	15
13-26_en_professional	en	15.529411764705882	1.6174242424242424	9.552076648841354	6.9828812834224605	0.4621212121212121	0.09848484848484848	0.6515151515151515	0.0	0.0	0.9411764705882353	0.6783267427017428	5.470588235294118	2.323943661971831	0.006791279066666667	0.00011864613333333335	0.01628787878787879	0.3939393939393939	21.529411764705884	1.1840738742533257	4.482191780821918	2.106382978723404	0.4772727272727273	0.6630909090909094	-1	-1	0.13636363636363635	0.8887868217324874	264	162	17
13-27_en_professional	en	13.666666666666666	1.75	10.390000000000004	8.532383739837398	0.4146341463414634	0.1524390243902439	0.6890243902439024	0.006097560975609756	0.006097560975609756	1.0	0.7200488457639489	4.0	2.04	0.0043717638621951225	7.32281705882353e-05	0.02204502814258912	0.3719512195121951	22.416666666666668	1.2956643469464264	4.062962962962963	2.054054054054054	0.5609756097560976	0.6056923076923075	-1	-1	0.13414634146341464	0.8852688929245052	163	102	12
13-28_en_professional	en	14.0	1.7574955908289243	10.60844797178131	8.690879365079365	0.43033509700176364	0.12345679012345678	0.691358024691358	0.02204585537918871	0.003527336860670194	0.9629629629629629	0.7078502776674565	5.0	2.1790123456790123	0.005172102157495591	6.01672065248227e-05	0.0040128410914927765	2.4850088183421515	22.061728395061728	1.320576749907955	4.404006677796327	1.996923076923077	0.345679012345679	0.6791884057971004	0.6247453971275481	0.706537847226459	0.15520282186948853	0.8752088736509154	1106	705	81
13-29_en_professional	en	18.058823529411764	1.5830618892508144	10.133071469630199	6.564239854378234	0.46905537459283386	0.08469055374592833	0.6905537459283387	0.019543973941368076	0.006514657980456026	1.0	0.7337145155111486	6.0	2.0930232558139537	0.005403899189576547	7.906135783783783e-05	0.015336590662323561	0.6026058631921825	26.647058823529413	1.195517611407138	4.225165562913907	1.946808510638298	0.43322475570032576	0.5707211538461536	-1	-1	0.10749185667752444	0.864090429400791	298	185	17
13-32_en_professional	en	9.927835051546392	1.8598130841121496	10.227650062626463	10.126522805665285	0.39771547248182765	0.16926272066458983	0.7092419522326064	0.04153686396677051	0.003115264797507788	0.8762886597938144	0.708890358401256	3.5670103092783507	1.9401993355481728	0.005465491736967808	4.5367364735099336e-05	0.00474451247896301	1.3862928348909658	16.371134020618555	1.3780853942974893	4.296205630354957	2.0199501246882794	0.3904465212876428	0.6807523148148158	0.7935917059089769	0.8529130123006157	0.1256490134994808	0.8953345584325043	915	604	97
13-33_en_professional	en	13.764705882352942	1.810897435897436	11.14682503770739	9.952324208144796	0.38995726495726496	0.12286324786324786	0.686965811965812	0.0673076923076923	0.002136752136752137	0.9117647058823529	0.7111445304796283	4.602941176470588	1.9680851063829787	0.0056865364153846154	5.593390925925926e-05	0.004496082621082621	1.5235042735042734	22.926470588235293	1.3560677324833619	4.160025300442758	1.8416075650118204	0.36004273504273504	0.6747311827957011	0.591559369405735	0.8075036074389912	0.12927350427350429	0.8763201395180146	863	540	68
13-35_en_professional	en	17.458823529411763	1.713611859838275	11.439561122562235	9.000975132392579	0.4076819407008086	0.11657681940700809	0.694743935309973	0.0330188679245283	0.005390835579514825	0.9411764705882353	0.6845834076886318	5.4941176470588236	2.170673076923077	0.005254078879177898	7.080021342642321e-05	0.003981163057285374	1.9022911051212938	25.423529411764704	1.2582477576808087	4.566604995374653	1.8631578947368421	0.2857142857142857	0.6514801444043333	0.6481221658042943	0.7282343251122797	0.15431266846361186	0.8517883332538524	1434	931	85
13-37_en_professional	en	8.363636363636363	2.0652173913043477	12.041383399209487	11.761226086956523	0.391304347826087	0.20652173913043478	0.7608695652173914	0.0	0.0	0.9090909090909091	0.7476578947368421	2.909090909090909	2.107142857142857	0.0022155351630434783	3.2488046875e-05	0.029891304347826088	0.2608695652173913	13.636363636363637	1.2424482924482925	4.928571428571429	2.15625	0.5543478260869565	0.5543478260869565	-1	-1	0.25	0.8746545855739309	92	64	11
13-38_en_professional	en	11.242424242424242	1.8679245283018868	10.836054888507721	11.164032524707997	0.5363881401617251	0.0646900269541779	0.7439353099730458	0.013477088948787063	0.0	0.8484848484848485	0.6607983818760421	4.297297297297297	1.6857142857142857	0.005383492479002426	3.4841840392156866e-05	0.01369563633714577	1.3800539083557952	17.64864864864865	1.18511996764965	4.401515151515151	2.2189349112426036	0.4474393530997305	0.6445588235294124	-1	0.6981791351552077	0.1293800539083558	0.8727760135460598	363	255	37
13-4_en_professional	en	14.11111111111111	1.7322834645669292	10.3542782152231	8.648472265966754	0.41732283464566927	0.14960629921259844	0.6771653543307087	0.015748031496062992	0.0	1.0	0.7202380952380953	5.666666666666667	2.1944444444444446	0.00482259353543307	6.254541975308642e-05	0.02125984251968504	0.2755905511811024	21.333333333333332	1.146261400182969	4.448979591836735	2.027027027027027	0.6456692913385826	0.6785714285714285	-1	-1	0.11811023622047244	0.9317082569652104	125	81	9
13-42_en_professional	en	14.281553398058252	1.9136641740312712	12.561043078811718	10.795132696204286	0.41196464989802856	0.14004078857919783	0.7002039428959891	0.011556764106050306	0.005438477226376614	0.912621359223301	0.7188364074620361	4.466019417475728	1.8427672955974843	0.004943924599796057	5.560719504310345e-05	0.003036906675476661	2.770224337185588	24.728155339805824	1.4299979270543208	4.322908522283034	2.1686507936507935	0.3399048266485384	0.7022667638483963	0.6536296293377395	0.7130355661898454	0.15431679129843645	0.8793773277257229	1427	928	103
13-44_en_professional	en	10.743243243243244	2.0540880503144656	12.838103858575561	12.057333163352032	0.4930817610062893	0.15974842767295597	0.759748427672956	0.0	0.0037735849056603774	0.8243243243243243	0.6933600802906503	3.6216216216216215	1.9558823529411764	0.003390817523366038	4.0294619130434784e-05	0.004889937106918239	2.808805031446541	19.87837837837838	1.277799289449898	4.256837891927952	2.289156626506024	0.410062893081761	0.7002729885057478	0.691818516950709	0.712948743775477	0.1169811320754717	0.8810349291990369	786	575	74
13-45_en_professional	en	18.74468085106383	1.9160045402951191	14.329279107397301	11.388191228536238	0.38251986379114644	0.14188422247446084	0.6617480136208853	0.029511918274687854	0.0056753688989784334	0.9148936170212766	0.732161776227305	5.617021276595745	1.9527272727272726	0.005387035932803632	5.83313920754717e-05	0.0051171358925215385	1.2167990919409761	31.148936170212767	1.4434873018344268	4.316757493188011	1.892	0.3246311010215664	0.631739130434782	0.4878077732283234	0.6504535231687593	0.14074914869466515	0.8591068698131087	847	530	47
13-53_en_professional	en	16.074074074074073	1.792626728110599	11.831884280593957	7.204359378733573	0.49539170506912444	0.06682027649769585	0.6981566820276498	0.027649769585253458	0.004608294930875576	0.9259259259259259	0.6998627149563201	5.444444444444445	2.104	0.005267543527880184	5.12389607913669e-05	0.012428431783270492	0.9331797235023042	23.074074074074073	1.1727933813129228	4.405750798722044	1.921259842519685	0.33410138248847926	0.5728656716417909	-1	0.5318516625352271	0.1382488479262673	0.8269853737728659	421	278	27
13-55_en_professional	en	8.857142857142858	2.075268817204301	12.352457757296467	11.17919385560676	0.45161290322580644	0.14516129032258066	0.7150537634408602	0.005376344086021506	0.0	1.0	0.7439128470213997	3.142857142857143	2.152542372881356	0.005733555776881721	9.26058373015873e-05	0.016801075268817207	0.553763440860215	14.238095238095237	1.242160399139804	4.607843137254902	2.3392857142857144	0.5860215053763441	0.6747126436781608	-1	-1	0.14516129032258066	0.9136854907992716	184	126	21
13-56_en_professional	en	16.763636363636362	2.027114967462039	14.867774797870243	11.13754377440347	0.4349240780911063	0.1279826464208243	0.7255965292841648	0.0021691973969631237	0.0	0.9272727272727272	0.713275640340576	5.090909090909091	1.8979591836734695	0.004842078246637744	5.446755944272446e-05	0.004455648707275605	2.380694143167028	27.327272727272728	1.3315843383777537	4.565876152832675	2.1673306772908365	0.37418655097613884	0.7149939246658552	0.5889472017952391	0.6823268081892607	0.1442516268980477	0.8756918963105005	919	646	55
13-57_en_professional	en	18.82962962962963	1.7627852084972462	12.554421015823063	9.025143342366757	0.3977183320220299	0.1026750590086546	0.6632572777340676	0.03383162863886703	0.003147128245476003	0.9481481481481482	0.7130827341601343	5.207407407407407	2.0227576974564925	0.005731925084579071	6.483028677966101e-05	0.002505846976277982	2.7863886703383165	26.748148148148147	1.1895743233530258	4.627868399225878	1.902757619738752	0.22738001573564123	0.6020630372492922	0.6216074339917254	0.6945809080233889	0.16207710464201416	0.8414935292252154	2446	1475	135
13-58_en_professional	en	21.382978723404257	1.9054726368159205	15.233938816555526	11.434592251508416	0.4079601990049751	0.07960199004975124	0.6407960199004975	0.012935323383084577	0.003980099502487562	0.9148936170212766	0.6905803409321749	6.787234042553192	1.9304635761589404	0.0055163179851741295	5.0657841680960544e-05	0.005855966071282929	0.7562189054726368	32.191489361702125	1.3168672042135332	4.645268034414295	1.9947368421052631	0.2557213930348259	0.530485651214128	0.4018018784074839	0.5206836249071092	0.17213930348258707	0.8272147166707665	984	583	47
13-59_en_professional	en	13.185714285714285	1.817984832069339	11.004649589846775	8.829813942114225	0.5395449620801733	0.14734561213434452	0.8071505958829902	0.0390032502708559	0.0065005417118093175	0.7142857142857143	0.7976359429121692	3.3132530120481927	2.1872659176029963	0.003678431185753859	9.629462398190046e-05	0.005040275095388384	3.0054171180931744	20.674698795180724	1.4448132599841215	3.9227642276422765	1.927461139896373	0.3152762730227519	0.5943082524271833	0.7236968026317294	0.647143853882063	0.07258938244853738	0.8244992758351277	866	663	83
13-6_en_professional	en	12.371428571428572	1.8937644341801385	11.58127746618278	9.826343503794128	0.4064665127020785	0.14549653579676675	0.6812933025404158	0.006928406466512702	0.0	0.9714285714285714	0.6928763107436531	4.026315789473684	1.9242424242424243	0.005038485220323325	4.8606245220588235e-05	0.008282233017440471	0.5450346420323325	20.55263157894737	1.5423145910744176	4.041561712846348	2.3453237410071943	0.4665127020785219	0.6692814371257487	-1	0.6772814863914657	0.15011547344110854	0.903099141417251	427	272	38
13-60_en_professional	en	13.785714285714286	1.932642487046632	12.591609918578833	11.735826350851221	0.41968911917098445	0.15025906735751296	0.7098445595854922	0.02072538860103627	0.0	1.0	0.7232450893708501	4.857142857142857	1.8571428571428572	0.004132633940414508	4.598690873015873e-05	0.012800975312404756	0.26424870466321243	21.214285714285715	1.1620049841323132	4.658940397350993	1.9387755102040816	0.616580310880829	0.690851063829787	-1	-1	0.15544041450777202	0.9304274971776187	189	126	14
13-62_en_professional	en	13.024390243902438	1.9129213483146068	12.061984105234313	11.020786663012696	0.4307116104868914	0.14887640449438203	0.7088014981273408	0.017790262172284643	0.0009363295880149813	0.8658536585365854	0.7055518111535349	4.878048780487805	2.063063063063063	0.005526552399157303	5.931140698689956e-05	0.003169776311720441	2.5739700374531833	22.146341463414632	1.365900235390586	4.3693398799781775	2.03475935828877	0.3445692883895131	0.6691434468524251	0.6220942226000448	0.6684766104723747	0.13295880149812733	0.8726503143260529	1032	687	82
13-63_en_professional	en	9.375	1.7866666666666666	9.148916666666668	8.885033333333334	0.39555555555555555	0.1111111111111111	0.6444444444444445	0.0044444444444444444	0.02666666666666667	1.0	0.7210153231252976	3.625	1.8055555555555556	0.006142502011999999	7.016950514705882e-05	0.011851851851851851	0.3288888888888889	13.666666666666666	1.1990334785613423	4.628398791540786	2.2962962962962963	0.5777777777777777	0.7007936507936509	-1	-1	0.18666666666666668	0.9312095160167075	223	136	24
13-65_en_professional	en	9.25	1.8571428571428572	9.931785714285713	10.257005405405407	0.3764478764478765	0.14478764478764478	0.6891891891891891	0.03474903474903475	0.0	0.875	0.6908703019835316	3.642857142857143	1.7710843373493976	0.004769121992084941	4.401786325878594e-05	0.0064533921676778825	0.6216216216216216	15.589285714285714	1.433883406261989	4.358888888888889	2.107594936708861	0.4922779922779923	0.7030548926014313	-1	0.8904750694086075	0.1583011583011583	0.9158552202902842	497	313	56
13-67_en_professional	en	7.916666666666667	1.817543859649123	8.94451754385965	9.273929824561403	0.42105263157894735	0.1649122807017544	0.7017543859649122	0.0035087719298245615	0.010526315789473684	0.7777777777777778	0.6276472812901386	3.2222222222222223	1.8155339805825244	0.00571347766877193	4.511363225806452e-05	0.011961722488038277	0.5228070175438596	13.666666666666666	1.4361898144822982	4.201565557729941	2.313953488372093	0.5368421052631579	0.7068817204301072	-1	-1	0.1368421052631579	0.9096480346087381	284	186	36
13-69_en_professional	en	7.806060606060606	1.8656832298136645	9.469425748164877	10.442650041407868	0.41226708074534163	0.1545031055900621	0.7282608695652174	0.037267080745341616	0.0038819875776397515	0.6181818181818182	0.6590116100327932	2.9518072289156625	1.9264705882352942	0.0038475668931761647	4.0054859532595326e-05	0.0031518041999408454	1.687111801242236	14.41566265060241	1.5994022704705055	4.095392077607114	2.1697171381031612	0.3951863354037267	0.7113288477712367	0.858341755872795	0.8526491391910554	0.1420807453416149	0.8960047745464156	1220	813	166
13-7_en_professional	en	14.682692307692308	1.6666666666666667	9.802916666666668	7.691242813964033	0.4315651604453176	0.14603798297314996	0.7256057629338573	0.03143418467583497	0.0026195153896529143	0.9134615384615384	0.7028726652039287	4.384615384615385	2.185682326621924	0.004577189475717092	6.0994529529529524e-05	0.003159184069465668	2.4918140144073346	21.51923076923077	1.152225230727939	4.478798586572438	1.9646182495344506	0.33988212180746563	0.6732773109243746	0.6917922698298926	0.7515440737046761	0.13425016371971185	0.8738519935849989	1474	999	104
13-70_en_professional	en	10.115789473684211	1.903225806451613	10.813222410865876	9.885267388137358	0.42039542143600417	0.13423517169614985	0.7034339229968782	0.04162330905306972	0.007284079084287201	0.5894736842105263	0.6998679365641063	3.736842105263158	1.7717717717717718	0.004906093482977003	3.917597487352445e-05	0.00444742206320471	2.172736732570239	17.231578947368423	1.3958429376677068	4.346245530393325	2.061007957559682	0.3631633714880333	0.7026218097447806	0.5324645144774802	0.7655814251725142	0.12695109261186263	0.8819170458937458	913	593	95
13-74_en_professional	en	13.144927536231885	1.8070562293274532	10.859785245194384	9.889028135436142	0.40573318632855565	0.13340683572216097	0.7001102535832414	0.050716648291069456	0.004410143329658214	0.927536231884058	0.7220326733511049	4.434782608695652	1.9206896551724137	0.00444432535571645	5.227803509090909e-05	0.003728311959612372	1.7761852260198456	22.115942028985508	1.3408270921834589	4.21178756476684	1.9659090909090908	0.41565600882028664	0.7006683168316847	0.45736413491042466	0.6459708488794832	0.13891951488423374	0.8952531536983587	849	550	69
13-76_en_professional	en	10.75	2.055813953488372	12.86110465116279	12.608306976744188	0.4046511627906977	0.15813953488372093	0.7069767441860465	0.046511627906976744	0.013953488372093023	0.9	0.7159164940214314	3.7	2.0923076923076924	0.0045790702261076085	4.0035228358208955e-05	0.012311901504787962	0.5069767441860465	19.7	1.4559791409106477	4.245	2.033707865168539	0.5953488372093023	0.7357758620689663	-1	-1	0.12558139534883722	0.925428286404689	205	134	20
13-79_en_professional	en	15.158415841584159	1.7759634225996082	11.278150564893203	10.495287259346444	0.3932070542129327	0.13716525146962769	0.6923579359895493	0.03527106466361855	0.011103853690398433	0.9207920792079208	0.7351170227253223	4.425742574257426	2.092378752886836	0.0047578649601739435	6.344485367965368e-05	0.003159071496759283	2.2762900065316787	26.178217821782177	1.4009981279371386	4.216135084427767	1.9505582137161084	0.294578706727629	0.6691550279329592	0.6095577746827974	0.6625218617333831	0.1541476159372959	0.8578386514215937	1446	924	101
13-80_en_professional	en	14.873239436619718	1.7817234848484849	11.234900501493815	10.182563209560394	0.3977272727272727	0.13210227272727273	0.6638257575757576	0.02130681818181818	0.002840909090909091	0.8169014084507042	0.6886101940674468	4.676056338028169	1.9614767255216694	0.00511580670470876	5.771760947712418e-05	0.002282523510971787	3.284564393939394	25.190140845070424	1.3927230548397385	4.227827050997782	2.027231467473525	0.2689393939393939	0.6629607550919083	0.5717207299572702	0.6566341167969689	0.16335227272727273	0.8638736335107011	2043	1224	142
13-81_en_professional	en	16.40366972477064	1.762304250559284	11.602621349260101	9.271094025408944	0.39038031319910516	0.12192393736017897	0.6683445190156599	0.025167785234899327	0.008389261744966443	0.9357798165137615	0.7251967765955919	4.9818181818181815	2.057915057915058	0.005920087834917419	5.9716466985645935e-05	0.0025534528917739393	2.9250559284116333	26.818181818181817	1.3884819581699055	4.26062036412677	2.0	0.31487695749440714	0.6999230313795171	0.6875018724195926	0.7480748937173847	0.14597315436241612	0.8762240387094714	1717	1045	110
13-82_en_professional	en	10.180327868852459	1.7037037037037037	8.484031572556162	8.186402027401599	0.4114331723027375	0.1280193236714976	0.7198067632850241	0.061191626409017714	0.005636070853462158	0.8442622950819673	0.7404046098573712	3.7295081967213113	1.8977556109725686	0.005067051467203462	8.378999590488773e-05	0.0035181684520058814	2.427536231884058	16.368852459016395	1.1997648013548585	4.243866535819431	1.9736842105263157	0.3864734299516908	0.7095538057742765	0.7083645808861389	0.7249716638812467	0.1320450885668277	0.8916085026681362	1150	757	122
13-83_en_professional	en	16.96330275229358	1.6960519199567334	11.039100728883955	9.105661191519344	0.39967550027041643	0.12385073012439156	0.6760411032990806	0.038939967550027044	0.0048674959437533805	0.8623853211009175	0.7275869875534308	5.192660550458716	1.985611510791367	0.006037198005375682	5.424921297989031e-05	0.0025888397543982443	3.124391563007031	26.89908256880734	1.2499552318911817	4.336168764886016	1.9134466769706338	0.29259058950784206	0.6757657142857156	0.6111135786326565	0.7210935414057477	0.1325040562466198	0.8618224422970147	1767	1094	109
13-84_en_professional	en	8.034883720930232	1.670043415340087	7.250116952175819	7.910791458284253	0.40955137481910275	0.15050651230101303	0.7105643994211288	0.05209840810419682	0.001447178002894356	0.6395348837209303	0.6201342128118613	2.755813953488372	1.9473684210526316	0.005690950681251809	8.802425336426914e-05	0.004751567776169802	1.2141823444283646	12.674418604651162	1.2379691243066644	4.282570422535211	2.2720848056537104	0.467438494934877	0.682753378378378	0.808939342721515	0.8434296296583775	0.09840810419681621	0.9095540030791545	653	431	86
13-85_en_professional	en	10.885057471264368	1.648363252375924	8.105858791829007	8.207574006238698	0.4371700105596621	0.13885955649419218	0.7265047518479408	0.05279831045406547	0.0015839493136219642	0.7758620689655172	0.770003817817699	3.737142857142857	2.0208667736757624	0.005077956277059673	6.431990375874126e-05	0.0018844037874765907	5.010031678986272	19.228571428571428	1.4974378170133407	3.9885395239494565	1.9101123595505618	0.382259767687434	0.727565459610033	0.697561161428398	0.7387623221296054	0.10137275607180571	0.8957458256445738	1726	1144	175
13-86_en_professional	en	11.204545454545455	1.7535496957403651	9.471659137009038	9.306544016227182	0.417342799188641	0.15010141987829614	0.7226166328600405	0.036511156186612576	0.0030425963488843813	0.7784090909090909	0.7199467918926024	3.9775280898876404	1.9807692307692308	0.004825282879356622	6.365173297697369e-05	0.0021263202070364415	3.1779918864097363	18.803370786516854	1.5901231278673509	4.197643593519882	1.9773175542406312	0.3671399594320487	0.7187720234917303	0.7746130102687923	0.8309146361104262	0.1242393509127789	0.8935803774324046	1848	1216	178
13-87_en_professional	en	14.707692307692307	1.790794979079498	11.277380753138079	9.681312346314773	0.3901673640167364	0.1459205020920502	0.674163179916318	0.02615062761506276	0.004707112970711297	0.8538461538461538	0.7142151166276544	4.930769230769231	1.9479865771812082	0.005992125235896444	5.33247911965812e-05	0.0023704885464013725	2.694560669456067	24.323076923076922	1.3977268130002785	4.310713163682061	1.994809688581315	0.2839958158995816	0.6397297297297307	0.7042255621518723	0.7919346701335647	0.13336820083682008	0.8599509207871208	1842	1170	130
13-88_en_professional	en	14.350877192982455	1.771393643031785	10.90928709303822	9.357962999185004	0.43643031784841074	0.10513447432762836	0.684596577017115	0.013447432762836185	0.0012224938875305623	0.9298245614035088	0.7311942059977738	4.649122807017544	1.8415094339622642	0.005295447184963325	5.709844803149606e-05	0.004000889086463659	1.533007334963325	23.05263157894737	1.248038444768755	4.396981132075472	2.1423076923076922	0.42053789731051344	0.6638108484005559	0.6209856049850823	0.726850615505693	0.1430317848410758	0.9026617852097369	798	508	57
13-9_en_professional	en	17.695652173913043	1.8538083538083538	13.186242922764663	10.447742527507744	0.4103194103194103	0.11056511056511056	0.671990171990172	0.014742014742014743	0.0036855036855036856	0.9565217391304348	0.7402520634711823	5.1521739130434785	1.99163179916318	0.005196625084692875	5.070495904572565e-05	0.005494750949296403	1.5184275184275184	26.304347826086957	1.1809315318992595	4.7436318816762535	2.1762295081967213	0.3820638820638821	0.7075804195804208	0.6998203326013465	0.7102669519308512	0.16216216216216217	0.879702813404236	798	503	46
13-90_en_professional	en	9.714285714285714	1.661764705882353	7.807394957983195	7.470650140056023	0.43137254901960786	0.10294117647058823	0.7009803921568627	0.00980392156862745	0.00980392156862745	0.8571428571428571	0.708562271062271	3.5652173913043477	1.859375	0.006461021723039216	5.8088616279069765e-05	0.022727272727272728	0.5882352941176471	14.652173913043478	1.2267321681039822	4.208092485549133	2.25	0.5049019607843137	0.6377142857142859	-1	-1	0.12745098039215685	0.8771284819997515	202	129	23
13-91_en_professional	en	12.07741935483871	1.8055555555555556	10.425749103942653	9.627031481941	0.4599358974358974	0.13835470085470086	0.7318376068376068	0.018696581196581196	0.0037393162393162395	0.832258064516129	0.7401227166340044	3.9870967741935486	2.1684782608695654	0.004575014216631968	6.298253435237329e-05	0.0021911305593940327	4.239316239316239	19.36774193548387	1.2899988162084155	4.468832020997375	2.123249299719888	0.3605769230769231	0.7019345741680784	0.6598039819152043	0.7203681229845441	0.13995726495726496	0.8905802449293543	1811	1243	155
13-92_en_professional	en	13.435114503816793	1.7471590909090908	10.266171929215822	9.291697735947258	0.4147727272727273	0.15795454545454546	0.7051136363636363	0.01534090909090909	0.003977272727272727	0.9465648854961832	0.7440748427584695	4.442748091603053	2.0890151515151514	0.005163009517755114	6.933018552397868e-05	0.0026962809917355367	2.6232954545454548	20.267175572519083	1.2356049333918608	4.620037105751392	2.1551094890510947	0.3715909090909091	0.7225045153521997	0.7797354749490213	0.8324916005655859	0.11647727272727272	0.8954151677447966	1718	1126	131
13-93_en_professional	en	12.140625	1.9073359073359073	11.651407456563707	9.595337210424711	0.4749034749034749	0.15572715572715573	0.7477477477477478	0.01673101673101673	0.003861003861003861	0.828125	0.6764468530606274	4.34375	2.1757322175732217	0.004115750224066924	4.633614014732965e-05	0.005791505791505791	1.471042471042471	19.4375	1.2261335177683375	4.525410476935106	2.2580645161290325	0.4118404118404118	0.6831858407079641	0.5700104814051022	0.6571111453806479	0.07979407979407979	0.8848749083232088	762	543	64
13-94_en_professional	en	13.298507462686567	1.8305274971941639	11.196642377338897	9.345749505000253	0.4051627384960718	0.186307519640853	0.7250280583613917	0.013468013468013467	0.007856341189674524	0.9402985074626866	0.6803034863252755	4.373134328358209	2.2154471544715446	0.00451371850617284	5.670122991596639e-05	0.004696538029871364	1.9528619528619529	20.328358208955223	1.222614145740756	4.781617647058823	2.0578512396694215	0.38271604938271603	0.7005176767676774	0.5772759509195643	0.7508694513066165	0.1447811447811448	0.8808901967828854	876	595	67
13-96_en_professional	en	24.066666666666666	1.7506925207756232	14.454171745152355	10.117146112650046	0.3961218836565097	0.1440443213296399	0.6648199445983379	0.0332409972299169	0.002770083102493075	1.0	0.7199888696737438	6.333333333333333	2.116504854368932	0.005539472710803324	7.782639146919431e-05	0.008394191219675984	0.9196675900277008	35.4	1.2151699072724667	4.532956685499058	1.9166666666666667	0.5152354570637119	0.7078244274809157	-1	0.8693778933506007	0.11911357340720222	0.9109354548669022	347	211	15
13-97_en_professional	en	13.984126984126984	1.7737419598940598	10.793964650559431	9.061405585283678	0.45024593265228907	0.13166855845629966	0.7215285660234582	0.03216042376087779	0.004918653045781309	0.8465608465608465	0.7232260560499062	4.656084656084656	1.9532710280373833	0.004787131177325999	6.303177612559241e-05	0.001895670227111771	4.863412788497919	22.841269841269842	1.3621923608049338	4.308239614413587	2.0313588850174216	0.29322739311388574	0.7261006289308204	0.6964929258621769	0.7312763600410543	0.11577752553916004	0.8647866104690318	2522	1688	189
13-98_en_professional	en	18.428571428571427	1.5310077519379846	9.663034330011076	7.488040088593577	0.3643410852713178	0.09689922480620156	0.6511627906976745	0.050387596899224806	0.011627906976744186	1.0	0.7181605542550069	5.5	2.026666666666667	0.0063310348124031015	8.114332430555555e-05	0.013436692506459949	0.27906976744186046	25.714285714285715	1.163599985448725	4.4502762430939224	1.8372093023255813	0.5465116279069767	0.6432704402515723	-1	-1	0.1511627906976744	0.9204995646201989	242	144	14
13-99_en_professional	en	15.307692307692308	1.8391959798994975	12.08251256281407	8.948164746810978	0.35175879396984927	0.16080402010050251	0.6482412060301508	0.0	0.01507537688442211	1.0	0.684249220647962	4.230769230769231	2.2	0.005339520872361809	3.975746776859504e-05	0.01350502512562814	0.35678391959798994	22.076923076923077	1.272343184765545	4.902777777777778	2.108108108108108	0.5527638190954773	0.6743999999999999	-1	-1	0.19597989949748743	0.9111006435589297	199	121	13
14-1_en_professional	en	18.575	1.85464333781965	13.539041386271872	11.3233555226559	0.408254822790489	0.126514131897712	0.7007626738447734	0.03230148048452221	0.00762673844773441	0.8333333333333334	0.7021583611049426	5.391666666666667	1.8672316384180792	0.004968540374517721	6.294162505510654e-05	0.0022374794850389852	3.3539703903095557	28.133333333333333	1.2265433987410397	4.615770821027762	1.9429347826086956	0.2503364737550471	0.6667136150234746	0.8499811709502012	0.965399908910391	0.13907581875280395	0.8472427049131679	2141	1361	120
14-10_en_professional	en	10.74561403508772	1.9355102040816325	11.439809881847477	11.080752380952381	0.36653061224489797	0.16979591836734695	0.7020408163265306	0.015510204081632653	0.00816326530612245	0.6754385964912281	0.7371976043993884	3.4473684210526314	1.8666666666666667	0.004585201987183674	4.0921911832061066e-05	0.0031002063746847055	2.2644897959183674	17.964912280701753	1.346664047570333	4.3973192915270465	2.111455108359133	0.35591836734693877	0.7232060390763762	0.6001844423946889	0.8148972532383431	0.1657142857142857	0.8865809136115368	1206	786	114
14-14_en_professional	en	11.549019607843137	1.9235993208828523	11.612589633476482	10.692566536835447	0.4906621392190153	0.12054329371816638	0.7300509337860781	0.02037351443123939	0.003395585738539898	0.9215686274509803	0.6781664273411984	4.056603773584905	1.922279792746114	0.00551874132377562	5.92304671875e-05	0.005955749589026329	2.556876061120543	18.28301886792453	1.2749671538664256	4.463636363636364	2.2723880597014925	0.47368421052631576	0.6747346938775525	0.7275528873316838	0.7188982487031474	0.10865874363327674	0.9040867949967739	564	384	53
14-15_en_professional	en	13.333333333333334	2.075	14.095000000000002	12.820083333333333	0.4	0.15	0.7	0.0	0.0	1.0	0.7	7.333333333333333	1.8181818181818181	0.00598935825	2.3726071428571428e-05	0.05	0.0	20.0	1.1974074074074075	4.721311475409836	1.9	0.8	0.8	-1	-1	0.2	0.9659898769835575	40	28	3
14-16_en_professional	en	16.6	1.9036144578313252	13.346650602409639	9.172809156626506	0.40963855421686746	0.07228915662650602	0.6265060240963856	0.0	0.012048192771084338	1.0	0.7630718954248367	4.6	1.92	0.0064523341686747	6.673906382978723e-05	0.030120481927710843	0.12048192771084337	20.2	1.052034401199998	5.46078431372549	2.0	0.6987951807228916	0.6987951807228916	-1	-1	0.14457831325301204	0.9234316263382452	83	47	5
14-17_en_professional	en	19.0	1.8631578947368421	13.80526315789474	10.358115789473683	0.42105263157894735	0.15263157894736842	0.7157894736842105	0.0	0.015789473684210527	1.0	0.6435897435897435	6.2	2.0	0.00464258397	5.117361219512195e-05	0.02368421052631579	0.2	24.8	1.1151934258551905	5.397590361445783	2.03125	0.5947368421052631	0.6889010989010987	-1	-1	0.12631578947368421	0.9207495955338166	190	123	10
14-18_en_professional	en	17.3125	1.8339350180505416	12.80230821299639	10.028946028880869	0.41245487364620936	0.12003610108303249	0.6895306859205776	0.016245487364620937	0.009927797833935019	0.9375	0.7387500437819255	5.3125	1.9733727810650887	0.005044479267588448	7.634966947218259e-05	0.0036992467798725327	1.858303249097473	25.65625	1.1578150517206218	4.691007845503923	2.014367816091954	0.37815884476534295	0.678582755203174	0.8273526015940511	0.8937967969599001	0.15433212996389892	0.8900229618682381	1077	701	64
14-2_en_professional	en	14.5	2.0344827586206895	14.071896551724137	13.130089655172414	0.3448275862068966	0.1724137931034483	0.6551724137931034	0.0	0.0	1.0	0.8095238095238095	5.0	2.2857142857142856	0.009522672689655173	5.669488888888889e-05	0.10344827586206896	0.0	16.0	0.9898989898989898	6.03030303030303	1.0	0.7586206896551724	0.7586206896551724	-1	-1	0.10344827586206896	0.9369210703447151	29	18	2
14-20_en_professional	en	15.986013986013987	1.831146106736658	12.25206951403802	10.19074867756915	0.37270341207349084	0.14304461942257218	0.6854768153980753	0.02930883639545057	0.010061242344706912	0.8321678321678322	0.6861813488879221	4.951048951048951	1.8934306569343067	0.004750377235473315	6.60527619494585e-05	0.0023504984412159747	2.8967629046369203	25.762237762237763	1.3054394301564178	4.443298969072165	1.9362962962962964	0.24759405074365703	0.6577091906721556	0.5107238117047506	0.5979114056880092	0.17672790901137359	0.8451952526165406	2215	1385	143
14-21_en_professional	en	13.012987012987013	1.8897205588822354	11.783767529875316	10.829958055317936	0.43263473053892215	0.14620758483033933	0.7260479041916168	0.008982035928143712	0.009481037924151697	0.7792207792207793	0.6790015167286559	4.1103896103896105	1.9088098918083463	0.004713484876047904	4.43318230075188e-05	0.0020816355454770933	3.8418163672654693	20.38961038961039	1.2895677997908792	4.591650973006905	2.2046109510086453	0.31786427145708585	0.7081574803149665	0.5876894006164957	0.673303591289528	0.1467065868263473	0.8702403319082328	1961	1330	154
14-23_en_professional	en	14.108108108108109	1.8773946360153257	12.065418867143006	10.75381820441131	0.42911877394636017	0.12835249042145594	0.7145593869731801	0.005747126436781609	0.0	1.0	0.7103548037206394	4.405405405405405	2.0256410256410255	0.004906993703065134	8.243545545722714e-05	0.006950013365410317	0.9923371647509579	21.16216216216216	1.2421278995690088	4.701643489254109	2.1690140845070425	0.4559386973180077	0.6961702127659575	0.4853833488278258	0.8326061705270781	0.14367816091954022	0.9006220349212645	517	339	37
14-24_en_professional	en	12.233766233766234	1.713375796178344	9.399003226073294	8.347332848043676	0.3980891719745223	0.1305732484076433	0.7006369426751592	0.02653927813163482	0.01592356687898089	0.922077922077922	0.7579488104500419	3.7901234567901234	1.9094202898550725	0.005435907379416136	7.90439206239168e-05	0.00491861288039632	1.3004246284501062	16.530864197530864	1.118286781785073	4.586924219910847	2.035830618892508	0.3662420382165605	0.6696204033214722	0.7596044015978015	0.7708010409290481	0.16878980891719744	0.8776137551224217	917	577	81
14-25_en_professional	en	12.912698412698413	1.7732022126613398	10.369738490356191	9.35210397361977	0.41364474492931774	0.1309157959434542	0.7098955132145052	0.0215119852489244	0.006760909649661954	0.7857142857142857	0.7411083326678749	3.425806451612903	1.9436325678496869	0.00500137415841426	6.543959580152672e-05	0.0031256730703565364	2.1241548862937925	15.42483660130719	1.0796172311129641	4.585540142917192	2.1203007518796992	0.29379225568531037	0.6539790575916229	0.6824250573660817	0.7562562618229812	0.1628764597418562	0.855261517491093	1587	1048	155
14-27_en_professional	en	12.220930232558139	1.7668886774500476	10.025449184608238	9.300651618613504	0.4253092293054234	0.10561370123691723	0.698382492863939	0.023786869647954328	0.011417697431018078	0.8604651162790697	0.7374638392008452	3.869565217391304	1.9902912621359223	0.00499363435749667	7.018935553869499e-05	0.0046746369916849375	1.544243577545195	16.445652173913043	1.278108968742148	4.64983606557377	2.1238938053097347	0.36346336822074216	0.674096638655465	0.7243310475270109	0.770210859755899	0.16460513796384396	0.8823126908957372	1022	659	92
14-29_en_professional	en	11.743589743589743	1.8209606986899562	10.477336244541487	9.613528205128206	0.462882096069869	0.11135371179039301	0.7161572052401747	0.006550218340611353	0.013100436681222707	0.9743589743589743	0.7375142734561019	4.1	2.082089552238806	0.004148029291048035	6.33901660130719e-05	0.010334788937409025	0.7292576419213974	15.775	1.1327934095950174	4.773082942097027	2.256198347107438	0.4585152838427948	0.6800835654596098	-1	0.8692812699198887	0.15502183406113537	0.891026574599996	450	306	40
14-3_en_professional	en	14.752252252252251	1.8418320610687022	11.896996698989067	9.871023904820852	0.3987786259541985	0.12763358778625955	0.6916030534351145	0.02381679389312977	0.0061068702290076335	0.8603603603603603	0.698209178354269	4.25	1.9024896265560165	0.004823384572091603	5.622290918016691e-05	0.001566299123551032	4.6760305343511455	21.245689655172413	1.2045834028868772	4.687676198147402	2.0938086303939962	0.2644274809160305	0.6695371536523961	0.6141167546107087	0.7115719087445281	0.17038167938931298	0.865136080221701	3174	2037	232
14-30_en_professional	en	13.588235294117647	1.7965367965367964	10.908545963840083	9.743128987352517	0.41414141414141414	0.13564213564213565	0.7113997113997114	0.021645021645021644	0.010101010101010102	0.9607843137254902	0.7759904248992991	4.588235294117647	1.9644670050761421	0.005016703709090909	7.218015644444444e-05	0.005941770647653	1.443001443001443	18.980392156862745	1.1350426126242148	4.7967145790554415	2.0358974358974358	0.38816738816738816	0.6644612794612808	0.6978088523616052	0.7169606396675614	0.17027417027417027	0.8783366433143978	677	450	51
14-31_en_professional	en	6.592233009708738	2.153166421207658	12.388334644036778	12.459474672919914	0.4683357879234168	0.19882179675994108	0.7776141384388807	0.008836524300441826	0.004418262150220913	0.6990291262135923	0.7222323479237458	2.7864077669902914	1.8380566801619433	0.003257668801325478	3.657427649484536e-05	0.005743740795287187	0.9617083946980854	12.0	1.4669894882501917	4.273419649657273	2.3601532567049808	0.4845360824742268	0.7472413793103431	0.9279816232468098	0.9485778373934642	0.08541973490427099	0.9076638039251915	670	485	103
14-36_en_professional	en	13.80952380952381	1.9137931034482758	12.378472906403942	11.18596962233169	0.41551724137931034	0.17586206896551723	0.7224137931034482	0.010344827586206896	0.0017241379310344827	0.9523809523809523	0.7722710690420843	4.4523809523809526	2.0847457627118646	0.004703373484655173	4.057254780361757e-05	0.00603448275862069	1.313793103448276	22.047619047619047	1.2930858453879874	4.691160809371672	2.1226993865030677	0.45	0.7205405405405413	0.4209139386765549	0.6787051504675035	0.13620689655172413	0.8908844150721353	573	387	42
14-37_en_professional	en	12.366666666666667	1.9002695417789757	11.656180592991916	9.700981599281223	0.38544474393531	0.2210242587601078	0.7196765498652291	0.008086253369272238	0.0	0.9666666666666667	0.7188927124498812	3.59375	2.323809523809524	0.005799624000539084	4.584465785440613e-05	0.011423437299448082	0.33153638814016173	18.53125	1.2834857936328898	4.462437395659433	2.1574074074074074	0.4420485175202156	0.6321691176470595	-1	0.7433460213267996	0.11859838274932614	0.8761217438946903	368	261	32
14-38_en_professional	en	9.758620689655173	1.9575971731448762	11.315508712075058	10.249150213232609	0.4416961130742049	0.13780918727915195	0.734982332155477	0.02120141342756184	0.0035335689045936395	0.9655172413793104	0.7918980299149474	3.8620689655172415	2.021978021978022	0.004588253975618375	4.12727445026178e-05	0.010761323482171539	0.7243816254416962	15.89655172413793	1.3638876477365323	4.404710920770878	2.17	0.5865724381625441	0.7588586956521739	-1	-1	0.13780918727915195	0.9223029137422859	276	191	29
14-39_en_professional	en	12.89655172413793	1.874331550802139	11.556767471879034	10.750875640789232	0.41711229946524064	0.15775401069518716	0.7219251336898396	0.040106951871657755	0.0	1.0	0.7574697051560166	4.310344827586207	2.1142857142857143	0.005760819261497326	6.539309402390439e-05	0.00980392156862745	0.6497326203208557	21.379310344827587	1.2600358099008924	4.271565495207668	1.893491124260355	0.5	0.6806545454545457	-1	0.7359037273175666	0.10427807486631016	0.9019363075946155	358	251	29
14-4_en_professional	en	15.58974358974359	1.7845394736842106	11.547565789473683	10.651078812415655	0.3848684210526316	0.12006578947368421	0.680921052631579	0.049342105263157895	0.0	0.8717948717948718	0.7232710542575782	4.435897435897436	1.7425742574257426	0.004776056739967105	5.4930793112947656e-05	0.005771531100478469	0.9457236842105263	25.743589743589745	1.2969427110331908	4.1400198609731875	1.8008849557522124	0.3618421052631579	0.5983497053045197	0.5605780295702555	0.7772253764079221	0.1611842105263158	0.8641673031229218	576	363	39
14-41_en_professional	en	12.840579710144928	1.9187358916478556	12.058909608401219	10.47797201557235	0.4198645598194131	0.16027088036117382	0.7020316027088036	0.0056433408577878106	0.007900677200902935	0.9710144927536232	0.7590976362794849	4.521739130434782	1.9238754325259515	0.005602125038148984	5.1181211073253836e-05	0.0044804706204254734	1.9751693002257336	20.434782608695652	1.2316937342572236	4.537649542575651	2.1316872427983538	0.417607223476298	0.7358958068615014	0.7072651987279607	0.7700821576576826	0.13205417607223477	0.8998509746404217	879	587	69
14-42_en_professional	en	12.35820895522388	1.9577294685990339	12.330909222005914	10.231884324753047	0.4311594202898551	0.14855072463768115	0.6920289855072463	0.01570048309178744	0.0012077294685990338	0.7910447761194029	0.741286124180873	3.7313432835820897	1.8669064748201438	0.005523573177294686	5.427809224952741e-05	0.004677825406545553	2.214975845410628	19.82089552238806	1.3270163278988198	4.522609340252038	2.180672268907563	0.3743961352657005	0.6888751714677646	0.6175910806753545	0.8620732716245063	0.10869565217391304	0.8779049101675591	814	529	67
14-43_en_professional	en	14.6875	1.9234042553191488	12.834295212765955	11.030196808510638	0.4297872340425532	0.08936170212765958	0.7063829787234043	0.00851063829787234	0.00425531914893617	0.75	0.7246023245760088	4.75	2.0	0.005631788707659575	3.914423175675676e-05	0.01098146877144818	1.748936170212766	21.9375	1.2017579924652293	4.706552706552706	2.0	0.4765957446808511	0.6472058823529405	-1	-1	0.1574468085106383	0.8793801251437237	233	148	16
14-45_en_professional	en	14.25	1.9780701754385965	13.308728070175441	10.865407017543863	0.32894736842105265	0.19736842105263158	0.7105263157894737	0.008771929824561403	0.0043859649122807015	1.0	0.7375651799181211	4.125	1.967741935483871	0.0047680765166666665	5.8646097183098585e-05	0.013157894736842105	0.13596491228070176	22.1875	1.3194761898327738	4.726760563380282	2.0166666666666666	0.6096491228070176	0.7528682170542638	-1	-1	0.14912280701754385	0.9447729254278061	226	142	16
14-48_en_professional	en	14.023809523809524	1.8319185059422751	11.495924084404564	9.279509305521868	0.3701188455008489	0.16298811544991512	0.6808149405772496	0.0	0.006791171477079796	0.9523809523809523	0.7635483169032972	4.333333333333333	2.011904761904762	0.00600079567402377	5.48559972826087e-05	0.006508205998868138	1.0084889643463497	19.214285714285715	1.1507373135962302	5.089790897908979	2.18348623853211	0.40407470288624786	0.7006326530612245	0.6391457199418361	0.7863820850071503	0.1460101867572156	0.8959428769232927	588	368	42
14-49_en_professional	en	11.458823529411765	2.1611909650924024	14.38099456456094	12.80804055079116	0.3737166324435318	0.17453798767967146	0.7197125256673511	0.003080082135523614	0.007186858316221766	0.8588235294117647	0.7105886961715363	3.764705882352941	1.9096989966555185	0.004399326869404517	4.21530070977918e-05	0.00523412650481137	1.108829568788501	18.470588235294116	1.270063845409708	4.712586098935504	2.208029197080292	0.3737166324435318	0.7059542857142883	0.6740284002825189	0.7965819171502887	0.1704312114989733	0.8829898109479438	970	634	85
14-52_en_professional	en	13.325301204819278	1.7667269439421338	10.454245408396698	8.684238101047955	0.35804701627486435	0.13200723327305605	0.6627486437613019	0.03164556962025317	0.0081374321880651	0.927710843373494	0.7679858460949249	4.204819277108434	1.7627118644067796	0.005788115092857143	6.209451126760564e-05	0.0042050575504463394	1.3300180831826403	20.566265060240966	1.3202939142305408	4.519253208868145	2.003058103975535	0.37341772151898733	0.7029195630585883	0.7012989826625013	0.7753740475097539	0.15551537070524413	0.8914840481850747	1072	639	83
14-53_en_professional	en	12.244444444444444	1.9981851179673322	12.763917725347856	12.067225739060294	0.39019963702359345	0.17422867513611615	0.6896551724137931	0.010889292196007259	0.012704174228675136	0.9555555555555556	0.749146181069502	4.088888888888889	2.1125	0.00515717519800363	4.3403069146005515e-05	0.006816873976362267	1.208711433756806	20.2	1.3794897140307767	4.539803707742639	2.3714285714285714	0.4010889292196007	0.6866592920353984	0.4951750938973651	0.7311643019138164	0.13793103448275862	0.8762186974904416	540	363	45
14-55_en_professional	en	18.181818181818183	2.09	16.162909090909093	13.030949999999999	0.45	0.175	0.735	0.0	0.005	0.9090909090909091	0.7232036712334194	5.545454545454546	1.9545454545454546	0.0054663720875	3.615447463768116e-05	0.01625	0.55	33.63636363636363	1.494655263037616	4.339622641509434	2.206896551724138	0.545	0.5923762376237627	-1	-1	0.115	0.9016485734991282	199	138	11
14-56_en_professional	en	10.11111111111111	1.9853479853479854	11.780439560439564	11.059423931623934	0.3772893772893773	0.1794871794871795	0.7326007326007326	0.01098901098901099	0.003663003663003663	0.9629629629629629	0.7256442275673044	3.5185185185185186	1.9772727272727273	0.00518218865970696	4.5640644632768365e-05	0.009768009768009768	0.7838827838827839	17.962962962962962	1.4770267483471153	4.37782340862423	2.1142857142857143	0.5567765567765568	0.7403448275862062	-1	-1	0.15018315018315018	0.9150041426717831	269	177	27
14-58_en_professional	en	13.162162162162161	1.9075975359342916	12.052894167267883	10.641935279427273	0.364476386036961	0.14989733059548255	0.6817248459958932	0.014373716632443531	0.007186858316221766	0.9324324324324325	0.7318440023722739	4.162162162162162	1.8	0.0054936707617043124	4.792569850993378e-05	0.0035549281314168376	2.309034907597536	21.5	1.3302638918360712	4.476518472135254	2.0545454545454547	0.3952772073921971	0.7250514285714267	0.6991927850438783	0.7916084803915647	0.17453798767967146	0.8943205107913225	960	604	74
14-59_en_professional	en	9.291666666666666	2.0448430493273544	12.162897982062784	11.091212406576982	0.3542600896860987	0.17488789237668162	0.6816143497757847	0.0	0.013452914798206279	0.9583333333333334	0.7862059035972079	3.5	1.8405797101449275	0.005787349714798206	3.660542189781022e-05	0.015054452274183215	0.30493273542600896	14.916666666666666	1.440188949878218	4.74931129476584	2.4545454545454546	0.5426008968609866	0.6808064516129032	-1	-1	0.14798206278026907	0.9100313358886828	222	137	24
14-6_en_professional	en	16.84375	1.8695114409400124	13.03929750309215	10.849159972170687	0.3661100803957947	0.16326530612244897	0.696969696969697	0.027829313543599257	0.0030921459492888066	0.9166666666666666	0.7133841394811279	4.84375	1.9291666666666667	0.00508772250401979	4.7096353055286135e-05	0.0025922490208204496	2.7111935683364257	25.697916666666668	1.2299429432214601	4.6477503040129715	2.0412147505422995	0.30303030303030304	0.6582806324110712	0.6625402605696721	0.7302348674709476	0.15955473098330242	0.8631761108507502	1571	1031	96
14-60_en_professional	en	15.555555555555555	1.9476190476190476	13.458571428571428	10.65184126984127	0.36904761904761907	0.1380952380952381	0.669047619047619	0.014285714285714285	0.004761904761904762	0.9629629629629629	0.7499399094602097	4.703703703703703	1.9179104477611941	0.00539703289904762	3.779570476190476e-05	0.007393483709273184	1.138095238095238	24.703703703703702	1.383718983276294	4.627245508982036	2.021978021978022	0.4666666666666667	0.6748598130841114	-1	0.743126411839116	0.15476190476190477	0.8949856869591231	413	252	27
14-61_en_professional	en	14.228571428571428	1.9879518072289157	13.416974182444065	11.922691841652323	0.3965863453815261	0.14156626506024098	0.6997991967871486	0.02710843373493976	0.0050200803212851405	0.9571428571428572	0.7336621267454053	4.357142857142857	1.9088050314465408	0.00553216917751004	5.6930296319999996e-05	0.004016064257028112	2.0281124497991967	23.714285714285715	1.3739948338592924	4.5114457831325305	2.070381231671554	0.392570281124498	0.7208138238573031	0.6908712936372821	0.759367424919795	0.13152610441767068	0.8895726426199878	963	625	70
14-7_en_professional	en	8.653061224489797	1.909198113207547	10.313231613400077	10.175695138621489	0.4528301886792453	0.1650943396226415	0.7511792452830188	0.030660377358490566	0.003537735849056604	0.7551020408163265	0.7526622061901327	3.1881188118811883	1.9055944055944056	0.003983443907311321	4.659603193717278e-05	0.004006410256410256	2.0754716981132075	16.09	1.4324394614284257	3.934573829531813	2.1625	0.42924528301886794	0.688104138851803	0.7177894574740893	0.7722827237402641	0.11556603773584906	0.8949271047942506	817	573	101
14-8_en_professional	en	14.605263157894736	1.8432432432432433	11.856322901849218	9.658945945945945	0.3855855855855856	0.12612612612612611	0.6846846846846847	0.03783783783783784	0.009009009009009009	0.9210526315789473	0.7859227433682273	4.394736842105263	2.261437908496732	0.004900444019279279	5.412916126126126e-05	0.006286286286286287	1.418018018018018	24.36842105263158	1.4098471756319904	4.263440860215054	1.9125683060109289	0.4252252252252252	0.7027850877192968	0.5275499032609768	0.652954011109175	0.14594594594594595	0.8911884895219326	530	333	38
14-9_en_professional	en	13.586776859504132	1.9507299270072993	12.727456113892746	11.09933682813537	0.3637469586374696	0.1818734793187348	0.7068126520681265	0.0170316301703163	0.0024330900243309003	0.8512396694214877	0.6934705223787325	4.033057851239669	1.9918032786885247	0.004965090097141119	4.5006155440900564e-05	0.0026480828928601395	2.315693430656934	21.917355371900825	1.3565067363132386	4.580657206870799	2.0460526315789473	0.29257907542579076	0.7053074433656953	0.6823131773856149	0.7181805484913659	0.14963503649635038	0.8557702721382227	1613	1066	121
15-10_en_professional	en	13.4375	1.882170542635659	11.86023740310078	10.184184108527134	0.40310077519379844	0.11782945736434108	0.6883720930232559	0.02635658914728682	0.006201550387596899	0.9583333333333334	0.7391786896545871	4.770833333333333	1.9178743961352658	0.00550740789122	6.304698855721393e-05	0.005395348837209302	1.3689922480620156	21.604166666666668	1.318265533421142	4.458293384467881	2.076555023923445	0.4248062015503876	0.6955677655677648	0.5639439804147358	0.6666879899603927	0.15193798449612403	0.8948584822692432	626	402	48
15-12_en_professional	en	13.54	2.0369276218611523	13.726345937961597	11.800468502215658	0.4017725258493353	0.1861152141802068	0.7370753323485968	0.013293943870014771	0.007385524372230428	0.96	0.736080845231073	4.26	2.029126213592233	0.004454055870457903	4.803863681917211e-05	0.004546713441654358	2.4903988183161005	23.52	1.3492294067647412	4.439355385920272	2.1379310344827585	0.4194977843426883	0.7439100346020766	0.6437883657813237	0.6751231136009883	0.16248153618906944	0.8851208313772018	662	459	50
15-14_en_professional	en	14.64102564102564	1.9719789842381787	13.389352014010512	11.236149364587545	0.4308231173380035	0.15586690017513136	0.7145359019264448	0.014010507880910683	0.005253940455341506	0.9743589743589743	0.7145859919809266	4.82051282051282	2.0168539325842696	0.004351800849562172	4.59600914893617e-05	0.005769032656845575	1.4273204903677759	23.923076923076923	1.2548035984780201	4.573700954400849	2.191256830601093	0.46935201401050786	0.7387288135593225	0.4653432049795317	0.7482220354846072	0.15236427320490367	0.9041591307697958	557	376	39
15-15_en_professional	en	12.638297872340425	1.867003367003367	11.369575900852496	10.136355727487642	0.44107744107744107	0.14983164983164984	0.7154882154882155	0.013468013468013467	0.005050505050505051	0.9361702127659575	0.7113487978621239	4.354166666666667	2.2254335260115607	0.004553349132022896	5.688189389312977e-05	0.005892255892255892	1.7828282828282829	19.020833333333332	1.1723564648639064	4.713203463203463	2.1604938271604937	0.4208754208754209	0.7017979797979801	0.49757049495624217	0.666462525955139	0.15993265993265993	0.8869243767027492	583	393	48
15-17_en_professional	en	12.741935483870968	1.9063291139240506	11.874038383013474	10.646945283789304	0.44050632911392407	0.1569620253164557	0.7215189873417721	0.002531645569620253	0.002531645569620253	1.0	0.7523075881704914	4.096774193548387	2.4285714285714284	0.004709158579037974	5.1831694552529184e-05	0.007911392405063292	1.5316455696202531	19.419354838709676	1.1971568603516598	4.694078947368421	2.2755905511811023	0.4582278481012658	0.703817567567567	-1	0.6491336833145873	0.16962025316455695	0.8930904860164373	382	257	31
15-18_en_professional	en	16.551020408163264	1.8828606658446363	13.082653816150387	10.629765877349707	0.4081381011097411	0.1220715166461159	0.6942046855733662	0.01972872996300863	0.004932182490752158	0.9591836734693877	0.7264465139945373	4.836734693877551	2.004	0.004159224931196846	5.802876580516899e-05	0.006051057222450564	1.4895191122071516	24.612244897959183	1.2276125491946908	4.707337180544106	2.0497925311203318	0.33908754623921084	0.6925983146067416	0.5772379215773409	0.6125495537257523	0.17139334155363747	0.8595820307242221	791	503	49
15-20_en_professional	en	14.024096385542169	1.6769759450171822	9.667713741564196	8.213823761023475	0.4372852233676976	0.1211340206185567	0.6898625429553265	0.018900343642611683	0.010309278350515464	0.963855421686747	0.7313257593597793	4.554216867469879	1.9684813753581663	0.005009991843960481	6.59994229226361e-05	0.004047116300252556	2.2577319587628866	20.542168674698797	1.157959571778235	4.427077280650784	1.9858490566037736	0.3556701030927835	0.7089577464788722	0.7199321884804561	0.8344785093080858	0.15378006872852235	0.8765425869390804	1109	698	83
15-21_en_professional	en	15.071428571428571	2.0	13.887857142857143	10.92958740690589	0.36018957345971564	0.14691943127962084	0.6303317535545023	0.014218009478672985	0.009478672985781991	1.0	0.7327988317536811	4.642857142857143	2.169491525423729	0.0064887511924170615	5.993555041322314e-05	0.012266517981600224	0.4597156398104265	22.714285714285715	1.3033017152428703	4.793103448275862	2.0454545454545454	0.5829383886255924	0.7231249999999999	-1	-1	0.13744075829383887	0.9312141713017389	207	121	14
15-22_en_professional	en	13.652173913043478	1.8964968152866242	12.113010246469123	11.480430102464691	0.482484076433121	0.11942675159235669	0.7261146496815286	0.01592356687898089	0.0	0.9347826086956522	0.6986821955389205	4.521739130434782	2.2216216216216216	0.004799103282484077	4.947582917647059e-05	0.00671685002895194	1.7707006369426752	22.717391304347824	1.369839092668124	4.476908576814326	2.0736842105263156	0.40605095541401276	0.6820226843100189	0.43647765452726794	0.6422566129995695	0.1321656050955414	0.8754526277889686	616	425	46
15-23_en_professional	en	13.142857142857142	2.0081521739130435	13.231909937888197	11.21634440993789	0.4320652173913043	0.12228260869565218	0.6983695652173914	0.010869565217391304	0.010869565217391304	1.0	0.7209468387744964	4.571428571428571	2.036363636363636	0.0045951078456521735	5.934244135021097e-05	0.008237092391304348	1.002717391304348	20.321428571428573	1.268635190141161	4.683478260869565	2.0714285714285716	0.5271739130434783	0.7459851301115243	-1	0.7785357495459463	0.16847826086956522	0.916346046818732	363	237	28
15-24_en_professional	en	15.178571428571429	1.983529411764706	13.73528991596639	10.91343361344538	0.4194117647058824	0.11764705882352941	0.69	0.011764705882352941	0.0035294117647058825	0.8839285714285714	0.7063832882477846	4.464285714285714	1.9334600760456273	0.004875920992058824	6.230174883068289e-05	0.00263000852514919	3.0288235294117647	24.75	1.2679148166419474	4.5796634443250985	2.172173913043478	0.2952941176470588	0.6466146158650853	0.6498304074341497	0.7221331224888042	0.15764705882352942	0.860836650837925	1665	1069	112
15-25_en_professional	en	13.056962025316455	1.7377605428986913	10.007789596077977	8.600814307540327	0.420261754726127	0.11682016480853126	0.6980126030053321	0.014541929229277752	0.006301502666020358	0.7658227848101266	0.6922432875662357	4.69620253164557	1.858433734939759	0.004999334350800737	6.932918524212145e-05	0.0024338240528255072	3.1720794958797867	18.803797468354432	1.1636466232737792	4.633410672853828	2.1081504702194356	0.2956858943286476	0.6568024439918599	0.7292570100556962	0.7830174002985267	0.15899175957343675	0.8660851574577757	2026	1301	158
15-27_en_professional	en	16.333333333333332	1.8440816326530611	12.540163265306123	10.749965986394557	0.37387755102040815	0.1926530612244898	0.6979591836734694	0.005714285714285714	0.010612244897959184	0.88	0.6762665318852437	4.7368421052631575	2.069832402234637	0.004202574332408163	4.436005824742268e-05	0.0030147504546373005	2.6644897959183673	26.276315789473685	1.3195780090401115	4.405378486055777	2.1666666666666665	0.31265306122448977	0.6422291296625224	0.5869915519515928	0.6836375722744947	0.15020408163265306	0.8625881199400568	1208	776	76
15-28_en_professional	en	14.682926829268293	1.904485049833887	12.609265051454503	10.932061777813791	0.3911960132890365	0.10382059800664452	0.6885382059800664	0.027408637873754152	0.0049833887043189366	0.8048780487804879	0.7322501361718259	4.390243902439025	1.7777777777777777	0.004454426590946844	6.721494590604027e-05	0.0032729186539916452	2.590531561461794	23.75609756097561	1.3270212965276689	4.410504844467108	1.969620253164557	0.3122923588039867	0.6801176470588242	0.5306884909510152	0.6850314850653672	0.19186046511627908	0.8624604720234698	1171	745	82
15-29_en_professional	en	14.830188679245284	1.7608142493638677	10.9713817273993	9.589365816889913	0.3619592875318066	0.10432569974554708	0.6564885496183206	0.013358778625954198	0.006361323155216285	0.7924528301886793	0.7644596610316137	4.509433962264151	1.9251700680272108	0.005647785164694657	5.092950591456736e-05	0.0030546353641557446	2.262086513994911	23.70754716981132	1.29204023801118	4.2601658112909595	2.0397489539748954	0.24681933842239187	0.6243109300746751	0.48472368966201823	0.5290630491453225	0.20674300254452926	0.8381919008736292	1519	913	106
15-30_en_professional	en	16.3625	1.7265087853323147	11.164178666921313	10.070428029029793	0.4484339190221543	0.11688311688311688	0.693659281894576	0.01757066462948816	0.009167303284950344	0.9	0.7051938973885765	4.819277108433735	2.053435114503817	0.004744197458976318	5.499041406451613e-05	0.003913080383668619	1.5790679908326968	24.96385542168675	1.263516611787581	4.434512428298279	1.9120879120879122	0.3093964858670741	0.6121652892562001	0.5987164122380872	0.6782609079516295	0.1466768525592055	0.8702960132128307	1212	775	83
15-32_en_professional	en	6.04	2.0860927152317883	11.381494039735102	12.520119788079471	0.5298013245033113	0.10596026490066225	0.7748344370860927	0.006622516556291391	0.006622516556291391	0.76	0.61792855049434	2.56	2.1	0.005008383664238411	6.790119017857143e-05	0.017029328287606435	0.3973509933774834	9.64	1.3742409472880062	4.552941176470588	2.339622641509434	0.6754966887417219	0.7088461538461538	-1	-1	0.1456953642384106	0.9339239803727523	150	112	25
15-34_en_professional	en	11.283018867924529	1.9849498327759196	12.23278538524642	10.840032460402602	0.4765886287625418	0.13210702341137123	0.7274247491638796	0.0	0.0	0.9056603773584906	0.6972714570619103	4.452830188679245	1.7393364928909953	0.0042391647650501674	4.6650683879093196e-05	0.006038647342995169	1.451505016722408	19.50943396226415	1.2715057512270327	4.396931927133269	2.1137440758293837	0.4197324414715719	0.6996793587174351	0.3964375996885042	0.7353738293558328	0.12040133779264214	0.8895499098675426	582	397	53
15-35_en_professional	en	18.958333333333332	1.8989010989010988	14.21078296703297	11.267360805860807	0.378021978021978	0.11208791208791209	0.654945054945055	0.008791208791208791	0.002197802197802198	0.9166666666666666	0.7755306850959024	5.5	2.0546875	0.005194563775384615	4.258935890909091e-05	0.0066457352171637885	1.156043956043956	28.708333333333332	1.2816737496723671	4.814492753623188	2.0	0.45274725274725275	0.6423595505617977	-1	0.6957291460111533	0.1956043956043956	0.8967701397883525	446	275	24
15-36_en_professional	en	11.319148936170214	1.8909774436090225	11.13800191969285	9.280456438969766	0.40601503759398494	0.12030075187969924	0.6823308270676691	0.0	0.005639097744360902	0.8723404255319149	0.7649609621164537	3.851063829787234	1.90625	0.005585913995488722	6.293954234234234e-05	0.006944444444444444	0.6334586466165414	16.76595744680851	1.2106664294378378	4.982587064676617	2.372549019607843	0.4943609022556391	0.6777829099307173	0.9392519627028949	0.9839017005116988	0.15037593984962405	0.9181453110809139	528	333	47
15-37_en_professional	en	12.333333333333334	1.805019305019305	10.519227799227803	8.68634182754183	0.38223938223938225	0.14864864864864866	0.696911196911197	0.03088803088803089	0.005791505791505791	0.9523809523809523	0.7415156233013666	4.071428571428571	2.1390728476821192	0.004747449201351351	0.00010629024376996805	0.007420366795366795	0.694980694980695	17.428571428571427	1.2195013980699163	4.855245683930943	2.1134751773049647	0.5038610038610039	0.7304773269689745	-1	0.8393426112212404	0.15057915057915058	0.9167545915772151	499	313	42
15-38_en_professional	en	14.980392156862745	1.7552356020942408	10.964133045888513	8.938465024124834	0.4397905759162304	0.14659685863874344	0.7277486910994765	0.024869109947643978	0.002617801047120419	0.9607843137254902	0.6883064718177947	4.647058823529412	2.548223350253807	0.004202641243455497	5.375863636363636e-05	0.006452649949481032	1.2696335078534031	22.745098039215687	1.2277776739795832	4.64176570458404	2.104265402843602	0.387434554973822	0.6415338345864665	0.6029779849118371	0.8578787086090727	0.13743455497382198	0.8698415652026044	742	506	51
15-39_en_professional	en	17.25531914893617	1.8705302096177558	13.211830941574629	10.570138683527036	0.35018495684340323	0.10110974106041924	0.6769420468557337	0.027127003699136867	0.006165228113440197	0.851063829787234	0.72568406971767	4.9787234042553195	2.044642857142857	0.004936731067694204	7.724227586912066e-05	0.004296977169973471	1.473489519112207	24.851063829787233	1.2022853043049977	4.970313825275658	1.9403669724770642	0.4155363748458693	0.7191713483146084	0.7138034297536048	0.7686426782091227	0.19112207151664612	0.8942199808926425	787	489	47
15-40_en_professional	en	12.703703703703704	1.8527696793002915	11.227126660187885	9.563097160133895	0.39504373177842567	0.13702623906705538	0.6924198250728864	0.056851311953352766	0.0029154518950437317	0.8888888888888888	0.7313368414690639	3.7777777777777777	2.009259259259259	0.0051391687800291545	5.568964686716792e-05	0.005445844105836405	1.1895043731778425	20.796296296296298	1.2880100232916034	4.370925110132158	1.9424460431654675	0.44752186588921283	0.6961839863713799	0.48210790323360353	0.8026181410973525	0.11370262390670553	0.9043471856289005	641	399	54
15-41_en_professional	en	9.755555555555556	1.8314350797266514	9.825600607441153	9.24731339913946	0.4510250569476082	0.16173120728929385	0.7380410022779044	0.03644646924829157	0.0	0.8222222222222222	0.7474275928266281	3.391304347826087	2.183206106870229	0.0036325256644646926	6.91827506993007e-05	0.00917489243229562	1.1594533029612757	14.543478260869565	1.2733558579404678	4.711594202898551	2.0875	0.4715261958997722	0.6809705882352942	-1	0.8072554384045068	0.0888382687927107	0.8893997886929859	421	286	46
15-42_en_professional	en	15.461538461538462	1.8922056384742951	12.768026533996686	10.225857456308203	0.38474295190713104	0.12769485903814262	0.648424543946932	0.01658374792703151	0.001658374792703151	0.9230769230769231	0.7359947118748535	4.325	2.1149425287356323	0.007956291128026535	4.830243610315187e-05	0.007382442625581768	0.5439469320066335	21.75	1.1872087435137884	4.940976163450625	2.092857142857143	0.46102819237147596	0.6646031746031752	0.8537355272653065	0.8924312738321483	0.13764510779436154	0.9164662853540834	593	349	40
15-43_en_professional	en	15.32	1.843342036553525	12.136236031331595	10.374597994778068	0.4046997389033943	0.15926892950391644	0.7232375979112271	0.018276762402088774	0.0	0.88	0.7554979406953092	4.92	2.104761904761905	0.004313435318276763	7.134368008298755e-05	0.007760371337394836	0.8276762402088773	23.04	1.1493900533314334	4.804459691252144	2.0672268907563027	0.4621409921671018	0.6674295774647894	-1	0.9780060590766668	0.1279373368146214	0.8916189947454298	375	241	25
15-44_en_professional	en	15.08695652173913	1.9236311239193085	12.992760305726105	10.908072271645159	0.3645533141210375	0.14265129682997119	0.6743515850144092	0.011527377521613832	0.008645533141210375	0.8695652173913043	0.7661957741998486	4.6521739130434785	1.9644670050761421	0.005658856380259366	6.307732668269231e-05	0.00470338752650753	1.2622478386167146	22.956521739130434	1.3324872499648956	4.899436090225564	2.139393939393939	0.4668587896253602	0.7007058823529407	0.8478330209287371	0.9383960077585568	0.1729106628242075	0.9194937565419112	684	416	46
15-5_en_professional	en	9.0	2.011111111111111	11.651111111111113	10.530355555555555	0.5111111111111111	0.13333333333333333	0.7666666666666667	0.0	0.0	1.0	0.7661340852130326	3.7	2.1	0.005138848723333334	4.7672779365079364e-05	0.02638888888888889	0.25555555555555554	12.3	1.0624675324675326	5.147286821705427	2.1818181818181817	0.7777777777777778	0.7777777777777778	-1	-1	0.12222222222222222	0.9536845841416234	90	63	10
15-6_en_professional	en	13.691780821917808	1.9874937468734368	13.202220733654503	13.368452846971431	0.6533266633316658	0.16408204102051024	0.8904452226113057	0.01900950475237619	0.0010005002501250625	0.8561643835616438	0.6332538728741484	3.886904761904762	2.6230366492146597	0.002267314613064032	4.4656783623468734e-05	0.0024129711914780915	10.04552276138069	28.297619047619047	1.6013876857277831	3.560084033613445	2.340440165061898	0.3811905952976488	0.7357421052631483	0.6849480455162616	0.7149307315359267	0.05102551275637819	0.8754094127309913	1795	1551	168
15-7_en_professional	en	16.394736842105264	1.8234349919743178	12.320480273718005	10.820357303370788	0.3996789727126806	0.11396468699839486	0.6869983948635634	0.052969502407704656	0.006420545746388443	0.9736842105263158	0.7356648093397488	4.7631578947368425	2.0211640211640214	0.005347252491492776	6.895432964959568e-05	0.00682182985553772	1.2712680577849118	26.31578947368421	1.3024967733189954	4.447864945382324	1.8425196850393701	0.38202247191011235	0.6689312977099242	0.6133115567559848	0.7131435410005778	0.14446227929373998	0.8670932230908598	586	371	38
15-8_en_professional	en	7.877419354838709	2.1760851760851763	13.15999862619218	12.086592640617157	0.47583947583947583	0.1457821457821458	0.76003276003276	0.009828009828009828	0.002457002457002457	0.6193548387096774	0.6426654480995344	2.8967741935483873	1.8083140877598152	0.00401229821998362	4.7305728354725784e-05	0.003084165246327409	2.6011466011466013	13.716129032258065	1.4796705854077685	4.502503413746017	2.212058212058212	0.4168714168714169	0.6978342245989302	0.7905199384110809	0.8378796066210112	0.13185913185913187	0.8971909224035416	1199	857	155
15-9_en_professional	en	13.28888888888889	2.1103678929765888	14.495007803790415	11.954979145299145	0.3712374581939799	0.17391304347826086	0.7023411371237458	0.005016722408026756	0.0033444816053511705	0.9333333333333333	0.720064017729658	4.413043478260869	1.9257142857142857	0.0042559576403010035	5.792446187989556e-05	0.006641184902054467	0.7625418060200669	18.41304347826087	1.1429321707938886	5.249130938586327	2.2138364779874213	0.4916387959866221	0.7479559118236474	0.8035533433215855	0.8827721480240519	0.16722408026755853	0.9149942326199224	595	383	46
16-1_en_professional	en	15.247191011235955	1.9668386145910095	13.565100146555935	11.526754802811888	0.39277818717759766	0.1451731761238025	0.6794399410464259	0.008843036109064112	0.0036845983787767134	0.7528089887640449	0.6556731681728732	4.6	2.0124688279301743	0.005832246294546794	5.981147213302752e-05	0.003149288802992172	2.4723655121591745	24.522222222222222	1.3728656905942855	4.562696629213483	2.0802139037433154	0.3050847457627119	0.65789348171701	0.5793359865961605	0.651653294372895	0.15622697126013266	0.8617622513054015	1343	872	90
16-100_en_professional	en	13.65	1.8864468864468864	11.993573260073262	10.272115164835167	0.3956043956043956	0.14652014652014653	0.663003663003663	0.003663003663003663	0.007326007326007326	0.95	0.7083523168964596	5.35	1.875	0.006071229096336996	4.728109112426035e-05	0.010410641989589358	0.43223443223443225	22.45	1.403387495093351	4.265350877192983	2.183098591549296	0.5677655677655677	0.6820689655172414	-1	-1	0.1391941391941392	0.9266440636104544	269	169	20
16-101_en_professional	en	13.168674698795181	1.9057639524245196	12.033797771139454	10.540260781093266	0.41537053979871913	0.13174748398902103	0.6779505946935042	0.023787740164684355	0.0036596523330283625	0.9036144578313253	0.7313067338306678	4.481927710843373	1.8403361344537814	0.005762120902927722	6.921454933530281e-05	0.003001256936665783	3.5709057639524246	20.63855421686747	1.3232364427742247	4.598840579710145	2.1009771986970684	0.39524245196706315	0.7270221327967782	0.6780897214919365	0.7436704270254856	0.1344922232387923	0.8943294887908138	1056	677	83
16-102_en_professional	en	14.875	2.0168067226890756	14.009569327731093	11.078906722689077	0.3865546218487395	0.11764705882352941	0.680672268907563	0.0	0.008403361344537815	1.0	0.7747563189498674	4.75	2.057142857142857	0.004959737296638655	3.307860684931507e-05	0.018907563025210083	0.14285714285714285	25.0	1.4315344551282052	4.323383084577115	2.2058823529411766	0.7142857142857143	0.7475	-1	-1	0.2184873949579832	0.9542904713081735	118	73	8
16-103_en_professional	en	16.609375	1.8137347130761994	12.289725864299154	9.05074225070555	0.3791157102539981	0.09125117591721543	0.6218250235183443	0.012229539040451553	0.005644402634054563	0.921875	0.7369755644979857	5.09375	1.7357357357357357	0.006678360500752587	8.173345967479675e-05	0.003683596096521552	2.4016933207902165	24.40625	1.2792573623828594	4.6369426751592355	2.163090128755365	0.3198494825964252	0.682593360995848	0.5051820933898615	0.6214478362176714	0.17685794920037629	0.8718080456187702	1046	615	64
16-105_en_professional	en	18.074074074074073	1.784153005464481	12.511894353369765	9.314683272616879	0.36065573770491804	0.11065573770491803	0.6318306010928961	0.029371584699453553	0.008879781420765027	0.8148148148148148	0.7357339461379899	5.209876543209877	1.8072562358276645	0.005975527036475409	6.682810082938388e-05	0.003009733606557377	2.057377049180328	27.74074074074074	1.3496967917846476	4.398933807196801	1.973753280839895	0.31830601092896177	0.6812234432234452	0.6245857793413178	0.7256997277359053	0.17349726775956284	0.8764066786542319	1419	844	81
16-107_en_professional	en	9.222222222222221	1.927710843373494	10.753654618473899	10.349244712182061	0.46987951807228917	0.10843373493975904	0.7349397590361446	0.012048192771084338	0.0	1.0	0.7496663059163058	4.0	1.878787878787879	0.0066545958759036145	4.713317321428571e-05	0.024096385542168676	0.04819277108433735	15.777777777777779	1.6567529935950989	4.4206896551724135	2.0869565217391304	0.7349397590361446	0.7349397590361446	-1	-1	0.12048192771084337	0.9617050405354505	82	56	9
16-108_en_professional	en	16.28985507246377	1.7669039145907472	11.612509670431688	9.442960921140854	0.3790035587188612	0.12188612099644128	0.6832740213523132	0.03825622775800712	0.004448398576512456	0.9565217391304348	0.6947803605019681	4.942028985507246	1.8529411764705883	0.005442780395996442	7.894109942028985e-05	0.003113879003558719	2.2402135231316724	25.681159420289855	1.3605920945680172	4.401468097120271	1.8885714285714286	0.37277580071174377	0.6871414634146311	0.6106108083582183	0.7016564494846994	0.15391459074733096	0.8935164785081198	1080	690	69
16-109_en_professional	en	16.666666666666668	1.803157894736842	12.187263157894737	9.28322456140351	0.38526315789473686	0.11263157894736842	0.6452631578947369	0.028421052631578948	0.00631578947368421	0.9298245614035088	0.7559730522179938	5.228070175438597	1.819112627986348	0.005840118045473684	6.72591619389587e-05	0.003335447051363348	2.305263157894737	25.75438596491228	1.3048381896662458	4.389152542372881	1.934065934065934	0.4031578947368421	0.7078260869565243	0.6116245123024756	0.7401730756615692	0.16526315789473683	0.907317216950563	917	557	57
16-110_en_professional	en	12.482758620689655	1.7209944751381216	9.586010668698805	7.321592379500858	0.4005524861878453	0.09668508287292818	0.6795580110497238	0.049723756906077346	0.0027624309392265192	0.9310344827586207	0.7208712086233094	4.793103448275862	1.8053097345132743	0.006067282996961326	8.283350424528302e-05	0.00886279926335175	0.505524861878453	19.20689655172414	1.3275109847345112	4.220640569395018	1.853448275862069	0.5414364640883977	0.7366159695817494	-1	0.981888524038692	0.1464088397790055	0.9316442097414559	338	212	29
16-111_en_professional	en	16.434782608695652	1.6851851851851851	10.70475040257649	8.748636392914655	0.4126984126984127	0.10317460317460317	0.6455026455026455	0.03439153439153439	0.0026455026455026454	1.0	0.7664068700164958	5.826086956521739	1.8492063492063493	0.006480034330952381	7.323134136363636e-05	0.0070242656449553	0.5608465608465608	26.565217391304348	1.3313112648226846	4.1911764705882355	1.7851239669421488	0.5079365079365079	0.7160573476702511	-1	0.9114847831060745	0.1349206349206349	0.927751548089293	360	220	23
16-112_en_professional	en	14.636363636363637	1.6314699792960663	9.369527573875406	7.915326293995859	0.42650103519668736	0.09523809523809523	0.6997929606625258	0.055900621118012424	0.002070393374741201	0.9090909090909091	0.7243867140171951	5.121212121212121	1.7974683544303798	0.005720589325465838	7.037376458333333e-05	0.0069703243616287104	0.46790890269151136	24.727272727272727	1.3520714504159932	4.0	1.8031088082901554	0.5093167701863354	0.7115104166666679	-1	0.9540862032277322	0.14492753623188406	0.9302304293913891	450	288	33
16-113_en_professional	en	15.083333333333334	1.7580110497237569	11.037030386740334	8.464204051565376	0.37458563535911604	0.11823204419889503	0.6640883977900552	0.022099447513812154	0.0033149171270718232	0.8833333333333333	0.7037150528165146	5.1	1.823943661971831	0.006202105001436464	6.338297282809613e-05	0.003486110030347833	1.7348066298342542	24.05	1.4142035351394495	4.303867403314917	1.9925093632958801	0.42320441988950275	0.7028660049627797	0.7159895310467144	0.807245447185335	0.17569060773480663	0.9115191668162059	876	541	60
16-114_en_professional	en	16.21301775147929	1.7072992700729928	10.879208309938239	8.616955254178723	0.3715328467153285	0.11569343065693431	0.6558394160583941	0.035036496350364967	0.005474452554744526	0.8224852071005917	0.7410728123994195	4.792899408284024	1.9070631970260223	0.005732862966441606	7.553765796632124e-05	0.0019056638639933475	3.065693430656934	24.792899408284022	1.3116007470809004	4.367933491686461	1.9172185430463575	0.2748175182481752	0.6650246118894412	0.6463689799724043	0.6910376257676105	0.16094890510948906	0.8757292451257994	2572	1544	169
16-115_en_professional	en	13.044776119402986	1.7265446224256293	9.87068923118959	7.848660937873561	0.41876430205949655	0.11327231121281464	0.6601830663615561	0.006864988558352402	0.006864988558352402	0.9253731343283582	0.6707284528831626	4.318840579710145	1.8277027027027026	0.006260558854118993	4.260471254681648e-05	0.004880577803203661	1.3890160183066362	20.130434782608695	1.302903832596031	4.324749642346209	2.126637554585153	0.37643020594965676	0.6383870967741927	0.7577598042864172	0.9295851192621263	0.15102974828375287	0.8872297503305636	853	534	69
16-116_en_professional	en	16.23076923076923	1.4407582938388626	7.740947867298576	6.2009647101713465	0.3412322274881517	0.09004739336492891	0.6445497630331753	0.08530805687203792	0.0	0.7692307692307693	0.7557081807081807	4.615384615384615	2.1	0.00667193305450237	0.00010462310964912281	0.015007898894154818	0.5260663507109005	24.692307692307693	1.3028016108511464	3.8193146417445485	1.735632183908046	0.4028436018957346	0.6028571428571433	-1	-1	0.16113744075829384	0.8499119567297031	194	114	13
16-117_en_professional	en	17.32967032967033	1.7444514901712111	11.753099012591722	8.809496148619928	0.409004438807863	0.11540900443880786	0.6601141407736208	0.015218769816106531	0.003804692454026633	0.8681318681318682	0.7119768922985059	5.274725274725275	1.8125	0.005917612678630311	5.7768917932489446e-05	0.002647794875766626	3.6277742549143945	26.945054945054945	1.2956644355421305	4.37041564792176	1.9838337182448036	0.2878883956880152	0.6768267929634649	0.5993312540035353	0.67973529149816	0.140139505389981	0.8643054273696386	1546	948	91
16-118_en_professional	en	12.487179487179487	1.517453798767967	7.185954825462012	5.862568935923761	0.3860369609856263	0.08624229979466119	0.6960985626283368	0.08418891170431211	0.008213552361396304	0.9487179487179487	0.7081497701416708	4.205128205128205	1.8656716417910448	0.005105607164887064	0.00011236377032967034	0.007880570508907265	0.5811088295687885	19.46153846153846	1.4758234134320358	3.8993548387096775	1.8290155440414508	0.4086242299794661	0.5970876288659788	-1	0.6626311938904508	0.12320328542094455	0.8783810428259298	447	273	39
16-119_en_professional	en	12.25	1.7210884353741496	9.496343537414965	8.743744217687077	0.41496598639455784	0.10204081632653061	0.6598639455782312	0.027210884353741496	0.0	0.9166666666666666	0.6605107014197923	4.416666666666667	1.8085106382978724	0.006441061215646258	6.191443e-05	0.017384731670445953	0.4421768707482993	19.333333333333332	1.3348890859227602	4.2703862660944205	1.9130434782608696	0.5238095238095238	0.6016666666666666	-1	-1	0.1836734693877551	0.8905561521090628	140	90	12
16-120_en_professional	en	15.578947368421053	1.8581081081081081	12.411465149359888	10.104597297297298	0.41216216216216217	0.0945945945945946	0.6418918918918919	0.0033783783783783786	0.006756756756756757	0.9473684210526315	0.6922950522470421	5.105263157894737	1.7326732673267327	0.005874064822297297	4.486546553672317e-05	0.008737185461323392	0.4797297297297297	24.68421052631579	1.3169414805425361	4.403846153846154	1.9726027397260273	0.5101351351351351	0.7113705583756341	-1	-1	0.19932432432432431	0.9200224454151901	291	177	19
16-122_en_professional	en	13.551724137931034	1.6310432569974556	8.94148284636308	7.8556065455821695	0.4122137404580153	0.089058524173028	0.6513994910941476	0.04580152671755725	0.005089058524173028	0.9655172413793104	0.7273247088457088	4.620689655172414	1.8264462809917354	0.005962835575572519	6.031169497716895e-05	0.009064885496183207	0.727735368956743	21.03448275862069	1.3864937130191306	4.092233009708738	1.90625	0.46564885496183206	0.6566326530612253	-1	0.7201544514117574	0.15012722646310434	0.9032231698688714	367	219	29
16-124_en_professional	en	11.421052631578947	1.7788018433179724	9.854072277467868	7.743724423963135	0.37327188940092165	0.12672811059907835	0.652073732718894	0.03917050691244239	0.002304147465437788	0.9210526315789473	0.7091872172131968	4.526315789473684	1.7357142857142858	0.005124766075806452	7.97745016064257e-05	0.007373271889400922	0.7626728110599078	19.63157894736842	1.530429055210665	4.014588859416445	2.033333333333333	0.4377880184331797	0.6640298507462693	-1	0.8782214134770907	0.14746543778801843	0.8890469697677837	412	249	38
16-125_en_professional	en	12.833333333333334	1.6961038961038961	9.42902597402598	8.188265800865803	0.44155844155844154	0.07272727272727272	0.6493506493506493	0.03636363636363636	0.007792207792207792	0.9666666666666667	0.6952483870578615	4.7	1.6771653543307086	0.00580877209064935	4.707679859813084e-05	0.010153482880755607	0.6181818181818182	19.933333333333334	1.371240691283261	4.165837479270315	1.9	0.43896103896103894	0.604615384615385	-1	0.8689729371713728	0.14805194805194805	0.8906345238466498	355	214	30
16-126_en_professional	en	14.84	1.986522911051213	13.638570350404315	12.39813479245283	0.40431266846361186	0.1752021563342318	0.7035040431266847	0.005390835579514825	0.005390835579514825	0.84	0.67928165671182	4.84	2.0353982300884956	0.0049674656288409705	6.124770125000001e-05	0.00761748505801008	0.5741239892183289	24.16	1.4868601481564498	4.594108019639934	2.146067415730337	0.5849056603773585	0.7493382352941174	-1	0.7923729533151247	0.15363881401617252	0.9434089833973749	367	240	25
16-127_en_professional	en	15.175	1.7627677100494235	11.128908978583198	9.320716891817682	0.37616694124107636	0.13783635365183966	0.6589785831960461	0.019220208676551345	0.0054914881933003845	0.9416666666666667	0.6986177231432485	4.85	1.7841105354058722	0.005464852541311916	6.809786227657573e-05	0.0024940508877905913	2.2509610104338273	23.941666666666666	1.363724109648441	4.410017271157168	1.9895833333333333	0.3086216364634816	0.6618060394889634	0.6566375727396033	0.7345513735990244	0.1455244371224602	0.8801161899038974	1760	1063	120
16-128_en_professional	en	14.619834710743802	1.8089315997738835	11.457128414521907	9.381742751426076	0.3866591294516676	0.12775579423403052	0.6659129451667609	0.022046353872244205	0.007348784624081402	0.8842975206611571	0.7016294726539698	5.016393442622951	1.784560143626571	0.005112799562588983	8.774979803738318e-05	0.0024891044694469264	3.1175805539853023	22.295081967213115	1.286067217438453	4.604227405247814	2.0173076923076922	0.3148671565856416	0.6962934131736502	0.7193540102027524	0.80266747187977	0.1622385528547202	0.8767783803352872	1716	1070	122
16-13_en_professional	en	15.619047619047619	1.6577743902439024	10.063166376306622	8.649241042392568	0.3696646341463415	0.10823170731707317	0.6516768292682927	0.039634146341463415	0.006097560975609756	0.9523809523809523	0.7552194804832606	4.7976190476190474	1.7777777777777777	0.005272070870868902	7.455956688829788e-05	0.0029117566456563445	2.0785060975609757	24.952380952380953	1.3082017843058071	4.176330798479087	1.899357601713062	0.3620426829268293	0.7077246496290197	0.6718076606225895	0.8012521434941953	0.14786585365853658	0.9004705988448187	1247	752	84
16-130_en_professional	en	12.790123456790123	1.9092664092664093	11.927491777491781	10.18386578483245	0.3918918918918919	0.13223938223938225	0.6727799227799228	0.017374517374517374	0.004826254826254826	0.8765432098765432	0.6757486605500201	4.45679012345679	1.6638176638176638	0.0048091201068339775	6.468337196261681e-05	0.0036400427966693026	2.5067567567567566	20.123456790123456	1.3064611377883995	4.52471018913972	2.0145985401459856	0.36486486486486486	0.6638207043756665	0.5707206587407088	0.6495912904548208	0.15347490347490347	0.8888738030324751	1016	642	81
16-131_en_professional	en	14.406976744186046	1.9523809523809523	13.066816168327797	10.941142718246146	0.38256658595641646	0.14285714285714285	0.6626311541565779	0.005649717514124294	0.003228410008071025	0.872093023255814	0.6808767123647915	4.9186046511627906	1.7925925925925925	0.00568369747425343	5.313573797634691e-05	0.0034615729530983767	2.307506053268765	23.546511627906977	1.3464282703673438	4.5703740157480315	2.111842105263158	0.2929782082324455	0.656122807017547	0.5729208187185898	0.7610536513472054	0.16707021791767554	0.8611979739225379	1226	761	86
16-133_en_professional	en	14.733333333333333	1.6400658165364048	9.508776635129578	8.478997455093925	0.45824763471822294	0.10201563142739613	0.7038255861785273	0.04319210201563143	0.010283833813245578	0.8242424242424242	0.710768771061524	4.3125	1.8203821656050956	0.004698998759236075	6.803210027739251e-05	0.0024583259877377526	3.7523652817770463	24.411428571428573	1.3578760585597145	3.9222557437920633	1.905149051490515	0.2492801316330728	0.6451972555746085	0.5852761749324015	0.630680762193344	0.12751953928424517	0.8530024792379384	2238	1442	176
16-134_en_professional	en	16.686046511627907	1.673170731707317	10.660972773681227	8.728077708451503	0.39581881533101043	0.110801393728223	0.6501742160278746	0.01602787456445993	0.003484320557491289	0.9418604651162791	0.7315737096683238	5.186046511627907	1.8159645232815964	0.0054674476514982575	9.179099778554779e-05	0.003048780487804878	2.3693379790940767	25.1046511627907	1.2637604379112901	4.573740175681923	2.010989010989011	0.34912891986062716	0.6967065868263451	0.6778485157855765	0.7335189582442495	0.14843205574912893	0.8899510742398433	1400	858	86
16-135_en_professional	en	16.88235294117647	1.7705326032852164	11.886402365824381	9.623961367961819	0.38875062220009954	0.12344449975111996	0.6684917869586859	0.02140368342458935	0.005973120955699353	0.8823529411764706	0.7057241150665005	5.084033613445378	1.905785123966942	0.004995209768065007	7.515131552436003e-05	0.0023216952286140937	3.333997013439522	25.100840336134453	1.2312106070025925	4.665443629086058	2.0288808664259927	0.2732702837232454	0.6843141361256619	0.7326965136399446	0.7969211994767428	0.15828770532603284	0.8592964635157565	1954	1211	119
16-136_en_professional	en	15.146853146853147	1.9658356417359188	13.514133299756569	11.483389487889765	0.3975069252077562	0.14265927977839335	0.669898430286242	0.01061865189289012	0.0050784856879039705	0.8741258741258742	0.716936666013967	5.076923076923077	1.9557251908396946	0.005706720962284285	6.555130210449928e-05	0.0020198522622345335	3.9732225300092336	24.6013986013986	1.332889751617545	4.488983050847458	2.104125736738703	0.2903970452446907	0.6848330914368643	0.772389889230195	0.8248577118015369	0.15143120960295475	0.8706531643960581	2132	1378	143
16-137_en_professional	en	12.375	1.71506734006734	9.47404461279461	8.844434595959596	0.4206649831649832	0.10627104377104377	0.6752946127946128	0.02335858585858586	0.011574074074074073	0.6666666666666666	0.7325313232114138	4.064935064935065	1.8426596445029624	0.005344639248339478	6.873164219795703e-05	0.001222344456667889	6.250210437710438	19.727272727272727	1.3524430370521945	4.32176045431079	2.0513264129181086	0.22432659932659932	0.6504943047496361	0.6081415788253275	0.6267987487976241	0.15004208754208753	0.8557964075332987	4517	2839	385
16-14_en_professional	en	15.142857142857142	1.778975741239892	11.307628032345015	10.120618867924529	0.3692722371967655	0.14016172506738545	0.6752021563342318	0.014824797843665768	0.0026954177897574125	0.8979591836734694	0.719066577043677	4.714285714285714	1.7918552036199096	0.004304252436118598	7.617099677419354e-05	0.004856399293614648	1.0754716981132075	22.775510204081634	1.2402571505765907	4.738819320214669	1.990990990990991	0.40431266846361186	0.6898911353032642	0.6227444978057306	0.8747826152676977	0.1778975741239892	0.895445320446466	715	434	49
16-141_en_professional	en	12.484848484848484	1.7572815533980584	10.015013239187997	9.249833171521034	0.36650485436893204	0.1407766990291262	0.6759708737864077	0.03155339805825243	0.007281553398058253	0.9090909090909091	0.7433820064627139	4.333333333333333	2.033613445378151	0.004984063195097087	7.582861115537848e-05	0.004788172992056487	1.4004854368932038	19.21212121212121	1.2860759958532126	4.577916992952232	1.9846153846153847	0.41504854368932037	0.6976000000000003	0.6600394501911656	0.8423411417322971	0.17111650485436894	0.904386421049716	797	502	66
16-147_en_professional	en	13.59322033898305	1.9526184538653366	12.752253687814363	11.401664246164252	0.3428927680798005	0.18079800498753118	0.6795511221945137	0.028678304239401497	0.004987531172069825	0.8305084745762712	0.7573264231961455	4.610169491525424	1.8706896551724137	0.004737691930299252	5.847950763052209e-05	0.0044934832729497005	1.3915211970074812	20.864406779661017	1.305115006119513	4.8	1.9711538461538463	0.39276807980049877	0.6875960170696997	0.7670507887032538	0.7728601359035767	0.1708229426433915	0.8909589121987762	781	498	59
16-149_en_professional	en	14.369565217391305	1.7473524962178517	10.632889890153258	9.618869670459778	0.348714069591528	0.14069591527987896	0.6618759455370651	0.03479576399394856	0.0045385779122541605	0.8913043478260869	0.7832861665851182	4.010526315789473	1.9162162162162162	0.005498523013407458	7.771793315508021e-05	0.0033695502681886946	1.561270801815431	19.726315789473684	1.2348546596511332	4.782654680063459	1.890557939914163	0.3577912254160363	0.68349959116926	0.6798804458520368	0.7907477137762753	0.170196671709531	0.8882239454576418	1260	748	95
16-15_en_professional	en	14.5625	1.6609442060085837	9.68851663090129	8.262571030042919	0.38369098712446353	0.12703862660944207	0.663519313304721	0.02575107296137339	0.0068669527896995704	0.9375	0.714941964280799	4.8875	1.8857938718662952	0.005642440458529451	9.062010751445087e-05	0.003200339108779738	1.7759656652360516	21.9	1.2396552132181275	4.521391899600684	1.9681697612732096	0.41630901287553645	0.7075328330206363	0.8595533351142863	0.9180611444574435	0.16051502145922747	0.9138729806225878	1113	692	80
16-151_en_professional	en	17.66176470588235	1.6386344712739385	10.633974996326593	7.915241063819366	0.34970857618651124	0.12489592006661115	0.649458784346378	0.03996669442131557	0.005828476269775187	0.9558823529411765	0.7253087404544715	5.235294117647059	2.054054054054054	0.005689386456996669	9.746487358208955e-05	0.0038276560577628098	1.4279766860949208	25.058823529411764	1.3279287336489476	4.6606202457577535	2.0169851380042463	0.34970857618651124	0.6548729582577157	0.7816240178460688	0.9023826742220175	0.16819317235636969	0.8800681330516358	1138	670	68
16-152_en_professional	en	18.589041095890412	1.6499631540162123	11.129291244788568	8.680397914416371	0.36698599852616065	0.13411938098747236	0.6492262343404569	0.02210759027266028	0.004421518054532056	0.9178082191780822	0.6515242197649522	5.219178082191781	1.9946808510638299	0.005516530334045689	8.556428631578947e-05	0.003154678611941411	2.059690493736183	26.273972602739725	1.2714265875060349	4.645497136907861	1.799043062200957	0.3286661753868828	0.6624880763116078	0.7168647102422975	0.8448945573694036	0.1643330876934414	0.8737795130843803	1295	760	73
16-153_en_professional	en	10.984615384615385	1.9369747899159664	11.550302521008405	11.128721529842707	0.48669467787114845	0.13795518207282914	0.7492997198879552	0.0196078431372549	0.004901960784313725	0.7384615384615385	0.6937317035111813	4.020689655172414	1.6623616236162362	0.004056799703361345	4.189881658084449e-05	0.0032614444379150264	3.4348739495798317	19.655172413793103	1.545953551997611	3.831849315068493	2.1788990825688073	0.29971988795518206	0.6255831452219682	0.6061320662361244	0.6989113920566289	0.09173669467787114	0.8503994113847165	1378	971	145
16-154_en_professional	en	13.30379746835443	1.8173168411037108	11.04281973768202	9.397120911970516	0.38534728829686016	0.13986679352997144	0.6612749762131304	0.019980970504281638	0.003805899143672693	0.8354430379746836	0.724808754881977	4.69620253164557	1.6866096866096867	0.005404941727307326	6.859306056782334e-05	0.004091341579448145	1.450999048525214	20.189873417721518	1.2079281784328957	4.629652605459057	2.07942238267148	0.35014272121788775	0.6754831932773112	0.8016971951806511	0.9670990912745676	0.14843006660323502	0.8814216067639651	1030	634	79
16-156_en_professional	en	12.287878787878787	1.935881627620222	12.045675933191347	10.952702260583642	0.39827373612823674	0.1442663378545006	0.6929716399506781	0.007398273736128237	0.006165228113440197	0.8939393939393939	0.7101400678459118	4.121212121212121	1.6948529411764706	0.0040997291351418	3.829484847328244e-05	0.004969547509621492	1.6806411837237978	19.62121212121212	1.287225017437365	4.548091603053435	2.137777777777778	0.3316892725030826	0.7008005617977506	0.6315890797499641	0.8912968132782645	0.15413070283600494	0.8592037847805308	803	524	66
16-158_en_professional	en	11.175675675675675	1.8174123337363965	10.213979051602994	9.891880107193046	0.3675937122128174	0.15356711003627568	0.6844014510278114	0.032648125755743655	0.009673518742442563	0.9054054054054054	0.7140130494251055	3.824324324324324	1.865612648221344	0.005023503489600967	5.519465232323232e-05	0.004485704255568124	1.7726723095525998	18.62162162162162	1.386233686340215	4.287043664996421	1.9924242424242424	0.3978234582829504	0.7340109890109886	0.46751460671339473	0.6470659034025292	0.15114873035066506	0.889904023647345	795	495	74
16-160_en_professional	en	8.684931506849315	1.8091482649842272	9.145072814485115	10.040180484853723	0.4227129337539432	0.12460567823343849	0.7365930599369085	0.07255520504731862	0.006309148264984227	0.7671232876712328	0.7292512501895028	3.3424657534246576	1.6666666666666667	0.004286868374132492	4.528520575342466e-05	0.00506392163373734	1.7160883280757098	17.561643835616437	1.6831235346277247	3.615500376222724	1.903061224489796	0.444794952681388	0.6671028037383184	0.7646417219868877	0.6736980298225973	0.12460567823343849	0.8980355163858625	560	365	73
16-162_en_professional	en	10.483333333333333	1.521462639109698	6.451759141494435	5.528433365129837	0.48330683624801274	0.09379968203497616	0.7042925278219396	0.011128775834658187	0.001589825119236884	0.6333333333333333	0.7752034205758559	3.578125	2.163265306122449	0.006113384895389508	7.687066259351621e-05	0.0072677719736543266	1.739268680445151	15.484375	1.2116313384915285	4.113886113886114	2.287272727272727	0.35453100158982515	0.6364339622641513	1.5254248928124416	0.7450265389242008	0.11764705882352941	0.8558444656572025	606	401	64
16-163_en_professional	en	12.75	1.792717086834734	10.536561624649863	9.601449859943978	0.35294117647058826	0.11204481792717087	0.6722689075630253	0.03361344537815126	0.0056022408963585435	0.9285714285714286	0.7640713675986481	4.642857142857143	1.7636363636363637	0.006429448336694677	4.5651383732057415e-05	0.008403361344537815	0.27450980392156865	20.142857142857142	1.3162647410939383	4.293193717277487	2.0277777777777777	0.5826330532212886	0.73984496124031	-1	0.8562803129583453	0.15406162464985995	0.9488182437023635	343	209	28
16-164_en_professional	en	14.427184466019417	1.7631224764468372	10.841447163820252	9.525785135046846	0.36473755047106327	0.14602960969044415	0.6783310901749664	0.040376850605652756	0.008748317631224764	0.9223300970873787	0.7482603203963414	4.398058252427185	2.0855106888361044	0.0057613899228803655	6.431539694915254e-05	0.0026719974665505505	2.6123822341857337	21.980582524271846	1.3012810175342644	4.551754385964912	1.9143518518518519	0.3566621803499327	0.720374909877431	0.6770318571136834	0.7504018479765829	0.15208613728129206	0.8905098791447885	1425	885	103
16-165_en_professional	en	16.285714285714285	1.9210526315789473	13.42984962406015	11.137094235588973	0.3684210526315789	0.11403508771929824	0.6929824561403509	0.008771929824561403	0.0	1.0	0.8221870190260995	4.571428571428571	1.8055555555555556	0.005846895559649123	7.704687575757576e-05	0.020175438596491225	0.2631578947368421	24.857142857142858	1.4327803379416282	4.7371428571428575	2.0	0.6228070175438597	0.656	-1	-1	0.15789473684210525	0.9239904596614789	113	66	7
16-167_en_professional	en	18.35820895522388	1.6260162601626016	10.756693362456012	8.343655138939448	0.37073170731707317	0.11951219512195121	0.6650406504065041	0.04227642276422764	0.0016260162601626016	0.9701492537313433	0.7499466380239397	5.223880597014926	2.0584958217270195	0.006330416990809756	7.201408436619718e-05	0.003353658536585366	1.648780487804878	26.671641791044777	1.1984959889946485	4.564804469273743	1.8694516971279374	0.3983739837398374	0.723457117595049	0.6188697553887021	0.7010575607708651	0.15040650406504066	0.9075680448884745	1174	710	67
16-168_en_professional	en	13.814814814814815	1.727211796246649	10.178876973488237	8.232497894945885	0.4269436997319035	0.13739946380697052	0.6983914209115282	0.02613941018766756	0.0013404825737265416	0.8703703703703703	0.7315959590031142	4.62962962962963	1.896341463414634	0.005317961955898123	7.163115995850622e-05	0.0027870866845397676	3.745308310991957	22.203703703703702	1.285519463591115	4.3097713097713095	1.9938900203665988	0.3183646112600536	0.6980114860014333	0.7373772381829345	0.7443121636056029	0.1306970509383378	0.8708858642848757	1454	964	108
16-17_en_professional	en	15.385964912280702	1.7229190421892817	10.740971013623	9.9603611554542	0.4047890535917902	0.12542759407069556	0.6875712656784493	0.037628278221208664	0.004561003420752566	0.8947368421052632	0.7146660838002346	4.842105263157895	1.8248175182481752	0.0049834284775370575	9.101471021611002e-05	0.004312487208724381	2.231470923603193	23.68421052631579	1.2428531049032765	4.507737656595431	1.9798657718120805	0.3352337514253136	0.6370308483290491	0.46969334714451205	0.5499519033371154	0.14481185860889395	0.8661384238075808	831	509	57
16-170_en_professional	en	14.136363636363637	1.7411575562700965	10.46884098216896	9.107860450160771	0.387459807073955	0.11736334405144695	0.6784565916398714	0.05466237942122187	0.003215434083601286	0.9772727272727273	0.7589922315200653	4.886363636363637	1.7867298578199051	0.005140109757374438	6.814760383561643e-05	0.004593477262287551	1.8745980707395498	23.40909090909091	1.3517525034822067	4.2054001928640306	1.891566265060241	0.44855305466237944	0.7272084130019143	0.49939388575047156	0.6802942415153758	0.14790996784565916	0.9102934688968011	589	365	44
16-172_en_professional	en	14.663551401869158	1.7603569152326322	10.90099664647403	8.656057457872448	0.3722115997450606	0.12555768005098789	0.6698534098151689	0.03505417463352454	0.009560229445506692	0.8504672897196262	0.717218405069289	4.542056074766355	2.0389016018306636	0.005637422587699172	8.390663336864406e-05	0.002598843981450957	2.5493945188017846	20.1588785046729	1.1485712929850358	4.883710198431011	1.8939051918735892	0.3103887826641173	0.6543469387755134	0.6006826116619786	0.6431892680195742	0.17718291905672404	0.8717010015525646	1504	944	107
16-173_en_professional	en	15.456	1.6252587991718426	9.615893830227744	8.022027879089029	0.422360248447205	0.10507246376811594	0.6744306418219461	0.032091097308488616	0.005693581780538302	0.936	0.7478123064609844	5.0	2.0324786324786324	0.005812913162876811	7.713842063492063e-05	0.0025313793995859215	2.760869565217391	23.032	1.2021818539096265	4.4851416724257085	1.9441707717569787	0.30693581780538304	0.693076923076933	0.6443328895562733	0.683603584324349	0.15424430641821946	0.8771134325149793	1865	1197	125
16-174_en_professional	en	17.91269841269841	1.6521931767833407	10.891831866995801	8.104004060735209	0.40186087727071335	0.09968985378821445	0.6473194505981391	0.022153300841825433	0.011076650420912717	0.9365079365079365	0.7533205281473211	5.267716535433071	1.9722222222222223	0.005701879506645991	7.889306819894499e-05	0.002658396101019052	2.510412051395658	23.46456692913386	1.1059729776542908	4.874791318864775	2.0	0.2521045635799734	0.6565106580166885	0.6348591415380753	0.6878260543663102	0.16038989809481613	0.8538674977027333	2202	1327	127
16-175_en_professional	en	14.454545454545455	1.69916142557652	10.097377549075663	8.64132830188679	0.42662473794549266	0.14779874213836477	0.7117400419287212	0.02410901467505241	0.006289308176100629	0.9696969696969697	0.7170727442381243	4.984848484848484	2.1631205673758864	0.004327975451572327	7.720026231647635e-05	0.004101722723543888	1.680293501048218	19.666666666666668	1.1277529327280509	4.973241590214068	2.0961538461538463	0.42348008385744235	0.7244678362573101	0.6593594122308712	0.7577136608302417	0.1320754716981132	0.9016155109794493	928	613	66
16-179_en_professional	en	8.526315789473685	1.808641975308642	9.077238466536716	8.598933333333333	0.4506172839506173	0.1728395061728395	0.6975308641975309	0.0	0.0	0.8421052631578947	0.684306742640076	3.3157894736842106	1.7377049180327868	0.005555645083333333	5.927561057692307e-05	0.020202020202020204	0.2654320987654321	13.052631578947368	1.3444025734191938	4.43359375	2.4615384615384617	0.5987654320987654	0.7038095238095238	-1	-1	0.08641975308641975	0.9267232639698524	161	104	19
16-182_en_professional	en	15.524193548387096	1.7428571428571429	11.030149769585254	8.975299706744869	0.3974025974025974	0.08727272727272728	0.6348051948051948	0.02181818181818182	0.005194805194805195	0.7741935483870968	0.7566753384634496	5.056451612903226	1.987719298245614	0.006740028645495065	8.563635429616087e-05	0.0025614385614385615	2.4623376623376623	21.798387096774192	1.1886165363018848	4.785871964679911	2.010330578512397	0.28675324675324676	0.6895345016429493	0.5301549771079389	0.5930202705652193	0.14649350649350648	0.8678758460577004	1865	1094	124
16-183_en_professional	en	9.737864077669903	1.8265204386839482	9.760708166761852	9.184756118053606	0.38384845463609174	0.14955134596211367	0.6899302093718843	0.01296111665004985	0.00897308075772682	0.8252427184466019	0.698808153076996	3.7475728155339807	1.7545454545454546	0.0046360659222333	7.921087978056426e-05	0.0035808068751492002	1.7846460618145563	14.524271844660195	1.2612010909683706	4.5886889460154245	2.3132911392405062	0.4117647058823529	0.7130420353982352	0.6468810065671486	0.7717961440035598	0.1575274177467597	0.9030004656651665	985	638	103
16-184_en_professional	en	14.450980392156863	1.6132971506105835	9.082788730146063	7.505301614920052	0.3514246947082768	0.11668928086838534	0.6458616010854816	0.037991858887381276	0.0013568521031207597	0.9019607843137255	0.7612688973773587	4.431372549019608	1.8428571428571427	0.00596917452238806	7.805995903614457e-05	0.004698728579325594	1.1044776119402986	21.313725490196077	1.3793330447069898	4.3403284671532845	1.9362745098039216	0.3894165535956581	0.6571473354231964	0.6650762048881689	0.8314289599806393	0.16417910447761194	0.8991845650596858	704	415	51
16-186_en_professional	en	14.02	1.6390870185449358	9.219026818830244	7.927132587731812	0.369472182596291	0.12553495007132667	0.6742748454588683	0.0475511174512601	0.0023775558725630053	0.78	0.7330203928438065	4.446666666666666	1.9475357710651828	0.0055680185752894915	6.776362695722357e-05	0.002177841179267713	3.3333333333333335	21.64666666666667	1.2464369749292703	4.280551301684533	2.0476190476190474	0.2553495007132668	0.6498702594810472	0.6566763052686201	0.733354556131964	0.1431288635282929	0.8487720427103796	1985	1239	150
16-187_en_professional	en	18.912	1.6620135363790187	11.39743972927242	9.02320738138748	0.3489847715736041	0.12267343485617598	0.6556683587140439	0.04230118443316413	0.005922165820642978	0.96	0.720798078692794	5.152	1.850523168908819	0.005214077834475465	7.726132032163744e-05	0.0019946397915200018	2.420896785109983	28.712	1.2725697972360381	4.303030303030303	1.9287671232876713	0.2813028764805415	0.6719955849889733	0.6106608149184822	0.6651606237997405	0.16708967851099832	0.8728053241229285	2249	1368	125
16-188_en_professional	en	13.115942028985508	1.676243093922652	9.304885899591643	7.909410921611018	0.4176795580110497	0.09723756906077348	0.6850828729281768	0.03756906077348066	0.0022099447513812156	0.7536231884057971	0.7607987192419768	4.420289855072464	1.9924242424242424	0.005999076277237569	7.2613366969147e-05	0.004419889502762431	1.6806629834254143	20.82608695652174	1.3953280096739902	4.258953168044077	2.0945121951219514	0.32044198895027626	0.5723821339950386	0.79159941185623	0.6622014501040483	0.13370165745856355	0.858802716396091	857	551	69
16-189_en_professional	en	15.864406779661017	1.5758547008547008	9.19220411415327	7.52174889902941	0.35149572649572647	0.09508547008547008	0.6420940170940171	0.04807692307692308	0.004273504273504274	0.864406779661017	0.739562758441355	5.016949152542373	1.7851851851851852	0.005235855372115384	8.073968891013384e-05	0.003963830050786573	1.5331196581196582	23.93220338983051	1.3010138255854569	4.272984441301273	1.8192307692307692	0.3482905982905983	0.6827120669056144	0.6485714361727349	0.8460250437658328	0.16452991452991453	0.8839871356405642	885	523	59
16-19_en_professional	en	16.88888888888889	1.9983552631578947	14.577258771929824	13.249118274853801	0.4605263157894737	0.11348684210526316	0.7138157894736842	0.004934210526315789	0.003289473684210526	0.8611111111111112	0.7230096362799849	5.583333333333333	1.879396984924623	0.004445868671710526	5.645654461538461e-05	0.005538893188854489	1.513157894736842	33.27777777777778	1.3799834982520929	4.010016694490818	2.080357142857143	0.3832236842105263	0.6286640471512779	0.5984398276521325	0.5112328086109221	0.14638157894736842	0.8694700336188309	600	390	36
16-190_en_professional	en	13.818181818181818	1.855263157894737	11.691196172248809	10.733031578947369	0.32894736842105265	0.21052631578947367	0.6907894736842105	0.013157894736842105	0.0	0.8181818181818182	0.6165576951783849	4.363636363636363	1.9166666666666667	0.004687025100657894	7.13421e-05	0.018092105263157895	0.13815789473684212	20.272727272727273	1.1077562720419865	4.635964912280702	2.04	0.618421052631579	0.6830188679245285	-1	-1	0.15789473684210525	0.9140747451103871	150	93	11
16-196_en_professional	en	13.90625	1.8831460674157303	12.054561095505623	11.965675561797754	0.4157303370786517	0.10112359550561797	0.6876404494382022	0.006741573033707865	0.0	0.90625	0.6988920336862493	4.6875	1.8513513513513513	0.006506871130112359	4.435847330960854e-05	0.007666886979510906	0.8561797752808988	21.71875	1.2512338758720807	4.830703012912482	2.347826086956522	0.47415730337078654	0.6572543352601149	-1	0.7030204980602504	0.17303370786516853	0.905573659931528	430	281	32
16-198_en_professional	en	9.4	2.1702127659574466	13.684510638297873	11.687531063829788	0.425531914893617	0.14893617021276595	0.7446808510638298	0.0	0.0	1.0	0.7005494505494506	4.4	2.2666666666666666	0.004297976127659574	5.589929032258065e-05	0.07092198581560284	0.06382978723404255	13.8	1.1151002506265664	5.242857142857143	1.9333333333333333	0.7659574468085106	0.7659574468085106	-1	-1	0.2127659574468085	0.9254704927837457	47	31	5
16-199_en_professional	en	15.45	1.744336569579288	11.0186715210356	8.816144530744337	0.3050161812297735	0.16909385113268607	0.6561488673139159	0.019417475728155338	0.006472491909385114	0.9375	0.7439832659220803	4.675	2.002985074626866	0.006074190383899676	9.008828662873398e-05	0.003452958853444291	0.6731391585760518	20.875	1.1452406191944895	4.9488703923900115	2.0631229235880397	0.3883495145631068	0.6863676341248953	0.7745648271020449	0.9035898144816521	0.1739482200647249	0.9081493856917118	1205	703	80
16-2_en_professional	en	13.729411764705882	1.9288774635818338	12.525224658500935	11.637241451686073	0.41645244215938304	0.13624678663239073	0.699228791773779	0.011139674378748929	0.004284490145672665	0.8941176470588236	0.6889572857675059	4.2823529411764705	2.1104294478527605	0.0051982860756640955	6.32487966931217e-05	0.0030184426071315535	3.323050556983719	21.905882352941177	1.325129033158714	4.605947955390334	2.0941828254847645	0.35732647814910024	0.6938857677902586	0.6878403326039666	0.7868890898389499	0.1636675235646958	0.882076384747566	1145	756	85
16-20_en_professional	en	14.236363636363636	1.7701149425287357	10.8495381400209	9.876609910600257	0.38058748403575987	0.11621966794380588	0.6743295019157088	0.04597701149425287	0.008939974457215836	0.8909090909090909	0.7103938988635166	4.636363636363637	1.9444444444444444	0.004474928696807152	6.296637688888889e-05	0.004490586248094591	1.553001277139208	23.272727272727273	1.348451074599019	4.296353762606672	1.887218045112782	0.39719029374201786	0.6912426900584788	0.5208670859760378	0.7933507658662349	0.1545338441890166	0.8984637881827346	743	450	55
16-200_en_professional	en	8.295336787564766	1.9194253591505308	10.294400585126525	10.67938193486584	0.5321673953778888	0.14553404122423486	0.7945034353529045	0.01811367895065584	0.004996876951905059	0.7409326424870466	0.7518846570592405	3.476683937823834	1.8338762214983713	0.0031505199793254216	5.933454640468227e-05	0.002463495280484662	4.375390381011868	14.10880829015544	1.2304703848252365	4.322366118305915	2.2313218390804597	0.4572142410993129	0.7601398135818932	0.8377206680394862	0.8657717959608371	0.09306683322923173	0.9148225052722984	1564	1196	193
16-203_en_professional	en	4.3408071748878925	1.6818181818181819	5.948369343660826	11.372497835674315	0.618801652892562	0.0743801652892562	0.8099173553719008	0.012396694214876033	0.006198347107438017	0.24663677130044842	0.6407774264484074	4.2543554006968645	0.8387096774193549	0.002653681115495868	3.3172520472440944e-05	0.01851051840721262	4.150826446280992	14.013937282229966	1.1435026006612838	2.9561989606533037	2.28498813961369	0.34607438016528924	0.6639815880322183	0.6178394419017231	0.5583258262117664	0.10847107438016529	0.8479375040555351	801	635	287
16-204_en_professional	en	10.56338028169014	1.828	10.100118309859159	9.228770516431924	0.424	0.10533333333333333	0.6973333333333334	0.014666666666666666	0.008	0.9154929577464789	0.7479127098608689	3.5492957746478875	1.9417040358744395	0.005051449324637333	3.756789620253165e-05	0.004606060606060606	1.3373333333333333	16.507042253521128	1.3198335653183968	4.54233025984912	2.192468619246862	0.464	0.7367281105990776	0.7866217871998614	0.8480211154329124	0.17066666666666666	0.9162890652558104	738	474	71
16-205_en_professional	en	12.48	1.8157051282051282	10.702520512820513	9.575998948717949	0.46314102564102566	0.10576923076923077	0.7067307692307693	0.008012820512820512	0.003205128205128205	0.92	0.6941157019093458	4.163636363636364	1.8823529411764706	0.004056032280650641	5.312722e-05	0.008136094674556213	0.8285256410256411	18.2	1.185968770850238	4.5742771684945165	2.256	0.5144230769230769	0.708590476190477	0.6964930633892576	0.9710725158423148	0.16025641025641027	0.9235978929150572	603	405	55
16-206_en_professional	en	13.666666666666666	2.2113821138211383	15.834308943089436	12.253643902439027	0.42276422764227645	0.0975609756097561	0.7073170731707317	0.008130081300813009	0.024390243902439025	1.0	0.7377622377622377	4.666666666666667	2.0285714285714285	0.0038336421406504066	5.0940811538461544e-05	0.02520325203252033	0.3008130081300813	20.444444444444443	1.2265845265845265	5.183783783783784	2.0357142857142856	0.6178861788617886	0.6337500000000001	-1	-1	0.18699186991869918	0.9024761096352382	122	78	9
16-207_en_professional	en	12.2	1.7540983606557377	9.866360655737704	9.36500393442623	0.3442622950819672	0.03278688524590164	0.5573770491803278	0.01639344262295082	0.0	1.0	0.6173305860805861	5.4	1.9375	0.009731330081967212	4.594348484848485e-05	0.036885245901639344	0.09836065573770492	15.6	1.155067155067155	4.851851851851852	2.2857142857142856	0.6885245901639344	0.6885245901639344	-1	-1	0.21311475409836064	0.9426082478202944	59	33	5
16-208_en_professional	en	11.777777777777779	1.8915094339622642	11.323144654088054	9.76952746331237	0.3867924528301887	0.1509433962264151	0.6839622641509434	0.0	0.0	0.8888888888888888	0.6266719375425471	4.0	2.0793650793650795	0.004190580052830188	7.144008358208955e-05	0.015866209262435677	0.19811320754716982	15.555555555555555	1.0695540171833275	5.156794425087108	2.173076923076923	0.6320754716981132	0.7398230088495573	-1	-1	0.19811320754716982	0.9402451640076606	210	134	18
16-209_en_professional	en	21.25	1.9176470588235295	15.325735294117646	11.878549019607844	0.3137254901960784	0.16470588235294117	0.6549019607843137	0.00392156862745098	0.00392156862745098	1.0	0.7084248628983858	6.083333333333333	2.6607142857142856	0.005379643751372548	7.104176178343948e-05	0.011111111111111112	0.1568627450980392	27.916666666666668	1.0982112757430622	5.3125	2.0408163265306123	0.5529411764705883	0.6862820512820519	-1	-1	0.21176470588235294	0.9296384208260651	254	157	12
16-211_en_professional	en	12.28888888888889	1.6410488245931283	8.567042796865582	8.466383958207755	0.4177215189873418	0.08408679927667269	0.6528028933092225	0.045207956600361664	0.007233273056057866	0.9	0.7576930947963397	4.087912087912088	1.9017341040462428	0.005784907127486438	8.548358354430379e-05	0.004746835443037975	1.4629294755877034	19.36263736263736	1.2905760968613087	4.140546569994423	2.0024038461538463	0.3047016274864376	0.6447368421052629	0.6505002240997647	0.7987987164807223	0.13291139240506328	0.8524209192178955	1053	632	91
16-212_en_professional	en	11.160714285714286	1.6832	8.624438571428573	8.31702342857143	0.4352	0.08	0.6544	0.0272	0.008	0.8928571428571429	0.7366446753792901	4.071428571428571	1.9104477611940298	0.00567894918992	6.207023818681319e-05	0.007490909090909091	0.9376	17.5	1.257798639217605	4.237237237237237	2.092233009708738	0.3824	0.6431749049429661	1.0288712990274282	1.1381571875630379	0.1392	0.861670642997961	607	364	56
16-213_en_professional	en	13.619718309859154	1.6432264736297828	9.111762529676508	8.451989393652505	0.43226473629782836	0.07755946225439504	0.655635987590486	0.04653567735263702	0.007238883143743537	0.9295774647887324	0.7424742838187747	4.535211267605634	1.8386075949367089	0.005020521590279214	0.00011809250471869328	0.004639960812061176	1.9131334022750777	21.830985915492956	1.3201513682302797	4.183673469387755	1.9634464751958225	0.33505687693898656	0.6484677419354853	0.7152960475597844	0.8258200108915988	0.12926577042399173	0.8622697047774428	912	551	71
16-215_en_professional	en	15.416666666666666	1.6094594594594596	9.414121621621625	7.536274774774775	0.42027027027027025	0.0891891891891892	0.6621621621621622	0.060810810810810814	0.005405405405405406	0.9791666666666666	0.7242482842180865	4.958333333333333	2.1339712918660285	0.00611765279554054	0.00010573643447432763	0.005318221447253706	1.3797297297297297	21.229166666666668	1.1500033835911292	4.516940948693127	1.876923076923077	0.372972972972973	0.6192511700468036	0.7257868206317696	0.7112120170183452	0.11891891891891893	0.885145012861085	694	409	48
16-216_en_professional	en	16.530864197530864	1.5922330097087378	9.645386551600147	7.338982898606847	0.38312173263629573	0.09335324869305452	0.6601941747572816	0.05974607916355489	0.011202389843166542	0.9753086419753086	0.7404867478078253	4.950617283950617	2.1853932584269664	0.005756393435847647	0.00011043197423638777	0.0036981383337682324	1.7229275578790142	23.123456790123456	1.1894197004207048	4.453340402969247	1.8237885462555066	0.31366691560866317	0.6490887096774194	0.5093237268927693	0.6422246485311108	0.1553398058252427	0.8722215323265524	1260	753	81
16-217_en_professional	en	13.266666666666667	1.5615577889447236	8.010381909547739	7.195573601340033	0.3756281407035176	0.07537688442211055	0.664572864321608	0.09045226130653267	0.008793969849246231	0.9333333333333333	0.7281186779680784	4.083333333333333	2.078602620087336	0.005885367760427136	0.00010981746581395349	0.00603561284684291	0.7273869346733668	19.066666666666666	1.1520582318663353	4.3612068965517246	1.7918918918918918	0.38190954773869346	0.6410329985652808	0.7215499502029011	0.84191279192052	0.15452261306532664	0.8825936192146845	723	430	60
16-218_en_professional	en	14.0	1.6505376344086022	9.34634408602151	8.567697081413211	0.4032258064516129	0.09831029185867896	0.6666666666666666	0.04685099846390169	0.010752688172043012	0.9032258064516129	0.743109948425582	4.397849462365591	1.9393939393939394	0.0050597791546851	0.0001292661975308642	0.004006810652749246	1.6843317972350231	21.086021505376344	1.2714157190463442	4.391041771514846	1.9109589041095891	0.3033794162826421	0.6513050706566926	0.8687179009600078	0.8820266546599562	0.15745007680491552	0.8622362086490503	1206	729	93
16-219_en_professional	en	14.75609756097561	1.6785123966942148	9.971324329772223	8.1403682725257	0.40082644628099173	0.0743801652892562	0.6520661157024793	0.05454545454545454	0.014049586776859505	0.926829268292683	0.7554110414726155	4.433734939759036	1.866120218579235	0.005747877252041323	8.933107001455603e-05	0.00390776451382512	1.6851239669421487	21.132530120481928	1.199994040344154	4.525604952166573	1.945823927765237	0.34628099173553717	0.6710981098109825	0.9095819012590138	0.9586792024690892	0.16033057851239668	0.8872873756118672	1144	687	83
16-220_en_professional	en	13.166666666666666	1.5097046413502109	7.359514767932492	7.771141772151898	0.37468354430379747	0.10548523206751055	0.680168776371308	0.11223628691983123	0.007594936708860759	0.8222222222222222	0.6842339479497458	4.311111111111111	1.819178082191781	0.005235777681012658	9.757783936170214e-05	0.003955696202531646	1.5291139240506328	23.555555555555557	1.3933664189339159	3.5970356646595647	1.736842105263158	0.2970464135021097	0.6218876611418027	0.6610581649846021	0.7881116204056149	0.12151898734177215	0.8535320388426788	979	564	90
16-221_en_professional	en	15.590909090909092	1.6423712342079688	9.87043510910858	8.09224703595724	0.3965014577259475	0.07482993197278912	0.6705539358600583	0.0641399416909621	0.008746355685131196	0.9848484848484849	0.7086950693276476	4.742424242424242	2.2938931297709924	0.0058099198265306115	8.538377674023769e-05	0.004830503630023438	1.1797862001943635	23.454545454545453	1.2536219533944832	4.311738293778063	1.763157894736842	0.31681243926141883	0.5770215053763436	0.7074906291279067	0.9162386017752456	0.17784256559766765	0.8631175430144453	965	589	66
16-222_en_professional	en	17.548780487804876	1.7581653926337735	12.000376023322431	10.170740531195444	0.4065323141070188	0.07157748436414177	0.6414176511466296	0.05003474635163308	0.01320361362056984	0.9634146341463414	0.7336229943531078	5.329268292682927	1.9048723897911832	0.005883120638568449	0.00011677855117428925	0.0038021295120334204	1.7838776928422515	25.01219512195122	1.1776505437514562	4.708433734939759	1.9622641509433962	0.296038915913829	0.6430149253731348	0.7377532693213853	0.863299711145429	0.15010423905489922	0.8633388767194113	1359	809	82
16-223_en_professional	en	12.363636363636363	1.7849264705882353	10.293950534759357	8.933266176470589	0.4319852941176471	0.11580882352941177	0.6672794117647058	0.027573529411764705	0.011029411764705883	0.9090909090909091	0.7268307371289946	4.0	2.1463414634146343	0.0072460360661764705	6.407567964071857e-05	0.007516339869281045	0.9227941176470589	18.318181818181817	1.2804570286461248	4.702570379436964	2.1	0.38235294117647056	0.5817303370786512	1.2350536447261544	0.9117208327942429	0.11764705882352941	0.8667751494071906	529	334	44
16-225_en_professional	en	11.471428571428572	1.6450809464508094	8.295812310976693	8.39110504892368	0.42963885429638854	0.10460772104607721	0.6811955168119551	0.028642590286425903	0.0037359900373599006	0.9142857142857143	0.693020774440948	4.1571428571428575	2.0	0.006215225229763388	0.00010800320333333334	0.005646927470262378	0.9950186799501868	16.65714285714286	1.236826317174391	4.693344566133109	2.27027027027027	0.3686176836861768	0.637698863636364	1.0381288598373952	1.1055436667406717	0.1432129514321295	0.8901389631458554	735	450	70
16-226_en_professional	en	14.867647058823529	1.7230464886251236	10.540330918717633	8.340999173794147	0.41444114737883286	0.10385756676557864	0.6528189910979229	0.024727992087042534	0.008902077151335312	0.9264705882352942	0.7326040021194995	4.735294117647059	2.1678082191780823	0.006477590841998022	0.00010009744542372881	0.004154302670623145	1.3956478733926805	21.558823529411764	1.2088563412526354	4.544354838709677	1.9767441860465116	0.3600395647873393	0.6646600877192972	0.746218195964595	0.770120573847584	0.1434223541048467	0.88595307497265	972	590	68
16-227_en_professional	en	15.053571428571429	1.8125741399762751	11.669267708862908	10.166880037281816	0.4045077105575326	0.09134045077105575	0.631079478054567	0.018979833926453145	0.004744958481613286	0.8392857142857143	0.6580728389325672	5.053571428571429	2.007662835249042	0.007689882320166074	0.00010917029197530864	0.005317625884566614	1.0937129300118624	21.696428571428573	1.2631973594239014	4.765040650406504	2.068421052631579	0.35468564650059314	0.6093279569892485	0.8627012907117015	0.981147798786516	0.14590747330960854	0.8747920383653209	827	486	56
16-228_en_professional	en	10.20754716981132	1.8151571164510167	9.809797370348413	8.848319262023505	0.43807763401109057	0.13863216266173753	0.6931608133086876	0.027726432532347505	0.0036968576709796672	0.8490566037735849	0.6888085996308578	3.811320754716981	2.042682926829268	0.005534617938077634	8.201595821325648e-05	0.006977818853974122	0.6432532347504621	14.981132075471699	1.2333738080104124	4.619804400977995	2.1226993865030677	0.4565619223659889	0.6654072398190041	0.8617123262508556	0.993545969217193	0.11275415896487985	0.9005925225973153	526	347	53
16-23_en_professional	en	15.027522935779816	1.6581196581196582	9.836545910766095	8.330605497866049	0.3998778998778999	0.11233211233211234	0.6800976800976801	0.04700854700854701	0.004273504273504274	0.8899082568807339	0.7168950675597652	4.669724770642202	1.9323467230443974	0.00498563274284127	7.967811852237253e-05	0.002543752543752544	3.39010989010989	23.431192660550458	1.3477556601732692	4.380599922088041	1.930390492359932	0.3125763125763126	0.6461208576998071	0.5917829580028454	0.6454461816491133	0.14346764346764346	0.8716473954046051	1547	961	109
16-230_en_professional	en	12.525	2.1317365269461077	14.449241017964074	12.94542750499002	0.5269461077844312	0.13572854291417166	0.7644710578842315	0.00998003992015968	0.015968063872255488	0.8	0.6983597893670236	3.5	1.6939890710382515	0.003791382465269461	6.793092569832402e-05	0.008997389835713188	1.437125748502994	19.307692307692307	1.2628482396340421	4.118290258449304	2.2206405693950177	0.4091816367265469	0.5871890547263682	-1	0.7716000726352416	0.09580838323353294	0.8609075137805886	487	358	52
16-231_en_professional	en	16.450381679389313	1.7447795823665893	11.414047926887587	8.532223074334498	0.3605568445475638	0.12157772621809745	0.645939675174014	0.03990719257540603	0.0037122969837587007	0.7938931297709924	0.6628659036490897	4.404411764705882	1.9152	0.005741382988179118	7.618076853088481e-05	0.002500044964837497	1.7930394431554524	25.426470588235293	1.3779712749406503	4.164509634742594	1.9111424541607898	0.25150812064965195	0.5964931906614881	0.6393010766609794	0.6673233332513583	0.15684454756380511	0.8494181892363536	2068	1198	136
16-232_en_professional	en	12.243243243243244	1.8211920529801324	10.67493109003043	9.49310779786409	0.5165562913907285	0.0772626931567329	0.7350993377483444	0.002207505518763797	0.011037527593818985	0.8108108108108109	0.7491215550084944	3.864864864864865	1.8780487804878048	0.004722897657615894	5.867240443686007e-05	0.008700168809245554	0.7505518763796909	21.594594594594593	1.4234981596163694	3.9814585908529048	2.1040462427745665	0.47902869757174393	0.6801977401129935	-1	0.7254778389682148	0.13024282560706402	0.8999705009389061	445	293	37
16-233_en_professional	en	12.018518518518519	1.8690292758089369	11.151767676767676	9.492462397991211	0.349768875192604	0.1263482280431433	0.6425269645608629	0.009244992295839754	0.01694915254237288	0.7962962962962963	0.7818909194785414	3.6666666666666665	1.8105263157894738	0.0047729138175593225	6.645918753387533e-05	0.004838212634822804	0.7996918335901386	18.12962962962963	1.3555983115459238	4.701010101010101	2.1184210526315788	0.39907550077041604	0.6040000000000021	0.9006738672675484	0.8160766050940891	0.20955315870570107	0.8955315405853774	641	369	54
16-234_en_professional	en	12.307692307692308	1.9125	11.777500000000003	11.277471153846154	0.38333333333333336	0.1125	0.6354166666666666	0.00625	0.008333333333333333	0.7692307692307693	0.701051072413702	4.282051282051282	1.7450980392156863	0.006175164742916667	4.87261852112676e-05	0.0061574074074074074	0.7	19.615384615384617	1.446733550480668	4.4370179948586115	2.259259259259259	0.3958333333333333	0.5650656167979005	-1	0.8959541889361421	0.19583333333333333	0.8846229533152826	472	284	39
16-235_en_professional	en	10.402777777777779	2.0166889185580774	12.264012572318649	11.675225619344312	0.4152202937249666	0.14085447263017356	0.6995994659546061	0.006675567423230975	0.007343124165554072	0.7708333333333334	0.6731196467946661	3.567741935483871	1.676982591876209	0.004479922537534046	6.017560041666667e-05	0.002539971995180566	1.7977303070761015	18.729032258064517	1.5326240210968431	4.180894308943089	2.2660550458715596	0.3711615487316422	0.6397569692637634	0.9223656612825207	0.9753413037997525	0.15554072096128171	0.8938090410714117	1471	960	155
16-237_en_professional	en	9.729166666666666	1.9179157744468236	10.83578113847252	10.810110670949323	0.42041399000713775	0.11349036402569593	0.6766595289079229	0.0028551034975017845	0.014989293361884369	0.7152777777777778	0.6633318382194575	3.1466666666666665	1.6929637526652452	0.004276730840069522	4.764774257767549e-05	0.002651167533394514	1.8643825838686652	16.653333333333332	1.5342772325913678	4.341300940438871	2.29923273657289	0.31049250535331907	0.5970814132104418	0.5359830798525366	0.6508243153918563	0.15631691648822268	0.8689574146826028	1383	869	150
16-238_en_professional	en	12.129411764705882	1.8409311348205626	10.863457979117936	9.967741817766875	0.3773035887487876	0.1367604267701261	0.6663433559650824	0.007759456838021339	0.015518913676042677	0.8117647058823529	0.7139279532260324	4.170454545454546	1.7767857142857142	0.004533167536760427	6.829501083743843e-05	0.0036907806063965136	1.162948593598448	18.136363636363637	1.2944701602206288	4.636027143738433	2.3256704980842913	0.3385063045586809	0.5947639484978536	0.565926600093021	0.6933719561217879	0.1784675072744908	0.87429210127913	1013	609	88
16-24_en_professional	en	15.0	1.780392156862745	11.268627450980393	10.661549019607843	0.4235294117647059	0.15294117647058825	0.6980392156862745	0.00392156862745098	0.0	0.9411764705882353	0.7073490581745298	5.176470588235294	1.7926829268292683	0.005070160415686274	2.7345790849673204e-05	0.011613876319758673	0.6862745098039216	29.470588235294116	1.5798122074100232	3.871031746031746	1.912621359223301	0.4666666666666667	0.6311538461538458	-1	-1	0.13333333333333333	0.8945164895474366	241	153	17
16-240_en_professional	en	11.775510204081632	1.9462738301559792	11.968480175432394	9.6624095002299	0.36395147313691506	0.14904679376083188	0.6481802426343154	0.019064124783362217	0.010398613518197574	0.8775510204081632	0.7115331304452167	4.0	1.8895348837209303	0.005317027967590988	5.8060197897897894e-05	0.005632582322357018	0.7140381282495667	18.979591836734695	1.479685797643084	4.448058761804827	2.1805555555555554	0.41767764298093585	0.6421338912133899	0.9374171583745368	0.9915066519596999	0.16464471403812825	0.8987995446192818	565	333	49
16-241_en_professional	en	12.455555555555556	1.9161462979482604	11.878192982456142	10.983875757755973	0.43889384478144516	0.13559322033898305	0.6966993755575379	0.010704727921498661	0.016057091882247992	0.7777777777777778	0.7947454063227046	4.043478260869565	2.0454545454545454	0.00428310488867083	5.509728864265928e-05	0.003450423308030229	2.4692239072256914	21.17391304347826	1.3714184487441623	4.201503759398496	2.1526946107784433	0.33541480820695807	0.6506555772994116	0.7976753652000603	0.7649926948122195	0.13291703835860838	0.8700738187321053	1105	722	92
16-242_en_professional	en	13.865168539325843	1.8897893030794166	12.116929506674197	10.984285353195057	0.36223662884927066	0.1280388978930308	0.6636952998379254	0.008103727714748784	0.008914100486223663	0.8426966292134831	0.7079360574297581	4.2444444444444445	1.7457627118644068	0.004759338081082739	4.246489958563536e-05	0.0024645357482998877	1.5656401944894651	23.522222222222222	1.4865920030614452	4.348356807511737	2.168067226890756	0.40437601296596437	0.6521762114537423	0.7992755375257405	0.8402127089299635	0.17260940032414912	0.9129016875698225	1208	724	90
16-243_en_professional	en	10.242857142857142	1.9121338912133892	10.967894202032276	10.503826076907751	0.4100418410041841	0.13110181311018132	0.6806136680613668	0.012552301255230125	0.00697350069735007	0.8142857142857143	0.6491145725212668	3.7142857142857144	1.6056910569105691	0.004414721958019526	5.433238392857143e-05	0.004937238493723849	0.810320781032078	19.185714285714287	1.674148999946883	4.029112081513828	2.2196261682242993	0.4476987447698745	0.624660194174758	0.839411480468672	0.9093781375554794	0.16875871687587168	0.9070469803328673	705	448	70
16-244_en_professional	en	10.761904761904763	1.831858407079646	10.223072060682682	9.890222334597556	0.4	0.1079646017699115	0.6637168141592921	0.017699115044247787	0.01415929203539823	0.7047619047619048	0.6388845251076218	3.419047619047619	1.6	0.005101806745044248	6.521628940298508e-05	0.0031019067603320865	1.6628318584070796	19.066666666666666	1.6229760478823654	4.119804400977995	2.126543209876543	0.3486725663716814	0.6235984481086349	0.7677556798201339	0.8903701865919738	0.16902654867256636	0.8849940064670391	1105	670	105
16-245_en_professional	en	13.68	1.9108187134502923	12.29286081871345	11.45041003508772	0.3757309941520468	0.1388888888888889	0.6359649122807017	0.005847953216374269	0.008771929824561403	0.84	0.7026256000065881	4.7	1.8577981651376148	0.0053488538865497075	6.342333488372094e-05	0.004781920077972709	0.5891812865497076	22.96	1.4527939699354837	4.342536669542709	2.1989247311827955	0.41812865497076024	0.640034188034187	0.7767283904810738	0.7682629972443166	0.1608187134502924	0.9067291541323631	669	387	50
16-246_en_professional	en	14.662337662337663	1.7865367581930913	11.209445434990169	9.67792461090725	0.35783879539415414	0.1355181576616475	0.6651904340124003	0.03277236492471213	0.010628875110717449	0.8181818181818182	0.708757383255436	4.4743589743589745	2.00327868852459	0.0049361276303808675	5.286004792332268e-05	0.0030191338800156196	1.7147918511957485	23.794871794871796	1.4447344957044068	4.222222222222222	1.9766839378238341	0.34986713906111605	0.6395048543689345	0.9236221450793198	0.9988812683258058	0.1691762621789194	0.8868017250627256	1078	626	78
16-247_en_professional	en	7.333333333333333	1.9363636363636363	10.119090909090907	11.180133333333334	0.2909090909090909	0.13636363636363635	0.5545454545454546	0.00909090909090909	0.05454545454545454	0.6666666666666666	0.7853741496598639	2.933333333333333	1.5	0.006894615606363636	5.7891164406779666e-05	0.02424242424242424	0.13636363636363635	13.8	1.887523125023125	3.909090909090909	2.111111111111111	0.5363636363636364	0.5363636363636365	-1	-1	0.23636363636363636	0.9107389246062243	109	59	15
16-248_en_professional	en	11.925925925925926	1.891304347826087	11.378502415458936	10.655350218541523	0.35714285714285715	0.15527950310559005	0.6583850931677019	0.0	0.012422360248447204	0.8148148148148148	0.6505913979085516	3.740740740740741	1.7628865979381443	0.0034552015819875772	4.014612251308901e-05	0.007924609124009423	0.5372670807453416	21.37037037037037	1.6679337529679719	4.12991452991453	2.088235294117647	0.5031055900621118	0.6331390134529146	-1	-1	0.19875776397515527	0.9066881227790256	319	191	27
16-249_en_professional	en	9.645454545454545	1.9236569274269557	10.870879016365354	11.031659679547598	0.40999057492931196	0.14891611687087652	0.6908576814326107	0.011310084825636193	0.011310084825636193	0.6545454545454545	0.6306224984731603	3.3801652892561984	1.7295774647887323	0.004613382747785108	5.526316431924883e-05	0.004798217804815354	1.1385485391140433	17.58677685950413	1.6256856561590365	3.9440820130475305	2.269911504424779	0.3647502356267672	0.6287318087318079	0.7651547854284515	0.8615530086815346	0.14326107445805844	0.8792966907069215	1036	639	121
16-25_en_professional	en	14.818181818181818	1.8384458077709611	11.882751440788251	10.420800408997955	0.4294478527607362	0.12269938650306748	0.6768916155419223	0.0	0.0	0.9696969696969697	0.783280115210462	5.636363636363637	1.7633136094674555	0.0051886389738241305	5.470486066666666e-05	0.007848339136682696	1.1247443762781186	22.727272727272727	1.253753488053391	4.646825396825397	2.0381679389312977	0.4335378323108384	0.6912564102564088	-1	0.6272942889134248	0.16768916155419222	0.902470334323842	475	300	33
16-250_en_professional	en	13.666666666666666	1.9804878048780488	13.109756097560979	11.253334959349594	0.40487804878048783	0.16585365853658537	0.697560975609756	0.0	0.014634146341463415	1.0	0.7770428101310454	4.8	1.876923076923077	0.004002581387317073	3.415720333333333e-05	0.01540436456996149	0.5902439024390244	24.333333333333332	1.591130160773018	4.095108695652174	2.0714285714285716	0.5219512195121951	0.6170754716981136	-1	-1	0.14634146341463414	0.8961810634173907	203	120	15
16-251_en_professional	en	11.432835820895523	1.7571801566579635	9.603531818713222	8.642405658392112	0.4073107049608355	0.12010443864229765	0.685378590078329	0.014360313315926894	0.005221932114882507	0.7611940298507462	0.6708064270519645	3.6486486486486487	1.6422764227642277	0.004425401695039165	6.403011801242235e-05	0.00586548008678704	1.2532637075718016	17.64864864864865	1.3895478161628416	4.305998481397115	2.089430894308943	0.3368146214099217	0.6206896551724121	0.9386039375606795	0.8651286819942596	0.16840731070496084	0.855704333348198	754	483	74
16-252_en_professional	en	17.076923076923077	1.7867867867867868	12.154084084084086	9.456312589512589	0.35435435435435436	0.16066066066066065	0.6621621621621622	0.013513513513513514	0.009009009009009009	0.8205128205128205	0.7001463674470793	5.589743589743589	2.0052631578947366	0.005498817124024024	5.9890913802083336e-05	0.005442942942942943	0.6696696696696697	27.205128205128204	1.4706644500557609	4.424299065420561	2.0434782608695654	0.35435435435435436	0.5777954144620806	0.7630057587549173	0.8080569006523289	0.15015015015015015	0.8610774272057437	649	384	39
16-253_en_professional	en	16.22222222222222	1.8082191780821917	12.07365296803653	9.909214655359863	0.3522504892367906	0.11741682974559686	0.6144814090019569	0.009784735812133072	0.0136986301369863	0.8888888888888888	0.6858888363611221	5.111111111111111	1.9411764705882353	0.005757718463894324	4.8253216974169744e-05	0.0037262418572232797	0.6819960861056752	25.952380952380953	1.4582876832494769	4.394417475728155	2.2510460251046025	0.3219178082191781	0.5624160346695559	0.8185422511400535	0.8514759335146647	0.18003913894324852	0.8777155624350398	998	542	63
16-254_en_professional	en	12.794871794871796	1.9158316633266532	12.006813627254513	10.88905206310056	0.3687374749498998	0.12224448897795591	0.6412825651302605	0.014028056112224449	0.012024048096192385	0.7948717948717948	0.6391186984839414	4.17948717948718	1.8092105263157894	0.005388676416633266	8.55644347368421e-05	0.00772132500294707	0.9038076152304609	20.256410256410255	1.4146880168452767	4.476309226932669	2.1654135338345863	0.3727454909819639	0.5883999999999997	-1	0.6347428093153292	0.1903807615230461	0.8716962612430906	488	285	39
16-255_en_professional	en	10.352941176470589	2.039772727272727	12.51696524064171	12.617204946524065	0.4375	0.11931818181818182	0.7159090909090909	0.022727272727272728	0.005681818181818182	0.9411764705882353	0.7096651102165809	3.6470588235294117	1.9272727272727272	0.004729517004651704	7.96494156521739e-05	0.019886363636363636	0.19318181818181818	20.41176470588235	1.7421836007130125	3.8725212464589234	2.0972222222222223	0.6136363636363636	0.7185714285714289	-1	-1	0.17045454545454544	0.9181814847565428	169	115	17
16-256_en_professional	en	9.689655172413794	1.830367734282325	9.787304781772814	9.04311746226531	0.431791221826809	0.1269276393831554	0.6832740213523132	0.014234875444839857	0.004744958481613286	0.8390804597701149	0.6966707698328161	3.772727272727273	1.8686131386861313	0.005045979256109134	5.059472952380952e-05	0.004112297350731515	1.7473309608540926	15.863636363636363	1.447096467298052	4.21100278551532	2.207547169811321	0.4151838671411625	0.6694086021505388	0.742771449406078	0.8045933356573344	0.12930011862396204	0.8984932584124198	826	525	88
16-257_en_professional	en	14.071428571428571	1.7959390862944162	11.089938361131257	9.132230166787528	0.3715736040609137	0.09847715736040609	0.6426395939086295	0.027411167512690356	0.015228426395939087	0.8	0.7328299906172263	4.542857142857143	1.8873720136518772	0.004985972625583756	8.255640615942029e-05	0.004116542660454767	1.2203045685279188	23.014285714285716	1.5525422277600127	4.267933782955242	2.085714285714286	0.31675126903553297	0.5904288939051925	0.80648132299411	0.8909730333779551	0.18883248730964466	0.8687344886406417	956	552	70
16-258_en_professional	en	13.066666666666666	1.7423469387755102	10.06569387755102	8.95043544217687	0.3903061224489796	0.09183673469387756	0.6658163265306123	0.04081632653061224	0.01020408163265306	0.6666666666666666	0.6348041592197985	4.366666666666666	1.923728813559322	0.006230876645153061	6.202396872246696e-05	0.0071539485359361134	0.6581632653061225	20.866666666666667	1.6597748140361994	4.330708661417323	1.9464285714285714	0.375	0.5538907849829352	-1	1.0960360352104814	0.1760204081632653	0.8596280295826806	374	227	30
16-26_en_professional	en	22.875	1.5191256830601092	11.25693306010929	8.359262841530054	0.4098360655737705	0.0546448087431694	0.6885245901639344	0.0273224043715847	0.00546448087431694	1.0	0.7593046327057955	5.125	1.894736842105263	0.005429784638251366	7.6657646875e-05	0.024286581663630846	0.16393442622950818	37.375	1.271585059085059	3.98	1.901098901098901	0.5409836065573771	0.6186904761904758	-1	-1	0.15846994535519127	0.900648612184713	164	96	8
16-260_en_professional	en	13.0	2.014588859416446	13.252148541114064	12.244753846153849	0.41644562334217505	0.129973474801061	0.6949602122015915	0.009283819628647215	0.005305039787798408	0.9137931034482759	0.6804311992446181	4.603448275862069	1.8185483870967742	0.004860257033687003	4.4906847046413506e-05	0.004435361134060964	0.8355437665782494	20.120689655172413	1.2481652218639347	4.834738617200674	2.137777777777778	0.4403183023872679	0.664519083969467	0.6216230615890558	0.7809337268118745	0.14323607427055704	0.9043932043248869	738	474	58
16-27_en_professional	en	13.333333333333334	1.7092105263157895	9.778684210526318	8.373629385964913	0.36973684210526314	0.13815789473684212	0.6710526315789473	0.02763157894736842	0.004605263157894736	0.868421052631579	0.7166381927299401	4.298245614035087	1.7875	0.005607172646342757	7.918317112831859e-05	0.002539147455415398	3.4973684210526317	21.105263157894736	1.2996209296060361	4.372776168804303	1.9746588693957114	0.3243421052631579	0.6972554539057002	0.6385089878053041	0.7461942054267301	0.15657894736842104	0.8791077260591744	1464	904	114
16-28_en_professional	en	14.482758620689655	1.7940476190476191	11.22803776683087	9.6392434318555	0.38452380952380955	0.11785714285714285	0.6761904761904762	0.02023809523809524	0.007142857142857143	0.9482758620689655	0.7310796870181001	5.0344827586206895	1.8930041152263375	0.005275530446428571	4.895242509881423e-05	0.004719387755102041	1.0773809523809523	22.396551724137932	1.2345192257548154	4.573292402148887	2.0	0.3880952380952381	0.6790823211875826	0.5086762032142995	0.7111907449681932	0.1738095238095238	0.8979288611739055	820	506	58
16-3_en_professional	en	12.068181818181818	1.8493408662900188	10.938813131313132	10.052586566227244	0.43565599497802887	0.13245448838669177	0.7200251098556183	0.017576898932831136	0.006277463904582548	0.7575757575757576	0.6954391209960443	4.0227272727272725	1.8323699421965318	0.004615665513308224	5.652945719960278e-05	0.0024673920624956407	3.6001255492780917	22.196969696969695	1.4435428400011325	4.006050420168068	2.058319039451115	0.3352165725047081	0.7015261044176704	0.6622115085781396	0.7754993937256184	0.13873195229127433	0.8782763390684545	1542	1007	132
16-33_en_professional	en	17.092307692307692	1.6363636363636365	10.385090909090913	8.198000362805512	0.4077407740774077	0.1323132313231323	0.6993699369936993	0.022502250225022502	0.0072007200720072	0.9384615384615385	0.7583596200854642	5.015384615384615	1.8781869688385269	0.005241278277828083	7.869298305084746e-05	0.0045426417641764175	1.6885688568856885	25.2	1.2473160864440562	4.454323995127893	1.974770642201835	0.3789378937893789	0.7458201581027594	0.7230316715546398	0.827445706851475	0.15391539153915393	0.8955529164099147	1021	649	65
16-34_en_professional	en	14.87378640776699	1.7088772845953002	10.375528657253671	8.69557202210449	0.36096605744125326	0.12140992167101827	0.672976501305483	0.04503916449086162	0.0032637075718015664	0.8640776699029126	0.7200367573253889	4.475728155339806	1.8909090909090909	0.005392482596567168	7.555358974358975e-05	0.002654071629144293	2.9157963446475197	22.941747572815533	1.3421194263112262	4.389780405405405	1.888468809073724	0.3524804177545692	0.7092882065596685	0.6980764563288758	0.7571970428551295	0.17101827676240208	0.8928795190343138	1459	897	103
16-35_en_professional	en	14.066666666666666	1.8467614533965244	11.68778515007899	10.656322654028438	0.42812006319115326	0.1382306477093207	0.6958925750394944	0.011848341232227487	0.00631911532385466	0.8888888888888888	0.7507902733579372	4.777777777777778	1.8271028037383177	0.004327970655766193	5.00075397260274e-05	0.00349808169713383	2.834913112164297	22.788888888888888	1.3235648358119507	4.5479651162790695	2.0488431876606685	0.32306477093206953	0.7052013710368482	0.5838698681897666	0.6975817991037259	0.14375987361769352	0.869291594194498	1235	803	90
16-36_en_professional	en	17.080645161290324	1.6033994334277621	9.991564927350819	8.294236090042341	0.37677053824362605	0.11189801699716714	0.6709159584513692	0.07176581680830972	0.008026440037771483	0.8548387096774194	0.7010907185855728	4.511111111111111	1.884126984126984	0.0051688781903682715	7.609133294605808e-05	0.002295142167663414	3.242681775259679	24.437037037037037	1.2586231053463783	4.165861027190332	1.8458942632170978	0.28847969782813976	0.6351114413075822	0.5722846748688597	0.6735626947610689	0.12606232294617564	0.8754432594788285	1962	1205	135
16-37_en_professional	en	15.212389380530974	1.653868528214078	9.8584804913332	7.580198531766255	0.4107038976148924	0.1157649796393252	0.6596858638743456	0.02385107620709715	0.005235602094240838	0.8141592920353983	0.7022286862280469	5.017543859649122	2.0077220077220077	0.006823409975868516	7.58429945972495e-05	0.0026644285466874487	3.1244909831297267	22.464912280701753	1.3152150574828578	4.391050583657588	2.017777777777778	0.28679464805119254	0.6552716049382736	0.608163378678344	0.6442216056631683	0.12390924956369982	0.8669127917859697	1671	1018	114
16-38_en_professional	en	15.009345794392523	1.566002490660025	8.74247424960138	7.429350910720313	0.35554171855541716	0.11892901618929017	0.6805728518057285	0.07721046077210461	0.00311332503113325	0.9065420560747663	0.7373412703476567	4.4953271028037385	1.912472647702407	0.005380768977469489	7.338768968957872e-05	0.0026389135978177073	2.396637608966376	23.654205607476637	1.3989408182109646	4.126377952755906	1.8003095975232197	0.32689912826899126	0.6784140676841421	0.543698257113586	0.6489539426748817	0.14196762141967623	0.8837701442619643	1481	902	107
16-39_en_professional	en	13.05188679245283	1.6331767256956993	8.771721212265856	7.57654905319432	0.3888688109866281	0.11022768341163715	0.6693169497650886	0.04011564871702204	0.012287676183592338	0.6650943396226415	0.7535011503471211	4.19811320754717	2.007751937984496	0.005267799489809845	8.865525633456334e-05	0.0016894677562534868	4.759306107697868	19.462264150943398	1.3594104581773085	4.259885659838018	1.9627659574468086	0.24719913263462234	0.634910044977519	0.6156998922539835	0.6684426383507239	0.15142753885074087	0.8560758856405857	2627	1626	212
16-4_en_professional	en	16.10810810810811	1.848993288590604	12.510282967531289	10.171656548158898	0.39093959731543626	0.13590604026845637	0.6812080536912751	0.015939597315436243	0.0025167785234899327	0.9594594594594594	0.7177115693939548	4.608108108108108	1.8057971014492753	0.004685918575587249	4.621553905013193e-05	0.003163450782997763	2.6753355704697985	26.91891891891892	1.3058097244097466	4.254745254745255	2.0551181102362204	0.3523489932885906	0.6795791399817035	0.5784889072905062	0.6870436914070855	0.17030201342281878	0.883026919198193	1162	758	74
16-40_en_professional	en	13.931818181818182	1.5481239804241436	8.111272059913986	6.824383686786298	0.4110929853181077	0.10603588907014681	0.6818923327895595	0.0636215334420881	0.0016313213703099511	0.9090909090909091	0.6926260899974832	4.113636363636363	2.189873417721519	0.005734263833846003	8.169478169398907e-05	0.006958085028464894	0.9363784665579119	21.022727272727273	1.3740358256430456	4.114194236926361	1.8979591836734695	0.3605220228384992	0.5716731517509741	0.39992508555227846	0.7066700121143237	0.11582381729200653	0.8650284009693522	574	366	44
16-41_en_professional	en	16.522935779816514	1.515824541921155	8.740674548798069	6.958545467604644	0.36923931149361466	0.08995002776235425	0.6640755136035535	0.056635202665186006	0.002220988339811216	0.963302752293578	0.7136456625006099	4.91743119266055	2.1008583690987126	0.005827906428837212	7.86975522417154e-05	0.002434203220433093	2.788450860632982	25.486238532110093	1.3012524775581071	4.088034495149119	1.865546218487395	0.27262631871182674	0.6314571092831971	0.5832004471458618	0.6437857015188471	0.17545807884508607	0.8612285472313511	1689	1026	109
16-44_en_professional	en	14.44927536231884	1.697592778335005	10.076812175657409	9.204720244792348	0.3966900702106319	0.1238716148445336	0.6820461384152458	0.04914744232698094	0.0015045135406218655	0.7681159420289855	0.7204098396008431	4.471014492753623	1.8695652173913044	0.005720423486673269	7.919962465156795e-05	0.002103795663720722	3.9473420260782346	23.68840579710145	1.3602781074837726	4.236385762093094	2.0068306010928962	0.30090270812437314	0.6814036939313984	0.5503716637998741	0.6081652184334622	0.1334002006018054	0.8771235627783172	1873	1148	138
16-49_en_professional	en	15.772727272727273	1.685878962536023	10.454735394288711	8.74161642651297	0.4935158501440922	0.11887608069164265	0.7255043227665706	0.008645533141210375	0.012247838616714697	0.7613636363636364	0.711735370776196	4.925531914893617	1.757455268389662	0.004836395714517291	6.634088584169453e-05	0.0035804733211073267	4.02521613832853	27.06382978723404	1.3034598273681821	4.029768899334116	2.1039755351681957	0.3580691642651297	0.6665632273079873	0.701408115626318	0.8412806034888507	0.11887608069164265	0.885567565777629	1341	897	94
16-5_en_professional	en	16.4	1.9337979094076656	13.624815331010456	12.092010313588851	0.42334494773519166	0.14111498257839722	0.6846689895470384	0.010452961672473868	0.010452961672473868	0.8285714285714286	0.6512608262194544	4.457142857142857	1.8402366863905326	0.004529008863763066	4.185770653409091e-05	0.00564700228283071	1.259581881533101	30.885714285714286	1.4432091956296547	3.9715335169880626	2.0430622009569377	0.37282229965156793	0.6115368421052619	0.44774997421451496	0.5143461247743574	0.14285714285714285	0.8707821691018567	557	352	35
16-50_en_professional	en	12.156862745098039	1.6564516129032258	8.697305502846302	7.780433902593295	0.4112903225806452	0.1032258064516129	0.667741935483871	0.00967741935483871	0.012903225806451613	0.9019607843137255	0.7159983928123248	4.098039215686274	1.962962962962963	0.005914337377419355	5.418810796915167e-05	0.005755131964809384	0.8145161290322581	18.705882352941178	1.3032146011807513	4.412863070539419	2.1180555555555554	0.45483870967741935	0.6505950095969295	0.6385276498066256	0.846581194003024	0.17580645161290323	0.9133335967928049	612	389	51
16-51_en_professional	en	13.930555555555555	1.6520438683948155	9.337034313725493	7.757518898858978	0.3678963110667996	0.11864406779661017	0.6630109670987039	0.024925224327018942	0.006979062811565304	0.8333333333333334	0.7171015979000332	4.194444444444445	1.8788927335640138	0.005434276940478565	8.074687404326123e-05	0.003410223873833046	3.132602193419741	21.23611111111111	1.3420247547578785	4.341813437703848	1.9961389961389961	0.3559322033898305	0.6817809734513245	0.4912838643660364	0.5716512523753401	0.1794616151545364	0.8855735901532014	977	601	72
16-52_en_professional	en	11.972972972972974	1.618510158013544	8.17787932401928	7.06624902690501	0.3792325056433409	0.09932279909706546	0.6523702031602708	0.029345372460496615	0.009029345372460496	0.8918918918918919	0.7388478188783444	4.081081081081081	1.6402877697841727	0.005497425109706547	5.6773714960629925e-05	0.007603659261019365	1.275395033860045	18.64864864864865	1.3478545655434968	4.208333333333333	2.0155038759689923	0.417607223476298	0.6526453488372091	-1	0.6651355776331422	0.18284424379232506	0.8817964903562548	428	254	37
16-53_en_professional	en	13.235294117647058	1.5555555555555556	7.9273202614379095	6.33647450980392	0.38222222222222224	0.10222222222222223	0.64	0.02666666666666667	0.0044444444444444444	0.9411764705882353	0.7281768273955774	4.235294117647059	1.8783783783783783	0.006744142293777777	6.124896201550387e-05	0.010864197530864199	0.47555555555555556	20.941176470588236	1.3934952787295949	4.148876404494382	1.878787878787879	0.5688888888888889	0.72484126984127	-1	-1	0.16	0.9370478760689291	219	129	17
16-54_en_professional	en	13.782608695652174	1.6763406940063093	9.566037580578797	8.00314302564806	0.38548895899053626	0.10473186119873817	0.6517350157728706	0.016403785488958992	0.0138801261829653	0.8782608695652174	0.7284232713902319	4.565217391304348	1.7773359840954275	0.0060474639364668775	8.203169744952179e-05	0.0025289611112583837	3.0637223974763406	19.17391304347826	1.1977177488589592	4.799097065462754	2.0597402597402596	0.33943217665615144	0.6822207267833107	0.643466054154869	0.750934290382875	0.17413249211356466	0.8906272708634634	1551	941	115
16-55_en_professional	en	14.88135593220339	1.6059225512528474	9.163614918342923	7.41120371414231	0.3804100227790433	0.10933940774487472	0.6651480637813212	0.03530751708428246	0.004555808656036446	0.8983050847457628	0.7161825522166143	4.813559322033898	1.8288973384030418	0.0055306450708428245	7.875972873786408e-05	0.003928559638176356	1.6287015945330297	23.423728813559322	1.3201161792596139	4.186550976138829	1.9186440677966101	0.3952164009111617	0.6551476251604613	0.5220415419509916	0.6533762838543342	0.17084282460136674	0.8947948937441665	840	515	59
16-56_en_professional	en	13.926829268292684	1.7416812609457093	10.393302293793514	9.16091261372859	0.38966725043782835	0.09982486865148861	0.6444833625218914	0.0148861646234676	0.009632224168126095	0.8658536585365854	0.7214498693833058	4.453488372093023	1.6558265582655827	0.005624446122241681	8.142131067669173e-05	0.0033058501741474646	2.1155866900175133	20.988372093023255	1.3415170033815642	4.415841584158416	2.074468085106383	0.3502626970227671	0.6551102588686493	0.6246321205264417	0.7704801265616696	0.1830122591943958	0.8879431106019213	1123	665	86
16-57_en_professional	en	15.472727272727273	1.7162162162162162	10.69571498771499	8.890459506462987	0.38307873090481787	0.12044653349001175	0.6780258519388954	0.02702702702702703	0.006462984723854289	0.8727272727272727	0.717749937839504	4.627272727272727	1.9110671936758894	0.004807183363102233	7.317246503362151e-05	0.002478109245290171	2.7303172737955346	22.836363636363636	1.2156481044128535	4.634224172317511	1.959016393442623	0.3207990599294947	0.6987211478477844	0.6340229263652327	0.7454057265670939	0.18507638072855465	0.8789692289138211	1650	1041	110
16-59_en_professional	en	8.029850746268657	1.8513011152416357	9.386994950896078	9.50720071020363	0.5241635687732342	0.12267657992565056	0.7732342007434945	0.007434944237918215	0.0037174721189591076	0.7014925373134329	0.6414956640834344	3.073529411764706	2.033707865168539	0.0034800833102230483	3.413943008595989e-05	0.008028157873922328	1.449814126394052	14.573529411764707	1.4281883853347257	3.9184466019417474	2.223076923076923	0.4479553903345725	0.6541002277904336	0.662587408881734	0.6745100674987824	0.13940520446096655	0.8943428932056952	505	349	68
16-6_en_professional	en	15.006944444444445	1.796853308653401	11.465577375443466	9.740398963957015	0.35770476631189263	0.13604812586765386	0.6557149467838963	0.02036094400740398	0.008329477093937991	0.8958333333333334	0.7060189889565169	4.826388888888889	1.8910741301059002	0.005775927087505784	7.108773315589353e-05	0.001969987439677398	2.800555298472929	21.854166666666668	1.2059978564859957	4.749683143219265	1.9838709677419355	0.32855159648310966	0.7166440349175551	0.7917934004091944	0.8189671414656586	0.18186024988431282	0.8925841138573086	2112	1315	144
16-61_en_professional	en	12.75925925925926	1.7844702467343976	10.442860022577005	9.340358307799818	0.3969521044992743	0.11320754716981132	0.6734397677793904	0.018142235123367198	0.005805515239477504	0.8888888888888888	0.7155211106655287	4.306306306306307	1.894484412470024	0.005531974987808418	6.518138717026378e-05	0.003015642638284148	1.9412191582002902	17.882882882882882	1.2233935083778278	4.7031327697662855	2.143258426966292	0.4034833091436865	0.697912431587178	0.8104709993982824	0.8607956043330328	0.1748911465892598	0.9112158088226938	1332	834	111
16-62_en_professional	en	14.6875	1.6964539007092199	10.156281028368799	9.145430851063828	0.3680851063829787	0.10921985815602837	0.6673758865248227	0.03546099290780142	0.00851063829787234	0.9166666666666666	0.7132312933201636	4.322916666666667	1.907928388746803	0.005307603490851064	6.868905871212122e-05	0.0027611375060249263	2.094326241134752	22.677083333333332	1.3579260001156745	4.349931475559616	1.9747899159663866	0.3312056737588652	0.6561479786422592	0.5637831645429621	0.6619246286467415	0.16950354609929077	0.8847565407513984	1334	792	96
16-67_en_professional	en	12.640625	1.6631644004944375	8.965183675834364	8.134470472805933	0.4177997527812114	0.09765142150803462	0.69221260815822	0.042027194066749075	0.010506798516687269	0.765625	0.746859724208967	3.9615384615384617	1.8260038240917782	0.004728876959678616	9.030728846938774e-05	0.0027021588524448787	2.7911001236093944	19.43076923076923	1.2331899314266932	4.312646370023419	1.976311336717428	0.33065512978986406	0.6818499012508206	0.5584001787727175	0.6213598781943682	0.15451174289245984	0.8752424692961369	1547	980	130
16-7_en_professional	en	15.25	1.833172613307618	11.988936837029893	10.566641851494694	0.39151398264223725	0.10993249758919961	0.639344262295082	0.020250723240115717	0.0028929604628736743	0.8676470588235294	0.7544804927500858	4.9411764705882355	1.9701986754966887	0.005781743762873674	6.21254249586777e-05	0.0037195205951232953	1.5901639344262295	23.073529411764707	1.3333075598457627	4.679796696315121	2.0	0.3982642237222758	0.7022281449893392	0.8749150944189933	0.9700993834423285	0.16489874638379942	0.9063119304726813	1010	605	68
16-71_en_professional	en	20.352941176470587	1.8367052023121386	14.020768446106768	11.10412448146889	0.37427745664739887	0.15173410404624277	0.6589595375722543	0.004335260115606936	0.010115606936416185	1.0	0.7256618687759664	5.4411764705882355	2.2245989304812834	0.005673096945231214	9.080649248704662e-05	0.005812459858702633	0.661849710982659	28.323529411764707	1.1916906562091054	4.974012474012474	1.9878787878787878	0.41329479768786126	0.6624789207419908	0.8695906292695494	0.9227142460417878	0.15173410404624277	0.9040701968114551	667	386	34
16-72_en_professional	en	13.892156862745098	1.6859562455892732	9.722224874424011	8.009850490542018	0.35285815102328866	0.10726887791107975	0.644318983768525	0.024700070571630206	0.011997177134791814	0.8823529411764706	0.7473981864522112	4.392156862745098	1.8077858880778588	0.00622892734837043	0.0001089756265625	0.0030502626832902063	1.8122794636556105	20.676470588235293	1.282058800574533	4.46742209631728	2.0275689223057642	0.33450952717007765	0.6647344461305051	0.7299434128742898	0.8281042256230366	0.17290049400141144	0.8876189802055652	1363	768	102
16-77_en_professional	en	14.231884057971014	1.7138492871690427	10.183856371203401	8.645049629564037	0.3594704684317719	0.12219959266802444	0.659877800407332	0.04175152749490835	0.010183299389002037	0.9420289855072463	0.7168362336178202	4.304347826086956	1.9108527131782946	0.0058842623897148675	9.542357255244756e-05	0.0038224268721036626	1.7260692464358451	21.304347826086957	1.2220335494082624	4.4537474679270765	1.9874608150470219	0.3665987780040733	0.6607474518686306	0.3897910195790034	0.543685354366456	0.159877800407332	0.8908281608733044	933	572	69
16-78_en_professional	en	12.386138613861386	1.8489208633093526	11.0578602464563	10.28688963443107	0.4108713029576339	0.1542765787370104	0.6994404476418865	0.007194244604316547	0.0015987210231814548	0.7524752475247525	0.7579194391501712	4.037383177570093	1.937984496124031	0.004624179254916067	5.012864855263158e-05	0.003007118115031784	3.1223021582733814	19.018691588785046	1.2880446285238176	4.40389294403893	2.1981776765375853	0.3645083932853717	0.7149479166666644	0.8040691324734753	0.830865566732882	0.14308553157474022	0.8927022694906893	1204	760	107
16-79_en_professional	en	14.415841584158416	1.7603021978021978	10.80374415188772	9.251702339244913	0.34615384615384615	0.13186813186813187	0.6456043956043956	0.018543956043956044	0.006868131868131868	0.8712871287128713	0.6991080324992082	4.6138613861386135	1.8929440389294403	0.005367834343884615	7.788822914691944e-05	0.0028203179798924486	1.8695054945054945	21.73267326732673	1.3128197825499548	4.577062556663645	2.0546875	0.323489010989011	0.679476787030211	0.48949358887142563	0.5957760010327271	0.18612637362637363	0.880002218433831	1417	844	101
16-8_en_professional	en	15.615384615384615	1.7430213464696223	11.067651888341544	9.665481798661109	0.35467980295566504	0.1174055829228243	0.680623973727422	0.0451559934318555	0.0016420361247947454	0.8974358974358975	0.6980658804371107	4.8076923076923075	1.9733727810650887	0.005180507470853859	6.883543347338936e-05	0.0029750869572894045	2.293103448275862	24.897435897435898	1.3641743968925149	4.344279117496152	1.8992443324937027	0.3440065681444992	0.6733690795352951	0.4772351379559801	0.6278982413416071	0.15845648604269294	0.8888670960734657	1155	714	78
16-80_en_professional	en	12.863636363636363	1.8916372202591283	11.748137380875896	10.145470200235573	0.37809187279151946	0.12956419316843346	0.6631330977620731	0.008244994110718492	0.0035335689045936395	0.9090909090909091	0.7112328331645463	4.636363636363637	1.7954545454545454	0.005332377023439341	6.181464363992172e-05	0.004151460734905095	1.6230859835100118	20.28787878787879	1.3272521364524992	4.529542097488922	2.11336032388664	0.39811542991755006	0.7099333333333347	0.5422031465544461	0.6915190066671418	0.15665488810365136	0.9029631262821657	827	511	66
16-81_en_professional	en	13.214285714285714	1.872072072072072	11.65402187902188	10.193581724581724	0.38738738738738737	0.13963963963963963	0.6657657657657657	0.011711711711711712	0.006306306306306306	0.9285714285714286	0.707375469572818	4.416666666666667	1.8604651162790697	0.005598229655405406	5.916235235988201e-05	0.00313646980313647	2.081081081081081	20.36904761904762	1.2940710691004558	4.595375722543353	2.1586206896551725	0.4099099099099099	0.7190801186943606	0.6165935007511053	0.694763621154122	0.16216216216216217	0.9103789090021631	1091	678	84
16-82_en_professional	en	12.2	1.9639344262295082	12.342426229508199	10.924102295081967	0.3770491803278688	0.16393442622950818	0.7032786885245902	0.006557377049180328	0.003278688524590164	0.88	0.7611277511460743	4.38	1.8709677419354838	0.004997674863114754	7.768208186397985e-05	0.004675166970248937	1.2557377049180327	19.02	1.3729966478152407	4.636174636174636	2.1103896103896105	0.45901639344262296	0.7306653620352266	0.6049555753942641	0.7786797673186867	0.16229508196721312	0.9095046229163373	606	397	50
16-84_en_professional	en	12.518518518518519	1.8431952662721893	11.041926364234058	9.238022331799257	0.35355029585798814	0.13609467455621302	0.6760355029585798	0.02514792899408284	0.0029585798816568047	0.7592592592592593	0.7547486815739483	4.592592592592593	1.8155339805825244	0.005582580561538462	5.2050899000000004e-05	0.0044629425333467055	1.6375739644970415	20.703703703703702	1.4500324978787504	4.437611408199643	2.2532751091703056	0.4319526627218935	0.7032928942807621	0.5961016794594599	0.6268989284836962	0.15976331360946747	0.9024791399408522	658	400	54
16-86_en_professional	en	13.893939393939394	1.693565976008724	9.812714880539307	8.375798400581605	0.35877862595419846	0.11668484187568157	0.6543075245365322	0.03707742639040349	0.003271537622682661	0.7575757575757576	0.7586700521957274	4.545454545454546	1.9248120300751879	0.005935106922028354	6.398926748582231e-05	0.0036546906775914412	1.6248636859323882	21.696969696969695	1.3400295870617371	4.379526462395543	2.118279569892473	0.3718647764449291	0.6557946210268935	0.8629597336843354	0.7794991330683152	0.1450381679389313	0.8891659048227553	880	529	66
16-9_en_professional	en	17.426829268292682	1.8467459762071379	12.998065933878376	10.653944300124596	0.35339398180545833	0.12596221133659902	0.6794961511546536	0.03778866340097971	0.006997900629811057	0.8902439024390244	0.715040379787974	4.902439024390244	1.8886198547215496	0.004477326824982505	7.029975236966825e-05	0.002806604827062519	2.1301609517144855	27.841463414634145	1.2905820838600235	4.499563318777293	1.8928571428571428	0.35339398180545833	0.7084210526315804	0.4982349322434067	0.5964262629743743	0.17004898530440868	0.8884411580304262	1367	844	82
16-90_en_professional	en	15.484375	1.7507568113017153	11.107836623360242	9.841666612008074	0.4026236125126135	0.136226034308779	0.6720484359233098	0.014127144298688193	0.011099899091826439	0.96875	0.7324650167234456	4.984375	1.7750759878419453	0.00578736830161453	4.877964483333333e-05	0.0040107805694286555	2.631685166498486	24.234375	1.3192666431291862	4.568954457985888	1.9727891156462585	0.3501513622603431	0.7137107623318392	0.6565097110227539	0.7159332091141273	0.14631685166498487	0.8819710978590524	956	600	64
16-92_en_professional	en	15.881578947368421	1.752278376139188	11.280700627916104	8.846240927920464	0.37779618889809446	0.11516155758077878	0.6396023198011599	0.015741507870753936	0.0033140016570008283	0.9210526315789473	0.7120639825784036	5.223684210526316	1.768637532133676	0.006018541741839271	6.0021768049792535e-05	0.003639109414491416	2.0057995028997513	23.43421052631579	1.2455748852611184	4.635142697257974	2.0531914893617023	0.3264291632145816	0.667490974729243	0.7493070069199219	0.8536224955771123	0.1615575807787904	0.8771369590862037	1185	723	76
16-93_en_professional	en	13.178571428571429	1.7777777777777777	10.527420634920635	8.491573674022456	0.34417344173441733	0.1111111111111111	0.6205962059620597	0.023035230352303523	0.006775067750677507	0.8928571428571429	0.7373684592990444	4.357142857142857	1.9017857142857142	0.00747161238807588	7.236605531914894e-05	0.004508025849489264	1.2899728997289972	19.517857142857142	1.3105828870613003	4.557990867579909	2.0423280423280423	0.4349593495934959	0.7041784037558687	0.5574053512039578	0.7302108586609444	0.17344173441734417	0.914352370550387	718	423	56
16-94_en_professional	en	13.32183908045977	1.7066436583261433	9.743912409627804	8.234939535667888	0.39516824849007764	0.10353753235547886	0.6453839516824849	0.022433132010353754	0.005176876617773943	0.8735632183908046	0.7201207582767599	4.724137931034483	1.8611111111111112	0.006727206086281277	6.540963166421208e-05	0.003864429024535479	1.7187230371009492	19.95402298850575	1.2845100388771429	4.4804147465437785	2.0	0.362381363244176	0.70747169811321	0.7001211764939692	0.8497276487926023	0.16911130284728215	0.8943753000209903	1126	679	87
16-95_en_professional	en	17.014705882352942	1.644770959377701	10.454032614774519	7.851777578931312	0.3543647363872083	0.10890233362143474	0.6188418323249784	0.021607605877268798	0.003457216940363008	0.8970588235294118	0.7524444494382898	4.867647058823529	1.8579545454545454	0.006518485304407952	0.00010491001109399075	0.0038705798354064114	1.8297320656871219	24.544117647058822	1.2414064455707292	4.398214285714285	1.9781021897810218	0.32757130509939497	0.7009546313799663	0.7022739181942041	0.8703948920874083	0.16421780466724287	0.8803185551887159	1133	649	68
16-96_en_professional	en	15.177083333333334	1.8894989704873026	12.625150351750175	10.111990625714938	0.3761153054221002	0.12010981468771448	0.6492793411118737	0.013040494166094716	0.0034317089910775567	0.90625	0.7190729398964231	5.145833333333333	1.7977777777777777	0.0057479256987645845	5.4916246924829156e-05	0.0031603645592249126	2.0034317089910774	23.739583333333332	1.3876701086235028	4.630749014454665	2.1	0.3514070006863418	0.7111634756995617	0.728297360718412	0.794122711027208	0.17844886753603295	0.8919032927613653	1426	878	96
16-97_en_professional	en	14.142857142857142	1.8737373737373737	12.035815295815297	9.888746320346321	0.3747474747474748	0.13636363636363635	0.6414141414141414	0.00909090909090909	0.010101010101010102	0.8857142857142857	0.6987627212678901	4.614285714285714	1.7229299363057324	0.005891722275454546	4.6211263095238096e-05	0.003932659932659933	2.0373737373737373	22.142857142857142	1.3724642864647743	4.446877012234385	2.0553359683794468	0.34444444444444444	0.6597867564534247	0.5638644197977575	0.723069867558686	0.17676767676767677	0.8825250257179589	973	588	70
16-98_en_professional	en	13.659340659340659	1.7320997586484312	10.175920009194346	8.428174018901455	0.37168141592920356	0.12952534191472245	0.6798069187449718	0.02815768302493966	0.006436041834271922	0.9010989010989011	0.7458948664273115	4.56043956043956	1.7596899224806202	0.004537264357665325	5.690530444743936e-05	0.003332950235605103	2.168946098149638	21.01098901098901	1.3070948737915071	4.491649269311065	1.9786666666666666	0.35398230088495575	0.7093006993006976	0.6162759617233465	0.7431792980951829	0.17779565567176187	0.8880294711618306	1199	742	91
16-99_en_professional	en	12.313725490196079	1.734076433121019	9.674454852004498	8.37909375546397	0.40445859872611467	0.10191082802547771	0.6528662420382165	0.01910828025477707	0.0015923566878980893	0.8235294117647058	0.7046542042478763	4.03921568627451	1.7014218009478672	0.005147382164808917	7.047639866666668e-05	0.005818226359627633	1.7563694267515924	20.019607843137255	1.4554549796107024	4.258284600389864	2.0941176470588236	0.39012738853503187	0.6893950850661641	0.5157222508228166	0.6630380820994954	0.1767515923566879	0.884395552111082	617	375	51
17-10_en_professional	en	12.736842105263158	1.7045454545454546	9.491004784689	7.0223892561983465	0.34297520661157027	0.12190082644628099	0.6487603305785123	0.008264462809917356	0.002066115702479339	0.8947368421052632	0.7911092718190624	3.736842105263158	2.0384615384615383	0.006843727015289256	5.440129003436426e-05	0.008193217440866344	0.6466942148760331	17.42105263157895	1.1248694449769763	4.8083209509658245	2.1983471074380163	0.41115702479338845	0.649350649350649	-1	0.7271348336840187	0.21074380165289255	0.8843634675018884	480	291	38
17-107_en_professional	en	14.730263157894736	1.7382760160786066	10.666459621306505	8.259454265297007	0.38633318445734705	0.10093791871371148	0.6681554265297007	0.04644930772666369	0.008932559178204555	0.9210526315789473	0.7486522656381902	4.256578947368421	1.9646869983948636	0.005077439067269316	8.655368453292496e-05	0.0026620444217585796	2.6145600714604735	23.45394736842105	1.300138422659968	4.224972191323693	1.9385863267670915	0.2621706118803037	0.6607990654205643	0.6223471651090063	0.7101500553989849	0.1768646717284502	0.8502513390872276	2118	1306	152
17-108_en_professional	en	16.36144578313253	1.9499263622974963	13.800094930532143	11.353152144365385	0.4020618556701031	0.13622974963181148	0.7061855670103093	0.036818851251840944	0.0007363770250368188	0.9397590361445783	0.737965351906699	4.655172413793103	1.854368932038835	0.004270671020024595	4.541618440366972e-05	0.003088873538650019	2.7142857142857144	24.310344827586206	1.226979789548634	4.571832312764955	1.9188034188034189	0.312960235640648	0.6572835583796711	0.6627757537984211	0.7117783598313797	0.16494845360824742	0.8587079242627508	1311	872	87
17-110_en_professional	en	13.7	1.7871046228710463	10.840834549878348	9.489192311435524	0.30656934306569344	0.14841849148418493	0.6423357664233577	0.012165450121654502	0.012165450121654502	0.9666666666666667	0.7590979246031216	4.083333333333333	1.7675438596491229	0.005102986161678832	4.654170082474227e-05	0.004000561482313307	1.1399026763990268	20.733333333333334	1.300738424851331	4.597122302158273	2.0588235294117645	0.3746958637469586	0.6956293222683276	0.6281905336453684	0.7393777524460831	0.22506082725060828	0.8882485755461541	812	485	60
17-113_en_professional	en	14.418181818181818	1.939470365699874	12.918841224349421	11.229200453972258	0.39974779319041615	0.11853720050441362	0.6860025220680959	0.013871374527112233	0.0037831021437578815	0.9454545454545454	0.7113384820882623	4.781818181818182	1.7137254901960783	0.004269681060655738	5.469342848605578e-05	0.0046513550947842805	1.532156368221942	22.12727272727273	1.239669557601152	4.75020475020475	2.0191387559808613	0.41740226986128626	0.715806916426513	0.7568210201660938	0.903243817634399	0.1841109709962169	0.901457234489921	780	502	55
17-119_en_professional	en	17.742857142857144	1.8389694041867954	13.029553255118472	9.590092026685072	0.36231884057971014	0.12560386473429952	0.6586151368760065	0.020933977455716585	0.00966183574879227	0.9428571428571428	0.7275892941417111	4.885714285714286	2.0166666666666666	0.004789985384025765	5.244062197802198e-05	0.005420054200542005	0.7648953301127214	26.685714285714287	1.2900679403732234	4.645435244161359	1.9102564102564104	0.44605475040257647	0.6768007662835244	0.4735762221628974	0.6412269798986152	0.1932367149758454	0.9099264044084105	609	364	35
17-120_en_professional	en	15.319148936170214	1.7583333333333333	11.132801418439719	8.370028368794326	0.3194444444444444	0.11666666666666667	0.6361111111111111	0.008333333333333333	0.004166666666666667	0.8936170212765957	0.7262138798578776	4.382978723404255	1.7122641509433962	0.00553640552375	6.145431334951456e-05	0.005006459948320414	0.6819444444444445	20.617021276595743	1.1059653235599913	4.864337101747173	2.04	0.40555555555555556	0.6765056360708548	0.59796133693196	0.7365210034703585	0.2111111111111111	0.9010013253091737	714	412	47
17-122_en_professional	en	11.953271028037383	1.7412040656763097	9.617983675915035	8.016104507756497	0.4081313526192338	0.1305707584050039	0.7146207974980453	0.03674745895230649	0.004691164972634871	0.7663551401869159	0.7051002445139402	3.9537037037037037	2.0232558139534884	0.004545983455668492	6.710435498783455e-05	0.003376607755028396	1.9390148553557467	17.805555555555557	1.2515782999058875	4.514592933947773	1.9577114427860696	0.34636434714620795	0.7061864406779669	0.9184884260575916	0.9293804782657861	0.14777169663799844	0.8782227093596507	1229	822	108
17-125_en_professional	en	15.513157894736842	1.64715860899067	9.896603165037277	7.274050212044106	0.36810856658184904	0.11704834605597965	0.6581849024597116	0.026293469041560644	0.004240882103477523	0.881578947368421	0.7433718447147724	4.671052631578948	1.9910979228486647	0.005726886578965225	6.750804428364689e-05	0.0029919190224533734	1.8659881255301103	22.5	1.2177460165010845	4.479603729603729	1.8370607028753994	0.361323155216285	0.7141388888888845	0.7359434059188278	0.800160881118818	0.15776081424936386	0.8928732949308336	1148	691	76
17-126_en_professional	en	18.88888888888889	1.7722689075630251	12.689439775910365	9.380070961718022	0.35294117647058826	0.11932773109243698	0.6428571428571429	0.013445378151260505	0.010084033613445379	0.7777777777777778	0.734711526497441	5.063492063492063	1.8039772727272727	0.005478930144117647	6.53344823269514e-05	0.002958326187617904	1.9478991596638655	25.682539682539684	1.0985984655194467	4.885015290519878	1.9591194968553458	0.3126050420168067	0.7111915673693847	0.5057058001996838	0.6449807225071623	0.17394957983193277	0.8742178792290787	1172	679	63
17-128_en_professional	en	16.851063829787233	1.7095959595959596	11.155147216849343	8.741462518805072	0.3712121212121212	0.08838383838383838	0.6452020202020202	0.04419191919191919	0.010101010101010102	1.0	0.7250588539135707	5.23404255319149	1.887029288702929	0.0057925669334974745	6.650911776765375e-05	0.004164451532872586	1.2487373737373737	24.95744680851064	1.2980040456595694	4.393039049235993	1.8025210084033614	0.44191919191919193	0.7254834054834068	0.688211417396407	0.8606197866842134	0.1527777777777778	0.9170400795825151	754	439	47
17-129_en_professional	en	16.729166666666668	1.8904109589041096	13.241224315068497	10.751469095060191	0.45579078455790784	0.13325031133250312	0.7023661270236613	0.008717310087173101	0.0037359900373599006	0.8958333333333334	0.673880233875446	4.5636363636363635	1.926356589147287	0.005819586093307596	7.040844379699248e-05	0.005367801777815949	1.3549190535491906	22.78181818181818	1.0448779954463432	4.67008681925809	2.15	0.45828144458281445	0.6768323863636366	0.7688099569688357	0.8762728446084479	0.1232876712328767	0.9103166071502782	792	532	55
17-13_en_professional	en	13.121212121212121	1.6812933025404158	9.366533697249633	7.8421461123941505	0.34872979214780603	0.10623556581986143	0.6420323325635104	0.009237875288683603	0.0	0.9696969696969697	0.8095346939866293	4.090909090909091	2.2767857142857144	0.0074246588628175516	4.2465426984126984e-05	0.009539110352445025	0.45958429561200925	19.666666666666668	1.2751010054353455	4.398176291793313	2.1130434782608694	0.46420323325635104	0.7026347305389217	-1	0.7917277395399186	0.18013856812933027	0.9037483245875501	428	252	33
17-130_en_professional	en	15.058823529411764	2.0390625	14.343878676470592	11.741858731617647	0.3828125	0.1015625	0.60546875	0.00390625	0.00390625	0.9411764705882353	0.8413512277951933	3.9411764705882355	1.8717948717948718	0.0063332952734375	5.065095238095238e-05	0.011439732142857142	0.2734375	20.58823529411765	1.146703541485325	5.1671388101983	2.0714285714285716	0.5546875	0.6750955414012736	-1	-1	0.1796875	0.9400683809772394	255	147	17
17-131_en_professional	en	11.118110236220472	1.798158640226629	9.964334946800207	8.998870127813346	0.4730878186968839	0.12393767705382436	0.7294617563739377	0.026912181303116147	0.00141643059490085	0.7716535433070866	0.7476709808200341	3.8333333333333335	2.0263736263736263	0.0048732146169517205	5.76978719017094e-05	0.002511871522611939	2.273371104815864	16.643939393939394	1.236660557706678	4.452796420581656	2.0280210157618215	0.4093484419263456	0.6808606245239955	0.7775220730821916	0.9004086938589733	0.14093484419263455	0.9054009849577024	1365	936	132
17-132_en_professional	en	14.203703703703704	1.8109517601043026	11.318675213675217	8.992727577381816	0.40547588005215124	0.13559322033898305	0.6883963494132985	0.009126466753585397	0.005215123859191656	0.9444444444444444	0.7821800766439008	4.12962962962963	2.1805555555555554	0.005557828452151239	5.640980163265306e-05	0.0048183209568618554	2.104302477183833	20.537037037037038	1.27012615684346	4.719251336898396	2.1739130434782608	0.3728813559322034	0.677859281437125	0.5792915338690647	0.730642111816719	0.1577574967405476	0.8779017461034145	758	490	54
17-135_en_professional	en	16.625	1.7092731829573935	11.063173558897244	7.663146115288221	0.3609022556390977	0.10526315789473684	0.6340852130325815	0.015037593984962405	0.010025062656641603	1.0	0.7198790150415549	4.461538461538462	1.9112903225806452	0.006353649447619047	6.105553939393939e-05	0.009832272990167727	0.6441102756892231	19.807692307692307	1.0301871783378767	4.963671128107075	2.0454545454545454	0.45363408521303256	0.6882666666666666	-1	0.895350627181641	0.16791979949874686	0.899938237096713	394	231	26
17-138_en_professional	en	15.166666666666666	1.8296703296703296	11.915109890109889	9.476764102564104	0.358974358974359	0.13736263736263737	0.6391941391941391	0.0018315018315018315	0.005494505494505495	1.0	0.7594346370816959	4.222222222222222	1.8571428571428572	0.005944514706959707	5.360949843260188e-05	0.00651673907487861	1.3241758241758241	23.666666666666668	1.3309789917973847	4.445093457943925	2.2116788321167884	0.43223443223443225	0.7037583892617453	0.7928455112273766	0.7774522336058765	0.1813186813186813	0.8997769047647035	539	319	36
17-140_en_professional	en	11.833333333333334	1.8838028169014085	11.253873239436619	10.005082629107982	0.3873239436619718	0.13380281690140844	0.7007042253521126	0.028169014084507043	0.0035211267605633804	1.0	0.7802517737717632	4.083333333333333	1.8160919540229885	0.0037858036440140846	5.7204902808988765e-05	0.01056338028169014	0.4823943661971831	17.291666666666668	1.2018287198482633	4.873205741626794	2.0941176470588236	0.5774647887323944	0.7162162162162163	-1	-1	0.1795774647887324	0.919022164584494	273	178	24
17-141_en_professional	en	11.51063829787234	1.7134935304990757	9.11837259605931	7.8581739174892835	0.3733826247689464	0.1367837338262477	0.6765249537892791	0.018484288354898338	0.005545286506469501	0.851063829787234	0.7699577066045101	3.0980392156862746	1.8098159509202454	0.004501150766543438	4.57871406626506e-05	0.0073937153419593345	0.8354898336414048	15.470588235294118	1.382452323578859	4.570186335403727	2.0988372093023258	0.4454713493530499	0.7265384615384608	0.6767003721881618	0.9150387523589737	0.16820702402957485	0.8983315264041722	531	332	51
17-142_en_professional	en	11.16	1.8554360812425328	10.656545758661888	8.842349849462368	0.4074074074074074	0.11230585424133811	0.6714456391875747	0.009557945041816009	0.0011947431302270011	0.88	0.6965833781632272	3.7466666666666666	1.8700361010830324	0.006288297720310633	5.434151414913958e-05	0.004475545694183687	1.3357228195937874	17.346666666666668	1.2825611737737057	4.499250374812593	2.32	0.3942652329749104	0.6755013550135489	0.7680005470588774	0.8358549954894758	0.16248506571087215	0.8937836198346523	825	523	75
17-15_en_professional	en	11.270588235294118	1.8632567849686847	10.791959474395188	9.505507071104017	0.35177453027139877	0.18058455114822547	0.6805845511482255	0.0010438413361169101	0.003131524008350731	0.9058823529411765	0.7531034138063846	3.9529411764705884	2.097122302158273	0.004913911463987473	5.644891109298532e-05	0.004541625462403399	1.2254697286012526	15.870588235294118	1.2035065131727718	4.897472924187726	2.327188940092166	0.34133611691022964	0.6799883585564656	0.6264982594514708	0.7114149471078385	0.16075156576200417	0.8710920984263619	953	613	85
17-159_en_professional	en	12.095238095238095	1.7069116360454943	9.268700162479693	7.912678140232472	0.3442694663167104	0.09667541557305337	0.6373578302712161	0.020559930008748905	0.0074365704286964126	0.6931216931216931	0.7245563288831599	4.031746031746032	2.073170731707317	0.007585035895931758	6.725349698142414e-05	0.002894498000834008	1.7060367454068242	16.735449735449734	1.125002509069146	4.73730407523511	2.1210287443267775	0.22572178477690288	0.6114814814814782	0.5377518982433172	0.5940601787691666	0.20078740157480315	0.8397825144130691	2216	1292	189
17-16_en_professional	en	14.015873015873016	1.6862967157417894	9.774491721943594	7.805407535637887	0.3578708946772367	0.13137032842582105	0.665911664779162	0.0056625141562853904	0.007927519818799546	0.9047619047619048	0.723686926340267	4.222222222222222	2.0292887029288704	0.00548922831189128	6.194861256931608e-05	0.005919901163389273	0.8878822197055493	19.38095238095238	1.254129174963627	4.809215844785772	2.191256830601093	0.36126840317100795	0.6694642857142847	0.6150724261791986	0.7205440060502213	0.17893544733861835	0.8767019408686211	878	541	63
17-160_en_professional	en	11.705882352941176	1.7412060301507537	9.521525273425954	7.654007449009756	0.32663316582914576	0.11055276381909548	0.6130653266331658	0.01256281407035176	0.002512562814070352	0.9411764705882353	0.7851729943351669	3.6470588235294117	1.9363636363636363	0.008463101872613066	4.862362747747748e-05	0.009748743718592965	0.5954773869346733	15.558823529411764	1.1054893719990289	4.8462962962962965	2.1808510638297873	0.41457286432160806	0.6365217391304339	-1	0.7146603645813077	0.19095477386934673	0.8876692437138967	392	222	34
17-161_en_professional	en	12.871794871794872	1.6673306772908367	9.104501992031874	7.214733823679641	0.3187250996015936	0.10956175298804781	0.6095617529880478	0.017928286852589643	0.01593625498007968	0.9487179487179487	0.8071702020582342	3.380952380952381	1.8819444444444444	0.007250542210956175	7.427231022727273e-05	0.007285145133750711	0.9840637450199203	15.571428571428571	1.0674406771592941	4.769924812030075	2.1181102362204722	0.39243027888446214	0.6877915632754331	-1	0.753499854628628	0.19123505976095617	0.8797201494666714	492	264	42
17-162_en_professional	en	11.790697674418604	1.7968441814595661	10.21113343424614	7.946720233016835	0.40828402366863903	0.09270216962524655	0.6094674556213018	0.0	0.007889546351084813	0.813953488372093	0.7680781612935528	4.023255813953488	2.1818181818181817	0.00863795520453649	4.694520885245902e-05	0.008500046961585423	1.4260355029585798	16.441860465116278	1.1037401650542416	4.768156424581005	2.2796610169491527	0.3057199211045365	0.5707352941176472	0.4064601927108067	0.6436906455871286	0.126232741617357	0.8398180435511879	507	305	43
17-163_en_professional	en	10.5625	1.9349112426035502	11.361327662721894	9.689807396449703	0.3254437869822485	0.15384615384615385	0.6745562130177515	0.0	0.0	1.0	0.781115930852773	3.5	1.9574468085106382	0.00552536209704142	3.848871836734694e-05	0.015779092702169623	0.9053254437869822	15.4375	1.11107938570932	4.718875502008032	2.1914893617021276	0.4437869822485207	0.6227142857142857	-1	-1	0.22485207100591717	0.8397328050026698	169	98	16
17-164_en_professional	en	13.18	1.5948406676783005	8.369319878603946	6.481730901365706	0.34749620637329287	0.08497723823975721	0.6160849772382397	0.021244309559939303	0.0030349013657056147	0.96	0.7702659264407434	3.54	2.1569767441860463	0.007975716617905918	6.788347555555555e-05	0.0063588409567165265	0.9954476479514416	17.02	1.0388616218300222	4.74223245109321	2.106918238993711	0.37025796661608495	0.634625000000001	0.9157664376580462	0.7441034804124042	0.18512898330804248	0.8764804821065142	637	360	50
17-165_en_professional	en	12.277777777777779	1.8793363499245852	11.374502262443443	9.646547310206135	0.35294117647058826	0.13423831070889894	0.6742081447963801	0.010558069381598794	0.00904977375565611	0.9814814814814815	0.7148201514642947	3.611111111111111	2.027173913043478	0.005415020391402715	4.552326167076167e-05	0.007184250218305947	0.8838612368024132	16.574074074074073	1.112723697268642	5.098125689084895	2.155844155844156	0.3815987933634992	0.6819858156028383	0.5658163984726471	0.723276483047481	0.1885369532428356	0.8705726830595876	654	407	54
17-166_en_professional	en	11.608695652173912	1.852059925093633	10.791698420452697	9.322546946751343	0.3445692883895131	0.1348314606741573	0.649812734082397	0.0	0.0018726591760299626	0.8478260869565217	0.7877641802641804	3.8043478260869565	1.9240506329113924	0.006789522473782771	5.6387503125e-05	0.007440024293956878	1.0580524344569289	16.434782608695652	1.1705115576623903	4.836150845253576	2.248	0.37265917602996257	0.67144827586207	0.5334532425787445	0.6556300708878976	0.16666666666666666	0.8674874906570403	531	320	46
17-167_en_professional	en	12.350877192982455	1.8963068181818181	11.603262559808616	9.601927462121212	0.34801136363636365	0.11647727272727272	0.6534090909090909	0.0014204545454545455	0.002840909090909091	0.9298245614035088	0.7376625253524302	4.0701754385964914	1.6622222222222223	0.005831188299289774	5.451146642335766e-05	0.005569677033492823	0.703125	16.771929824561404	1.065002466607937	5.150670794633643	2.2568306010928962	0.4289772727272727	0.692512396694215	0.6846403040868161	0.8077950011038497	0.19176136363636365	0.9119967956857705	702	411	57
17-168_en_professional	en	13.197368421052632	1.7756729810568295	10.509914860681114	8.996884147557328	0.37188434695912265	0.1535393818544367	0.6580259222333001	0.0029910269192422734	0.003988035892323031	0.9473684210526315	0.7129346286563678	4.063291139240507	2.053156146179402	0.006966450736490528	5.025251018062398e-05	0.004555564076999769	1.687936191425723	17.873417721518987	1.121360590328386	4.754901960784314	2.1310861423220975	0.33798604187437686	0.6708296460177002	0.6726507040491605	0.7950438402593716	0.14057826520438685	0.8737176549578977	991	609	79
17-169_en_professional	en	8.703703703703704	1.7957446808510638	8.994231678487001	7.645748620961385	0.451063829787234	0.13191489361702127	0.6851063829787234	0.00425531914893617	0.00425531914893617	1.0	0.6986560953666217	3.4827586206896552	1.7654320987654322	0.0072013818540425534	5.053773486842105e-05	0.012943262411347517	0.5872340425531914	13.379310344827585	1.249601642441399	4.076923076923077	2.3513513513513513	0.49361702127659574	0.6163235294117646	-1	-1	0.10638297872340426	0.8889359729244314	235	152	29
17-17_en_professional	en	10.653846153846153	1.6389891696750902	7.9050722021660675	6.901557733962788	0.3898916967509025	0.13357400722021662	0.6787003610108303	0.007220216606498195	0.007220216606498195	1.0	0.7795494505494507	3.3846153846153846	2.1733333333333333	0.005320582512635379	5.283268235294118e-05	0.01330039901197036	0.5848375451263538	14.692307692307692	1.14804159425534	4.75	2.1323529411764706	0.4729241877256318	0.7315168539325838	-1	-1	0.148014440433213	0.8907497119631629	275	170	26
17-170_en_professional	en	11.481481481481481	1.6064516129032258	7.843906810035843	6.156929510155317	0.3967741935483871	0.0935483870967742	0.6483870967741936	0.012903225806451613	0.0032258064516129032	0.9629629629629629	0.7555678332913724	3.8275862068965516	2.0760869565217392	0.008691422186774192	4.331180625e-05	0.011166253101736974	0.567741935483871	15.03448275862069	1.1443824384584131	4.423423423423423	2.135135135135135	0.4774193548387097	0.6364454976303314	-1	-1	0.15483870967741936	0.8944951416004034	304	176	29
17-171_en_professional	en	11.916666666666666	1.6118881118881119	8.077779720279722	5.780158974358975	0.3531468531468531	0.10139860139860139	0.6188811188811189	0.01048951048951049	0.006993006993006993	0.9583333333333334	0.7995183849588884	3.6153846153846154	1.9770114942528736	0.008906290866083915	5.525458198757764e-05	0.011322011322011322	0.5034965034965035	15.653846153846153	1.0506129568250013	4.325301204819277	2.1818181818181817	0.479020979020979	0.6347593582887703	-1	-1	0.17482517482517482	0.9043011577270214	283	161	26
17-172_en_professional	en	8.288461538461538	1.6566125290023201	7.190527842227379	5.891155595216847	0.4361948955916473	0.08816705336426914	0.6867749419953596	0.002320185614849188	0.002320185614849188	0.8461538461538461	0.7402966224044658	2.923076923076923	1.8721804511278195	0.00616818998399072	7.179666581818181e-05	0.008975454878495543	1.1948955916473318	11.442307692307692	1.1639949981091813	4.6742301458670985	2.308411214953271	0.42691415313225056	0.6740060240963854	-1	0.8228600758693979	0.18097447795823665	0.878525018614461	430	275	52
17-173_en_professional	en	12.061728395061728	1.6939611054247696	9.102815118086358	7.668015767592907	0.368474923234391	0.14841351074718526	0.6857727737973388	0.006141248720573183	0.0030706243602865915	0.9135802469135802	0.7543500954995139	3.783132530120482	2.032142857142857	0.006702828342272262	5.3555034343434344e-05	0.004651092781022337	1.8853633572159672	17.048192771084338	1.1656453469950712	4.550593161200279	2.0496688741721854	0.330603889457523	0.6616173120728936	0.7302674881854876	0.759043752411845	0.15148413510747186	0.8606970557010261	957	594	83
17-174_en_professional	en	11.978260869565217	1.5535390199637023	7.413282174702122	5.994589173834137	0.33756805807622503	0.11070780399274047	0.6261343012704175	0.039927404718693285	0.0018148820326678765	0.9782608695652174	0.7164623636408145	4.043478260869565	2.090909090909091	0.007760151272050817	5.505772574257426e-05	0.010090744101633393	0.5226860254083484	15.76086956521739	1.0895411316593289	4.6875852660300135	2.006622516556291	0.39201451905626133	0.6072787610619473	0.6189423089320722	0.7348602592476703	0.1851179673321234	0.8804118240429307	527	303	46
17-175_en_professional	en	11.6875	1.8342245989304813	10.61197526737968	8.926119696969696	0.39750445632798576	0.11764705882352941	0.679144385026738	0.0	0.0017825311942959	0.9166666666666666	0.7144905830449523	4.333333333333333	1.6256410256410256	0.005704092040106952	7.04951443148688e-05	0.006281300398947458	1.1140819964349375	15.791666666666666	1.071724362546189	5.094072164948454	2.2420382165605095	0.44206773618538325	0.7005411255411261	0.6828150337419734	0.914640635443418	0.16755793226381463	0.9067401916945735	560	343	48
17-176_en_professional	en	12.236842105263158	1.6279569892473118	8.392260894170914	4.938655913978495	0.3870967741935484	0.0967741935483871	0.6473118279569893	0.008602150537634409	0.0064516129032258064	0.8947368421052632	0.7102473750555592	3.9210526315789473	2.044776119402985	0.007580345899139785	3.5742963468634685e-05	0.011559139784946236	0.4645161290322581	16.605263157894736	1.139802088917334	4.608763693270736	2.305263157894737	0.3978494623655914	0.6230874316939896	-1	0.8025102069190231	0.17204301075268819	0.8769280057798948	463	271	38
17-18_en_professional	en	12.92134831460674	1.6765217391304348	9.232282364435758	7.1463798729848556	0.3660869565217391	0.10956521739130434	0.6182608695652174	0.009565217391304347	0.0034782608695652175	0.7640449438202247	0.8183435879991873	3.78021978021978	2.1987381703470033	0.008783381	4.603946564885496e-05	0.005096989966555184	1.5721739130434782	18.417582417582416	1.2043450492247127	4.370958259847149	2.2077464788732395	0.23565217391304347	0.5789628924833484	0.4638115781498744	0.5458207735043419	0.15565217391304348	0.8231053691917397	1139	655	91
17-19_en_professional	en	11.894736842105264	1.7212389380530972	9.359566837447602	8.167221828908556	0.3333333333333333	0.13126843657817108	0.6342182890855457	0.030973451327433628	0.004424778761061947	0.8070175438596491	0.807251350069986	4.0	2.252808988764045	0.007719582528318584	5.429909476439791e-05	0.007005899705014749	1.0073746312684366	16.63157894736842	1.1355749071394037	4.72651356993737	2.13265306122449	0.28761061946902655	0.5994127806563039	0.7746053665793683	0.5197592356243556	0.15191740412979352	0.8311678429370994	657	382	57
17-23_en_professional	en	14.052631578947368	1.8089887640449438	11.236593731519815	9.773101872659176	0.3732833957553059	0.10611735330836454	0.6579275905118602	0.0149812734082397	0.0012484394506866417	0.9298245614035088	0.7649850468459011	4.245614035087719	1.8347457627118644	0.005984839281523095	4.297704020618557e-05	0.005593008739076155	1.2147315855181025	19.36842105263158	1.1651286112294552	5.003581020590868	2.10752688172043	0.36953807740324596	0.6784045584045593	0.7631103621123614	0.7577466278297318	0.1735330836454432	0.87935775881664	790	485	57
17-27_en_professional	en	12.3625	1.8190091001011122	10.695682381193123	9.639512527805863	0.3700707785642063	0.11425682507583418	0.6703741152679474	0.012133468149646108	0.014155712841253791	0.9	0.7361175218858377	4.1375	1.713355048859935	0.004839452324998787	7.738736587030716e-05	0.004305986541612915	1.3700707785642063	16.55	1.057138182593709	5.141072740631889	2.1768953068592056	0.3993933265925177	0.7384494382022451	0.6972991543103496	0.7913452524399921	0.19716885743174925	0.902103326952284	974	586	80
17-30_en_professional	en	9.5	1.7894736842105263	9.230789473684215	8.016557894736843	0.5263157894736842	0.10526315789473684	0.6842105263157895	0.0	0.0	1.0	0.9375	4.0	1.2222222222222223	0.005652615310526315	2.343776153846154e-05	0.10526315789473684	0.0	16.5	1.1590909090909092	3.676470588235294	1.8333333333333333	0.8421052631578947	0.8421052631578947	-1	-1	0.10526315789473684	0.9348704159880586	19	13	2
17-32_en_professional	en	12.588235294117647	1.7305295950155763	9.739660985889685	8.325734249587686	0.3644859813084112	0.14797507788161993	0.661993769470405	0.014018691588785047	0.00778816199376947	0.9411764705882353	0.731442611883637	4.1568627450980395	1.9894736842105263	0.006094212708099689	5.5417851870324194e-05	0.0053033674529001625	1.1433021806853583	18.41176470588235	1.217690052739399	4.626849894291754	2.0431654676258995	0.43146417445482865	0.7156353591160238	0.611223828841404	0.7975674761967869	0.1791277258566978	0.9043326462826511	632	401	51
17-4_en_professional	en	13.492063492063492	1.7670588235294118	10.523198879551824	8.50529654528478	0.37529411764705883	0.11529411764705882	0.6529411764705882	0.002352941176470588	0.004705882352941176	0.9365079365079365	0.7524697287111125	4.34375	1.6964285714285714	0.005895542714117647	5.9546331395348834e-05	0.004176470588235294	1.4011764705882352	17.953125	1.0798972720865065	5.0	2.1946902654867255	0.4211764705882353	0.7123834886817572	0.6824222669395524	0.8050448753612687	0.16823529411764707	0.9071933767490703	846	516	64
17-41_en_professional	en	14.606060606060606	1.8734439834024896	12.213002640513015	10.245452835408022	0.34647302904564314	0.19294605809128632	0.6908713692946058	0.012448132780082987	0.0	0.8484848484848485	0.7499040292523023	4.333333333333333	2.0	0.00491627038713693	3.946202129032258e-05	0.006283343212803794	0.9854771784232366	24.09090909090909	1.3171020241581328	4.462406015037594	2.0307692307692307	0.45435684647302904	0.695509138381201	-1	0.7071413176122712	0.14522821576763487	0.8983224349429497	475	310	33
17-44_en_professional	en	14.915254237288135	1.8397727272727273	11.936267334360554	9.467080508474577	0.325	0.15568181818181817	0.6613636363636364	0.006818181818181818	0.0011363636363636363	0.8983050847457628	0.736875315794955	4.88135593220339	2.0245901639344264	0.006463504666704546	4.780991860902256e-05	0.003916396103896104	0.9579545454545455	21.135593220338983	1.185934960974915	4.8488	2.15819209039548	0.3795454545454545	0.6853521126760578	0.676237057224391	0.7833149623090317	0.18409090909090908	0.8931209930618489	873	532	59
17-47_en_professional	en	14.288461538461538	1.7442799461641991	10.565003364737553	8.775134403147325	0.351278600269179	0.1601615074024226	0.676985195154778	0.020188425302826378	0.010767160161507403	0.9423076923076923	0.7481377806741365	4.403846153846154	1.9282511210762332	0.005132563475746972	6.915208122270744e-05	0.0046144972120746005	1.2907133243606999	18.865384615384617	1.079124556840104	5.1097683786505534	2.139423076923077	0.44010767160161507	0.7343478260869561	0.6876327725758941	0.81200234921924	0.1695827725437416	0.9082159648112684	727	458	52
17-48_en_professional	en	15.17142857142857	1.7231638418079096	10.660190476190479	8.212096002152276	0.3606403013182674	0.1487758945386064	0.6619585687382298	0.01224105461393597	0.006591337099811676	0.9428571428571428	0.7635903550169012	4.391891891891892	1.9841269841269842	0.00489327300120339	9.711774475308643e-05	0.003631961259079903	1.5282485875706215	18.95945945945946	1.095538682267857	5.137906647807638	2.076	0.3822975517890772	0.6941017653167197	0.727652737519369	0.8036992090860198	0.1751412429378531	0.8943555649093082	1049	648	74
17-49_en_professional	en	10.852564102564102	1.8222090962787951	10.144567336089782	10.035981086525208	0.4223272297696397	0.11990549320732427	0.7141169521559362	0.05906674542232723	0.0011813349084465446	0.7307692307692307	0.7536551019349403	3.7358490566037736	1.9529190207156308	0.0053358135784688015	7.42727993236715e-05	0.0022599450422455636	4.111045481393975	16.70440251572327	1.3387883652625017	4.45101663585952	1.8538713195201746	0.35971647962197284	0.7061229611041445	0.6832786045299126	0.7359068137134946	0.1151801535735381	0.8899171217178871	1570	1035	159
17-5_en_professional	en	14.19047619047619	1.4899328859060403	7.525493767976993	5.371238223074464	0.4513422818791946	0.06040268456375839	0.6409395973154363	0.0016778523489932886	0.003355704697986577	0.9761904761904762	0.7558609783764907	4.0	1.875	0.007200285908389262	7.071925689655172e-05	0.008279836591771228	1.4144295302013423	17.608695652173914	1.0849273153929422	4.58578431372549	2.210526315789474	0.3573825503355705	0.6218712273641844	0.6924698084037302	0.7488135887123383	0.1610738255033557	0.8584597915415738	592	348	46
17-50_en_professional	en	10.117647058823529	1.8415697674418605	10.086405608755133	9.731321751025991	0.4316860465116279	0.1184593023255814	0.7122093023255814	0.034156976744186045	0.002180232558139535	0.7058823529411765	0.7269720027306402	3.4265734265734267	1.8793859649122806	0.004747681905359257	7.607005123042505e-05	0.0028568564554931836	2.967296511627907	13.643356643356643	1.189581377118345	4.91852955787382	2.133086876155268	0.3815406976744186	0.7187314017227864	0.8107680410342987	0.8080441477471784	0.14970930232558138	0.8898814014489718	1317	894	143
17-51_en_professional	en	13.8	1.8043478260869565	11.08330434782609	9.262649855072466	0.37681159420289856	0.15217391304347827	0.6666666666666666	0.014492753623188406	0.010869565217391304	1.0	0.7746030781182182	4.3	1.95	0.005066393722463768	7.350667085714286e-05	0.013504611330698286	0.18478260869565216	19.5	1.1234692393252328	4.849489795918367	1.9710144927536233	0.6123188405797102	0.7697740112994352	-1	-1	0.16666666666666666	0.9511826647879609	272	175	20
17-52_en_professional	en	14.277777777777779	1.7392996108949417	10.502068741893648	9.203684133160397	0.37937743190661477	0.1303501945525292	0.688715953307393	0.038910505836575876	0.011673151750972763	1.0	0.7734429631922521	4.888888888888889	1.9205298013245033	0.004380042146692607	6.363883824451411e-05	0.006405997912119199	1.1517509727626458	19.77777777777778	1.0815587975725593	4.861150070126227	1.9350649350649352	0.46303501945525294	0.7246265060240966	-1	0.7736306031175483	0.18482490272373542	0.9045555758056206	493	319	36
17-53_en_professional	en	11.411111111111111	1.8743914313534566	10.978152223304122	9.942197758303582	0.4196689386562804	0.13631937682570594	0.7088607594936709	0.027263875365141188	0.006815968841285297	0.8	0.7435933486133198	3.869565217391304	1.7763975155279503	0.00451796736046738	7.353084076809453e-05	0.0032214325364686184	3.02921129503408	16.77173913043478	1.1581259580220005	4.773801916932907	2.0484330484330484	0.3894839337877313	0.7391379310344829	0.7009655743205857	0.7466295663266805	0.1587147030185005	0.8947800883301792	997	677	92
17-57_en_professional	en	12.470588235294118	1.7358490566037736	9.756548279689238	7.555035183129858	0.3443396226415094	0.13679245283018868	0.6698113207547169	0.0047169811320754715	0.009433962264150943	1.0	0.7474299251473163	4.235294117647059	1.5757575757575757	0.00450048387735849	5.454642748091603e-05	0.011578044596912522	0.1320754716981132	17.11764705882353	1.0744849720855911	5.037931034482758	2.109090909090909	0.6415094339622641	0.7428318584070797	-1	-1	0.2358490566037736	0.9446120599205297	211	131	17
17-58_en_professional	en	8.0	1.75	8.180000000000003	7.329475	0.5	0.125	0.6875	0.0	0.0	1.0	0.9230769230769231	3.0	2.2	0.00216889375	3.793636363636364e-05	-1	0.0	11.0	1.4107142857142856	4.869565217391305	1.0	1.0	1.0	-1	-1	0.125	1.0	16	11	2
17-59_en_professional	en	9.163636363636364	1.7321428571428572	8.4231038961039	7.54589015873016	0.3472222222222222	0.1765873015873016	0.7103174603174603	0.021825396825396824	0.001984126984126984	0.8181818181818182	0.7071133624262961	3.2	1.7450980392156863	0.00478333569920635	7.041201358024692e-05	0.006683375104427736	1.130952380952381	13.309090909090909	1.1282562360404806	4.663087248322148	2.3251533742331287	0.46825396825396826	0.7279012345679002	-1	0.7288390227634448	0.19642857142857142	0.9002313755765232	490	324	55
17-6_en_professional	en	11.68421052631579	1.7927927927927927	10.121797060218114	8.636933333333333	0.3738738738738739	0.12612612612612611	0.6711711711711712	0.013513513513513514	0.009009009009009009	0.8947368421052632	0.7616431424044027	3.710526315789474	2.3391304347826085	0.005788610996846847	6.18074254681648e-05	0.010416666666666666	0.45045045045045046	16.31578947368421	1.2483807772417364	4.760765550239235	2.1717171717171717	0.43243243243243246	0.6656521739130432	-1	0.6438262503006751	0.15765765765765766	0.8844500620497179	439	267	38
17-60_en_professional	en	13.916666666666666	1.8092386655260906	11.186516253207873	9.282337154262903	0.38922155688622756	0.1317365269461078	0.7082976903336184	0.03507271171941831	0.006843455945252352	0.9523809523809523	0.7635328234384069	4.666666666666667	1.9767441860465116	0.00486885513609923	6.141650287671233e-05	0.002885794675708823	1.921300256629598	20.797619047619047	1.2268005354497877	4.598407281001138	2.015957446808511	0.4508126603934987	0.7678037383177579	0.8087538639871167	0.8876153237316667	0.16595380667236956	0.9235558540389647	1124	730	84
17-61_en_professional	en	16.46987951807229	1.70592538405267	10.9631725438697	8.877322743497764	0.3884418434528164	0.1389904901243599	0.6803218727139722	0.038039502560351136	0.0036576444769568397	0.8072289156626506	0.7060742092688749	5.204819277108434	1.8909090909090909	0.005389025043110403	6.976618636911942e-05	0.004062951027106112	1.443306510607169	24.710843373493976	1.2305699681691493	4.500485908649174	1.9307535641547862	0.32040965618141914	0.6839905362776011	0.8312289702128377	0.9397429371544918	0.1258229700073153	0.8642786033642244	1315	829	83
17-62_en_professional	en	16.672131147540984	1.87905604719764	13.084992504473139	9.933406286570918	0.3667649950835792	0.14060963618485742	0.6578171091445427	0.00983284169124877	0.0009832841691248771	0.9344262295081968	0.7239801865297444	5.065573770491803	1.8878205128205128	0.0056797326433628325	7.374728022508039e-05	0.0038319162473248887	1.343166175024582	22.885245901639344	1.1199695099789182	5.124463519313305	2.104	0.400196656833825	0.6974727668845351	0.7480767230926911	0.8053819572947268	0.16027531956735497	0.9000488248650639	1009	622	61
17-63_en_professional	en	13.01388888888889	1.8463180362860192	11.271969494841695	9.942330973556269	0.3767342582710779	0.13340448239060831	0.6905016008537886	0.02774813233724653	0.0032017075773745998	0.9305555555555556	0.729883425890897	4.777777777777778	1.648829431438127	0.004623096896051227	8.847871629502572e-05	0.0038256300796322145	1.7342582710779082	18.666666666666668	1.1535524837464606	4.911290322580645	1.969283276450512	0.41728922091782283	0.7298329355608578	0.7312161416002824	0.8132234054395392	0.17609391675560299	0.9018270066117053	910	583	72
17-64_en_professional	en	22.75	1.6071428571428572	12.246785714285718	8.750201098901098	0.3873626373626374	0.09065934065934066	0.6648351648351648	0.06868131868131869	0.0	1.0	0.7118465633643551	5.625	1.9607843137254901	0.005707286871978022	7.875517549019608e-05	0.008343508343508345	0.6126373626373627	30.5625	1.1437405077472989	4.732106339468302	1.875	0.5192307692307693	0.6736981132075468	-1	0.9007860069834498	0.13736263736263737	0.9223700826826662	341	204	16
17-66_en_professional	en	14.330275229357799	1.84955185659411	11.823519247260041	9.710228164315334	0.3905249679897567	0.14276568501920614	0.6939820742637645	0.02240717029449424	0.010243277848911651	0.8623853211009175	0.7413903294752932	4.412844036697248	2.0551724137931036	0.004644769963636363	6.14725294949495e-05	0.0026731361053080843	2.450064020486556	20.486238532110093	1.1462412967000684	4.794195250659631	2.1589861751152073	0.3495518565941101	0.7302460697197528	0.695828655182703	0.7459900192711909	0.15749039692701663	0.8860146077414934	1529	990	109
17-67_en_professional	en	13.206896551724139	1.8511749347258486	11.404553884937428	9.964733573422166	0.3524804177545692	0.1566579634464752	0.6997389033942559	0.031331592689295036	0.007832898172323759	1.0	0.747898445958375	4.172413793103448	2.134020618556701	0.004594384940469974	6.791184107883818e-05	0.007724107919930375	0.4934725848563969	18.689655172413794	1.2046921250220066	5.070110701107011	1.97196261682243	0.5639686684073107	0.7576056338028175	-1	0.8250755522228832	0.17754569190600522	0.9253166300915111	370	241	29
17-68_en_professional	en	14.380165289256198	1.8459770114942529	11.8007931984421	9.769903866248693	0.3896551724137931	0.12643678160919541	0.6856321839080459	0.029310344827586206	0.007471264367816092	0.8760330578512396	0.7301171532614755	4.487603305785124	1.9760956175298805	0.004854801127413793	6.014897554744526e-05	0.0025268357556758807	2.897126436781609	20.024793388429753	1.1218720660834087	4.966720779220779	2.05458089668616	0.35344827586206895	0.7342474101157845	0.6749948402248074	0.7349175901666642	0.1528735632183908	0.8901422190903632	1691	1096	121
17-69_en_professional	en	9.428571428571429	1.696969696969697	8.111385281385285	7.108578354978356	0.48484848484848486	0.10606060606060606	0.7575757575757576	0.10606060606060606	0.015151515151515152	1.0	0.7400132275132275	3.857142857142857	2.2142857142857144	0.004443776568181818	5.8254374999999994e-05	0.030303030303030304	0.015151515151515152	14.571428571428571	1.027891156462585	4.371428571428571	2.0	0.8333333333333334	0.8333333333333334	-1	-1	0.10606060606060606	0.9638016383333955	59	40	7
17-7_en_professional	en	10.304347826086957	1.6835443037974684	8.294518436984042	7.189173876352962	0.34810126582278483	0.14978902953586498	0.6666666666666666	0.014767932489451477	0.0	0.9782608695652174	0.7888295776093557	3.42	1.9090909090909092	0.00586466386371308	5.471239485294118e-05	0.006870063832089148	1.0379746835443038	13.52	1.1360624907413435	4.567528735632184	2.1940298507462686	0.45569620253164556	0.7029333333333327	-1	0.8549592523875852	0.14767932489451477	0.903099141417251	468	272	50
17-70_en_professional	en	15.241379310344827	1.8280542986425339	11.925178655016385	10.231186674988297	0.3574660633484163	0.09728506787330317	0.6515837104072398	0.024886877828054297	0.0022624434389140274	0.896551724137931	0.6766724273661834	4.482758620689655	2.128205128205128	0.005701650134841628	9.526267387755102e-05	0.006933294409575245	0.7895927601809954	20.0	1.0899962944816988	5.182282793867121	2.1574074074074074	0.5226244343891403	0.7306413994169091	-1	0.9340987520423665	0.17647058823529413	0.9202613001009592	431	245	29
17-71_en_professional	en	9.875	1.6962025316455696	8.276439873417722	7.926732911392406	0.3924050632911392	0.11392405063291139	0.7088607594936709	0.08860759493670886	0.012658227848101266	1.0	0.7450261922950999	3.875	2.4444444444444446	0.005147123018987341	0.00010373702127659573	0.028481012658227847	0.0	13.375	1.0465277777777777	4.990909090909091	2.0	0.7974683544303798	0.7974683544303798	-1	-1	0.1518987341772152	0.970786059376858	72	47	8
17-73_en_professional	en	12.734375	1.7631901840490798	10.182050421779142	8.963978911042945	0.4049079754601227	0.13006134969325153	0.6920245398773006	0.026993865030674847	0.006134969325153374	0.9375	0.7513608973247762	4.3125	1.88671875	0.004389221594234524	6.309761739130435e-05	0.00401207517771935	1.177914110429448	20.65625	1.4230429706261347	4.382419233658903	2.018575851393189	0.4601226993865031	0.7467877094972093	0.6742038156013738	0.72864965707084	0.1668711656441718	0.9072417843493801	782	506	64
17-74_en_professional	en	11.846153846153847	1.7532467532467533	9.71831168831169	9.156196403596404	0.4090909090909091	0.15584415584415584	0.7402597402597403	0.05194805194805195	0.012987012987012988	1.0	0.7402795182400445	4.0	2.022222222222222	0.003783866005194805	5.9608522115384614e-05	0.015692640692640692	0.18181818181818182	17.307692307692307	1.1419075795998874	4.859649122807017	2.015151515151515	0.6818181818181818	0.7547272727272728	-1	-1	0.16233766233766234	0.9408010538636657	146	104	13
17-75_en_professional	en	16.833333333333332	1.636963696369637	10.29117161716172	6.553229702970297	0.37293729372937295	0.12211221122112212	0.6138613861386139	0.0	0.013201320132013201	1.0	0.7283221369952225	5.055555555555555	2.0238095238095237	0.005839556901980198	6.015076793478261e-05	0.00944577216342324	0.9735973597359736	23.444444444444443	1.1894669186548983	4.6084905660377355	2.135593220338983	0.47194719471947194	0.679901960784314	-1	-1	0.19801980198019803	0.9048047935030546	302	184	18
17-76_en_professional	en	10.838709677419354	1.7946428571428572	9.813882488479265	8.17648821044547	0.3898809523809524	0.10714285714285714	0.6547619047619048	0.0	0.011904761904761904	0.9354838709677419	0.795351576798945	3.967741935483871	1.509090909090909	0.005517199619345238	6.48338527093596e-05	0.010119047619047618	0.35119047619047616	14.387096774193548	1.0478907788762826	5.0412147505422995	2.227272727272727	0.5625	0.7251476793248949	-1	1.0957126443776841	0.18154761904761904	0.9340583914563263	336	203	31
17-77_en_professional	en	18.783783783783782	1.710791366906475	11.923013805172083	9.485619871670231	0.5021582733812949	0.08129496402877698	0.6870503597122302	0.01079136690647482	0.0035971223021582736	0.7702702702702703	0.5689253708719307	5.608108108108108	1.8516129032258064	0.007045079226834532	4.4800697984322505e-05	0.005224391915039397	1.960431654676259	29.743243243243242	1.2027713154686528	4.217745586238117	2.0552016985138004	0.25539568345323743	0.5517350890782462	0.41975706634815657	0.4372376671146621	0.11294964028776978	0.8324261886276871	1356	893	74
17-78_en_professional	en	17.2972972972973	1.6859375	11.050008445945952	9.640029983108109	0.63125	0.0484375	0.7484375	0.0	0.0015625	0.5945945945945946	0.4497847608190957	5.45945945945946	1.805084745762712	0.00508795481375	3.340550286975718e-05	0.016636029411764706	0.4140625	29.945945945945947	1.2111507954307144	3.862533692722372	2.0310344827586206	0.253125	0.43005545286506347	-5.567659883635924e-17	0.11567085705664203	0.071875	0.7868327721676991	624	453	37
17-82_en_professional	en	16.979591836734695	1.7223557692307692	11.355838893249608	9.654684870486657	0.6141826923076923	0.06490384615384616	0.7415865384615384	0.0	0.001201923076923077	0.6326530612244898	0.49332861001675427	5.73469387755102	1.7547169811320755	0.005757606389182692	4.547491675302245e-05	0.011328764320785598	0.6009615384615384	28.653061224489797	1.1693932935342093	3.990119971771348	2.109625668449198	0.2644230769230769	0.46534788540245475	0.05686401701055399	0.2221820416501664	0.0673076923076923	0.811006129232648	809	579	49
17-84_en_professional	en	12.264705882352942	1.6067146282973621	8.152467908026523	6.680838679644519	0.381294964028777	0.11270983213429256	0.6690647482014388	0.011990407673860911	0.004796163069544364	0.9411764705882353	0.7655910637194061	4.205882352941177	1.876923076923077	0.005904190097601918	7.43030342519685e-05	0.00949640287769784	0.60431654676259	16.323529411764707	1.1805243476535878	4.854092526690391	2.0760869565217392	0.513189448441247	0.7151886792452816	-1	0.8589936006458643	0.17266187050359713	0.9187807869095277	411	254	34
17-85_en_professional	en	14.5	1.668103448275862	9.748620689655176	8.620994827586209	0.5366379310344828	0.07758620689655173	0.7219827586206896	0.0021551724137931034	0.0	0.75	0.6366232123347874	4.5588235294117645	1.7065868263473054	0.005677594082543103	3.789360225080386e-05	0.013247971602434077	0.4956896551724138	21.764705882352942	1.131344580138278	4.254350736278447	2.0773480662983426	0.3620689655172414	0.5390684931506847	-1	0.380039494892796	0.11853448275862069	0.8411999894729878	455	311	34
17-86_en_professional	en	16.894736842105264	1.7102803738317758	11.18025577963601	9.5641769470405	0.6090342679127726	0.06542056074766354	0.7601246105919003	0.0	0.004672897196261682	0.631578947368421	0.49210210090427875	5.368421052631579	1.7735042735042734	0.004822997880373832	4.148062434782609e-05	0.012572318647085001	0.5669781931464174	28.0	1.156070774420029	4.0710944808231995	2.043010752688172	0.308411214953271	0.4952302025782684	1.273709029165248e-15	0.25427034954790223	0.1059190031152648	0.8236290105921755	628	460	38
17-89_en_professional	en	10.764705882352942	1.5846994535519126	7.307688846030217	5.820050080360012	0.4098360655737705	0.03825136612021858	0.639344262295082	0.01639344262295082	0.00546448087431694	0.8235294117647058	0.6973945438486846	3.823529411764706	1.9444444444444444	0.005897527646448087	6.211866e-05	0.01522248243559719	0.2896174863387978	15.0	1.1768985820023883	4.532818532818533	2.1515151515151514	0.6174863387978142	0.7326190476190474	-1	-1	0.19672131147540983	0.9333567746675493	181	105	17
17-94_en_professional	en	16.390243902439025	1.6235119047619047	9.959635598141698	7.002695804297329	0.40327380952380953	0.09523809523809523	0.65625	0.0	0.005952380952380952	0.975609756097561	0.7340407848134368	5.219512195121951	1.6943231441048034	0.0050579891031250004	0.00010531616044226044	0.005113636363636364	1.5446428571428572	23.5609756097561	1.2083065598144742	4.458461538461538	2.1703703703703705	0.3943452380952381	0.6769284467713775	0.6454988619391187	0.7969102339879856	0.18154761904761904	0.8882849100105894	668	407	41
17-95_en_professional	en	12.91891891891892	1.7259414225941423	9.81448716498926	8.403746172113536	0.40585774058577406	0.1192468619246862	0.6506276150627615	0.016736401673640166	0.006276150627615063	0.8918918918918919	0.6793037554421014	4.648648648648648	1.86986301369863	0.006014734228870293	9.445495871886122e-05	0.006768397735663303	0.7845188284518828	18.216216216216218	1.1612597804235996	4.688046647230321	2.075	0.5167364016736402	0.7086015831134567	-1	0.7247115894209905	0.14435146443514643	0.9277721824251115	468	281	37
18-100_en_professional	en	9.461538461538462	1.8373983739837398	9.781300813008134	9.392578986866793	0.3983739837398374	0.13008130081300814	0.6666666666666666	0.0	0.0	0.8461538461538461	0.8868339289738884	3.6923076923076925	2.0	0.007680422975609756	4.619514285714286e-05	0.017738359201773836	0.3008130081300813	13.846153846153847	1.175966499960308	4.591397849462366	2.3043478260869565	0.6341463414634146	0.6408333333333335	-1	-1	0.14634146341463414	0.9307625170073135	123	77	13
18-106_en_professional	en	13.029411764705882	1.747178329571106	10.10817487717435	7.777197105298102	0.4198645598194131	0.12189616252821671	0.6681715575620768	0.006772009029345372	0.0	0.8529411764705882	0.7234850683181716	4.176470588235294	2.0839694656488548	0.006704431363656884	4.675317056737589e-05	0.007481457594324411	1.020316027088036	18.676470588235293	1.155657666571313	4.661016949152542	2.2708333333333335	0.4966139954853273	0.717296511627907	-1	0.9430439374318227	0.1309255079006772	0.9164426017705435	437	282	34
18-107_en_professional	en	14.1	1.826241134751773	11.458645390070924	9.114718581560282	0.34929078014184395	0.16134751773049646	0.6524822695035462	0.0	0.0017730496453900709	0.95	0.7023969634781094	4.625	2.1818181818181817	0.007743098201063829	4.580053429394813e-05	0.006039450354609929	0.5425531914893617	20.6	1.1955564320535141	4.731325301204819	2.207547169811321	0.46099290780141844	0.706150537634409	0.8485607424000906	0.8686258395089607	0.15780141843971632	0.9173667417849554	562	347	40
18-108_en_professional	en	12.666666666666666	1.819078947368421	10.81513157894737	8.702241666666668	0.3881578947368421	0.10855263157894737	0.6447368421052632	0.003289473684210526	0.0	0.9166666666666666	0.7520600089565608	4.038461538461538	1.7912087912087913	0.006833669750657895	7.975888114285714e-05	0.011029411764705881	0.2598684210526316	16.076923076923077	1.0311541747812158	4.9156908665105385	2.1866666666666665	0.5592105263157895	0.709414634146341	-1	-1	0.1611842105263158	0.9409513635024523	301	175	26
18-110_en_professional	en	18.72	1.731837606837607	12.146483760683761	8.752131435897436	0.3482905982905983	0.1581196581196581	0.655982905982906	0.004273504273504274	0.004273504273504274	0.98	0.7205857810306038	5.36	2.122529644268775	0.005164869451175213	5.926704050632912e-05	0.005275106837606838	0.8952991452991453	24.26	1.091918620085524	5.068144499178982	2.164102564102564	0.36324786324786323	0.6912903225806458	0.6969649131562131	0.8713161293130438	0.16987179487179488	0.882918925863303	928	553	50
18-112_en_professional	en	18.53846153846154	1.8091286307053942	12.987717842323654	9.332224130226619	0.44813278008298757	0.12448132780082988	0.7219917012448133	0.012448132780082987	0.0	1.0	0.7842092451302977	5.384615384615385	2.3088235294117645	0.006102978892116183	6.035103821656051e-05	0.013278008298755188	0.48132780082987553	26.846153846153847	1.1679911369398228	4.665722379603399	1.9322033898305084	0.5643153526970954	0.6933802816901407	-1	-1	0.12448132780082988	0.9147048999065962	238	157	13
18-113_en_professional	en	16.483870967741936	1.675146771037182	10.605441575658105	8.01308626559771	0.4063926940639269	0.1187214611872146	0.6686236138290933	0.0091324200913242	0.0032615786040443573	0.7956989247311828	0.6855017343650647	5.075268817204301	2.183673469387755	0.0058321154674582515	6.0608487567567564e-05	0.0034036671768938147	2.1806914546640574	22.677419354838708	1.1769601419355864	4.788035798398493	2.1061007957559683	0.2902804957599478	0.6878940027893986	0.6670621264644245	0.7248985456209234	0.14481409001956946	0.8593666424941719	1504	925	93
18-114_en_professional	en	17.125	1.6934306569343065	11.071231751824818	7.751584671532848	0.291970802919708	0.18248175182481752	0.656934306569343	0.014598540145985401	0.0072992700729927005	1.0	0.7624572183146038	4.875	2.142857142857143	0.0063079318080291975	6.058392625e-05	0.021897810218978103	0.10948905109489052	26.0	1.2382943034670009	4.30622009569378	2.096774193548387	0.6423357664233577	0.6942105263157896	-1	-1	0.13138686131386862	0.9305140711928096	135	80	8
18-26_en_professional	en	9.647058823529411	2.0548780487804876	12.419913916786225	12.52170774748924	0.4024390243902439	0.18292682926829268	0.7073170731707317	0.0	0.0	0.9411764705882353	0.6547244469870328	3.0588235294117645	1.8305084745762712	0.00539602981402439	2.6177342718446603e-05	0.01524390243902439	0.13414634146341464	17.764705882352942	1.7962839100824082	4.508090614886731	2.2916666666666665	0.6463414634146342	0.7090769230769229	-1	-1	0.13414634146341464	0.92865518224146	161	103	17
18-27_en_professional	en	15.595744680851064	1.7489768076398362	11.130266755681983	9.460030065890686	0.3601637107776262	0.1446111869031378	0.6671214188267395	0.020463847203274217	0.0068212824010914054	0.9361702127659575	0.7388486593814111	4.638297872340425	1.900473933649289	0.005922079779945429	5.3185323218390806e-05	0.004446465565155879	1.499317871759891	24.361702127659573	1.3846838480777213	4.553339115351258	2.096774193548387	0.41882673942701226	0.7167034700315467	0.5418597168300294	0.6709644499275156	0.15279672578444747	0.9055053296378113	717	435	47
18-28_en_professional	en	15.91139240506329	1.86793953858393	12.657129593265058	10.580770649426501	0.3922036595067621	0.1614956245027844	0.6976929196499603	0.013524264120922832	0.002386634844868735	0.9240506329113924	0.6935535531847362	5.151898734177215	1.9321148825065275	0.004870280072394591	5.695821526717557e-05	0.003381066030230708	2.3627684964200477	25.974683544303797	1.2831860706790734	4.540816326530612	2.1576354679802954	0.3198090692124105	0.6687219343696064	0.557558160537473	0.6091293306583743	0.14081145584725538	0.8647410328699925	1227	786	79
18-29_en_professional	en	15.547058823529412	1.893681422625804	12.818793728160962	10.265909778994457	0.40408626560726446	0.1362088535754824	0.6791524782444193	0.017782822550132426	0.003026863412788498	0.7411764705882353	0.7257381391517859	4.852941176470588	1.9694749694749696	0.005583193168028755	5.615796603194104e-05	0.001829056712520511	4.35262958758986	25.32941176470588	1.3377572534782483	4.484967622571693	2.0767263427109977	0.25576995838062805	0.687783018867934	0.5624819638951111	0.5946075317084121	0.13356034808929246	0.8552085175990581	2577	1628	170
18-30_en_professional	en	15.370786516853933	1.9203216374269005	13.064402063210462	11.104476499770024	0.3932748538011696	0.16812865497076024	0.7097953216374269	0.015350877192982455	0.005116959064327485	0.797752808988764	0.7273401820482804	4.808988764044944	2.1040609137055837	0.00462257559247076	4.49780125279642e-05	0.002720922677063028	2.543859649122807	26.707865168539325	1.3955468300205625	4.341146923398911	2.1421911421911424	0.35526315789473684	0.6994168636721794	0.7028188730780871	0.7357582906180937	0.14619883040935672	0.8867167257063092	1339	894	89
18-33_en_professional	en	15.515151515151516	1.9638671875	13.634541903409094	12.262141145833333	0.3779296875	0.2080078125	0.7119140625	0.013671875	0.0048828125	0.9545454545454546	0.7443590646275434	4.803030303030303	2.0337423312883436	0.005735944480371093	4.989007723214285e-05	0.004266826923076923	1.7216796875	23.515151515151516	1.22601262132065	4.922584772872681	2.043956043956044	0.3818359375	0.6998918918918924	0.6129406118787539	0.7337122043947615	0.12890625	0.8874689791124906	1009	672	66
18-35_en_professional	en	15.879194630872483	1.9146238377007607	13.195447190909245	10.864451891732429	0.3672865595942519	0.1466610312764159	0.6762468300929839	0.011834319526627219	0.0029585798816568047	0.9328859060402684	0.7013372100591755	4.644295302013423	1.8699300699300698	0.005240824762256974	5.516869364754098e-05	0.0018991997013975035	3.0794590025359256	25.731543624161073	1.3372806690859291	4.55741127348643	2.1170046801872076	0.3021978021978022	0.6927481252757027	0.5964894781417913	0.6593335127109691	0.16568047337278108	0.8796655058780949	2327	1464	149
18-36_en_professional	en	11.716049382716049	1.9736564805057957	12.268405729227648	11.190140527390756	0.4473129610115911	0.1332982086406744	0.7044257112750263	0.007376185458377239	0.002107481559536354	0.7654320987654321	0.6856691322418812	4.135802469135802	1.8998384491114702	0.005512922672139105	4.9243139133921414e-05	0.00226554267650158	3.805584826132771	19.061728395061728	1.3561280447218929	4.543256997455471	2.3089171974522293	0.3198103266596417	0.6856586992773829	0.6768144287313681	0.7513404257713593	0.14805057955742887	0.875671854627067	1860	1247	162
18-37_en_professional	en	14.455882352941176	1.8657171922685656	12.063256986416132	10.48896147447789	0.3957273652085453	0.1871820956256358	0.7009155645981688	0.013224821973550356	0.00508646998982706	0.8676470588235294	0.7156038932939914	4.926470588235294	2.093425605536332	0.0051754827208545275	6.524670842787682e-05	0.00420853133404869	1.8524923702950153	24.147058823529413	1.4571596475181732	4.374468085106383	1.9919571045576407	0.34587995930824006	0.6632352941176443	0.5172071771059424	0.6017446636231111	0.11190233977619532	0.8725161626545476	948	617	68
18-38_en_professional	en	14.429906542056075	1.8808290155440415	12.231445934821561	10.519636332381001	0.37240932642487046	0.15803108808290156	0.6716321243523317	0.025259067357512953	0.007772020725388601	0.9252336448598131	0.7053115027421757	4.663551401869159	1.8985507246376812	0.0053768496035621755	5.9093894181034485e-05	0.0026382088700860388	2.31800518134715	25.02803738317757	1.3433086935239427	4.291728763040238	2.0465549348230914	0.3225388601036269	0.691723183391004	0.5348771937503918	0.6635085845687043	0.14443005181347152	0.8790173080540655	1491	928	107
18-39_en_professional	en	15.496296296296297	1.6888145315487573	10.381567027830894	8.565603111677643	0.3427342256214149	0.125717017208413	0.6572657743785851	0.03011472275334608	0.004780114722753346	0.837037037037037	0.6994654432949169	4.466666666666667	2.003616636528029	0.0059638379834130026	7.238072410041841e-05	0.0024141587801468577	2.040152963671128	22.57777777777778	1.2276739221515993	4.547213114754098	1.931578947368421	0.26147227533460804	0.661354741595584	0.5665904324394987	0.6880764877461405	0.18594646271510518	0.8615408022698968	2023	1195	135
18-40_en_professional	en	13.314814814814815	1.8692628650904033	11.660079585844539	9.578218956369444	0.3713490959666203	0.14186369958275383	0.6870653685674548	0.011126564673157162	0.005563282336578581	0.9259259259259259	0.7213945173836229	4.425925925925926	1.7880184331797235	0.005435498972739917	6.602536026785714e-05	0.005001604792981705	1.4228094575799721	21.35185185185185	1.272276725154553	4.4935064935064934	2.068062827225131	0.39221140472878996	0.7210322580645162	0.3733358469026979	0.6107763413959606	0.16411682892906815	0.8864585328001774	709	448	54
18-41_en_professional	en	13.647058823529411	1.886853448275862	11.997223630831645	10.488911080121703	0.38038793103448276	0.15625	0.6896551724137931	0.015086206896551725	0.0021551724137931034	0.9705882352941176	0.7486616147767436	4.231884057971015	1.867132867132867	0.004781020044073276	5.5054540202702705e-05	0.0036273676542010686	2.2058189655172415	23.231884057971016	1.3136120482117448	4.312344139650873	2.129032258064516	0.4040948275862069	0.7377442702050658	0.7270386560791874	0.791032841008291	0.15625	0.8935186882217198	911	592	69
18-42_en_professional	en	13.391304347826088	1.8811688311688313	11.830400903444385	10.150883229813664	0.36688311688311687	0.16623376623376623	0.672077922077922	0.013636363636363636	0.00909090909090909	0.9217391304347826	0.7475505225835292	4.573913043478261	1.8824786324786325	0.004988941197411039	4.758042842215256e-05	0.00248421303467175	2.827272727272727	21.48695652173913	1.299719648676617	4.5274636510500805	2.0579399141630903	0.34805194805194806	0.7048577376821652	0.6805738744818545	0.7549221701778346	0.16558441558441558	0.8900673918445584	1508	957	115
18-43_en_professional	en	14.597222222222221	1.7878211227402474	11.199205915001585	9.489756411882862	0.37107516650808753	0.1313035204567079	0.6669838249286394	0.023786869647954328	0.0028544243577545195	0.8472222222222222	0.7213156443294949	4.625	1.8892508143322475	0.005552032420171265	6.464428330683626e-05	0.004191632164990871	1.6764985727878212	22.819444444444443	1.3148627342289694	4.48087431693989	2.042207792207792	0.3225499524262607	0.6338025210084016	0.6376801197650888	0.7895027954029349	0.16936251189343482	0.8640954508757525	1023	629	72
18-44_en_professional	en	12.373983739837398	1.9507227332457293	12.25438191083619	10.916525350683207	0.3896189224704336	0.16491458607095927	0.6859395532194481	0.010512483574244415	0.0045992115637319315	0.9186991869918699	0.7325088915075624	4.487804878048781	1.9120654396728016	0.005505291719908016	5.12710121274409e-05	0.0029697766097240472	2.687910643889619	18.788617886178862	1.2727915868100619	4.763101832126118	2.176767676767677	0.347568988173456	0.7109416725228405	0.7623943457623432	0.7708744756214868	0.15177398160315375	0.8853153849141506	1501	973	123
18-45_en_professional	en	11.470588235294118	1.8676923076923078	10.922298642533939	9.834164404223229	0.36	0.1682051282051282	0.6738461538461539	0.0041025641025641026	0.003076923076923077	0.8941176470588236	0.6931335656426232	3.847058823529412	2.0034246575342465	0.006395524375897436	5.7141120559210524e-05	0.00393976393976394	1.5682051282051281	16.764705882352942	1.3253429449497083	4.898961937716263	2.271889400921659	0.39384615384615385	0.7126484018264876	0.645950595148783	0.7427617989268136	0.13538461538461538	0.8954190826099101	967	608	85
18-47_en_professional	en	15.96031746031746	1.8324216807558429	12.257099642442757	10.320452200200485	0.39632023868722027	0.14818498259572352	0.6792640477374441	0.0208851317752362	0.001989060169070114	0.8015873015873016	0.7683331382967489	5.182539682539683	1.9817880794701987	0.00509867981506713	4.816641268057785e-05	0.002086087494390608	3.1715564395822975	26.373015873015873	1.3220607745829942	4.346338535414166	2.0315315315315314	0.26454500248632523	0.6611610878661159	0.6601265274635904	0.699529044262381	0.14520139234211835	0.8539613209627124	1946	1246	126
18-48_en_professional	en	13.7	2.0364963503649633	13.78365693430657	12.450749489051095	0.3722627737226277	0.19708029197080293	0.7299270072992701	0.014598540145985401	0.0	1.0	0.7825414781297134	4.9	1.9130434782608696	0.004700070195620438	6.324156046511628e-05	0.021897810218978103	0.10218978102189781	28.6	1.7071623175586024	4.213286713286713	2.234042553191489	0.6496350364963503	0.7436842105263157	-1	-1	0.13138686131386862	0.9336683484149637	132	86	10
18-49_en_professional	en	15.333333333333334	1.8682608695652174	12.435478260869566	10.790059420289856	0.38304347826086954	0.15347826086956523	0.697391304347826	0.018260869565217393	0.004347826086956522	0.88	0.7447756504793515	4.74	2.022189349112426	0.004576428114217391	5.6862826657362184e-05	0.0019456521739130434	3.6969565217391303	24.566666666666666	1.3265020710527489	4.553966540744738	2.067142857142857	0.29782608695652174	0.7072921399363953	0.6507002578113291	0.7378786182695981	0.1591304347826087	0.8750673020449099	2231	1433	150
18-50_en_professional	en	14.059322033898304	1.907775768535262	12.404889661936433	10.762216534363157	0.3459915611814346	0.16335141651597349	0.6751054852320675	0.019288728149487643	0.007233273056057866	0.7372881355932204	0.7531424221202728	4.3474576271186445	1.9538784067085955	0.005033732471609446	5.032614735812133e-05	0.002676532231752299	2.2706449668474984	22.04237288135593	1.2719308767870177	4.689008042895442	2.1872246696035242	0.2845087402049427	0.6771025641025672	0.5944324185736395	0.6880706724633863	0.15792646172393007	0.8598615011899522	1620	1022	118
18-51_en_professional	en	13.311111111111112	1.850862548692265	11.441511407902059	10.232170365423855	0.3778519755147468	0.1441291040623261	0.6878130217028381	0.014468558708959377	0.0022259321090706734	0.9037037037037037	0.7240356401233796	4.62962962962963	1.8024691358024691	0.006137253614135737	4.969071685994648e-05	0.0020224420468608543	2.9905397885364495	21.192592592592593	1.325506329957307	4.5782502614151275	2.07378640776699	0.37006121313299944	0.7092285041225045	0.7169727929556338	0.7719488823112667	0.15025041736227046	0.9019226563237078	1764	1121	135
18-53_en_professional	en	18.163793103448278	1.7133364973896534	11.711249979542739	9.03163499664501	0.4072140484100617	0.13763644992880875	0.6981490270526816	0.022781205505457997	0.004271476032273375	0.853448275862069	0.7251955320609806	5.603448275862069	1.9435114503816795	0.005171887638300902	5.1534384638554214e-05	0.002244769686630152	3.198386331276697	28.879310344827587	1.255919848855581	4.366230677764566	2.0332369942196533	0.28334124347413386	0.6802091633466174	0.7798155076914652	0.8611499423413259	0.13004271476032273	0.8616429145613498	2046	1328	116
18-54_en_professional	en	16.364864864864863	1.8447563996696945	12.560422813399693	10.246135215479724	0.4004954582989265	0.17341040462427745	0.6928158546655656	0.011560693641618497	0.006606110652353427	0.8108108108108109	0.730200816800154	5.04054054054054	2.115273775216138	0.0045896768856317095	4.2781704737516e-05	0.0036058353977429115	2.3129644921552437	26.43243243243243	1.3154363422368607	4.49260581336053	2.092436974789916	0.31131296449215523	0.6784802158273344	0.6221848587736115	0.7803027806555817	0.13955408753096615	0.8627187684652816	1188	781	74
18-55_en_professional	en	27.5	2.1272727272727274	20.236818181818183	17.06863636363636	0.5636363636363636	0.14545454545454545	0.8	0.01818181818181818	0.0	1.0	0.9767441860465116	6.5	2.9285714285714284	0.003524271327272727	3.626641463414634e-05	0.04242424242424243	0.6181818181818182	40.0	1.2481857764876634	5.2592592592592595	1.75	0.4909090909090909	0.4909090909090909	-1	-1	0.10909090909090909	0.806698300112059	54	41	2
18-56_en_professional	en	17.60919540229885	1.830939947780679	12.882677590708564	10.574381492152096	0.4301566579634465	0.11553524804177545	0.6912532637075718	0.011096605744125326	0.0013054830287206266	0.8850574712643678	0.7256116204366342	5.172413793103448	1.9028925619834711	0.005155381167624021	7.585244028484232e-05	0.003495932918256678	2.759791122715405	24.816091954022987	1.1959586768900097	4.907245039224735	2.076056338028169	0.2943864229765013	0.6647662247034172	0.4914185284379879	0.5779385663393243	0.1462140992167102	0.8605319268586307	1514	983	87
18-57_en_professional	en	14.5875	1.7532133676092545	10.787042737789204	9.273378757497857	0.40616966580976865	0.11482433590402742	0.6829477292202228	0.024850042844901457	0.003427592116538132	0.925	0.7001747181142945	4.6875	1.9277456647398843	0.005172163926478149	5.6015061937244204e-05	0.003817091220690192	1.6709511568123394	21.8125	1.215759185773989	4.60022714366837	1.9971181556195965	0.3787489288774636	0.6887640449438239	0.6943085885482968	0.7749905092142401	0.17652099400171378	0.8938947438966329	1133	733	80
18-58_en_professional	en	14.459016393442623	1.7494331065759636	10.692327051038998	8.859293572729637	0.3231292517006803	0.13151927437641722	0.6213151927437641	0.012471655328798186	0.009070294784580499	0.9508196721311475	0.7436362061585566	4.295081967213115	1.749034749034749	0.006573949895006803	7.439055734406438e-05	0.004077654453594304	1.3718820861678005	21.327868852459016	1.240949210990626	4.611280487804878	2.0844444444444443	0.37755102040816324	0.6859770114942547	0.7380811029784968	0.8243301187436186	0.1893424036281179	0.9011243061766895	869	497	61
18-59_en_professional	en	13.1	1.9389312977099236	12.398389312977098	11.509098625954199	0.36259541984732824	0.21755725190839695	0.6984732824427481	0.003816793893129771	0.003816793893129771	0.95	0.7128575994642476	4.1	2.0547945205479454	0.003870691523282443	5.04345612716763e-05	0.009982384028185555	0.24427480916030533	20.8	1.2652279132693098	4.682577565632458	2.1186440677966103	0.5954198473282443	0.7433128834355824	-1	-1	0.16030534351145037	0.9369378093134765	259	173	20
18-60_en_professional	en	11.8046875	1.8868299139642621	11.278421109778293	10.962046198709466	0.4692256783587028	0.1654533421575116	0.7538054268696228	0.01455989410986102	0.0013236267372600927	0.8671875	0.7502144189520843	4.1796875	1.8587786259541985	0.003853179070946393	4.569833481624758e-05	0.0028640544056231314	2.9913964262078094	20.6171875	1.3228920621364262	4.312732688011914	2.1875968992248063	0.385837193911317	0.7340297450424933	0.6634500742732983	0.7558295428198961	0.10324288550628723	0.8918233554681381	1452	1034	128
18-61_en_professional	en	16.166666666666668	1.7422680412371134	11.27376288659794	10.289398942638117	0.3830293417922284	0.1506740681998414	0.697065820777161	0.05154639175257732	0.0023790642347343376	0.9230769230769231	0.6844058752637814	4.538461538461538	2.316265060240964	0.005223877580712133	6.481429265463918e-05	0.003196612081722083	2.2299762093576527	24.423076923076923	1.2388744143732984	4.534410844629822	1.880952380952381	0.3330689928628073	0.655000000000001	0.6748890537305389	0.7375414754822892	0.1324345757335448	0.8724078613029216	1190	776	78
18-62_en_professional	en	13.818181818181818	1.7881578947368422	10.899354066985648	9.8419	0.40921052631578947	0.13289473684210526	0.6815789473684211	0.018421052631578946	0.003947368421052632	0.9454545454545454	0.7351174875461362	4.836363636363636	1.7926829268292683	0.005333190325526317	4.602316751054852e-05	0.005345394736842105	1.2828947368421053	21.21818181818182	1.3227462247105812	4.614079728583546	2.0995670995670994	0.4368421052631579	0.7138426626323745	0.7984281071894154	0.8911061192922923	0.13421052631578947	0.9062341221859034	739	474	55
18-63_en_professional	en	11.081632653061224	1.7495395948434622	9.376403953846733	7.62921177885519	0.37937384898710863	0.14548802946593	0.6648250460405156	0.003683241252302026	0.0055248618784530384	0.9183673469387755	0.7271052941404142	3.63265306122449	1.9303797468354431	0.005715861803867403	3.195480447761194e-05	0.007754192110109527	1.1804788213627992	16.081632653061224	1.2051670585759648	4.711610486891386	2.2109375	0.3664825046040516	0.658355855855856	0.5768623167087009	0.7534123990907426	0.1841620626151013	0.8663294666059933	540	335	49
18-64_en_professional	en	16.233333333333334	1.782340862422998	11.772622176591376	9.590897111567418	0.36344969199178645	0.10369609856262833	0.6581108829568788	0.026694045174537988	0.003080082135523614	0.8666666666666667	0.7539299409588897	4.8	1.6962457337883958	0.005910638431519507	5.309451245733789e-05	0.0038536187449016907	2.020533880903491	24.566666666666666	1.2748340086329812	4.547297297297297	1.962962962962963	0.351129363449692	0.7059428571428586	0.4737801047412207	0.627056372906905	0.18993839835728954	0.8829968210435796	949	586	60
18-65_en_professional	en	17.020408163265305	1.86810551558753	13.091604267606325	10.793318240101797	0.33872901678657075	0.1630695443645084	0.6600719424460432	0.013788968824940047	0.008992805755395683	0.8877551020408163	0.7582838508781627	5.081632653061225	1.868421052631579	0.004755330770863309	6.056490576339737e-05	0.0025343361674296924	2.4922062350119902	25.602040816326532	1.2193522756354864	4.75506958250497	2.027586206896552	0.31534772182254195	0.7060930528999405	0.6018667009004489	0.678732835094425	0.17805755395683454	0.8835493465477959	1645	989	98
18-66_en_professional	en	13.956989247311828	1.8274268104776579	11.416862170087978	10.00153618304422	0.38906009244992296	0.11325115562403698	0.6556240369799692	0.011556240369799691	0.003852080123266564	0.9247311827956989	0.7431653544359114	4.387096774193548	1.7625	0.0055716732804314325	4.548187373737373e-05	0.0030431432973805858	2.4838212634822803	21.806451612903224	1.2341096690622886	4.414825724104075	2.0492753623188404	0.35285053929121724	0.6915512927439564	0.679224474732988	0.750305166973071	0.18489984591679506	0.8879873414961913	1274	792	93
18-68_en_professional	en	10.756756756756756	1.7185929648241205	8.88453212005976	7.475564905609128	0.35678391959798994	0.13819095477386933	0.6582914572864321	0.04020100502512563	0.005025125628140704	0.8648648648648649	0.6383973279806613	4.45945945945946	1.859504132231405	0.0064041781771356785	8.090739041095891e-05	0.007956448911222781	0.8919597989949749	17.81081081081081	1.395176440476952	4.01951951951952	1.9932432432432432	0.457286432160804	0.674916387959865	-1	0.8575474572106904	0.1457286432160804	0.9017902614792529	378	219	37
18-70_en_professional	en	14.918367346938776	1.7373461012311902	10.728847259834168	9.027818872665348	0.3693570451436389	0.1094391244870041	0.6470588235294118	0.015047879616963064	0.0013679890560875513	0.9183673469387755	0.7408868145150188	4.408163265306122	2.073529411764706	0.006618445760191519	4.792596498855835e-05	0.005280437756497947	1.1956224350205198	20.857142857142858	1.1730611195600096	4.700680272108843	2.056179775280899	0.4008207934336525	0.6943037974683547	0.7089646581528919	0.7471973476302436	0.16279069767441862	0.8958548057830552	712	437	49
18-71_en_professional	en	16.59259259259259	1.6242559523809523	10.047331349206349	7.84677404100529	0.3430059523809524	0.12425595238095238	0.6369047619047619	0.023065476190476192	0.006696428571428571	0.9259259259259259	0.6993479542769059	4.753086419753086	1.9917808219178081	0.006149011819270833	5.417623237704918e-05	0.0030257936507936505	2.009672619047619	24.814814814814813	1.2693352292856273	4.394554455445545	1.994413407821229	0.31473214285714285	0.6701204819277081	0.7636101489485877	0.8237428972953214	0.17708333333333334	0.877827902041559	1293	732	81
18-72_en_professional	en	10.659090909090908	1.708955223880597	8.7327170963365	7.4017842217484	0.4051172707889126	0.17270788912579957	0.685501066098081	0.007462686567164179	0.005330490405117271	0.8181818181818182	0.7630855293135993	3.852272727272727	1.8928571428571428	0.006505811129104478	4.592169315789474e-05	0.004167474316728048	1.3656716417910448	15.920454545454545	1.1480571676149056	4.394064872325742	2.1963636363636363	0.3976545842217484	0.6450417163289621	0.9575844096384011	0.9324913428211374	0.10980810234541578	0.8940511155339329	917	570	88
18-74_en_professional	en	14.76086956521739	1.7157584683357878	10.412689056797081	8.34824566818211	0.3696612665684831	0.1325478645066274	0.6539027982326951	0.008836524300441826	0.0029455081001472753	0.9347826086956522	0.7983008116873748	4.739130434782608	1.9556650246305418	0.005873146496612665	3.648273022113022e-05	0.004576057227014517	1.9337260677466863	21.847826086956523	1.2446868064462593	4.650246305418719	2.1794871794871793	0.41973490427098675	0.7383965517241408	0.6349743314332232	0.8366565930826447	0.15169366715758467	0.8983741938584061	671	407	46
18-75_en_professional	en	11.588235294117647	1.8274111675126903	10.492863541355629	9.864025022394745	0.4467005076142132	0.09137055837563451	0.649746192893401	0.005076142131979695	0.005076142131979695	1.0	0.7443444761507841	4.315789473684211	1.878787878787879	0.008207214283248731	3.184755964912281e-05	0.018612521150592216	0.2893401015228426	18.526315789473685	1.427685227329934	4.15819209039548	2.34375	0.5634517766497462	0.6790816326530612	-1	-1	0.1218274111675127	0.9304338268929734	188	114	19
18-76_en_professional	en	16.27777777777778	1.7121729237770194	10.961973833902164	8.654141600303376	0.3845278725824801	0.13310580204778158	0.6700796359499431	0.022753128555176336	0.0022753128555176336	0.8333333333333334	0.7007685986710542	4.703703703703703	2.127906976744186	0.006996851879749715	4.616715935727788e-05	0.004207770349244939	2.367463026166098	22.5	1.1171322127140997	4.847222222222222	1.9248826291079812	0.34584755403868034	0.6823974358974337	0.531871872940121	0.6444432879575235	0.1285551763367463	0.8719614460387014	858	529	54
18-78_en_professional	en	13.347826086956522	1.775244299674267	10.563534910069396	9.334378671576266	0.41368078175895767	0.13680781758957655	0.6840390879478827	0.013029315960912053	0.0	1.0	0.7420081682785856	4.3478260869565215	2.2738095238095237	0.007986714283061889	5.65496329842932e-05	0.012098650535132621	0.42996742671009774	19.347826086956523	1.2003423814948224	4.654867256637168	2.1739130434782608	0.50814332247557	0.6734615384615383	-1	-1	0.13355048859934854	0.9146555506954857	301	191	23
18-79_en_professional	en	11.12	1.7158273381294964	8.993562589928057	7.506314359712231	0.3920863309352518	0.1079136690647482	0.6151079136690647	0.0035971223021582736	0.0035971223021582736	0.92	0.761906457739791	3.84	1.922077922077922	0.007627805538489209	4.5820972955974846e-05	0.010300850228907784	0.48201438848920863	15.32	1.0815346133298518	4.759590792838875	2.242424242424242	0.539568345323741	0.6533519553072623	-1	-1	0.14028776978417265	0.9326252046037281	275	159	25
18-80_en_professional	en	17.151515151515152	1.8639575971731448	13.09379055573402	11.551867608951708	0.37809187279151946	0.14487632508833923	0.6696113074204947	0.02120141342756184	0.00530035335689046	1.0	0.7307494685231319	4.818181818181818	2.1036585365853657	0.007275953593462897	6.064816540697674e-05	0.006141679286555611	1.1236749116607774	25.636363636363637	1.289869491653992	4.742086752637749	2.00709219858156	0.46819787985865724	0.703811563169165	0.6834516559859208	0.7189405254477603	0.11484098939929328	0.913036461761558	553	344	33
18-81_en_professional	en	12.1875	1.6717948717948719	8.890304487179488	8.293416666666667	0.36923076923076925	0.10256410256410256	0.6358974358974359	0.005128205128205128	0.0	0.9375	0.7784469329596535	4.0625	1.9166666666666667	0.007603839926153846	3.3456664864864864e-05	0.012307692307692308	0.4256410256410256	20.3125	1.2322210188872902	4.100609756097561	2.1594202898550723	0.5846153846153846	0.7086458333333336	-1	-1	0.15897435897435896	0.9458156346491379	191	111	16
18-82_en_professional	en	11.782608695652174	1.6088560885608856	7.989719236322799	7.190439627787583	0.35424354243542433	0.0959409594095941	0.6420664206642066	0.033210332103321034	0.01107011070110701	0.6956521739130435	0.7666575759877194	3.3846153846153846	1.7721518987341771	0.0064467534900369	5.734424052287582e-05	0.009934714731762703	0.977859778597786	15.923076923076923	1.2320547340914687	4.192771084337349	1.951219512195122	0.47601476014760147	0.6379069767441862	-1	-1	0.2029520295202952	0.8988856731179778	260	153	26
18-84_en_professional	en	11.272727272727273	1.6102150537634408	7.80690127077224	7.592649462365591	0.40860215053763443	0.11021505376344086	0.6881720430107527	0.01881720430107527	0.002688172043010753	0.9090909090909091	0.728956503311018	3.6666666666666665	1.9553571428571428	0.006933130817741936	5.0123928181818176e-05	0.009557945041816009	0.6344086021505376	17.636363636363637	1.4589437790633963	4.24957264957265	1.8837209302325582	0.5053763440860215	0.6610989010989006	-1	0.858643917270321	0.15053763440860216	0.9201311339371612	351	220	33
18-85_en_professional	en	9.1875	1.5759637188208617	6.58949688208617	5.568610317460319	0.40589569160997735	0.17233560090702948	0.673469387755102	0.0045351473922902496	0.0022675736961451248	0.5416666666666666	0.8052814364516492	3.480769230769231	2.0211267605633805	0.007240987759637188	9.04037249070632e-05	0.00791014080050625	1.836734693877551	14.153846153846153	1.2729399981526106	4.078666666666667	2.2839506172839505	0.3401360544217687	0.6111403508771923	-1	0.46767750092417487	0.10204081632653061	0.8481102609981168	427	269	52
18-86_en_professional	en	17.133333333333333	1.7743190661478598	12.028964980544746	8.702494889753567	0.4357976653696498	0.11673151750972763	0.669260700389105	0.011673151750972763	0.0038910505836575876	0.9333333333333333	0.7377766148180835	4.933333333333334	2.276315789473684	0.007353270835019455	3.464206037735849e-05	0.013424124513618678	0.642023346303502	27.533333333333335	1.2191610109328812	4.2548076923076925	2.2083333333333335	0.5175097276264592	0.6922151898734169	-1	-1	0.12840466926070038	0.9025049194063705	253	159	15
18-87_en_professional	en	14.59375	1.6509635974304069	9.582932949678803	8.444261295503212	0.39828693790149894	0.09421841541755889	0.6766595289079229	0.04068522483940043	0.0	0.9375	0.708368165308165	4.125	1.8865248226950355	0.00673256876509636	7.008735211267606e-05	0.006627918833486286	1.0620985010706638	24.34375	1.302924082040036	4.070063694267516	2.0	0.42184154175588867	0.6277717391304344	-1	0.6403286875108637	0.1349036402569593	0.8893438541298069	444	284	32
18-88_en_professional	en	16.3	1.6319018404907975	10.02344171779141	8.36036	0.39263803680981596	0.09202453987730061	0.6134969325153374	0.006134969325153374	0.0	1.0	0.7556092324208267	4.6	1.94	0.007801115350306749	4.69315902173913e-05	0.016731734523145567	0.12883435582822086	29.0	1.3894538705022577	3.8904109589041096	2.1454545454545455	0.5766871165644172	0.6745312500000001	-1	-1	0.15950920245398773	0.9395607887580549	160	92	10
18-90_en_professional	en	7.625	2.0163934426229506	11.17719262295082	12.898588524590163	0.5901639344262295	0.13114754098360656	0.8032786885245902	0.0	0.0	1.0	0.7638755980861245	3.625	2.1	0.0050868774540983605	7.744545813953488e-05	0.03934426229508197	0.16393442622950818	12.625	1.0551854395604396	4.566037735849057	2.433333333333333	0.7868852459016393	0.7868852459016393	-1	-1	0.06557377049180328	0.9527594459821268	58	43	8
18-91_en_professional	en	11.470588235294118	1.6128205128205129	7.914811463046757	6.307241327300151	0.3153846153846154	0.13333333333333333	0.6102564102564103	0.038461538461538464	0.002564102564102564	0.9117647058823529	0.761404588677316	3.7058823529411766	2.0	0.00797998941948718	5.56240270531401e-05	0.009102564102564102	0.32051282051282054	16.705882352941178	1.2095480741476503	4.308492201039861	1.9035087719298245	0.5051282051282051	0.6654982817869403	-1	0.9932047952404157	0.13846153846153847	0.9332451110502274	374	207	34
18-96_en_professional	en	14.666666666666666	1.7308612440191387	10.554162679425836	8.454288197767145	0.35645933014354064	0.16148325358851676	0.6411483253588517	0.0	0.0035885167464114833	0.9824561403508771	0.7546451181333506	4.88135593220339	1.9761904761904763	0.007536139148803828	4.3286079527559057e-05	0.004330968487048342	1.4880382775119618	20.593220338983052	1.1360498652168014	4.653027823240589	2.1666666666666665	0.3791866028708134	0.6929715061058317	0.6907734677058486	0.7989248350251431	0.16626794258373206	0.9014987276544363	835	508	59
18-97_en_professional	en	12.5625	1.5870646766169154	8.036738184079603	6.741917661691543	0.36318407960199006	0.08208955223880597	0.6069651741293532	0.012437810945273632	0.0024875621890547263	0.9375	0.7772378793857323	4.375	1.9292035398230087	0.009225917470646766	5.110635357142857e-05	0.007048092868988391	0.8134328358208955	17.0625	1.1511090423544301	4.6075949367088604	2.1095890410958904	0.472636815920398	0.6945214521452138	-1	0.7082296367224045	0.16666666666666666	0.9170674842192812	397	224	32
18-99_en_professional	en	12.297297297297296	1.7626373626373626	10.005066825066827	7.900009207009207	0.4065934065934066	0.13186813186813187	0.676923076923077	0.0	0.0	0.9459459459459459	0.7872369914036581	4.17948717948718	2.227272727272727	0.006936001680879121	4.9401613888888884e-05	0.008791208791208791	0.843956043956044	16.82051282051282	1.1302892085588971	4.619909502262443	2.225806451612903	0.45054945054945056	0.6582022471910107	-1	0.6724904402562385	0.13626373626373625	0.8983987003049418	453	288	39
19-10_en_professional	en	14.33147113594041	1.7832640332640333	11.041789335532354	9.455927015509278	0.3957900207900208	0.13526507276507277	0.6865904365904366	0.019100831600831602	0.006496881496881497	0.6052141527001862	0.6667883962713521	4.526315789473684	1.8906184265881363	0.004893534790352979	6.472728261793455e-05	0.0007763431447641975	6.8212058212058215	21.97459165154265	1.3635309831856564	4.469151880188833	2.038645418326693	0.17502598752598753	0.6334671580887057	0.6465383505765656	0.692534773091377	0.1546257796257796	0.8346029497083506	7504	4706	551
19-101_en_professional	en	10.222222222222221	2.130434782608696	13.53579710144928	12.312090338164253	0.45652173913043476	0.15217391304347827	0.7391304347826086	0.0	0.010869565217391304	1.0	0.7714428298309878	4.444444444444445	1.8333333333333333	0.005633026413043479	3.4910161290322586e-05	0.02717391304347826	0.15217391304347827	17.77777777777778	1.3713154383742618	4.54320987654321	2.2142857142857144	0.6739130434782609	0.6739130434782609	-1	-1	0.10869565217391304	0.91133453984985	92	62	9
19-102_en_professional	en	12.865853658536585	1.7260663507109004	9.795265865217896	8.80820864639926	0.36208530805687206	0.13649289099526066	0.704265402843602	0.046445497630331754	0.004739336492890996	0.9146341463414634	0.7447035652145498	3.817073170731707	2.056338028169014	0.004491921895829384	7.068701293929712e-05	0.0034623486045286993	1.6037914691943127	19.402439024390244	1.2127042265219836	4.517176764522174	1.9692671394799055	0.4104265402843602	0.7218096234309593	0.6693812486379969	0.7800170495428342	0.1848341232227488	0.9079236938708336	989	626	82
19-104_en_professional	en	10.173913043478262	1.8376068376068375	10.061586770717206	8.582103901895206	0.4444444444444444	0.1282051282051282	0.6965811965811965	0.013888888888888888	0.004273504273504274	0.75	0.6526603117166773	3.4239130434782608	1.7826086956521738	0.005598232558974359	4.1708447666666663e-05	0.004003340210236762	2.3098290598290596	16.48913043478261	1.172672768674562	4.321313586606568	2.157556270096463	0.3525641025641026	0.6345280764635616	0.5714069557785839	0.70505091292896	0.1282051282051282	0.8751732879278019	919	600	92
19-109_en_professional	en	15.867647058823529	1.7043558850787766	10.70978179687074	9.036643340783952	0.34754402224281744	0.15291936978683968	0.6895273401297498	0.03521779425393883	0.0037071362372567192	0.9705882352941176	0.732631747082361	4.632352941176471	1.9765886287625418	0.005119824119555143	7.785371808346213e-05	0.003421971911313895	1.7738646895273402	24.044117647058822	1.2137292847468313	4.440439828955406	1.8583333333333334	0.37812789620018533	0.7096122448979584	0.7242734184992409	0.7869655118157997	0.17794253938832252	0.893144966718456	1028	647	68
19-11_en_professional	en	18.523809523809526	1.9331619537275064	14.445596768270295	11.708350618190721	0.38303341902313626	0.20565552699228792	0.7223650385604113	0.005141388174807198	0.0	1.0	0.7018696052670528	5.333333333333333	2.0327868852459017	0.004820380458354756	6.575899731800765e-05	0.010394545657762377	0.4190231362467866	27.142857142857142	1.1197654877884864	4.975438596491228	2.0317460317460316	0.4832904884318766	0.6855172413793105	-1	0.9328046900659618	0.14910025706940874	0.8968306738908747	386	261	21
19-111_en_professional	en	15.862068965517242	1.9173913043478261	13.221424287856074	11.283377061469265	0.4608695652173913	0.12173913043478261	0.7391304347826086	0.013043478260869565	0.0	0.9310344827586207	0.7617209940656423	4.896551724137931	1.9366197183098592	0.004731822668695652	4.1704211612903225e-05	0.007372400756143667	1.6543478260869566	27.586206896551722	1.2621921776948712	4.3652173913043475	2.052023121387283	0.45217391304347826	0.6915789473684213	-1	0.6925446035288473	0.15	0.8900690532819178	451	310	29
19-112_en_professional	en	12.408163265306122	1.8174342105263157	10.694907357679917	8.829365292696025	0.40131578947368424	0.11513157894736842	0.6842105263157895	0.006578947368421052	0.011513157894736841	0.8163265306122449	0.6766200314300805	4.428571428571429	1.8131868131868132	0.005811199840296053	6.703059281914894e-05	0.0062828947368421045	1.325657894736842	18.836734693877553	1.2185497359442643	4.645474137931035	2.094674556213018	0.35855263157894735	0.6163457760314349	0.4162188553456415	0.6324091803448663	0.16611842105263158	0.8631278978446798	604	376	49
19-114_en_professional	en	10.375	2.0421686746987953	12.553840361445786	13.312350602409639	0.42168674698795183	0.16265060240963855	0.7409638554216867	0.006024096385542169	0.012048192771084338	1.0	0.7894491874368034	3.6875	1.8333333333333333	0.004580452147590361	2.628093e-05	0.01927710843373494	0.2469879518072289	17.8125	1.3900377117085374	4.652777777777778	2.1538461538461537	0.6325301204819277	0.6943283582089551	-1	-1	0.16265060240963855	0.9213384597461769	163	110	16
19-117_en_professional	en	14.642857142857142	1.7447154471544715	10.708356562137052	8.707627177700349	0.3463414634146341	0.11707317073170732	0.6747967479674797	0.03577235772357724	0.004878048780487805	0.9761904761904762	0.723805484437794	4.476190476190476	1.8333333333333333	0.004618748805691057	8.397825354107648e-05	0.0065040650406504065	0.9691056910569106	23.428571428571427	1.2856496703326878	4.315524193548387	2.0136363636363637	0.3853658536585366	0.6565116279069785	0.5298427834172323	0.6556692778573655	0.1967479674796748	0.8861374477479635	586	353	42
19-119_en_professional	en	17.375	1.829736211031175	12.777137290167868	10.766418944844123	0.420863309352518	0.1510791366906475	0.7062350119904077	0.015587529976019185	0.002398081534772182	0.9583333333333334	0.7546994810889956	5.0625	2.1016260162601625	0.005222108981258993	4.131222257462686e-05	0.004413860216174886	2.3441247002398082	27.729166666666668	1.2504802045374939	4.503370786516854	2.0861423220973783	0.3980815347721823	0.7311700680272109	0.6146036122175835	0.6968555041903493	0.12589928057553956	0.8867019527839429	816	536	48
19-12_en_professional	en	12.85972850678733	1.968332160450387	12.651613610961626	11.281202200986495	0.39549612948627727	0.17276565798733287	0.7090077410274455	0.012667135819845179	0.0049261083743842365	0.7601809954751131	0.7452054268208755	4.262443438914027	1.9953650057937427	0.004432020310048839	6.132767224025973e-05	0.001553003646599706	4.563335679099226	20.683257918552037	1.4344131209608768	4.554510474561779	2.2184873949579833	0.2653061224489796	0.6761173897192816	0.6585792062950871	0.7208938250826245	0.13933849401829698	0.858400754265946	2785	1848	221
19-121_en_professional	en	15.435897435897436	1.823920265780731	11.952259136212625	10.264769094471418	0.3687707641196013	0.1478405315614618	0.6611295681063123	0.0049833887043189366	0.0016611295681063123	0.9230769230769231	0.7761198729618898	4.333333333333333	1.9606741573033708	0.00606165333089701	4.2075891847826085e-05	0.005913621262458472	1.73421926910299	24.743589743589745	1.3016368383994001	4.366632337796086	2.1052631578947367	0.3554817275747508	0.6846322067594451	0.3241482731178691	0.6218421396001241	0.1478405315614618	0.8632015632137995	592	368	39
19-122_en_professional	en	13.05	1.9137931034482758	12.082258620689657	11.476864214559388	0.3946360153256705	0.21264367816091953	0.7164750957854407	0.005747126436781609	0.0019157088122605363	1.0	0.7116485561410381	4.45	1.9364161849710984	0.004971500745402298	4.682308988439307e-05	0.006487286659700452	1.3601532567049808	22.6	1.3298669750444054	4.269526952695269	2.1013513513513513	0.4003831417624521	0.6711820330969268	0.3402616229850207	0.6346521399223211	0.13409961685823754	0.8784490242095375	519	346	40
19-123_en_professional	en	15.393939393939394	1.8188976377952757	11.876628489620618	9.215815485564306	0.36220472440944884	0.19094488188976377	0.6909448818897638	0.003937007874015748	0.0	1.0	0.79000017416407	4.666666666666667	2.2097902097902096	0.006598806117913386	4.132635705329153e-05	0.007511396601740572	1.2125984251968505	21.696969696969695	1.134536773815068	4.874826147426982	2.185185185185185	0.3858267716535433	0.6781662591687025	0.1438949823675654	0.7383079403793554	0.12401574803149606	0.8725535427546381	508	319	33
19-124_en_professional	en	12.342857142857143	1.7893518518518519	10.338066137566141	9.06720951058201	0.37037037037037035	0.1527777777777778	0.6817129629629629	0.0011574074074074073	0.0	0.8857142857142857	0.7691052677780283	3.8285714285714287	2.089430894308943	0.005143617799189815	4.643173877917415e-05	0.004554958183990442	1.7025462962962963	18.042857142857144	1.1445358892150008	4.703125	2.2318840579710146	0.33796296296296297	0.6555163398692779	0.5408632797904057	0.6979743603464326	0.16898148148148148	0.8655143072488741	860	557	70
19-125_en_professional	en	17.133333333333333	1.8184176394293126	12.549328145265893	10.236995538261997	0.3748378728923476	0.14526588845654995	0.6783398184176395	0.00648508430609598	0.00648508430609598	0.9333333333333333	0.7829101160224632	4.777777777777778	1.9336283185840708	0.004528120326459144	4.339983619246862e-05	0.0046527906450085435	1.9701686121919586	26.155555555555555	1.2048807039640483	4.641047297297297	2.1465968586387434	0.36186770428015563	0.7062202380952377	0.4888702975108547	0.649827155716309	0.17769130998702984	0.8734865072500688	766	478	45
19-126_en_professional	en	13.794117647058824	1.8251599147121536	11.326592875956354	8.889073698733224	0.4136460554371002	0.14285714285714285	0.6993603411513859	0.01279317697228145	0.014925373134328358	0.8529411764705882	0.7842648179549003	4.0	2.0294117647058822	0.0035005893959488272	4.5444615654952075e-05	0.007052648843693619	2.2899786780383797	22.735294117647058	1.3153462846855457	4.207207207207207	2.122950819672131	0.32196162046908317	0.6417027027027035	-1	0.4876316060230574	0.17270788912579957	0.8346016293840679	467	313	34
19-127_en_professional	en	15.829268292682928	1.8212634822804314	12.074323725055432	9.122793874253071	0.4067796610169492	0.14175654853620956	0.6764252696456087	0.0015408320493066256	0.009244992295839754	0.975609756097561	0.7750413494809333	5.097560975609756	2.0796019900497513	0.0063888891460708785	5.3852144794188865e-05	0.005678251440963305	1.8906009244992297	23.853658536585368	1.1983856574828755	4.6020408163265305	2.1904761904761907	0.37596302003081666	0.7117636363636347	0.48366943352702285	0.6530560802173789	0.12788906009244994	0.8737006685431837	647	413	41
19-128_en_professional	en	14.025	1.7468805704099821	10.492940730837791	9.221459500891266	0.41711229946524064	0.1586452762923351	0.7058823529411765	0.012477718360071301	0.0035650623885918	0.975	0.7356501197510211	4.475	1.9720670391061452	0.0051223384024955436	5.8504767323943664e-05	0.005583022231190933	1.8003565062388591	23.075	1.25288900102655	4.170442286947141	1.9737991266375545	0.42780748663101603	0.7150649350649346	0.2206106757478829	0.5808724877060086	0.12477718360071301	0.8944427915700649	537	355	40
19-131_en_professional	en	14.470588235294118	1.943089430894309	12.981984696317554	11.031962027737924	0.37398373983739835	0.16260162601626016	0.6747967479674797	0.0	0.0	1.0	0.7558410340487545	4.588235294117647	2.057142857142857	0.00628910693699187	5.6917857615894036e-05	0.011614401858304299	0.21544715447154472	20.41176470588235	1.1568277904444597	5.060518731988473	2.1016949152542375	0.6138211382113821	0.7264625850340135	-1	-1	0.17479674796747968	0.9508508155076709	241	151	17
19-140_en_professional	en	12.11111111111111	1.7821100917431192	10.162232415902139	9.53199612640163	0.4243119266055046	0.12844036697247707	0.7087155963302753	0.022935779816513763	0.0045871559633027525	0.9722222222222222	0.8169869621215806	4.444444444444445	2.183333333333333	0.00475408732912844	6.549238939929329e-05	0.008229897463572586	0.4724770642201835	18.083333333333332	1.2141939613188413	4.649390243902439	2.335526315789474	0.5068807339449541	0.6624925816023732	-1	1.0011623625989556	0.17889908256880735	0.9117957479969103	419	283	36
19-141_en_professional	en	14.79746835443038	1.662104362703165	9.793844138125198	8.086382217842797	0.3781009409751925	0.10607356715141146	0.6826347305389222	0.04448246364414029	0.003421727972626176	0.9367088607594937	0.7511706903391867	4.493670886075949	1.7479674796747968	0.004610985654576561	7.081949156976745e-05	0.0037550131647650893	1.9084687767322497	22.810126582278482	1.229550379408723	4.238879736408567	1.9428571428571428	0.3550042771599658	0.7028971962616838	0.5998418256273297	0.7769444026189447	0.16253207869974337	0.885217647186648	1115	688	79
19-142_en_professional	en	14.333333333333334	1.5988372093023255	8.866279069767444	8.030544961240311	0.4186046511627907	0.12209302325581395	0.7209302325581395	0.040697674418604654	0.0	1.0	0.8181364559073536	4.416666666666667	1.9056603773584906	0.003630701780232558	8.280330891089109e-05	0.015856236786469344	0.18604651162790697	23.916666666666668	1.278155173064133	4.090909090909091	2.1704545454545454	0.6976744186046512	0.7765753424657535	-1	-1	0.13372093023255813	0.9494934354765419	160	101	12
19-143_en_professional	en	14.11111111111111	1.7322834645669292	10.3542782152231	9.131543132108488	0.3858267716535433	0.16535433070866143	0.7165354330708661	0.031496062992125984	0.007874015748031496	1.0	0.7577799113612262	4.555555555555555	1.9871794871794872	0.004527809743307087	6.456551393939393e-05	0.011318897637795276	0.3661417322834646	20.38888888888889	1.1518054621410603	4.62125340599455	1.8780487804878048	0.594488188976378	0.7332258064516127	-1	-1	0.14960629921259844	0.9258594403087018	243	165	18
19-144_en_professional	en	21.615384615384617	1.8647686832740213	14.844270462633457	11.909626115521489	0.33451957295373663	0.1423487544483986	0.6512455516014235	0.010676156583629894	0.0035587188612099642	1.0	0.726933176537908	5.615384615384615	2.142857142857143	0.006074968940213523	6.626165389221557e-05	0.014997458057956279	0.23487544483985764	29.384615384615383	1.1455425989139774	5.057441253263708	2.0	0.5266903914590747	0.6614835164835162	-1	-1	0.16370106761565836	0.903669090428291	273	167	13
19-145_en_professional	en	13.866666666666667	1.6057692307692308	8.766076923076927	8.47047782051282	0.3942307692307692	0.09615384615384616	0.6682692307692307	0.057692307692307696	0.014423076923076924	1.0	0.7710555518727062	4.6	2.033333333333333	0.006195919665865385	5.74530652173913e-05	0.012419871794871796	0.24519230769230768	22.066666666666666	1.2558768339377093	4.157575757575757	2.010204081632653	0.6057692307692307	0.7386238532110089	-1	-1	0.1201923076923077	0.9362939524327392	194	115	15
19-146_en_professional	en	13.615384615384615	1.6779661016949152	9.52	7.540475358539766	0.3728813559322034	0.07909604519774012	0.6384180790960452	0.03389830508474576	0.01694915254237288	1.0	0.7096275946275945	3.8461538461538463	1.84	0.0053199359870056495	0.00013769559484536084	0.012840267077555215	0.22033898305084745	20.076923076923077	1.1926386905166746	4.3396946564885495	2.017543859649123	0.6892655367231638	0.7705128205128208	-1	-1	0.21468926553672316	0.9523462459512337	169	97	13
19-167_en_professional	en	10.6	1.8230008984725965	10.05541060197664	8.998281365678347	0.44025157232704404	0.11410601976639713	0.7035040431266847	0.006289308176100629	0.008984725965858042	0.8095238095238095	0.7536243877952677	3.980952380952381	1.7333333333333334	0.005200267994249775	6.052291184767278e-05	0.0035131288046276387	2.0988319856244386	16.438095238095237	1.1680921534016107	4.534424379232505	2.2680965147453085	0.38544474393531	0.6717455621301778	0.7915519239661934	0.8838529833630207	0.14195867026055706	0.8941843539074193	1102	709	105
19-168_en_professional	en	11.983471074380166	1.7903448275862068	10.209622684525506	8.770553605015676	0.40620689655172415	0.14206896551724138	0.6820689655172414	0.0020689655172413794	0.001379310344827586	0.8429752066115702	0.7457619038585049	4.204918032786885	1.9497816593886463	0.005645517992551724	5.394108855555555e-05	0.0031567721293992174	2.4813793103448276	17.540983606557376	1.1386810482899425	4.662700228832952	2.279120879120879	0.3448275862068966	0.6816654330125859	0.694829186582695	0.7396216797230064	0.13586206896551725	0.8858447919421382	1432	900	122
19-169_en_professional	en	10.91578947368421	1.9214079074252652	11.339771202354974	10.201156644165865	0.4951783992285439	0.1528447444551591	0.7704918032786885	0.0033751205400192863	0.0024108003857280617	0.7368421052631579	0.6929059485772552	3.6041666666666665	1.9970972423802613	0.004063316927627772	4.4698422252010725e-05	0.002153467760285179	5.038090646094504	18.052083333333332	1.331354764214869	4.409052572392466	2.2655086848635237	0.3351012536162006	0.747954430379755	0.7802287855360881	0.8012929562163722	0.11137897782063645	0.8771601633295366	2046	1492	192
19-17_en_professional	en	9.669117647058824	1.7992395437262358	9.411982498322526	8.264687877432342	0.4190114068441065	0.12623574144486693	0.6950570342205323	0.0045627376425855515	0.006844106463878327	0.6470588235294118	0.642914583819585	3.7205882352941178	1.787280701754386	0.006196909617718632	9.46958735915493e-05	0.0033798056611744824	2.6638783269961976	14.286764705882353	1.20594735712669	4.632571996027806	2.2707838479809976	0.3429657794676806	0.6706332236842136	0.7841682864460422	0.7962840264258935	0.14904942965779466	0.8775846587663337	1305	852	136
19-20_en_professional	en	10.64864864864865	1.8286802030456852	10.141399368912058	9.53162156674441	0.33121827411167515	0.1484771573604061	0.6814720812182741	0.030456852791878174	0.015228426395939087	0.8918918918918919	0.729407343974562	3.6486486486486487	2.0639269406392695	0.005086576364467005	7.200917188160676e-05	0.004796954314720812	1.1598984771573604	14.864864864864865	1.1587163155424598	4.825932504440497	2.1260162601626016	0.4010152284263959	0.7136139332365758	0.551994316874634	0.7304597363340305	0.1865482233502538	0.8878024768624337	760	473	74
19-21_en_professional	en	12.841666666666667	1.853990914990266	11.29534279688514	10.079472545965825	0.382219338092148	0.17391304347826086	0.7053861129136924	0.014925373134328358	0.0025957170668397143	0.9083333333333333	0.7329319190411133	4.104838709677419	1.908	0.005889656336469825	5.792147674876848e-05	0.0024846390842497264	1.9591174561972744	18.201612903225808	1.1701475822509362	4.894622723330443	2.1847826086956523	0.3783257624918884	0.687621359223303	0.8652802529092873	0.9071834009860286	0.13951979234263465	0.8968524343338677	1512	1015	124
19-22_en_professional	en	8.326315789473684	1.7690686894226717	8.532273693082264	8.408904627054362	0.3754740834386852	0.16982722292456806	0.7054361567635904	0.03666245259165613	0.010956595027391488	0.5614035087719298	0.8003275588875419	2.9550173010380623	1.8710106382978724	0.005038907833839022	6.448225829447035e-05	0.0016615495755824454	3.8280657395701643	12.245674740484429	1.0648279611813312	4.506069598057729	2.1338582677165356	0.3324905183312263	0.6964467897977139	0.6327777236720766	0.7087446186491876	0.1281078803202697	0.8901229251135634	2287	1501	289
19-25_en_professional	en	11.64516129032258	1.7437673130193905	9.528067196854618	9.11781889017961	0.39058171745152354	0.15512465373961218	0.6883656509695291	0.018005540166204988	0.0013850415512465374	0.9354838709677419	0.674542966684792	4.016129032258065	1.9770642201834863	0.0057812841001385045	6.155525452538631e-05	0.005274945482407025	0.9196675900277008	19.112903225806452	1.3396999631179924	4.27431421446384	2.098654708520179	0.4515235457063712	0.70566613162119	0.5828234113340354	0.836766884621975	0.1481994459833795	0.9066833310179753	704	453	62
19-27_en_professional	en	10.82882882882883	1.7029950083194676	8.728584341412962	8.296694988832428	0.389351081530782	0.16472545757071547	0.7088186356073212	0.03993344425956739	0.0074875207986688855	0.7837837837837838	0.7128002531125197	3.5855855855855854	1.8776041666666667	0.0047960922116472545	5.453084e-05	0.003502393130790247	1.6181364392678868	16.963963963963963	1.272768818718878	4.287046632124352	2.0366132723112127	0.3968386023294509	0.7116681776971898	0.6305173189566113	0.7767611400778108	0.12063227953410982	0.8966907060180378	1149	760	111
19-3_en_professional	en	8.403225806451612	2.0268714011516313	11.60434059810538	10.936449297257136	0.4107485604606526	0.1765834932821497	0.7044145873320538	0.009596928982725527	0.0019193857965451055	0.7741935483870968	0.721466286471237	3.3225806451612905	2.0277777777777777	0.006751481042418426	6.115174306358382e-05	0.006691912642008611	0.7504798464491362	13.435483870967742	1.2409881005195285	4.623406720741599	2.3865030674846626	0.4740882917466411	0.6778672985781977	1.056844587455409	0.8867826984351396	0.12476007677543186	0.9053895932865951	513	346	62
19-31_en_professional	en	15.275862068965518	1.6493604213694508	9.830039179056076	8.029711045380244	0.3860045146726862	0.09405568096313018	0.6523702031602708	0.035364936042136946	0.014296463506395787	0.9080459770114943	0.7491265598589063	4.64367816091954	2.2529761904761907	0.0060223124623806175	7.511679986893841e-05	0.0028605900210165796	2.9887133182844243	22.160919540229884	1.204196265050093	4.563467492260062	1.9642857142857142	0.33559066967644846	0.6919349593495935	0.6824681425111683	0.7585446527300531	0.20090293453724606	0.8838692166677757	1263	763	87
19-33_en_professional	en	11.945945945945946	1.9502262443438914	12.081588602176836	11.582633655374831	0.3506787330316742	0.14479638009049775	0.6855203619909502	0.006787330316742082	0.00904977375565611	0.8378378378378378	0.7262880107970431	3.4130434782608696	1.429530201342282	0.00463082220678733	8.040039054545454e-05	0.013251454427925016	0.5316742081447964	14.543478260869565	1.1351037463139502	5.053811659192825	2.265957446808511	0.4592760180995475	0.6803790087463555	-1	0.8193036878356795	0.1583710407239819	0.902458746151513	438	275	46
19-34_en_professional	en	11.298245614035087	2.022256728778468	12.678945189059608	11.959511801242236	0.4280538302277433	0.13302277432712215	0.7199792960662525	0.012422360248447204	0.002587991718426501	0.8070175438596491	0.7467166079399612	4.087719298245614	1.6884779516358464	0.004515302734730849	7.625333659108678e-05	0.0022627441105701977	4.221014492753623	18.04093567251462	1.2115602712710338	4.693138500635324	2.174174174174174	0.3333333333333333	0.720490998363353	0.6271823821419832	0.7382823835328055	0.15527950310559005	0.8838009681650559	1901	1279	171
19-35_en_professional	en	10.964705882352941	1.9774678111587982	12.020355465791468	11.792596033829842	0.4007510729613734	0.15343347639484978	0.7145922746781116	0.013948497854077254	0.00536480686695279	0.8117647058823529	0.6706310206262193	3.7470588235294118	1.8646362098138747	0.004443532066148069	7.87328344059406e-05	0.0024489729056776854	3.4790772532188843	15.847058823529412	1.1486844251480997	5.0376266280752535	2.1512455516014235	0.3331545064377682	0.7105495750708282	0.7396866690258411	0.7955347068362991	0.14645922746781115	0.8821653939621719	1833	1212	170
19-37_en_professional	en	12.552631578947368	1.8637316561844863	11.297559858766416	10.548391194968554	0.3731656184486373	0.14675052410901468	0.6624737945492662	0.010482180293501049	0.0041928721174004195	0.9210526315789473	0.7674904713453755	4.578947368421052	1.881578947368421	0.005835584906708595	7.187669298245613e-05	0.007740686985970005	0.4276729559748428	17.789473684210527	1.1471577210347628	4.9475982532751095	2.1690140845070425	0.4779874213836478	0.6821164021164013	-1	0.8616801706865846	0.1530398322851153	0.913718860701657	464	285	38
19-38_en_professional	en	14.504273504273504	1.7866823806717738	11.149518758593597	9.983296615948708	0.39776075427224517	0.12433706540954625	0.6847377725397761	0.026517383618149676	0.004714201532115498	0.9401709401709402	0.7195648337779402	5.0085470085470085	1.9672447013487475	0.00610784625321155	7.590915424710426e-05	0.002698549942449292	2.4295816146140248	20.034188034188034	1.115048514123695	5.010965837199494	2.0861056751467713	0.3653506187389511	0.7122027534417972	0.7611012426524534	0.8025585998568218	0.15144372421921037	0.8984897925084087	1642	1036	117
19-39_en_professional	en	12.162650602409638	1.9177810797424468	11.783250475900633	11.858471357047804	0.3942545814759782	0.19316493313521546	0.7122337790985637	0.008915304606240713	0.001981178801386825	0.8253012048192772	0.7096389515681563	4.102409638554217	2.0179445350734095	0.004877139107579911	5.466321401657875e-05	0.0023544979412003873	2.8112927191679047	17.740963855421686	1.2080904205683953	4.928334439283344	2.21824686940966	0.3016344725111441	0.6791562500000022	0.7596711570118998	0.820560482316858	0.13075780089153047	0.867013156475399	1987	1327	166
19-40_en_professional	en	15.211267605633802	1.887037037037037	12.609431403234222	11.135712832550862	0.4148148148148148	0.11944444444444445	0.6861111111111111	0.012962962962962963	0.003703703703703704	0.9154929577464789	0.7376532663572544	5.295774647887324	1.875	0.005317304558037037	5.914429864864865e-05	0.005006277463904582	0.9694444444444444	21.577464788732396	1.1195063884008005	5.056921086675291	2.1952861952861955	0.36666666666666664	0.668154943934764	0.8387600837379201	0.9712912042564774	0.1537037037037037	0.8862935932373605	1060	666	71
19-41_en_professional	en	14.923076923076923	1.9110824742268042	12.780773195876293	11.546092069785884	0.37242268041237114	0.125	0.6739690721649485	0.00902061855670103	0.006443298969072165	0.9807692307692307	0.7379389735835581	4.961538461538462	1.8091286307053942	0.005558141788071778	5.328626409185804e-05	0.004522024367385192	1.1404639175257731	21.576923076923077	1.1889678788688067	4.942426926483614	2.1310679611650487	0.44587628865979384	0.7139734121122608	0.6978115556466711	0.8662269079232214	0.18427835051546393	0.913004367958662	769	479	52
19-42_en_professional	en	13.804347826086957	1.9070866141732283	12.29731769941801	10.880110578568985	0.33858267716535434	0.15748031496062992	0.6614173228346457	0.012598425196850394	0.009448818897637795	1.0	0.767035397834986	4.276595744680851	1.893048128342246	0.00560648454232126	6.509573808290156e-05	0.0069195895967549504	0.5905511811023622	19.53191489361702	1.1722440178946683	4.995680345572354	2.1079545454545454	0.4440944881889764	0.6984514925373133	0.6658148933271476	0.8951402192798728	0.17480314960629922	0.9025226973528271	627	386	47
19-43_en_professional	en	9.466257668711657	1.7342838626053143	8.566390069540255	8.399145190828161	0.3946856772521063	0.12313674659753726	0.6824368114063513	0.016202203499675955	0.009073233959818535	0.6687116564417178	0.6419870165441585	3.3795180722891565	1.7117296222664016	0.005181129846079067	9.069763183279743e-05	0.002936649384316267	1.9079714841218405	13.765060240963855	1.20361129186255	4.64364406779661	2.216822429906542	0.3545042125729099	0.642396121883655	0.6471994221439978	0.7253023158991792	0.16526247569669475	0.8933731481731108	1508	933	166
19-44_en_professional	en	8.176470588235293	1.9114554510237964	10.153997851492562	10.425835821478564	0.40232429441062534	0.15218594355285003	0.6995019369120089	0.013281682346430549	0.005534034311012728	0.43891402714932126	0.608232025853213	3.009049773755656	1.9405594405594406	0.00493436770819037	7.296673142361111e-05	0.0027215885156398416	1.9236303265080243	13.972850678733032	1.6521454135925362	4.252795031055901	2.240366972477064	0.2501383508577753	0.603395784543328	0.6217878945788661	0.6502783536376977	0.15439955727725513	0.8334115964241976	1779	1152	221
19-47_en_professional	en	13.924657534246576	1.7270044269552385	10.21926867642798	9.223684785963115	0.37235612395474665	0.11018199704869651	0.6453516969995081	0.02016724053123463	0.010329562223315297	0.7671232876712328	0.7203105470664556	4.335616438356165	1.7968253968253969	0.005345762625774717	6.630458191945158e-05	0.0023617661525997514	2.4510575504181014	22.65068493150685	1.3634934732332176	4.308225369087074	2.0050675675675675	0.24545007378258732	0.6306153050672176	0.5614297899198427	0.675516495824789	0.1928184948352189	0.8494440358317467	1990	1167	146
19-49_en_professional	en	17.151515151515152	1.6890459363957597	11.029832958560878	8.76033050647821	0.3869257950530035	0.10424028268551237	0.6519434628975265	0.015017667844522967	0.0088339222614841	0.8939393939393939	0.722915525889472	4.954545454545454	1.7712609970674487	0.0050486899941696115	5.664755835866261e-05	0.003749280959815926	1.9991166077738516	24.954545454545453	1.1528068697875893	4.594822396146899	2.0798722044728435	0.30742049469964666	0.6519070667957397	0.5085580632809034	0.5924497348339278	0.16519434628975266	0.8615827423667118	1111	658	66
19-52_en_professional	en	16.571428571428573	1.7298850574712643	11.285500821018061	9.468300328407226	0.4367816091954023	0.12931034482758622	0.6982758620689655	0.011494252873563218	0.0	1.0	0.6942477610806072	4.333333333333333	2.203883495145631	0.005194826134132184	8.775547224669604e-05	0.010878489326765188	0.7528735632183908	23.238095238095237	1.1092441049444806	5.008230452674897	2.0097087378640777	0.47126436781609193	0.6702008032128505	-1	0.8482747533473858	0.13793103448275862	0.8809525392328489	345	227	21
19-53_en_professional	en	6.801136363636363	1.9507101086048455	10.08082246335536	11.045825856307436	0.47702589807852963	0.17126148705096073	0.772765246449457	0.005012531328320802	0.003341687552213868	0.6534090909090909	0.7583659734834276	3.034090909090909	1.8271028037383177	0.0034789845177109445	6.129209343317973e-05	0.0029817090150851384	3.3675856307435255	10.988636363636363	1.2369199237836983	4.496120271580989	2.42	0.4126984126984127	0.7382422586520954	0.6297113416484281	0.7340255261668605	0.1060985797827903	0.8930626101814068	1185	868	176
19-54_en_professional	en	16.410714285714285	1.8454842219804135	12.586892390797452	10.729622244675891	0.38846572361262244	0.15560391730141457	0.7072905331882481	0.03482045701849837	0.003264417845484222	0.8392857142857143	0.6537141650489325	5.446428571428571	2.00355871886121	0.004503533332317736	6.42194904109589e-05	0.0049991326426014416	1.8998911860718173	27.75	1.267958780874123	4.323907455012853	2.036827195467422	0.3133841131664853	0.6620975609756106	0.46050437999940247	0.6186972089094197	0.13166485310119697	0.846736481601885	879	584	56
19-55_en_professional	en	9.775280898876405	2.013793103448276	11.985118171251454	11.242231563993284	0.35977011494252875	0.18850574712643678	0.7310344827586207	0.006896551724137931	0.009195402298850575	0.7865168539325843	0.6957211817834072	3.3258426966292136	1.9525691699604744	0.003573404080094023	5.257735145299145e-05	0.0040812926869898385	1.7149425287356321	16.0	1.3843258723411147	4.619015047879617	2.2563025210084033	0.38275862068965516	0.6730090791180278	0.6630528824336439	0.7570931363647249	0.19655172413793104	0.8786508175997265	860	585	89
19-56_en_professional	en	14.691729323308271	1.8275332650972365	11.70466696423762	10.079108115221524	0.40276356192425794	0.1218014329580348	0.687308085977482	0.01791197543500512	0.0035823950870010235	0.8796992481203008	0.7211204661840104	4.69172932330827	1.7121661721068249	0.004781074591197544	5.670400740131579e-05	0.002355650550906135	2.7932446264073696	22.541353383458645	1.2096697942861674	4.674710743801653	2.073170731707317	0.31832139201637666	0.6977304582210274	0.7024397013017452	0.7664061978507305	0.15762538382804503	0.8833559799216653	1915	1216	133
19-57_en_professional	en	12.71875	1.5552825552825553	7.722646652334156	6.4239582923832925	0.3832923832923833	0.14987714987714987	0.6732186732186732	0.007371007371007371	0.002457002457002457	0.96875	0.7314862797648657	4.125	2.0085470085470085	0.0060176704515970516	6.882954071146245e-05	0.00945000945000945	0.4520884520884521	17.75	1.1755205455697375	4.512953367875648	2.139784946236559	0.4742014742014742	0.6903246753246739	-1	0.7479435467254437	0.15233415233415235	0.901876254499185	403	253	32
19-58_en_professional	en	11.275	1.6629711751662972	8.430309866962308	7.808716585365854	0.4079822616407982	0.1286031042128603	0.6984478935698448	0.0066518847006651885	0.0066518847006651885	0.85	0.7422586504801731	4.125	2.1074380165289255	0.005101477841019956	7.257046838487971e-05	0.01279208596281767	0.4789356984478936	15.2	1.052929017131408	5.125200642054574	2.1884057971014492	0.38802660753880264	0.5892329545454543	-1	0.5859279378746359	0.1729490022172949	0.8538535278765671	448	291	40
19-59_en_professional	en	15.821428571428571	1.799097065462754	11.809702515317642	10.300229990325702	0.35665914221218964	0.15349887133182843	0.6523702031602708	0.022573363431151242	0.011286681715575621	0.8928571428571429	0.6835498207774897	4.607142857142857	1.9407407407407407	0.005648435816704289	4.9998867953667954e-05	0.00917042889390519	0.5665914221218962	24.321428571428573	1.214512175258487	4.487627365356623	2.0826446280991737	0.3340857787810384	0.5562499999999995	-1	0.7116101782829716	0.14672686230248308	0.8323044661327416	434	259	28
19-61_en_professional	en	15.192307692307692	1.8278481012658228	11.903607594936712	10.913761441090555	0.37468354430379747	0.14177215189873418	0.7012658227848101	0.007594936708860759	0.002531645569620253	1.0	0.7241604329743402	4.8076923076923075	2.017391304347826	0.005991034878227848	4.280734309623431e-05	0.013743218806509947	0.13164556962025317	24.46153846153846	1.2807302383773485	4.5375	2.246268656716418	0.5063291139240507	0.6485810810810804	-1	0.9133737874662331	0.16455696202531644	0.9137185445488086	387	239	26
19-62_en_professional	en	16.87719298245614	1.8045738045738047	12.286076157128793	10.656648371448373	0.3908523908523909	0.09771309771309772	0.66008316008316	0.02079002079002079	0.004158004158004158	0.9122807017543859	0.7237237981884092	5.0	1.75503355704698	0.0036959377372141372	5.171907766323024e-05	0.003996003996003996	2.6943866943866945	27.964912280701753	1.3324606340977583	4.2359900373599	1.9931506849315068	0.3399168399168399	0.6954113557358029	0.43025711438448544	0.5796956488658739	0.1735966735966736	0.8703823556006518	939	582	57
19-63_en_professional	en	14.982758620689655	1.912543153049482	12.821285068052855	11.326791579699218	0.39355581127733025	0.12888377445339472	0.6927502876869965	0.009205983889528193	0.0023014959723820483	0.7931034482758621	0.7207995900782053	4.913793103448276	1.8659003831417624	0.0037602024144994246	4.1844382807017545e-05	0.004908659378596088	1.6777905638665132	24.189655172413794	1.3617337598685146	4.647558386411889	2.121359223300971	0.3394706559263521	0.7234415584415573	0.4624125261240734	0.5806220062158387	0.19447640966628307	0.8662910877192774	858	570	58
19-65_en_professional	en	15.228571428571428	1.8902439024390243	12.654020905923343	10.822089563119809	0.4024390243902439	0.13414634146341464	0.7195121951219512	0.016885553470919325	0.0009380863039399625	0.9142857142857143	0.690050078415118	4.6571428571428575	2.054140127388535	0.004988348112851782	5.7138851909476665e-05	0.0040841074452020315	2.3133208255159476	23.47142857142857	1.251616516086288	4.6810187992722865	2.089041095890411	0.31894934333958724	0.6745398138572894	0.5015446003119826	0.6081079489831743	0.18198874296435272	0.8549680806008576	1045	707	70
19-66_en_professional	en	15.09375	1.7028985507246377	10.390765398550727	7.538571480331264	0.38716356107660455	0.10455486542443064	0.639751552795031	0.014492753623188406	0.003105590062111801	0.921875	0.6851653023116052	5.109375	1.609907120743034	0.0063876048809275365	7.096693012477718e-05	0.004000895305243132	2.109730848861284	21.703125	1.1654317465450688	4.544149318018665	2.0642570281124497	0.34575569358178054	0.6622837370242216	0.4818668520777677	0.5673059517640444	0.16459627329192547	0.8809154757963006	950	561	64
19-67_en_professional	en	15.204545454545455	1.8475336322869955	12.140669588259275	11.129516890881915	0.3781763826606876	0.15097159940209268	0.6905829596412556	0.005979073243647235	0.01046337817638266	0.8863636363636364	0.7525374357539201	4.2272727272727275	1.7932692307692308	0.004359447024663677	4.523624941451991e-05	0.005245277891017802	1.6606875934230194	25.90909090909091	1.30414632175533	4.307086614173229	2.2402234636871508	0.35276532137518685	0.6723157894736841	0.3361344587046836	0.6462692463627346	0.18684603886397608	0.8627923106222124	663	427	44
19-72_en_professional	en	6.0	2.2222222222222223	12.972222222222225	16.639311111111112	0.3888888888888889	0.16666666666666666	0.7777777777777778	0.0	0.0	1.0	0.8636363636363636	3.0	1.5714285714285714	0.0026669124388888892	2.9535325e-05	0.1111111111111111	0.0	11.0	1.3527777777777779	4.323529411764706	2.0	0.8888888888888888	0.8888888888888888	-1	-1	0.16666666666666666	0.9266284080291269	18	12	3
19-74_en_professional	en	10.904347826086957	1.9178628389154706	11.293477151376468	10.289502809791276	0.4780701754385965	0.1814194577352472	0.7587719298245614	0.006379585326953748	0.0035885167464114833	0.7260869565217392	0.7159496760687449	3.6088709677419355	1.951219512195122	0.0052846549825757575	3.415363512004467e-05	0.0020885547201336674	3.791467304625199	18.080645161290324	1.3106549763736817	4.171939777438359	2.2682186234817814	0.3536682615629984	0.6876131174761214	0.6068864297742567	0.6870519409246081	0.08851674641148326	0.8895409574332244	2465	1791	248
19-75_en_professional	en	11.25	1.8222222222222222	10.299722222222222	9.75588888888889	0.37777777777777777	0.2	0.8	0.0	0.0	1.0	0.8737637362637364	3.25	2.24	0.003924217265555556	3.0285444615384615e-05	0.07407407407407408	0.03333333333333333	15.875	1.147890406162465	4.922480620155039	2.238095238095238	0.5444444444444444	0.5444444444444444	-1	-1	0.14444444444444443	0.8447612300006663	90	65	8
19-76_en_professional	en	17.041666666666668	1.9486552567237163	14.050382029339858	10.27199502852486	0.35207823960880197	0.1784841075794621	0.6552567237163814	0.007334963325183374	0.012224938875305624	0.9583333333333334	0.7026164430238631	5.416666666666667	2.1416666666666666	0.007590913036919315	4.564521352459017e-05	0.009689395997464456	0.7555012224938875	24.583333333333332	1.1704786416670265	4.878787878787879	2.1777777777777776	0.3765281173594132	0.6671612903225802	-1	0.5499336765578424	0.1198044009779951	0.8693791598230789	409	244	24
19-77_en_professional	en	12.425531914893616	1.8133561643835616	10.653560186534538	9.108953045759254	0.3767123287671233	0.17294520547945205	0.6832191780821918	0.0	0.005136986301369863	0.9787234042553191	0.7571650216303659	3.872340425531915	1.9943181818181819	0.006130915318150684	3.5226664343163534e-05	0.006278538812785388	1.4845890410958904	19.319148936170212	1.2699582679047967	4.419739696312364	2.2222222222222223	0.3921232876712329	0.6984329896907219	0.5022466065062402	0.7750408768025916	0.1523972602739726	0.8869718605132574	584	373	47
19-78_en_professional	en	9.681818181818182	1.6854460093896713	8.074172001707215	6.5121568075117375	0.3427230046948357	0.1596244131455399	0.6948356807511737	0.009389671361502348	0.014084507042253521	1.0	0.7302875851195181	3.3181818181818183	2.0526315789473686	0.005385065475117371	5.6092986764705886e-05	0.012323943661971832	0.38028169014084506	14.5	1.2295136236312707	4.405572755417957	2.192982456140351	0.6103286384976526	0.725087719298245	-1	-1	0.2112676056338028	0.9312095160167075	213	136	22
19-79_en_professional	en	11.821428571428571	1.7794561933534743	10.017940224428141	8.495500561070351	0.3806646525679758	0.16767371601208458	0.6918429003021148	0.004531722054380665	0.004531722054380665	0.8928571428571429	0.7482197850359695	3.6607142857142856	1.9786096256684491	0.005886843970543807	4.602524125874126e-05	0.0056646525679758305	1.6827794561933536	18.5	1.2740865486939836	4.362346263008515	2.2239583333333335	0.36555891238670696	0.723943161634103	0.3955604464042047	0.641753894173094	0.16314199395770393	0.8707666704268128	658	429	56
19-8_en_professional	en	19.183333333333334	1.791485664639444	13.03103084274544	9.732522838111786	0.30929626411815814	0.17028670721112077	0.6420503909643788	0.01998262380538662	0.004344048653344918	1.0	0.6933024776740315	5.8	2.05	0.006284089416246742	7.182064323076923e-05	0.003849725875550496	0.9730668983492615	25.7	1.1237160249630316	4.996096291476903	1.9363295880149813	0.33796698523023455	0.6650665399239569	0.6805454820766332	0.7453037565708907	0.16941789748045177	0.8841859169261886	1129	650	60
19-80_en_professional	en	14.588235294117647	1.8508064516129032	11.938927893738143	10.751733586337762	0.3235887096774194	0.16431451612903225	0.657258064516129	0.018145161290322582	0.0020161290322580645	0.8529411764705882	0.6824645278691616	4.588235294117647	1.993127147766323	0.005623306405443549	5.075488885135135e-05	0.003620513402998637	1.4899193548387097	23.176470588235293	1.4346816242707676	4.46343001261034	2.076923076923077	0.3377016129032258	0.663639417693171	0.7582756322876786	0.8467728168636052	0.18044354838709678	0.8746754140223678	977	592	68
19-81_en_professional	en	14.818181818181818	1.8711656441717792	12.268845510317906	10.930391411042946	0.34355828220858897	0.2392638036809816	0.7177914110429447	0.0	0.0	1.0	0.6644249197654771	5.0	2.127659574468085	0.004918766090797546	3.021810384615385e-05	0.015337423312883436	0.2085889570552147	24.636363636363637	1.3819541003151767	4.416058394160584	2.2888888888888888	0.6012269938650306	0.69890625	-1	-1	0.147239263803681	0.9020891722961958	161	104	11
19-82_en_professional	en	14.329411764705883	1.7454844006568144	10.595186515985706	7.402593574809234	0.36535303776683087	0.17733990147783252	0.6756978653530378	0.008210180623973728	0.007389162561576354	0.9294117647058824	0.7443349398251277	4.270588235294118	2.198170731707317	0.005808969938341544	5.521397351778656e-05	0.0035678809625169774	2.0082101806239736	20.223529411764705	1.2119124218410615	4.637931034482759	2.2007042253521125	0.3440065681444992	0.6768990169794471	0.7310005175389591	0.8352472486682472	0.15188834154351397	0.876227297281986	1204	759	85
19-83_en_professional	en	14.403846153846153	1.8344459279038718	11.673961949265689	10.415018671048577	0.3484646194926569	0.1268357810413885	0.6208277703604806	0.0013351134846461949	0.0013351134846461949	0.75	0.6875475156828016	4.596153846153846	1.9587155963302751	0.007764816274899867	4.403157871853547e-05	0.0056807769836906725	1.0160213618157543	23.673076923076923	1.3807573888786029	4.31417004048583	2.189873417721519	0.29906542056074764	0.5884615384615368	0.4346004124172626	0.6085444155465121	0.17757009345794392	0.8485381555468583	745	437	52
19-85_en_professional	en	14.127659574468085	1.822289156626506	11.422799282235328	9.89075913868239	0.3569277108433735	0.15963855421686746	0.661144578313253	0.007530120481927711	0.006024096385542169	0.8297872340425532	0.6994458001709113	4.76595744680851	1.715	0.005442632157379518	5.262886421319797e-05	0.005114798817913163	1.0813253012048192	23.72340425531915	1.3837740911082101	4.325912733748887	2.1030927835051547	0.3990963855421687	0.645946902654867	0.9444210702057394	0.8493607505108202	0.16566265060240964	0.8882121846531246	655	394	47
19-87_en_professional	en	12.181818181818182	1.8815298507462686	11.36296132971506	10.89875895522388	0.39365671641791045	0.12313432835820895	0.6921641791044776	0.014925373134328358	0.0009328358208955224	0.7954545454545454	0.7335100778569464	3.808988764044944	1.8085106382978724	0.005434184907034421	7.808172150220913e-05	0.0036250708482901944	1.7369402985074627	17.741573033707866	1.288025739586319	4.959324155193992	2.084084084084084	0.396455223880597	0.6846865364850965	0.5429832238357662	0.6696942625810887	0.17350746268656717	0.8952721424794038	1045	679	89
19-88_en_professional	en	12.775	1.75146771037182	10.059568982387479	8.549023052837574	0.34833659491193736	0.13894324853228962	0.62426614481409	0.007827788649706457	0.003913894324853229	0.825	0.7340381484612255	4.325	1.6987179487179487	0.006253667314872798	5.034982096219931e-05	0.00684931506849315	1.1389432485322897	20.225	1.2585521799782102	4.348837209302325	2.0923076923076924	0.350293542074364	0.5854368932038841	0.4127142033463537	0.5316603632751199	0.1917808219178082	0.8710313496859879	507	291	40
19-89_en_professional	en	15.351724137931035	1.8661275831087152	12.417477894475944	10.752558500480218	0.39937106918238996	0.1293800539083558	0.6976639712488769	0.008535489667565139	0.005840071877807727	0.9103448275862069	0.7290051036618294	5.082758620689655	1.9287833827893175	0.0050548287295597485	6.419722319148936e-05	0.002182004877422667	2.8553459119496853	22.744827586206895	1.1881191015582555	4.881820922520349	2.1813725490196076	0.31042228212039535	0.6826610249177278	0.715357125927828	0.7982454084625985	0.1518418688230009	0.878915539695247	2198	1410	145
19-9_en_professional	en	17.54385964912281	1.791	12.385905263157898	10.096193333333334	0.38	0.124	0.646	0.005	0.0	1.0	0.714932088489361	5.894736842105263	1.9211356466876972	0.0078968919689	9.23480957912458e-05	0.004410714285714286	1.242	21.473684210526315	0.9967393607996683	5.580146460537022	2.112676056338028	0.394	0.6776581576026655	0.8510737160887736	0.876827523417241	0.162	0.9065397796611321	985	594	57
19-92_en_professional	en	10.244897959183673	1.9880478087649402	11.86447434750793	11.22559634116595	0.40239043824701193	0.12749003984063745	0.701195219123506	0.01195219123505976	0.0	0.8775510204081632	0.7261080415115191	3.823529411764706	1.7333333333333334	0.0058420577749003985	5.1048720858895704e-05	0.00796812749003984	0.7151394422310757	15.980392156862745	1.2434059902544936	4.581818181818182	2.2126436781609193	0.50199203187251	0.6769975186104209	-1	0.7676894875918256	0.14940239043824702	0.9206792202579687	495	326	51
19-93_en_professional	en	10.735294117647058	1.9767123287671233	11.921970185334409	11.754995970991137	0.3493150684931507	0.15616438356164383	0.6726027397260274	0.01643835616438356	0.005479452054794521	0.8382352941176471	0.7481834869772979	3.573529411764706	1.9212962962962963	0.004462720619863014	3.95479997752809e-05	0.005707762557077626	0.8753424657534247	17.808823529411764	1.2675767307304806	4.4092009685230025	2.2490118577075098	0.4054794520547945	0.6820760697305878	0.712338526843264	0.7050286667921565	0.1958904109589041	0.8903377324924543	713	445	68
19-95_en_professional	en	11.042553191489361	1.943481053307643	11.64967217371104	11.609394533950997	0.40012845215157355	0.15093127809890816	0.7064868336544637	0.010276172125883108	0.0012845215157353885	0.7801418439716312	0.709589667284193	4.125874125874126	1.8565737051792828	0.00474708041201413	6.592881214495592e-05	0.002303446477465339	2.938985228002569	17.81118881118881	1.345735630087781	4.58787647731605	2.206581352833638	0.348747591522158	0.6803429355281227	0.6492940155235425	0.734267182472876	0.15863840719332048	0.8839792105683567	1522	1021	143
19-98_en_professional	en	13.980582524271844	1.8277777777777777	11.430204962243796	10.037150620280475	0.36041666666666666	0.13958333333333334	0.6729166666666667	0.02638888888888889	0.003472222222222222	0.9223300970873787	0.7443036902410561	4.854368932038835	1.8711790393013101	0.005304864936913889	7.379378441108546e-05	0.0030684754521963825	2.079861111111111	19.932038834951456	1.1653020848971865	4.8140655105973025	2.062645011600928	0.3590277777777778	0.7080984340044741	0.7072249192074753	0.750128603494688	0.15833333333333333	0.8923098949960563	1400	866	103
19-99_en_professional	en	15.35	1.8968512486427795	12.7793447339848	11.52051022801303	0.40499457111834963	0.13572204125950055	0.6948968512486428	0.021715526601520086	0.0054288816503800215	0.9	0.7325831642335279	4.816666666666666	2.077205882352941	0.005298091361997829	4.518945441941075e-05	0.004533849810722775	1.6482084690553747	25.85	1.4006202478782683	4.381105398457583	2.1678082191780823	0.3279044516829533	0.6231021897810214	0.5645474850826024	0.7054136201436682	0.15418023887079263	0.8607119277712114	896	577	60
2-10_en_professional	en	18.047619047619047	1.849604221635884	13.27390124387486	10.315358738534991	0.36939313984168864	0.11081794195250659	0.6728232189973615	0.018469656992084433	0.002638522427440633	1.0	0.7160156697255154	4.904761904761905	1.9642857142857142	0.00577408799182058	4.738310315315315e-05	0.010679733634878752	0.41424802110817943	24.80952380952381	1.1092929641992568	5.038095238095238	1.9607843137254901	0.49340369393139843	0.6813928571428559	-1	0.8155640373910398	0.15303430079155672	0.913338625342953	370	222	21
2-12_en_professional	en	24.071428571428573	1.943620178041543	16.732575243747352	12.727636032217042	0.3827893175074184	0.09198813056379822	0.6706231454005934	0.02967359050445104	0.0	1.0	0.6783000718272765	7.214285714285714	1.8431372549019607	0.006374632627002967	4.9621251470588234e-05	0.008664688427299703	0.6320474777448071	35.57142857142857	1.2461707084133005	5.086693548387097	1.8762886597938144	0.5667655786350149	0.7323529411764695	-1	0.746669057111564	0.17507418397626112	0.9358069671577925	327	204	14
2-15_en_professional	en	14.625	1.7692307692307692	10.990673076923077	10.510727350427352	0.39316239316239315	0.11965811965811966	0.6666666666666666	0.0	0.0	0.625	0.6766735679779158	4.25	1.8717948717948718	0.006279602954700855	3.0291158108108107e-05	0.021116138763197588	1.1623931623931625	20.0	1.1655011655011656	5.136645962732919	2.0	0.4188034188034188	0.4388888888888889	-1	-1	0.1623931623931624	0.8123732996016326	117	74	8
2-16_en_professional	en	17.82608695652174	1.7170731707317073	11.623637327677624	8.039814422057264	0.4219512195121951	0.1048780487804878	0.6658536585365854	0.0024390243902439024	0.0	1.0	0.7275728996915529	4.962962962962963	1.9846153846153847	0.007708911445121951	8.295940763052209e-05	0.010199556541019955	0.9195121951219513	19.555555555555557	0.9969239779424965	4.956766917293233	2.1565217391304348	0.424390243902439	0.6177491961414799	-1	0.781569375410798	0.13170731707317074	0.8779752500583178	408	249	27
2-18_en_professional	en	11.105263157894736	2.123222748815166	13.79508106759791	13.535022748815168	0.5165876777251185	0.09794628751974724	0.7345971563981043	0.007898894154818325	0.001579778830963665	0.6842105263157895	0.7228038669767995	3.3636363636363638	2.1624365482233503	0.0040806490658767776	4.597603957345972e-05	0.005565129972712911	1.95260663507109	17.772727272727273	1.6374146838836225	4.4623931623931625	2.2472527472527473	0.36334913112164297	0.5896254681647948	0.7419632704876024	1.0051291432588292	0.11058451816745656	0.8599656677216375	624	422	66
2-20_en_professional	en	18.0	1.976608187134503	14.753976608187134	12.961822222222223	0.37719298245614036	0.1023391812865497	0.6228070175438597	0.0029239766081871343	0.008771929824561403	1.0	0.6574438832772166	6.315789473684211	1.8108108108108107	0.007793192805263158	4.781150729166667e-05	0.008872756604154063	0.7456140350877193	22.63157894736842	1.044760281220464	5.622685185185185	2.1372549019607843	0.4298245614035088	0.6110699588477365	-1	-1	0.15204678362573099	0.8905630715407273	339	192	19
2-3_en_professional	en	19.761904761904763	1.7421686746987952	12.674733218588646	9.043853126792886	0.3228915662650602	0.12530120481927712	0.6216867469879518	0.014457831325301205	0.006024096385542169	1.0	0.7445215254572639	5.9523809523809526	2.0130434782608697	0.006569829200120482	0.0001031090503267974	0.00498357064622125	0.8301204819277108	23.642857142857142	1.0283001600557857	5.355421686746988	2.0060240963855422	0.39397590361445783	0.6742270861833118	0.7126592101898256	0.800696482965729	0.1927710843373494	0.8988975694120727	815	459	42
2-8_en_professional	en	17.6	1.8181818181818181	12.728545454545458	8.388345	0.4090909090909091	0.07386363636363637	0.6136363636363636	0.0	0.0	1.0	0.6823244701921173	5.4	1.8392857142857142	0.008314381829545454	5.0928450980392154e-05	0.021416083916083916	0.375	22.0	1.0431539434171013	5.316742081447964	2.0555555555555554	0.5227272727272727	0.5985714285714285	-1	-1	0.125	0.9025755260453812	175	102	10
2-9_en_professional	en	11.5	1.9565217391304348	11.981956521739132	10.446495652173914	0.40217391304347827	0.07608695652173914	0.6739130434782609	0.0	0.010869565217391304	1.0	0.7235304009961242	4.0	1.8666666666666667	0.007980472509782609	4.109769464285715e-05	0.02608695652173913	0.10869565217391304	17.375	1.194011197136197	4.8	2.0454545454545454	0.7065217391304348	0.7065217391304348	-1	-1	0.18478260869565216	0.9564748368624919	92	56	8
20-10_en_professional	en	15.204545454545455	1.8325859491778775	11.964286927571685	10.419023617339311	0.37668161434977576	0.13004484304932734	0.6935724962630793	0.014947683109118086	0.005979073243647235	1.0	0.7179371920069595	5.136363636363637	1.9487179487179487	0.00431678448161435	8.809867264150942e-05	0.005741269194183992	1.0403587443946187	19.65909090909091	1.0779254400391114	5.3588571428571425	2.0342857142857143	0.4319880418535127	0.7074736842105247	0.7961724764602791	0.8213187311526323	0.19431988041853512	0.896725460324169	655	424	44
20-11_en_professional	en	14.606299212598426	1.7924528301886793	11.257400089139804	9.697998026190122	0.3347708894878706	0.1234501347708895	0.647978436657682	0.026415094339622643	0.00646900269541779	0.8976377952755905	0.732529026894771	4.606299212598425	2.002008032128514	0.00544185586884097	6.587116120930233e-05	0.0027620460946727646	1.2900269541778975	19.818897637795274	1.1420139206562145	4.874657265961614	2.0380313199105147	0.3148247978436658	0.6761446469248296	0.699529397085859	0.763708105905614	0.18975741239892183	0.8865611457207946	1808	1075	127
20-12_en_professional	en	10.960698689956331	1.7131474103585658	8.899811931314048	8.379935593869066	0.401593625498008	0.11872509960159362	0.703187250996016	0.04462151394422311	0.0035856573705179283	0.6550218340611353	0.7339035866552917	3.6478260869565218	2.0722222222222224	0.004563557150597609	6.813832172791748e-05	0.002066883979234577	3.139442231075697	15.421739130434782	1.2111278994039112	4.642857142857143	1.9435028248587571	0.2729083665338645	0.6574243052675258	0.695431293732423	0.7965024659841466	0.18446215139442232	0.8566373593238503	2391	1551	230
20-13_en_professional	en	15.473684210526315	1.7755102040816326	11.395757250268531	9.991145578231293	0.3333333333333333	0.10204081632653061	0.6666666666666666	0.013605442176870748	0.006802721088435374	0.8947368421052632	0.7029263566099314	4.7894736842105265	1.7	0.004770784744217687	9.652303169398908e-05	0.00923226433430515	0.36054421768707484	20.526315789473685	1.1285656550044445	5.152671755725191	1.9830508474576272	0.5408163265306123	0.6981538461538459	-1	-1	0.2653061224489796	0.9268310915211443	290	183	19
20-14_en_professional	en	17.652173913043477	1.5738916256157636	9.866269008352965	7.01531047333476	0.3842364532019704	0.0960591133004926	0.6970443349753694	0.06896551724137931	0.0024630541871921183	0.9565217391304348	0.6241520939741683	5.826086956521739	1.8928571428571428	0.004736572493349754	0.00010833668125	0.008851600985221674	0.6945812807881774	26.608695652173914	1.1706792728044373	4.348039215686274	1.9565217391304348	0.41379310344827586	0.5948859934853434	-1	0.6976588676655033	0.18226600985221675	0.8720011589811703	376	240	23
20-15_en_professional	en	13.31578947368421	1.725296442687747	9.961655918452259	8.987605533596838	0.40711462450592883	0.09881422924901186	0.6946640316205533	0.044466403162055336	0.004940711462450593	0.9342105263157895	0.7396554285785603	4.0131578947368425	1.8138801261829653	0.005517079678315218	5.3276551346801354e-05	0.0046829352122357785	1.6719367588932805	20.592105263157894	1.2360890323632372	4.27522349936143	1.9676674364896074	0.33992094861660077	0.6407338444687849	0.682556683660447	0.6776461046264732	0.16996047430830039	0.8700380551818631	960	594	76
20-17_en_professional	en	18.636363636363637	1.648780487804878	11.133791574279382	8.78539024390244	0.43902439024390244	0.0975609756097561	0.6731707317073171	0.01951219512195122	0.004878048780487805	1.0	0.7333212920511823	5.909090909090909	1.8142857142857143	0.007009674734146341	6.7220164e-05	0.012836970474967908	0.824390243902439	26.09090909090909	1.1139338887650174	4.529616724738676	1.9833333333333334	0.551219512195122	0.7316037735849058	-1	-1	0.13658536585365855	0.9201248092408626	200	125	11
20-19_en_professional	en	19.25	1.6883116883116882	11.839577922077922	9.2964354978355	0.42424242424242425	0.1038961038961039	0.7077922077922078	0.047619047619047616	0.010822510822510822	0.9166666666666666	0.7104769528666417	5.208333333333333	2.082089552238806	0.005361956241774892	9.997527328519855e-05	0.008245722531436817	1.3376623376623376	26.75	1.1266071707291376	4.69640062597809	1.9085365853658536	0.4090909090909091	0.6192286501377413	-1	0.4999619244371465	0.13852813852813853	0.8627338479266095	439	277	24
20-2_en_professional	en	14.74390243902439	1.468982630272953	7.494116988440357	6.001214400129115	0.45822994210090984	0.1000827129859388	0.7411083540115798	0.0794044665012407	0.0024813895781637717	0.6341463414634146	0.6799793319271997	4.302752293577981	1.7905405405405406	0.004861749948387097	9.22848030927835e-05	0.004012872208436724	4.731182795698925	16.321100917431192	0.9913508764625273	4.3126050420168065	1.8511560693641618	0.29280397022332505	0.6432252252252219	0.3337375834718449	0.4820922789302569	0.1141439205955335	0.8462703198853507	1118	776	109
20-20_en_professional	en	14.75	1.8305084745762712	11.762500000000003	10.575030508474576	0.5084745762711864	0.09491525423728814	0.7220338983050848	0.0	0.010169491525423728	1.0	0.6712445579567451	4.9	1.9	0.0060483985098305085	5.296963092783505e-05	0.01247457627118644	0.7593220338983051	22.25	1.2128159442797837	4.467268623024831	1.9886363636363635	0.5186440677966102	0.6385714285714285	-1	-1	0.15932203389830507	0.9088118165340473	289	194	20
20-22_en_professional	en	12.8	1.734375	9.867625000000004	8.800863125000001	0.4140625	0.125	0.71875	0.03125	0.0078125	0.9	0.6287477228653698	5.1	2.128205128205128	0.00480432277265625	7.153969012345679e-05	0.018663194444444444	0.734375	19.0	1.2975660546350203	4.497354497354498	1.8235294117647058	0.4765625	0.4886206896551724	-1	-1	0.125	0.8558979711244198	122	81	10
20-24_en_professional	en	12.439024390243903	1.8568627450980393	11.172199904351988	9.303285270205643	0.42254901960784313	0.11372549019607843	0.6764705882352942	0.0058823529411764705	0.0029411764705882353	0.7682926829268293	0.7527302989864032	4.7317073170731705	1.852852852852853	0.006461124949117647	5.798364009077156e-05	0.004128693731013532	1.869607843137255	19.170731707317074	1.2104349640307832	4.624603677869373	2.226973684210526	0.38235294117647056	0.6568729641693827	0.669829833974436	0.6909955868563059	0.153921568627451	0.8916199033238212	1011	661	82
20-25_en_professional	en	9.961538461538462	2.0096525096525095	12.008899613899615	11.040492010692011	0.4343629343629344	0.13127413127413126	0.7104247104247104	0.009652509652509652	0.0	0.7692307692307693	0.7369349273897218	3.8076923076923075	1.8439306358381502	0.006190619884362934	5.082640979228487e-05	0.007816178547885865	1.0366795366795367	16.25	1.3363829813373973	4.448195576251456	2.2074074074074073	0.37065637065637064	0.6392124105011934	0.23091809168490404	0.7235400567849841	0.12934362934362933	0.8698492948657117	513	337	52
20-26_en_professional	en	14.653846153846153	1.8503937007874016	11.95964566929134	10.231745999057813	0.41819772528433946	0.13385826771653545	0.6981627296587927	0.01837270341207349	0.0026246719160104987	0.9358974358974359	0.7328493136439708	5.153846153846154	1.9020172910662825	0.00499647660656168	9.234114502046385e-05	0.004348337054883066	1.5345581802274715	22.294871794871796	1.2703575367593802	4.56	2.088607594936709	0.3753280839895013	0.7034195402298837	0.6386539200146409	0.7439167416098391	0.14698162729658792	0.8922198019314396	1120	733	78
20-27_en_professional	en	15.322222222222223	1.678027556200145	10.186391829828377	8.378427404721618	0.41624365482233505	0.09862218999274837	0.6736765772298767	0.04060913705583756	0.002175489485134155	0.9222222222222223	0.7123085471191992	4.7444444444444445	1.9339622641509433	0.006390068342896446	6.883992694684797e-05	0.0035125090645395213	2.4757070340826686	22.6	1.1974492148707911	4.41499265066144	1.9496981891348089	0.3067440174039159	0.6354609374999993	0.4853627273677478	0.5843797438866876	0.16098622189992748	0.867430841625692	1320	809	90
20-3_en_professional	en	5.323529411764706	1.5127071823204419	4.336121221969453	6.991712902177445	0.45414364640883975	0.08839779005524862	0.7977900552486188	0.16685082872928178	0.0011049723756906078	0.47058823529411764	0.555786374355814	2.4035087719298245	1.6607669616519174	0.003553136750718232	6.51025853832442e-05	0.004342074546727881	1.3348066298342542	9.409356725146198	1.2309726344042629	3.763267740011926	2.0886644219977555	0.4972375690607735	0.6577419354838687	0.4802578276628727	0.6909199088589444	0.10276243093922652	0.8924523407078602	780	561	171
20-30_en_professional	en	13.085365853658537	1.7903075489282385	10.638921760280045	9.495510635782965	0.43988816402609504	0.1211556383970177	0.7129543336439889	0.024231127679403542	0.0027958993476234857	0.9634146341463414	0.7002780171296467	4.817073170731708	1.9035087719298245	0.005332295547903075	6.582005951704546e-05	0.0038867237143099215	3.0447343895619756	19.536585365853657	1.2056239594021416	4.540473225404733	1.990625	0.3783783783783784	0.6753798767967177	0.5997254242826774	0.7206175096642808	0.14165890027958994	0.8880955827970133	1046	704	82
20-32_en_professional	en	17.555555555555557	1.8343881856540085	12.902447257383969	10.426860618846694	0.45464135021097046	0.1360759493670886	0.7151898734177216	0.02109704641350211	0.004219409282700422	0.9629629629629629	0.7020210432613713	5.185185185185185	2.2382671480144403	0.005309217275949367	7.083395903225806e-05	0.004936708860759493	2.0875527426160336	25.296296296296298	1.2117199073719196	4.7432727272727275	2.140077821011673	0.33649789029535865	0.6435335689045961	0.6951646350986626	0.7352263440902893	0.11814345991561181	0.8555984797368544	922	620	54
20-33_en_professional	en	16.333333333333332	1.7485187623436471	11.412521395655038	9.471673952161511	0.40421329822251484	0.10138248847926268	0.6859776168531929	0.04081632653061224	0.004608294930875576	0.8602150537634409	0.7207426361859682	4.591397849462366	2.0260047281323876	0.005727726717248189	6.903151092077088e-05	0.003413803166760552	2.0697827518104015	24.182795698924732	1.2487007062465882	4.363192904656319	1.8125	0.28308097432521395	0.6319718309859157	0.599324031563105	0.7225580693600903	0.15404871626069783	0.8569056822401423	1445	934	93
20-38_en_professional	en	16.7	1.781437125748503	11.943958083832339	9.076132215568864	0.39820359281437123	0.09281437125748503	0.7035928143712575	0.023952095808383235	0.0029940119760479044	0.9	0.6414422827274163	4.65	1.9306930693069306	0.005926257552994012	8.581483691588784e-05	0.010853293413173653	0.6227544910179641	24.05	1.194728468356026	4.773858921161826	2.0388349514563107	0.5119760479041916	0.6631914893617022	-1	0.6848400801199995	0.17964071856287425	0.901286530803061	324	214	20
20-4_en_professional	en	12.890243902439025	2.024597918637654	13.327450561875537	12.635792772919215	0.5827814569536424	0.09271523178807947	0.8003784295175024	0.001892147587511826	0.0	0.7073170731707317	0.619790244654079	4.01010101010101	1.6103286384976525	0.003149262840113529	4.344115894868586e-05	0.004410661272958602	3.9394512771996215	21.646464646464647	1.1726639441234923	4.16016713091922	2.173674588665448	0.2639545884578997	0.5305845511482247	0.6202920142162851	0.7505109575461582	0.1315042573320719	0.8212840471580063	1042	799	99
20-42_en_professional	en	11.25	2.1166666666666667	13.77416666666667	11.425	0.48333333333333334	0.08888888888888889	0.7388888888888889	0.027777777777777776	0.005555555555555556	0.9375	0.6094090023037391	5.375	1.6986301369863013	0.0046666122727777775	4.37845958677686e-05	0.01497584541062802	0.8111111111111111	16.5625	1.1171585648148148	4.950191570881226	1.9	0.5555555555555556	0.6319753086419756	-1	-1	0.15	0.8946302805254244	174	121	16
20-54_en_professional	en	13.15625	1.7707838479809976	10.436186906175774	9.792783194774348	0.42220902612826605	0.1324228028503563	0.7286223277909739	0.05285035629453682	0.0005938242280285036	0.8046875	0.7072391637410488	4.385714285714286	1.7972508591065293	0.005200529142421409	9.487658914069878e-05	0.003038472874802781	3.57541567695962	19.87857142857143	1.2135126529184521	4.343019135364989	1.9604352126607318	0.3657957244655582	0.7100883280757098	0.7536654647246108	0.8118799573888998	0.12707838479809977	0.8842820301967557	1582	1059	140
20-56_en_professional	en	11.44	1.7773892773892774	9.844793473193477	9.270973128205128	0.4172494172494173	0.13752913752913754	0.7086247086247086	0.03613053613053613	0.004662004662004662	0.8666666666666667	0.6978291587363763	3.6233766233766236	2.0583657587548636	0.005192401873193473	8.950914825688073e-05	0.004001554001554001	2.7703962703962706	16.714285714285715	1.1386412783679398	4.568493150684931	2.0786516853932584	0.372960372960373	0.6560737812911734	0.632287826881152	0.7070808404682226	0.1351981351981352	0.8698341924247106	825	545	77
20-6_en_professional	en	15.333333333333334	1.7924901185770752	11.54138339920949	9.256480368906457	0.35177865612648224	0.09486166007905138	0.6185770750988142	0.05928853754940711	0.009881422924901186	1.0	0.7778874691419166	5.454545454545454	1.7973856209150327	0.007169479351185771	0.00012816348419117648	0.005254024872264533	1.3221343873517786	21.03030303030303	1.0965310567796065	4.974137931034483	1.9125683060109289	0.49209486166007904	0.6862407862407872	-1	0.7723571049181046	0.1422924901185771	0.9243607763903657	480	272	33
20-7_en_professional	en	10.822368421052632	1.7933130699088147	9.79181790913454	9.003867781155016	0.40425531914893614	0.12401215805471125	0.713677811550152	0.031610942249240125	0.00364741641337386	0.8026315789473685	0.6685247881485814	3.41875	1.772373540856031	0.004766194639027356	6.363091125827814e-05	0.002539464653397392	3.2893617021276595	15.19375	1.1925634865396622	4.668416801292407	1.9705014749262537	0.36534954407294834	0.7332082794307866	0.7088234475704198	0.7454137494469509	0.18541033434650456	0.8901780260297811	1590	1057	160
20-9_en_professional	en	15.95	1.7335423197492164	11.086299373040756	8.69491210031348	0.3824451410658307	0.1755485893416928	0.6959247648902821	0.003134796238244514	0.003134796238244514	1.0	0.7390996979379065	4.7	1.96875	0.005748527127586207	6.312198838383839e-05	0.013518808777429467	0.3385579937304075	23.1	1.207829251509236	4.607843137254902	2.0757575757575757	0.4890282131661442	0.6577272727272727	-1	-1	0.1536050156739812	0.8956050102811216	317	198	20
21-100_en_professional	en	11.10958904109589	1.810110974106042	10.102049220478694	8.508750168065808	0.36621454993834773	0.16029593094944514	0.6732429099876696	0.02096177558569667	0.0036991368680641184	0.8767123287671232	0.6838275861273746	3.8493150684931505	1.966804979253112	0.004990209834648582	5.079767267080745e-05	0.005089592570244248	0.872996300863132	16.65753424657534	1.2000239366240502	4.612641815235008	2.142857142857143	0.43033292231812575	0.7078511235955078	0.6394893081449622	0.7812505297446064	0.17139334155363747	0.9028664708675885	792	483	73
21-101_en_professional	en	13.646153846153846	1.931228861330327	12.520500563697858	10.912183709999132	0.37316798196166856	0.16234498308906425	0.6899661781285231	0.011273957158962795	0.004509582863585118	0.9076923076923077	0.7119337464882999	4.707692307692308	2.0859375	0.006197971847237881	6.841891364452423e-05	0.0040103076179739084	1.9323562570462232	19.353846153846153	1.1511175182106916	5.032385466034755	2.172995780590717	0.39571589627959414	0.6886421319796949	0.6332615831982052	0.7209737401877588	0.16910935738444194	0.891782758322094	869	557	65
21-103_en_professional	en	11.129032258064516	1.7550724637681159	9.460177653108929	8.36523796166433	0.36666666666666664	0.1463768115942029	0.6565217391304348	0.034782608695652174	0.002898550724637681	0.9354838709677419	0.7076638856585988	4.0	1.8571428571428572	0.005532298058550725	8.816026467661692e-05	0.005044593088071349	1.0753623188405796	16.177419354838708	1.2160798365793424	4.479249011857707	1.939252336448598	0.41304347826086957	0.6591539763113375	0.6393947514880257	0.765100542523218	0.1565217391304348	0.9017285040470301	665	402	62
21-105_en_professional	en	14.222222222222221	1.8136160714285714	11.35733630952381	10.161984573412699	0.46651785714285715	0.16294642857142858	0.7455357142857143	0.012276785714285714	0.006696428571428571	0.9047619047619048	0.6743072430268805	3.9	1.7040498442367602	0.004166226563169643	6.569179390862945e-05	0.004666128419452888	3.3738839285714284	21.075	1.250856033113258	4.096051856216853	2.1434343434343432	0.44308035714285715	0.7315558343789161	0.6966233698674394	0.7854199030450623	0.12276785714285714	0.9028858505266302	860	591	80
21-106_en_professional	en	10.846153846153847	1.9219858156028369	11.319432624113478	10.740533660665577	0.36879432624113473	0.09219858156028368	0.6666666666666666	0.0	0.0	1.0	0.7339638859694038	3.6923076923076925	1.9333333333333333	0.006347961833333334	7.78969065934066e-05	0.02206461780929866	0.2127659574468085	16.76923076923077	1.6750259052688203	4.654708520179372	2.28	0.6879432624113475	0.7802380952380955	-1	-1	0.18439716312056736	0.9386473904763019	140	91	13
21-108_en_professional	en	15.20754716981132	1.6153846153846154	9.402481857764876	8.315208090266399	0.36476426799007444	0.10049627791563276	0.6339950372208437	0.04962779156327544	0.0012406947890818859	0.8679245283018868	0.7004755815105768	4.735849056603773	1.9	0.007134376089471216	0.00011516009727272727	0.004755996691480562	1.096774193548387	20.71698113207547	1.1925931005925612	4.774280575539568	1.9403508771929825	0.37344913151364767	0.6067751060820368	0.68003811815435	0.875703752105894	0.13895781637717122	0.87926009645357	755	440	53
21-109_en_professional	en	11.69047619047619	1.8289205702647657	10.550548443409951	8.717346193385707	0.4195519348268839	0.11812627291242363	0.6619144602851323	0.008146639511201629	0.002036659877800407	0.8333333333333334	0.7178529308522921	4.071428571428571	1.9382716049382716	0.006740296778411405	8.460570830564784e-05	0.007331975560081466	0.924643584521385	16.11904761904762	1.1914801668906696	4.860431654676259	2.1984126984126986	0.47657841140529533	0.6713265306122437	-1	0.8410873734737859	0.15274949083503056	0.911846178830712	486	301	42
21-11_en_professional	en	10.428571428571429	1.917808219178082	11.107279843444228	9.834602348336595	0.410958904109589	0.16164383561643836	0.6931506849315069	0.00821917808219178	0.0027397260273972603	0.9142857142857143	0.7076613158821299	3.857142857142857	1.8870967741935485	0.005413555180821918	0.00012781409130434784	0.00789041095890411	0.5068493150684932	13.714285714285714	1.1053077064956764	5.317813765182186	2.202020202020202	0.5260273972602739	0.7177067669172932	-1	0.7350479069488807	0.1232876712328767	0.9226198353860354	361	230	35
21-112_en_professional	en	13.307692307692308	1.7586705202312138	10.352312138728326	8.622502801244998	0.40173410404624277	0.10838150289017341	0.6488439306358381	0.02167630057803468	0.004335260115606936	0.9230769230769231	0.7152965186474961	4.461538461538462	1.8054298642533937	0.0056141517166184976	8.438189731707317e-05	0.004832008670520231	1.6719653179190752	20.51923076923077	1.3396244885849418	4.468952734012975	2.051546391752577	0.41763005780346824	0.6722765598650913	0.5899548084193071	0.7220550715181739	0.13583815028901733	0.9009962431806001	676	410	52
21-115_en_professional	en	13.431818181818182	1.751269035532995	10.313383710198433	8.975909983079525	0.3790186125211506	0.15228426395939088	0.676818950930626	0.043993231810490696	0.00338409475465313	0.9545454545454546	0.7424152115448325	4.7272727272727275	1.989071038251366	0.006112899537394247	9.851690254957507e-05	0.006191355176126749	1.1624365482233503	19.454545454545453	1.2298375301489928	4.635944700460829	1.9267015706806283	0.4416243654822335	0.6758130081300815	0.72214906007237	0.7510305012192893	0.1353637901861252	0.900576578183874	564	353	44
21-117_en_professional	en	18.16	1.592511013215859	10.284029955947137	7.580966537444933	0.32158590308370044	0.11013215859030837	0.5881057268722467	0.015418502202643172	0.018722466960352423	0.96	0.7445087265556792	5.6	1.853846153846154	0.006738419162444934	9.74975427631579e-05	0.005041605482134117	0.9350220264317181	22.92	1.0349574717736132	4.8929188255613125	2.0538116591928253	0.34030837004405284	0.6615327564894942	0.5723562239383355	0.7102371832401747	0.18061674008810572	0.8846233994407917	887	456	50
21-118_en_professional	en	21.71212121212121	1.5610607117934403	11.298243671889868	7.440284112584321	0.34473133286810886	0.11444521981856245	0.6133984647592463	0.02372644801116539	0.00837404047452896	0.9545454545454546	0.7656014010530331	5.909090909090909	2.040302267002519	0.007103680428040334	0.00011379586481241915	0.002829689501008412	2.0593161200279133	27.90909090909091	1.067094216632747	4.84	2.0191780821917806	0.34752267969295186	0.6805847076461751	0.7589544262018932	0.9334802204101685	0.16050244242847173	0.8932213534681941	1390	773	66
21-12_en_professional	en	22.82608695652174	1.7257142857142858	13.675602484472055	10.610226501035196	0.3466666666666667	0.11047619047619048	0.6171428571428571	0.015238095238095238	0.007619047619047619	1.0	0.7235247391733653	6.173913043478261	1.7177914110429449	0.005978988015809524	9.812202508591065e-05	0.006765188834154352	0.4876190476190476	28.26086956521739	1.105442133183034	5.531490015360983	2.0776699029126213	0.5066666666666667	0.711572769953051	0.7951985123124897	0.9569405553849772	0.16952380952380952	0.9267047062962397	516	291	23
21-121_en_professional	en	16.623376623376622	1.73828125	11.404835633116882	8.424014508928572	0.346875	0.20078125	0.69453125	0.01796875	0.00703125	0.961038961038961	0.746291787093783	4.468354430379747	2.146131805157593	0.005864731581328125	0.00010765873051470589	0.003394717261904762	1.82109375	23.088607594936708	1.1697552194591683	4.747132714363736	1.9940652818991098	0.3109375	0.6798814563928911	0.6172534908798207	0.6834904711783362	0.1421875	0.8603765654076513	1253	816	79
21-124_en_professional	en	15.549295774647888	1.8478260869565217	12.278573178199633	9.923193702796489	0.3686594202898551	0.16576086956521738	0.6639492753623188	0.014492753623188406	0.002717391304347826	0.971830985915493	0.737627700942607	4.47887323943662	2.138364779874214	0.007223911417300725	5.968579208955224e-05	0.003022404614019521	3.2028985507246377	23.816901408450704	1.3349715008280112	4.497947214076246	1.991869918699187	0.3677536231884058	0.7109950248756197	0.6686859968591788	0.7012131201145203	0.11684782608695653	0.8869209795895893	1083	670	71
21-125_en_professional	en	16.61904761904762	1.7382999044890162	11.403367444398967	8.379836567062357	0.39063992359121297	0.1728748806112703	0.7020057306590258	0.017191977077363897	0.0038204393505253103	0.9682539682539683	0.7432079699677387	4.681818181818182	2.0926517571884986	0.006285661032798471	7.270781949778435e-05	0.0032702130310203062	2.5377268385864373	24.515151515151516	1.2302602648585856	4.445331695331696	1.9968652037617556	0.37249283667621774	0.6960021097046455	0.669120272564386	0.7358196646833685	0.13944603629417382	0.88645960823996	1023	677	66
21-128_en_professional	en	16.745454545454546	1.792616720955483	12.093604580001973	9.059617415852335	0.3811074918566775	0.18241042345276873	0.7133550488599348	0.006514657980456026	0.002171552660152009	0.9454545454545454	0.7641934533852657	4.431034482758621	2.212355212355212	0.0061580562112920735	8.029823636363637e-05	0.0038653637350705757	2.1520086862106407	24.32758620689655	1.215813218767749	4.57935393258427	2.0970464135021096	0.38219326818675353	0.7025425790754266	0.6111791947032096	0.7516021187866081	0.1454940282301846	0.8841153000617419	907	605	58
21-13_en_professional	en	13.178571428571429	1.7398373983739837	10.079724157955866	9.434243050716221	0.4173441734417344	0.10569105691056911	0.6531165311653117	0.006775067750677507	0.0027100271002710027	0.9642857142857143	0.7239398853526993	4.857142857142857	1.908296943231441	0.005929976062872629	0.0001156007758700696	0.005526329773101652	0.7791327913279132	16.267857142857142	1.0479151261142108	5.487041036717063	2.1726190476190474	0.4065040650406504	0.6433959311424099	0.7010191763182582	0.8526640683460147	0.15853658536585366	0.9000145452486958	730	431	56
21-131_en_professional	en	15.894736842105264	1.8417218543046359	12.341265249215756	10.338911258278147	0.3834437086092715	0.17748344370860927	0.7033112582781457	0.015231788079470199	0.005298013245033113	0.9368421052631579	0.7069248953702246	4.494736842105263	2.106575963718821	0.005203105135496689	8.55829007014028e-05	0.0024105960264900663	3.56158940397351	24.42105263157895	1.2848643855453694	4.788412017167382	2.2	0.35033112582781456	0.7320056697377736	0.5993386312892575	0.6857470680344349	0.15960264900662252	0.8830425933524481	1479	998	95
21-133_en_professional	en	15.0	1.7555555555555555	10.975555555555559	8.533424242424243	0.33535353535353535	0.1696969696969697	0.6404040404040404	0.022222222222222223	0.00404040404040404	0.9696969696969697	0.7649307336155488	4.363636363636363	2.1357142857142857	0.0068731195187878786	6.200146056338029e-05	0.006509539842873177	0.7414141414141414	21.515151515151516	1.2490870007630492	4.628491620111732	2.0392156862745097	0.42424242424242425	0.6464393939393943	-1	0.7993936166873232	0.13333333333333333	0.8905046667428049	485	284	33
21-14_en_professional	en	17.107692307692307	1.8372302158273381	12.761316546762593	10.26599967902601	0.3300359712230216	0.11241007194244604	0.6097122302158273	0.0017985611510791368	0.0035971223021582736	0.9384615384615385	0.7245181611316849	5.507692307692308	1.7614942528735633	0.006368010808902878	0.00011367731944444444	0.003659141652195485	1.1124100719424461	20.384615384615383	1.04107335063387	5.826807228915663	2.155688622754491	0.3902877697841727	0.721421520236922	0.7561398843421574	0.8248664744742823	0.17535971223021582	0.9146862693850435	1104	612	65
21-140_en_professional	en	14.4	1.875	12.151	9.664416111111112	0.3680555555555556	0.1527777777777778	0.6597222222222222	0.0	0.013888888888888888	1.0	0.8005021211383103	4.6	2.1	0.005190005902083333	3.462732441860465e-05	0.01984126984126984	0.08333333333333333	22.0	1.2406176046176047	4.581818181818182	2.1052631578947367	0.6944444444444444	0.7611111111111116	-1	-1	0.18055555555555555	0.9601106143234729	144	86	10
21-142_en_professional	en	11.391304347826088	1.7671755725190839	9.705280451377366	7.876152804513774	0.3893129770992366	0.14885496183206107	0.6603053435114504	0.003816793893129771	0.0	0.8695652173913043	0.7565391442341723	3.8260869565217392	2.219178082191781	0.006298785263740458	4.556828310810811e-05	0.010632497273718646	0.18702290076335878	16.0	1.1499030860443904	4.839572192513369	2.3714285714285714	0.5954198473282443	0.7442944785276071	-1	-1	0.14122137404580154	0.9495158237072774	255	148	23
21-143_en_professional	en	14.90625	1.7819706498951782	11.250691168763105	9.02277573375262	0.3857442348008386	0.16142557651991615	0.6708595387840671	0.006289308176100629	0.0	1.0	0.7688736048606789	4.53125	2.1313868613138687	0.005125991140041929	4.7964700694444446e-05	0.007337526205450734	0.48846960167714887	22.96875	1.3072975360343164	4.4165535956580735	2.05	0.5220125786163522	0.7361904761904768	-1	0.8986921460298902	0.1719077568134172	0.9274783828123312	471	288	32
21-144_en_professional	en	13.5	1.7481481481481482	10.30314814814815	8.234051851851852	0.32592592592592595	0.09481481481481481	0.6044444444444445	0.014814814814814815	0.002962962962962963	0.94	0.7424396121056313	4.36	1.9361702127659575	0.008752716275703704	6.531101374663073e-05	0.005286195286195286	1.048888888888889	18.14	1.14455756391284	4.7407407407407405	2.2348993288590604	0.4266666666666667	0.6812152777777798	0.763300031891107	0.8571206737994325	0.17629629629629628	0.907784753004307	665	371	50
21-145_en_professional	en	13.863636363636363	1.8098360655737704	11.172883755588675	10.470016393442624	0.29180327868852457	0.1377049180327869	0.6459016393442623	0.013114754098360656	0.0	0.9545454545454546	0.7721294931355909	4.181818181818182	1.7439024390243902	0.004983516196065574	5.35907251396648e-05	0.010564663023679418	0.39344262295081966	19.318181818181817	1.218333034743298	4.876744186046512	2.171875	0.521311475409836	0.6969902912621359	-1	-1	0.22295081967213115	0.9008061110859574	301	179	22
21-146_en_professional	en	12.090909090909092	1.556390977443609	7.4908680792891325	5.72223909774436	0.39097744360902253	0.11278195488721804	0.706766917293233	0.03007518796992481	0.0	0.9090909090909091	0.8376707795128849	3.3636363636363638	2.0588235294117645	0.004193784222556392	5.1886604878048776e-05	0.02172096908939014	0.18796992481203006	19.545454545454547	1.3383957299471134	4.009216589861751	2.022222222222222	0.631578947368421	0.6764705882352944	-1	-1	0.18045112781954886	0.9174742117607169	129	82	11
21-147_en_professional	en	17.25	1.826086956521739	12.685326086956522	9.967750724637682	0.5217391304347826	0.13043478260869565	0.7536231884057971	0.0	0.0	1.0	0.7964912280701754	5.0	2.5238095238095237	0.006940593733333333	3.11908e-05	0.028985507246376812	0.14492753623188406	32.75	1.5362762237762237	3.8863636363636362	2.0454545454545454	0.7536231884057971	0.7536231884057971	-1	-1	0.07246376811594203	0.9645271950236168	68	47	4
21-148_en_professional	en	12.866666666666667	1.549222797927461	7.708829015544044	6.018431018998274	0.29015544041450775	0.13471502590673576	0.6217616580310881	0.05181347150259067	0.0	1.0	0.7403126285479226	3.8	2.0408163265306123	0.008033394186528499	6.54782156862745e-05	0.0178468624064479	0.12435233160621761	18.0	1.2407375074335636	4.263940520446097	1.9	0.5129533678756477	0.5973404255319151	-1	-1	0.16580310880829016	0.9025755260453812	183	102	15
21-149_en_professional	en	18.27906976744186	1.8422391857506362	13.277259601159834	11.00570066867862	0.3435114503816794	0.1628498727735369	0.6335877862595419	0.017811704834605598	0.003816793893129771	0.9069767441860465	0.7536197688321534	4.976744186046512	2.0474137931034484	0.0068925458716284985	5.216095528089888e-05	0.003632407714717705	1.717557251908397	27.27906976744186	1.309842662703594	4.6184433164128595	1.988950276243094	0.40076335877862596	0.6995342066957797	0.7567400157140881	0.8188083200485736	0.13994910941475827	0.9021304031394147	771	445	43
21-150_en_professional	en	17.322580645161292	1.6945996275605215	11.16208205682706	8.357741442902626	0.33891992551210426	0.16387337057728119	0.6201117318435754	0.0186219739292365	0.00558659217877095	0.967741935483871	0.7249573254134217	5.32258064516129	2.183006535947712	0.00866346138566108	5.1067136038961045e-05	0.007526381129733086	0.3929236499068901	25.35483870967742	1.2066151492673731	4.365019011406844	1.9548872180451127	0.4376163873370577	0.6371004566210031	0.6114194300394364	0.7170028886882519	0.12290502793296089	0.913848303024237	527	308	31
21-152_en_professional	en	16.393939393939394	1.7763401109057302	11.76444967232398	9.708543561306223	0.3049907578558225	0.13863216266173753	0.6229205175600739	0.024029574861367836	0.0018484288354898336	0.8787878787878788	0.7079915001773269	4.363636363636363	1.98	0.00691083131792976	5.573562989690722e-05	0.004852125693160813	0.8465804066543438	23.484848484848484	1.2419852568896137	4.697435897435898	2.0	0.46395563770794823	0.7038009049773766	0.8366367549498425	0.7377945851437366	0.18114602587800369	0.9220536836186002	527	291	33
21-153_en_professional	en	17.83529411764706	1.7730870712401055	12.288192146515602	9.773954316312278	0.3370712401055409	0.13060686015831136	0.633245382585752	0.021767810026385226	0.007255936675461741	0.8823529411764706	0.7389609843893149	5.270588235294118	2.0489510489510487	0.0073084322426781	5.2513522950819676e-05	0.0029342189063779455	1.5936675461741425	26.094117647058823	1.215794496908857	4.67219730941704	2.0433673469387754	0.3245382585751979	0.6635356386732544	0.6389209627822835	0.7065405469523443	0.15897097625329815	0.8842619855855564	1480	854	85
21-155_en_professional	en	13.67741935483871	1.7146226415094339	9.976740718198421	8.587996591600731	0.330188679245283	0.12264150943396226	0.6132075471698113	0.0330188679245283	0.0	0.8709677419354839	0.7091229788729788	4.032258064516129	1.96	0.007776746616929246	4.5047510762331834e-05	0.006761006289308176	0.6863207547169812	20.258064516129032	1.2590429531900358	4.41287284144427	2.0984848484848486	0.4669811320754717	0.6696923076923068	-1	0.6892668446572163	0.17688679245283018	0.9125794669915243	409	223	31
21-157_en_professional	en	16.74576271186441	1.902834008097166	13.39428875317368	10.353241727852877	0.3340080971659919	0.17408906882591094	0.659919028340081	0.020242914979757085	0.0	0.9830508474576272	0.7202616479454232	4.576271186440678	2.197802197802198	0.006919097177935223	5.227074838709677e-05	0.003913630229419703	1.3653846153846154	24.033898305084747	1.2328105024669067	4.928521373510862	1.9915254237288136	0.38461538461538464	0.704454443194601	0.7680889857099105	0.7695356965267912	0.14777327935222673	0.8993711195063263	967	589	59
21-158_en_professional	en	7.833333333333333	1.9574468085106382	10.562872340425532	10.466435460992908	0.425531914893617	0.1276595744680851	0.6595744680851063	0.0	0.0	1.0	0.7142857142857143	3.6666666666666665	1.75	0.005283445914893617	2.1229153846153844e-05	0.0425531914893617	0.0	13.166666666666666	1.3351851851851853	4.2784810126582276	2.0	0.8085106382978723	0.8085106382978723	-1	-1	0.1702127659574468	0.9623699541552614	47	26	6
21-159_en_professional	en	12.962962962962964	1.7842857142857143	10.520126984126986	9.51353597883598	0.34285714285714286	0.15	0.6557142857142857	0.03428571428571429	0.002857142857142857	0.9259259259259259	0.7196639158811052	4.222222222222222	1.981042654028436	0.007076825427968571	6.566163197115384e-05	0.004542857142857143	1.3757142857142857	20.24074074074074	1.336095849379143	4.313351498637602	1.9303482587064678	0.43142857142857144	0.6832113144758732	0.8370771190469956	0.8048106685839678	0.16285714285714287	0.9122111291058158	677	416	54
21-16_en_professional	en	15.606060606060606	1.6970873786407767	10.521994704324804	10.040954692556634	0.40388349514563104	0.11262135922330097	0.6718446601941748	0.05242718446601942	0.001941747572815534	0.9696969696969697	0.7328393389374127	4.909090909090909	1.646067415730337	0.005345738510097087	8.283494075342466e-05	0.008022483392948391	1.0116504854368933	22.060606060606062	1.1170789754915018	4.752380952380952	1.9069767441860466	0.44271844660194176	0.679375000000001	-1	0.7649575884381067	0.13980582524271845	0.9026221953391491	478	292	33
21-160_en_professional	en	17.229166666666668	1.7799274486094316	12.132518893591293	9.58998510681177	0.3192261185006046	0.1475211608222491	0.6311970979443773	0.02902055622732769	0.0036275695284159614	1.0	0.7377494879511108	4.729166666666667	2.0829694323144103	0.007221428898428053	7.300016400862069e-05	0.00520232839346475	1.0435308343409915	25.479166666666668	1.1828732699560622	4.577579203899269	1.9382716049382716	0.38331318016928656	0.7016483516483533	0.560169083039265	0.6845538043748964	0.14631197097944376	0.8926289862168127	802	464	48
21-163_en_professional	en	15.85	1.8201892744479495	12.069733438485805	10.090025362776027	0.35173501577287064	0.15141955835962145	0.638801261829653	0.006309148264984227	0.0	0.95	0.7658475035076112	4.125	2.1444444444444444	0.007260351485173501	3.403578393782383e-05	0.005655151188735862	0.8406940063091483	25.15	1.4548588935540798	4.464816650148662	2.1755725190839694	0.4116719242902208	0.6468224299065448	0.7220298491207809	0.7432502410517389	0.14037854889589904	0.8993842414393083	631	386	40
21-165_en_professional	en	17.01923076923077	1.792090395480226	12.194166666666668	9.563971316818774	0.288135593220339	0.14915254237288136	0.607909604519774	0.022598870056497175	0.003389830508474576	0.9038461538461539	0.7553508783583848	4.346153846153846	2.1416309012875536	0.007429922082146893	5.033011278350516e-05	0.004158192090395481	0.9480225988700565	25.346153846153847	1.2942881033829323	4.547169811320755	2.098445595854922	0.39322033898305087	0.6996055979643754	0.6655777552767513	0.7560177993543349	0.1638418079096045	0.9022631770983065	864	485	52
21-167_en_professional	en	9.555555555555555	1.9244186046511629	10.84480620155039	9.737456330749355	0.4069767441860465	0.1744186046511628	0.7267441860465116	0.01744186046511628	0.01744186046511628	0.9444444444444444	0.6637406566904835	3.5	2.018181818181818	0.004336313856976744	2.3911357522123894e-05	0.01695736434108527	0.27906976744186046	15.666666666666666	1.180452147844013	4.602787456445993	2.3225806451612905	0.627906976744186	0.7501369863013703	-1	-1	0.1511627906976744	0.9215890453168457	167	113	18
21-168_en_professional	en	9.68	1.9462809917355373	11.15131570247934	10.844033190082644	0.3305785123966942	0.1859504132231405	0.6363636363636364	0.01652892561983471	0.0	0.92	0.6992755207683613	3.24	2.013888888888889	0.0067537441716566116	3.008965410958904e-05	0.013085399449035813	0.17768595041322313	15.8	1.4065583075185983	4.36318407960199	2.242424242424242	0.5826446280991735	0.7181818181818179	-1	-1	0.15702479338842976	0.933853873996617	237	146	25
21-169_en_professional	en	14.555555555555555	1.8600508905852418	12.035267175572521	9.550648176420696	0.3231552162849873	0.17302798982188294	0.6437659033078881	0.022900763358778626	0.0	1.0	0.756352481358697	4.7407407407407405	2.128440366972477	0.0069625708386768445	3.257939414414414e-05	0.00844321073328707	0.4071246819338422	21.85185185185185	1.3347881799270687	4.532094594594595	1.9898989898989898	0.47837150127226463	0.6760544217687081	-1	0.8623576525685991	0.1450381679389313	0.913338625342953	385	222	27
21-17_en_professional	en	17.884615384615383	1.8279569892473118	12.954892473118282	10.985587262200166	0.34838709677419355	0.09247311827956989	0.6129032258064516	0.012903225806451613	0.002150537634408602	1.0	0.7000153917440136	5.1923076923076925	1.7	0.006243393618709678	0.00010077966162790697	0.007526881720430107	0.5698924731182796	22.46153846153846	1.0581974412450779	5.65979381443299	2.1043478260869564	0.47096774193548385	0.7030054644808733	-1	0.8144246963388789	0.2064516129032258	0.9128292984491047	456	258	26
21-175_en_professional	en	20.15	1.6575682382133996	11.827805210918115	7.957057667493798	0.34987593052109184	0.13647642679900746	0.6650124069478908	0.034739454094292806	0.0024813895781637717	0.95	0.7532761276852047	5.45	2.0344827586206895	0.005403486791066998	7.417550136986301e-05	0.007909429280397022	0.6550868486352357	27.8	1.2165274822472105	4.73345259391771	1.8333333333333333	0.46153846153846156	0.6667434210526322	-1	0.4701553795779163	0.15632754342431762	0.8929523666845446	386	219	20
21-176_en_professional	en	16.435897435897434	1.75195007800312	11.49301092043682	8.730835561422456	0.36895475819032764	0.14898595943837753	0.6528861154446178	0.0124804992199688	0.0046801872074883	0.9230769230769231	0.717890840395273	4.555555555555555	2.002557544757033	0.006610596202028082	6.416026088117491e-05	0.0027502131013075574	2.8268330733229328	22.938271604938272	1.2048419470725331	4.654730090860502	2.104761904761905	0.3705148205928237	0.7068385460693193	0.7932330958268885	0.8573050015235414	0.15132605304212168	0.8970796733137224	1265	749	81
21-178_en_professional	en	10.2	1.8901960784313725	10.692313725490198	9.754557647058824	0.3411764705882353	0.14901960784313725	0.6470588235294118	0.00392156862745098	0.0	0.84	0.7868667341633736	3.56	1.9230769230769231	0.006727246327843137	4.373785734265734e-05	0.013333333333333332	0.12941176470588237	15.76	1.4062294150861925	4.587064676616915	2.30188679245283	0.611764705882353	0.7408974358974355	-1	-1	0.16470588235294117	0.9452941270062397	253	143	25
21-180_en_professional	en	13.789473684210526	1.7919847328244274	10.93331458417035	8.62664961832061	0.30343511450381677	0.16793893129770993	0.6297709923664122	0.0057251908396946565	0.0057251908396946565	0.9210526315789473	0.6808853533156938	4.026315789473684	1.912162162162162	0.006635424750954198	5.6502827302631575e-05	0.0052162849872773535	0.4751908396946565	21.289473684210527	1.3917951577250578	4.522699386503067	2.1228070175438596	0.4961832061068702	0.7115999999999996	0.6411296804277772	0.8305495901390492	0.17748091603053434	0.9336211679345964	521	304	38
21-182_en_professional	en	15.283333333333333	1.7764449291166848	11.332550163576883	9.668083256997454	0.3533260632497274	0.12649945474372956	0.6401308615049073	0.003271537622682661	0.0054525627044711015	0.9666666666666667	0.7345893873748992	4.916666666666667	1.7649122807017543	0.0057245151342420935	6.382381302752294e-05	0.004264682972425612	1.450381679389313	23.333333333333332	1.2908441408990163	4.607218683651805	2.1402714932126696	0.3980370774263904	0.7187163814180944	0.7363365771373835	0.8275974771228821	0.1941112322791712	0.9004151945582389	909	545	60
21-185_en_professional	en	15.706666666666667	1.6943972835314092	10.529487945670628	8.234448384833051	0.3404074702886248	0.11290322580645161	0.6247877758913413	0.022920203735144314	0.006791171477079796	0.9466666666666667	0.7381905122764667	4.986666666666666	1.9111747851002865	0.007118120587775891	8.924977970149254e-05	0.004411478193103065	1.162988115449915	21.08	1.1840752818472078	4.760651629072682	1.9872881355932204	0.29711375212224106	0.644281742354031	0.608465057327435	0.7257732872715131	0.17572156196943972	0.8620304900325219	1155	670	75
21-186_en_professional	en	14.068965517241379	1.7524509803921569	10.575818120351588	8.752404563894524	0.30392156862745096	0.16911764705882354	0.6053921568627451	0.012254901960784314	0.0024509803921568627	1.0	0.753475276604895	4.206896551724138	2.043859649122807	0.006774581068872549	6.96202563063063e-05	0.00946969696969697	0.375	19.551724137931036	1.1879960625124435	4.7622377622377625	2.193548387096774	0.44362745098039214	0.6716504854368935	-1	0.7934267966604887	0.1642156862745098	0.9051714145713102	401	222	29
21-187_en_professional	en	13.851851851851851	1.8716577540106951	11.897783719548425	10.547259576153694	0.3609625668449198	0.1497326203208556	0.6524064171122995	0.008021390374331552	0.00267379679144385	0.9259259259259259	0.8025748596182033	3.9	1.8839285714285714	0.007865191539839573	4.398085921052632e-05	0.008318478906714201	0.8101604278074866	18.533333333333335	1.1305734553541145	4.695187165775401	2.1386138613861387	0.5026737967914439	0.7090909090909081	-1	0.7663511731252174	0.15775401069518716	0.9114836719892483	371	228	30
21-188_en_professional	en	15.652173913043478	1.7394444444444443	11.039792270531404	8.842932367149759	0.3422222222222222	0.1338888888888889	0.6261111111111111	0.010555555555555556	0.005	0.9217391304347826	0.7190495024587742	4.568965517241379	1.905027932960894	0.007119258423277778	6.585913089267804e-05	0.0024595959595959597	2.1055555555555556	22.45689655172414	1.2934645073321656	4.566730401529637	2.147887323943662	0.2922222222222222	0.6465490887713118	0.6463739039399858	0.7750343590811459	0.17166666666666666	0.8727130311553039	1764	997	116
21-19_en_professional	en	19.666666666666668	1.8135593220338984	13.480000000000004	11.139029378531074	0.423728813559322	0.1694915254237288	0.7288135593220338	0.03389830508474576	0.0	1.0	0.6880035650623887	6.333333333333333	1.9230769230769231	0.005266339923728813	0.0001017193717948718	0.020581113801452784	0.13559322033898305	28.0	1.109444931620034	5.035714285714286	1.8974358974358974	0.7033898305084746	0.7473684210526317	-1	-1	0.11016949152542373	0.9509781101299024	114	78	6
21-190_en_professional	en	16.29032258064516	1.9207920792079207	13.428572341105077	11.705435004790804	0.38613861386138615	0.1306930693069307	0.6673267326732674	0.009900990099009901	0.0039603960396039604	0.9354838709677419	0.7265841913544412	4.67741935483871	1.813953488372093	0.006201322932475248	5.1585662046204616e-05	0.007852509388869921	0.6138613861386139	24.967741935483872	1.1952074134854038	4.853281853281853	2.1949685534591197	0.4633663366336634	0.7016009852216741	-1	0.7795752353633846	0.15841584158415842	0.9127020697538698	498	303	31
21-192_en_professional	en	14.706896551724139	1.7526377491207503	10.826815094797269	8.980417487973481	0.3669402110199297	0.16998827667057445	0.6822977725674091	0.041031652989449004	0.0035169988276670576	0.8620689655172413	0.7152457122493092	5.275862068965517	2.0393700787401574	0.006320176405835874	7.485416765873016e-05	0.0037184935521688157	1.552168815943728	22.20689655172414	1.2259955912724771	4.522411128284389	2.037542662116041	0.44079718640093785	0.7043236074270559	0.714986344402234	0.7199590944121208	0.13130128956623682	0.916627169991126	812	504	58
21-193_en_professional	en	13.256410256410257	1.8297872340425532	11.171489361702129	9.901665218469475	0.344294003868472	0.17988394584139264	0.6924564796905223	0.0425531914893617	0.0038684719535783366	0.9743589743589743	0.7672164106867152	4.3076923076923075	1.9102564102564104	0.005549735902471954	6.971088419354838e-05	0.00554480980012895	0.528046421663443	20.641025641025642	1.240351523549904	4.538461538461538	2.154228855721393	0.5009671179883946	0.7249760765550238	-1	0.8715460650521302	0.1450676982591876	0.9296002066615132	489	310	39
21-198_en_professional	en	11.0	1.6767676767676767	8.485858585858587	8.686927272727274	0.3434343434343434	0.1414141414141414	0.7171717171717171	0.08080808080808081	0.0	1.0	0.7716250763125764	3.3333333333333335	2.652173913043478	0.0053797345414141415	7.728136181818181e-05	0.025252525252525256	0.0707070707070707	15.666666666666666	1.3925957500552557	4.664285714285715	1.8444444444444446	0.7070707070707071	0.7070707070707071	-1	-1	0.1717171717171717	0.949924130041982	91	55	9
21-202_en_professional	en	15.971428571428572	1.9194991055456172	13.288946588295428	11.37617419882443	0.3470483005366726	0.18246869409660108	0.6583184257602862	0.005366726296958855	0.005366726296958855	0.9142857142857143	0.7419423883967396	4.714285714285714	2.0065359477124183	0.005723422484973166	5.452549735294117e-05	0.007372472488751558	0.5778175313059034	22.2	1.2695993116109594	5.053846153846154	2.109090909090909	0.3881932021466905	0.6558913043478253	0.7063002034188546	0.7809674937583762	0.16457960644007155	0.8830918684953968	556	340	35
21-203_en_professional	en	14.945945945945946	1.786618444846293	11.321016568105179	10.255191818581691	0.3887884267631103	0.11211573236889692	0.6329113924050633	0.0216998191681736	0.003616636528028933	1.0	0.7058161977597271	5.324324324324325	2.1812080536912752	0.007143164457038553	5.975538150470219e-05	0.007917501588387664	1.1229656419529837	20.37837837837838	1.1240885513758316	4.858453473132372	2.0136986301369864	0.3887884267631103	0.6522687224669599	0.6621752453254119	0.8219519377087614	0.14285714285714285	0.879225703337349	537	319	37
21-204_en_professional	en	15.971428571428572	1.9874776386404294	14.091093278814213	12.209233232813698	0.33989266547406083	0.19141323792486584	0.6815742397137746	0.0017889087656529517	0.01073345259391771	0.7714285714285715	0.7247232740380618	5.771428571428571	2.125	0.005621304425223614	5.3830206442577034e-05	0.00862509583439816	0.5456171735241503	21.257142857142856	1.143349215969711	5.460296096904441	2.1443298969072164	0.3756708407871199	0.6743695652173907	1.2055013681958873	0.6104447568515458	0.16279069767441862	0.8676583325901186	559	357	35
21-205_en_professional	en	15.23943661971831	1.8983364140480592	12.753749967457242	11.54466042019213	0.41312384473197783	0.13493530499075784	0.6950092421441775	0.014787430683918669	0.0036968576709796672	0.9154929577464789	0.6793669609998148	5.126760563380282	1.9938271604938271	0.004938242310258779	5.776150101010101e-05	0.003930695053782598	1.8022181146025877	22.52112676056338	1.1832817452283924	4.9358255451713395	2.0833333333333335	0.36044362292051757	0.6836215666327576	0.8820999080279897	0.9775126215902255	0.16081330868761554	0.880908875741863	1061	693	71
21-209_en_professional	en	15.525	1.8743961352657006	12.58262439613527	11.254515909822867	0.3864734299516908	0.12238325281803543	0.6698872785829307	0.024154589371980676	0.00644122383252818	0.975	0.7717212654283364	5.0	1.8232323232323233	0.005258797393946699	5.609739973262032e-05	0.0058811174123083385	1.1368760064412238	23.275	1.2493261680152525	4.6947705442902885	2.005780346820809	0.43156199677938806	0.6971839080459761	0.8088707659825198	0.7530879101515574	0.16747181964573268	0.9001499894033403	604	374	40
21-211_en_professional	en	13.75	2.021818181818182	13.629954545454549	12.353890909090909	0.45454545454545453	0.11636363636363636	0.7090909090909091	0.0	0.007272727272727273	0.95	0.7120594088860341	5.1	2.0	0.005551563830545454	5.681147150837989e-05	0.011272727272727273	0.4290909090909091	19.65	1.1168410180953459	5.089330024813896	2.208955223880597	0.5636363636363636	0.6896022727272727	-1	-1	0.13090909090909092	0.9292313596913544	274	179	20
21-213_en_professional	en	13.49618320610687	2.125	14.748511450381681	14.124090112604055	0.6199095022624435	0.1589366515837104	0.8614253393665159	0.03619909502262444	0.013574660633484163	0.5038167938931297	0.6868482809586094	3.163157894736842	2.059485530546624	0.0027953293989758485	4.340635227596017e-05	0.004443068954722673	4.087669683257919	20.710526315789473	1.146846578827198	4.021362151294295	2.1911111111111112	0.2895927601809955	0.6255122828040754	0.6270893864588462	0.6789018728370202	0.03959276018099547	0.8371969619738991	1684	1406	190
21-214_en_professional	en	7.357142857142857	2.1359223300970873	12.483169209431345	12.490939528432733	0.47572815533980584	0.08737864077669903	0.6699029126213593	0.0	0.009708737864077669	0.8571428571428571	0.7027824739363202	3.0714285714285716	2.15625	0.0077210698252427185	6.227987692307692e-05	0.03495145631067961	0.05825242718446602	10.214285714285714	1.1715852130325815	5.28476821192053	2.4285714285714284	0.6796116504854369	0.675	-1	-1	0.1262135922330097	0.9418928763700031	103	65	14
21-215_en_professional	en	12.238095238095237	1.9922178988326849	12.691028349082824	11.925178395404854	0.5272373540856031	0.1614785992217899	0.7859922178988327	0.0311284046692607	0.005836575875486381	0.6904761904761905	0.6381456765158807	3.1724137931034484	2.3076923076923075	0.004161066955645914	5.730824375e-05	0.008862948551664505	2.0136186770428015	17.310344827586206	1.1255025046640297	4.1481844946025515	2.2365930599369084	0.42412451361867703	0.6408433734939765	-1	0.7456557042738592	0.08171206225680934	0.870276130229173	495	368	58
21-22_en_professional	en	9.888268156424582	1.3271186440677967	3.9264245810055876	4.014928605245716	0.4	0.07231638418079096	0.6853107344632768	0.10734463276836158	0.0011299435028248588	0.5586592178770949	0.6284842992967427	3.0446927374301676	1.961111111111111	0.006453827451715592	0.00014031742806451614	0.002695722356739306	2.47909604519774	14.279329608938548	1.1844132739084314	4.106651376146789	1.7979127134724857	0.30847457627118646	0.6218611609814453	0.7308643664982524	0.7655966188803188	0.103954802259887	0.8561879208990183	1567	930	179
21-222_en_professional	en	16.82857142857143	1.7606112054329373	11.748355081251518	10.047642066456463	0.39134125636672323	0.1230899830220713	0.6723259762308998	0.03904923599320883	0.003395585738539898	0.8714285714285714	0.7321713493034131	4.857142857142857	1.973529411764706	0.005689175218402376	7.803819591836735e-05	0.003211804036196244	3.0857385398981325	25.014285714285716	1.2592426029054733	4.612848209209778	1.9446153846153846	0.3438030560271647	0.7185356811862864	0.4567307062324213	0.577605204654763	0.133276740237691	0.8808268913819374	1128	686	70
21-225_en_professional	en	11.483870967741936	1.952247191011236	11.925226531351942	11.814120079739038	0.4157303370786517	0.1404494382022472	0.6882022471910112	0.025280898876404494	0.0028089887640449437	1.0	0.7654739174815901	4.387096774193548	1.8839285714285714	0.005604125443030618	4.170237053571428e-05	0.008895131086142321	0.5337078651685393	18.29032258064516	1.3040836827730782	4.59965034965035	2.0080645161290325	0.5337078651685393	0.7073929961089498	-1	0.8654505556052944	0.17415730337078653	0.9331460259708808	346	224	31
21-226_en_professional	en	12.44	1.819935691318328	10.736841157556274	10.144131987138264	0.43086816720257237	0.12540192926045016	0.6720257234726688	0.012861736334405145	0.006430868167202572	0.92	0.7294671706301804	4.4	1.9514563106796117	0.006028538267524116	5.773064455958549e-05	0.009072117593017915	0.8263665594855305	18.4	1.2452776171197224	4.797849462365591	2.1777777777777776	0.5401929260450161	0.7010849056603782	-1	-1	0.1382636655948553	0.9263698124353453	306	193	25
21-227_en_professional	en	17.757142857142856	1.8487530168946098	13.15057131364211	10.811162427307208	0.5647626709573612	0.11102172164119067	0.7819790828640386	0.03700724054706356	0.0016090104585679806	0.8571428571428571	0.6956130074560958	4.045454545454546	1.7860360360360361	0.004020618256379324	4.921438669673056e-05	0.003931877669880911	4.210780370072405	28.011363636363637	1.2408568372222568	3.891049007695423	2.0424076607387143	0.3821399839098954	0.6900961538461547	0.6932378007717855	0.6850313395387204	0.06436041834271923	0.8762773759097859	1190	887	88
21-228_en_professional	en	14.290322580645162	2.0135440180586905	13.743045219544165	11.60939836889245	0.43115124153498874	0.1580135440180587	0.6862302483069977	0.009029345372460496	0.006772009029345372	0.9354838709677419	0.7185357617817124	4.838709677419355	2.1755725190839694	0.005405946260098871	6.290488842105263e-05	0.006897416603962878	1.020316027088036	22.322580645161292	1.3216330848638904	4.648920863309352	2.102803738317757	0.510158013544018	0.7417151162790698	-1	0.8605044196904116	0.12641083521444696	0.9235499013958682	439	285	31
21-229_en_professional	en	13.333333333333334	2.00625	13.283750000000001	11.409020833333333	0.45	0.10625	0.65625	0.00625	0.00625	1.0	0.7523909423909424	5.0	2.234042553191489	0.006598828750624999	4.58844147368421e-05	0.016875	0.2	21.166666666666668	1.2663663620670553	4.61328125	2.2285714285714286	0.65625	0.7047540983606556	-1	-1	0.13125	0.9509992130604606	158	95	12
21-23_en_professional	en	17.661654135338345	1.5538527032779907	9.63350701146225	6.629011968618865	0.33205619412515963	0.08812260536398467	0.6385696040868455	0.02937420178799489	0.004682843763303533	0.8947368421052632	0.7043710743975231	4.943661971830986	1.6783216783216783	0.005501487639042384	0.00014893633263403263	0.0019323146412084215	2.0289484887186036	20.866197183098592	1.1186571298832042	4.99763991908294	1.9093851132686084	0.32396764580672627	0.6963422222222395	0.7017580450997983	0.8184412323117833	0.1894423158790975	0.9015553308467736	2273	1287	142
21-230_en_professional	en	22.324675324675326	1.9162303664921465	15.728141701230708	12.416021956286878	0.5171611401977894	0.18033740546829552	0.7859220477021525	0.02036067481093659	0.002326934264107039	0.8571428571428571	0.6873773959438679	4.59375	2.1361940298507465	0.003968056048015998	5.674163737864077e-05	0.0031363027037964435	4.634671320535195	33.427083333333336	1.1808221943481503	4.112873134328358	2.0801435406698565	0.2815590459569517	0.6978271604938242	0.7100601743702122	0.7392559433328555	0.07271669575334497	0.8394180844571937	1649	1236	96
21-231_en_professional	en	15.708333333333334	1.9416445623342176	13.447655835543767	11.72307789566755	0.493368700265252	0.11936339522546419	0.7029177718832891	0.010610079575596816	0.002652519893899204	0.7916666666666666	0.6784138264345091	3.6363636363636362	2.0725806451612905	0.006331413625053051	6.346842113821138e-05	0.0111685048164177	1.0769230769230769	19.242424242424242	1.1186578747944695	4.4953271028037385	2.2576687116564416	0.46153846153846156	0.6736330935251794	-1	0.8754525434165152	0.10079575596816977	0.8910044284204386	373	246	33
21-238_en_professional	en	14.16	1.810734463276836	11.299066666666668	9.725320361581922	0.4067796610169492	0.1384180790960452	0.672316384180791	0.01977401129943503	0.005649717514124294	1.0	0.7896798126682872	4.72	2.1346153846153846	0.005821525096892655	7.686104407582938e-05	0.008148631029986962	0.7288135593220338	20.24	1.1742257923885873	4.818003913894325	2.0714285714285716	0.559322033898305	0.7646274509803929	-1	0.8838711417315668	0.1497175141242938	0.9387170578049746	340	211	25
21-244_en_professional	en	9.181818181818182	2.1386138613861387	13.226552655265532	13.171685148514852	0.5247524752475248	0.1782178217821782	0.801980198019802	0.019801980198019802	0.019801980198019802	0.9090909090909091	0.746904761904762	3.3636363636363638	1.9473684210526316	0.0028366713574257425	2.0375345945945946e-05	0.034653465346534656	0.09900990099009901	16.636363636363637	1.5196340836758295	4.491978609625669	2.404255319148936	0.7029702970297029	0.705	-1	-1	0.1188118811881188	0.9224516422441998	97	74	11
21-245_en_professional	en	14.264	1.7089175546831183	10.138187145260797	9.011219543690409	0.3701626472237802	0.13628715647784634	0.6791923724060572	0.04206393718452047	0.010095344924284913	0.792	0.730103071430639	4.664	1.8581687612208257	0.005521316910010768	7.370580634765625e-05	0.0022392245167879056	2.919798093101514	22.016	1.272805871531545	4.434186801298233	2.04297994269341	0.31800336511497473	0.6927909738717304	0.5654916527455993	0.7004155198108591	0.13628715647784634	0.8832890014164743	1687	1024	125
21-246_en_professional	en	13.444444444444445	1.7162534435261707	9.90512396694215	8.299853259871442	0.4132231404958678	0.12672176308539945	0.6887052341597796	0.030303030303030304	0.0	1.0	0.6988165790884625	4.555555555555555	1.7058823529411764	0.004979663411294766	6.162128705357142e-05	0.009879357841740287	0.8512396694214877	20.74074074074074	1.2075231502181631	4.445825932504441	2.0165289256198347	0.4765840220385675	0.6970833333333327	-1	0.6174127597913305	0.15426997245179064	0.8980285033046079	351	224	27
21-247_en_professional	en	12.510204081632653	1.8694942903752039	11.349012218264143	10.654422272530546	0.38499184339314846	0.16476345840130505	0.7194127243066885	0.04241435562805873	0.0	0.8571428571428571	0.7376189093776109	4.122448979591836	1.9067357512953367	0.004894382621444307	7.975943647959184e-05	0.0052076797590663824	1.1468189233278956	20.53061224489796	1.290258883517676	4.358620689655172	1.962825278810409	0.44861337683523655	0.7055058365758762	0.5091706554351416	0.8635452470025805	0.14845024469820556	0.8994142565210511	582	392	49
21-248_en_professional	en	13.194444444444445	1.9094736842105262	12.087622807017542	11.086732163742692	0.4231578947368421	0.15157894736842106	0.751578947368421	0.05473684210526316	0.004210526315789474	0.9722222222222222	0.780485257039879	4.054054054054054	1.94375	0.004642077682832336	7.007483921568628e-05	0.006666666666666666	1.0778947368421052	22.864864864864863	1.414408659451075	4.149532710280374	1.9960629921259843	0.5031578947368421	0.7511968085106401	-1	0.8461506238373797	0.11578947368421053	0.9063175812780836	440	306	37
21-249_en_professional	en	12.909090909090908	1.8591549295774648	11.38257362355954	9.948435211267608	0.4612676056338028	0.11619718309859155	0.7007042253521126	0.01056338028169014	0.0	0.9090909090909091	0.7836053100952485	4.409090909090909	1.68	0.005159402666584508	2.8071395187165774e-05	0.009541117673784643	0.7570422535211268	23.09090909090909	1.2970676820134126	4.094117647058823	2.198019801980198	0.5563380281690141	0.7171351351351354	-1	-1	0.15492957746478872	0.9260345065003357	275	187	22
21-25_en_professional	en	17.981308411214954	1.7609147609147608	12.20150445916801	9.606521543901916	0.36382536382536385	0.11070686070686071	0.6257796257796258	0.009355509355509356	0.004158004158004158	0.9439252336448598	0.7210497144359366	5.252336448598131	1.9166666666666667	0.00633207116995842	9.875823357015987e-05	0.002382573179033356	2.587318087318087	22.42056074766355	1.0225400265297386	5.38445638693675	2.0733496332518335	0.3341995841995842	0.6981041095890533	0.7436637143533129	0.8234880257185617	0.18607068607068608	0.8956784792882784	1893	1126	107
21-250_en_professional	en	14.892857142857142	1.6882494004796162	10.13955721137376	8.671800342583076	0.3597122302158273	0.13189448441247004	0.6522781774580336	0.03597122302158273	0.007194244604316547	0.9285714285714286	0.7393380969775734	4.75	1.7173913043478262	0.004887540403836931	6.894335435684647e-05	0.008468225419664268	0.6426858513189448	24.178571428571427	1.2460387195098053	4.273792093704246	1.9285714285714286	0.41007194244604317	0.6611320754716982	-1	0.8737500203459012	0.14388489208633093	0.8773678248667319	401	241	28
21-251_en_professional	en	19.571428571428573	1.6715328467153285	11.766944734098022	9.236731543274244	0.29744525547445255	0.1104014598540146	0.5702554744525548	0.010948905109489052	0.012773722627737226	0.9821428571428571	0.7297374192099818	5.642857142857143	1.875	0.007282717285218978	0.00017345362517730498	0.004114784599971375	0.6368613138686131	22.982142857142858	0.9938007589484209	5.45784996133024	2.1159420289855073	0.36313868613138683	0.639979939819459	0.5805400205286193	0.8231501330343702	0.2062043795620438	0.9090532685675841	1080	564	56
21-252_en_professional	en	16.870967741935484	1.5564053537284894	9.355260593351016	6.335883167828286	0.29063097514340347	0.1089866156787763	0.6118546845124283	0.02676864244741874	0.0057361376673040155	1.0	0.7343755718283088	4.67741935483871	2.1603053435114505	0.006211050071510516	7.616182183098592e-05	0.008063845706209992	0.33078393881453155	21.903225806451612	1.074558202093873	4.870967741935484	1.9477124183006536	0.4722753346080306	0.7134669811320757	0.7844558956989658	0.8837901014172629	0.19120458891013384	0.9070609571537286	506	284	31
21-253_en_professional	en	19.26086956521739	1.6094808126410836	10.91361271959957	8.15918714299735	0.32505643340857787	0.07674943566591422	0.618510158013544	0.01805869074492099	0.011286681715575621	1.0	0.7139626564718987	5.826086956521739	1.7560975609756098	0.0048955718279909705	9.866564049586776e-05	0.00891647855530474	0.35891647855530473	23.52173913043478	1.0211955693714412	5.3622920517560075	2.1041666666666665	0.49435665914221216	0.686191860465116	-1	0.9120098622620828	0.2234762979683973	0.9223269210911158	435	242	23
21-255_en_professional	en	19.309859154929576	1.4981765134938	9.619327929649376	6.006095686298682	0.29029905178701676	0.087527352297593	0.5922684172137126	0.016776075857038657	0.006564551422319475	0.9577464788732394	0.7208405330156106	5.309859154929577	1.909356725146199	0.007148460423924142	0.00014360296575539568	0.0040246952172553925	0.775346462436178	22.95774647887324	1.0250304350560118	5.096083231334149	1.9641434262948207	0.30342815463165573	0.6652751572327035	0.606342883571137	0.719133852240239	0.19839533187454414	0.8751413348376065	1345	695	71
21-262_en_professional	en	15.454545454545455	1.9389705882352941	13.3171256684492	10.960367647058826	0.4102941176470588	0.11985294117647059	0.6838235294117647	0.003676470588235294	0.008823529411764706	0.9659090909090909	0.7102770084165106	5.295454545454546	1.835214446952596	0.0054703798595588235	9.779008060747662e-05	0.0037027310924369746	2.1198529411764704	19.65909090909091	1.0829561420351226	5.658256880733945	2.146067415730337	0.3426470588235294	0.703814432989689	0.6605176275309796	0.7014536853353024	0.17058823529411765	0.8835763982740215	1353	856	88
21-263_en_professional	en	14.92	1.8190348525469169	11.693411260053619	10.405280836461127	0.32707774798927614	0.1487935656836461	0.6380697050938338	0.021447721179624665	0.005361930294906166	0.92	0.652690923645857	4.58	1.9196428571428572	0.006462175856836462	9.573016592592592e-05	0.005679413009736136	0.5495978552278821	18.5	1.0556207800648751	5.480810234541578	2.005649717514124	0.4289544235924933	0.6809273570324571	0.802099790203117	0.8353614000225463	0.1447721179624665	0.9100490638740149	729	405	50
21-264_en_professional	en	13.210045662100457	1.7514690632561356	10.229252754641578	9.710774594952074	0.42896647079156586	0.11061182163843761	0.7048047010024197	0.04597303836847563	0.00553059108192188	0.6621004566210046	0.7322056420698878	3.914027149321267	1.907158836689038	0.005187075001071876	9.027578333333334e-05	0.0016018480267761543	7.456619426201176	19.995475113122172	1.2535854488369682	4.541442652329749	1.9279835390946503	0.2506049083995852	0.6959090909090951	0.5203354551579704	0.5343609516752637	0.13549948150708607	0.8497243972974369	2710	1722	221
21-273_en_professional	en	9.492753623188406	1.7114503816793893	8.307288416860274	8.32539451266733	0.4173027989821883	0.11501272264631043	0.6870229007633588	0.03969465648854962	0.0061068702290076335	0.642512077294686	0.7329526373541082	3.547169811320755	1.7588424437299035	0.005087647100209425	9.501409370689655e-05	0.0022998629868858874	3.326208651399491	14.882075471698114	1.3676190334601765	4.218807621389059	2.0372340425531914	0.28091603053435116	0.6309163987138302	0.6370133264206616	0.7046445798005799	0.12417302798982188	0.8563609307294517	1858	1160	212
21-279_en_professional	en	12.097560975609756	1.8850806451612903	11.372000393391033	10.5929339693155	0.4314516129032258	0.16330645161290322	0.7258064516129032	0.02620967741935484	0.0020161290322580645	0.9512195121951219	0.7025670403801745	4.142857142857143	1.7796610169491525	0.00512260856532258	6.457952821316615e-05	0.007459677419354839	0.6229838709677419	18.61904761904762	1.2169673062803583	4.721105527638191	2.0256410256410255	0.5423387096774194	0.7698992443324935	-1	0.9936007716300204	0.0967741935483871	0.9216010162222154	473	319	42
21-28_en_professional	en	20.289473684210527	1.6964980544747081	12.341571779643662	8.629617898832684	0.3333333333333333	0.09727626459143969	0.6134889753566797	0.0012970168612191958	0.005188067444876783	0.9210526315789473	0.6988684936429247	5.578947368421052	1.7782608695652173	0.005991474670557717	0.00011585993095238096	0.00430873397964343	1.575875486381323	24.63157894736842	1.029006816485743	5.412140575079873	2.1818181818181817	0.38261997405966275	0.6887946428571438	0.9341402691719057	0.7760761235562886	0.20492866407263294	0.8988603773310454	767	420	38
21-280_en_professional	en	16.121951219512194	1.6815431164901664	10.539769750193724	8.458199926201987	0.3721633888048411	0.09833585476550681	0.6354009077155824	0.0264750378214826	0.0037821482602118004	0.9390243902439024	0.7258241776925267	5.341463414634147	1.8305084745762712	0.006386129136920568	0.00011826023994452151	0.0033629221879955527	1.6633888048411498	20.304878048780488	1.0385920962869701	5.216953171310018	2.0	0.3615733736762481	0.6728454619787447	0.7839137253218157	0.86030533653739	0.1535552193645991	0.8914739031494278	1282	721	82
21-281_en_professional	en	15.958333333333334	1.8302872062663185	12.231139033942558	9.86456492602263	0.31592689295039167	0.17232375979112272	0.6292428198433421	0.007832898172323759	0.005221932114882507	1.0	0.7333025120024808	5.375	2.1574074074074074	0.007267788253263707	7.489147393364928e-05	0.006479063920317184	0.412532637075718	21.5	1.1071671648474408	4.9557692307692305	2.1923076923076925	0.4934725848563969	0.6592605633802815	-1	0.9779071965281178	0.15404699738903394	0.9206622377258199	378	211	24
21-282_en_professional	en	14.936507936507937	1.773645058448459	11.164249784929915	9.428760322520791	0.3368756641870351	0.10095642933049948	0.61211477151966	0.031880977683315624	0.009564293304994687	0.9682539682539683	0.7040971569668991	4.7936507936507935	1.8713235294117647	0.006564949217109458	7.621058310139165e-05	0.004849772968795285	1.2752391073326248	20.825396825396826	1.1710290127931808	4.910334346504559	1.9885931558935361	0.34006376195536664	0.6526128266033291	0.6503454720064844	0.7793334027398998	0.16790648246546228	0.8749037569910398	906	503	63
21-283_en_professional	en	13.184873949579831	1.798597833014659	10.775555269909113	10.301461211176631	0.361376673040153	0.15487571701720843	0.6819630337794774	0.042702358189929894	0.010197578075207138	0.8487394957983193	0.7405388437468222	4.1138211382113825	2.0392156862745097	0.004976118173562422	6.246956034090909e-05	0.0027869517353264965	2.161886551943913	20.772357723577237	1.3200299896516363	4.314363143631437	1.9873595505617978	0.29190567240280435	0.6632857142857093	0.5764102203172238	0.6446849223417583	0.15296367112810708	0.8623165362147134	1436	880	123
21-285_en_professional	en	9.192546583850932	1.7993243243243244	9.227120194728894	9.416723518549606	0.40135135135135136	0.14662162162162162	0.7047297297297297	0.03783783783783784	0.002027027027027027	0.6273291925465838	0.7067448703644218	3.218390804597701	1.934873949579832	0.004974302442529621	5.849457221030043e-05	0.0024680930930930933	4.7182432432432435	13.522988505747126	1.242806512898286	4.3667078697981045	2.1235955056179776	0.30743243243243246	0.6969370021723362	0.5836943009814063	0.6612696753513884	0.13175675675675674	0.8660655521880011	1413	932	174
21-293_en_professional	en	12.170212765957446	1.6835664335664335	9.02246689480732	7.907866567475079	0.3304195804195804	0.12937062937062938	0.6276223776223776	0.0472027972027972	0.0017482517482517483	0.9787234042553191	0.7147279992660457	4.148936170212766	2.0064935064935066	0.007918263875174825	5.715837087378641e-05	0.006304301758847213	0.6486013986013986	16.659574468085108	1.1977176341324784	4.613924050632911	2.0063291139240507	0.42132867132867136	0.6699577167019035	0.7500453663389773	0.7287415775549874	0.16783216783216784	0.9037982042289826	543	309	47
21-294_en_professional	en	14.272727272727273	1.9315286624203822	12.76840185292415	11.519473248407643	0.40923566878980894	0.1449044585987261	0.697452229299363	0.004777070063694267	0.0	0.8636363636363636	0.6713617917912562	4.4772727272727275	2.1098265895953756	0.005436216161942675	6.564732287104623e-05	0.005850180005538632	1.0031847133757963	20.15909090909091	1.2710348413340788	4.989944134078212	2.13986013986014	0.4442675159235669	0.6836862003780705	1.116658407341527	0.998945618116914	0.17197452229299362	0.904267412094461	623	411	44
21-295_en_professional	en	14.055555555555555	1.6284584980237153	9.107476943346509	7.666571102327623	0.33201581027667987	0.1422924901185771	0.6205533596837944	0.017786561264822136	0.003952569169960474	0.9722222222222222	0.7793888639838794	4.083333333333333	1.9527027027027026	0.007945035451778657	5.511680069444444e-05	0.007836990595611285	0.5632411067193676	19.13888888888889	1.139248411602765	4.658008658008658	2.1	0.4407114624505929	0.6337592137592135	-1	0.8433848407760562	0.1600790513833992	0.9027058914304527	499	288	36
21-297_en_professional	en	13.294117647058824	1.7123893805309736	9.800900572618435	9.50242248828735	0.3561946902654867	0.13053097345132744	0.6570796460176991	0.030973451327433628	0.004424778761061947	0.9705882352941176	0.7550979549536257	4.117647058823529	2.0238095238095237	0.006641811042568363	8.130735875486381e-05	0.008407079646017699	0.5796460176991151	19.529411764705884	1.2060100435199252	4.674626865671642	2.1243243243243244	0.4911504424778761	0.7130028328611897	-1	0.9241523941466512	0.17699115044247787	0.9255231606987847	429	257	34
21-298_en_professional	en	12.785714285714286	1.829608938547486	10.985814046288908	9.496346847565842	0.41899441340782123	0.11731843575418995	0.6703910614525139	0.025139664804469275	0.008379888268156424	0.9285714285714286	0.7483350723955299	4.25	1.8319327731092436	0.006447922883798882	6.380620542986426e-05	0.008300079808459697	0.8798882681564246	20.214285714285715	1.2538747289986658	4.457391304347826	1.991304347826087	0.4776536312849162	0.6759073359073353	-1	0.7540178262298157	0.13687150837988826	0.8959125862567471	348	221	28
21-299_en_professional	en	12.466666666666667	1.7941176470588236	10.44258823529412	9.208838431372548	0.2994652406417112	0.17647058823529413	0.6577540106951871	0.016042780748663103	0.0	0.9666666666666667	0.7748024970361136	4.033333333333333	2.0	0.005503261402941177	6.545984311111112e-05	0.007535245503159942	0.5401069518716578	17.4	1.1599495492759797	4.941398865784499	2.0804597701149423	0.5508021390374331	0.7552727272727273	-1	0.8123243519687531	0.17647058823529413	0.9382035020835782	368	225	30
21-3_en_professional	en	16.836734693877553	1.5454545454545454	9.212690166975886	6.189871737786024	0.30424242424242426	0.10424242424242425	0.6036363636363636	0.0048484848484848485	0.0036363636363636364	0.9795918367346939	0.7468355923742438	4.979591836734694	1.7792792792792793	0.006269915645333333	0.00010202204018475752	0.005773524720893142	0.49333333333333335	20.020408163265305	1.0083980627157394	5.23756345177665	2.171232876712329	0.3781818181818182	0.661845730027548	0.7133655266901804	0.9334927161175383	0.20606060606060606	0.8877128235928118	817	433	49
21-301_en_professional	en	12.672727272727272	1.8708751793400287	11.428690752575978	10.500996212338595	0.37302725968436157	0.13486370157819225	0.6685796269727403	0.015781922525107604	0.0028694404591104736	0.8909090909090909	0.7451224312066147	4.581818181818182	1.9433962264150944	0.007129436966857963	5.828616319444444e-05	0.004615016738402679	1.860832137733142	19.927272727272726	1.357628795510149	4.6034639927073835	2.1569767441860463	0.4103299856527977	0.7177591973244138	0.6371043383840375	0.6733552544394081	0.17216642754662842	0.8989681155398644	681	432	55
21-302_en_professional	en	13.15	1.8640684410646389	11.534507604562744	10.088062129277569	0.3821292775665399	0.1644486692015209	0.6844106463878327	0.006653992395437262	0.0028517110266159697	0.85	0.7314191812117845	4.2625	2.0373831775700935	0.006369341442319202	6.24903084569733e-05	0.0031794939032384947	1.8231939163498099	20.875	1.3304737915766178	4.585322195704057	2.287671232876712	0.39638783269961975	0.6991395592864634	0.7550260858445393	0.8295153892338681	0.15684410646387834	0.9019995656239957	1036	674	80
21-305_en_professional	en	17.703703703703702	1.5857740585774058	10.026578335657835	7.282590640012398	0.28661087866108786	0.060669456066945605	0.5732217573221757	0.02092050209205021	0.0	1.0	0.7223493162047794	5.851851851851852	1.6917293233082706	0.006733259218828452	0.00013491189237288136	0.007702548497527576	0.30962343096234307	21.25925925925926	1.0472211052990725	5.2421602787456445	1.9397590361445782	0.48535564853556484	0.6993403693931389	-1	0.9193242692138145	0.25313807531380755	0.9277196632513237	468	236	27
21-306_en_professional	en	11.8	1.646186440677966	8.437000000000001	6.795714237288138	0.3453389830508475	0.1271186440677966	0.6567796610169492	0.014830508474576272	0.01059322033898305	0.8	0.7107674502844421	3.75	1.9179104477611941	0.0049432281781779655	8.276594239130435e-05	0.006885593220338983	0.4343220338983051	15.975	1.1021822884243617	4.656012176560122	2.1578947368421053	0.5572033898305084	0.7687399463806969	-1	0.8878062955096045	0.18008474576271186	0.9372744551364242	461	276	40
21-309_en_professional	en	12.615384615384615	1.5304878048780488	7.38975609756098	5.188591088180113	0.2774390243902439	0.10060975609756098	0.5823170731707317	0.027439024390243903	0.006097560975609756	0.9615384615384616	0.7624337133454779	4.230769230769231	1.5757575757575757	0.007079020289634147	0.00011211959627329192	0.010401721664275465	0.2896341463414634	15.346153846153847	1.0590062652279846	4.804455445544554	1.9473684210526316	0.4634146341463415	0.6217903930131	-1	-1	0.2347560975609756	0.9062790235160064	318	161	26
21-31_en_professional	en	15.504	1.7131062951496387	10.671214282765739	8.328600069349847	0.3431372549019608	0.14860681114551083	0.6295149638802889	0.008771929824561403	0.009287925696594427	0.96	0.75022131618415	4.888	2.02367941712204	0.007176641488530142	5.079102863636364e-05	0.00205516304587512	2.2048503611971104	21.64	1.258513501345406	4.6900477414616235	2.0918114143920596	0.34004127966976266	0.6917781402936453	0.8614559253641774	0.9098409480800134	0.14551083591331268	0.8986663505979918	1901	1100	125
21-311_en_professional	en	17.38053097345133	1.7107942973523422	11.375779788403658	8.955306856154136	0.3518329938900204	0.12525458248472504	0.630346232179226	0.020366598778004074	0.008146639511201629	0.9292035398230089	0.7072402851662419	5.238938053097345	1.862646566164154	0.006047487346684317	7.414760374087592e-05	0.0020523264922450257	2.3874745417515273	23.858407079646017	1.1617030431376612	4.8111398008115085	2.05	0.3329938900203666	0.70146380697052	0.6999763239341892	0.7870522774635443	0.17158859470468432	0.898073823045989	1919	1096	113
21-314_en_professional	en	8.047619047619047	1.7523896222121074	8.226768970674296	7.889214613000412	0.42967683204369594	0.1515703231679563	0.7155211652253073	0.011834319526627219	0.002275830678197542	0.5384615384615384	0.7721146711645757	3.1245421245421245	1.828125	0.005097457464372326	7.194764931034484e-05	0.0018941549082081624	4.464269458352298	12.139194139194139	1.200767173149541	4.371305595408895	2.445910290237467	0.295402822030041	0.7282793136320248	0.9160733190570947	0.9478454276434359	0.0969503868912153	0.869793176126631	2146	1450	273
21-315_en_professional	en	16.99397590361446	1.6497695852534562	10.504931708400424	8.561912090474623	0.3434952144629564	0.10989010989010989	0.6430343849698689	0.05848989719957462	0.0024813895781637717	0.8012048192771084	0.7493198974507844	5.25	1.969309462915601	0.006166085489479794	8.456645915857606e-05	0.002022791104676961	2.4172279333569655	24.261904761904763	1.2078746254464956	4.5222276502198335	1.8579940417080436	0.24920241049273306	0.6413886847906013	0.786178824232026	0.828110453610999	0.16129032258064516	0.8588403824140943	2646	1545	168
21-316_en_professional	en	13.50909090909091	1.7106325706594885	9.864009788327419	8.408545033647377	0.35935397039030953	0.12987886944818305	0.6648721399730821	0.03835800807537012	0.004710632570659489	0.9454545454545454	0.7586001148689774	4.263636363636364	1.9467592592592593	0.005797999716756393	7.520555316455696e-05	0.002551284516291246	2.172274562584118	19.7	1.1868531477345294	4.585701191567369	1.9753363228699552	0.4064602960969044	0.7516005767844292	0.7579005857344965	0.8247288839798719	0.15141318977119786	0.9129054046314996	1427	869	110
21-317_en_professional	en	13.397435897435898	1.7607655502392345	10.412033492822971	8.787635014108698	0.3473684210526316	0.14258373205741626	0.661244019138756	0.03732057416267943	0.0066985645933014355	0.9615384615384616	0.733708693650956	4.102564102564102	1.9057239057239057	0.005717504916746411	6.978883305509182e-05	0.003812799043062201	1.677511961722488	19.653846153846153	1.1847250796859492	4.648929266709929	1.9681528662420382	0.3990430622009569	0.7196617336152235	0.702779331600088	0.7890813104116804	0.1598086124401914	0.9029421950848812	1006	599	78
21-318_en_professional	en	11.547619047619047	1.8515463917525774	10.761818851251846	9.427700049091804	0.3979381443298969	0.1360824742268041	0.7072164948453609	0.030927835051546393	0.004123711340206186	0.9523809523809523	0.7480237798559352	3.9761904761904763	2.0135135135135136	0.005222129346391753	7.818293399339935e-05	0.006132698916204071	0.9195876288659793	17.69047619047619	1.2730025826382045	4.672021419009371	2.035971223021583	0.5195876288659794	0.7161658031088097	-1	0.9479389478071356	0.15051546391752577	0.9228642182006389	473	303	42
21-319_en_professional	en	12.266666666666667	1.7590579710144927	9.950884057971013	8.948414202898551	0.40398550724637683	0.15760869565217392	0.7065217391304348	0.009963768115942028	0.0018115942028985507	0.8444444444444444	0.738732996582845	4.188888888888889	2.0174927113702625	0.005086429135688406	6.712808790896159e-05	0.0037179811257162117	2.5932971014492754	19.177777777777777	1.2282636760802306	4.446530147895335	2.226890756302521	0.3532608695652174	0.7175522388059703	0.6406971307948559	0.7032844324196328	0.13134057971014493	0.8780211830689679	1079	703	90
21-321_en_professional	en	13.642857142857142	1.6858638743455496	9.623908002991772	8.778075243081526	0.33507853403141363	0.11780104712041885	0.6465968586387435	0.031413612565445025	0.005235602094240838	0.9285714285714286	0.7961457162908118	3.7857142857142856	1.9545454545454546	0.005793167999738219	6.708510714285714e-05	0.0086863398381723	0.4005235602094241	20.928571428571427	1.2461512679292182	4.284263959390863	1.8611111111111112	0.5052356020942408	0.7184805653710258	-1	0.8898418267932839	0.18324607329842932	0.9201200644580956	361	210	28
21-324_en_professional	en	7.954545454545454	1.977142857142857	10.842558441558442	10.528142857142857	0.35428571428571426	0.15428571428571428	0.6742857142857143	0.011428571428571429	0.0	0.9545454545454546	0.739817721960579	2.8636363636363638	1.7924528301886793	0.0050316272079999995	3.7395938888888893e-05	0.01761904761904762	0.2914285714285714	12.545454545454545	1.3711565022446672	4.50709219858156	2.2093023255813953	0.5542857142857143	0.6564473684210523	-1	-1	0.19428571428571428	0.9104144395498858	173	108	22
21-325_en_professional	en	10.26923076923077	1.9700374531835205	11.661441947565546	10.162427369634111	0.36704119850187267	0.14606741573033707	0.651685393258427	0.0299625468164794	0.003745318352059925	0.8461538461538461	0.7195685308606201	3.230769230769231	1.75	0.004774279446067416	4.4811255279503105e-05	0.010096075557726755	0.43820224719101125	17.115384615384617	1.413093401516758	4.281596452328159	2.0240963855421685	0.4868913857677903	0.6120238095238095	-1	-1	0.1947565543071161	0.8941021922162842	258	161	26
21-326_en_professional	en	15.10483870967742	1.805125467164976	11.60136760932091	9.496305860875257	0.37800320341697813	0.15216230646022424	0.6689802455953017	0.019754404698344902	0.0058729311265349705	0.8951612903225806	0.7256329439394392	4.57258064516129	1.8631578947368421	0.0054629265536572345	5.281755485008818e-05	0.002353279395457719	2.625734116390817	24.467741935483872	1.274312107850301	4.364744645799012	2.0586264656616415	0.2947143619861185	0.6537936865839884	0.6601883112595576	0.7307041462110189	0.14468766684463427	0.8707866274917452	1825	1134	124
21-327_en_professional	en	11.621621621621621	1.8883720930232557	11.225223130106851	11.103995600251414	0.46744186046511627	0.15348837209302327	0.7627906976744186	0.04186046511627907	0.002325581395348837	0.8648648648648649	0.782742793186101	3.4324324324324325	2.3333333333333335	0.00436895169490907	5.62230696969697e-05	0.009050911376492773	1.1441860465116278	19.324324324324323	1.315075885682559	4.562243502051984	2.0543478260869565	0.4604651162790698	0.7226283987915413	-1	0.7426212389159448	0.1	0.8764782861436372	408	297	37
21-328_en_professional	en	15.536764705882353	1.7217226691907241	10.785665731744665	9.176088279836307	0.3601514434453384	0.150970184571699	0.6914339801230478	0.05205868433506862	0.003312825366777094	0.8823529411764706	0.6980377180298302	4.823529411764706	2.0553745928338762	0.0055491673371823	7.263065277777778e-05	0.0022991996948527596	2.9223852342640795	23.676470588235293	1.2388744111728003	4.492083203973921	1.8495339547270306	0.2872692853762423	0.6916236345580948	0.6141976932692039	0.7044605160898906	0.14718409843823946	0.869969993427815	2000	1260	136
21-33_en_professional	en	13.38888888888889	1.6556016597510372	9.16776625172891	7.658082803135084	0.42323651452282157	0.13278008298755187	0.6742738589211619	0.03112033195020747	0.002074688796680498	0.8888888888888888	0.7503378244623118	4.425	1.8782051282051282	0.006869185621377261	7.208650542372882e-05	0.0075577949021932425	1.3153526970954357	18.1	1.1764282860572168	4.4476584022038566	2.005714285714286	0.44813278008298757	0.6306005221932098	-1	0.8760701117526575	0.1078838174273859	0.8924205745987699	464	295	40
21-331_en_professional	en	16.455696202531644	1.8384615384615384	12.521567672833495	9.661238558909444	0.33	0.13923076923076924	0.6476923076923077	0.038461538461538464	0.012307692307692308	0.8354430379746836	0.7172097654290303	5.1265822784810124	1.8545918367346939	0.004930909159230769	5.592718008185539e-05	0.0039780219780219785	1.4984615384615385	23.746835443037973	1.1974560321823262	4.71595124536301	1.9817708333333333	0.28076923076923077	0.6611573688592831	0.6453485333959	0.8138569306577114	0.19153846153846155	0.8508419186168389	1245	733	79
21-332_en_professional	en	13.485915492957746	1.847519582245431	11.470238112749605	10.092544809325927	0.37754569190600523	0.14934725848563968	0.7044386422976502	0.03655352480417755	0.014099216710182768	0.795774647887324	0.7010798832116331	4.062068965517241	1.911231884057971	0.004395645303994226	7.49892909774436e-05	0.002153152830931006	3.3671018276762403	20.820689655172412	1.3005286577567499	4.489889106327462	1.9771101573676682	0.2929503916449086	0.6712665198237922	0.6001489821323605	0.7129254729661614	0.16240208877284595	0.8653734405875634	1833	1197	145
21-333_en_professional	en	16.82191780821918	1.961726384364821	14.118919280710369	12.089391758511447	0.38925081433224756	0.1237785016286645	0.6685667752442996	0.015472312703583062	0.007328990228013029	0.9315068493150684	0.7358661783349105	5.191780821917808	1.967914438502674	0.005547881603338762	4.528053912466843e-05	0.003300188582204697	2.747557003257329	25.684931506849313	1.2949440726409471	4.695881731784583	2.0854092526690393	0.3346905537459283	0.7167139061116089	0.6527529857083948	0.742800133552953	0.16042345276872963	0.8771014107839058	1207	754	73
21-334_en_professional	en	16.483870967741936	1.8747553816046967	12.96082318035478	10.774964934873642	0.34637964774951074	0.18003913894324852	0.6894977168949772	0.0228310502283105	0.0032615786040443573	0.9354838709677419	0.7404773068127867	4.666666666666667	2.1619718309859155	0.005783427794846706	6.505393914405011e-05	0.002609262883235486	2.6301369863013697	25.161290322580644	1.278490439750741	4.70565716716291	2.0580645161290323	0.3059360730593607	0.6922733612273356	0.7285041921464699	0.8126459080595794	0.1643835616438356	0.864148103397784	1483	958	93
21-335_en_professional	en	16.126582278481013	1.8461538461538463	12.48398247322298	9.791027037338793	0.3414442700156986	0.12323390894819466	0.640502354788069	0.02433281004709576	0.00706436420722135	0.9240506329113924	0.7626993954019421	4.620253164556962	2.0142045454545454	0.006403862359215071	5.9648425749318804e-05	0.0030849549121974374	2.0690737833594977	24.772151898734176	1.4977609259637263	4.523445463812436	2.0095238095238095	0.3728414442700157	0.7024765957446831	0.75986344056383	0.856371708072954	0.1640502354788069	0.8961877569605939	1247	734	79
21-336_en_professional	en	16.3875	1.8909229595728452	13.114015922959574	11.316904569031275	0.38443935926773454	0.12509534706331046	0.6948893974065599	0.028985507246376812	0.004576659038901602	0.9375	0.7314277135641789	4.7	1.9002557544757033	0.005259306036308161	6.405680900243309e-05	0.003110433087549792	2.2990083905415712	25.4	1.2650451929948072	4.613469985358711	1.971794871794872	0.38749046529366893	0.7462541254125395	0.6564062755471232	0.7370173975277994	0.15713196033562166	0.8959993685799382	1266	822	80
21-337_en_professional	en	14.105263157894736	1.8526119402985075	11.771873527101338	10.12366119402985	0.39365671641791045	0.14365671641791045	0.6921641791044776	0.013059701492537313	0.005597014925373134	0.9473684210526315	0.7226611942718517	4.7894736842105265	1.8418079096045197	0.005710904152425374	5.436562557471265e-05	0.005759247242050616	1.2182835820895523	20.894736842105264	1.2297886296559937	4.81772784019975	2.1526717557251906	0.47388059701492535	0.7067048054919903	0.723450710486115	0.7840233223833628	0.14925373134328357	0.9104053024827844	528	348	38
21-34_en_professional	en	15.153846153846153	1.7918781725888324	11.464162436548225	10.080228999088899	0.3553299492385787	0.1319796954314721	0.6480541455160744	0.043993231810490696	0.00676818950930626	0.9230769230769231	0.710326041029322	4.871794871794871	1.9545454545454546	0.006496894128934011	6.209358392857143e-05	0.005699528007836851	0.6243654822335025	22.641025641025642	1.2762411376884524	4.531914893617022	1.8633879781420766	0.4805414551607445	0.6924796747967484	0.8660703507526769	0.8319525308614257	0.155668358714044	0.9216416909150723	561	336	39
21-348_en_professional	en	14.340425531914894	1.6617210682492582	9.611074562788058	7.6115025317254865	0.34124629080118696	0.1632047477744807	0.642433234421365	0.020771513353115726	0.001483679525222552	0.8936170212765957	0.7137702263543196	4.595744680851064	2.142857142857143	0.006444827474480712	6.365661604010025e-05	0.0051411220757711686	0.7091988130563798	20.74468085106383	1.182311403620319	4.534010152284264	2.022598870056497	0.43026706231454004	0.6690086956521738	0.9631724241348262	0.9821849107479502	0.1661721068249258	0.9036034255611166	657	399	47
21-35_en_professional	en	14.754098360655737	1.73	10.57809836065574	8.977363023679418	0.3711111111111111	0.15222222222222223	0.6811111111111111	0.01888888888888889	0.005555555555555556	0.9016393442622951	0.7516029755131923	4.7846153846153845	1.9527272727272726	0.005440954290559822	8.238203278985507e-05	0.004019607843137255	1.6133333333333333	19.83076923076923	1.1590784147021669	4.689417177914111	2.079310344827586	0.3977777777777778	0.6887640449438208	0.7979328041490046	0.8844419688964987	0.14888888888888888	0.8941797633063368	877	552	65
21-350_en_professional	en	15.451612903225806	1.860125260960334	12.385607111590009	10.58489798639639	0.4592901878914405	0.1440501043841336	0.7098121085594989	0.008350730688935281	0.0	0.8709677419354839	0.762710156788505	4.806451612903226	2.0248447204968945	0.00516789050605428	4.062826572327044e-05	0.006642626684380337	1.0897703549060542	25.451612903225808	1.3938780128438573	4.4294710327455915	2.1974522292993632	0.4801670146137787	0.7074473684210532	-1	0.767486243392807	0.12943632567849686	0.9078552531634295	471	318	31
21-354_en_professional	en	10.942857142857143	1.9556135770234986	11.753954494591571	11.482165296531146	0.4046997389033943	0.15926892950391644	0.6919060052219321	0.013054830287206266	0.0026109660574412533	0.8571428571428571	0.7457500016323547	3.9714285714285715	1.8923076923076922	0.005386802480678851	6.17084037815126e-05	0.008286979225791804	0.391644908616188	16.428571428571427	1.2074421784761573	4.84641638225256	2.209090909090909	0.5691906005221932	0.764859154929577	-1	0.8301869360985601	0.1514360313315927	0.9341620861248062	377	238	35
21-355_en_professional	en	19.347826086956523	1.702808988764045	12.048798241328775	8.69963629702003	0.34269662921348315	0.1348314606741573	0.6275280898876404	0.03146067415730337	0.012359550561797753	0.967391304347826	0.7199285432252819	5.221052631578948	2.029106029106029	0.00581214277	9.951014230769231e-05	0.0029411764705882357	2.1859550561797754	27.378947368421052	1.2231225851935443	4.459954233409611	1.9213483146067416	0.2353932584269663	0.616983938132064	0.5541253045376042	0.5980171735090399	0.14662921348314606	0.837865165273576	1721	988	95
21-356_en_professional	en	12.75609756097561	1.977055449330784	12.714132350883741	11.828985860187474	0.35372848948374763	0.1682600382409178	0.6539196940726577	0.011472275334608031	0.0	0.8292682926829268	0.717776980648651	4.121951219512195	1.830188679245283	0.004993894866347993	4.372729198717949e-05	0.006014977692797961	1.627151051625239	20.317073170731707	1.3900640580008927	4.65352449223417	2.226890756302521	0.37667304015296366	0.6912735849056588	0.2655652821920634	0.6480373190571028	0.1835564053537285	0.8759246263471366	511	312	41
21-357_en_professional	en	15.406593406593407	1.854493580599144	12.30159567964133	10.234077995328494	0.35021398002853066	0.1433666191155492	0.6569186875891584	0.025677603423680456	0.012838801711840228	0.9230769230769231	0.7126511083525813	4.78021978021978	1.7971698113207548	0.005150452398573467	6.568120894800484e-05	0.002710413694721826	2.5955777460770326	22.24175824175824	1.2613893458980932	4.8015678588926995	2.0454545454545454	0.3594864479315264	0.7265387567152723	0.701259008318565	0.7705184501792651	0.16904422253922968	0.8959166703602729	1363	827	91
21-358_en_professional	en	13.065934065934066	1.8107653490328006	10.872745404301337	9.346882375992386	0.3380992430613961	0.1328847771236333	0.6644238856181666	0.0159798149705635	0.007569386038687973	0.8241758241758241	0.7458147035658891	4.0989010989010985	1.8707865168539326	0.006193183521698907	5.892284504881451e-05	0.0031238736032680524	1.6518082422203533	19.86813186813187	1.2806880339319073	4.496979681493685	2.038327526132404	0.34314550042052144	0.6809174311926618	0.7033751311397418	0.8021139314149134	0.19596299411269974	0.8842682081207509	1163	717	91
21-36_en_professional	en	15.783333333333333	1.634635691657867	9.854201161562834	8.749453797958466	0.33051742344244983	0.1341077085533263	0.6568109820485745	0.0675818373812038	0.004223864836325237	0.95	0.627911651858833	4.365079365079365	2.1750972762645913	0.007490930171246694	0.00012767591177644712	0.005215180053013813	0.8046462513199577	21.22222222222222	1.3012881495009303	4.475385745775165	1.76657824933687	0.33051742344244983	0.6164504716981145	0.8007215344482442	0.7975792937061653	0.14783526927138332	0.8616576613624001	878	501	63
21-37_en_professional	en	10.619047619047619	1.5246636771300448	6.5424599615631	6.4638231475549865	0.4170403587443946	0.13452914798206278	0.7399103139013453	0.07623318385650224	0.0	0.8095238095238095	0.7498199968246408	3.48	1.8028169014084507	0.005274540243963409	8.341033582089552e-05	0.015207642815363619	0.7533632286995515	14.0	1.2114792008757527	4.2414772727272725	1.8695652173913044	0.484304932735426	0.6302419354838705	-1	-1	0.08968609865470852	0.8787680424433866	202	134	25
21-38_en_professional	en	13.101694915254237	1.7089262613195342	9.684990900519654	8.728380448907696	0.33807675722294095	0.13583441138421734	0.6658042259594653	0.05390254420008624	0.004743423889607589	0.7909604519774012	0.6556573021600686	3.913978494623656	1.9922360248447204	0.005944535532782165	7.616174714394516e-05	0.001927808639626614	2.7434238896075893	18.177419354838708	1.2008071476663225	4.637825197310728	1.9132369299221357	0.31479085812850366	0.6813153153153172	0.6972751472040254	0.770721899312677	0.15696420871065114	0.8825576689477224	2178	1313	186
21-39_en_professional	en	12.048780487804878	1.7024291497975708	9.197688357855238	8.18481925545571	0.4190283400809717	0.10121457489878542	0.6842105263157895	0.044534412955465584	0.006072874493927126	0.7804878048780488	0.6885052404921289	3.8372093023255816	1.7195121951219512	0.0062060058771255065	6.59443e-05	0.008449216687202957	1.4129554655870444	18.325581395348838	1.2231299438016086	4.153175591531756	2.020304568527919	0.38866396761133604	0.6388860759493659	-1	0.6884795897596255	0.12348178137651822	0.8633535110739645	472	301	43
21-40_en_professional	en	13.36	1.9311377245508983	12.4078251497006	10.980214155688625	0.4086826347305389	0.13922155688622753	0.6976047904191617	0.019461077844311378	0.010479041916167664	0.94	0.748640077836587	4.52	1.9189189189189189	0.004963421911227545	5.033600638297873e-05	0.00570556999209129	1.782934131736527	22.32	1.3850144678146625	4.484929078014185	2.155	0.4296407185628742	0.7317574692442875	0.6845505869295694	0.8172601544459202	0.1407185628742515	0.8926460190794953	654	423	50
21-42_en_professional	en	11.404255319148936	1.8470149253731343	10.652435693871073	9.396884772943793	0.4123134328358209	0.16044776119402984	0.7313432835820896	0.029850746268656716	0.0	0.8297872340425532	0.7634595536939394	3.872340425531915	2.0472972972972974	0.0037709903632462687	3.7202874166666666e-05	0.007296849087893863	1.416044776119403	19.80851063829787	1.4185624532867618	4.187961985216473	2.0483870967741935	0.376865671641791	0.6486727688787186	0.34009939773991266	0.6867204691870804	0.13992537313432835	0.8590140062649562	521	360	47
21-43_en_professional	en	18.0	1.6755555555555555	11.201555555555554	9.078166666666666	0.41	0.11444444444444445	0.6977777777777778	0.044444444444444446	0.0022222222222222222	0.84	0.7111617963404727	4.9	2.243027888446215	0.004844245766033333	6.65527785198556e-05	0.005131578947368421	2.112222222222222	28.12	1.2780911888489843	4.173512747875354	1.835820895522388	0.27444444444444444	0.6048689138576787	0.5614309438551891	0.64424947514951	0.1688888888888889	0.818481747972355	856	554	50
21-45_en_professional	en	15.482758620689655	1.6258351893095768	9.633131095921971	8.659029045388218	0.38752783964365256	0.10690423162583519	0.6848552338530067	0.05456570155902005	0.0011135857461024498	0.7758620689655172	0.6842930842770676	4.482758620689655	2.0946969696969697	0.004574972003563474	5.234792416356878e-05	0.005483566173989336	1.829621380846325	24.46551724137931	1.340543280373692	4.139338494018297	1.8085106382978724	0.2962138084632517	0.6685607008760979	0.3936086801744415	0.6011582928609785	0.15924276169265034	0.8293659451326474	851	538	58
21-46_en_professional	en	15.8	1.6803797468354431	10.40048101265823	8.267092278481014	0.40189873417721517	0.09018987341772151	0.7009493670886076	0.06962025316455696	0.0	0.9	0.7456725932249022	5.0	1.9545454545454546	0.005297679103164556	5.124675575916231e-05	0.006534224097515237	1.9335443037974684	24.45	1.2739813725479983	4.298885511651469	1.8556338028169015	0.37341772151898733	0.6783489681050651	0.48669837202961524	0.7606762430281814	0.15822784810126583	0.8725010638156548	593	382	40
21-47_en_professional	en	17.62962962962963	1.6449579831932772	10.696059757236231	8.739375754746344	0.43067226890756305	0.09663865546218488	0.726890756302521	0.08823529411764706	0.004201680672268907	1.0	0.7283640747004049	5.185185185185185	2.0277777777777777	0.004732541453361344	6.811531577181208e-05	0.009243697478991597	1.1365546218487395	29.22222222222222	1.4262110333184241	3.959697732997481	1.8114035087719298	0.3760504201680672	0.6080901856763926	-1	0.590800043863473	0.11974789915966387	0.8610135659626192	440	298	27
21-49_en_professional	en	11.9	1.819327731092437	10.519067226890758	9.333083361344539	0.42857142857142855	0.13865546218487396	0.6974789915966386	0.004201680672268907	0.012605042016806723	0.95	0.727499967307691	4.15	1.896103896103896	0.0054381314970588235	3.919042229299363e-05	0.014829461196243203	0.35714285714285715	20.3	1.4299915158371042	4.206310679611651	2.2222222222222223	0.5672268907563025	0.6860431654676253	-1	-1	0.15546218487394958	0.9241696338257848	238	157	20
21-5_en_professional	en	23.928571428571427	1.5582089552238807	12.129008528784649	8.609498933901918	0.3164179104477612	0.12238805970149254	0.6298507462686567	0.04477611940298507	0.0029850746268656717	1.0	0.735563904769882	6.071428571428571	2.1411764705882352	0.005334209755223881	9.56150342857143e-05	0.011940298507462687	0.17313432835820897	31.571428571428573	1.0880082621542249	4.6923076923076925	1.9191919191919191	0.5522388059701493	0.6803813559322026	-1	-1	0.191044776119403	0.918708374813581	314	175	14
21-51_en_professional	en	7.0	2.0952380952380953	11.863809523809525	12.815209523809525	0.38095238095238093	0.21904761904761905	0.7619047619047619	0.02857142857142857	0.0	0.8666666666666667	0.6717261904761906	3.0	1.8857142857142857	0.004975340751428571	7.946056376811595e-05	0.01904761904761905	0.08571428571428572	12.0	1.6125624405842192	4.544973544973545	2.09375	0.780952380952381	0.785	-1	-1	0.11428571428571428	0.9669913965972726	102	69	15
21-53_en_professional	en	13.788732394366198	1.8590398365679264	11.724275705304347	10.478371868391145	0.355464759959142	0.15730337078651685	0.6884576098059244	0.030643513789581207	0.0040858018386108275	0.9154929577464789	0.743860691040189	4.422535211267606	1.889261744966443	0.005012943968130746	4.4079958415841586e-05	0.0034473953013278856	2.1542390194075587	21.04225352112676	1.2443060050609454	4.673956262425447	1.9968152866242037	0.43003064351378956	0.7443863636363605	0.7332073340387651	0.7669770896448954	0.17262512768130744	0.9111658810308769	944	606	71
21-57_en_professional	en	14.69047619047619	1.7763371150729335	11.10006367214633	9.565656046924444	0.3160453808752026	0.1620745542949757	0.6677471636952999	0.04051863857374392	0.0032414910858995136	0.8809523809523809	0.7742618694782407	4.5	2.102409638554217	0.0060327980964343594	6.414486842105263e-05	0.005464227830516323	0.6823338735818476	22.595238095238095	1.3604404589078103	4.5073221757322175	1.8697916666666667	0.46029173419773095	0.7400579150579145	0.8694915286015404	0.8168879566177715	0.14910858995137763	0.9119968296385056	592	361	42
21-58_en_professional	en	14.633333333333333	1.8382687927107062	11.808571753986335	9.614404039483675	0.3462414578587699	0.11275626423690205	0.6480637813211845	0.0387243735763098	0.0056947608200455585	0.9333333333333333	0.7772151421561416	3.903225806451613	1.8801498127340823	0.006778213889404213	6.820119416498993e-05	0.004387766533477725	1.6070615034168565	21.870967741935484	1.235785433976622	4.526739926739927	1.9349315068493151	0.38724373576309795	0.6880744544287564	0.623973598073824	0.8188420817661928	0.1469248291571754	0.8931460156285826	846	497	62
21-6_en_professional	en	25.166666666666668	1.533774834437086	12.323543046357617	8.065926269315675	0.32317880794701986	0.10331125827814569	0.6185430463576159	0.0423841059602649	0.009271523178807948	1.0	0.7287646215522385	6.166666666666667	1.9901960784313726	0.005793320574569536	0.00012311758366336634	0.005491842997900178	0.49271523178807947	31.3	1.0737595228200185	4.9192348565356	1.7567567567567568	0.4052980132450331	0.6485213414634134	0.8601275783322533	1.037479703783358	0.19072847682119207	0.8964381671557028	720	404	30
21-62_en_professional	en	15.645569620253164	1.8406148867313916	12.23102781532916	10.60281626316005	0.4021035598705502	0.13673139158576053	0.6925566343042071	0.032362459546925564	0.0040453074433656954	0.9493670886075949	0.7303561325965457	5.1645569620253164	2.0691489361702127	0.005605473470051116	8.286799207792208e-05	0.0030946601941747574	1.7888349514563107	22.746835443037973	1.301834109289182	4.86438809261301	1.9582309582309583	0.44983818770226536	0.7465699208443263	0.8779247463078325	0.9231299630996547	0.13349514563106796	0.9191827607957416	1191	770	79
21-63_en_professional	en	17.91176470588235	1.929392446633826	14.162419105573264	12.49983063846228	0.40229885057471265	0.16420361247947454	0.6666666666666666	0.0016420361247947454	0.003284072249589491	0.8235294117647058	0.7315455269310712	5.0	1.8072916666666667	0.0048708832934318555	4.534968914728682e-05	0.004826591033487585	1.7339901477832513	27.08823529411765	1.260727203406239	4.792025862068965	2.1948051948051948	0.40229885057471265	0.7205098039215652	0.3285828537297198	0.8445288366742851	0.13957307060755336	0.8858238429034611	604	387	34
21-65_en_professional	en	13.538461538461538	1.871590909090909	11.77477272727273	10.288301223776225	0.38522727272727275	0.1590909090909091	0.6806818181818182	0.017045454545454544	0.007954545454545454	0.8923076923076924	0.7335213216394798	4.553846153846154	2.0884615384615386	0.005746986215227273	5.967290090744102e-05	0.004071969696969697	1.5454545454545454	19.876923076923077	1.2933928235655825	4.7629969418960245	2.0765765765765765	0.42272727272727273	0.7345710627400802	0.6546952072794748	0.7383308375524863	0.16136363636363638	0.9098929789447601	864	551	65
21-7_en_professional	en	9.682926829268293	1.309823677581864	3.642260858880629	4.017914836886405	0.35768261964735515	0.08564231738035265	0.6851385390428212	0.07808564231738035	0.015113350125944584	0.6585365853658537	0.6103641157660035	3.18	1.7226890756302522	0.004518304047858942	0.00010325982075471698	0.012533022055661362	0.8664987405541562	14.0	1.1766739691286774	3.836182336182336	1.9508196721311475	0.43073047858942065	0.6037583892617459	-1	0.67212948056836	0.1889168765743073	0.86341796362973	357	212	50
21-71_en_professional	en	13.666666666666666	1.8802660753880267	11.92713968957872	11.797605469327422	0.43015521064301554	0.13303769401330376	0.7073170731707317	0.013303769401330377	0.0066518847006651885	1.0	0.7187127565708862	4.696969696969697	2.0434782608695654	0.005277049480487805	6.707381340206186e-05	0.00827790096082779	0.802660753880266	20.727272727272727	1.1571051952145115	4.796829971181556	2.1140939597315436	0.5077605321507761	0.7156818181818178	-1	0.8177851894920339	0.14412416851441243	0.9133594731462444	440	291	33
21-74_en_professional	en	16.408163265306122	1.7997512437810945	12.046248350086305	10.519962310894506	0.3818407960199005	0.15298507462686567	0.6579601990049752	0.011194029850746268	0.0012437810945273632	0.9387755102040817	0.7450660194870191	5.0	1.9306122448979592	0.0058297038385572136	6.0408158315789475e-05	0.004647813563760147	1.205223880597015	25.020408163265305	1.3672490782208147	4.570268074735987	2.0628571428571427	0.3756218905472637	0.6643687943262404	0.5751082555453091	0.6656854015092425	0.14303482587064675	0.887877846202048	792	475	49
21-75_en_professional	en	14.631067961165048	1.8314532183145322	11.72726448096585	10.147167250565323	0.3722627737226277	0.1579296615792966	0.7040477770404777	0.0325149303251493	0.0072992700729927005	0.8737864077669902	0.709373813514647	4.631067961165049	1.960088691796009	0.004654545179694758	6.801631756046266e-05	0.003087346767715573	2.086264100862641	22.04854368932039	1.2128933560807396	4.6017467248908295	2.0349514563106794	0.31320504313205044	0.717336647727273	0.6130271600723098	0.7426167055347381	0.15394824153948242	0.8650722599096011	1450	951	103
21-79_en_professional	en	17.033783783783782	1.7512891709639031	11.718387893049734	9.730553606998509	0.3756445854819516	0.1507338357794526	0.6905989686632289	0.03649345497818326	0.009123363744545815	0.8108108108108109	0.7127240627705913	4.781456953642384	2.0878378378378377	0.005471646510447577	6.219164088215931e-05	0.0018495798086768818	3.6548988496628323	25.933774834437084	1.30146295589006	4.41476407914764	1.951397326852977	0.2780642602142007	0.686560693641624	0.622622041761619	0.6883006148572541	0.13367711225704085	0.8635429569932785	2427	1519	151
21-84_en_professional	en	16.028985507246375	1.732368896925859	11.103257331551223	9.088337516052102	0.3806509945750452	0.12115732368896925	0.6455696202531646	0.024412296564195298	0.0108499095840868	0.8840579710144928	0.702077054911083	4.521739130434782	1.8670694864048338	0.005313688398643761	8.444610597243491e-05	0.004173994897074488	1.596745027124774	22.18840579710145	1.1451594323883005	4.8022049286640724	2.065359477124183	0.310126582278481	0.666544190665337	0.41881917071073776	0.640408865003839	0.16365280289330922	0.8620199292489142	1070	653	69
21-88_en_professional	en	17.054945054945055	1.7538659793814433	11.757047128129603	9.812308462671348	0.36662371134020616	0.16559278350515463	0.6817010309278351	0.03479381443298969	0.005798969072164949	0.9560439560439561	0.7210906808504631	4.546391752577319	1.9658848614072495	0.005464298245747422	8.000945334040298e-05	0.0032997500781005934	2.1346649484536084	24.22680412371134	1.1994107367343962	4.442560406952098	1.868320610687023	0.28994845360824745	0.6642739160357908	0.6587754247738298	0.7158391503518952	0.13402061855670103	0.8540324386666326	1494	943	97
21-91_en_professional	en	18.838709677419356	1.7230308219178083	12.08886047282369	9.157580545735751	0.4148116438356164	0.11429794520547945	0.6853595890410958	0.02696917808219178	0.003852739726027397	0.9516129032258065	0.7184474070014742	5.306451612903226	2.022354694485842	0.005385674385221747	9.968903219129194e-05	0.0022878299918352536	3.2011986301369864	26.951612903225808	1.1711501458443332	4.697820244849209	1.9431818181818181	0.2893835616438356	0.6823513634331738	0.6765277820855811	0.7481131342434139	0.14726027397260275	0.8684085439915378	2236	1401	124
21-92_en_professional	en	15.207920792079207	1.9075520833333333	12.850203692244225	11.056221387685644	0.390625	0.162109375	0.6979166666666666	0.018880208333333332	0.0032552083333333335	0.8514851485148515	0.7017298956540476	5.207920792079208	1.8330019880715707	0.004616492372252604	6.651915092592592e-05	0.002691359747023809	2.8717447916666665	22.99009900990099	1.2394474417341548	4.773713313483624	2.088744588744589	0.3385416666666667	0.7091022964509428	0.7985424480526045	0.9028829288444347	0.14583333333333334	0.8814466617289904	1498	972	101
21-93_en_professional	en	17.585365853658537	1.6435506241331483	10.662190047697983	9.183629620107574	0.3141470180305132	0.15880721220527047	0.658113730929265	0.04576976421636616	0.016643550624133148	0.9390243902439024	0.700940469976591	5.073170731707317	2.017543859649123	0.004571307634951456	6.628212215346535e-05	0.0036215133302511947	1.469486823855756	25.51219512195122	1.2521223027183832	4.540066382171645	1.8695652173913044	0.26629680998613037	0.6317125837676821	0.6032441467099056	0.7506410621926489	0.16990291262135923	0.8494917675908643	1375	808	82
21-94_en_professional	en	14.695121951219512	1.7468879668049793	10.754375569274366	8.655111527173363	0.3369294605809129	0.15103734439834024	0.6547717842323652	0.025726141078838173	0.007468879668049793	0.9024390243902439	0.7149382525392975	4.780487804878049	1.9797687861271676	0.0061263800597019915	6.15302789244186e-05	0.003656263154729689	1.454771784232365	22.23170731707317	1.2941724623153124	4.506543075245365	1.9756838905775076	0.34190871369294606	0.6893761301989164	0.7333201508415385	0.899476712649732	0.15601659751037344	0.8842728876818347	1175	688	82
21-95_en_professional	en	12.476744186046512	1.6710158434296365	8.99391718502785	7.720841357636708	0.34762348555452005	0.13047530288909598	0.6486486486486487	0.022367194780987885	0.011183597390493943	0.8604651162790697	0.6825831618127616	3.9767441860465116	1.8417721518987342	0.004682166368126748	9.964058493589744e-05	0.004402738053154225	1.2348555452003729	17.406976744186046	1.1228328940401158	4.631163708086785	2.108761329305136	0.35880708294501396	0.700215605749486	0.6919130327829567	0.8017676821921302	0.17707362534948742	0.884648712805817	1035	624	86
21-98_en_professional	en	6.4	2.1145833333333335	11.858083333333337	11.77258	0.4583333333333333	0.14583333333333334	0.7291666666666666	0.010416666666666666	0.0	0.7333333333333333	0.6102182539682539	2.933333333333333	1.9090909090909092	0.004957992470833333	2.9182503125e-05	0.03819444444444444	0.010416666666666666	10.666666666666666	1.7332276203328834	4.670588235294118	2.9310344827586206	0.75	0.75	-1	-1	0.125	0.9500732863568488	93	64	15
21-99_en_professional	en	11.745098039215685	1.8397328881469115	10.699436315427672	9.044356352090086	0.3739565943238731	0.14691151919866444	0.6844741235392321	0.01001669449081803	0.005008347245409015	0.9607843137254902	0.7586821509874142	3.843137254901961	1.8757062146892656	0.00499772225409015	3.95032981233244e-05	0.005496966488863553	0.9115191986644408	17.294117647058822	1.1916520544890488	4.676008968609866	2.0844155844155843	0.4674457429048414	0.7237200000000001	0.8423963523876425	0.9321986738965289	0.1652754590984975	0.9131301467734951	590	373	51
22-12_en_professional	en	17.571428571428573	1.7872628726287263	12.352559039876116	10.658715214866437	0.3346883468834688	0.11788617886178862	0.6002710027100271	0.016260162601626018	0.0013550135501355014	0.9523809523809523	0.7380158013325081	5.142857142857143	2.0841584158415842	0.00719015423495935	8.840805587467363e-05	0.006194347657762292	0.7005420054200542	21.761904761904763	1.0552900125005662	5.3358613217768145	2.1555555555555554	0.42140921409214094	0.689749608763693	0.6202440306182887	0.7913230010575503	0.15718157181571815	0.9171635885264326	718	383	42
22-14_en_professional	en	19.314285714285713	2.0754437869822486	16.43280811496196	13.73573910397295	0.34467455621301774	0.15236686390532544	0.6420118343195266	0.010355029585798817	0.010355029585798817	1.0	0.6678541443582954	5.685714285714286	1.955223880597015	0.006729000290680473	8.138352339901478e-05	0.005494505494505495	0.7381656804733728	26.742857142857144	1.227904081655	5.3518123667377395	2.0113636363636362	0.41420118343195267	0.6494107452339682	0.6449764828748943	0.6464472875195152	0.15088757396449703	0.8957011368770711	667	406	35
22-15_en_professional	en	15.205479452054794	1.9405405405405405	13.238515364679749	10.191031840059237	0.3207207207207207	0.12162162162162163	0.6315315315315315	0.016216216216216217	0.007207207207207207	0.958904109589041	0.7427039559313038	4.876712328767123	1.7876923076923077	0.0045650348191891895	0.00010451016699669967	0.0037443693693693693	1.1567567567567567	21.15068493150685	1.1572950756612788	5.090558766859345	2.1152542372881356	0.3630630630630631	0.6970820969337335	0.7655514109938499	0.8614392094519296	0.17567567567567569	0.8993537252623416	1084	606	73
22-17_en_professional	en	18.21505376344086	1.909681227863046	14.048109456525882	11.706029244265022	0.3116883116883117	0.11865407319952774	0.6233766233766234	0.012987012987012988	0.008264462809917356	0.978494623655914	0.7321450135201212	5.752688172043011	1.836734693877551	0.0058913837240850055	9.056486200215285e-05	0.002929730202457475	1.412042502951594	23.258064516129032	1.1173216392121765	5.530631045601106	2.0418848167539267	0.33116883116883117	0.704702194357373	0.7327908358433635	0.8170488090344219	0.19421487603305784	0.8952297120023928	1665	929	93
22-19_en_professional	en	12.904761904761905	1.8505535055350553	11.279388508170797	10.516882832542612	0.4280442804428044	0.0959409594095941	0.7029520295202952	0.025830258302583026	0.005535055350553505	0.8095238095238095	0.6630515802263385	4.260869565217392	1.803191489361702	0.005954484850738007	8.12691953079179e-05	0.007831078310783108	0.8782287822878229	19.630434782608695	1.151425592395858	4.499447513812155	2.204697986577181	0.4114391143911439	0.6095485327313764	1.0619500826087513	0.8976372171417522	0.13468634686346864	0.8734315584458459	517	341	46
22-2_en_professional	en	13.678571428571429	2.135770234986945	14.946731629988808	15.039224244684817	0.5274151436031331	0.16840731070496084	0.7872062663185379	0.0026109660574412533	0.007832898172323759	0.8035714285714286	0.7174928855198434	3.7246376811594204	2.0833333333333335	0.002884416333942559	6.367654684210525e-05	0.006135770234986945	2.010443864229765	18.130434782608695	1.1570274480622238	5.0245447347585115	2.467432950191571	0.42428198433420367	0.6708695652173929	0.8182778568070639	0.8722210864069035	0.10182767624020887	0.8828301059703635	749	570	69
22-20_en_professional	en	18.235772357723576	1.8992420864913062	13.933007840109607	11.818327870266666	0.4021399910833705	0.10744538564422648	0.6727596968345966	0.012483281319661168	0.004012483281319661	0.9105691056910569	0.7032026864623717	5.42741935483871	2.0	0.005720376722737406	0.00011041374453900708	0.002197517725396574	3.261703076237182	23.483870967741936	1.0436866623993393	5.4203194019707786	2.0652920962199315	0.2831029870708872	0.6795708955223813	0.7389869461986015	0.7634935579724119	0.15381185911725367	0.8661008203804307	2208	1410	124
22-23_en_professional	en	14.676691729323307	1.7540983606557377	10.832270430173796	8.999091422716628	0.3698770491803279	0.10809426229508197	0.6670081967213115	0.02612704918032787	0.005122950819672131	0.9172932330827067	0.7092814008407038	4.2781954887218046	1.8864864864864865	0.005403642440818647	8.298136883561644e-05	0.002307480369196859	2.4129098360655736	20.601503759398497	1.166215147385002	4.876135125317835	1.9742268041237114	0.33094262295081966	0.7101726929303909	0.7414655696019868	0.8231357043532687	0.18596311475409835	0.8891905723530369	1890	1168	133
22-24_en_professional	en	13.893939393939394	1.7666303162486368	10.674874095370278	9.672079752817158	0.35986913849509267	0.12104689203925845	0.6684841875681571	0.026172300981461286	0.003271537622682661	0.9393939393939394	0.7311050040902983	4.636363636363637	1.8295454545454546	0.005247974540567067	7.3383105e-05	0.0046736251752609445	1.3991275899672846	19.439393939393938	1.1704947241672168	4.840030911901082	2.00381679389313	0.37949836423118866	0.7055378973105108	0.6315319109156513	0.7242919089269707	0.1613958560523446	0.8880532875766004	887	540	66
22-25_en_professional	en	16.214285714285715	1.7709251101321586	11.630487728130902	9.673242227816239	0.3590308370044053	0.12665198237885464	0.6806167400881057	0.031938325991189426	0.009911894273127754	0.8571428571428571	0.7018382408722645	5.035714285714286	1.9534883720930232	0.004626743775330396	0.00010426552468007312	0.005718400542189089	1.172907488986784	22.875	1.091290062803347	4.824031007751938	1.9485530546623795	0.30837004405286345	0.6656860321384414	0.5925065982433246	0.7032860323921506	0.17290748898678415	0.8489018312624004	877	547	56
22-26_en_professional	en	17.5	1.8160714285714286	12.664642857142859	10.86782142857143	0.375	0.14285714285714285	0.7	0.010714285714285714	0.005357142857142857	1.0	0.7809856120989592	5.09375	2.031847133757962	0.0043028521625	8.935860164835164e-05	0.007440476190476191	0.8821428571428571	23.3125	1.0898888542841039	5.20844327176781	2.1153846153846154	0.42678571428571427	0.7295227765726684	0.6296963472045956	0.7396967024448226	0.1767857142857143	0.8777369301791932	549	364	32
22-27_en_professional	en	14.18421052631579	1.8051948051948052	11.243140806561861	9.523724304267162	0.3654916512059369	0.1150278293135436	0.660482374768089	0.02040816326530612	0.016697588126159554	0.9736842105263158	0.7298256186405758	4.684210526315789	1.582857142857143	0.0046602668074211505	7.857384605678234e-05	0.006612435183863756	1.0389610389610389	19.36842105263158	1.0630957507253387	5.0228187919463085	2.270718232044199	0.4155844155844156	0.738340909090909	0.3173338782076513	0.6708860787525649	0.19109461966604824	0.8855623221353583	520	317	38
22-29_en_professional	en	12.68421052631579	1.8008298755186722	10.606634636383493	10.353185892116185	0.36099585062240663	0.12033195020746888	0.6307053941908713	0.008298755186721992	0.004149377593360996	0.9473684210526315	0.7027001587990056	4.315789473684211	1.7160493827160495	0.006531536721991701	4.880654411764706e-05	0.013370216689718765	0.26141078838174275	16.36842105263158	1.081462060373117	5.220820189274448	2.2452830188679247	0.5020746887966805	0.6226056338028173	-1	-1	0.17012448132780084	0.9043279774017108	237	136	19
22-32_en_professional	en	16.17948717948718	1.814580031695721	12.132044374009507	10.502001064651145	0.35974643423137875	0.14580031695721077	0.6679873217115689	0.01901743264659271	0.006339144215530904	0.9743589743589743	0.728237877931452	5.051282051282051	1.8154613466334164	0.005059474957765452	6.600972196132597e-05	0.0032733378612934878	1.8922345483359746	23.384615384615383	1.1785047753060913	4.818132464712269	2.113821138211382	0.3335974643423138	0.7125795356835768	0.7028660200838565	0.7817031241615162	0.13787638668779714	0.8806797829869404	1235	724	78
22-33_en_professional	en	19.130081300813007	1.7781555461113472	12.85296715143097	9.925904034634907	0.34806629834254144	0.13684657883552911	0.6549086272843179	0.01827454313642159	0.004674883127921802	0.7886178861788617	0.6606928064939777	5.073170731707317	1.9781591263650546	0.0054321191626434335	7.885101076923077e-05	0.001656776762399122	2.4623884402889926	27.86178861788618	1.334848670916438	4.76025603724178	2.0102915951972555	0.2456438589035274	0.6162821650399247	0.6260261256050889	0.7268216954868493	0.16744581385465362	0.8528959683603313	2306	1365	123
22-34_en_professional	en	18.5	1.8455598455598456	13.402606177606181	11.165593822393822	0.3127413127413127	0.16023166023166024	0.6235521235521235	0.011583011583011582	0.009652509652509652	0.9642857142857143	0.7325915700110731	5.642857142857143	1.9452054794520548	0.005893975806177606	0.00010468316236933797	0.005853780047328435	0.4575289575289575	25.678571428571427	1.190217092337276	5.011080332409972	2.018348623853211	0.4768339768339768	0.6959427207637219	0.48517841319195926	0.7371933446353474	0.1525096525096525	0.9224087338840843	511	287	28
22-35_en_professional	en	10.092198581560284	2.0829234012649334	12.924453581734728	12.47773534985023	0.38510189739985945	0.15881939564300773	0.6964160224877021	0.011946591707659873	0.004216444132115249	0.6808510638297872	0.7052798443310463	3.6180555555555554	1.8507795100222717	0.004663405058678848	9.059304313280362e-05	0.0030818107285078473	1.8889669711876318	14.04861111111111	1.1960991365023734	5.279292204686753	2.2645290581162323	0.36331693605059734	0.6954456193353484	0.7035527139156679	0.7508912869624933	0.14195361911454674	0.8882755353563961	1393	881	144
22-36_en_professional	en	13.294117647058824	1.8333333333333333	11.228039215686277	9.930519833420094	0.3185840707964602	0.09882005899705015	0.5825958702064897	0.011799410029498525	0.007374631268436578	0.9803921568627451	0.7470112185446959	4.8431372549019605	1.6650717703349283	0.0055405686159292035	8.498523583815029e-05	0.00569485414618158	0.7581120943952803	17.15686274509804	1.0871067961796659	5.313063063063063	2.0963855421686746	0.4144542772861357	0.687823834196892	0.6798118483338665	0.8410041895630269	0.1902654867256637	0.9170184401112609	665	346	51
22-37_en_professional	en	12.509803921568627	1.8526645768025078	11.15026553568136	9.509962099698816	0.322884012539185	0.13009404388714735	0.6206896551724138	0.0109717868338558	0.02037617554858934	0.9803921568627451	0.7456535259689286	4.686274509803922	1.7552083333333333	0.004959789065047022	0.00011537047050147493	0.006269592476489028	0.8181818181818182	16.313725490196077	1.102650906598275	5.191489361702128	2.0548780487804876	0.43103448275862066	0.7202226345083489	0.6872400072332938	0.7775121147356763	0.1677115987460815	0.9111341571512546	627	339	51
22-38_en_professional	en	13.910714285714286	1.8883183568677793	12.117335182468366	11.028663469649732	0.31450577663671375	0.1681643132220796	0.6418485237483954	0.014120667522464698	0.010269576379974325	0.9821428571428571	0.7274747256093456	4.517857142857143	1.826086956521739	0.004459589012580231	0.00010885629794988609	0.00488363007199866	1.2528883183568678	18.857142857142858	1.1541369328617814	5.118691588785047	2.0185185185185186	0.4069319640564827	0.6936323529411752	0.6994031634286286	0.7785537945952433	0.17329910141206675	0.9041431080957788	760	439	56
22-39_en_professional	en	14.621212121212121	1.8683937823834198	12.159319359397085	10.347438687392057	0.32746113989637304	0.11295336787564766	0.6248704663212435	0.01865284974093264	0.011398963730569948	1.0	0.7350351664952761	5.181818181818182	1.752808988764045	0.004999415815544041	9.444893433395873e-05	0.004164267894837843	1.061139896373057	19.21212121212121	1.0869030172499312	5.204669260700389	2.0343511450381677	0.3917098445595855	0.688799076212469	0.647148474470952	0.8040264327315817	0.19481865284974093	0.9084595065173322	945	533	66
22-4_en_professional	en	13.934579439252337	1.97719651240778	13.175404827720218	12.47418428452334	0.36351441985244803	0.12877263581488935	0.6539235412474849	0.01341381623071764	0.0053655264922870555	0.9252336448598131	0.7091766804734746	4.168224299065421	1.9674418604651163	0.005464451123608317	8.351155034168564e-05	0.0033795848685184704	1.3769282360831656	19.233644859813083	1.1702422492358022	5.245774987928537	2.2091954022988505	0.34674714956405095	0.6824497126436795	0.72016824354746	0.8055085403605132	0.17572099262240107	0.8904981027179364	1462	878	107
22-40_en_professional	en	14.814285714285715	1.7878495660559306	11.284196308031408	9.319730635073702	0.3114754098360656	0.12729026036644167	0.6200578592092575	0.017357762777242044	0.007714561234329798	1.0	0.7446163072269099	4.771428571428571	1.7406143344709897	0.005214947412054002	9.908230236363636e-05	0.003943380630940901	1.2314368370298938	18.785714285714285	1.0618900648784493	5.285929270127916	2.022222222222222	0.3722275795564127	0.7073134328358187	0.7397760066473557	0.8072820887522405	0.17068466730954676	0.9007374607292259	1016	550	70
22-41_en_professional	en	12.08	1.9569536423841059	12.213252980132449	10.654925006622518	0.2996688741721854	0.1357615894039735	0.6142384105960265	0.008278145695364239	0.004966887417218543	0.98	0.7619975033730011	4.4	1.7471264367816093	0.005732302968708609	8.455935745341615e-05	0.006394153916419274	0.5678807947019867	15.76	1.0827885034908629	5.35785536159601	2.114864864864865	0.4519867549668874	0.7111485148514864	0.6622699781946744	0.8242222227864184	0.17880794701986755	0.9259779722363459	597	322	50
22-42_en_professional	en	12.981132075471699	1.9215116279069768	12.14647871873629	10.037756329530497	0.3241279069767442	0.11482558139534883	0.6017441860465116	0.011627906976744186	0.0029069767441860465	0.9433962264150944	0.7374701927377441	4.566037735849057	1.6822429906542056	0.005759419073546512	0.00011548042388888889	0.005975452196382429	0.815406976744186	16.754716981132077	1.0899096094483194	5.354304635761589	2.1839080459770117	0.39680232558139533	0.6796434634974532	0.6356771897087745	0.7767215527466239	0.17151162790697674	0.9092360761686253	676	360	53
22-43_en_professional	en	13.46774193548387	1.8946107784431139	12.018826540467455	10.308734595325479	0.3017964071856287	0.1317365269461078	0.6047904191616766	0.013173652694610778	0.0023952095808383233	0.967741935483871	0.7447512458672204	4.82258064516129	1.7035573122529644	0.0047997520998802395	0.00013410040755555555	0.005748502994011976	0.6107784431137725	16.919354838709676	1.0816209136537276	5.50561797752809	2.1614583333333335	0.37604790419161677	0.6814945652173913	0.5931081275276174	0.8165979312540443	0.19281437125748502	0.8950464139907874	820	450	62
22-44_en_professional	en	13.951612903225806	1.8751445086705203	11.977834234570206	10.091085399962708	0.2971098265895954	0.10982658959537572	0.5861271676300578	0.008092485549132947	0.013872832369942197	0.9838709677419355	0.7365443301991023	5.080645161290323	1.6446886446886446	0.005364984482427746	0.00012374003914027149	0.004808197582764057	0.9815028901734104	16.887096774193548	1.056493109349354	5.587735849056604	2.1494252873563218	0.3699421965317919	0.6862793733681463	0.6001331369751739	0.7945216145510084	0.19421965317919074	0.9017865696674929	856	442	62
22-45_en_professional	en	14.206349206349206	1.7955307262569833	11.137738760308597	9.309709408530638	0.30837988826815643	0.11731843575418995	0.587709497206704	0.01452513966480447	0.012290502793296089	1.0	0.7349771881216821	4.714285714285714	1.6714801444043321	0.0057484556965363125	0.00013406459697624191	0.0040265626646990614	1.329608938547486	18.53968253968254	1.0932454526916224	5.115807269653423	2.070539419087137	0.3877094972067039	0.7026130653266326	0.6933773378464846	0.7950106368967509	0.18324022346368715	0.9115282139952967	879	463	63
22-48_en_professional	en	20.22222222222222	1.8846153846153846	14.535128205128206	12.493078632478632	0.3791208791208791	0.13736263736263737	0.6538461538461539	0.0	0.005494505494505495	1.0	0.7316137192056309	6.777777777777778	1.6935483870967742	0.006810517070879121	7.146524017857143e-05	0.018315018315018316	0.16483516483516483	27.0	1.0729301033618386	5.475409836065574	2.116279069767442	0.5659340659340659	0.6760240963855418	-1	-1	0.14835164835164835	0.9260249862617286	181	112	9
22-51_en_professional	en	14.27027027027027	1.8743686868686869	12.09295591045591	10.889189946764947	0.3787878787878788	0.14267676767676768	0.6767676767676768	0.03156565656565657	0.0012626262626262627	0.9369369369369369	0.7234021115216364	4.648648648648648	1.9464285714285714	0.005965585663257575	0.00010201844121976866	0.0023649190315856985	3.0410353535353534	20.036036036036037	1.1199511324407359	5.154153709462461	1.9810964083175804	0.3434343434343434	0.699232323232327	0.6078405512060534	0.6721967456426373	0.13131313131313133	0.8889262941109537	1527	951	111
22-53_en_professional	en	15.818181818181818	2.078544061302682	15.105910832462556	13.068880459770115	0.43486590038314177	0.12452107279693486	0.7068965517241379	0.005747126436781609	0.0019157088122605363	0.8181818181818182	0.7071469782644667	5.382352941176471	1.8823529411764706	0.004079436431226054	6.500755946745562e-05	0.006411760106341387	0.9501915708812261	28.08823529411765	1.2826499732786785	4.466804979253112	2.4594594594594597	0.4367816091954023	0.6659810874704495	0.48816136230820534	0.9804383279013409	0.1685823754789272	0.8946325078568348	509	338	34
22-54_en_professional	en	24.666666666666668	2.009009009009009	17.736306306306307	14.987735135135136	0.3108108108108108	0.20270270270270271	0.6531531531531531	0.009009009009009009	0.0045045045045045045	1.0	0.6614850427350427	6.777777777777778	2.1587301587301586	0.006485755162612613	8.425112384615385e-05	0.01282051282051282	0.23873873873873874	31.666666666666668	1.0714421787103496	5.5524475524475525	2.021276595744681	0.5495495495495496	0.7024390243902427	-1	-1	0.13513513513513514	0.9127107988058517	220	130	9
22-56_en_professional	en	21.66355140186916	1.823986194995686	14.381822147678069	10.933759254271731	0.36022433132010356	0.10440034512510785	0.6272648835202761	0.020276100086281276	0.012942191544434857	0.9626168224299065	0.7158897582042423	6.414414414414415	1.9142441860465116	0.005659112861363245	9.975371469013007e-05	0.0026192530506594356	1.7808455565142365	27.90990990990991	1.1243502048356608	5.139407598197038	1.9640062597809076	0.27825711820534943	0.6763271744028957	0.797194264007024	0.8781515518722741	0.15703192407247626	0.871822034651582	2254	1307	111
22-57_en_professional	en	11.321428571428571	1.7334384858044165	9.27993127534926	10.888810365029293	0.3280757097791798	0.14037854889589904	0.7271293375394322	0.11829652996845426	0.011041009463722398	0.8214285714285714	0.7086046194024251	3.96875	1.7960199004975124	0.004443042762466625	6.423321061452513e-05	0.00879775674728356	0.637223974763407	17.046875	1.187804460746578	4.22971741112124	1.9534412955465588	0.4069400630914827	0.6608785046728973	0.9507276886566156	0.9560421443817454	0.12460567823343849	0.891372776444191	550	358	64
22-58_en_professional	en	15.55	1.9228295819935692	13.16388906752412	11.701599871382637	0.34565916398713825	0.14790996784565916	0.6430868167202572	0.001607717041800643	0.00482315112540193	1.0	0.7466912169585118	4.9	2.0402298850574714	0.005860062627170418	7.420661564986738e-05	0.005584701303096971	0.909967845659164	20.225	1.077079542588891	5.415744157441575	2.143835616438356	0.45819935691318325	0.7404971319311658	0.6098758241186487	0.8130613622759143	0.18167202572347266	0.9174296642420243	617	377	40
22-62_en_professional	en	14.636363636363637	2.1614906832298137	15.62377188029362	14.85269689440994	0.37267080745341613	0.15527950310559005	0.7018633540372671	0.012422360248447204	0.006211180124223602	1.0	0.7441849816849817	5.2727272727272725	2.0980392156862746	0.004017279070807453	6.763743238095239e-05	0.018633540372670808	0.14906832298136646	18.454545454545453	1.0594175314939933	5.879227053140097	2.1176470588235294	0.5714285714285714	0.6430645161290321	-1	-1	0.16770186335403728	0.900234300854028	160	105	11
22-65_en_professional	en	13.5625	1.8894009216589862	11.994305875576039	11.158848156682028	0.2995391705069124	0.18663594470046083	0.6290322580645161	0.0069124423963133645	0.004608294930875576	0.8125	0.5816641053726258	4.3125	1.9534883720930232	0.005732556672811059	6.77802304526749e-05	0.008367693427116178	0.2304147465437788	18.53125	1.203615304992573	5.1907131011608625	2.2718446601941746	0.5046082949308756	0.6891343283582068	-1	0.9291646417212945	0.16359447004608296	0.9261859507142914	429	243	32
22-66_en_professional	en	16.833333333333332	1.8836633663366336	13.202227722772275	10.201352640264025	0.3292079207920792	0.1188118811881188	0.6336633663366337	0.018564356435643563	0.008663366336633664	0.9791666666666666	0.750026216441664	4.666666666666667	1.922077922077922	0.005401087546410891	9.171639010989011e-05	0.003805231269395596	1.7079207920792079	22.895833333333332	1.121462045557519	5.131221719457014	2.045	0.3849009900990099	0.7108462623413262	0.6798186010987661	0.7067896130708129	0.19306930693069307	0.8906492741164915	789	455	48
22-67_en_professional	en	19.533333333333335	1.7474402730375427	12.647795221843008	10.265205415244598	0.3378839590443686	0.17064846416382254	0.6382252559726962	0.010238907849829351	0.006825938566552901	1.0	0.7611416189174844	5.666666666666667	2.0555555555555554	0.005067855708532423	0.00010058869036144578	0.008532423208191127	0.4812286689419795	26.0	1.1637829365860057	5.069053708439898	2.0350877192982457	0.5358361774744027	0.7325257731958762	-1	-1	0.13651877133105803	0.9195014856057739	287	166	15
22-68_en_professional	en	18.555555555555557	1.7744510978043913	12.585189620758488	10.560283300066533	0.3403193612774451	0.1347305389221557	0.625748502994012	0.028942115768463075	0.005988023952095809	1.0	0.7173431167826559	5.277777777777778	1.9	0.006193886641816367	0.0001086551722826087	0.0036882756226677077	1.5678642714570858	24.61111111111111	1.1086935972852605	5.056928838951311	1.9434628975265018	0.37924151696606784	0.6870431893687694	0.6857919996672297	0.7687772043056338	0.1596806387225549	0.8980498574527953	971	552	54
22-69_en_professional	en	12.391304347826088	1.8140350877192983	10.6482227307399	9.664405034324943	0.2894736842105263	0.14385964912280702	0.6210526315789474	0.01929824561403509	0.007017543859649123	0.9565217391304348	0.7453537501463401	4.195652173913044	1.9245283018867925	0.0055463375028070175	0.00010416113566878981	0.005363408521303258	0.7508771929824561	17.043478260869566	1.148745527048644	4.874378109452737	2.0641025641025643	0.44035087719298244	0.7039915074309977	0.7202633259397666	0.8602313443269635	0.19824561403508772	0.9060932459495912	557	314	46
22-7_en_professional	en	14.194444444444445	1.8356164383561644	11.606107305936074	10.446862970210917	0.3698630136986301	0.11545988258317025	0.6340508806262231	0.011741682974559686	0.0019569471624266144	0.9722222222222222	0.7336857159231109	4.75	1.7423312883435582	0.0061756867311154595	8.578939054054054e-05	0.007893020221787344	0.6594911937377691	19.38888888888889	1.109790634202143	4.910764872521247	2.2091503267973858	0.4598825831702544	0.6759223300970875	-1	0.7884602774419742	0.14677103718199608	0.9086392584758667	498	296	36
22-70_en_professional	en	20.1	1.8474295190713101	14.048668325041465	11.162701757877281	0.2885572139303483	0.15257048092868988	0.6053067993366501	0.01658374792703151	0.01658374792703151	1.0	0.733425470595242	5.4	1.9461077844311376	0.005772783625207297	8.083790332326284e-05	0.006063432835820896	0.615257048092869	25.966666666666665	1.1063758184093397	5.227912932138285	2.0	0.4046434494195688	0.6866269841269836	0.626553966801883	0.7634661219526833	0.18407960199004975	0.8921137759857314	592	331	30
22-71_en_professional	en	16.78723404255319	1.7287705956907478	11.356514305746568	9.175868624437072	0.3155893536121673	0.13307984790874525	0.6299112801013942	0.012674271229404309	0.015209125475285171	0.9574468085106383	0.7417260225307546	5.0	1.7702127659574467	0.004755137855259823	9.346940270270271e-05	0.004568018588931136	1.1343472750316856	22.148936170212767	1.1377259661025565	5.07163323782235	2.023696682464455	0.3865652724968314	0.7134927536231892	0.7792670420764072	0.8571774203556163	0.1761723700887199	0.8899452341385717	775	444	47
22-72_en_professional	en	17.595744680851062	1.8041112454655381	12.560853122025268	10.312208026962361	0.33373639661426846	0.13180169286577992	0.6432889963724304	0.019347037484885126	0.012091898428053204	0.9787234042553191	0.7243928275804307	5.25531914893617	1.8273092369477912	0.005759199688149939	0.00010220918088235294	0.00418897909828986	1.2551390568319225	24.0	1.1993436639667645	5.097173144876325	2.0257731958762886	0.37605804111245467	0.7007280219780219	0.6934958157278077	0.718320090193061	0.17654171704957677	0.886206244930455	809	476	47
22-75_en_professional	en	15.491803278688524	1.7142857142857142	10.680374707259954	8.968774481741695	0.34814814814814815	0.09417989417989418	0.6423280423280423	0.009523809523809525	0.006349206349206349	0.8852459016393442	0.6899142139483636	4.754098360655738	1.6394557823129252	0.004971390534814815	7.468065328330207e-05	0.004027481639421938	1.5925925925925926	23.18032786885246	1.2754753574595654	4.536089698668535	2.1814946619217084	0.35343915343915344	0.6486406619385333	0.6493699577696059	0.7723282532972918	0.19682539682539682	0.8813204757778905	925	533	61
22-76_en_professional	en	16.796296296296298	1.7640573318632855	11.776432071542327	9.507078337212626	0.360529217199559	0.08710033076074973	0.639470782800441	0.008820286659316428	0.005512679162072767	0.9814814814814815	0.7152351521277125	5.148148148148148	1.7633587786259541	0.005360883197243661	8.336025968688845e-05	0.004672651861185488	1.3395810363836824	23.09259259259259	1.1544765851799141	4.827229299363057	2.1365461847389557	0.3230429988974642	0.6458539603960407	0.6541509166939911	0.7795709257733991	0.20176405733186328	0.8655937759040716	891	511	54
22-77_en_professional	en	16.88235294117647	1.9076655052264808	13.5045706087313	12.410116171346585	0.43205574912891986	0.09233449477351917	0.710801393728223	0.0017421602787456446	0.005226480836236934	1.0	0.7327828504411673	5.114285714285714	2.089171974522293	0.004474498469860627	5.978840953678474e-05	0.006904116660214221	1.8937282229965158	24.285714285714285	1.1650008189623777	4.844367015098722	2.1814159292035398	0.3327526132404181	0.6430947368421056	0.3049549630595116	0.7631317897356021	0.17247386759581881	0.8380112883359485	564	367	35
23-10_en_professional	en	11.448275862068966	1.7981927710843373	10.093502285002078	8.550025218113834	0.3614457831325301	0.15060240963855423	0.6445783132530121	0.02108433734939759	0.0030120481927710845	0.8620689655172413	0.6821658244637568	3.586206896551724	1.9134615384615385	0.005943489390060241	7.360546954314721e-05	0.010327022375215147	0.44879518072289154	16.82758620689655	1.2701834308625157	4.63	2.2	0.5	0.6693133047210307	-1	-1	0.14759036144578314	0.9029908497594981	322	197	29
23-100_en_professional	en	4.617647058823529	2.0191082802547773	10.036360059947551	8.42885402772574	0.7133757961783439	0.12738853503184713	0.8726114649681529	0.0	0.0	0.6176470588235294	0.6955747955747956	2.9722222222222223	2.05	0.003023780423566879	4.717674230769231e-05	0.04421131509928813	0.6050955414012739	9.083333333333334	1.3386456136456135	3.8211143695014664	2.4204545454545454	0.4585987261146497	0.4958620689655172	-1	-1	0.05732484076433121	0.8478901232345275	156	130	36
23-102_en_professional	en	10.584905660377359	1.8912655971479502	10.855047253892984	9.792211556183366	0.3600713012477718	0.14795008912655971	0.6844919786096256	0.012477718360071301	0.008912655971479501	0.8679245283018868	0.7609028650106671	3.3962264150943398	2.0259740259740258	0.005165163558645276	4.292975977011494e-05	0.007079195314489432	0.8787878787878788	16.245283018867923	1.3117006752344773	4.489241223103058	2.174825174825175	0.42602495543672014	0.7025541125541124	0.7086448433663947	0.8316150183121803	0.17290552584670232	0.8938700660022579	554	348	53
23-104_en_professional	en	11.347826086956522	1.7662835249042146	9.677797767782778	8.245709012160589	0.4444444444444444	0.13984674329501914	0.7049808429118773	0.013409961685823755	0.0038314176245210726	0.8913043478260869	0.723460309995398	3.739130434782609	2.1636363636363636	0.005179548277394636	4.834476144578313e-05	0.008750129439784612	1.1130268199233717	16.58695652173913	1.1873862343998696	4.610824742268041	2.1666666666666665	0.4118773946360153	0.6527186761229314	0.6113171133602798	0.8319733010353383	0.12452107279693486	0.8774559468610419	513	332	46
23-11_en_professional	en	5.378378378378378	1.914572864321608	9.09952736656254	8.744591498030694	0.4849246231155779	0.12814070351758794	0.7236180904522613	0.01507537688442211	0.005025125628140704	0.4189189189189189	0.6489143481814585	2.054054054054054	1.8108108108108107	0.005315804301256281	4.392787794676806e-05	0.00893355667225014	0.5753768844221105	8.72972972972973	1.4603210473391435	4.184022824536377	2.5072463768115942	0.5477386934673367	0.7141806020066883	-1	0.8805010342990346	0.10301507537688442	0.9289315590852097	392	263	74
23-12_en_professional	en	14.793103448275861	1.7342657342657342	10.643646009163252	8.653418551563378	0.36363636363636365	0.13986013986013987	0.6456876456876457	0.04195804195804196	0.0	0.8275862068965517	0.7158725562919193	4.517241379310345	1.9772727272727273	0.006402372488251748	5.098135991902834e-05	0.007293781487329874	0.5454545454545454	22.896551724137932	1.182109134179275	4.228826151560178	1.8467153284671534	0.4755244755244755	0.6191515151515147	-1	0.7402947042349965	0.14685314685314685	0.915423783687406	413	247	29
23-13_en_professional	en	12.6	1.8888888888888888	11.612888888888893	9.78842634920635	0.3412698412698413	0.11904761904761904	0.6388888888888888	0.011904761904761904	0.011904761904761904	1.0	0.7178118843073913	4.6	1.8133333333333332	0.005906601323015873	3.64739125e-05	0.012755102040816327	0.2896825396825397	16.95	1.1147050819762492	5.176811594202898	2.4038461538461537	0.5515873015873016	0.7067320261437903	-1	-1	0.1865079365079365	0.9286305618834813	248	144	20
23-2_en_professional	en	7.3	2.0821917808219177	11.826863013698631	13.975423013698629	0.3698630136986301	0.273972602739726	0.7534246575342466	0.0136986301369863	0.0	0.9	0.716824670371581	2.8	1.9090909090909092	0.004099455476712329	3.228991176470588e-05	0.030821917808219176	0.0136986301369863	13.3	1.9867142857142859	4.335766423357664	2.2162162162162162	0.8082191780821918	0.8082191780821918	-1	-1	0.1232876712328767	0.9624510309975854	70	51	10
23-20_en_professional	en	9.318181818181818	2.131707317073171	13.198237250554325	11.502268292682928	0.3902439024390244	0.13170731707317074	0.6585365853658537	0.004878048780487805	0.014634146341463415	0.8636363636363636	0.8380558733942194	3.6818181818181817	1.7285714285714286	0.0053745474741463415	5.2666465040650404e-05	0.015964523281596452	0.2146341463414634	14.909090909090908	1.3843760773838683	4.542772861356932	2.4423076923076925	0.6097560975609756	0.750849056603774	-1	-1	0.17073170731707318	0.9350867169722185	202	123	22
23-21_en_professional	en	12.533333333333333	1.8067375886524824	10.617503546099297	9.556849929078014	0.40425531914893614	0.12056737588652482	0.6826241134751773	0.008865248226950355	0.0035460992907801418	0.9111111111111111	0.7419028871361529	4.222222222222222	1.8248587570621468	0.006498205944680851	5.199625536231884e-05	0.005813953488372093	1.1329787234042554	17.42222222222222	1.1868116374563518	4.8475	2.2313432835820897	0.49113475177304966	0.7116989247311821	0.7763125943350906	0.8902560092995915	0.16489361702127658	0.9268519267893081	557	345	45
23-24_en_professional	en	9.133333333333333	2.0364963503649633	12.002656934306572	11.253954647201947	0.4233576642335766	0.13503649635036497	0.6459854014598541	0.0036496350364963502	0.0	0.8	0.7152942660575095	3.6666666666666665	1.8229166666666667	0.008130837349270073	3.571431588235294e-05	0.012666380420781451	0.42700729927007297	17.133333333333333	1.6662450217022662	4.066037735849057	2.259259259259259	0.5145985401459854	0.6609142857142859	-1	-1	0.12043795620437957	0.9272509412446692	272	170	30
23-25_en_professional	en	23.11111111111111	1.7836538461538463	14.470448717948724	9.781389316239316	0.3173076923076923	0.125	0.6009615384615384	0.02403846153846154	0.014423076923076924	1.0	0.7411519389872531	6.777777777777778	1.9649122807017543	0.006722631203846154	3.403158811881188e-05	0.015384615384615385	0.04326923076923077	32.0	1.2577218261041792	4.750865051903114	1.95	0.5817307692307693	0.6743119266055043	-1	-1	0.17307692307692307	0.9412116988066711	203	101	9
23-26_en_professional	en	7.589285714285714	1.8705882352941177	9.442762605042017	9.596775630252102	0.4423529411764706	0.11529411764705882	0.6611764705882353	0.01647058823529412	0.002352941176470588	0.875	0.7211228106415273	3.2857142857142856	1.821917808219178	0.005692113423531824	3.756750965250965e-05	0.007450980392156862	0.6705882352941176	12.839285714285714	1.59640225845583	4.126835781041389	2.205298013245033	0.5364705882352941	0.7103680981595089	-1	0.8864659963164618	0.12470588235294118	0.9355151848401592	414	259	56
23-27_en_professional	en	7.62962962962963	2.1019417475728157	12.188468176914782	11.385965336209997	0.38349514563106796	0.16019417475728157	0.6456310679611651	0.009708737864077669	0.0048543689320388345	0.7777777777777778	0.7318351969667758	3.0	1.835820895522388	0.006331657432524272	3.5857163414634146e-05	0.015372168284789642	0.21359223300970873	12.148148148148149	1.4739298422731215	4.478260869565218	2.3043478260869565	0.5776699029126213	0.6757009345794387	-1	-1	0.1553398058252427	0.9327648398841865	205	123	27
23-28_en_professional	en	7.829787234042553	1.8641304347826086	9.460356151711377	9.110363251618871	0.4701086956521739	0.08967391304347826	0.717391304347826	0.051630434782608696	0.008152173913043478	0.8085106382978723	0.7588434225311856	2.7872340425531914	2.0252100840336134	0.004474627432280405	3.674024849785408e-05	0.010076992753623188	0.5516304347826086	14.617021276595745	1.6915424083936357	3.8926553672316384	2.090909090909091	0.5760869565217391	0.7540892193308558	-1	0.9591551531636404	0.13858695652173914	0.9287395559859535	345	233	47
23-29_en_professional	en	16.445	1.383399209486166	7.147660671936762	6.169739299483125	0.42474916387959866	0.07023411371237458	0.740650653694132	0.13986013986013987	0.015506232897537246	0.795	0.69200548785118	4.00418410041841	1.8736263736263736	0.003951430366030356	0.00013582633825253064	0.0025673160349724508	2.197932502280328	26.284518828451883	1.3161738162011216	3.3502304147465436	1.7703386531724405	0.1723928245667376	0.5290282131661441	0.6334493323305608	0.6730841561558858	0.09394952873213742	0.7856230029201748	2796	1877	239
23-3_en_professional	en	18.555555555555557	2.0479041916167664	15.811936127744513	12.572638589487692	0.3532934131736527	0.16167664670658682	0.6526946107784432	0.029940119760479042	0.0	1.0	0.6870038872455149	5.111111111111111	1.9433962264150944	0.007689605192215569	7.5670671e-05	0.014970059880239521	0.15568862275449102	23.0	1.0542087542087542	5.796208530805687	1.7692307692307692	0.5988023952095808	0.6849999999999998	-1	-1	0.10778443113772455	0.9346158598654881	162	100	9
23-30_en_professional	en	17.86842105263158	1.4359351988217968	8.322719556623518	6.766907805596467	0.4050073637702504	0.08100147275405008	0.7430044182621502	0.15316642120765833	0.0066273932253313695	0.8421052631578947	0.742090382859449	3.63	1.9352331606217616	0.0036430662296720916	7.86423994623656e-05	0.004776317033954413	1.9300441826215022	26.94	1.3427094917223834	3.284339133654202	1.691029900332226	0.24742268041237114	0.560206513105639	0.6202710641263022	0.6412966698128862	0.1053019145802651	0.8122511641767562	1135	744	100
23-32_en_professional	en	12.008264462809917	1.7900894700619407	10.216278887226771	9.551081887004944	0.4507914659325533	0.10048176187198898	0.6944253269098417	0.028217481073640742	0.0055058499655884375	0.7520661157024794	0.7178232532107791	4.090909090909091	1.8837719298245614	0.004781286620068823	5.7790682076502735e-05	0.002926296212626679	3.920853406744666	19.71900826446281	1.2769881025467666	4.234104046242774	2.004149377593361	0.32071576049552647	0.6823116691285083	0.5995364997160113	0.6638803678786436	0.1293874741913283	0.871130283290582	1400	915	121
23-33_en_professional	en	14.376404494382022	1.776084407971864	10.974593766876989	9.304979458268022	0.388042203985932	0.11527940601797577	0.6737006643220008	0.035169988276670575	0.005080109417741305	0.7808988764044944	0.7071658624087289	4.538888888888889	1.9027595269382391	0.0048976406106682295	8.20375785199738e-05	0.0017762620341752818	3.6381398983978115	20.961111111111112	1.2216317523247044	4.652879581151833	1.9887766554433222	0.2946463462289957	0.6853699186991996	0.7401453173526977	0.8216811212948997	0.15748339194998046	0.8761688890979543	2442	1527	180
23-34_en_professional	en	15.984375	1.9853372434017595	14.070885722140765	10.710911058162267	0.3704789833822092	0.15053763440860216	0.6735092864125122	0.013685239491691105	0.010752688172043012	0.890625	0.7187725680765229	4.640625	1.9333333333333333	0.004548311085239491	8.281995175159235e-05	0.004503560955173858	1.241446725317693	21.984375	1.2218517285989317	5.20281690140845	2.0889830508474576	0.375366568914956	0.7317748917748933	0.6743319087459696	0.750090706616618	0.16324535679374388	0.8863626566266838	1003	628	64
23-36_en_professional	en	12.901960784313726	1.7545592705167172	10.145564097979616	10.215992037666132	0.42933130699088146	0.09878419452887538	0.6831306990881459	0.029635258358662615	0.0121580547112462	0.8725490196078431	0.752027508649872	4.235294117647059	1.9057071960297767	0.004847304492784072	9.532441739130435e-05	0.0038402457757296467	2.371580547112462	21.705882352941178	1.4553308535410312	4.137254901960785	2.1354515050167224	0.30623100303951367	0.6518488085456036	0.6637931828837133	0.6958579958928506	0.15577507598784193	0.861539697559179	1224	759	102
23-37_en_professional	en	11.333333333333334	1.9264705882352942	11.562352941176474	11.375080392156862	0.39705882352941174	0.19117647058823528	0.75	0.0	0.0	1.0	0.7856209150326797	5.0	2.0	0.0032256155294117647	5.7217120000000006e-05	0.03676470588235294	0.058823529411764705	19.666666666666668	1.5105542605542606	4.322033898305085	2.0	0.7647058823529411	0.7647058823529411	-1	-1	0.16176470588235295	0.9298478446264339	67	50	6
23-38_en_professional	en	13.724137931034482	1.8146984924623115	11.175856004158724	9.194895711315196	0.375	0.15263819095477388	0.6777638190954773	0.015389447236180905	0.005025125628140704	0.8448275862068966	0.6969062297010036	4.296137339055794	1.9819724284199365	0.0050814391837625626	7.442274989754098e-05	0.0014777010050251256	3.8442211055276383	20.339055793991417	1.2793029519183994	4.595926002909998	2.1571254567600486	0.27983668341708545	0.7198897893030916	0.60821924650471	0.6826956677725013	0.1551507537688442	0.8737513756334278	3114	1952	233
23-39_en_professional	en	16.164383561643834	1.759322033898305	11.474109589041095	9.840430694218716	0.3516949152542373	0.15	0.6533898305084745	0.017796610169491526	0.011016949152542373	0.9315068493150684	0.7200315546687344	4.805194805194805	1.7808219178082192	0.004825407977711865	5.394579774774775e-05	0.0031803466006474954	2.016101694915254	23.48051948051948	1.2255635990893683	4.536167863059084	2.06140350877193	0.3398305084745763	0.6852358926919547	0.6276421663657561	0.7359023287096654	0.16271186440677965	0.8808787237303917	1145	666	77
23-40_en_professional	en	11.69767441860465	1.765407554671968	9.80390216838504	9.103465476906006	0.4463220675944334	0.10834990059642147	0.6918489065606361	0.016898608349900597	0.005964214711729622	0.8023255813953488	0.7320777541819968	4.162790697674419	1.8173652694610778	0.0041154631779324055	4.8306112561174555e-05	0.003997752614746304	3.010934393638171	19.91860465116279	1.506103669477597	4.141449275362318	2.0555555555555554	0.34493041749502984	0.6756560088202868	0.5923130792884487	0.729137482430208	0.1550695825049702	0.8756748676362592	967	613	86
23-41_en_professional	en	18.791666666666668	2.0192165558019215	15.565505358462676	13.35038869179601	0.3924611973392461	0.1278640059127864	0.6548410938654841	0.016260162601626018	0.008130081300813009	0.9166666666666666	0.6988996255322728	5.694444444444445	1.9672897196261683	0.005648354292091648	5.1970658333333335e-05	0.0028011204481792717	2.9556541019955653	28.680555555555557	1.361222149050211	4.802688430148824	2.040372670807453	0.30598669623059865	0.6366028708134001	0.6563427250136944	0.7413670635754988	0.14486326681448633	0.8658675704639629	1328	816	72
23-42_en_professional	en	16.194444444444443	1.902229845626072	13.172145511720984	11.766021574232896	0.3653516295025729	0.1423670668953688	0.6586620926243568	0.008576329331046312	0.0017152658662092624	0.9722222222222222	0.7456009097795538	4.861111111111111	1.9230769230769231	0.006443005582361921	6.878348543417366e-05	0.007051648561082522	0.4562607204116638	22.97222222222222	1.1546832481198708	4.996415770609319	2.2094594594594597	0.4974271012006861	0.6786776859504131	0.8087095192371101	0.9043685717561653	0.14751286449399656	0.9288586144120834	574	357	36
23-46_en_professional	en	13.884057971014492	1.8799582463465554	12.008289915585006	10.715193198390365	0.3977035490605428	0.12317327766179541	0.6649269311064718	0.005219206680584551	0.0041753653444676405	0.8695652173913043	0.7227806071992261	4.217391304347826	1.9087837837837838	0.004965340235803758	4.92033826306914e-05	0.003822899438765827	1.546972860125261	19.666666666666668	1.176802975031542	4.93864134404675	2.241706161137441	0.40083507306889354	0.6832130384167627	0.6981388802014591	0.8329375243261409	0.19206680584551147	0.9058181820177026	949	593	69
23-47_en_professional	en	13.19078947368421	1.8423940149625935	11.294657271295446	10.430689526184539	0.39600997506234414	0.12917705735660848	0.658852867830424	0.010972568578553617	0.004488778054862843	0.6907894736842105	0.6249036741788303	4.421052631578948	1.8221528861154446	0.005282433212119701	4.2247519851116626e-05	0.0020797679005101627	3.486783042394015	21.157894736842106	1.470076161016862	4.406144393241167	2.125	0.3082294264339152	0.6871773347324294	0.6636265959299085	0.7617588535996079	0.13615960099750624	0.8803099500987895	1974	1209	152
23-48_en_professional	en	15.095890410958905	1.896551724137931	12.676707605101559	10.606002023717775	0.3584392014519056	0.15335753176043557	0.6742286751361162	0.006352087114337568	0.006352087114337568	0.9315068493150684	0.7233450378472637	4.904109589041096	1.8106508875739644	0.004664547351633393	5.182857569141194e-05	0.0037358285997124473	2.1388384754990923	22.73972602739726	1.256568130331023	4.743559017375674	2.0964285714285715	0.34210526315789475	0.6902592223329977	0.6720831226563825	0.7150151202226641	0.19237749546279492	0.8766923876516552	1091	687	73
23-49_en_professional	en	11.589928057553957	1.919925512104283	11.585192985276585	10.687252482706572	0.3919925512104283	0.13687150837988826	0.6893234016139044	0.01520794537554314	0.002482929857231533	0.6690647482014388	0.6854950168331708	3.8309352517985613	1.8145631067961165	0.004910403784403656	5.544492014888338e-05	0.0013939255338843695	4.723774053382992	18.442446043165468	1.4293566301475076	4.604437643458302	2.1517241379310343	0.28957169459962756	0.7173807236631529	0.6054104131952077	0.6745324165999346	0.15859714463066418	0.8789142319931293	3133	2015	278
23-5_en_professional	en	12.913793103448276	1.7349799732977302	9.919142995258046	8.025147488605498	0.38584779706275035	0.09813084112149532	0.6488651535380507	0.03271028037383177	0.008678237650200267	0.9051724137931034	0.7592749467195282	4.189655172413793	1.9550561797752808	0.007128529673811489	5.517512214532872e-05	0.0026702269692923898	2.1068090787716955	19.74137931034483	1.3861333658201564	4.312767780634105	2.0519713261648747	0.37449933244325767	0.6824088634739107	0.6504327945306208	0.7498092108761477	0.15287049399198932	0.9010775227393009	1441	867	116
23-50_en_professional	en	12.2	1.9569672131147542	12.260213114754102	10.84783180327869	0.3668032786885246	0.19672131147540983	0.6659836065573771	0.01639344262295082	0.0020491803278688526	0.975	0.7321167598849991	4.2	2.0933333333333333	0.007216136915778689	5.3810314238410596e-05	0.007001366120218579	0.8729508196721312	19.8	1.4249598138848458	4.43984962406015	2.045045045045045	0.39959016393442626	0.643907455012853	-1	0.7241960394681602	0.13319672131147542	0.8831957928144138	479	302	40
23-51_en_professional	en	14.41025641025641	1.9439501779359432	12.968612099644133	11.061432238342913	0.3683274021352313	0.18505338078291814	0.702846975088968	0.018683274021352312	0.0	0.9743589743589743	0.7192785388636561	4.602564102564102	2.0332326283987916	0.005383538513292616	7.247605365517242e-05	0.0033214709371293	1.8149466192170818	22.0	1.2667210958631683	4.762652705061082	2.0033112582781456	0.40213523131672596	0.7480975609756095	0.7145699957339658	0.7768834891973541	0.1298932384341637	0.9007122040427455	1100	725	78
23-52_en_professional	en	12.615384615384615	1.9298780487804879	12.102560975609759	11.81380450281426	0.32621951219512196	0.19817073170731708	0.676829268292683	0.01524390243902439	0.006097560975609756	1.0	0.7650904761904763	3.8461538461538463	2.2637362637362637	0.005769460596341463	6.606225427135678e-05	0.008414634146341462	0.524390243902439	19.653846153846153	1.325708765407762	4.696498054474708	2.1149425287356323	0.5457317073170732	0.7205240174672478	-1	-1	0.14939024390243902	0.9210120113297834	320	199	26
23-53_en_professional	en	12.512195121951219	1.9844054580896686	12.705740503019065	11.203159882090048	0.37037037037037035	0.1949317738791423	0.6900584795321637	0.015594541910331383	0.003898635477582846	0.975609756097561	0.7193160030354124	4.2682926829268295	2.033557046979866	0.004796190064132553	5.8780595222929935e-05	0.007407407407407407	0.9688109161793372	20.682926829268293	1.31089375826074	4.564193168433451	2.1052631578947367	0.40350877192982454	0.6947584541062817	0.5272254582916276	0.8283537327083877	0.12280701754385964	0.8760842431121315	503	314	41
23-54_en_professional	en	14.49056603773585	1.9713541666666667	13.32329992138365	11.661429412342766	0.3723958333333333	0.17838541666666666	0.6940104166666666	0.018229166666666668	0.00390625	1.0	0.7293788682981825	4.867924528301887	2.022421524663677	0.005289723234635416	4.945299897959183e-05	0.00474537037037037	1.0364583333333333	21.943396226415093	1.2889995009897453	4.808747855917667	2.043269230769231	0.4700520833333333	0.7460837070254105	0.6746148037524565	0.7896685730793714	0.15234375	0.9186288424867325	753	490	53
23-55_en_professional	en	11.55	2.0043290043290045	12.565582251082255	11.111809350649352	0.38095238095238093	0.18614718614718614	0.7012987012987013	0.004329004329004329	0.004329004329004329	0.975	0.7375684764220194	4.15	2.057142857142857	0.005649878282034632	7.784200433333334e-05	0.007720057720057721	0.8116883116883117	16.85	1.2226900993528316	4.992668621700879	2.240740740740741	0.4935064935064935	0.7363636363636362	-1	0.8307724883634261	0.14935064935064934	0.9084819719749955	457	300	40
23-56_en_professional	en	14.85	1.97979797979798	13.563116161616165	11.53738127946128	0.36363636363636365	0.1936026936026936	0.7188552188552189	0.018518518518518517	0.0016835016835016834	0.975	0.7359598865933707	4.8	2.115606936416185	0.005068241417508417	4.250802770780857e-05	0.006006006006006006	0.9764309764309764	21.8	1.230843581021306	4.942857142857143	2.0596026490066226	0.44276094276094274	0.7122222222222224	0.6224458664380422	0.6944639498569108	0.16498316498316498	0.8975092274062287	581	397	40
23-57_en_professional	en	15.31578947368421	1.859106529209622	12.320614939410383	10.933234135166094	0.3424971363115693	0.18098510882016036	0.6712485681557846	0.024054982817869417	0.006872852233676976	0.9122807017543859	0.7099940101513538	4.4035087719298245	2.0368852459016393	0.005163679358648339	6.476574078947368e-05	0.004163712067492136	1.4982817869415808	23.68421052631579	1.3514854696563954	4.669123065585851	1.9918032786885247	0.3734249713631157	0.7031653746769988	0.4824099712389849	0.6148603702498413	0.13745704467353953	0.8809531873047969	850	532	57
23-58_en_professional	en	13.854545454545455	1.795275590551181	10.997524695776665	9.67915716535433	0.3228346456692913	0.19816272965879264	0.6889763779527559	0.026246719160104987	0.009186351706036745	0.9454545454545454	0.7168376736738923	4.545454545454546	2.123809523809524	0.0048909146841744095	6.0394130703624733e-05	0.004228638086905804	0.8937007874015748	21.618181818181817	1.3318014052895895	4.598656591099916	1.9672897196261683	0.45013123359580054	0.7248265460030159	0.6146311286009538	0.7295471963178048	0.14566929133858267	0.9102233016444026	740	469	55
23-59_en_professional	en	13.854545454545455	1.795275590551181	10.997524695776665	9.67915716535433	0.3228346456692913	0.19816272965879264	0.6889763779527559	0.026246719160104987	0.009186351706036745	0.9454545454545454	0.7168376736738923	4.545454545454546	2.123809523809524	0.0048909146841744095	6.0394130703624733e-05	0.004228638086905804	0.8937007874015748	21.545454545454547	1.3289604961986803	4.604377104377105	1.9672897196261683	0.45013123359580054	0.7248265460030159	0.6146311286009538	0.7295471963178048	0.14566929133858267	0.9102233016444026	740	469	55
23-6_en_professional	en	15.454545454545455	1.5770053475935828	9.045935828877006	6.5298342245989325	0.3572192513368984	0.08609625668449197	0.5871657754010695	0.016042780748663103	0.004812834224598931	0.8760330578512396	0.7056274856653187	4.694214876033058	2.0933333333333333	0.009262970022567872	6.408626961770624e-05	0.0026687038451744336	1.8866310160427808	21.09917355371901	1.2907258803992567	4.504651162790697	2.1294416243654823	0.30106951871657756	0.6411857707509894	0.6710458684132524	0.7394079850471503	0.14705882352941177	0.8822481489985008	1836	994	121
23-60_en_professional	en	13.394736842105264	2.165029469548134	15.181295109089032	14.867507662082515	0.5383104125736738	0.1944990176817289	0.8212180746561886	0.011787819253438114	0.003929273084479371	0.8421052631578947	0.6893693832979547	3.5106382978723403	2.197530864197531	0.003241351457251277	3.836773401015228e-05	0.007818451545647729	1.2848722986247545	22.361702127659573	1.4761308762221284	4.297169811320755	2.3408239700374533	0.5245579567779961	0.7178048780487791	-1	0.8780062104540591	0.08447937131630648	0.9024951225606619	486	394	47
23-61_en_professional	en	12.237410071942445	2.1069958847736627	14.045141368386776	13.380318949919431	0.43033509700176364	0.1934156378600823	0.7666078777189889	0.018224573780129337	0.005291005291005291	0.7841726618705036	0.7099530624604357	3.8675496688741724	1.939622641509434	0.0039009948109347443	6.178024567062819e-05	0.003254222851773158	3.4397413286302174	20.695364238410598	1.368935632543641	4.5	2.3740740740740742	0.3462669018224574	0.71339575530587	0.7898130333836589	0.899194313492243	0.12874779541446207	0.873923854757552	1633	1178	151
23-62_en_professional	en	18.925	2.1347424042272127	16.980710369881113	15.473526842800531	0.6420079260237781	0.10039630118890357	0.8282694848084544	0.011889035667107	0.001321003963011889	0.775	0.7269708850723001	6.3061224489795915	1.6646341463414633	0.0026171810083223247	3.568850759075907e-05	0.0052001425845547376	4.586525759577278	39.36734693877551	1.3748125695602416	3.7219638242894058	2.1215469613259668	0.3513870541611625	0.5690729483282692	0.7469789147347339	0.6936422631719498	0.07661822985468957	0.8439633305473345	742	606	49
23-63_en_professional	en	12.814814814814815	1.7658959537572254	10.245350032113038	9.928012759580389	0.3815028901734104	0.1791907514450867	0.7023121387283237	0.04046242774566474	0.005780346820809248	0.9629629629629629	0.6881085038150254	5.037037037037037	1.908256880733945	0.005779641204624278	4.184086226415095e-05	0.009595375722543351	0.5491329479768786	22.555555555555557	1.4544529928932173	4.355048859934853	2.0652173913043477	0.5057803468208093	0.6591902834008094	-1	0.9371053561671864	0.10982658959537572	0.905806425047585	330	212	27
23-64_en_professional	en	9.425925925925926	1.9022593320235757	10.532771228989308	9.797778076111475	0.44646365422396855	0.12622789783889982	0.7033398821218074	0.01424361493123772	0.0054027504911591355	0.5879629629629629	0.6666026713364801	3.560185185185185	1.9765990639625586	0.004633323822244167	5.743239916413374e-05	0.0018964988586938005	4.205795677799607	15.393518518518519	1.4548457625770292	4.373286672499271	2.1522346368715084	0.3575638506876228	0.6916520392359293	0.6316477266050363	0.7606379962864754	0.137524557956778	0.89655175223787	1964	1316	216
23-65_en_professional	en	14.10344827586207	1.8378158109209455	11.596571396453367	9.77162140909985	0.3732681336593317	0.14751426242868787	0.6715566422167889	0.021189894050529748	0.0032599837000814994	0.9080459770114943	0.6998560888142288	4.7727272727272725	1.9005524861878453	0.005403221161532192	6.072928751642576e-05	0.0032880870078408225	2.1776691116544415	22.170454545454547	1.4182165766714165	4.526799387442573	2.0189701897018972	0.3569682151589242	0.6839095744680876	0.6531323321498018	0.7211231923643181	0.16136919315403422	0.8854944069954599	1196	761	88
23-66_en_professional	en	14.875	1.959033613445378	13.327846638655462	11.046658823529413	0.3855042016806723	0.17752100840336135	0.6838235294117647	0.009453781512605041	0.0021008403361344537	1.0	0.7369300343715282	4.671875	1.9824561403508771	0.005168816147058824	5.024384820846906e-05	0.0038515406162464984	2.0672268907563027	22.859375	1.2700680034639595	4.762423417290674	2.0923694779116464	0.40021008403361347	0.7167760844079739	0.7185275340238335	0.7910263255376507	0.15021008403361344	0.8975165007557331	941	614	64
23-67_en_professional	en	12.381578947368421	1.793836344314559	10.40608465238548	9.010864187035068	0.41339001062699254	0.1487778958554729	0.7013815090329437	0.02763018065887354	0.007438894792773645	0.9342105263157895	0.7627645729871628	4.092105263157895	2.1076923076923078	0.004760261207651434	4.937100583190395e-05	0.004001726886291179	1.7598299681190224	19.592105263157894	1.3250818398066482	4.44045242847638	2.0244755244755246	0.4505844845908608	0.7651306413301642	0.74933202539104	0.8323227611174541	0.14133900106269925	0.9125267243136699	910	583	76
23-68_en_professional	en	13.507246376811594	1.8025751072961373	10.948212353050945	9.09432361137028	0.4248927038626609	0.12124463519313304	0.694206008583691	0.02682403433476395	0.001072961373390558	0.9710144927536232	0.7656674762923513	4.27536231884058	1.985611510791367	0.005799565148775751	6.773620632478632e-05	0.0041680422581710135	2.532188841201717	21.463768115942027	1.2183910830190037	4.443105756358769	2.0709677419354837	0.4012875536480687	0.720888355342133	0.7137956714665358	0.7766523233960763	0.13626609442060086	0.8920160084465769	900	585	69
23-69_en_professional	en	8.014285714285714	1.8535353535353536	9.407288600288602	9.630092552414904	0.4566250742721331	0.14616755793226383	0.7323232323232324	0.027332144979203804	0.0041592394533571005	0.5666666666666667	0.7678029764350923	3.2930232558139534	1.8732758620689656	0.004802047861379634	5.654475528455284e-05	0.0013314770721383003	6.734105763517528	13.216279069767442	1.3406003675506903	4.285349233390119	2.171585449553878	0.3125371360665478	0.7092286501377465	0.6242402127645632	0.6326125374289009	0.10368389780154486	0.8845692909362796	3227	2214	430
23-71_en_professional	en	13.273972602739725	1.8111455108359134	10.958366342932269	9.588690984915957	0.3931888544891641	0.14551083591331268	0.675954592363261	0.0196078431372549	0.0010319917440660474	0.9452054794520548	0.7336191738131023	4.684931506849315	1.8640776699029127	0.005919787474575852	7.822874358108108e-05	0.0035980252698518947	1.7100103199174406	20.47945205479452	1.2725287789516577	4.597862391449566	2.108303249097473	0.3993808049535604	0.6821839080459788	0.7135218434536945	0.8526844307888013	0.14447884416924664	0.9021533309617881	947	592	73
23-73_en_professional	en	12.75609756097561	1.94263862332696	12.30801380403862	10.836767886956117	0.4110898661567878	0.13001912045889102	0.6806883365200764	0.01338432122370937	0.009560229445506692	0.926829268292683	0.7201367003537189	4.414634146341464	2.107594936708861	0.006175274928299916	9.045562116564418e-05	0.005245869490611364	0.7973231357552581	17.585365853658537	1.188098179368464	5.239280774550484	2.041176470588235	0.5334608030592735	0.7268396226415079	0.9683726018601199	0.8905079107585278	0.16061185468451242	0.933605181814424	514	326	41
23-74_en_professional	en	17.217391304347824	1.875	13.24978260869565	10.376967523056653	0.4356060606060606	0.11616161616161616	0.6792929292929293	0.007575757575757576	0.0012626262626262627	0.9782608695652174	0.6796060822466913	5.717391304347826	2.0121951219512195	0.006012058336780302	8.083159274509804e-05	0.004769921436588103	1.8901515151515151	22.108695652173914	1.081610334711893	5.364348677766896	2.11731843575419	0.4090909090909091	0.700981240981241	0.7391980008629843	0.7991954020959027	0.14393939393939395	0.8943827008612457	782	510	46
23-76_en_professional	en	15.552941176470588	1.9031770045385779	12.93313571237875	11.4082354258254	0.397125567322239	0.12632375189107414	0.6739788199697428	0.01664145234493192	0.0037821482602118004	0.8941176470588236	0.7418219730797959	5.258823529411765	2.010362694300518	0.005785494854920323	6.178267437810945e-05	0.00372396136390085	1.62178517397882	23.58823529411765	1.3063922576433296	4.670961347869177	2.051051051051051	0.3472012102874433	0.6972444807849582	0.7096871210234985	0.7667192309086823	0.170196671709531	0.8863892895213213	1296	804	85
23-78_en_professional	en	13.392857142857142	1.7813333333333334	10.65294761904762	9.361912380952383	0.432	0.112	0.6613333333333333	0.008	0.0	0.9285714285714286	0.7410048942541727	5.392857142857143	1.6666666666666667	0.0061568459495999995	9.259917063829787e-05	0.00925	1.1466666666666667	18.392857142857142	1.2726327364534296	4.9980657640232105	2.1971830985915495	0.44533333333333336	0.6865942028985508	-1	0.6509738958056529	0.13866666666666666	0.891557507038813	371	235	28
23-79_en_professional	en	13.158536585365853	1.886005560704356	11.796694884604086	10.02997293338457	0.4365152919369787	0.1334569045412419	0.6978683966635774	0.010194624652455977	0.0037071362372567192	0.926829268292683	0.7380896338406484	4.853658536585366	2.076923076923077	0.005266666591670843	6.124127820512821e-05	0.005165681642079035	1.324374420759963	18.463414634146343	1.2716372110782943	5.062376887721602	2.1161048689138577	0.37349397590361444	0.6943877551020375	0.8137979255460184	0.8102730335043756	0.1464318813716404	0.884363235550287	1063	702	82
23-81_en_professional	en	11.606741573033707	1.9206195546950628	11.599939958884885	10.907312244254216	0.4249757986447241	0.14617618586640851	0.6999031945788964	0.016456921587608905	0.003872216844143272	0.9662921348314607	0.7173666624590579	4.168539325842697	1.9461077844311376	0.00577684742893275	6.954808498498498e-05	0.0035320896889144715	1.7057115198451114	17.651685393258425	1.3227856443485027	4.778761061946903	2.118279569892473	0.4491771539206196	0.7174518201284804	0.8591433707056884	0.8345730973253861	0.12971926427879962	0.9136912141659245	1003	666	89
23-83_en_professional	en	13.857142857142858	1.9896907216494846	13.292636229749636	11.674491605301915	0.3539518900343643	0.14776632302405499	0.6494845360824743	0.024054982817869417	0.003436426116838488	1.0	0.7109264128992556	4.571428571428571	1.9651162790697674	0.0055932061666666665	4.1910138181818185e-05	0.014803066349458101	0.15120274914089346	20.0	1.3142487300030614	5.262529832935561	2.0933333333333333	0.5017182130584192	0.6544270833333331	-1	-1	0.16151202749140894	0.9038718765078458	277	165	21
23-84_en_professional	en	14.411764705882353	1.8489795918367347	11.848547418967588	10.089565426170468	0.35918367346938773	0.1346938775510204	0.6714285714285714	0.018367346938775512	0.0020408163265306124	0.8823529411764706	0.7721099103194281	4.088235294117647	1.9779411764705883	0.00546166548632653	4.334503254237288e-05	0.007055393586005832	0.963265306122449	21.941176470588236	1.3193742132596136	4.768924302788845	2.112	0.46530612244897956	0.7113043478260864	-1	0.9383782229909186	0.19387755102040816	0.9061568358570269	477	295	34
23-89_en_professional	en	17.166666666666668	1.8495145631067962	12.929271844660196	10.079968469717986	0.37309292649098474	0.15117891816920942	0.6851595006934813	0.036061026352288486	0.0013869625520110957	0.8571428571428571	0.699254701172672	5.166666666666667	2.212658227848101	0.0054380193575589465	6.235673990980835e-05	0.0028623099725327028	2.3460471567267684	25.928571428571427	1.2466550394412155	4.618481244281793	1.9481981981981982	0.31900138696255204	0.6946016381236029	0.6309386231880086	0.7585375457524459	0.1289875173370319	0.8723797368791687	1386	887	84
23-9_en_professional	en	11.941176470588236	1.9901477832512315	12.550802665893944	10.490480962039989	0.45566502463054187	0.11576354679802955	0.6970443349753694	0.012315270935960592	0.0	0.9117647058823529	0.7810367574025096	3.735294117647059	1.6527777777777777	0.004135206898275862	4.0998219767441864e-05	0.008189655172413794	1.0369458128078817	18.205882352941178	1.2377397253478557	4.8656	2.1333333333333333	0.49014778325123154	0.6983061889250818	-1	0.8580945068459955	0.14285714285714285	0.9023359917298918	404	258	34
23-91_en_professional	en	7.444444444444445	2.029850746268657	11.265572139303483	11.211502155887231	0.44776119402985076	0.1044776119402985	0.7164179104477612	0.014925373134328358	0.0	1.0	0.6994949494949495	3.111111111111111	1.72	0.005347431895522388	3.9933413043478264e-05	0.029850746268656716	0.08955223880597014	13.11111111111111	1.5750291375291376	4.3277310924369745	1.8571428571428572	0.746268656716418	0.746268656716418	-1	-1	0.14925373134328357	0.950098424747246	66	46	9
23-92_en_professional	en	8.61064425770308	1.7225113858165257	8.093785613139207	8.659969726394136	0.44599869876382564	0.14996746909564085	0.7319453480806767	0.03871177618737801	0.0035783994795055302	0.6190476190476191	0.7507038355080853	3.2326869806094183	1.9689119170984455	0.004603621117083845	5.1674672412060304e-05	0.0012451484082291971	9.73259596616786	15.357340720221607	1.533494244719551	3.852144866385373	2.054054054054054	0.3109954456733897	0.7325781512605012	0.7576599254499307	0.7886031788662539	0.10344827586206896	0.873968404107737	2885	1990	361
23-94_en_professional	en	11.142857142857142	1.9316239316239316	11.548876678876681	10.215820757020758	0.37606837606837606	0.12393162393162394	0.5854700854700855	0.0	0.008547008547008548	0.8571428571428571	0.7705736090422791	3.28	1.6538461538461537	0.0077733594743589745	5.060086666666667e-05	0.012108262108262111	0.5085470085470085	15.76	1.4488886317525416	4.354838709677419	2.425925925925926	0.5170940170940171	0.7125925925925922	-1	-1	0.14957264957264957	0.9218216677534484	233	135	25
23-95_en_professional	en	13.986301369863014	1.8114593535749266	11.23987790643071	9.421550725182135	0.3535749265426053	0.12732615083251714	0.6376101860920667	0.02056807051909892	0.00881488736532811	0.8082191780821918	0.6937742182916864	4.260273972602739	2.068062827225131	0.0063575704607649365	5.591115719091674e-05	0.0021258987616639712	2.4049951028403527	21.143835616438356	1.3674498094549856	4.541626794258373	2.068893528183716	0.30754162585700295	0.6867370046320166	0.5933316206228338	0.7117693607447473	0.16601371204701273	0.8832008876338701	2000	1189	146
23-99_en_professional	en	16.119402985074625	1.8583333333333334	12.624900497512439	10.047923438363737	0.4009259259259259	0.14074074074074075	0.687037037037037	0.016666666666666666	0.003703703703703704	0.9701492537313433	0.749918616745635	4.925373134328358	1.9422492401215805	0.0046589222097222225	7.445954485294118e-05	0.0036236854138088706	2.1222222222222222	23.134328358208954	1.1401119154945853	4.941025641025641	2.0684931506849313	0.387037037037037	0.7338226299694185	0.7503965672451824	0.896739401566026	0.14722222222222223	0.8950701297601564	1056	680	67
24-1_en_professional	en	18.415841584158414	1.617741935483871	10.68153305653146	8.235080325774513	0.36451612903225805	0.09516129032258064	0.6123655913978494	0.024193548387096774	0.002688172043010753	0.9603960396039604	0.6940434890094509	5.653465346534653	1.901006711409396	0.007679518691413387	5.8175579282868525e-05	0.002738892270237371	1.8510752688172043	24.22772277227723	1.0914431451921485	4.7968176254589965	1.9476082004555808	0.2763440860215054	0.6035264054514535	0.6477194355807437	0.7021295039851799	0.15698924731182795	0.8718296129845339	1814	1004	101
24-100_en_professional	en	10.777777777777779	1.8453608247422681	10.388591065292097	8.378487743413517	0.4536082474226804	0.09278350515463918	0.6597938144329897	0.0	0.0	1.0	0.6627163461538461	4.555555555555555	1.8108108108108107	0.005447531982474227	8.664831551724138e-05	0.024054982817869417	0.07216494845360824	16.11111111111111	1.1258978315075268	4.554054054054054	2.2083333333333335	0.7010309278350515	0.7010309278350515	-1	-1	0.1134020618556701	0.9634473369696919	97	58	9
24-102_en_professional	en	9.32258064516129	1.972318339100346	11.319162852996989	10.750240674182386	0.5570934256055363	0.16608996539792387	0.8166089965397924	0.006920415224913495	0.0	0.8709677419354839	0.629286911918491	3.225	1.808695652173913	0.003393006285467128	5.6843269953051643e-05	0.016559565002471577	0.8823529411764706	13.675	1.1729148658359185	4.330922242314648	2.2620689655172415	0.5467128027681661	0.6937894736842102	-1	0.7269458151600069	0.07958477508650519	0.9064628925550459	286	213	40
24-103_en_professional	en	13.291666666666666	1.658307210031348	9.16177507836991	7.873589237199582	0.4122257053291536	0.08307210031347963	0.7100313479623824	0.06896551724137931	0.001567398119122257	0.8125	0.713870620062735	3.981818181818182	1.8712871287128714	0.0038599202584639497	8.300326605744125e-05	0.007105538140020898	1.2460815047021943	18.2	1.121002695332436	4.416749750747757	1.8794871794871795	0.44670846394984326	0.6771799628942471	0.7051641722106132	0.6874424755578016	0.1786833855799373	0.8949190764379925	593	383	55
24-104_en_professional	en	18.545454545454547	1.8774509803921569	13.796648841354727	10.088398039215686	0.3382352941176471	0.09313725490196079	0.6617647058823529	0.014705882352941176	0.004901960784313725	1.0	0.731010101010101	4.818181818181818	1.736842105263158	0.00626067832254902	8.31637524590164e-05	0.015250544662309368	0.17647058823529413	23.818181818181817	1.028308051376233	5.416030534351145	1.9148936170212767	0.6617647058823529	0.7609523809523816	-1	-1	0.18627450980392157	0.9522670562650281	199	122	11
24-105_en_professional	en	17.042857142857144	1.71081307627829	11.244308585798109	8.580139897018322	0.3143336127409891	0.12154233025984912	0.6211232187761945	0.004191114836546521	0.003352891869237217	0.9428571428571428	0.7369747928658221	5.1571428571428575	2.0297029702970297	0.007537767259346186	8.957731178247734e-05	0.0032348322963767517	1.0393964794635373	22.057142857142857	1.1086895635085547	5.02457956015524	2.096774193548387	0.34367141659681477	0.6611882998171816	0.7073999529494153	0.796908204853724	0.20201173512154233	0.8928184081957751	1186	662	70
24-106_en_professional	en	14.9	1.6666666666666667	9.887666666666668	7.6015372706935125	0.3288590604026846	0.09172259507829977	0.6331096196868009	0.026845637583892617	0.0022371364653243847	1.0	0.7120951685606858	4.5	1.9741379310344827	0.006809110639597315	8.135835731707318e-05	0.00727069351230425	0.3959731543624161	18.966666666666665	1.0495674398028203	4.953287197231834	1.9090909090909092	0.5279642058165548	0.7024425287356313	-1	0.924501977975299	0.19239373601789708	0.9381425878194319	434	246	30
24-110_en_professional	en	13.066666666666666	1.8775510204081634	11.661102040816328	9.108573197278911	0.3520408163265306	0.08163265306122448	0.6581632653061225	0.00510204081632653	0.02040816326530612	0.9333333333333333	0.7922326800006373	3.533333333333333	2.0961538461538463	0.006193623617346939	0.00016372411926605503	0.016034985422740525	0.20408163265306123	16.2	0.9767626509293177	5.36144578313253	2.111111111111111	0.5408163265306123	0.6006185567010309	-1	-1	0.20408163265306123	0.8962653644421402	195	109	15
24-111_en_professional	en	18.107142857142858	1.7712031558185404	12.371982952944492	10.402593181177796	0.3234714003944773	0.11637080867850098	0.6272189349112426	0.0039447731755424065	0.011834319526627219	1.0	0.7025656728520593	5.428571428571429	2.022222222222222	0.006288034509270217	0.00011194859791666668	0.010157790927021697	0.26627218934911245	21.214285714285715	1.0122136345630586	5.8	2.0588235294117645	0.46153846153846156	0.6726960784313738	-1	0.846234643764812	0.20907297830374755	0.9130355073419173	499	288	28
24-112_en_professional	en	12.0	2.0833333333333335	13.673333333333336	12.440288888888889	0.2777777777777778	0.1111111111111111	0.6111111111111112	0.0	0.027777777777777776	1.0	0.8125	3.3333333333333335	2.0	0.006981283333333334	5.7009523809523814e-05	0.05555555555555555	0.0	15.0	1.0674603174603174	5.804347826086956	1.8333333333333333	0.8055555555555556	0.8055555555555556	-1	-1	0.3055555555555556	0.9671267134323301	36	21	3
24-113_en_professional	en	18.285714285714285	1.8359375	13.205491071428572	10.410027678571428	0.44921875	0.0625	0.68359375	0.015625	0.0	1.0	0.7979403609484271	5.142857142857143	1.8823529411764706	0.0073301441484374995	0.00011416254430379746	0.014756944444444444	0.55078125	23.571428571428573	1.0623980186775517	5.42089552238806	2.0547945205479454	0.546875	0.6821019108280258	-1	-1	0.13671875	0.9154848369253216	250	158	14
24-114_en_professional	en	21.0	1.7165532879818595	12.85532879818594	9.502413151927438	0.3401360544217687	0.09977324263038549	0.6077097505668935	0.006802721088435374	0.009070294784580499	1.0	0.6634636104358136	5.761904761904762	2.1315789473684212	0.0061707770090702945	0.00013227891631799164	0.00949021583942219	0.562358276643991	23.333333333333332	0.9958681847019003	5.803245436105477	2.0185185185185186	0.45351473922902497	0.6853508771929814	-1	0.7525315940021373	0.18594104308390022	0.8902090330687407	435	239	21
24-115_en_professional	en	27.4	1.6532846715328466	14.604759124087593	9.889382189781024	0.3686131386861314	0.10583941605839416	0.6040145985401459	0.0036496350364963502	0.010948905109489052	1.0	0.7453247693728393	6.75	2.1161290322580646	0.006830629844160584	0.00013396247409836064	0.007249950680607614	0.9854014598540146	33.0	1.0274694412850838	5.2749244712990935	2.134831460674157	0.41605839416058393	0.6726057906458779	0.7077127886918237	0.7407932277765463	0.14416058394160583	0.8947053958398264	542	305	20
24-116_en_professional	en	17.705882352941178	1.744186046511628	11.896689466484272	10.028280672268908	0.3089700996677741	0.11295681063122924	0.5813953488372093	0.0	0.023255813953488372	1.0	0.7515148612054999	5.176470588235294	1.9390243902439024	0.007817020162790699	0.00012735191017964072	0.011865211200759375	0.23255813953488372	19.88235294117647	0.970849243096165	5.9411764705882355	2.238095238095238	0.5481727574750831	0.710544554455446	-1	-1	0.18272425249169436	0.9337884468552711	299	167	17
24-117_en_professional	en	2.3333333333333335	1.9285714285714286	8.07714285714286	13.125133333333332	0.7142857142857143	0.07142857142857142	0.9285714285714286	0.07142857142857142	0.0	0.8333333333333334	0.6	1.0	1.8571428571428572	0.0018830000714285713	4.718190909090909e-05	-1	0.0	3.6666666666666665	1.0092592592592593	4.269230769230769	1.5	1.0	1.0	-1	-1	0.07142857142857142	1.0	13	11	6
24-118_en_professional	en	12.74074074074074	1.9244186046511629	12.087028423772612	10.959961154177433	0.33430232558139533	0.14534883720930233	0.6453488372093024	0.0	0.0	0.9629629629629629	0.7206885667669163	4.62962962962963	2.1595744680851063	0.0069962998156976736	7.71562154589372e-05	0.008284883720930232	0.33430232558139533	16.0	1.0362755159644852	5.520361990950226	2.2950819672131146	0.5348837209302325	0.7021632653061229	-1	0.8408532473870651	0.19476744186046513	0.9319473784839963	341	207	27
24-119_en_professional	en	15.666666666666666	1.851063829787234	12.362553191489361	10.696514539007092	0.3617021276595745	0.13297872340425532	0.6569148936170213	0.013297872340425532	0.0	0.9583333333333334	0.6979120653155387	4.08	2.376237623762376	0.007061884699468084	4.455153539823009e-05	0.00918762088974855	0.4122340425531915	19.8	1.1121315567539976	5.169660678642715	2.0416666666666665	0.5319148936170213	0.7087364620938627	-1	0.9129236595174628	0.16489361702127658	0.9280334730921908	371	226	25
24-120_en_professional	en	15.625	1.632	9.76135	8.1059	0.272	0.12	0.536	0.0	0.0	1.0	0.7924581939799331	5.125	1.8275862068965518	0.0083505886312	6.8376315e-05	0.025333333333333333	0.12	19.125	1.0798937687477586	5.163398692810458	2.0588235294117645	0.608	0.6469230769230769	-1	-1	0.224	0.9242479660442865	124	60	8
24-121_en_professional	en	16.375	1.6145038167938932	9.847395038167942	8.001831297709925	0.2595419847328244	0.1183206106870229	0.6068702290076335	0.026717557251908396	0.011450381679389313	1.0	0.7138709462192434	5.0	2.3548387096774195	0.00803683680038168	8.035789166666667e-05	0.010905125408942203	0.27099236641221375	21.0	1.149330297336763	4.714705882352941	2.021276595744681	0.5229007633587787	0.6554601226993867	-1	-1	0.2099236641221374	0.9192747199039675	254	132	16
24-122_en_professional	en	13.0	1.6013986013986015	8.3765034965035	6.659928671328672	0.34965034965034963	0.06993006993006994	0.5664335664335665	0.0	0.006993006993006993	1.0	0.7443711306614532	4.454545454545454	1.9210526315789473	0.007990797637762238	5.074002972972973e-05	0.018648018648018648	0.16783216783216784	16.636363636363637	1.172025834465261	4.790322580645161	2.1578947368421053	0.5874125874125874	0.6363636363636365	-1	-1	0.1958041958041958	0.9393564410116048	143	74	11
24-123_en_professional	en	14.71875	1.805732484076433	11.457955812101911	9.870964384288747	0.34288747346072185	0.1464968152866242	0.6411889596602972	0.006369426751592357	0.005307855626326964	0.890625	0.6955628095070034	4.65625	1.899628252788104	0.005980100490552017	6.189131436265709e-05	0.004317055909412597	1.143312101910828	20.234375	1.2098216444375978	4.886936592818945	2.210526315789474	0.36942675159235666	0.6769039145907476	0.6718678529325524	0.777574046704483	0.18259023354564755	0.8906530131567499	932	557	64
24-124_en_professional	en	15.675675675675675	1.8189655172413792	11.987306616961789	10.506386766076423	0.3568965517241379	0.1810344827586207	0.6793103448275862	0.006896551724137931	0.0034482758620689655	0.972972972972973	0.7260218335347337	5.0	2.191616766467066	0.005483079956206897	7.960369695290858e-05	0.0061043802423112765	0.8017241379310345	20.81081081081081	1.1983148030313182	5.284974093264249	2.212962962962963	0.4603448275862069	0.7233887733887732	0.6226243321485483	0.7418667307053579	0.16034482758620688	0.9112051655661988	570	361	37
24-125_en_professional	en	9.9	1.797979797979798	9.487161616161618	8.371997171717172	0.3838383838383838	0.10101010101010101	0.6161616161616161	0.030303030303030304	0.0	1.0	0.8612479084701307	3.8	2.096774193548387	0.00882687202020202	0.00012492219642857143	0.02777777777777778	0.06060606060606061	13.2	1.195635521885522	4.7555555555555555	1.9655172413793103	0.6868686868686869	0.6868686868686869	-1	-1	0.1111111111111111	0.9564748368624919	96	56	10
24-126_en_professional	en	16.284313725490197	1.8398555087296808	12.471177355951411	10.64400456375205	0.3534015653220951	0.13726670680313063	0.6447922937989163	0.010836845273931367	0.015653220951234198	0.9215686274509803	0.7479957525718112	5.235294117647059	2.0125786163522013	0.005844649182787477	9.184324042105264e-05	0.0025192450448028154	2.4388922335942205	22.49019607843137	1.1285815475611103	5.054907047124946	2.18058690744921	0.35520770620108366	0.7191101152368764	0.5927199154271222	0.7070244452448458	0.17098133654425046	0.9016435766152899	1626	950	102
24-127_en_professional	en	15.076923076923077	2.151360544217687	15.676054421768704	13.664279905808478	0.35374149659863946	0.19047619047619047	0.7159863945578231	0.008503401360544218	0.006802721088435374	0.9743589743589743	0.725248857110881	5.384615384615385	1.9540229885057472	0.004097564960204082	6.52912476923077e-05	0.005782312925170068	0.7312925170068028	21.076923076923077	1.1269485406942692	5.5603864734299515	2.1098265895953756	0.5153061224489796	0.7639877300613522	0.7991328569269026	0.8997558581087092	0.18027210884353742	0.9207050519423479	582	390	39
24-129_en_professional	en	15.4375	1.7489878542510122	11.068681680161944	8.771696558704454	0.3522267206477733	0.16194331983805668	0.7165991902834008	0.02834008097165992	0.016194331983805668	1.0	0.7082123042649359	5.25	2.1267605633802815	0.004869904965182186	0.00016358572810457517	0.012685560053981106	0.27530364372469635	18.875	1.0058417573770835	5.427631578947368	1.9523809523809523	0.582995951417004	0.7213513513513514	-1	-1	0.17408906882591094	0.9174391154326749	241	153	16
24-130_en_professional	en	17.91304347826087	1.8009708737864079	12.647543267201353	10.065182228788519	0.3859223300970874	0.12864077669902912	0.662621359223301	0.0	0.0048543689320388345	0.9130434782608695	0.7739644295912623	5.434782608695652	1.8702290076335877	0.005059350868446603	8.904462471042472e-05	0.00826759708737864	0.808252427184466	22.782608695652176	1.033641791260093	5.252830188679245	2.1538461538461537	0.5072815533980582	0.7193929712460061	-1	0.907986251955313	0.1650485436893204	0.9188597194671781	412	259	23
24-131_en_professional	en	13.052631578947368	1.6834677419354838	9.36544567062818	7.5872185483870975	0.3649193548387097	0.10685483870967742	0.6391129032258065	0.008064516129032258	0.014112903225806451	0.8157894736842105	0.6524510200536584	4.342105263157895	1.7307692307692308	0.005782461885887097	0.00013262359350180506	0.007091212458286985	0.42943548387096775	16.5	1.1709050245067048	5.046875	2.1578947368421053	0.4536290322580645	0.6603526448362712	-1	0.7240729274282696	0.1774193548387097	0.9142332062170841	492	277	38
24-132_en_professional	en	15.4	1.8138528138528138	11.819463203463204	10.195421125541127	0.3593073593073593	0.12121212121212122	0.6428571428571429	0.0	0.004329004329004329	0.7666666666666667	0.7328466378406674	4.7	1.83206106870229	0.005300461362121212	8.851503369565217e-05	0.007097553609181516	1.0432900432900434	19.4	1.086693525629284	5.406408094435076	2.2142857142857144	0.37012987012987014	0.6322314049586784	-1	0.552584500623784	0.2012987012987013	0.8660475590177493	461	276	30
24-133_en_professional	en	16.40625	1.8066666666666666	12.127104166666669	10.199144047619047	0.3838095238095238	0.11238095238095239	0.6819047619047619	0.039047619047619046	0.007619047619047619	0.828125	0.728903583323056	5.21875	1.8823529411764706	0.005488092580095238	7.17392424390244e-05	0.0032302405498281788	1.899047619047619	22.53125	1.1507333040905616	4.8789986091794155	1.8823529411764706	0.3580952380952381	0.6773711882229242	0.8292319019289238	0.8641711898236658	0.15047619047619049	0.8845385748541214	1015	615	64
24-134_en_professional	en	13.846153846153847	1.9694444444444446	13.04944444444445	11.151910256410257	0.36944444444444446	0.1	0.65	0.0	0.016666666666666666	0.8461538461538461	0.7297065897065896	4.423076923076923	1.7383177570093458	0.005529757873333333	5.1934633962264156e-05	0.007974910394265233	0.5277777777777778	20.807692307692307	1.311608542915104	4.828153564899451	2.3766233766233764	0.45555555555555555	0.6096551724137925	-1	0.7288036928604694	0.19166666666666668	0.8921957470766507	354	212	26
24-136_en_professional	en	16.675675675675677	1.9789303079416531	14.264891147225022	12.19547443164396	0.41166936790923825	0.1166936790923825	0.6774716369529984	0.0	0.009724473257698542	0.7837837837837838	0.7404922975823843	5.1891891891891895	1.7761194029850746	0.005702496919286872	6.87082378238342e-05	0.005073638221407935	1.813614262560778	25.216216216216218	1.2350813346544118	4.972340425531915	2.31055900621118	0.3565640194489465	0.5719691119691117	0.5403281081273447	0.7382722489153856	0.1685575364667747	0.8671804909252588	613	386	37
24-140_en_professional	en	11.096774193548388	1.755813953488372	9.456346586646664	8.011223668417102	0.38372093023255816	0.09011627906976744	0.625	0.00872093023255814	0.00872093023255814	0.967741935483871	0.7200447290354414	4.0	1.6272727272727272	0.005326143245930232	7.711250808080809e-05	0.010306553911205074	0.436046511627907	15.064516129032258	1.1195445339907153	4.789029535864979	2.157142857142857	0.48255813953488375	0.6679591836734688	-1	-1	0.19476744186046513	0.9084301183827171	341	198	31
24-141_en_professional	en	13.4375	1.8251162790697675	11.186997093023258	10.484298837209304	0.41674418604651164	0.07627906976744186	0.6632558139534884	0.027906976744186046	0.0027906976744186047	0.9125	0.7250808436424612	4.875	1.8795180722891567	0.005667777592595348	0.00014039467307692307	0.0037088492902446393	1.4148837209302325	17.0125	1.0065638447972665	5.28100358422939	2.0690789473684212	0.41953488372093023	0.699620901639349	0.7695378936550505	0.8680389931652589	0.1516279069767442	0.9074819919653484	1042	650	80
24-144_en_professional	en	12.671875	1.7743526510480887	10.289392532367447	8.275722703452528	0.3933415536374846	0.1060419235511714	0.655980271270037	0.0012330456226880395	0.004932182490752158	0.765625	0.7397713027467558	4.25	1.6653846153846155	0.004836078523551172	7.133187520325203e-05	0.0038635429510891902	1.4944512946979038	18.96875	1.1730020119292346	4.583539094650206	2.1497326203208558	0.3156596794081381	0.5558146067415733	0.6775691082880615	0.7984063074190586	0.21331689272503082	0.8587607092971801	809	492	64
24-148_en_professional	en	15.609756097560975	1.9234375	13.194367378048778	10.843763719512195	0.4515625	0.0890625	0.684375	0.009375	0.003125	0.7317073170731707	0.7351762452092154	5.7073170731707314	1.7407407407407407	0.0046304925410937505	5.716333243902439e-05	0.00505514705882353	1.9625	25.170731707317074	1.2749355973813867	4.4652509652509655	2.105820105820106	0.4109375	0.6684658040665438	0.9466924524476806	0.9219105582547842	0.134375	0.8903667461606983	633	410	41
24-149_en_professional	en	16.5	1.7922077922077921	11.993051948051946	9.785250216450217	0.4155844155844156	0.12121212121212122	0.658008658008658	0.0	0.004329004329004329	0.9642857142857143	0.7125397204052173	5.75	1.8675496688741722	0.006314643047186147	0.0001252370593639576	0.007395382395382395	0.7424242424242424	21.964285714285715	1.0847999521527123	5.30756843800322	2.2637362637362637	0.4675324675324675	0.6432506887052345	-1	0.9124328258684317	0.14935064935064934	0.909723982913428	461	283	28
24-152_en_professional	en	14.323529411764707	1.8008213552361396	11.245868462374684	9.624894117647058	0.3993839835728953	0.09753593429158111	0.6581108829568788	0.026694045174537988	0.00513347022587269	0.7205882352941176	0.6556201118367133	4.985294117647059	1.8275862068965518	0.006543523706468173	6.85492833916084e-05	0.003598318177373619	2.2125256673511293	21.779411764705884	1.2413509048223879	4.576043068640646	2.007142857142857	0.2792607802874743	0.5667999999999996	0.7172839935250676	0.7354715052816376	0.14887063655030802	0.841426571259202	943	572	68
24-154_en_professional	en	18.428571428571427	1.8682170542635659	13.642104097452936	10.937109856035436	0.29457364341085274	0.15503875968992248	0.6124031007751938	0.007751937984496124	0.023255813953488372	1.0	0.7533264617691154	5.857142857142857	1.8857142857142857	0.00616551488372093	6.739171428571428e-05	0.018410852713178293	0.09302325581395349	21.714285714285715	0.9961584633853542	5.647058823529412	1.9166666666666667	0.6589147286821705	0.7260000000000001	-1	-1	0.13953488372093023	0.9345172084121154	127	70	7
24-17_en_professional	en	13.0	1.8741258741258742	11.594685314685318	9.92759766899767	0.317016317016317	0.14219114219114218	0.6503496503496503	0.011655011655011656	0.0	0.9393939393939394	0.7225358108060715	4.484848484848484	1.9098360655737705	0.005657858302797203	4.674791457489878e-05	0.007297050775311645	0.40093240093240096	19.454545454545453	1.2557434324537091	4.756965944272446	2.2033898305084745	0.5081585081585082	0.7007575757575758	-1	0.8771462008625192	0.21678321678321677	0.9278684812197023	422	247	33
24-2_en_professional	en	14.551282051282051	1.7312775330396475	10.514074889867842	8.942097706991982	0.3118942731277533	0.13920704845814977	0.6229074889867842	0.02026431718061674	0.01145374449339207	0.9487179487179487	0.7264647361386203	4.3164556962025316	2.1378205128205128	0.006869822850044053	7.423842664526484e-05	0.005320894877774898	0.7876651982378855	19.11392405063291	1.093732924490414	4.85207100591716	2.159090909090909	0.25462555066079295	0.6008397683397649	0.5889111099342526	0.654133655196262	0.17180616740088106	0.8264949174454612	1113	623	79
24-23_en_professional	en	10.48	1.7595419847328244	9.259795419847329	8.705805618320612	0.45165394402035625	0.11195928753180662	0.7531806615776081	0.07506361323155217	0.002544529262086514	0.8266666666666667	0.6761922988702743	3.4819277108433737	1.9031007751937985	0.004537930674999236	7.333208614457832e-05	0.006039016115351994	1.713740458015267	15.542168674698795	1.1764748247833199	4.197530864197531	1.9370229007633588	0.4223918575063613	0.6545705967976724	0.7479301827415396	0.8126191516805308	0.1272264631043257	0.8824652779715985	724	498	83
24-25_en_professional	en	13.4	1.9203980099502487	12.296696517412936	10.695579502487563	0.3880597014925373	0.10945273631840796	0.6915422885572139	0.01990049751243781	0.0	1.0	0.6653417224537915	4.4	1.9166666666666667	0.005052260174129353	6.5848875e-05	0.021257349615558568	0.21393034825870647	17.066666666666666	1.135189763939764	5.446153846153846	2.0	0.5572139303482587	0.6869607843137253	-1	-1	0.19900497512437812	0.9045933806184929	197	120	15
24-26_en_professional	en	11.6	1.7551724137931035	9.645034482758625	8.91003724137931	0.41724137931034483	0.07241379310344828	0.6931034482758621	0.027586206896551724	0.0	0.92	0.7184720372220373	3.84	1.9484536082474226	0.007257580807586207	4.4039034065934064e-05	0.010031347962382446	0.35172413793103446	16.8	1.3533535592947357	4.657210401891253	2.0606060606060606	0.5793103448275863	0.6931937172774881	-1	-1	0.1724137931034483	0.9338597539526866	278	182	25
24-27_en_professional	en	17.134615384615383	1.7867564534231202	12.176226150392822	10.47404349477683	0.4068462401795735	0.12289562289562289	0.6857463524130191	0.030864197530864196	0.008978675645342313	0.9134615384615384	0.7436286688212921	4.716814159292035	1.8628472222222223	0.005684234718965465	9.14159593866171e-05	0.0026717519342888078	2.3204264870931537	22.495575221238937	1.1567554457237426	4.965692007797271	2.022408963585434	0.38159371492704824	0.6974153297682734	0.8193494073474408	0.9286118389428912	0.13019079685746351	0.9022982476740846	1716	1076	113
24-28_en_professional	en	8.55	1.810916179337232	9.11331091617934	8.808439142300195	0.3762183235867446	0.10136452241715399	0.6686159844054581	0.001949317738791423	0.003898635477582846	0.7333333333333333	0.7453021256935167	3.2666666666666666	1.980891719745223	0.006756716017348928	8.844909840764331e-05	0.008187134502923977	0.3762183235867446	10.9	1.069795699502297	5.279883381924198	2.357142857142857	0.4834307992202729	0.6899275362318823	0.7680721695581793	0.8776072356141504	0.1871345029239766	0.9224112738609905	509	314	60
24-29_en_professional	en	8.947368421052632	1.5156862745098039	5.784571723426215	7.182333333333332	0.5	0.10980392156862745	0.788235294117647	0.10392156862745099	0.00196078431372549	0.8596491228070176	0.8105624839795521	3.508771929824561	1.9580838323353293	0.004367184691254153	7.256299202453988e-05	0.006120023767082591	0.6058823529411764	17.596491228070175	1.85334367648708	3.5196850393700787	1.9064449064449065	0.6254901960784314	0.8055231143552318	-1	0.8290728297682063	0.0803921568627451	0.93745398612895	445	326	57
24-3_en_professional	en	10.571428571428571	1.9324324324324325	11.335559845559846	12.27686718146718	0.40540540540540543	0.0945945945945946	0.7027027027027027	0.0	0.0	1.0	0.7777777777777778	4.142857142857143	1.88	0.00592094802027027	3.94968152173913e-05	0.031531531531531536	0.12162162162162163	14.714285714285714	0.9999788321125552	5.038095238095238	2.1363636363636362	0.7027027027027027	0.7027027027027027	-1	-1	0.1891891891891892	0.9286187170074757	74	46	7
24-30_en_professional	en	13.535211267605634	1.7752341311134234	10.636495141504597	9.867358916035233	0.33714880332986474	0.1279916753381894	0.6555671175858481	0.04162330905306972	0.011446409989594173	0.9436619718309859	0.790609160706536	4.507042253521127	1.924187725631769	0.006200292930030267	9.33269243902439e-05	0.0039021852237252864	0.8855359001040582	19.802816901408452	1.3347031994160794	4.661016949152542	1.9466019417475728	0.4297606659729448	0.6983178654292326	0.8147186994847098	0.8113541750111856	0.17377731529656607	0.9079277091338491	908	533	71
24-31_en_professional	en	12.214285714285714	1.7456140350877194	9.771817042606518	9.68983091060986	0.49707602339181284	0.11695906432748537	0.7251461988304093	0.043859649122807015	0.0029239766081871343	0.9285714285714286	0.7774158849440654	4.285714285714286	2.074766355140187	0.0062048852994231445	8.867842385321101e-05	0.008893762183235867	0.5292397660818714	20.071428571428573	1.4593935682480574	4.290492957746479	2.010869565217391	0.6052631578947368	0.7582304526748965	-1	0.799416190139263	0.07602339181286549	0.9390380613942373	321	218	28
24-32_en_professional	en	11.901639344262295	1.6253443526170799	8.230702705143838	7.9575849523551465	0.418732782369146	0.12534435261707988	0.7134986225895317	0.049586776859504134	0.004132231404958678	0.9180327868852459	0.7705935712064036	4.114754098360656	1.8923766816143497	0.005037341693921784	6.678851554054054e-05	0.0047679593134138595	0.9765840220385675	18.147540983606557	1.3398354964304802	4.411290322580645	1.9841688654353562	0.4669421487603306	0.7171291866028702	0.7594020500087683	0.7845553802526452	0.12947658402203857	0.9109447832773578	686	444	61
24-33_en_professional	en	12.285714285714286	1.625	8.376428571428573	8.591903986710964	0.5290697674418605	0.06395348837209303	0.7732558139534884	0.09011627906976744	0.0	0.9642857142857143	0.7939328737073312	4.321428571428571	1.9642857142857142	0.0044349336258460905	7.878745627906977e-05	0.0083171834625323	1.2122093023255813	21.571428571428573	1.6964714451140872	4.052718286655684	1.9107806691449813	0.5872093023255814	0.7795510204081642	-1	0.7928988367758389	0.0872093023255814	0.9201220407572475	305	215	28
24-34_en_professional	en	13.266666666666667	1.6834170854271358	9.448321608040203	7.957257018425462	0.47738693467336685	0.06030150753768844	0.7236180904522613	0.04020100502512563	0.0	0.8666666666666667	0.7907009338043821	4.133333333333334	1.7428571428571429	0.0055610231155971855	7.561023255813954e-05	0.012756088132972555	0.21105527638190955	22.066666666666666	1.4516178266178266	4.13855421686747	1.9831932773109244	0.6582914572864321	0.7327999999999997	-1	-1	0.1457286432160804	0.9476024592749631	188	129	15
24-35_en_professional	en	12.941176470588236	1.7136363636363636	9.677967914438504	8.179446524064172	0.4	0.08181818181818182	0.6409090909090909	0.02727272727272727	0.004545454545454545	0.9411764705882353	0.7907359236227507	4.352941176470588	1.5945945945945945	0.005428885185463273	7.947214920634921e-05	0.013636363636363636	0.08181818181818182	19.0	1.325546642899584	4.649230769230769	1.9753086419753085	0.6681818181818182	0.7233057851239671	-1	-1	0.17272727272727273	0.9681262005000808	213	126	17
24-36_en_professional	en	12.10344827586207	1.8176638176638176	10.578777876019256	10.353283446311032	0.4131054131054131	0.10826210826210826	0.7464387464387464	0.06267806267806268	0.002849002849002849	0.9655172413793104	0.8008998042365081	4.379310344827586	1.9	0.004209260002590594	9.337388801843318e-05	0.008051529790660227	0.452991452991453	18.551724137931036	1.4128676132892053	4.5989010989010985	1.9138755980861244	0.5982905982905983	0.7765079365079369	-1	0.817652261380425	0.13105413105413105	0.9301192898508388	325	217	29
24-37_en_professional	en	7.157894736842105	1.7720588235294117	8.11187306501548	10.19775588235294	0.47794117647058826	0.08823529411764706	0.75	0.04411764705882353	0.0	0.9473684210526315	0.691243904969395	3.1578947368421053	1.9069767441860466	0.0040981146764852185	5.139222727272727e-05	0.02389705882352941	0.13970588235294118	11.105263157894736	1.2214863138237753	4.486238532110092	2.0921052631578947	0.7205882352941176	0.7337837837837842	-1	-1	0.17647058823529413	0.9424146272694145	129	88	19
24-38_en_professional	en	12.28888888888889	1.6039783001808319	8.129610608800487	7.66165520594736	0.49005424954792043	0.09403254972875226	0.755877034358047	0.07956600361663653	0.0054249547920434	0.8888888888888888	0.7764039035514743	3.8444444444444446	2.0994152046783627	0.004934776403921986	6.431366945244956e-05	0.005911809709278063	1.3254972875226039	21.333333333333332	1.6001748531965945	3.8347022587268995	1.8902439024390243	0.5045207956600362	0.7459471365638749	-1	0.9414112873776319	0.0867992766726944	0.9040816213222099	499	347	45
24-39_en_professional	en	11.634146341463415	1.6477987421383649	8.391342230403438	7.308195725315743	0.40985324947589097	0.12473794549266247	0.7348008385744235	0.04507337526205451	0.009433962264150943	0.8414634146341463	0.8224544653848269	4.085365853658536	2.0145454545454546	0.004740934790680231	7.168574191419142e-05	0.004159595354563908	1.1153039832285114	18.109756097560975	1.6425152124986795	4.283720930232558	1.944547134935305	0.44863731656184486	0.7366666666666645	0.7831466796368871	0.7820618232064442	0.1540880503144654	0.9046615143982605	901	606	82
24-40_en_professional	en	12.4375	1.6959798994974875	9.273187814070354	8.327916834170853	0.4020100502512563	0.1306532663316583	0.6809045226130653	0.032663316582914576	0.007537688442211055	0.9375	0.7918319606468274	4.15625	1.79136690647482	0.005531502191468932	7.053836753246754e-05	0.007437185929648241	0.3869346733668342	19.0	1.4269859330673171	4.477198697068404	1.958762886597938	0.5552763819095478	0.7268896321070231	-1	0.8050872516591735	0.1457286432160804	0.932521920436578	379	231	32
24-41_en_professional	en	9.125	1.5136986301369864	5.830393835616441	7.13861095890411	0.541095890410959	0.08904109589041095	0.797945205479452	0.07534246575342465	0.0	0.9375	0.8239617838302048	4.0	1.7830188679245282	0.003745413453364589	7.138380297029703e-05	0.009050880626223091	0.7773972602739726	17.875	1.5969568677650574	3.5927209705372616	1.9528985507246377	0.6541095890410958	0.7864248704663208	-1	0.8556900029845578	0.0958904109589041	0.9362401413947335	263	202	32
24-43_en_professional	en	10.74468085106383	1.7168316831683168	8.859039393301032	8.514995786812722	0.36237623762376237	0.10297029702970296	0.6514851485148515	0.0297029702970297	0.005940594059405941	0.8085106382978723	0.7075032455467237	3.9375	1.779874213836478	0.006202619879944673	7.73552449477352e-05	0.0064571674558760225	0.31485148514851485	13.875	1.1034897143937326	5.160116448326055	2.106508875739645	0.5465346534653466	0.7407142857142858	-1	0.9058430905839792	0.1782178217821782	0.9431142066032463	486	287	48
24-44_en_professional	en	13.037037037037036	1.7386363636363635	10.010353535353534	9.537889183501683	0.4602272727272727	0.14204545454545456	0.7556818181818182	0.048295454545454544	0.008522727272727272	0.9259259259259259	0.7838407761790074	4.148148148148148	1.95	0.003908950768265754	7.280241028806584e-05	0.008608815426997245	1.1107954545454546	20.88888888888889	1.4591844904556242	4.441489361702128	1.9411764705882353	0.5113636363636364	0.7239525691699605	-1	0.7689678642737592	0.11363636363636363	0.8943382367753877	335	243	27
24-46_en_professional	en	9.625	1.4891774891774892	5.736044372294373	5.644300000000001	0.44155844155844154	0.08225108225108226	0.7142857142857143	0.05194805194805195	0.0	0.9583333333333334	0.7726707376020876	3.75	1.763157894736842	0.006003353425569008	7.91947905109489e-05	0.011204481792717087	0.38095238095238093	16.916666666666668	1.5623689922096784	3.689655172413793	1.9444444444444444	0.6320346320346321	0.7509090909090909	-1	-1	0.1645021645021645	0.94398554977317	213	137	24
24-47_en_professional	en	10.181818181818182	1.6875	8.293409090909094	8.141775	0.42857142857142855	0.08035714285714286	0.6964285714285714	0.03571428571428571	0.0	1.0	0.739358010410642	4.2727272727272725	1.7894736842105263	0.005950567193275446	5.9463611764705886e-05	0.024553571428571428	0.03571428571428571	17.09090909090909	1.5664476745681852	4.121052631578947	2.0	0.7857142857142857	0.7976923076923078	-1	-1	0.14285714285714285	0.9703370270421671	108	68	11
24-48_en_professional	en	9.857142857142858	1.565217391304348	6.7238509316770205	7.646592546583852	0.4830917874396135	0.10144927536231885	0.7536231884057971	0.0966183574879227	0.004830917874396135	0.9523809523809523	0.811992875199986	3.4761904761904763	1.8571428571428572	0.004655151426114783	5.8633332283464564e-05	0.014492753623188404	0.2995169082125604	17.761904761904763	1.600668278252067	3.6968085106382977	1.861878453038674	0.6763285024154589	0.7834259259259262	-1	-1	0.07729468599033816	0.9356780430350543	183	127	21
24-49_en_professional	en	9.666666666666666	1.4679802955665024	5.50216748768473	6.396143513957307	0.4876847290640394	0.08374384236453201	0.7931034482758621	0.08374384236453201	0.0	0.9523809523809523	0.8330166361416362	3.2857142857142856	2.0476190476190474	0.0037828767221057586	5.8130256390977447e-05	0.010399562123700055	0.5270935960591133	17.428571428571427	1.6558053256999985	3.6810810810810812	1.9259259259259258	0.729064039408867	0.8383653846153845	-1	-1	0.1477832512315271	0.95742269199229	183	133	21
24-5_en_professional	en	13.5	1.8796296296296295	11.854629629629631	10.55858888888889	0.3148148148148148	0.14814814814814814	0.6666666666666666	0.0	0.018518518518518517	1.0	0.7853301320528211	3.875	1.7096774193548387	0.003035367274074074	5.022653559322034e-05	0.023148148148148147	0.009259259259259259	18.125	1.0707389832389833	5.35374149659864	2.1818181818181817	0.7685185185185185	0.7755555555555554	-1	-1	0.21296296296296297	0.9782826280421295	108	59	8
24-52_en_professional	en	10.066666666666666	1.7119205298013245	8.536662251655631	9.653825474613688	0.5314569536423841	0.09933774834437085	0.7798013245033113	0.054635761589403975	0.0016556291390728477	0.8333333333333334	0.8249069853625127	3.6	2.09375	0.00461166508087645	5.957559681372549e-05	0.0053564472146474485	1.0678807947019868	18.65	1.5556524750452998	3.8865248226950353	1.9066339066339066	0.554635761589404	0.7518019801980205	1.0019131830173742	0.8241824860572998	0.10264900662251655	0.9256817649057913	558	408	60
24-53_en_professional	en	11.382716049382717	1.6475054229934925	8.289823250582472	8.731736761200827	0.46746203904555317	0.07809110629067245	0.720173535791757	0.06941431670281996	0.005422993492407809	0.8024691358024691	0.7994034788110725	3.5308641975308643	2.0863309352517985	0.005646049455752587	6.504591172291297e-05	0.004527020654531737	1.594360086767896	20.580246913580247	1.638574270662445	3.931872037914692	1.970890410958904	0.42516268980477223	0.6883110571081418	1.126187992790473	1.0125850215920609	0.11605206073752712	0.8880102942556024	842	563	81
24-54_en_professional	en	13.25	1.649056603773585	9.036367924528303	8.433267924528302	0.4490566037735849	0.08427672955974842	0.6955974842767295	0.045283018867924525	0.007547169811320755	0.8666666666666667	0.7993570931682376	4.45	1.9362549800796813	0.005269586308852642	7.16505025e-05	0.004033832140533507	1.9018867924528302	19.633333333333333	1.3831316028626917	4.5779275484414494	1.8986301369863015	0.4025157232704403	0.6532902298850557	0.9196547738365635	0.8774799453076234	0.14465408805031446	0.888400867989931	746	480	60
24-55_en_professional	en	11.819444444444445	1.5687426556991775	7.530746670583628	7.803467280323803	0.47591069330199764	0.09518213866039953	0.7262044653349001	0.05405405405405406	0.005875440658049354	0.75	0.8061965001968074	4.416666666666667	1.9460431654676258	0.004452091576291935	7.721602270916334e-05	0.004292335814074944	1.337250293772033	19.36111111111111	1.5643069184892886	4.115520907158044	1.9704861111111112	0.4594594594594595	0.7459973404255301	0.9717598144949172	0.9813761156937209	0.11633372502937721	0.9106487587461521	760	502	72
24-56_en_professional	en	11.947368421052632	1.6233480176211454	8.224980292140042	8.549527312775332	0.43392070484581496	0.08590308370044053	0.7081497797356828	0.0671806167400881	0.011013215859030838	0.8026315789473685	0.8054337186693956	4.0394736842105265	2.0364963503649633	0.005505098782540258	8.011687161410018e-05	0.004265682198920396	1.2929515418502202	19.407894736842106	1.4986090567626924	4.2207967589466575	1.9282868525896415	0.4262114537444934	0.6678739184178006	0.941840236576245	0.9026026416649293	0.13766519823788545	0.8900914351186288	833	539	76
24-57_en_professional	en	10.607142857142858	1.7676767676767677	9.405371572871577	9.430164117364118	0.4882154882154882	0.07912457912457913	0.7272727272727273	0.03872053872053872	0.006734006734006734	0.8214285714285714	0.8018969141992858	3.875	1.8439024390243903	0.004616070873411708	6.553386824146982e-05	0.004702194357366771	1.0336700336700337	17.571428571428573	1.4847692455880026	4.353768844221105	2.02258064516129	0.5370370370370371	0.7293131313131317	1.1457527534409886	0.9747255996875541	0.132996632996633	0.9250132602997391	562	381	56
24-59_en_professional	en	14.073529411764707	1.7377220480668756	10.403796637777369	9.952660470834102	0.4284221525600836	0.11285266457680251	0.7105538140020898	0.042842215256008356	0.0073145245559038665	0.7647058823529411	0.7017493681558123	4.985294117647059	2.05	0.005618234954801024	6.36459517355372e-05	0.003244789088709234	1.87042842215256	21.764705882352942	1.3313602296082714	4.552048354600403	1.9445783132530121	0.3458725182863114	0.5898951048951053	1.095377236311034	0.9892109854459453	0.13479623824451412	0.8595058821094518	902	605	68
24-6_en_professional	en	15.03225806451613	2.0085836909871246	13.973868198809363	11.397384964696109	0.37553648068669526	0.20386266094420602	0.6931330472103004	0.012875536480686695	0.004291845493562232	0.9354838709677419	0.7176940781740443	4.571428571428571	1.888157894736842	0.005388187225751073	5.78478170212766e-05	0.008361698978836762	0.47854077253218885	19.771428571428572	1.101865850327399	5.081661891117479	2.37888198757764	0.5150214592274678	0.7077929155313349	-1	0.9865145760057352	0.10944206008583691	0.9174468256020316	454	282	35
24-60_en_professional	en	10.209302325581396	1.603644646924829	7.31463474068973	7.73712063357525	0.44419134396355353	0.10022779043280182	0.715261958997722	0.06150341685649203	0.00683371298405467	0.8837209302325582	0.7743523798408251	3.6744186046511627	1.86986301369863	0.00506392212273168	6.162281030534352e-05	0.00683371298405467	0.715261958997722	17.511627906976745	1.4898101838110536	4.102766798418973	1.930232558139535	0.5785876993166287	0.7467352941176462	-1	0.8841205219245905	0.14578587699316628	0.932585411585556	402	262	43
24-61_en_professional	en	16.734513274336283	1.6747752511898466	10.698808141031343	9.029425214921169	0.4553146483342147	0.12057112638815441	0.733474352194606	0.05605499735589635	0.006874669487043892	0.8053097345132744	0.7970317755497763	4.734513274336283	2.200354609929078	0.0047751117242549	6.177224444444444e-05	0.0021284213223145922	3.02432575356954	26.283185840707965	1.4521524940229695	4.377510040160643	1.9416299559471366	0.3426758328926494	0.6810323660714234	0.9968023201493758	1.0265368857329469	0.11422527763088314	0.8764684559591653	1753	1206	113
24-62_en_professional	en	13.772277227722773	1.6225736879942487	8.927557637144016	7.50241202781673	0.4392523364485981	0.10855499640546369	0.7311286843997125	0.06110711718188354	0.002875629043853343	0.801980198019802	0.7596431911391052	4.2772277227722775	2.1432098765432097	0.005153633953382211	6.800385510907004e-05	0.0030367634299313323	2.1250898634076205	21.396039603960396	1.439812400345368	4.299492385786802	1.861413043478261	0.33932422717469446	0.6331811145510855	0.9164587620774364	0.9044464638172612	0.1308411214953271	0.8597327525226627	1287	871	101
24-63_en_professional	en	11.708860759493671	1.6886486486486487	8.902509750256588	8.117316113581934	0.42486486486486486	0.09297297297297297	0.692972972972973	0.05945945945945946	0.006486486486486486	0.7974683544303798	0.7559829390453752	3.8354430379746836	1.825503355704698	0.00479033570605547	6.322052635514019e-05	0.004268884268884269	1.4054054054054055	18.974683544303797	1.5395966644910715	4.11968085106383	1.8687258687258688	0.35027027027027025	0.6123486682808731	1.0352247022502408	0.9657874394829846	0.13945945945945945	0.8607039448192387	857	535	79
24-64_en_professional	en	14.256637168141593	1.6207324643078833	9.094731574408247	7.540329846245118	0.4276846679081316	0.1005586592178771	0.6815642458100558	0.04965859714463067	0.0074487895716946	0.7079646017699115	0.7489146759051278	4.522123893805309	1.9257028112449799	0.005459760210031168	6.8874414795383e-05	0.0022879561985707235	2.207945375543141	22.699115044247787	1.5013695870327828	4.217459080280593	1.9066305818673883	0.3060211049037865	0.6153042328042369	1.0221703278987588	1.0097964797854388	0.14214773432650527	0.8632523112178379	1511	953	113
24-65_en_professional	en	12.173553719008265	1.6877121520706042	9.072689344846356	8.574328568783558	0.45689069925322473	0.13034623217922606	0.7277664630006789	0.03394433129667346	0.006788866259334691	0.71900826446281	0.69820507854626	4.181818181818182	1.9364754098360655	0.004858548218819545	6.872965744908897e-05	0.0024182562819198734	1.8913781398506448	21.00826446280992	1.4730947546584459	4.0499803227075954	1.9400855920114122	0.33129667345553293	0.5942649199417774	0.977376638445614	0.9857071004771091	0.13713509843856075	0.8686486217553162	1405	933	121
24-66_en_professional	en	15.76595744680851	1.6889338731443995	10.488143107359232	9.624597099951188	0.45681511470985153	0.0708502024291498	0.6909581646423751	0.04723346828609987	0.0033738191632928477	0.776595744680851	0.7407150603822605	4.787234042553192	2.0200892857142856	0.005938654218304695	7.635325241301907e-05	0.002726596711559117	2.874493927125506	26.904255319148938	1.5205918165256793	4.198979591836735	1.921875	0.2827260458839406	0.5757700650759225	0.9181366688524184	0.9192754426670898	0.11673414304993253	0.8387521491790382	1397	891	94
24-67_en_professional	en	11.244186046511627	1.6318510858324715	8.0510753709627	8.048368134484502	0.49120992761116855	0.08479834539813857	0.7300930713547052	0.05480868665977249	0.0031023784901758012	0.7790697674418605	0.8161095352337939	3.872093023255814	1.9090909090909092	0.004953209920074283	6.462995100671142e-05	0.003513678668797594	1.7331954498448812	20.523255813953487	1.6010250708118443	3.803030303030303	1.8881239242685026	0.45087900723888313	0.6834216589861741	0.9215722366232914	0.8976284145643929	0.11685625646328852	0.9051028722813186	892	596	86
24-68_en_professional	en	15.024590163934427	1.6644844517184942	9.91050669421266	8.104187307379286	0.4228041462084015	0.1287506819421713	0.7157665030005456	0.03491543917075832	0.002727768685215494	0.7377049180327869	0.6802216533673361	4.524590163934426	2.206642066420664	0.005601705250800354	7.125249505637468e-05	0.002205788257797714	2.4773595199127114	22.188524590163933	1.3708530246058481	4.509933774834437	1.9201101928374655	0.28532460447354063	0.5886562860438279	0.9135501344717026	0.9432828686445986	0.14839061647572285	0.8512497280305583	1761	1153	122
24-69_en_professional	en	11.666666666666666	1.7083743842364532	9.118817733990149	8.248504105090312	0.46206896551724136	0.06995073891625615	0.7044334975369458	0.061083743842364535	0.005911330049261084	0.7471264367816092	0.7672522252384719	3.781609195402299	1.9967320261437909	0.0055440789688846895	6.878534967532468e-05	0.003662706461895103	1.9408866995073892	18.310344827586206	1.401042648116785	4.245942571785268	1.891089108910891	0.432512315270936	0.6850873362445393	0.7572435540715557	0.8248823211529862	0.13596059113300493	0.905634049724149	944	616	87
24-7_en_professional	en	16.84	1.7292161520190024	11.382350593824231	8.679935410926365	0.33966745843230406	0.10688836104513064	0.6294536817102138	0.0023752969121140144	0.0	1.0	0.7074429184066789	5.88	2.2035398230088497	0.007618416258194775	5.482231787234043e-05	0.008529475275318506	0.32066508313539194	19.68	1.014254456823684	5.550607287449393	2.0847457627118646	0.45368171021377673	0.6392546583850933	-1	0.7868701149235809	0.2209026128266033	0.9177684425154974	421	235	25
24-70_en_professional	en	11.55056179775281	1.6527237354085602	8.416859178944609	8.858656656319678	0.43093385214007784	0.12062256809338522	0.7169260700389105	0.04474708171206226	0.0029182879377431907	0.7752808988764045	0.8004970271571163	4.089887640449438	2.0441640378548898	0.005021379829352996	9.353550312989046e-05	0.0035547869529711294	1.593385214007782	19.640449438202246	1.6171915848830534	4.077226606538895	1.939958592132505	0.4182879377431907	0.6968568353067813	0.936431415252718	0.8636240289765534	0.13229571984435798	0.8934251526303948	966	639	89
24-71_en_professional	en	12.596026490066226	1.5920084121976867	8.108149595058535	8.203300634396697	0.4705573080967403	0.08464773922187172	0.7229232386961093	0.05993690851735016	0.002103049421661409	0.6688741721854304	0.6766970333346922	4.013245033112582	1.973063973063973	0.0049864097604452005	0.00010834343788767812	0.0027287806756416525	2.034700315457413	19.423841059602648	1.528723722234856	4.426007450050796	1.953512396694215	0.2812828601472135	0.5603161397670585	1.0152650956211273	1.026362399191241	0.12197686645636173	0.8418109456547265	1759	1193	151
24-72_en_professional	en	13.990654205607477	1.657314629258517	9.42266776543742	8.86616123087296	0.49632598530394123	0.08350033400133601	0.7461589846359385	0.05811623246492986	0.008016032064128256	0.6448598130841121	0.7622946118595177	4.233644859813084	2.131182795698925	0.004511784935659693	5.961585067357513e-05	0.0029891918128823595	2.6720106880427523	23.242990654205606	1.5799576459608748	4.124849939975991	1.890643985419198	0.3092852371409486	0.6064949928469245	0.9984716982517207	0.9791381393985519	0.11823647294589178	0.8482009548795341	1387	965	107
24-73_en_professional	en	11.030927835051546	1.6560747663551403	8.25374409866076	8.329838423740245	0.45514018691588787	0.1102803738317757	0.7299065420560747	0.06728971962616823	0.008411214953271028	0.7525773195876289	0.7998993095371046	3.8556701030927836	2.0443037974683542	0.004424582664809058	8.17900552715655e-05	0.003426791277258567	2.506542056074766	19.88659793814433	1.6927464027766113	3.8594956253216677	1.9473684210526316	0.43457943925233644	0.7167765190525207	0.9282932518835996	0.821029054518175	0.10747663551401869	0.9033692569471738	978	626	97
24-74_en_professional	en	14.89516129032258	1.6334596643205197	9.493936942207938	8.892146658050544	0.4428803465078506	0.12236058473199783	0.7384948565240931	0.05901461829994586	0.010828370330265295	0.7419354838709677	0.7654110549373202	4.57258064516129	2.1252236135957068	0.004234350438632818	7.317540434412265e-05	0.002413381884065664	2.6691932864103953	24.403225806451612	1.6134372292590926	4.068637110016421	1.922680412371134	0.29507309149972927	0.609994279176199	0.9536975795963447	0.9683821352242569	0.136978884677856	0.8451703794901001	1714	1174	124
24-75_en_professional	en	11.891156462585034	1.602974828375286	7.96265399523654	8.408596097386324	0.4742562929061785	0.10354691075514874	0.7402745995423341	0.07322654462242563	0.006292906178489702	0.7074829931972789	0.7880471693783123	3.857142857142857	2.0976058931860035	0.004439381703875572	7.392941226591762e-05	0.002711760572262563	2.9570938215102975	21.462585034013607	1.6649713743271504	3.787193973634652	1.8968903436988542	0.36327231121281467	0.6969011522134558	0.9722662772889727	0.9057973270456972	0.09153318077803203	0.8721848984585417	1549	1068	147
24-76_en_professional	en	12.87012987012987	1.7497477295660948	10.076373858230568	10.003686925183796	0.4308779011099899	0.10494450050454086	0.7103935418768921	0.06357214934409687	0.012108980827447022	0.7272727272727273	0.7112162235896315	4.220779220779221	1.9933554817275747	0.004908365728118627	9.055752951096121e-05	0.004096391331507376	1.7598385469223008	20.38961038961039	1.5040538496649205	4.25615141955836	1.8517034068136273	0.32694248234106965	0.5790134529147982	1.0019208654815193	0.8934506205002435	0.12008072653884964	0.852349571592696	913	593	77
24-77_en_professional	en	13.717391304347826	1.589540412044374	8.516359470819264	8.022945607386482	0.4786053882725832	0.08399366085578447	0.7416798732171157	0.07131537242472266	0.006339144215530904	0.8478260869565217	0.8123270398954258	4.358695652173913	1.974293059125964	0.004760631105558649	7.035218824273072e-05	0.0027545090936533095	4.062599049128368	22.902173913043477	1.64787050761138	4.039150943396226	1.9130434782608696	0.41283676703645006	0.7285984522785883	0.7874027552288739	0.7955060525662203	0.12202852614896989	0.8936479942035882	1149	791	92
24-80_en_professional	en	13.692307692307692	1.7640449438202248	10.565730337078655	9.737537366753097	0.3838951310861423	0.13670411985018727	0.6760299625468165	0.024344569288389514	0.00749063670411985	0.8974358974358975	0.7689243805729875	4.846153846153846	2.051282051282051	0.005194298664997416	7.094745516129033e-05	0.006377163680534467	0.7172284644194756	19.871794871794872	1.3945176096199274	4.776923076923077	2.062146892655367	0.45318352059925093	0.6776781609195399	1.1398298503413091	0.8470098663447727	0.1797752808988764	0.902307068429761	517	310	39
24-81_en_professional	en	14.0	1.7555555555555555	10.585555555555558	9.977609523809525	0.4492063492063492	0.10634920634920635	0.7253968253968254	0.047619047619047616	0.007936507936507936	0.8444444444444444	0.7468434319886758	4.688888888888889	2.01010101010101	0.004370912048104722	7.6858168e-05	0.005757858699035169	1.0825396825396825	21.444444444444443	1.7012157051514967	4.521560574948666	1.9090909090909092	0.4634920634920635	0.6745009416195848	1.0628132347496448	0.806506334161526	0.12698412698412698	0.8924541718766345	587	400	45
24-82_en_professional	en	10.881818181818181	1.7243107769423558	9.000776258828889	8.67540073517126	0.4628237259816207	0.0910609857978279	0.7176274018379282	0.03759398496240601	0.001670843776106934	0.7727272727272727	0.7030185120150709	4.1	1.8034398034398034	0.005114494108792598	7.638393422103861e-05	0.002723092719075041	3.219715956558062	18.336363636363636	1.493710489868623	4.245218244237371	2.00327868852459	0.404344193817878	0.6529781420765045	0.7246373667738436	0.7337813447362987	0.14202172096908938	0.890204156679996	1129	751	110
24-83_en_professional	en	11.677966101694915	1.5297532656023223	7.015495313768422	5.9553933777766845	0.432510885341074	0.10014513788098693	0.7039187227866474	0.03773584905660377	0.005805515239477504	0.864406779661017	0.7563248753667644	4.135593220338983	2.0428571428571427	0.005610021461711765	8.081805011764706e-05	0.005124255798110246	0.872278664731495	17.677966101694917	1.317985201367095	4.243626062322946	1.9405594405594406	0.4847605224963715	0.7082033898305069	1.1877095406972311	1.09103134220722	0.16690856313497823	0.9083091923892066	655	425	59
24-84_en_professional	en	13.758064516129032	1.7960140679953107	10.968611163634993	10.452018961539915	0.451348182883939	0.07971864009378664	0.6963657678780774	0.03048065650644783	0.005861664712778429	0.9032258064516129	0.6964130951016196	4.806451612903226	1.8664259927797835	0.005245378524271876	7.106469595375723e-05	0.0041823769842527165	1.805392731535756	20.483870967741936	1.22420065212702	4.600469116497264	2.0207100591715976	0.42907385697538103	0.730610079575598	0.9397241351811635	1.0413362101797434	0.1559202813599062	0.8978269997883669	819	519	62
24-85_en_professional	en	10.676470588235293	1.5950413223140496	7.395311132717552	7.3893620807000495	0.512396694214876	0.06336088154269973	0.7272727272727273	0.05234159779614325	0.008264462809917356	0.8823529411764706	0.8241261666162855	4.176470588235294	1.7669172932330828	0.0045052642789885815	8.425861866666666e-05	0.008623787279913763	0.5013774104683195	18.029411764705884	1.5946975159136203	4.061488673139158	1.979899497487437	0.6005509641873278	0.7453409090909086	-1	1.1048026567240712	0.12396694214876033	0.9427346420355127	337	225	34
24-86_en_professional	en	9.678899082568808	1.7327014218009478	8.630647419453023	9.044117613809297	0.4843601895734597	0.09194312796208531	0.7364928909952607	0.052132701421800945	0.005687203791469194	0.7706422018348624	0.7617508689341973	3.688073394495413	1.997032640949555	0.004948306967784892	7.819524647676161e-05	0.003684834123222749	1.823696682464455	16.568807339449542	1.6258772992798163	4.050791916985254	1.9641693811074918	0.4549763033175355	0.7072698744769867	0.8614501785492984	0.7934552021723742	0.11563981042654028	0.9051659349123834	980	667	109
24-87_en_professional	en	18.517241379310345	1.7802607076350092	12.638800488024145	10.45422987221473	0.3891992551210428	0.1005586592178771	0.659217877094972	0.016139044072004966	0.008690254500310366	0.8850574712643678	0.7383051664534498	5.2298850574712645	1.829268292682927	0.005917795710552452	9.806671427104724e-05	0.0023449893096075592	3.455617628801986	24.091954022988507	1.114805502918681	5.243461721350451	2.073369565217391	0.3339540657976412	0.6815343915343899	0.6788048231734004	0.7595309835130838	0.186219739292365	0.8831970616451829	1582	974	87
24-9_en_professional	en	18.708333333333332	1.7282850779510022	12.100013919821826	9.298066740905716	0.3028953229398664	0.1291759465478842	0.6035634743875279	0.004454342984409799	0.0	1.0	0.7377291463237252	5.291666666666667	2.311926605504587	0.006435117636748329	8.176750595744682e-05	0.005567928730512249	0.36525612472160357	22.875	1.1590951524506097	5.271402550091075	2.0491803278688523	0.5189309576837416	0.6848285714285721	-1	0.8028090556588838	0.18930957683741648	0.937432667582101	443	235	24
24-91_en_professional	en	11.166666666666666	1.9147121535181237	11.358603411513862	10.889241506751954	0.40085287846481876	0.17057569296375266	0.732409381663113	0.014925373134328358	0.005330490405117271	0.7976190476190477	0.7654974518404624	4.0	1.8729096989966556	0.0043229982404051175	5.6268535772357724e-05	0.0047720580769621285	1.4861407249466951	16.726190476190474	1.141638181352162	4.8284722222222225	2.1302931596091206	0.38486140724946694	0.6686889153754457	0.7728105337213089	0.8262867273816253	0.15458422174840086	0.883471968697619	920	615	84
24-92_en_professional	en	8.28061224489796	1.9168207024029575	10.257923063865103	10.271366796182429	0.5070856438693777	0.14849044978434997	0.7825015403573629	0.009242144177449169	0.0030807147258163892	0.7244897959183674	0.7040337146214789	3.2448979591836733	1.903448275862069	0.0034766139273567464	5.636679203020135e-05	0.0022715631472284706	4.945163277880468	12.98469387755102	1.1424576607203778	4.6129636568003	2.286392405063291	0.41035120147874304	0.7444619422572158	0.8268386550405811	0.8385607324247442	0.11460258780036968	0.8983029364506235	1595	1192	196
24-93_en_professional	en	19.625	1.9713375796178343	15.325533439490446	12.052669426751592	0.3678343949044586	0.13853503184713375	0.6592356687898089	0.004777070063694267	0.006369426751592357	0.96875	0.757072982421927	5.5625	2.0977011494252875	0.00578885513455414	9.63140531088083e-05	0.005637803408504045	0.48089171974522293	25.75	1.090890611820573	5.356197352587245	2.090909090909091	0.4713375796178344	0.7213610586011348	0.9292369452588968	0.8652584054223699	0.17834394904458598	0.9243589430695034	621	386	32
24-94_en_professional	en	17.5625	1.9679715302491103	14.481439056939504	12.240417971530249	0.398576512455516	0.11387900355871886	0.6619217081850534	0.0071174377224199285	0.0035587188612099642	1.0	0.7491628060049111	5.8125	2.08974358974359	0.005658852261209964	8.228644352941177e-05	0.009552350627458324	0.4128113879003559	22.25	1.108898199552687	5.724233983286908	2.357142857142857	0.594306049822064	0.7616483516483515	-1	-1	0.1708185053380783	0.9385651763182432	277	170	16
24-95_en_professional	en	14.196078431372548	1.9654696132596685	13.139012024699383	12.728501440797313	0.4585635359116022	0.0925414364640884	0.6616022099447514	0.017955801104972375	0.009668508287292817	0.7647058823529411	0.6833024956787636	3.9655172413793105	1.776190476190476	0.0041604881176795575	5.2962910833333336e-05	0.00648108797280068	1.2665745856353592	23.03448275862069	1.2241712019021913	4.175595238095238	2.0945945945945947	0.3342541436464088	0.5355519999999976	0.4665839460356974	0.5437351494620012	0.12845303867403315	0.8464411603781417	710	480	58
24-96_en_professional	en	17.2	1.930232558139535	13.894744186046513	11.388979534883722	0.45348837209302323	0.12790697674418605	0.686046511627907	0.023255813953488372	0.0	1.0	0.7018939393939394	4.4	1.9259259259259258	0.006395762141860465	8.805078928571429e-05	0.023255813953488372	0.05813953488372093	22.6	1.1067619337184555	5.543859649122807	1.7058823529411764	0.7906976744186046	0.7906976744186046	-1	-1	0.11627906976744186	0.9767657424254169	84	56	5
24-97_en_professional	en	15.512820512820513	1.8545454545454545	12.343636363636364	9.54279317652045	0.36363636363636365	0.14545454545454545	0.6644628099173554	0.008264462809917356	0.001652892561983471	0.8974358974358975	0.6598584596715625	4.871794871794871	1.803370786516854	0.004995598163471075	0.00011280665410764873	0.006115702479338843	0.9917355371900827	19.512820512820515	1.0218091867081607	5.425227568270481	2.1386861313868613	0.46115702479338844	0.69816205533597	0.7864910193891869	0.825538556848658	0.16033057851239668	0.9146859682769537	596	353	39
24-98_en_professional	en	15.2	1.881578947368421	12.54063157894737	9.986571578947368	0.4342105263157895	0.09210526315789473	0.7105263157894737	0.0	0.0	1.0	0.7953296703296703	5.0	1.875	0.007152772328947368	6.886524489795918e-05	0.02894736842105263	0.06578947368421052	19.6	0.9705091714104996	5.204081632653061	2.0454545454545454	0.7368421052631579	0.7368421052631579	-1	-1	0.14473684210526316	0.9541992646749766	75	49	5
24-99_en_professional	en	17.5	1.9714285714285715	14.497857142857146	11.344642857142857	0.4	0.14285714285714285	0.7214285714285714	0.0	0.0	1.0	0.7445856903481032	6.0	1.6170212765957446	0.005024107773571428	5.256341979166667e-05	0.015476190476190475	0.04285714285714286	25.75	1.0857381599738412	4.970873786407767	2.06	0.7	0.7704878048780487	-1	-1	0.15	0.9516814317482584	140	96	8
3-19_en_professional	en	12.397435897435898	1.581178903826267	7.902911065149951	6.503135666746215	0.34022750775594623	0.09100310237849017	0.6380558428128231	0.022750775594622543	0.008273009307135471	0.9358974358974359	0.7697031873760586	4.205128205128205	2.0991735537190084	0.006067290129650383	7.997890801457195e-05	0.005392229280543655	0.6473629782833505	17.012820512820515	1.2409510342937433	4.710978342046303	2.2007042253521125	0.3640124095139607	0.6939400921659006	0.7337281794127924	0.8165096155232505	0.19751809720785937	0.8833333981459468	940	549	78
3-28_en_professional	en	17.714285714285715	1.814516129032258	12.729861751152075	11.382312442396312	0.3629032258064516	0.16129032258064516	0.7016129032258065	0.016129032258064516	0.0	1.0	0.6279461279461279	6.142857142857143	2.081081081081081	0.006777196817741936	9.971226097560974e-05	0.0228494623655914	0.10483870967741936	23.142857142857142	1.0742921100063956	5.3128834355828225	1.9285714285714286	0.6935483870967742	0.7296	-1	-1	0.14516129032258066	0.9472777900446344	122	82	7
3-29_en_professional	en	13.10126582278481	1.8144927536231885	10.930508163639704	9.169734544120345	0.38454106280193234	0.1536231884057971	0.702415458937198	0.008695652173913044	0.001932367149758454	0.8860759493670886	0.687129676017486	3.9746835443037973	2.21160409556314	0.005159167088115942	6.812379380664653e-05	0.0035663540778630293	1.1594202898550725	18.367088607594937	1.1859905569798144	4.936010891763104	2.157446808510638	0.43671497584541064	0.7289423076923086	0.6922840284935535	0.8001970869817054	0.16908212560386474	0.9124994159096227	1021	662	79
3-31_en_professional	en	13.402061855670103	1.7607692307692309	10.413881046788266	9.581486280729582	0.39384615384615385	0.11461538461538462	0.6692307692307692	0.02	0.004615384615384616	0.6597938144329897	0.5865413623460652	4.608247422680412	2.150442477876106	0.005367467751076923	6.511019949302916e-05	0.002951048951048951	2.336153846153846	19.742268041237114	1.2677902805390797	4.821243523316062	2.763723150357995	0.34	0.6283263946711086	0.8674160176834248	0.8461367855043425	0.15846153846153846	0.883617046492107	1267	789	97
3-34_en_professional	en	10.510204081632653	1.8932038834951457	10.848785417079455	9.74892748167228	0.41941747572815535	0.11262135922330097	0.6640776699029126	0.0	0.001941747572815534	0.7959183673469388	0.7377340342093195	3.8979591836734695	1.641304347826087	0.005502960426796117	6.918478466257669e-05	0.006456310679611651	1.1650485436893203	15.612244897959183	1.1255281018232184	4.698979591836735	2.228187919463087	0.46601941747572817	0.716730769230768	0.43256414694759765	0.8001227446740667	0.16310679611650486	0.9129596363241954	514	326	49
3-36_en_professional	en	19.822916666666668	1.886495007882291	14.401578593011035	11.2143102163251	0.37256962690488704	0.15712033631108777	0.6941671045717288	0.04203888596952181	0.006305832895428271	0.96875	0.6957531814615214	5.416666666666667	1.9674657534246576	0.0050239670905501315	6.473407777777778e-05	0.0020943285582642203	2.6111403047819235	29.354166666666668	1.200048704216537	4.797602256699577	1.9323308270676691	0.326326852338413	0.6944567627494415	0.5544961517478605	0.6473065444421175	0.13084603258013663	0.883847117233586	1817	1170	96
3-39_en_professional	en	14.3	2.2867132867132867	16.97021678321678	14.299876083916082	0.4195804195804196	0.1888111888111888	0.7342657342657343	0.0	0.0	1.0	0.7024224021592443	4.8	1.9230769230769231	0.00443031908041958	5.542066504854369e-05	0.018648018648018648	0.16083916083916083	21.3	1.14116829145236	5.342592592592593	2.2093023255813953	0.6853146853146853	0.7745454545454542	-1	-1	0.1258741258741259	0.9427623197739667	142	103	10
3-40_en_professional	en	16.6	1.8900602409638554	13.186710843373497	10.590384457831325	0.37349397590361444	0.12349397590361445	0.6581325301204819	0.01430722891566265	0.005271084337349397	0.9125	0.6986547465518951	4.654320987654321	2.0483460559796436	0.006522723125225904	6.264812643818849e-05	0.0030120481927710845	1.5414156626506024	23.246913580246915	1.2147839275284331	4.881489250131096	2.003058103975535	0.3373493975903614	0.6526932465419051	0.7544685964268875	0.7646703828309609	0.1686746987951807	0.8752777818944505	1304	817	81
3-44_en_professional	en	23.818181818181817	1.8435114503816794	15.452526023594729	11.654613740458014	0.2881679389312977	0.15076335877862596	0.6507633587786259	0.026717557251908396	0.009541984732824428	1.0	0.737922702446198	5.409090909090909	2.288	0.006775999794656489	6.929538419243987e-05	0.0066157760814249365	0.5553435114503816	31.272727272727273	1.1516689031689615	5.133720930232558	1.8071428571428572	0.4618320610687023	0.6952000000000007	0.8554169419788709	0.9481805518730188	0.183206106870229	0.9123664365338491	506	291	22
3-49_en_professional	en	14.534883720930232	2.016	13.867404651162794	11.092256558139535	0.3472	0.1472	0.6544	0.0064	0.0096	0.9302325581395349	0.732258270858282	4.651162790697675	1.7621621621621621	0.005119800674719999	4.977761601049869e-05	0.005263157894736842	0.7072	20.488372093023255	1.1689961427421414	5.105499438832772	2.1466666666666665	0.4912	0.7057034220532317	0.8178665946531233	0.9202290498993282	0.1904	0.9243222085422387	619	381	43
3-51_en_professional	en	11.333333333333334	1.7659313725490196	9.667990196078435	8.087813235294117	0.3897058823529412	0.15441176470588236	0.6911764705882353	0.0196078431372549	0.004901960784313725	0.9166666666666666	0.7502474534711057	3.7534246575342465	1.8850574712643677	0.005553667239338235	5.575769332023576e-05	0.004038090646094503	1.4730392156862746	16.80821917808219	1.18504081685234	4.498397435897436	2.082089552238806	0.4791666666666667	0.7392329149232904	0.8285070313166583	0.8483862463892488	0.13725490196078433	0.9219817277706727	798	509	73
3-53_en_professional	en	11.898550724637682	1.6792529435647585	8.865619516672847	8.129366629596285	0.4060089321965083	0.1368250101502233	0.7255379618351604	0.06536743808363785	0.0028420625253755584	0.7584541062801933	0.6582365561159016	3.8340807174887894	2.02	0.0048465237013844255	5.593876420566908e-05	0.0018612544307435436	4.409257003654081	17.668161434977577	1.2356450501174372	4.179985063480209	1.913140311804009	0.3321153065367438	0.6980541455160765	0.6633330562297327	0.6808126606805913	0.12911084043848964	0.8847093217680957	2263	1517	223
4-1_en_professional	en	15.0	1.5686274509803921	8.76980392156863	5.99150980392157	0.34509803921568627	0.10588235294117647	0.6313725490196078	0.00392156862745098	0.00392156862745098	1.0	0.7378621783014822	4.0	1.826086956521739	0.005743308623529412	9.18948794326241e-05	0.012605042016806723	0.15294117647058825	21.352941176470587	1.2063409978537958	4.573407202216067	2.1846153846153844	0.5803921568627451	0.7237820512820514	-1	-1	0.2196078431372549	0.928539664870151	251	141	17
4-10_en_professional	en	6.875	2.1	11.87125	12.228590909090908	0.4090909090909091	0.17272727272727273	0.7363636363636363	0.00909090909090909	0.0	0.8125	0.7464672364672363	2.5625	2.1176470588235294	0.0048768762781818175	3.815603561643836e-05	0.021487603305785124	0.3090909090909091	11.375	1.5431542642140468	4.486910994764398	2.3461538461538463	0.6909090909090909	0.7381818181818183	-1	-1	0.17272727272727273	0.925376866513258	109	73	16
4-11_en_professional	en	14.619047619047619	1.6661237785016287	9.771689157747794	8.482203784706066	0.34527687296416937	0.1465798045602606	0.6742671009771987	0.04723127035830619	0.0016286644951140066	0.9047619047619048	0.72194487348324	4.023809523809524	1.8271604938271604	0.0043850095833876225	6.065850388888889e-05	0.006000342876735814	0.6742671009771987	22.595238095238095	1.2244742114444531	4.333333333333333	1.9134615384615385	0.44136807817589574	0.6876699029126185	0.31700999299141663	0.6025987737138508	0.17263843648208468	0.9084289883677277	585	360	42
4-12_en_professional	en	13.268041237113403	1.7094017094017093	9.755476253414397	8.19114765257652	0.40093240093240096	0.10955710955710955	0.6682206682206682	0.027972027972027972	0.002331002331002331	0.7216494845360825	0.7283239996733041	4.278350515463917	1.8673218673218672	0.006284372480808081	6.405109169859514e-05	0.003211603211603212	2.351981351981352	19.030927835051546	1.2060730089016745	4.59144385026738	2.0808383233532934	0.30225330225330227	0.6669612794612819	0.5489836364241164	0.5984048948978994	0.15073815073815075	0.8599708342025616	1243	783	97
4-2_en_professional	en	13.58695652173913	1.7408	10.250353043478263	9.058195130434783	0.376	0.1152	0.6432	0.008	0.0016	0.8478260869565217	0.7284999534082949	4.369565217391305	1.6971153846153846	0.006855519443679999	5.8121978116343496e-05	0.005472	1.5344	19.130434782608695	1.1825490273562198	4.8108108108108105	2.15	0.3792	0.6484410646387841	0.6119732058790166	0.6810760083130636	0.1712	0.8846313660601327	616	361	46
4-22_en_professional	en	12.0	1.7522522522522523	9.766576576576579	9.071647747747749	0.38963963963963966	0.14414414414414414	0.6981981981981982	0.01126126126126126	0.0045045045045045045	1.0	0.7767243173493175	4.081081081081081	1.9323308270676691	0.004973901479504505	5.248151354166667e-05	0.007455731593662628	0.5540540540540541	17.62162162162162	1.1416858950227828	4.7443267776096825	2.1180555555555554	0.5202702702702703	0.7140579710144915	-1	0.7825118729162603	0.1891891891891892	0.9208850699031887	436	288	37
4-23_en_professional	en	9.2	1.6956521739130435	8.006695652173914	6.549326956521738	0.32608695652173914	0.08695652173913043	0.5869565217391305	0.021739130434782608	0.021739130434782608	1.0	0.7818181818181819	3.8	2.1818181818181817	0.005584669565217391	4.936363636363636e-05	0.043478260869565216	0.0	12.0	1.125	5.016666666666667	2.0	0.782608695652174	0.782608695652174	-1	-1	0.2391304347826087	0.9691656839909223	46	22	5
4-24_en_professional	en	9.441176470588236	1.7133956386292835	8.310127359354958	8.991851310243725	0.43613707165109034	0.17133956386292834	0.7071651090342679	0.003115264797507788	0.006230529595015576	0.8235294117647058	0.6844481718883633	3.5588235294117645	2.0097087378640777	0.004596925466978193	3.4323705633802816e-05	0.010218068535825544	0.48909657320872274	14.911764705882353	1.2469213196359197	4.519455252918288	2.4	0.5264797507788161	0.7135585585585585	-1	0.7888366165151847	0.1526479750778816	0.9093325214362846	311	213	34
4-27_en_professional	en	10.305555555555555	1.719676549865229	8.721349955076374	6.722886732554659	0.3611859838274933	0.12129380053908356	0.6469002695417789	0.0026954177897574125	0.0026954177897574125	0.9722222222222222	0.7324351638336605	3.611111111111111	1.9724770642201834	0.006657382951212937	5.744522177777777e-05	0.009924038225925018	0.3557951482479784	13.63888888888889	1.1920859407531368	4.916831683168317	2.260869565217391	0.5148247978436657	0.6794117647058812	-1	0.9369794087129067	0.1752021563342318	0.911075047855889	369	225	36
4-3_en_professional	en	15.843137254901961	1.6287128712871286	9.807635410599886	7.211658192583965	0.3069306930693069	0.13242574257425743	0.6311881188118812	0.01608910891089109	0.0012376237623762376	0.9215686274509803	0.7273829608966383	4.055555555555555	2.088372093023256	0.007542666811633663	6.412616697247707e-05	0.004982228992129982	0.5371287128712872	20.22222222222222	1.104851555966918	4.72242314647378	2.117021276595745	0.42326732673267325	0.6794217207334261	0.7520980361930122	0.9453959488907483	0.17945544554455445	0.9091441578645848	795	436	54
4-30_en_professional	en	13.379310344827585	1.8634020618556701	11.616075364379665	11.133567081407751	0.46649484536082475	0.17525773195876287	0.7268041237113402	0.0	0.002577319587628866	0.896551724137931	0.6850559646935698	4.645161290322581	1.9090909090909092	0.004967748553865979	4.8363977358490564e-05	0.009684473601999376	0.8195876288659794	21.483870967741936	1.244276170595043	4.464977645305514	2.471264367816092	0.5489690721649485	0.7234602076124584	-1	1.2433233912359054	0.1134020618556701	0.9276703163058508	373	265	31
4-32_en_professional	en	17.602739726027398	1.658365758754864	10.843784446458084	8.424279249506956	0.3408560311284047	0.12607003891050583	0.642023346303502	0.0178988326848249	0.007782101167315175	0.9726027397260274	0.7152833464992934	5.273972602739726	1.804749340369393	0.006286228837821012	8.55224241011984e-05	0.002841778516154418	2.345525291828794	23.753424657534246	1.1472156896496442	4.874712643678161	1.975177304964539	0.37665369649805447	0.7116441821247889	0.5627343475014323	0.6912562450927734	0.16575875486381322	0.8998730792822344	1255	751	73
4-33_en_professional	en	15.016949152542374	1.6975169300225734	10.297309943757892	8.726488525844589	0.3510158013544018	0.12189616252821671	0.6320541760722348	0.006772009029345372	0.011286681715575621	0.9152542372881356	0.7482506168895048	4.05	1.8773946360153257	0.0068163579907449205	4.8720381297709926e-05	0.004778028592927012	1.7054176072234764	20.633333333333333	1.1617373404038223	4.764988009592326	2.1407766990291264	0.34085778781038373	0.6961245235069877	0.6018697594728418	0.6389750359242379	0.17720090293453725	0.8746260201294742	876	524	60
4-34_en_professional	en	12.0	1.5833333333333333	7.773333333333333	5.788066666666667	0.3333333333333333	0.1111111111111111	0.6388888888888888	0.0	0.0	1.0	0.75	3.3333333333333335	1.5454545454545454	0.0036177838638888887	6.087909130434782e-05	0.05555555555555555	0.0	16.666666666666668	1.116123642439432	4.607843137254902	1.8333333333333333	0.8055555555555556	0.8055555555555556	-1	-1	0.3611111111111111	0.9858230443082923	36	23	3
4-36_en_professional	en	6.625	1.7924528301886793	8.144693396226419	10.102511320754717	0.4716981132075472	0.09433962264150944	0.6792452830188679	0.0	0.0	0.875	0.7388888888888888	2.5	1.7272727272727273	0.008368317973584906	3.2817429411764706e-05	0.03773584905660377	0.018867924528301886	11.75	1.3527173913043478	4.216494845360825	2.526315789473684	0.7735849056603774	0.7735849056603774	-1	-1	0.1320754716981132	0.9738049131714716	52	34	8
4-37_en_professional	en	15.875	1.4409448818897639	7.604399606299214	5.32685905511811	0.28346456692913385	0.07874015748031496	0.5905511811023622	0.007874015748031496	0.023622047244094488	1.0	0.7987266145160881	4.25	2.125	0.005760132614173228	4.266582608695652e-05	0.017997750281214846	0.09448818897637795	20.125	1.1029911517575992	4.742331288343558	2.1818181818181817	0.5748031496062992	0.6453571428571431	-1	-1	0.2283464566929134	0.9142899468175075	125	69	8
4-38_en_professional	en	17.125	1.6222627737226278	10.231450729927012	7.309121167883209	0.26824817518248173	0.1332116788321168	0.5875912408759124	0.02737226277372263	0.0	0.8125	0.7886983019296431	4.5675675675675675	2.021897810218978	0.008893188298175182	6.752548723404256e-05	0.0054320149380410795	1.010948905109489	20.72972972972973	1.1467860297714567	4.523498694516971	1.9435483870967742	0.3795620437956204	0.6336302895322934	0.9891660445467739	0.8642086768595968	0.20072992700729927	0.8857310499680382	536	282	37
4-39_en_professional	en	3.0	1.962962962962963	8.742962962962967	10.516600000000002	0.5555555555555556	0.07407407407407407	0.7037037037037037	0.0	0.0	0.6666666666666666	0.6221590909090909	1.8888888888888888	1.4	0.00630651287037037	5.1360394736842107e-05	0.07407407407407407	0.0	5.111111111111111	1.675925925925926	4.269230769230769	1.0	0.8888888888888888	0.8888888888888888	-1	-1	0.1111111111111111	0.9622251858852542	27	19	9
4-40_en_professional	en	16.066666666666666	1.6672199170124482	10.349195020746887	8.429271977869988	0.3261410788381743	0.09294605809128631	0.6174273858921162	0.014107883817427386	0.006639004149377593	0.96	0.7362756437782433	4.933333333333334	1.9875776397515528	0.007672413587551868	5.723339201183432e-05	0.004060006383657836	1.245643153526971	21.333333333333332	1.1132707621178335	4.950186799501868	2.046692607003891	0.3145228215767635	0.6686075949367106	0.6978634372708554	0.759136820950642	0.18506224066390042	0.8701216886629796	1187	676	75
4-41_en_professional	en	11.911764705882353	1.7691358024691357	9.93139070442992	8.828091503267975	0.3814814814814815	0.15308641975308643	0.6604938271604939	0.003703703703703704	0.0024691358024691358	0.7647058823529411	0.7349423682842542	3.535211267605634	1.9881422924901186	0.007325483172962963	5.290380059760957e-05	0.004384844614729672	1.5308641975308641	17.91549295774648	1.3289391387291252	4.385790679908327	2.3043478260869565	0.45555555555555555	0.7055555555555578	0.8643132387920243	0.8760914761355116	0.12962962962962962	0.9198713000524918	802	502	71
4-42_en_professional	en	17.636363636363637	1.7525773195876289	11.96859418931584	9.33962474226804	0.34536082474226804	0.15463917525773196	0.6288659793814433	0.020618556701030927	0.0	1.0	0.7516180235535075	5.090909090909091	1.9454545454545455	0.007296089006185567	3.611572830188679e-05	0.012688342585249802	0.25257731958762886	28.454545454545453	1.3245949934997923	4.173633440514469	1.9464285714285714	0.5927835051546392	0.7256842105263159	-1	-1	0.14948453608247422	0.9396555945603557	190	106	11
4-43_en_professional	en	9.333333333333334	2.107142857142857	12.914285714285718	12.457676190476192	0.5714285714285714	0.10714285714285714	0.7857142857142857	0.0	0.0	1.0	0.84375	4.333333333333333	1.9090909090909092	0.006758152428571429	1.19134e-05	0.125	0.03571428571428571	20.333333333333332	1.537037037037037	4.229508196721311	2.0833333333333335	0.75	0.75	-1	-1	0.10714285714285714	0.9039693650225663	28	20	3
4-46_en_professional	en	16.578125	1.707822808671065	11.027777892318568	8.86695675070688	0.3374175306314797	0.12629594721960416	0.6305372290292177	0.016965127238454288	0.005655042412818096	0.953125	0.7543529670670259	4.734375	2.0318021201413425	0.00635949612130066	6.122294395973154e-05	0.003455859252277725	1.934967012252592	24.0	1.2487901125554404	4.7010376134889755	2.079847908745247	0.34213006597549483	0.6889708939708968	0.6653551265056186	0.7544814769520408	0.17247879359095195	0.8806587117594528	1038	596	64
4-6_en_professional	en	8.421052631578947	1.6625	7.311710526315792	7.140625	0.41875	0.14375	0.65625	0.0	0.0	0.9473684210526315	0.77846485395505	3.210526315789474	1.7543859649122806	0.007833619774375	4.7831639e-05	0.017045454545454544	0.15	12.368421052631579	1.1443335368335368	4.415637860082304	2.276595744680851	0.58125	0.6273770491803282	-1	-1	0.13125	0.9256291743595375	160	100	19
5-1_en_professional	en	10.95	1.9726027397260273	11.957212328767124	10.845063744292238	0.4337899543378995	0.1461187214611872	0.6940639269406392	0.0	0.0	1.0	0.7017969328665423	4.1	1.9726027397260273	0.006544491068493151	9.893170431654677e-05	0.0161892901618929	0.1872146118721461	14.9	1.163224350254149	5.135761589403973	2.310344827586207	0.589041095890411	0.6699999999999999	-1	-1	0.1415525114155251	0.943152281930245	218	139	20
5-103_en_professional	en	15.8	1.7468354430379747	11.1846582278481	9.692519493670888	0.3860759493670886	0.15822784810126583	0.6962025316455697	0.006329113924050633	0.006329113924050633	1.0	0.7125129216137988	5.1	2.0	0.005539440618987342	9.117763465346535e-05	0.022943037974683545	0.12658227848101267	23.9	1.19822209653092	4.682008368200837	2.297872340425532	0.6645569620253164	0.7303389830508477	-1	-1	0.16455696202531644	0.9412116988066711	155	101	10
5-105_en_professional	en	15.068181818181818	1.658371040723982	9.855369189633901	8.277597586727	0.34464555052790347	0.1297134238310709	0.6538461538461539	0.03770739064856712	0.008295625942684766	0.7840909090909091	0.72883129803058	4.204545454545454	1.8826666666666667	0.006076700490723982	6.829091349206348e-05	0.0036450477626948216	1.4962292609351433	22.59090909090909	1.2553293530046512	4.405891163255117	1.9754901960784315	0.30693815987933637	0.6639608801956005	0.5511285876082079	0.6608957978187404	0.16214177978883862	0.8674346853915174	1268	756	88
5-107_en_professional	en	12.806451612903226	1.7632241813602014	10.210561469082638	7.872384805395303	0.345088161209068	0.15365239294710328	0.6675062972292192	0.0025188916876574307	0.005037783375314861	0.8387096774193549	0.7416321774067717	3.5483870967741935	2.026315789473684	0.0062723937697733	4.820183090128755e-05	0.00906801007556675	0.5037783375314862	17.774193548387096	1.0968157844481528	4.715827338129497	2.216494845360825	0.4357682619647355	0.6874161073825489	-1	0.628242405897604	0.16876574307304787	0.8943612056180098	395	233	31
5-108_en_professional	en	11.885245901639344	1.775632183908046	9.99770567175429	9.06530736762766	0.3931034482758621	0.10988505747126437	0.6685057471264367	0.029425287356321838	0.007816091954022988	0.7704918032786885	0.7304512620392749	4.0271739130434785	1.8406015037593986	0.005540963001655173	6.454396199095023e-05	0.002187100893997446	3.0018390804597703	16.16304347826087	1.068974378975249	5.038066865276399	2.02457757296467	0.31310344827586206	0.6932321772639797	0.713987269495369	0.7961597412377698	0.16919540229885058	0.8852322188894707	2108	1326	184
5-11_en_professional	en	13.74698795180723	1.7370727432077124	10.268783671055825	9.079675176076787	0.39614373356704646	0.14022787028921999	0.6836108676599474	0.03768624014022787	0.0043821209465381246	0.7228915662650602	0.7482726962450856	4.096385542168675	2.0246153846153847	0.005062976551709028	6.413758836206897e-05	0.0033240953486352257	2.7309377738825593	22.3855421686747	1.2945778880764123	4.256437768240343	1.9781553398058251	0.2900964066608238	0.6492610364683324	0.4947964656092748	0.6522698667521677	0.1481156879929886	0.8483824200520865	1091	696	83
5-111_en_professional	en	12.962962962962964	1.8071428571428572	10.789841269841272	10.141178835978838	0.3242857142857143	0.1657142857142857	0.68	0.032857142857142856	0.002857142857142857	0.8888888888888888	0.7118410087056035	4.12962962962963	1.9215686274509804	0.004939676666428572	7.818376352941177e-05	0.005119047619047619	1.0242857142857142	19.055555555555557	1.2007230083644325	4.72936660268714	2.0193236714975846	0.4157142857142857	0.6877038269550735	0.6805770109556889	0.7693682183801465	0.1757142857142857	0.8941781756359684	673	425	54
5-112_en_professional	en	12.85	1.754863813229572	10.128892996108949	8.464337120622568	0.38910505836575876	0.14007782101167315	0.6809338521400778	0.007782101167315175	0.0	0.8	0.7334343343698573	4.15	2.04	0.0061783267217898835	6.68639465408805e-05	0.009727626459143969	0.39299610894941633	18.05	1.1115476726881135	4.672972972972973	2.3661971830985915	0.5875486381322957	0.709177215189874	-1	-1	0.14785992217898833	0.9428316855974956	252	159	20
5-115_en_professional	en	10.571428571428571	2.0315315315315314	12.504929214929216	11.654209523809522	0.38738738738738737	0.20270270270270271	0.7027027027027027	0.009009009009009009	0.0045045045045045045	0.7619047619047619	0.8350775082760379	3.619047619047619	2.088235294117647	0.005535701815315316	4.5371055172413794e-05	0.013513513513513514	0.34684684684684686	17.19047619047619	1.3513466216882366	4.416666666666667	2.161290322580645	0.5720720720720721	0.701707317073171	-1	-1	0.1036036036036036	0.9233204121343297	219	145	21
5-116_en_professional	en	9.84	1.8211382113821137	9.73703089430894	8.035329300813007	0.3252032520325203	0.13008130081300814	0.6504065040650406	0.02032520325203252	0.0040650406504065045	0.88	0.7386520580454404	3.6	1.7466666666666666	0.004901530061382114	4.0764738297872346e-05	0.013414634146341465	0.07723577235772358	16.6	1.4694515659778817	4.111374407582939	1.986842105263158	0.6422764227642277	0.7607482993197279	-1	-1	0.18699186991869918	0.9516586590650787	239	141	25
5-117_en_professional	en	10.08	1.7698412698412698	9.225326984126987	8.169502984126984	0.30753968253968256	0.16666666666666666	0.6369047619047619	0.00992063492063492	0.00992063492063492	0.76	0.7154534894839435	3.34	1.9477611940298507	0.004235883496031746	4.612407586206897e-05	0.006493506493506494	0.4365079365079365	15.46	1.2012958733992667	4.320253164556962	2.2222222222222223	0.4107142857142857	0.6643209876543207	-1	0.7747056687383074	0.1984126984126984	0.8928926553832603	498	290	50
5-118_en_professional	en	9.727272727272727	1.7177570093457943	8.473169073916736	7.332502803738318	0.3794392523364486	0.14392523364485982	0.6747663551401869	0.005607476635514018	0.001869158878504673	0.6	0.7420599805428593	3.457627118644068	1.728813559322034	0.005601243508411215	5.5971676829268294e-05	0.007019730010384216	1.0822429906542057	13.423728813559322	1.172721274150211	4.673267326732673	2.50314465408805	0.39065420560747666	0.6943577981651377	0.9813936117718901	0.5930997915088333	0.14953271028037382	0.8750029854727219	527	328	59
5-119_en_professional	en	7.37037037037037	1.9095477386934674	9.817107761027362	10.581898790247536	0.33668341708542715	0.20603015075376885	0.6834170854271356	0.005025125628140704	0.005025125628140704	0.7037037037037037	0.6844420791164063	2.8518518518518516	1.696969696969697	0.004836278832663316	4.82567016e-05	0.015494137353433838	0.25125628140703515	11.185185185185185	1.1592551071177375	4.619808306709265	2.596774193548387	0.5879396984924623	0.6827000000000002	-1	-1	0.1658291457286432	0.9249415762178282	195	125	27
5-12_en_professional	en	15.45	1.802588996763754	11.7060501618123	9.004728673139159	0.3656957928802589	0.16990291262135923	0.6796116504854369	0.019417475728155338	0.0016181229773462784	0.825	0.6865055026163333	5.175	1.8571428571428572	0.005199487926537217	4.8489314285714284e-05	0.006840247131509269	1.1650485436893203	27.45	1.548213259906848	4.084622383985441	2.1066666666666665	0.3300970873786408	0.622080924855491	1.0591710791091316	0.8135652705665811	0.15048543689320387	0.8488832575457962	602	392	40
5-121_en_professional	en	9.372881355932204	1.759493670886076	8.827449045269258	7.670988439022896	0.36528028933092227	0.17721518987341772	0.6690777576853526	0.007233273056057866	0.007233273056057866	0.576271186440678	0.7491903240853766	3.3934426229508197	2.1349693251533743	0.0049926434658227855	5.3544650299401196e-05	0.006365280289330922	1.5641952983725136	16.065573770491802	1.4629829288265346	3.831494483450351	2.395121951219512	0.325497287522604	0.6724229074889863	1.1497246760328717	0.4013044926165634	0.14466546112115733	0.8466462837116455	538	334	61
5-123_en_professional	en	17.5	2.1285714285714286	16.35214285714286	14.837714285714286	0.44285714285714284	0.2571428571428571	0.8	0.0	0.0	1.0	0.7057471264367816	5.5	1.96	0.0033482418528571426	4.308803035714286e-05	0.03571428571428571	0.1	34.5	1.3354166666666667	4.0647482014388485	2.0344827586206895	0.6428571428571429	0.6428571428571429	-1	-1	0.11428571428571428	0.8832391141555387	70	56	4
5-124_en_professional	en	11.555555555555555	1.7163461538461537	9.169551282051284	8.067040811965812	0.40384615384615385	0.125	0.6826923076923077	0.019230769230769232	0.004807692307692308	1.0	0.7980941025058673	3.7222222222222223	1.95	0.0046433896091346155	5.938376929133858e-05	0.012980769230769231	0.07211538461538461	17.22222222222222	1.2276192858297301	4.39873417721519	2.1470588235294117	0.6875	0.7884403669724775	-1	-1	0.15384615384615385	0.9567609395569232	201	127	18
5-125_en_professional	en	11.986301369863014	1.8834285714285715	11.309114677103718	10.308641017612524	0.39885714285714285	0.13485714285714287	0.7005714285714286	0.021714285714285714	0.006857142857142857	0.7671232876712328	0.7254129522622446	4.082191780821918	1.9118773946360152	0.0039642667340571425	4.30082097069597e-05	0.005087557603686636	1.2617142857142858	18.876712328767123	1.3070846986392322	4.47478386167147	2.1370967741935485	0.3394285714285714	0.6537628865979387	0.5463859600600519	0.5858480248358378	0.18057142857142858	0.865564162509592	852	546	73
5-126_en_professional	en	12.607142857142858	1.7223796033994334	9.650865034399033	8.242092755969242	0.43342776203966005	0.13031161473087818	0.7138810198300283	0.019830028328611898	0.0028328611898017	0.9285714285714286	0.7741306200879046	4.107142857142857	2.0	0.004001381933711048	6.792825701754386e-05	0.010269121813031162	0.5694050991501416	18.464285714285715	1.138162397206068	4.602294455066922	2.0416666666666665	0.5495750708215298	0.7007086614173226	-1	0.8915540790991211	0.1558073654390935	0.9179018913680869	343	228	28
5-127_en_professional	en	13.375	1.7264231096006797	9.998042693288024	8.172387510620222	0.38317757009345793	0.1393372982158029	0.6635514018691588	0.015293118096856415	0.004248088360237893	0.6704545454545454	0.8193985398919325	4.202247191011236	2.1818181818181817	0.0053564866231096	7.550138442280946e-05	0.0037874522729831822	1.9532710280373833	19.224719101123597	1.2366260117851156	4.560369728480647	2.11178247734139	0.31520815632965166	0.6659647495361766	0.9541172829704918	0.8330049042064358	0.1469838572642311	0.8645629707084794	1147	719	89
5-129_en_professional	en	12.609756097560975	1.620889748549323	8.454303910930793	6.982712921639855	0.425531914893617	0.09477756286266925	0.6789168278529981	0.03288201160541586	0.007736943907156673	0.975609756097561	0.7387192275059922	3.7045454545454546	2.1	0.005847290632961122	0.00011675488745980707	0.008173706869657453	0.4526112185686654	16.295454545454547	1.1183848381069958	4.666212534059945	2.1956521739130435	0.5125725338491296	0.696722488038279	-1	1.0208437374184813	0.14313346228239845	0.919565346692372	498	311	44
5-13_en_professional	en	14.465116279069768	1.8536977491961415	11.925028789351682	10.485657474014808	0.409967845659164	0.12861736334405144	0.6945337620578779	0.027331189710610933	0.003215434083601286	0.8372093023255814	0.7236006439612883	4.195652173913044	1.9828571428571429	0.0051961428466237945	6.8994109e-05	0.004913726733390697	1.887459807073955	24.652173913043477	1.4962908713236203	3.9236842105263157	2.016574585635359	0.3890675241157556	0.6286424474187375	0.5889800748773726	0.7989350803977461	0.1302250803858521	0.8774975351503199	603	400	46
5-130_en_professional	en	13.369565217391305	1.7308943089430895	10.048683280311064	8.305366914103926	0.39186991869918697	0.14308943089430895	0.6894308943089431	0.01788617886178862	0.004878048780487805	0.6521739130434783	0.7797731300810348	4.228260869565218	2.0773333333333333	0.0046721747408130085	6.51246179028133e-05	0.0035443500502420756	2.06260162601626	19.793478260869566	1.1854818984426274	4.575379609544469	2.238219895287958	0.33495934959349594	0.664120247568522	0.643205091927087	0.6516783524048053	0.13902439024390245	0.8745312430669357	1200	782	92
5-131_en_professional	en	12.958333333333334	1.7009646302250805	9.535132636655952	8.314527224008575	0.4340836012861736	0.10932475884244373	0.6720257234726688	0.012861736334405145	0.006430868167202572	1.0	0.7658154940763637	3.9583333333333335	1.8585858585858586	0.004781941913826367	5.110332565445027e-05	0.009925905214595274	0.6270096463022508	19.25	1.2370785931940584	4.398305084745763	2.123456790123457	0.572347266881029	0.7578773584905661	-1	-1	0.14469453376205788	0.9296549369483855	303	191	24
5-132_en_professional	en	14.19548872180451	1.6970338983050848	9.971240601503762	8.757447578692496	0.3802966101694915	0.1329449152542373	0.6663135593220338	0.02065677966101695	0.00847457627118644	0.8872180451127819	0.7330680876614244	4.533834586466165	1.882051282051282	0.005367878022697034	7.823157736516356e-05	0.0023624562819478073	3.1541313559322033	21.022556390977442	1.1912749532424112	4.534178999295278	2.058219178082192	0.336864406779661	0.6935941866964797	0.6797362911766864	0.7306569019862794	0.15095338983050846	0.887555446312066	1842	1131	133
5-133_en_professional	en	13.928571428571429	1.8025641025641026	11.112399267399269	8.784113553113553	0.41025641025641024	0.11794871794871795	0.6512820512820513	0.005128205128205128	0.005128205128205128	0.8928571428571429	0.7612438775879636	4.607142857142857	1.9914529914529915	0.006996968676666666	4.776224849785408e-05	0.010921177587844255	0.6871794871794872	19.892857142857142	1.1166506051217553	4.619469026548672	2.097826086956522	0.4025641025641026	0.624261168384881	-1	0.6014002599766485	0.15128205128205127	0.8736269199647022	385	233	28
5-15_en_professional	en	6.4	2.1770833333333335	12.595583333333334	13.394455	0.53125	0.14583333333333334	0.78125	0.010416666666666666	0.010416666666666666	0.7333333333333333	0.590966386554622	2.6	2.129032258064516	0.004038494385416667	3.2704945205479455e-05	0.03125	0.11458333333333333	12.8	1.8901443001443001	3.8275862068965516	2.4	0.7083333333333334	0.7083333333333334	-1	-1	0.14583333333333334	0.929733540493877	95	73	15
5-16_en_professional	en	13.0390625	1.78070701018574	10.507577095191731	9.101254677201918	0.4050329538645896	0.14140203714799282	0.6878370281605752	0.011384062312762133	0.004194128220491312	0.75	0.7399396313613519	4.3893129770992365	1.9519230769230769	0.005449495724962553	6.126567746883987e-05	0.0023278221300989427	3.0994607549430797	21.83969465648855	1.3364291624734566	4.138504155124654	2.0982986767485823	0.30317555422408626	0.6331464968152878	0.6629520865069165	0.7127103341968747	0.14859197124026363	0.8677424201937122	1634	1043	131
5-17_en_professional	en	14.76056338028169	1.7118320610687023	10.36623803892055	8.748166578862488	0.3463740458015267	0.12022900763358779	0.6717557251908397	0.04961832061068702	0.006679389312977099	0.7464788732394366	0.7426874189050886	4.084507042253521	1.9786476868327403	0.005226946656965648	7.630704574290484e-05	0.004118119726797911	1.532442748091603	23.04225352112676	1.384077694027745	4.33843329253366	1.8592375366568914	0.2900763358778626	0.6116754478398323	0.523580577006212	0.6734159638024099	0.16603053435114504	0.8475861254635159	993	599	71
5-2_en_professional	en	12.086614173228346	1.7993485342019544	10.356092231142117	9.048337915822412	0.40716612377850164	0.14332247557003258	0.6723127035830619	0.004560260586319218	0.0013029315960912053	0.952755905511811	0.7103568829751501	4.542635658914729	1.7509433962264151	0.005396351392052117	4.7529047512690354e-05	0.002498339710951583	2.1205211726384365	18.829457364341085	1.2480065382638184	4.432210353327855	2.3066361556064074	0.393485342019544	0.6937883008356637	0.7879150592091543	0.867119765170294	0.16807817589576549	0.9119867855831157	1520	985	129
5-20_en_professional	en	14.095744680851064	1.8166037735849057	11.343264953833806	9.704706623845846	0.41056603773584904	0.13660377358490566	0.7086792452830188	0.022641509433962263	0.0015094339622641509	0.7978723404255319	0.716012778727912	4.917525773195877	2.007936507936508	0.004820133969660377	5.137828548009368e-05	0.003120856705762366	2.5283018867924527	23.54639175257732	1.3670178010262923	4.144108628996934	1.9795918367346939	0.3177358490566038	0.6663539967373552	0.5758960172134647	0.6500706446650766	0.13886792452830188	0.8661479068761089	1294	854	97
5-23_en_professional	en	9.621621621621621	1.8286516853932584	9.740522320072884	8.59081378682053	0.38764044943820225	0.15168539325842698	0.702247191011236	0.0	0.0056179775280898875	0.7837837837837838	0.7013910039494836	3.5945945945945947	1.8807339449541285	0.005420943935955057	8.442821155555556e-05	0.009783029833397908	0.7219101123595506	14.45945945945946	1.1577566577566578	4.528336380255942	2.5377358490566038	0.46348314606741575	0.6177042801556424	-1	0.5946553582598663	0.1797752808988764	0.8944049642224038	352	225	37
5-24_en_professional	en	11.07843137254902	1.6460176991150441	8.15359708485164	6.613473017525596	0.35221238938053095	0.11327433628318584	0.6300884955752213	0.0017699115044247787	0.0035398230088495575	0.9215686274509803	0.7739198673360697	3.7962962962962963	1.8150289017341041	0.007174549722654867	5.176151863905326e-05	0.006440511307767945	0.9274336283185841	14.907407407407407	1.154311998369654	4.507936507936508	2.236641221374046	0.46194690265486726	0.7251716738197411	0.6490304370704658	0.7530777116061913	0.17345132743362832	0.9166230484018144	563	338	54
5-27_en_professional	en	13.421052631578947	2.003921568627451	13.290485036119712	11.632490196078432	0.3411764705882353	0.13333333333333333	0.6274509803921569	0.0	0.011764705882352941	1.0	0.6663169437679242	4.526315789473684	1.8461538461538463	0.007243963656470588	4.375508611111111e-05	0.014005602240896359	0.3137254901960784	21.05263157894737	1.287502530185451	4.681592039800995	2.1636363636363636	0.5294117647058824	0.6673717948717948	-1	-1	0.16862745098039217	0.9204995646201989	255	144	19
5-28_en_professional	en	11.390532544378699	1.8618181818181818	10.82176223776224	9.883845093368171	0.41454545454545455	0.14649350649350648	0.7085714285714285	0.016623376623376623	0.0036363636363636364	0.7100591715976331	0.7319051419528717	3.871345029239766	1.9276315789473684	0.005920326440001994	5.8257300963081864e-05	0.002183868762816131	3.8493506493506495	17.76608187134503	1.2964974373751694	4.522330097087378	2.1266766020864383	0.3122077922077922	0.6957447973713032	0.7220601639931121	0.7511199650839894	0.12155844155844156	0.8743989682274305	1878	1246	171
5-3_en_professional	en	11.403846153846153	1.6711635750421585	8.577230185497474	6.869766921779739	0.38785834738617203	0.09949409780775717	0.6306913996627319	0.008431703204047217	0.011804384485666104	0.7884615384615384	0.7362639715987623	3.769230769230769	1.910614525139665	0.005672706211973019	4.5970333431085045e-05	0.00516226726778401	1.1989881956155144	15.923076923076923	1.1406146259835057	4.575685339690107	2.183206106870229	0.44013490725126475	0.6392510121457469	0.8202602426749256	0.836832365830528	0.18887015177065766	0.9102151351777221	588	341	52
5-30_en_professional	en	12.49367088607595	1.844984802431611	11.053352314262629	9.68956487245585	0.3951367781155015	0.13880445795339413	0.662613981762918	0.0	0.0060790273556231	0.8860759493670886	0.6982921575097663	4.430379746835443	1.8544303797468353	0.005955736752077001	5.0503781045751635e-05	0.004291078133381012	1.353596757852077	21.329113924050635	1.330688123564525	4.216853270477313	2.213768115942029	0.3546099290780142	0.6755855855855891	0.7107885036172107	0.7647101271515208	0.15096251266464034	0.8814442557053942	981	612	79
5-31_en_professional	en	13.218181818181819	1.8363136176066024	11.233591596848818	9.74501122420908	0.3328748280605227	0.1361760660247593	0.6698762035763411	0.001375515818431912	0.0041265474552957355	0.8363636363636363	0.7498176449423565	4.3090909090909095	2.126315789473684	0.006006846850206327	5.1721255829596414e-05	0.004920114273621839	1.3136176066024758	19.527272727272727	1.210764060221976	4.742144177449168	2.21978021978022	0.3686382393397524	0.6988535031847127	0.42281565370760665	0.6979136556785625	0.19807427785419532	0.8796222061872614	721	446	55
5-33_en_professional	en	13.34	1.8275862068965518	11.178117241379315	9.165762842578712	0.37181409295352325	0.1679160419790105	0.6626686656671664	0.0074962518740629685	0.0029985007496251873	0.8	0.7704611576045957	4.34	1.9806763285024154	0.00710577471724138	4.825221751824817e-05	0.004833790001550949	1.944527736131934	21.8	1.335259977975851	4.224545454545455	2.2962962962962963	0.3793103448275862	0.6673063380281684	0.5054539027793998	0.5828516146908875	0.11694152923538231	0.8744053637367118	658	411	50
5-34_en_professional	en	14.135593220338983	1.8896882494004796	12.221202698857866	9.76608509531358	0.4172661870503597	0.1354916067146283	0.7038369304556354	0.0035971223021582736	0.002398081534772182	0.7966101694915254	0.724376027737016	4.5423728813559325	1.9765625	0.005681079758992806	4.374262711864407e-05	0.004248453089380348	1.9916067146282974	22.305084745762713	1.21448636094698	4.525321239606954	2.103896103896104	0.3273381294964029	0.6390476190476191	0.6492659775192406	0.640731853175073	0.1486810551558753	0.8617333618638016	828	531	59
5-38_en_professional	en	13.222222222222221	2.0672268907563027	13.959943977591038	10.966932026143791	0.3445378151260504	0.15966386554621848	0.6050420168067226	0.0	0.0	1.0	0.7920039682539682	5.333333333333333	1.7179487179487178	0.006156606764705883	3.4722803030303024e-05	0.018907563025210083	0.23529411764705882	19.444444444444443	1.160955955955956	4.822857142857143	2.0416666666666665	0.6218487394957983	0.6754999999999998	-1	-1	0.17647058823529413	0.9384605354909521	119	66	9
5-39_en_professional	en	15.413793103448276	1.6890380313199105	10.352028079919773	8.669702985420043	0.3959731543624161	0.14093959731543623	0.6890380313199105	0.035794183445190156	0.0022371364653243847	0.9655172413793104	0.7518160783999208	4.379310344827586	1.867132867132867	0.005422739067337807	7.189642427536231e-05	0.006424597028623874	0.9731543624161074	23.20689655172414	1.2722901090259722	4.497784342688331	2.0206896551724136	0.4966442953020134	0.7083333333333339	-1	0.7163164773391961	0.14093959731543623	0.9127282621803722	429	276	29
5-4_en_professional	en	10.757575757575758	1.8394366197183099	10.310806658130602	8.949779342723005	0.3492957746478873	0.1323943661971831	0.6281690140845071	0.0028169014084507044	0.005633802816901409	0.9090909090909091	0.7038853598886494	3.878787878787879	1.7586206896551724	0.006213807989577464	7.003270956937798e-05	0.009340252038547072	0.30985915492957744	14.393939393939394	1.0783479717471813	5.004123711340206	2.234567901234568	0.5211267605633803	0.6794140624999999	-1	0.8936560179952664	0.19718309859154928	0.9276520007670056	354	209	33
5-40_en_professional	en	12.470588235294118	1.7018867924528303	9.355793562708104	7.777676692563817	0.37924528301886795	0.15283018867924528	0.6886792452830188	0.0047169811320754715	0.0018867924528301887	0.7294117647058823	0.7648576308294699	4.211764705882353	1.9967948717948718	0.004629624973301887	5.671579454806313e-05	0.004231805929919137	1.3858490566037736	19.788235294117648	1.2325249143014203	4.315165876777251	2.1875	0.3490566037735849	0.6741415192507842	0.9564863829535032	0.8731041179223774	0.18490566037735848	0.8747572111000234	1052	697	85
5-41_en_professional	en	10.212121212121213	1.8635014836795252	10.382044780145673	9.01349040553907	0.443620178041543	0.1261127596439169	0.6928783382789317	0.001483679525222552	0.002967359050445104	0.6060606060606061	0.7765753066418978	3.8333333333333335	1.8232758620689655	0.0059210935298219585	6.239939606481481e-05	0.005680373039423485	2.6543026706231454	16.606060606060606	1.3403486047868909	4.3164097914777875	2.212871287128713	0.31008902077151335	0.6126956521739131	0.7142789971437261	0.4096355684691363	0.13204747774480713	0.8443646387177451	667	432	66
5-42_en_professional	en	9.551724137931034	1.888086642599278	10.414594796464584	10.337824449147266	0.4187725631768953	0.18050541516245489	0.7256317689530686	0.0036101083032490976	0.0	0.8620689655172413	0.7139129649222478	3.3448275862068964	1.8085106382978724	0.004287682667509026	6.396827365591398e-05	0.011458169832051484	0.6101083032490975	16.689655172413794	1.3949183718580271	4.256048387096774	2.211764705882353	0.49097472924187724	0.688426966292135	-1	-1	0.1624548736462094	0.8941935241460116	275	186	29
5-43_en_professional	en	11.069124423963133	1.8417985012489593	10.460180840083343	9.777930792695795	0.45836802664446297	0.14862614487926729	0.7185678601165695	0.012073272273105746	0.0020815986677768525	0.631336405529954	0.7966586854181864	4.23963133640553	1.8546511627906976	0.0053343085542464615	5.5980041646039606e-05	0.002301585799712361	3.97210657785179	18.792626728110598	1.269732537015071	4.213703881169143	2.206115515288788	0.2531223980016653	0.6633043855840256	0.5992240655594335	0.6017769039490515	0.09866777685262282	0.8438895635927696	2341	1616	217
5-44_en_professional	en	11.627118644067796	1.8935860058309038	11.288891139991108	8.69602216731729	0.3965014577259475	0.15743440233236153	0.6895043731778425	0.018950437317784258	0.0029154518950437317	0.7288135593220338	0.764258131669169	4.186440677966102	2.0336538461538463	0.005219260224344023	6.161068032407407e-05	0.006863459669582118	1.4329446064139941	17.52542372881356	1.2086353733905473	4.532380952380953	2.126637554585153	0.3323615160349854	0.6228790459965923	0.7098031149670968	0.6866657767831597	0.13556851311953352	0.8443646387177451	668	432	59
5-45_en_professional	en	13.041666666666666	1.6677316293929711	9.17548322683706	7.452797763578275	0.37486687965921195	0.14164004259850904	0.6847710330138446	0.03194888178913738	0.007454739084132056	0.6944444444444444	0.7416262444941686	4.305555555555555	1.9858657243816253	0.005323481709584665	7.607890307692308e-05	0.004349847755328564	1.9105431309904153	19.63888888888889	1.2779006729951772	4.379382889200561	2.037671232876712	0.3045793397231097	0.6833333333333336	0.8002006830796856	0.6543200050686647	0.13738019169329074	0.8500361497314752	904	585	72
5-46_en_professional	en	11.5	1.894648829431438	11.251856187290969	10.025007357859533	0.459866220735786	0.12876254180602006	0.7140468227424749	0.010033444816053512	0.0033444816053511705	0.7884615384615384	0.7154353807325065	4.384615384615385	1.905759162303665	0.005233835950501672	3.6206130788804075e-05	0.005816489748436818	1.785953177257525	20.51923076923077	1.425864929113338	4.0344186046511625	2.2264150943396226	0.3528428093645485	0.6501202404809606	0.7515437340359578	0.7760218254370613	0.13879598662207357	0.8516502308884978	584	393	52
5-47_en_professional	en	5.416666666666667	2.2	12.482500000000005	12.896512820512822	0.49230769230769234	0.16923076923076924	0.7230769230769231	0.0	0.0	0.9166666666666666	0.700068870523416	2.25	1.9545454545454546	0.005615221389230769	4.220867333333334e-05	0.03076923076923077	0.015384615384615385	9.5	1.8520833333333335	4.065040650406504	2.5	0.8461538461538461	0.8461538461538461	-1	-1	0.09230769230769231	0.9818757581812529	65	45	12
5-49_en_professional	en	11.10958904109589	1.8575832305795315	10.662221846865872	9.921358059557793	0.44944512946979037	0.1381011097410604	0.7379778051787916	0.01972872996300863	0.0036991368680641184	0.8013698630136986	0.7351059577810264	4.116438356164384	1.9686888454011742	0.004485902694389642	5.5378139832089556e-05	0.002399440130636185	3.747842170160296	19.493150684931507	1.359388834005003	4.136953551912568	2.145736434108527	0.36066584463625156	0.7346946815495748	0.6364480530470217	0.7244810238577233	0.13008631319358815	0.8860306190937888	1569	1072	146
5-5_en_professional	en	8.32972972972973	1.863724853990915	9.65054787168739	9.39930121963625	0.4828033744321869	0.13951979234263465	0.7527579493835171	0.007138221933809215	0.001946787800129786	0.6054054054054054	0.765057175677194	3.5513513513513515	1.756183745583039	0.0037707872733939002	5.384413530499076e-05	0.002424064809193862	3.310188189487346	14.0	1.1834611784233824	4.3706606942889135	2.499215070643642	0.3718364698247891	0.7110471567267673	0.625106597211043	0.7053299360941	0.13043478260869565	0.8866165414865236	1508	1082	185
5-50_en_professional	en	13.65	1.8034188034188035	11.013841880341882	9.800320293040294	0.398046398046398	0.13186813186813187	0.6800976800976801	0.018315018315018316	0.0	0.7333333333333333	0.78321257731801	4.283333333333333	2.0854700854700856	0.004920276852991453	4.5550769649805445e-05	0.005061246996730868	1.7155067155067154	20.916666666666668	1.2567353302813316	4.424960505529226	2.142857142857143	0.3492063492063492	0.6558333333333342	0.6795760901500826	0.6286014514825132	0.15384615384615385	0.8732527213071777	799	514	60
5-51_en_professional	en	8.552631578947368	2.166153846153846	13.306141700404858	11.990323076923078	0.39076923076923076	0.19076923076923077	0.7015384615384616	0.006153846153846154	0.006153846153846154	0.8157894736842105	0.76828242950534	3.4473684210526314	1.7454545454545454	0.004754036624000001	4.130048720379147e-05	0.010307692307692308	0.4369230769230769	15.552631578947368	1.4395960081819552	4.236754966887418	2.2314814814814814	0.49230769230769234	0.6661061946902654	-1	0.6758087370865529	0.15076923076923077	0.9051411613768358	322	211	38
5-52_en_professional	en	11.08	2.0018050541516246	12.352499638989173	11.188965891696752	0.3916967509025271	0.14259927797833935	0.7093862815884476	0.023465703971119134	0.0	0.82	0.7455379234181079	3.62	1.9349112426035502	0.0040850262305054145	5.384399088319089e-05	0.006525965009719523	1.0342960288808665	18.78	1.3732403000890394	4.271773347324239	2.135869565217391	0.4368231046931408	0.7370989010989026	0.26262245737447876	0.6958448001606005	0.15162454873646208	0.8934709035903547	537	351	50
5-55_en_professional	en	11.493150684931507	1.6901072705601907	8.83559455973354	8.432423566868582	0.41835518474374256	0.1197854588796186	0.7258641239570918	0.07568533969010727	0.0029797377830750892	0.7328767123287672	0.6845882135771651	3.615894039735099	2.0019880715705765	0.004856711868834232	6.310208510223953e-05	0.002470159437563697	3.5649582836710367	19.165562913907284	1.2793447919255727	3.963381245722108	1.9175824175824177	0.3492252681764005	0.7029892336922139	0.7425517997963316	0.83188728151471	0.12872467222884387	0.8860446623000626	1561	1027	151
5-56_en_professional	en	8.923076923076923	1.7672413793103448	8.743448275862068	7.373662599469496	0.3017241379310345	0.1724137931034483	0.6551724137931034	0.008620689655172414	0.0	0.7692307692307693	0.6244376999811783	3.1538461538461537	1.903225806451613	0.007286673035344828	4.3846744285714285e-05	0.034482758620689655	0.02586206896551724	13.307692307692308	1.5066248984801023	4.50561797752809	2.1666666666666665	0.6206896551724138	0.6288235294117648	-1	-1	0.20689655172413793	0.9345172084121154	116	70	13
5-57_en_professional	en	16.210526315789473	1.6655844155844155	10.386001367054	7.816081818181818	0.38961038961038963	0.1038961038961039	0.6396103896103896	0.00974025974025974	0.003246753246753247	0.9473684210526315	0.7381598725348726	6.421052631578948	1.5137614678899083	0.004848020671428571	8.994003777777778e-05	0.008273984080435694	0.7142857142857143	23.842105263157894	1.22930565171614	4.610132158590308	2.111111111111111	0.5	0.6128708133971295	-1	-1	0.19155844155844157	0.9103460618783962	303	180	19
5-58_en_professional	en	12.346153846153847	1.8862928348909658	11.4832554517134	9.78303081715792	0.3691588785046729	0.16978193146417445	0.6713395638629284	0.003115264797507788	0.003115264797507788	0.8269230769230769	0.7303580027642538	3.9423076923076925	2.0053475935828877	0.005206825701869159	5.42856094292804e-05	0.005763239875389408	1.367601246105919	17.71153846153846	1.1690775408917378	4.903225806451613	2.1818181818181817	0.3660436137071651	0.7038305709023932	0.714468022329878	0.8665542847167463	0.1838006230529595	0.8674882011734545	639	403	52
5-60_en_professional	en	10.935483870967742	1.6253687315634218	7.854189742125797	6.813235912075365	0.3834808259587021	0.10619469026548672	0.6253687315634219	0.0029498525073746312	0.0	0.967741935483871	0.7677557474658923	4.129032258064516	1.7053571428571428	0.007313735688495575	3.949948426395939e-05	0.008622645790787383	0.6106194690265486	16.35483870967742	1.2320776524761345	4.306796116504854	2.2666666666666666	0.4896755162241888	0.6702499999999997	-1	-1	0.16519174041297935	0.9138988358595159	338	197	31
5-61_en_professional	en	10.073170731707316	1.9297820823244551	11.109965156794427	11.1262075119589	0.4576271186440678	0.12832929782082325	0.7070217917675545	0.007263922518159807	0.002421307506053269	0.6585365853658537	0.5976196003469141	3.5121951219512195	1.9172932330827068	0.0054186019600484265	5.343892804428045e-05	0.007158648278766186	1.917675544794189	16.097560975609756	1.3776958781513517	4.42962962962963	2.265625	0.4406779661016949	0.7045222929936318	-1	0.6300795985488755	0.13801452784503632	0.887131004978504	407	271	41
5-63_en_professional	en	10.61038961038961	1.6376988984088128	7.8728989492759425	7.9713704843504125	0.43818849449204406	0.10281517747858017	0.7270501835985312	0.044063647490820076	0.0036719706242350062	0.7142857142857143	0.7258829682710735	3.4285714285714284	1.7865612648221343	0.003778978071358629	7.326054568138196e-05	0.004528763769889841	2.1578947368421053	19.103896103896105	1.4283740033571874	3.917789757412399	2.073248407643312	0.33414932680538556	0.6053621169916432	0.6321439577049108	0.7740111999248742	0.16156670746634028	0.8621871894422162	778	521	77
5-66_en_professional	en	11.262295081967213	1.7787481804949055	9.791523611807097	9.612000424750041	0.37554585152838427	0.09898107714701601	0.6550218340611353	0.039301310043668124	0.004366812227074236	0.8360655737704918	0.752973479584733	4.131147540983607	1.6113744075829384	0.004389754531295488	5.285604611650486e-05	0.004282429382106618	2.3653566229985445	18.21311475409836	1.2658097205019343	4.272325375773652	2.02262443438914	0.4002911208151383	0.672074829931973	0.4689289696721037	0.6136542615477751	0.1703056768558952	0.8912066443990052	659	412	61
5-67_en_professional	en	11.89655172413793	1.8231884057971015	10.563278360819591	10.544306346826586	0.3826086956521739	0.1855072463768116	0.6927536231884058	0.02318840579710145	0.002898550724637681	0.7931034482758621	0.6916878310033294	4.517241379310345	1.8761061946902655	0.0048254298820289854	6.0755730733944956e-05	0.008488612836438923	0.5884057971014492	20.137931034482758	1.4834469524141602	4.16271186440678	2.046511627906977	0.4985507246376812	0.6386991869918696	-1	0.5826453136177797	0.09855072463768116	0.9096191458691584	335	218	29
5-68_en_professional	en	15.10126582278481	1.699916177703269	10.35850456778465	9.034164671554533	0.3830678960603521	0.10645431684828165	0.672254819782062	0.040234702430846606	0.006705783738474434	0.7721518987341772	0.7726343107313299	4.924050632911392	1.90633608815427	0.00476724728868399	6.843129228611501e-05	0.003369327613694262	2.278290025146689	24.0126582278481	1.3159978710986282	4.172540768016833	1.9192200557103065	0.28667225481978204	0.6473948811700216	0.7971352405492473	0.7656210337766831	0.1768650461022632	0.8470258230780984	1139	713	79
5-69_en_professional	en	6.666666666666667	2.0833333333333335	11.593333333333337	12.833766666666667	0.4266666666666667	0.13	0.7133333333333334	0.006666666666666667	0.006666666666666667	0.7333333333333333	0.6932028199073654	2.6666666666666665	1.6346153846153846	0.004553070267	3.7457688944723615e-05	0.010724637681159421	0.5833333333333334	11.28888888888889	1.4663506011055032	4.494296577946768	2.3372093023255816	0.5466666666666666	0.7215920398009952	-1	-1	0.17	0.918105524862649	299	199	45
5-7_en_professional	en	5.8	2.0098522167487687	10.388256157635471	11.519094975369459	0.3793103448275862	0.15270935960591134	0.7044334975369458	0.0	0.0	0.7428571428571429	0.6814522938361948	2.5428571428571427	1.835820895522388	0.005814097574384236	4.284262222222223e-05	0.012315270935960592	0.42857142857142855	8.714285714285714	1.3588874855303426	4.796969696969697	2.735294117647059	0.6157635467980296	0.7010576923076924	-1	-1	0.21674876847290642	0.9347014562413921	198	135	35
5-71_en_professional	en	12.577235772357724	1.812540400775695	10.703098680372715	9.681436768778807	0.40077569489334197	0.1577246283128636	0.6832579185520362	0.006464124111182934	0.0019392372333548805	0.6747967479674797	0.7565494997052851	4.2682926829268295	1.9563492063492063	0.0060126178475113125	5.838747206931702e-05	0.002529029579265732	3.70846800258565	19.252032520325205	1.2176229080287702	4.552257525083612	2.3257403189066057	0.3070458952811894	0.6983218232044203	0.7389281185480882	0.752700052293084	0.13768584356819652	0.8686758128497278	1518	981	123
5-72_en_professional	en	13.68918918918919	1.7936821322803553	10.914232944691978	8.654543192550893	0.3741362290227048	0.13030602171767028	0.6742349457058243	0.009871668311944718	0.0009871668311944718	0.8513513513513513	0.7742901749203477	4.8108108108108105	1.8307210031347962	0.00544991782023692	6.749767932692308e-05	0.0032795875836349677	2.8005923000987165	22.33783783783784	1.3772716255208417	4.303614457831325	2.1011673151750974	0.368213228035538	0.7209628008752734	0.6668138924241138	0.6692752403113277	0.18361303060217177	0.884124690791786	1002	624	74
5-75_en_professional	en	8.025	1.5950155763239875	6.360933800623055	6.130860996884737	0.42834890965732086	0.1277258566978193	0.7227414330218068	0.037383177570093455	0.001557632398753894	0.4875	0.7208348199068901	3.0238095238095237	1.984771573604061	0.005040029871028038	7.896179749373433e-05	0.0062045690550363445	2.0109034267912773	12.05952380952381	1.326780734049818	4.171483622350674	2.398268398268398	0.3130841121495327	0.6516390423572739	0.39051723021651613	0.6362601707183527	0.11838006230529595	0.8421201550398959	609	399	84
5-76_en_professional	en	10.097560975609756	1.751207729468599	9.012299988217276	8.848722823141275	0.4178743961352657	0.11594202898550725	0.7004830917874396	0.03864734299516908	0.0024154589371980675	0.8048780487804879	0.6451273069433109	3.682926829268293	1.8372093023255813	0.004765680397826087	6.7997956870229e-05	0.007309941520467836	1.0217391304347827	17.097560975609756	1.3910572293822392	4.065734265734266	2.1338028169014085	0.45410628019323673	0.6979365079365092	-1	0.5983821761434843	0.13285024154589373	0.8949889178627861	397	262	41
5-77_en_professional	en	8.866071428571429	1.8126888217522659	9.257495953819596	8.57173745504244	0.43705941591137965	0.13695871097683787	0.6988922457200403	0.010070493454179255	0.0030211480362537764	0.5178571428571429	0.7454279324234687	3.1842105263157894	2.0	0.005958064565961732	3.8349847133757966e-05	0.0045984542399204065	2.3454179254783485	13.929824561403509	1.2535865589942603	4.384852216748769	2.5232558139534884	0.283987915407855	0.6461968680089488	0.7706469254478601	0.6748951655863256	0.1309164149043303	0.8392918991181597	957	628	114
5-79_en_professional	en	9.50251256281407	1.8328926493918563	9.744113162321394	9.853471078820863	0.42094130089899523	0.15177154944473822	0.7149656266525648	0.04706504494976203	0.0037017451084082496	0.6080402010050251	0.6964812879889332	3.288557213930348	1.8998410174880762	0.004458225870477208	6.115511977834613e-05	0.002355655978077977	3.3061872025383394	16.99502487562189	1.5856748577528235	3.9587628865979383	2.0867469879518072	0.28873611845584346	0.6336383928571416	0.45633269074712474	0.5343614808986011	0.1337916446324696	0.8586601028677536	1782	1173	201
5-8_en_professional	en	8.86021505376344	1.772653721682848	8.782797786825352	8.54546921912517	0.40372168284789645	0.13309061488673138	0.7022653721682848	0.03923948220064725	0.003236245954692557	0.6487455197132617	0.7571044903553921	3.2491103202846974	1.71280276816609	0.0049628307675658985	5.816050838709677e-05	0.001863886279013119	3.8406148867313914	14.224199288256228	1.3060615514540772	4.227744270205067	2.126937984496124	0.2973300970873786	0.6468183733670467	0.7113229227034356	0.7372454220443557	0.13794498381877024	0.8748270522119985	2360	1550	281
5-80_en_professional	en	12.019607843137255	1.864600326264274	11.099930908741964	10.040877452579727	0.4078303425774878	0.12561174551386622	0.6606851549755302	0.0	0.009787928221859706	0.803921568627451	0.7318185174305191	3.9411764705882355	1.8102564102564103	0.0048756721004893965	4.488742827225131e-05	0.005895002224529142	1.0163132137030995	18.784313725490197	1.380213678687545	4.4897330595482545	2.2253521126760565	0.45024469820554647	0.6889883268482484	0.5826406030999501	0.76481095784333	0.1631321370309951	0.9109700993003064	612	382	51
5-82_en_professional	en	11.5	1.6998597475455821	8.953345021037869	8.317449368863956	0.4165497896213184	0.12201963534361851	0.6928471248246845	0.04207573632538569	0.002805049088359046	0.6935483870967742	0.7113046586196974	3.838709677419355	2.037037037037037	0.005389040835764376	5.968340751708428e-05	0.00507941321405557	2.225806451612903	17.129032258064516	1.199648248131033	4.469711090400746	2.1196581196581197	0.33520336605890605	0.6119543973941339	0.5186666510015315	0.6109365744446332	0.12201963534361851	0.8543836852206137	680	439	62
5-84_en_professional	en	10.387096774193548	1.8850931677018634	10.705067120817475	10.628616990583048	0.40062111801242234	0.15527950310559005	0.7204968944099379	0.012422360248447204	0.0	0.9032258064516129	0.7251125352713722	3.6774193548387095	2.1555555555555554	0.004315026141304348	4.6027279629629624e-05	0.009316770186335404	0.41304347826086957	16.29032258064516	1.297400417467591	4.631683168316831	2.2777777777777777	0.5031055900621118	0.6778475336322872	-1	0.6288004161144338	0.15527950310559005	0.901197429984955	315	216	31
5-85_en_professional	en	14.0	1.6964285714285714	9.887857142857143	8.072942857142857	0.3587662337662338	0.1314935064935065	0.6574675324675324	0.01461038961038961	0.0016233766233766235	0.6818181818181818	0.6725198586267404	4.295454545454546	1.766497461928934	0.006284834588961039	7.446734655647383e-05	0.004836309523809524	1.2954545454545454	20.068181818181817	1.2426621735574037	4.5641891891891895	2.1707317073170733	0.461038961038961	0.7102901353965199	0.6567841779336179	0.810499537007894	0.16558441558441558	0.9173400467351162	605	363	44
5-87_en_professional	en	12.333333333333334	1.5405405405405406	7.3983783783783785	5.378700900900901	0.43783783783783786	0.11351351351351352	0.6972972972972973	0.005405405405405406	0.0	0.9333333333333333	0.6877822143350093	3.8666666666666667	1.75	0.005388944640000001	8.59284672e-05	0.0190990990990991	0.33513513513513515	19.4	1.1469589761230627	3.9965635738831615	2.0344827586206895	0.4810810810810811	0.6012790697674417	-1	-1	0.14594594594594595	0.8739091812897913	183	125	15
5-88_en_professional	en	14.43859649122807	1.6658566221142164	9.698160772526702	8.482717780477925	0.35297691373025514	0.1275820170109356	0.6373025516403402	0.03341433778857837	0.006682867557715674	0.7456140350877193	0.6638292930191892	4.439655172413793	1.8178217821782179	0.005815014946780073	6.531549673340358e-05	0.0023420181239739175	2.4410692588092346	21.603448275862068	1.2740602340827818	4.330441640378549	1.8977035490605427	0.2770352369380316	0.6049515190691666	0.693310055000082	0.7198874189497932	0.1767922235722965	0.8633903576214624	1583	949	116
5-92_en_professional	en	10.25	1.9442508710801394	11.349660278745645	9.801901045296166	0.4181184668989547	0.14982578397212543	0.6829268292682927	0.0	0.0	0.8571428571428571	0.7445510521533915	3.357142857142857	1.6442307692307692	0.005922184851567944	5.650074943820224e-05	0.009838081574093053	0.21254355400696864	17.035714285714285	1.247164200912842	4.357873210633946	2.284090909090909	0.5853658536585366	0.7279255319148936	-1	-1	0.13588850174216027	0.9393550315665367	286	178	28
5-94_en_professional	en	11.736	1.8173142467620995	10.431348111792776	9.810217618541241	0.4001363326516701	0.141785957736878	0.6898432174505794	0.018404907975460124	0.002044989775051125	0.6	0.6951912118765238	3.96	1.7452631578947368	0.0049657094513292435	5.422351963123644e-05	0.0032265394228584415	2.279481935923654	18.728	1.2182691876837892	4.574097664543524	2.3393574297188753	0.3122017723244717	0.6634502923976636	0.7006433401029203	0.7992829647566545	0.16428084526244036	0.8713096880477049	1422	922	125
6-14_en_professional	en	7.128440366972477	1.8288288288288288	8.77027192329945	8.712653865136435	0.45817245817245816	0.15701415701415702	0.7477477477477478	0.007722007722007722	0.001287001287001287	0.7614678899082569	0.7425429797746368	3.0090909090909093	1.952755905511811	0.0042258235317889315	4.91606391221374e-05	0.005066290780576494	1.749034749034749	10.545454545454545	1.1724797312274642	4.4593724859211585	2.4836065573770494	0.4375804375804376	0.7135693215339243	0.8168066369022741	0.8365537091181218	0.09652509652509653	0.8981913240051157	767	524	110
6-15_en_professional	en	19.4	1.7439862542955327	12.555037800687284	9.943628453608246	0.35051546391752575	0.140893470790378	0.6168384879725086	0.003436426116838488	0.003436426116838488	0.9666666666666667	0.6916911722823408	5.633333333333334	1.9329608938547487	0.007259544697766323	5.014262325581396e-05	0.005154639175257732	0.6993127147766323	27.466666666666665	1.1264411313659883	4.765060240963855	2.1615384615384614	0.4896907216494845	0.6945962732919263	0.8430442822201295	0.892810955918925	0.15807560137457044	0.934757828748459	573	344	30
6-16_en_professional	en	9.265151515151516	1.8086672117743254	9.365682189846133	8.412702425729082	0.39247751430907607	0.16762060506950122	0.6941946034341783	0.004905968928863451	0.01062959934587081	0.7348484848484849	0.7522650837739082	3.484848484848485	1.962059620596206	0.004817641265331153	5.682752963917526e-05	0.00385025409607005	1.4505314799672935	13.083333333333334	1.1381457875013694	4.6546162402669635	2.330246913580247	0.33197056418642684	0.6816459074733063	0.6323677560988712	0.7320339276118122	0.12428454619787407	0.8678117202798065	1210	776	132
6-17_en_professional	en	15.083333333333334	1.819060773480663	11.757417127071825	10.563259300184162	0.3411602209944751	0.14502762430939226	0.6450276243093923	0.022099447513812154	0.0027624309392265192	0.9583333333333334	0.7485071149022908	5.104166666666667	2.075829383886256	0.0058282241265193374	6.459815720930232e-05	0.0054911736962673496	0.7928176795580111	20.8125	1.1257691101884997	4.8987090367428	2.0434782608695654	0.44613259668508287	0.7069120000000013	0.7868424099154859	0.8293110349127373	0.1685082872928177	0.9079034541073212	706	430	48
6-18_en_professional	en	11.038461538461538	1.9141590117199874	11.302076338295851	10.538293106893107	0.3734558124802027	0.1789673740893253	0.7070003167564143	0.012670256572695597	0.005068102629078239	0.7762237762237763	0.7452248650720914	3.870629370629371	1.91597510373444	0.00447876622914159	5.689284562718641e-05	0.0016426329900940057	3.530566993981628	16.53846153846154	1.204281013679189	4.7705458290422245	2.1839323467230445	0.26860943934114667	0.7188652714192222	0.6237204267258768	0.6582124494325756	0.13652201457079505	0.8668040695012549	3114	2001	286
6-20_en_professional	en	16.317073170731707	1.750373692077728	11.428068103102557	9.093558430857852	0.3243647234678625	0.14499252615844543	0.6875934230194319	0.04932735426008968	0.005979073243647235	0.9024390243902439	0.7181645347406218	5.0	1.9421052631578948	0.004367068370586996	7.355776571428572e-05	0.0068989306657468085	0.7249626307922272	22.951219512195124	1.1202568450166959	4.843220338983051	1.933920704845815	0.3662182361733931	0.6629122807017572	0.47094841187616754	0.5819912279157629	0.15844544095665172	0.857674579584681	634	385	41
6-23_en_professional	en	14.2	1.7746478873239437	10.888845070422537	9.898394929577464	0.3561368209255533	0.16297786720321933	0.6659959758551308	0.006036217303822937	0.008048289738430584	0.9142857142857143	0.752490302863725	4.3428571428571425	2.194244604316547	0.0061566407400402414	4.804573581081081e-05	0.006889823791232243	0.8873239436619719	21.17142857142857	1.298271089059396	4.672459893048129	2.0232558139534884	0.4688128772635815	0.7340703517587944	-1	0.7696660452564934	0.16096579476861167	0.9045991765778366	484	296	35
6-24_en_professional	en	13.938271604938272	1.6953055801594332	9.85053177180724	8.345727019431598	0.32772364924712133	0.09211691762621789	0.6173604960141719	0.024800708591674048	0.005314437555358724	0.9506172839506173	0.7349201328367397	4.148148148148148	2.0336700336700337	0.008447135465899026	7.502673366013072e-05	0.003617809603413216	1.4880425155004429	19.11111111111111	1.1860966567982576	4.586734693877551	2.0952380952380953	0.34720992028343667	0.6576990291262155	0.5672657330605315	0.7660986948396408	0.18069087688219662	0.8878496461558525	1100	612	81
6-26_en_professional	en	14.526315789473685	1.681159420289855	9.912944317315027	8.327260144927537	0.35688405797101447	0.12681159420289856	0.6702898550724637	0.050724637681159424	0.005434782608695652	0.8421052631578947	0.7538637614724573	4.684210526315789	1.8670886075949367	0.0062347672054347825	5.700325605095541e-05	0.005767524401064774	1.1105072463768115	22.342105263157894	1.3240009564769741	4.327868852459017	1.869047619047619	0.3713768115942029	0.6693598233995552	0.5121171184755254	0.5999715405567012	0.14130434782608695	0.8715068367003802	518	314	38
6-27_en_professional	en	17.824175824175825	1.7422934648581998	11.920491456755332	9.919499361797264	0.35388409371146734	0.12762022194821207	0.6824907521578298	0.036374845869297165	0.008014796547472256	0.8021978021978022	0.6942810230955101	4.934065934065934	2.071111111111111	0.0056116722771270035	6.150866614583334e-05	0.0028175668667965014	2.2077681874229347	26.978021978021978	1.2211260871701712	4.506298252742788	1.8946236559139784	0.28545006165228115	0.68321076822062	0.5894145264263398	0.6678945469751114	0.14796547472256474	0.8587754712835926	1560	960	91
6-28_en_professional	en	11.153846153846153	1.7551724137931035	9.471034482758622	8.690371352785146	0.4068965517241379	0.1206896551724138	0.6793103448275862	0.020689655172413793	0.0	0.9615384615384616	0.7496108288366353	4.038461538461538	1.872093023255814	0.00626638397137931	4.7481817514124296e-05	0.009631391200951248	0.8413793103448276	17.692307692307693	1.3295226048218312	4.177589852008457	2.22972972972973	0.4724137931034483	0.6503141361256544	-1	-1	0.14482758620689656	0.908103630815006	283	177	26
6-29_en_professional	en	15.533333333333333	1.8347639484978542	12.11821459227468	10.353353590844062	0.3497854077253219	0.15236051502145923	0.6673819742489271	0.02145922746781116	0.002145922746781116	0.9333333333333333	0.7759913292122236	4.466666666666667	1.7785714285714285	0.005439368769313305	5.010266607142857e-05	0.006029021050480278	1.409871244635193	24.766666666666666	1.3291866942558792	4.542056074766355	2.0	0.43776824034334766	0.7186648501362383	-1	0.6439096865728415	0.12875536480686695	0.8904112114484255	455	280	30
6-31_en_professional	en	16.0625	1.8067444876783398	11.993959954604414	9.930209014267186	0.3722438391699092	0.11413748378728923	0.6433203631647212	0.020752269779507133	0.011673151750972763	0.75	0.7336126703006259	4.75	2.02212389380531	0.0069968111128404665	4.4873090909090906e-05	0.004558087826570316	1.695201037613489	24.520833333333332	1.330598443996997	4.485957446808511	1.9393939393939394	0.3151750972762646	0.6459226190476184	0.5860156765397324	0.8521070859944057	0.16601815823605706	0.8568885612585954	756	462	48
6-32_en_professional	en	16.125	1.8604651162790697	12.652238372093024	10.516371317829458	0.3875968992248062	0.10077519379844961	0.686046511627907	0.007751937984496124	0.003875968992248062	0.75	0.7207125603864735	5.1875	1.8695652173913044	0.005376903041472868	4.367781802325581e-05	0.011093290564020315	1.2325581395348837	24.8125	1.2722155905623649	4.686868686868687	2.0	0.43410852713178294	0.6734591194968529	-1	-1	0.22868217054263565	0.8653428024678451	256	172	16
6-33_en_professional	en	12.146496815286625	1.6775039328788672	8.941680165932421	8.450031656084356	0.36444677503932876	0.12270582066072365	0.670162558993183	0.04404824331410592	0.015731515469323543	0.6178343949044586	0.6906753058276776	3.5	1.947080291970803	0.005039844238483482	8.411382357274402e-05	0.0022597548599819673	2.8694284216046144	18.141975308641975	1.3853068462876967	4.353789403085178	1.9867452135493373	0.26324069218668067	0.6870077433628312	0.4801660530453068	0.5566234702551812	0.16780283167278448	0.8571165516865752	1800	1086	162
6-34_en_professional	en	15.123287671232877	1.7427536231884058	10.872574945404011	8.627798481238832	0.34057971014492755	0.13134057971014493	0.6141304347826086	0.01177536231884058	0.009963768115942028	0.9452054794520548	0.7172012868322595	4.438356164383562	2.085526315789474	0.006560523858786233	6.242454992101106e-05	0.0040530582166543845	1.2835144927536233	21.91780821917808	1.296410147390513	4.6003729024238655	2.1009174311926606	0.3532608695652174	0.7034527363184069	0.6840817629786442	0.7486138644874339	0.18478260869565216	0.8922980553213153	1086	633	73
6-35_en_professional	en	16.532258064516128	1.7814634146341464	11.878848937844221	9.809047206923681	0.36878048780487804	0.13658536585365855	0.671219512195122	0.03121951219512195	0.001951219512195122	0.9193548387096774	0.6883449374024626	5.193548387096774	2.104895104895105	0.005197748664294644	5.0063195000000005e-05	0.0038048780487804877	1.2439024390243902	26.06451612903226	1.3333385892074996	4.426370918052989	1.972972972972973	0.3648780487804878	0.6942872570194385	0.5765522852235031	0.7134411757646465	0.16682926829268294	0.8891566297616667	993	620	62
6-37_en_professional	en	17.72222222222222	1.702194357366771	11.407560083594564	8.627152420759318	0.29780564263322884	0.11598746081504702	0.6394984326018809	0.03761755485893417	0.003134796238244514	1.0	0.7288808999535643	5.111111111111111	2.0555555555555554	0.006848766322394044	8.879555697674419e-05	0.0109717868338558	0.27586206896551724	24.88888888888889	1.2193987343779673	4.604910714285714	1.87012987012987	0.5203761755485894	0.7042727272727266	-1	-1	0.18808777429467086	0.928436837501968	309	172	18
6-38_en_professional	en	12.96	1.8317901234567902	11.079523456790128	9.704288543209877	0.3611111111111111	0.12654320987654322	0.6728395061728395	0.016975308641975308	0.006172839506172839	0.96	0.7375672230879463	4.06	1.9392265193370166	0.005230658363271605	4.689542543209877e-05	0.005353993449231544	1.212962962962963	18.84	1.197441868165088	4.754478398314014	2.1059602649006623	0.4228395061728395	0.7151001821493623	0.5976591342976443	0.7304729153407066	0.19290123456790123	0.8929701884438009	635	405	50
6-39_en_professional	en	14.882352941176471	1.8300395256916997	11.808584050220883	10.309080399907002	0.4209486166007905	0.11462450592885376	0.6897233201581028	0.017786561264822136	0.0	0.7941176470588235	0.7030817939598843	5.382352941176471	1.8516129032258064	0.005078897475494071	4.9349614375e-05	0.007052623420909866	1.4743083003952568	24.823529411764707	1.3068991700429804	4.2745562130177515	1.888268156424581	0.35177865612648224	0.6526535626535639	-1	0.5106781711906195	0.1976284584980237	0.8541920064348242	495	320	34
6-40_en_professional	en	15.990384615384615	1.634996993385448	9.93921452194829	7.676373426152923	0.3391461214672279	0.12988574864702346	0.6440168370414913	0.02164762477450391	0.00661455201443175	0.7884615384615384	0.7288423858279796	4.480769230769231	2.0	0.00641483248420926	6.683212981366459e-05	0.00276846686472616	1.784125075165364	22.778846153846153	1.2241460582694355	4.456759026028547	1.9583333333333333	0.27119663259170174	0.6523401534526838	0.5442239556349228	0.689259652622234	0.17739025856885146	0.860375679712835	1619	966	104
6-41_en_professional	en	16.515151515151516	1.8642201834862386	12.848707256046708	11.225415902140673	0.3889908256880734	0.1798165137614679	0.7009174311926606	0.005504587155963303	0.001834862385321101	0.8484848484848485	0.7413590791879308	4.454545454545454	2.3846153846153846	0.005144017441834862	4.381207759103641e-05	0.005810397553516819	1.310091743119266	28.515151515151516	1.3099785903908598	4.2542194092827	2.25	0.41100917431192663	0.6535650224215256	0.9278873494708074	0.7015463091150935	0.14495412844036698	0.8815951826815809	536	357	33
6-43_en_professional	en	12.107142857142858	1.808259587020649	10.469248841129374	9.039461778339653	0.35398230088495575	0.12094395280235988	0.5988200589970502	0.011799410029498525	0.0058997050147492625	1.0	0.7540968890317091	4.428571428571429	1.9158878504672898	0.007781046877876106	5.405308125e-05	0.008464794151596768	0.6224188790560472	19.321428571428573	1.3043658312279347	4.309782608695652	2.2209302325581395	0.5132743362831859	0.7223333333333333	-1	-1	0.14749262536873156	0.9287315683747537	333	192	28
6-45_en_professional	en	7.481012658227848	1.8663282571912014	9.35026837156504	8.293439529653666	0.428087986463621	0.17597292724196278	0.7225042301184433	0.001692047377326565	0.0	0.7468354430379747	0.7177191215001071	3.2658227848101267	1.829268292682927	0.005306463801015228	9.359810771208226e-05	0.007057075646898601	0.9289340101522843	11.569620253164556	1.1343918749669988	4.392484342379959	2.423469387755102	0.41116751269035534	0.6413821138211399	0.5796374355957362	0.7026119855269803	0.1065989847715736	0.8867605721308036	588	389	79
6-46_en_professional	en	12.293333333333333	2.0086767895878523	12.906786117136658	11.295586331164136	0.36984815618221256	0.19305856832971802	0.7223427331887202	0.006507592190889371	0.0032537960954446853	0.76	0.7195270495805084	3.6666666666666665	2.0436363636363635	0.0042550677574837315	5.318791666666666e-05	0.004260923458320421	1.380694143167028	20.053333333333335	1.2596904631279042	4.51198963058976	2.173228346456693	0.3470715835140998	0.6562697448359665	0.42688568534823007	0.5885101545311341	0.15184381778741865	0.8720275584087825	913	588	75
6-51_en_professional	en	13.150943396226415	1.7417503586800573	10.09152215695298	9.352933862104438	0.3988522238163558	0.13055954088952654	0.6915351506456241	0.024390243902439025	0.0028694404591104736	0.9622641509433962	0.7072823677365808	4.264150943396227	1.8761904761904762	0.005497612862984218	6.047715475638051e-05	0.004348305926498179	1.7919655667144907	20.88679245283019	1.3614177527360503	4.373881932021467	1.958139534883721	0.43185078909612623	0.6971571906354499	0.8242215501043841	0.7939719199036275	0.1563845050215208	0.9055330636626691	675	431	53
6-52_en_professional	en	12.061224489795919	1.6311336717428089	8.361254877585555	7.136391387824165	0.350253807106599	0.1065989847715736	0.6429780033840947	0.0338409475465313	0.00676818950930626	0.9387755102040817	0.7124157171352445	3.9591836734693877	1.7282608695652173	0.006019587082064298	4.023507774390244e-05	0.006598984771573604	1.0050761421319796	17.979591836734695	1.2096154805720363	4.4353741496598635	1.947674418604651	0.4196277495769882	0.6816869918699189	0.6876731028190403	0.8523959346117086	0.17428087986463622	0.898324609413158	569	328	49
6-53_en_professional	en	12.121212121212121	1.805	10.436272727272726	10.254866666666667	0.405	0.1375	0.6775	0.0075	0.005	0.9393939393939394	0.741114140347508	4.333333333333333	1.976	0.0070625248545	4.821975511811023e-05	0.0069375	0.9375	19.21212121212121	1.2942611804552948	4.517295597484277	2.0784313725490198	0.5075	0.7184053156146184	-1	0.8973632988926208	0.13	0.9131191222217363	393	254	33
6-55_en_professional	en	14.121212121212121	1.7832618025751072	10.959761997658994	9.983362804005722	0.4227467811158798	0.12875536480686695	0.6974248927038627	0.030042918454935622	0.0	0.8787878787878788	0.7246044102969876	4.757575757575758	1.8741721854304636	0.005975423024248927	5.824226236933798e-05	0.00630901287553648	1.5751072961373391	24.303030303030305	1.3452389335896233	4.11055900621118	1.9798657718120805	0.45278969957081544	0.7121798365122612	-1	0.7592138836822628	0.11587982832618025	0.8956480485273295	452	287	33
6-56_en_professional	en	12.375	1.6767676767676767	9.022108585858586	7.705110101010103	0.35353535353535354	0.10101010101010101	0.5555555555555556	0.0	0.0	1.0	0.6632653061224489	4.375	1.84375	0.010350387268686869	2.6440369811320758e-05	0.02777777777777778	0.030303030303030304	19.125	1.744063884616623	4.091503267973856	2.230769230769231	0.6161616161616161	0.6161616161616161	-1	-1	0.1919191919191919	0.9531262980944493	99	53	8
6-57_en_professional	en	15.095238095238095	1.9652996845425867	13.487679134745381	11.475201412047468	0.4069400630914827	0.15457413249211358	0.6466876971608833	0.0	0.0031545741324921135	1.0	0.7274020823340599	4.809523809523809	2.0594059405940595	0.0077417619924290216	2.7104855102040815e-05	0.012092534174553101	0.3785488958990536	25.523809523809526	1.5335208826836624	4.444444444444445	2.185185185185185	0.47003154574132494	0.6537155963302751	-1	-1	0.11356466876971609	0.9101774695879046	317	196	21
6-59_en_professional	en	14.68421052631579	1.8405017921146953	11.85476325221656	10.511866666666666	0.4014336917562724	0.13440860215053763	0.6971326164874552	0.034050179211469536	0.0	0.868421052631579	0.7778312538627014	4.526315789473684	1.963855421686747	0.005868226855913978	5.970726783625731e-05	0.006043177461031925	1.053763440860215	22.81578947368421	1.3325211368021117	4.490307867730901	1.9371069182389937	0.4659498207885305	0.7076470588235272	0.8405169668279086	0.745675110589613	0.13261648745519714	0.9122849427363174	541	342	38
6-60_en_professional	en	12.636363636363637	1.8321342925659472	10.957366470459998	10.459670503597122	0.4244604316546763	0.14628297362110312	0.6954436450839329	0.004796163069544364	0.0	0.9090909090909091	0.7710303793561868	4.242424242424242	2.1507936507936507	0.006314691459952039	3.64831725631769e-05	0.009009009009009007	1.0935251798561152	21.696969696969695	1.4010218589955024	4.2656467315716275	2.107843137254902	0.4148681055155875	0.6418553459119489	-1	0.5855854080818783	0.1510791366906475	0.8735134412955381	414	277	33
6-61_en_professional	en	12.424528301886792	1.8101746393318148	10.615626781851265	9.11071826191602	0.3804100227790433	0.12452543659832954	0.6727410782080486	0.009870918754745633	0.008352315869400152	0.7735849056603774	0.7170622243551721	4.028301886792453	1.9201995012468829	0.005962768946393318	5.927174264150943e-05	0.0034513701939670053	2.037965072133637	20.70754716981132	1.3569224190087483	4.186004514672686	2.086387434554974	0.3348519362186788	0.6937110016420317	0.5957960070953078	0.6603549410241109	0.1776765375854214	0.8796989776790005	1290	795	106
6-63_en_professional	en	18.263157894736842	1.69164265129683	11.494014864249966	8.516265706051874	0.3025936599423631	0.15561959654178675	0.622478386167147	0.002881844380403458	0.002881844380403458	0.8421052631578947	0.7286275958876577	5.7894736842105265	1.9895833333333333	0.006182478718731989	6.30005684729064e-05	0.007990568509300498	0.4553314121037464	24.894736842105264	1.1702788312226478	4.895522388059701	2.0	0.4783861671469741	0.6734677419354851	-1	0.5393217841078609	0.2017291066282421	0.910237985507891	345	203	19
6-64_en_professional	en	14.61111111111111	1.755386565272497	10.821894803548798	8.857813012251796	0.34980988593155893	0.17110266159695817	0.670468948035488	0.022813688212927757	0.0012674271229404308	0.9444444444444444	0.7283306681807958	4.388888888888889	1.9709543568464731	0.0058288572192648925	4.370100410677618e-05	0.004435994930291508	0.9531051964512041	23.166666666666668	1.290208072452877	4.342063492063492	1.9441860465116279	0.4131812420785805	0.6637971014492737	0.6049326086660101	0.802958988400543	0.1482889733840304	0.9040841289778238	771	487	54
6-67_en_professional	en	15.934782608695652	1.8274215552523874	12.188139569369476	10.826492105107064	0.3376534788540246	0.1800818553888131	0.6684856753069577	0.020463847203274217	0.0020463847203274215	0.9565217391304348	0.7101405475575656	4.836956521739131	2.0694444444444446	0.006254121299386085	4.4133801465614435e-05	0.002776663189150148	1.4447476125511596	24.76086956521739	1.3091671751331186	4.57606313020605	2.0023529411764707	0.3553888130968622	0.6750621799561095	0.7449997931068743	0.8355103290161323	0.14188267394270124	0.895033113885511	1426	887	92
6-69_en_professional	en	19.458333333333332	1.8822269807280514	14.20902837259101	11.172608922198428	0.3854389721627409	0.1734475374732334	0.6937901498929336	0.004282655246252677	0.0	1.0	0.7332721427251091	5.56	2.0344827586206895	0.005620445744539615	5.984980695364239e-05	0.0057913178898189605	1.0364025695931478	27.72	1.261235679779158	4.865606936416185	2.142857142857143	0.48822269807280516	0.7173913043478258	-1	0.8756440369727679	0.16059957173447537	0.9160625993359374	462	302	25
6-70_en_professional	en	11.787878787878787	1.7737789203084833	9.93786398691283	8.685624850042844	0.35218508997429304	0.15938303341902313	0.6529562982005142	0.010282776349614395	0.007712082262210797	0.8787878787878788	0.6678766954042691	3.6857142857142855	1.8888888888888888	0.007634943462982004	4.6037209829059835e-05	0.007823851570358779	0.5218508997429306	17.314285714285713	1.3805388450447873	4.387096774193548	2.26271186440678	0.5424164524421594	0.7215517241379301	-1	0.9017345504459947	0.15681233933161953	0.9314583426957954	382	234	35
6-72_en_professional	en	12.6	1.7797619047619047	10.325190476190475	9.601144603174603	0.36706349206349204	0.14087301587301587	0.6626984126984127	0.01984126984126984	0.007936507936507936	0.975	0.6919194589117543	4.45	1.8846153846153846	0.006217958903571429	5.758318516129032e-05	0.006227954144620811	0.9503968253968254	19.875	1.2853799818955585	4.380475594493117	1.9930555555555556	0.4642857142857143	0.7254074074074075	-1	0.7881308806331297	0.17063492063492064	0.9155769605404648	494	310	40
6-73_en_professional	en	10.608695652173912	1.709016393442623	8.71378474697078	7.545741126158232	0.38934426229508196	0.10245901639344263	0.6434426229508197	0.00819672131147541	0.0	0.8260869565217391	0.7357923308123844	4.0	1.9870129870129871	0.007102628253688525	3.858159115646259e-05	0.011177347242921014	0.5655737704918032	17.695652173913043	1.3979072874692715	3.927536231884058	2.0615384615384613	0.5245901639344263	0.7122758620689653	-1	-1	0.1598360655737705	0.9060915057802235	239	147	23
6-74_en_professional	en	14.482758620689655	1.8595238095238096	12.000656814449922	11.41458866995074	0.34285714285714286	0.1738095238095238	0.6452380952380953	0.023809523809523808	0.007142857142857143	1.0	0.6446159727644651	4.344827586206897	2.139344262295082	0.006292069068095238	5.314786007905138e-05	0.008292282430213465	0.5595238095238095	21.79310344827586	1.4077478701949555	4.52099533437014	1.989247311827957	0.45714285714285713	0.6576012461059185	-1	0.8912698103620112	0.14761904761904762	0.8956223066706482	409	253	29
6-75_en_professional	en	16.073529411764707	1.8609332113449222	12.63768836445832	10.469630439696466	0.35224153705397987	0.17749313815187556	0.6733760292772186	0.01646843549862763	0.0036596523330283625	0.9411764705882353	0.755919819369521	4.455882352941177	2.1246006389776357	0.006745026786642269	5.2792173235294117e-05	0.003319827473532872	1.6505032021957915	23.573529411764707	1.2505404951487564	4.728624535315985	1.9858657243816253	0.39615736505032023	0.6969617706237425	0.8017394148124048	0.8824833328929369	0.1463860933211345	0.9029123228643838	1076	680	68
6-76_en_professional	en	11.352941176470589	1.8203799654576858	10.31813065122422	8.557771350198113	0.3540587219343696	0.15803108808290156	0.6753022452504318	0.017271157167530225	0.0025906735751295338	0.8235294117647058	0.7324494517839683	4.029411764705882	1.876750700280112	0.006089085718809845	4.8501329032258066e-05	0.0032408818449659654	2.3134715025906734	17.00980392156863	1.210976759841706	4.551078320090806	2.110091743119266	0.348013816925734	0.71085930122757	0.7229436104832031	0.7637811478254167	0.153713298791019	0.8789965563492291	1136	713	102
6-77_en_professional	en	8.977272727272727	1.6278481012658228	7.119743958573071	6.053848101265823	0.3721518987341772	0.11139240506329114	0.6658227848101266	0.017721518987341773	0.012658227848101266	0.9090909090909091	0.758031684111206	3.409090909090909	1.8235294117647058	0.006575921186835443	8.694822327586207e-05	0.008471275559883156	0.579746835443038	12.636363636363637	1.1657226765490831	4.493913043478261	2.1885245901639343	0.49873417721518987	0.7148310810810805	-1	0.7728222957077848	0.18227848101265823	0.9223651110810452	386	232	44
6-78_en_professional	en	8.877551020408163	1.5839080459770114	6.562359840487922	7.046878254750176	0.47011494252873565	0.12816091954022987	0.7327586206896551	0.047126436781609195	0.008620689655172414	0.5306122448979592	0.7098630593930432	3.195	1.8839427662957076	0.004974400362066666	7.26613765100671e-05	0.0027578743095984476	4.906896551724138	14.08	1.2069715577897313	3.8636363636363638	1.920042643923241	0.2867816091954023	0.6643753808653231	0.6007782558423237	0.6431836116976131	0.09885057471264368	0.8543394016159959	1575	1043	200
6-80_en_professional	en	16.50420168067227	1.7545824847250509	11.550711975217787	9.2742275719249	0.37321792260692466	0.1334012219959267	0.6578411405295316	0.00560081466395112	0.004582484725050916	0.8823529411764706	0.68930134283495	5.042016806722689	1.9745331069609509	0.006721703310503564	7.195338078231293e-05	0.0024336359556767577	2.1512219959266803	22.33613445378151	1.188188544941528	4.897989575577066	2.175	0.31720977596741345	0.6757587131367412	0.6689469910496496	0.7495267608881137	0.14867617107942974	0.8856581560789711	1951	1176	119
6-81_en_professional	en	14.573529411764707	1.6760847628657922	9.871476672404583	8.28132075740488	0.36730575176589303	0.15338042381432895	0.6750756811301716	0.039354187689202826	0.0010090817356205853	0.9558823529411765	0.6906883534001971	4.735294117647059	2.063973063973064	0.006362521367578204	8.611212832167832e-05	0.004411128729998558	1.7931382441977801	21.573529411764707	1.2540445881254885	4.438430311231394	1.9451612903225806	0.33097880928355194	0.6478699551569536	0.5822074356156156	0.6790414939364097	0.11604439959636731	0.8612286088805263	945	572	68
6-82_en_professional	en	10.898876404494382	1.634020618556701	7.942005096721882	7.834972547202595	0.4762886597938144	0.1268041237113402	0.7268041237113402	0.020618556701030927	0.006185567010309278	0.6067415730337079	0.6347271772863632	3.5384615384615383	1.8546511627906976	0.005118793766597938	6.540443316582915e-05	0.0033781296023564066	4.941237113402062	17.208791208791208	1.1695692102084938	4.09633312616532	2.0149892933618845	0.38762886597938145	0.7198966704936832	0.487970547343147	0.5785693950042641	0.10618556701030928	0.8886492906980507	891	597	91
6-83_en_professional	en	9.870967741935484	1.535294117647059	6.376148007590135	5.684471558085599	0.41568627450980394	0.13202614379084968	0.6784313725490196	0.03725490196078431	0.00784313725490196	0.6451612903225806	0.6715618011861281	3.4743589743589745	1.9684418145956608	0.006425962611490196	7.148121627384961e-05	0.0024024024024024023	3.6738562091503266	14.224358974358974	1.1383625051425355	4.091426071741032	1.9735099337748345	0.3287581699346405	0.6382739343116712	0.8172638120874097	0.8432208352486492	0.11241830065359477	0.8776064587529917	1435	891	156
6-84_en_professional	en	8.6	1.7209302325581395	8.070976744186048	5.88385023255814	0.3023255813953488	0.11627906976744186	0.627906976744186	0.0	0.0	1.0	0.9142857142857143	3.8	1.6666666666666667	0.005121331158139535	5.675999166666667e-05	0.046511627906976744	0.023255813953488372	12.0	1.1931818181818181	4.377049180327869	2.0	0.7906976744186046	0.7906976744186046	-1	-1	0.23255813953488372	0.9579832816708762	43	24	5
6-85_en_professional	en	13.127659574468085	1.59967585089141	8.405962274561194	6.696168343735993	0.36628849270664504	0.1539708265802269	0.6580226904376013	0.02593192868719611	0.0016207455429497568	0.9574468085106383	0.7274858573665912	4.170212765957447	2.189655172413793	0.006649282420907617	5.9703434794520545e-05	0.00610365874685334	1.273905996758509	18.51063829787234	1.171567530743433	4.481271282633371	2.023121387283237	0.40842787682333875	0.6628185328185313	0.7276700267757468	0.795498580374663	0.13452188006482982	0.8866440046924193	600	365	47
7-10_en_professional	en	9.207207207207206	1.837573385518591	9.684176759930185	9.806147589076357	0.47847358121330724	0.16634050880626222	0.764187866927593	0.0273972602739726	0.008806262230919765	0.7477477477477478	0.6548458411595482	3.3513513513513513	2.106060606060606	0.0036632206454990214	6.164440014245013e-05	0.005227108868060562	1.9765166340508806	16.27927927927928	1.4188682581971284	4.107890499194847	1.9262295081967213	0.30234833659491195	0.6294041170097509	0.5699639037534937	0.5877819795112977	0.10273972602739725	0.8387586333905253	971	702	111
7-11_en_professional	en	7.7890625	1.9237713139418255	10.148235879513543	10.60388089894684	0.5215646940822467	0.11133400200601805	0.7733199598796389	0.04212637913741224	0.0010030090270812437	0.65625	0.5918250912744386	2.7279411764705883	1.9187675070028012	0.0037793835610832496	3.2993819740634e-05	0.004737102874889729	2.297893681043129	13.279411764705882	1.3207780758376857	4.077289571201694	1.9793233082706767	0.38415245737211634	0.683652561247215	0.5069439023259308	0.662010146466038	0.10832497492477432	0.8778032557841651	952	694	136
7-16_en_professional	en	14.538461538461538	1.8412698412698412	11.80698412698413	10.060751404151404	0.3968253968253968	0.1111111111111111	0.6931216931216931	0.005291005291005291	0.0	1.0	0.754728818160397	4.423076923076923	2.0090909090909093	0.00622282598941799	4.617338333333333e-05	0.009564509564509565	0.3968253968253968	19.76923076923077	1.1704235975668131	5.053333333333334	2.125	0.5132275132275133	0.656200716845878	-1	0.9189985371569889	0.164021164021164	0.9117937422370653	375	240	26
7-17_en_professional	en	11.75	1.9399249061326658	11.883613892365457	11.471790237797247	0.3904881101376721	0.15769712140175218	0.6946182728410513	0.007509386733416771	0.0025031289111389237	0.9117647058823529	0.7338747763716549	4.043478260869565	1.9955947136563876	0.005112893230788486	5.124511975806452e-05	0.005562508691419831	1.118898623279099	18.043478260869566	1.4042485972997103	4.857932123125494	2.3190476190476192	0.3742177722152691	0.6588714285714294	0.7105510260061658	0.7698537616316895	0.16020025031289112	0.8775752421255615	788	496	69
7-18_en_professional	en	15.734375	1.7557100297914598	11.263784601539228	9.24335453078451	0.3723932472691162	0.13406156901688182	0.6504468718967229	0.025819265143992055	0.003972194637537239	0.78125	0.7453742084348917	4.78125	1.939799331103679	0.005802790159582919	6.918347796901893e-05	0.004481785396958135	2.0635551142005957	23.890625	1.3786063027809325	4.534640522875817	2.0779220779220777	0.253227408142999	0.6454735682819368	0.40947433842784847	0.5264034535389134	0.14498510427010924	0.8235588816131866	970	581	64
7-19_en_professional	en	8.88888888888889	2.0	11.47666666666667	10.387222222222222	0.425	0.2	0.7875	0.0	0.0	0.8888888888888888	0.8225672877846791	3.0	1.8518518518518519	0.00268069820625	1.7849194444444444e-05	0.04285714285714286	0.2375	16.444444444444443	1.4562706429373096	4.466216216216216	2.263157894736842	0.5875	0.5875	-1	-1	0.1375	0.8441487332812818	80	54	9
7-22_en_professional	en	8.88888888888889	2.1875	13.689166666666669	14.545847222222221	0.575	0.05	0.725	0.0	0.0	1.0	0.6677579365079365	3.090909090909091	1.935483870967742	0.008288443451249999	3.625396666666666e-05	0.037500000000000006	0.2375	13.181818181818182	1.3540749105966496	4.510067114093959	2.36	0.6125	0.6125	-1	-1	0.1125	0.9123998707267673	80	57	11
7-26_en_professional	en	15.944444444444445	1.6991869918699187	10.678739837398375	8.459610298102982	0.41579558652729387	0.0975609756097561	0.6689895470383276	0.016260162601626018	0.004645760743321719	0.9629629629629629	0.7007630977850382	5.092592592592593	1.8413284132841328	0.006973602408246226	5.578369373776908e-05	0.0048601804699365675	1.651567944250871	23.555555555555557	1.2448665996378647	4.409836065573771	1.9402985074626866	0.3612078977932636	0.6442519685039372	0.6379695799445789	0.7688181460485533	0.16492450638792103	0.8866423016681425	830	511	54
7-27_en_professional	en	10.527777777777779	1.9876868953386104	11.970538698328937	10.901189914980943	0.46701846965699206	0.10290237467018469	0.702726473175022	0.011433597185576077	0.0043975373790677225	0.7222222222222222	0.6719232737698512	3.6481481481481484	1.8056265984654731	0.005025747772471416	4.658889435261708e-05	0.003415563012868134	3.1864555848724714	18.15740740740741	1.3770120310909628	4.27882703777336	2.188311688311688	0.37467018469656993	0.6773699421965349	0.7213684757366877	0.8131994806741331	0.13896218117854	0.8901080314232798	1121	726	108
7-28_en_professional	en	11.023255813953488	1.9437412095639943	11.645216040296994	11.188573604160535	0.44585091420534456	0.10548523206751055	0.709563994374121	0.035161744022503515	0.007032348804500703	0.7984496124031008	0.6989863683177272	3.6	2.082547169811321	0.005507575322290225	5.6477930343300115e-05	0.0039011029683914426	2.2988748241912798	18.83076923076923	1.381478111638646	4.271111111111111	2.150390625	0.3263009845288326	0.6324036281179173	0.5932634468593009	0.6372674600112286	0.13783403656821377	0.8681051705821637	1369	903	130
7-29_en_professional	en	17.03921568627451	1.666283084004603	10.717434508901373	9.044819923734742	0.38550057537399307	0.09436133486766399	0.6421173762945915	0.02186421173762946	0.0011507479861910242	0.9803921568627451	0.7179451999194448	5.137254901960785	1.8369565217391304	0.00668756743675489	6.230663544303797e-05	0.004528750139203386	0.9873417721518988	25.568627450980394	1.318026805437193	4.410823170731708	1.9870129870129871	0.4062140391254315	0.6533636363636371	0.8590703412637797	0.8019198875797101	0.16570771001150747	0.9056227999889999	810	474	51
7-3_en_professional	en	16.125	1.875968992248062	12.835184108527134	10.913658139534883	0.40310077519379844	0.12403100775193798	0.7403100775193798	0.09302325581395349	0.0	0.9375	0.7286812202660393	3.85	2.3333333333333335	0.005562347762790697	4.861613043478261e-05	0.018604651162790697	0.24806201550387597	18.3	1.0986245968084203	4.980978260869565	1.9245283018867925	0.4496124031007752	0.6206918238993706	-1	-1	0.09302325581395349	0.8648099696521349	240	161	20
7-30_en_professional	en	9.90625	1.832807570977918	9.900566837539433	8.869242981072556	0.3785488958990536	0.11041009463722397	0.6624605678233438	0.015772870662460567	0.01892744479495268	0.8125	0.6542252068236822	3.40625	1.9789473684210526	0.0054972551432176655	4.083409533678756e-05	0.010897619730427301	0.5299684542586751	14.625	1.3007094010160394	4.639004149377594	2.1486486486486487	0.4921135646687697	0.6560091743119274	-1	-1	0.1892744479495268	0.9048934601618109	312	193	32
7-31_en_professional	en	13.609756097560975	1.9444444444444444	12.662249322493228	12.041017169332983	0.45161290322580644	0.12544802867383512	0.7222222222222222	0.012544802867383513	0.0	0.7804878048780488	0.7018722987932546	4.682926829268292	1.8764044943820224	0.0051305947254480285	5.458325239436619e-05	0.007441171887174693	1.3136200716845878	21.78048780487805	1.343670969990609	4.781879194630872	2.18125	0.3888888888888889	0.6706753812636144	0.37021350756339827	0.7959605216952464	0.12903225806451613	0.869523680715662	542	355	41
7-32_en_professional	en	15.39344262295082	1.8913738019169328	12.731653485570629	10.443810230625536	0.4036208732694356	0.13099041533546327	0.6826411075612353	0.004259850905218318	0.003727369542066028	0.860655737704918	0.7214365899660005	5.139344262295082	1.904040404040404	0.005599241792332268	5.129535e-05	0.0027966458148754713	2.5958466453674123	23.934426229508198	1.33476849663728	4.647599591419816	2.1345755693581783	0.27689030883919064	0.6647329960652061	0.6577711707560177	0.7172054219048462	0.1554845580404686	0.8613224585057726	1837	1160	122
7-33_en_professional	en	18.053571428571427	1.8353115727002967	13.10756941500636	10.69699927935566	0.3664688427299703	0.14193867457962414	0.6770524233432246	0.0390702274975272	0.002967359050445104	0.9017857142857143	0.7188001155469148	5.0	2.1910714285714286	0.005026347688098467	6.298333486622073e-05	0.0030303911871375653	1.904055390702275	25.973214285714285	1.2448276334845443	4.83041537933402	1.834188034188034	0.28338278931750743	0.6823868954758266	0.7291881330438853	0.8147608979470241	0.14391691394658754	0.8633164164640266	1940	1196	112
7-34_en_professional	en	16.238532110091743	1.7169491525423728	11.003027522935781	9.18599782304463	0.36892655367231636	0.15028248587570622	0.6717514124293785	0.020903954802259886	0.00903954802259887	0.8532110091743119	0.7173199681774352	4.625	1.9556451612903225	0.0054061127253107345	6.812235014436959e-05	0.0028772788164715475	1.7598870056497176	24.071428571428573	1.2735389400796058	4.508136094674557	1.9217877094972067	0.303954802259887	0.6743267504488333	0.5238219635600285	0.6154927236682228	0.1536723163841808	0.8749827240683731	1697	1039	112
7-39_en_professional	en	5.7	1.4736842105263157	4.022473684210524	5.2333031578947375	0.5087719298245614	0.10526315789473684	0.7368421052631579	0.017543859649122806	0.0	0.8	0.8421516754850088	2.7	1.5925925925925926	0.006275839152631579	2.325491081081081e-05	0.043859649122807015	0.10526315789473684	8.8	1.0763879598662207	4.170212765957447	2.1785714285714284	0.7368421052631579	0.7368421052631579	-1	-1	0.10526315789473684	0.9325318136408841	54	37	10
7-4_en_professional	en	18.82857142857143	1.8406676783004552	13.47302146108823	11.409055200520271	0.37025796661608495	0.09711684370257967	0.6843702579666161	0.0637329286798179	0.0015174506828528073	1.0	0.7276027303373741	5.457142857142857	2.261627906976744	0.006519522882746586	4.531321614583333e-05	0.00635211913752338	0.9377845220030349	28.685714285714287	1.239320419117826	4.503482587064677	1.7013888888888888	0.4339908952959029	0.6460178571428573	0.6383530288670117	0.7333338832443418	0.1456752655538695	0.8961584813973333	611	384	35
7-40_en_professional	en	10.64406779661017	1.8542993630573248	10.4419189247544	9.061774122854366	0.4012738853503185	0.10668789808917198	0.6831210191082803	0.03980891719745223	0.0023885350318471337	0.7033898305084746	0.6811331482429732	3.3934426229508197	1.8931297709923665	0.006046809163886066	6.499865343709468e-05	0.003210123322943489	2.3121019108280256	16.040983606557376	1.2455020991120842	4.420973406924235	1.9857482185273159	0.339171974522293	0.6458599827139136	0.6040160920805171	0.7751383822502259	0.15047770700636942	0.8790340474246798	1212	771	122
7-41_en_professional	en	13.283950617283951	1.8550185873605949	11.479960071595762	9.595333048786085	0.3996282527881041	0.10780669144981413	0.679368029739777	0.031598513011152414	0.0055762081784386614	0.8518518518518519	0.6599866584549654	3.9012345679012346	2.0	0.005113343390799256	6.220361764705882e-05	0.0036658405617513426	2.091078066914498	20.88888888888889	1.2921379094056635	4.500876680303916	2.0032467532467533	0.3252788104089219	0.6459774820880257	0.6651218562984559	0.7728911977992493	0.1579925650557621	0.8634240532662316	1045	663	81
7-43_en_professional	en	12.193548387096774	1.8844797178130512	11.40234454116175	10.530330955225578	0.43386243386243384	0.12081128747795414	0.6922398589065256	0.018518518518518517	0.0008818342151675485	0.7419354838709677	0.7345978013838742	4.150537634408602	1.9969879518072289	0.005297159715255732	5.366052151724138e-05	0.0031197664250885537	3.1807760141093473	19.043010752688172	1.247184220934745	4.599442896935933	2.2918032786885245	0.30687830687830686	0.6454782608695673	0.6136970287625713	0.7131580228880225	0.12433862433862433	0.8624391993837885	1102	725	93
7-44_en_professional	en	12.446428571428571	1.7862266857962696	10.341582035253126	9.044321192867391	0.40746054519368724	0.10473457675753228	0.6714490674318508	0.027259684361549498	0.005738880918220947	0.6964285714285714	0.660279973933669	3.532258064516129	1.8110599078341014	0.005737153005624366	5.783484045077106e-05	0.0031590170192041913	2.6800573888091823	17.830645161290324	1.1782308695146009	4.3772747447847316	2.065979381443299	0.3163558106169297	0.6591814671814729	0.6354789845709988	0.741558212743298	0.1406025824964132	0.8673850493048166	1353	843	124
7-46_en_professional	en	13.022727272727273	1.7475276323443862	10.109689698027395	8.841062012798139	0.3531122745782432	0.09714950552646888	0.6387434554973822	0.03723094822571262	0.005817335660267597	0.7272727272727273	0.7183296673352452	3.984848484848485	1.9023354564755839	0.005564012041524142	5.813719431818182e-05	0.002250861413165078	2.5631180919139034	20.87121212121212	1.3700954209703435	4.27703916636723	1.9943820224719102	0.30424665503199533	0.6621419753086443	0.5155785187348938	0.5927258339252531	0.19895287958115182	0.878552845140401	1648	968	132
7-48_en_professional	en	13.333333333333334	2.025	13.504999999999999	13.105458333333333	0.4375	0.0875	0.7	0.0375	0.0	1.0	0.7448962148962148	5.166666666666667	1.6	0.0047358266625	5.157948076923077e-05	0.02916666666666667	0.0125	20.333333333333332	1.1939858353651458	5.163934426229508	1.8620689655172413	0.7875	0.7875	-1	-1	0.2	0.9689712073401665	77	52	6
7-49_en_professional	en	14.75	1.847457627118644	11.962500000000002	11.658318644067798	0.4067796610169492	0.14689265536723164	0.7231638418079096	0.03954802259887006	0.0	1.0	0.7382248515647725	4.583333333333333	2.0	0.0048122576429378535	6.005564830508474e-05	0.018832391713747648	0.15254237288135594	21.666666666666668	1.2160860510457285	4.923664122137405	1.85	0.6610169491525424	0.7367948717948719	-1	-1	0.1694915254237288	0.945537142275902	169	118	12
7-5_en_professional	en	15.25	1.7147540983606557	10.591598360655741	9.10230819672131	0.380327868852459	0.12131147540983607	0.6721311475409836	0.04590163934426229	0.0	1.0	0.6759451937389039	5.5	2.095744680851064	0.007077389145803279	7.865426055555556e-05	0.009289617486338799	0.46229508196721314	22.0	1.1736527944939588	4.693002257336343	1.825242718446602	0.5508196721311476	0.7044174757281546	-1	-1	0.1180327868852459	0.9297812163554952	292	180	20
7-50_en_professional	en	6.878048780487805	2.102836879432624	11.90591420169521	12.14355585538834	0.5354609929078015	0.12411347517730496	0.7872340425531915	0.0425531914893617	0.0	0.7560975609756098	0.6940176027676029	2.8780487804878048	1.8363636363636364	0.0033971135280141842	5.057507303921568e-05	0.010221109720483937	1.50354609929078	12.829268292682928	1.4958293905741493	4.258241758241758	2.1343283582089554	0.549645390070922	0.7606010928961743	-1	0.6223690532756407	0.10638297872340426	0.9108833745883493	270	204	41
7-51_en_professional	en	15.37037037037037	1.9819277108433735	13.791191432396253	11.978588576528335	0.363855421686747	0.13975903614457832	0.6807228915662651	0.04457831325301205	0.0036144578313253013	0.9629629629629629	0.7594170465783425	5.203703703703703	2.11587982832618	0.005850981356916747	5.252224326530612e-05	0.005409392672731743	1.1686746987951808	22.814814814814813	1.3019077621705748	4.973515248796148	1.9008620689655173	0.3746987951807229	0.6785088919288661	0.594103330912913	0.6818109343749771	0.1614457831325301	0.879993818517841	792	490	54
7-59_en_professional	en	9.393939393939394	1.764516129032258	8.894926686217008	6.841440860215053	0.4935483870967742	0.09032258064516129	0.7483870967741936	0.1	0.0	0.6666666666666666	0.688025920838421	3.1666666666666665	2.19	0.005198727860645161	0.00011302329336734693	0.012903225806451613	0.8935483870967742	12.61111111111111	1.0249818306342855	4.384120171673819	1.9811320754716981	0.4064516129032258	0.5163033175355454	-1	-1	0.08064516129032258	0.8417117746240851	285	196	36
7-6_en_professional	en	13.833333333333334	1.7751004016064258	10.751184738955825	9.912431325301206	0.36947791164658633	0.10441767068273092	0.6746987951807228	0.05622489959839357	0.008032128514056224	1.0	0.7055826397544663	4.666666666666667	2.3015873015873014	0.0067373746549397595	5.33276823943662e-05	0.014629948364888122	0.24096385542168675	19.444444444444443	1.1813397490417166	4.7457142857142856	1.6904761904761905	0.5622489959839357	0.6552666666666664	-1	-1	0.14457831325301204	0.921006350386466	236	142	18
7-62_en_professional	en	13.37037037037037	1.5734072022160666	8.190649430594032	6.8851242638760635	0.40166204986149584	0.09418282548476455	0.6592797783933518	0.060941828254847646	0.00554016620498615	0.8518518518518519	0.741224265661079	4.0	1.9482758620689655	0.006707115275551247	6.267135458937198e-05	0.008223684210526315	0.9002770083102493	19.962962962962962	1.1437227137284571	4.04	1.855263157894737	0.5041551246537396	0.640725190839693	-1	0.8356682758816777	0.12465373961218837	0.9184507921430881	339	207	27
7-63_en_professional	en	9.286549707602338	1.6574307304785894	7.589437005612268	7.934115393226982	0.42191435768261965	0.12720403022670027	0.7518891687657431	0.10075566750629723	0.0069269521410579345	0.6491228070175439	0.714180919014684	2.9421965317919074	2.074468085106383	0.004180037033847607	5.9580812103174607e-05	0.004138179201151493	2.1026448362720402	13.982658959537572	1.2614194358816535	4.036653386454184	1.8181818181818181	0.2600755667506297	0.6146877098723982	0.7016148055777673	0.7898015481675524	0.11838790931989925	0.8331812897926884	1439	1008	173
7-65_en_professional	en	11.293706293706293	1.8594427244582044	10.75596960315227	10.254329364134318	0.4551083591331269	0.1281733746130031	0.7393188854489164	0.04643962848297214	0.002476780185758514	0.7832167832167832	0.7299145589873429	3.944055944055944	1.9092664092664093	0.004276960626501548	4.2883398608534325e-05	0.0030959752321981426	3.652012383900929	17.93006993006993	1.271909014988998	4.391603053435115	2.0762052877138415	0.3065015479876161	0.6733970976253303	0.6226269462318292	0.6856802513015668	0.11578947368421053	0.859803103797728	1539	1078	143
7-67_en_professional	en	13.5	1.8824476650563606	11.887882447665056	9.883391626409018	0.3864734299516908	0.15619967793880837	0.6763285024154589	0.027375201288244767	0.008051529790660225	0.9347826086956522	0.778423549225253	4.369565217391305	1.8527918781725887	0.005162063628180354	6.206169683377309e-05	0.004830917874396135	2.2769726247987117	20.456521739130434	1.2219311881346824	4.465336134453781	2.03	0.40901771336553944	0.7286015325670466	0.7008244627991731	0.7235057144199578	0.15136876006441224	0.8872128063074604	600	379	46
7-75_en_professional	en	12.608695652173912	1.8482758620689654	11.137046476761622	10.426449775112445	0.46206896551724136	0.14482758620689656	0.7586206896551724	0.020689655172413793	0.02413793103448276	0.9565217391304348	0.7786128718281123	3.9565217391304346	2.475	0.003509982963448276	6.655529117647059e-05	0.010919540229885057	1.2241379310344827	19.434782608695652	1.1764072642333512	4.498896247240618	1.972972972972973	0.5310344827586206	0.736439790575916	-1	0.7122524073378137	0.15172413793103448	0.8922198321691805	283	204	23
7-76_en_professional	en	12.222222222222221	1.6954545454545455	9.183030303030304	8.615169191919193	0.6477272727272727	0.07045454545454545	0.7909090909090909	0.004545454545454545	0.0	0.8333333333333334	0.6717195059257455	3.9523809523809526	1.7102272727272727	0.004095835486136364	5.346620501567398e-05	0.011704545454545455	2.765909090909091	22.547619047619047	1.2552245699655704	3.6387434554973823	2.1953642384105962	0.4113636363636364	0.590439882697947	-1	0.5694462673185863	0.075	0.8620379118352832	422	319	42
7-77_en_professional	en	14.03125	1.6547884187082404	9.408690840757238	8.143062861915366	0.4938752783964365	0.13140311804008908	0.7616926503340757	0.045657015590200446	0.0038975501113585748	0.734375	0.7205976635941446	4.340579710144928	2.085616438356164	0.0036670994614170505	7.544709457429048e-05	0.0027744193445752466	4.08630289532294	22.434782608695652	1.2514213714268498	4.0864276568501925	2.0486177311725453	0.28006681514476617	0.6744136711844434	0.7062169719733892	0.7840724906429802	0.10746102449888642	0.8350102313624195	1685	1198	138
7-78_en_professional	en	10.304347826086957	1.8818565400843883	10.634602825169697	10.779110585213724	0.4092827004219409	0.17721518987341772	0.729957805907173	0.02531645569620253	0.012658227848101266	0.8695652173913043	0.7433417592508501	3.652173913043478	2.23943661971831	0.004287121105063291	7.923657820512821e-05	0.0104374861203642	0.4050632911392405	16.391304347826086	1.4783705668215459	4.48578811369509	2.1770833333333335	0.6160337552742616	0.7153623188405799	-1	-1	0.1308016877637131	0.9290062678013548	229	156	23
7-79_en_professional	en	15.481012658227849	1.9533932951757973	13.49763581978327	11.328421228148256	0.3883892068683565	0.1651676206050695	0.6999182338511856	0.007358953393295176	0.0	0.9113924050632911	0.7134407062092395	5.1645569620253164	2.047872340425532	0.005351891309566639	5.452740375469337e-05	0.0033430969705124354	1.722812755519215	23.303797468354432	1.2426700943443103	4.880258899676376	2.215547703180212	0.4039247751430908	0.738069395017796	0.7362487394223015	0.8089447882957846	0.14881439084219134	0.9072957839466756	1212	799	79
7-8_en_professional	en	16.66216216216216	1.686131386861314	10.804593608206748	9.224952442953903	0.3657745336577453	0.1151662611516626	0.689375506893755	0.07542579075425791	0.0072992700729927005	0.8648648648648649	0.7415555006369535	4.581081081081081	2.058103975535168	0.004409867820113544	5.084737786998617e-05	0.004075945681785098	1.7331711273317112	24.554054054054053	1.2582640981324476	4.528477546549836	1.8713318284424378	0.26763990267639903	0.6282186948853637	0.6227781858169306	0.6682436271731838	0.16220600162206	0.8368594675968501	1152	723	74
7-80_en_professional	en	13.966666666666667	1.7494033412887828	10.499959427207639	9.451503516308673	0.38902147971360385	0.13007159904534607	0.6706443914081146	0.05489260143198091	0.003579952267303103	0.8166666666666667	0.7236404002736475	4.233333333333333	2.0234375	0.005880795355966587	4.813141556016598e-05	0.0047903170814865325	2.1420047732696896	21.133333333333333	1.2408780406961248	4.407349491790462	1.983221476510067	0.31861575178997614	0.6514884979702301	0.451853172816597	0.5726417269059134	0.13484486873508353	0.85922883072518	790	482	60
7-81_en_professional	en	13.634146341463415	1.7745974955277282	10.667567520397924	9.53691907151272	0.3810375670840787	0.1252236135957066	0.6994633273703041	0.028622540250447227	0.0017889087656529517	0.975609756097561	0.7249015302722737	4.487804878048781	1.871345029239766	0.005211568769051878	4.4696645428571436e-05	0.005507032866813989	1.0912343470483006	21.609756097560975	1.2988337616739394	4.504474272930649	2.0421686746987953	0.45080500894454384	0.6639130434782603	0.6419952649449004	0.6959452633935661	0.1967799642218247	0.9036130466379905	542	350	41
7-82_en_professional	en	13.743243243243244	1.768928220255654	10.643217863881581	9.262172138510193	0.3746312684365782	0.09144542772861357	0.6578171091445427	0.05014749262536873	0.00983284169124877	0.9459459459459459	0.7368796184319616	4.22972972972973	1.8956228956228955	0.00498953971506765	5.6324119400352735e-05	0.003858456866186227	1.5771878072763028	22.93243243243243	1.3249940038767953	4.127572016460905	1.865429234338747	0.3608652900688299	0.6630065359477098	0.690327723491725	0.8047094777449258	0.1848574237954769	0.8847245915364649	959	567	74
7-83_en_professional	en	13.836363636363636	1.8436268068331143	11.560978138812569	10.088597687253614	0.38370565045992117	0.11957950065703023	0.6741130091984231	0.03416557161629435	0.002628120893561104	0.9454545454545454	0.6641457615331242	3.963636363636364	1.7651821862348178	0.004918158703285151	5.013653196544276e-05	0.005234699812584822	1.5374507227332457	21.21818181818182	1.2284898003401656	4.604078164825828	2.008403361344538	0.36268068331143233	0.6518731117824772	0.5647741546649485	0.7100576948871204	0.16819973718791065	0.8719609207634983	735	463	55
7-85_en_professional	en	16.791208791208792	1.7892670157068062	12.071922213911744	10.653079115125712	0.38023560209424084	0.13678010471204188	0.6747382198952879	0.02225130890052356	0.005235602094240838	0.8241758241758241	0.7158965535356316	5.395604395604396	1.9055441478439425	0.005388219809424084	5.752188485499463e-05	0.0025802506222641834	2.806937172774869	27.01098901098901	1.295638484342153	4.534959349593496	2.002173913043478	0.2892670157068063	0.6654233729881053	0.6117858059841126	0.712997071367689	0.17277486910994763	0.860605508050837	1489	931	91
7-87_en_professional	en	9.303030303030303	1.8501628664495113	9.870103642286054	11.73978262757872	0.43973941368078173	0.1237785016286645	0.758957654723127	0.08469055374592833	0.003257328990228013	0.7575757575757576	0.5689244700840096	3.5476190476190474	1.626865671641791	0.005123190484039088	5.9113976842105267e-05	0.02316322837495476	0.749185667752443	17.11904761904762	1.2727983283481088	3.6988950276243093	2.13953488372093	0.5407166123778502	0.662740384615385	-1	-1	0.0781758957654723	0.8905674474136436	268	190	42
7-9_en_professional	en	8.872549019607844	1.9977900552486187	11.444216769580763	11.582777488896113	0.4740331491712707	0.1292817679558011	0.7558011049723757	0.01878453038674033	0.0	0.6666666666666666	0.6455117977420411	3.0784313725490198	2.076923076923077	0.0033616187426519337	3.5014555709876546e-05	0.004342798406784016	2.8220994475138124	14.852941176470589	1.3393787870862335	4.432106598984771	2.176079734219269	0.37790055248618787	0.6921091811414382	0.6089091724637942	0.7558740251587143	0.1425414364640884	0.8747383522132605	891	648	102
8-11_en_professional	en	8.80916030534351	1.8786828422876949	10.01403005807877	9.05202505192692	0.4237435008665511	0.20103986135181975	0.7487001733102253	0.0017331022530329288	0.0	0.7633587786259542	0.7420925401775658	3.2290076335877864	1.9069767441860466	0.0042309547629982664	5.1413454511742896e-05	0.00434462619595926	1.5129982668977469	13.664122137404581	1.2234937745513772	4.436130411544629	2.3323863636363638	0.33708838821490467	0.6805971563981048	0.7309137379163022	0.8338815311219074	0.12391681109185441	0.8656260175315448	1146	809	131
8-12_en_professional	en	8.73972602739726	1.8887147335423198	10.105327006484309	9.392536110276122	0.45141065830721006	0.15203761755485892	0.719435736677116	0.001567398119122257	0.007836990595611285	0.8082191780821918	0.7384454364073929	3.410958904109589	1.7927927927927927	0.004901191846708464	4.801949819004525e-05	0.0053291536050156735	1.670846394984326	13.767123287671232	1.27947047413203	4.4490384615384615	2.289940828402367	0.4278996865203762	0.7151762523191103	0.2864960839575534	0.7263087728243717	0.14576802507836992	0.8955908041074631	634	442	73
8-13_en_professional	en	7.862068965517241	1.871345029239766	9.558078241580962	8.91010810647308	0.3684210526315789	0.17543859649122806	0.6783625730994152	0.007309941520467836	0.007309941520467836	0.7471264367816092	0.7322029704981141	3.206896551724138	1.8728070175438596	0.005117841038450292	9.002347389277389e-05	0.005980861244019139	0.9429824561403509	11.160919540229886	1.1247691454123545	4.779627815866797	2.3480662983425415	0.4108187134502924	0.7087350427350434	0.7307104732212799	0.7612696724526331	0.1388888888888889	0.8875584575617024	680	429	87
8-15_en_professional	en	11.666666666666666	1.7116883116883117	9.15792207792208	7.936991341991343	0.33246753246753247	0.12987012987012986	0.6337662337662338	0.01038961038961039	0.005194805194805195	0.9090909090909091	0.714890932261099	3.6666666666666665	2.0505050505050506	0.007300078707012987	6.475571140350877e-05	0.008921513269339357	0.5168831168831168	17.09090909090909	1.2256856733918002	4.524390243902439	2.142857142857143	0.44935064935064933	0.6299999999999988	-1	0.9267446257215091	0.21558441558441557	0.900725329060238	381	228	33
8-20_en_professional	en	12.571428571428571	2.094155844155844	14.023896103896107	12.262072727272727	0.38961038961038963	0.18993506493506493	0.6883116883116883	0.006493506493506494	0.00487012987012987	0.8367346938775511	0.740174574776718	4.938775510204081	1.9392265193370166	0.005120298482145974	4.054789024390244e-05	0.006457431457431458	1.3068181818181819	21.857142857142858	1.4669630443447887	4.387906976744186	2.1515151515151514	0.3344155844155844	0.6431141199226302	0.7120599572870471	0.9242914023245054	0.1266233766233766	0.8507081308815689	611	410	49
8-21_en_professional	en	14.916666666666666	1.675977653631285	10.004036312849163	7.52973705772812	0.3463687150837989	0.1340782122905028	0.664804469273743	0.00558659217877095	0.00558659217877095	1.0	0.7518739518739519	4.666666666666667	1.6206896551724137	0.005847149421787709	8.58571046728972e-05	0.018854748603351956	0.1340782122905028	22.916666666666668	1.4195273784857119	4.452554744525547	2.0444444444444443	0.6368715083798883	0.742	-1	-1	0.2346368715083799	0.9377674188184744	177	107	12
8-22_en_professional	en	12.73076923076923	1.7673716012084593	10.229984894259822	9.521922983964675	0.3716012084592145	0.13897280966767372	0.622356495468278	0.0030211480362537764	0.0	0.8846153846153846	0.7920022743327445	3.6785714285714284	1.7207207207207207	0.007081178568277945	4.7051561734693876e-05	0.008213746223564954	1.0996978851963746	18.928571428571427	1.3244785631924942	4.395910780669145	2.2222222222222223	0.459214501510574	0.6752155172413793	-1	-1	0.1540785498489426	0.9038614983709299	330	196	28
8-23_en_professional	en	13.185185185185185	1.7331460674157304	10.003345817727844	8.48925397419892	0.33707865168539325	0.10674157303370786	0.5870786516853933	0.014044943820224719	0.008426966292134831	0.9629629629629629	0.7798954555746682	4.074074074074074	1.5333333333333334	0.0068435705272471906	5.2186773979591834e-05	0.008426966292134831	0.9382022471910112	21.48148148148148	1.2911838459440699	4.109401709401709	2.1204819277108435	0.4297752808988764	0.6698054474708165	-1	-1	0.17415730337078653	0.8817467316702841	350	196	27
8-24_en_professional	en	12.125	1.597938144329897	7.994420103092782	7.030547422680414	0.29896907216494845	0.15463917525773196	0.5773195876288659	0.0	0.0	1.0	0.6781551249262247	3.6	2.1785714285714284	0.009987424381443299	4.9077129629629626e-05	0.02577319587628866	0.12371134020618557	15.3	1.3517218045112782	4.198717948717949	2.25	0.6185567010309279	0.6185567010309279	-1	-1	0.13402061855670103	0.9247666601452519	97	54	10
8-25_en_professional	en	14.228571428571428	1.8293172690763053	11.545086632243262	10.41682838783706	0.38755020080321284	0.14056224899598393	0.6907630522088354	0.02208835341365462	0.002008032128514056	0.9142857142857143	0.7519719507772682	4.142857142857143	1.9664429530201342	0.006050390682329317	5.6973583125e-05	0.0063169344042838015	1.2329317269076305	22.857142857142858	1.3202734518330057	4.481987577639751	2.076923076923077	0.41365461847389556	0.6503759398496226	-1	0.916908618647977	0.15060240963855423	0.8754464272934644	487	320	35
8-26_en_professional	en	5.333333333333333	2.1875	12.302499999999998	10.706108333333336	0.5	0.0625	0.5625	0.0	0.0	1.0	0.48809523809523814	3.3333333333333335	1.375	0.00978268436875	1.4772211111111111e-05	0.125	0.0625	10.333333333333334	1.6845238095238095	3.25	1.5	0.75	0.75	-1	-1	0.125	0.8856218745807111	16	9	3
8-27_en_professional	en	10.9375	1.96	11.803625	10.956378571428573	0.38857142857142857	0.16	0.6742857142857143	0.0	0.005714285714285714	0.875	0.6951481072533704	3.6875	1.6774193548387097	0.005070195585142857	3.71160298245614e-05	0.015064935064935064	0.21142857142857144	18.375	1.3264615592740592	4.347972972972973	2.1363636363636362	0.6342857142857142	0.7336842105263155	-1	-1	0.16	0.940490003699796	175	114	16
8-29_en_professional	en	13.974358974358974	1.7522935779816513	10.537064220183485	9.459742178310986	0.3458715596330275	0.16788990825688074	0.6660550458715596	0.03761467889908257	0.003669724770642202	0.782051282051282	0.7400230716989393	4.628205128205129	1.968944099378882	0.006541738183302752	6.77982797564688e-05	0.0034227240649259	1.8761467889908257	22.256410256410255	1.2907674843668966	4.391899600684541	2.0762711864406778	0.3623853211009174	0.6539152371342101	0.6930013912363665	0.7222940550453825	0.13394495412844037	0.8876668095223358	1045	657	78
8-30_en_professional	en	11.21505376344086	1.8801534036433365	10.96968113073331	9.519054400560831	0.3346116970278044	0.15052732502396932	0.6836049856184084	0.029721955896452542	0.004793863854266539	0.7849462365591398	0.7375076991343007	3.4516129032258065	2.05	0.004399687308628955	5.567024786053883e-05	0.0034410748762132414	1.6318312559923298	18.096774193548388	1.2662386643300223	4.405137186223	2.036144578313253	0.3576222435282838	0.6828707627118644	0.6356894416030235	0.7432342663215626	0.19942473633748803	0.8772643847535002	1004	631	93
8-31_en_professional	en	11.156862745098039	1.882249560632689	10.971721286053967	10.7962095247941	0.37170474516695956	0.15114235500878734	0.7091388400702988	0.03251318101933216	0.007908611599297012	0.7941176470588235	0.7364154174794519	3.5392156862745097	1.9294478527607362	0.004212917901845342	5.6534628751753154e-05	0.003345182936571337	1.8558875219683655	19.57843137254902	1.3474386489755261	4.168478260869565	2.0285714285714285	0.3471001757469244	0.6595861405197312	0.5101099453149529	0.6532851595695957	0.15729349736379614	0.8712384944368151	1094	713	102
8-32_en_professional	en	13.375	1.8074766355140186	10.95447429906542	9.94481401869159	0.35700934579439253	0.16635514018691588	0.719626168224299	0.03551401869158879	0.003738317757009346	0.875	0.7294225750834801	3.7	2.157142857142857	0.004787040622242991	5.772209335347432e-05	0.007651869158878505	0.7775700934579439	22.275	1.3733178771563523	4.292737430167597	1.9027777777777777	0.4074766355140187	0.6681880733944947	0.268420456690277	0.6818969197606661	0.14205607476635515	0.8747104913908286	514	331	40
8-33_en_professional	en	10.470588235294118	2.002808988764045	12.126675479180438	10.894291903502976	0.4143258426966292	0.18117977528089887	0.7036516853932584	0.0028089887640449437	0.0056179775280898875	0.75	0.6958365938600752	3.6176470588235294	1.8666666666666667	0.0047044830025280895	4.819842085106383e-05	0.004827949438202247	1.5828651685393258	18.926470588235293	1.3143825062719676	4.13677811550152	2.219178082191781	0.375	0.6372104404567694	0.4969333613211415	0.6133250562644135	0.13764044943820225	0.87439152982725	709	470	68
8-35_en_professional	en	16.357142857142858	1.8253275109170306	12.328150343106678	9.57847323767935	0.33624454148471616	0.14847161572052403	0.6200873362445415	0.017467248908296942	0.004366812227074236	1.0	0.6982202794955832	4.857142857142857	2.3015873015873014	0.009650402503144105	3.0209967164179102e-05	0.012809315866084423	0.2183406113537118	27.642857142857142	1.3256475975579922	4.095360824742268	1.9027777777777777	0.5676855895196506	0.6436923076923075	-1	-1	0.13100436681222707	0.9361203440579101	225	134	14
8-36_en_professional	en	12.590909090909092	2.1588447653429603	14.79482277650148	13.82736606498195	0.41155234657039713	0.20397111913357402	0.720216606498195	0.007220216606498195	0.0018050541516245488	0.8636363636363636	0.701991298430252	4.431818181818182	1.931578947368421	0.004961243965884477	2.6923822074468082e-05	0.006704486848891181	1.7292418772563176	24.34090909090909	1.4912352105273725	4.184331797235023	2.226993865030675	0.36101083032490977	0.6877362637362637	0.23722051794481444	0.5400304942584856	0.09747292418772563	0.8537851292227517	548	376	44
8-37_en_professional	en	9.97752808988764	1.9673423423423424	11.515875594695824	10.76517963356615	0.37274774774774777	0.16441441441441443	0.7004504504504504	0.006756756756756757	0.010135135135135136	0.7865168539325843	0.6876753698712983	3.49438202247191	1.7266187050359711	0.004783721907545045	5.121874594127806e-05	0.004319893664155959	1.4358108108108107	15.932584269662922	1.2228645971486631	4.607463718037319	2.2263374485596708	0.39414414414414417	0.6887325728770606	0.7230004181556753	0.7841895008504289	0.1768018018018018	0.8918493165783268	880	579	89
8-38_en_professional	en	17.451612903225808	1.722735674676525	11.544409993441061	8.989231304036732	0.32162661737523107	0.10720887245841035	0.6081330868761553	0.02033271719038817	0.0073937153419593345	0.8709677419354839	0.7345618786488354	4.484848484848484	1.8037974683544304	0.006795803925508318	4.7612160067114095e-05	0.0053056753611282256	0.8650646950092421	25.757575757575758	1.315275701224899	4.244730679156909	2.006849315068493	0.3659889094269871	0.6136651583710405	0.647476704482449	0.7148005000567808	0.19593345656192238	0.8759611543323762	525	298	33
8-39_en_professional	en	10.733333333333333	1.891304347826087	10.913391304347826	10.311010848861285	0.35714285714285715	0.15527950310559005	0.6677018633540373	0.021739130434782608	0.012422360248447204	0.8666666666666667	0.6752855166411748	3.533333333333333	1.9690721649484537	0.0058398409950310565	6.16537393939394e-05	0.00813878774898265	0.43167701863354035	18.7	1.369016354016354	4.113475177304965	1.9642857142857142	0.5093167701863354	0.6690582959641254	-1	-1	0.16770186335403728	0.9130238146594073	314	198	30
8-40_en_professional	en	14.964285714285714	1.8556085918854415	12.142252812819642	10.658627616774634	0.34725536992840095	0.1467780429594272	0.6837708830548926	0.034606205250596656	0.0011933174224343676	0.8392857142857143	0.7197071195011603	4.5	1.8218623481781377	0.005125245397732696	5.340710356435644e-05	0.00403766305946971	1.7673031026252983	24.642857142857142	1.3310909802020279	4.317494600431965	2.0606060606060606	0.3460620525059666	0.6339512855209718	0.533780938687248	0.6418066142658658	0.16706443914081145	0.8686835914382447	808	505	56
8-41_en_professional	en	14.193548387096774	1.740909090909091	10.488211143695015	8.890638563049853	0.35454545454545455	0.12727272727272726	0.6863636363636364	0.05227272727272727	0.0	0.9032258064516129	0.7624256312662111	4.32258064516129	2.075	0.005242009470931818	6.361132099236642e-05	0.006485587583148558	1.540909090909091	22.483870967741936	1.2419634763866574	4.3423680456490725	1.8095238095238095	0.4340909090909091	0.7002932551319657	-1	0.6242175483159356	0.15	0.8900000806799732	416	262	31
8-42_en_professional	en	7.2727272727272725	2.0	10.846363636363638	10.47475	0.4625	0.15	0.75625	0.0	0.00625	0.7272727272727273	0.6305376051752863	2.0384615384615383	1.6727272727272726	0.0044350083643750005	4.204068684210526e-05	0.017279411764705883	0.55	10.423076923076923	1.5065200902157423	4.519298245614035	2.65	0.5625	0.6895081967213115	-1	-1	0.125	0.890906019068196	157	114	26
8-43_en_professional	en	14.657142857142857	1.7836257309941521	11.17306934001671	9.844368242829296	0.3937621832358674	0.16764132553606237	0.6881091617933723	0.007797270955165692	0.001949317738791423	0.8857142857142857	0.7668344095940984	4.485714285714286	2.1818181818181817	0.005989856990643275	3.9998627810650884e-05	0.0060772847150556124	2.0448343079922027	23.085714285714285	1.3439816908963873	4.516523867809058	2.225	0.4074074074074074	0.6806280193236705	0.1237852159513689	0.7619024911358854	0.13450292397660818	0.8778889742775258	506	338	35
8-44_en_professional	en	15.360655737704919	1.8260405549626468	11.947934286264154	9.806962258341061	0.32924226254002137	0.15048025613660618	0.6547491995731056	0.0144076840981857	0.004268943436499467	0.6967213114754098	0.7224619318277186	4.360655737704918	1.9020715630885123	0.00536164930773746	4.561320323159785e-05	0.002052946756788806	2.741728922091782	24.30327868852459	1.3331224942749758	4.44675150703282	2.029821073558648	0.2518676627534685	0.6543154929577503	0.5809770435676094	0.7154248006315488	0.1830309498399146	0.8511269393473468	1840	1114	122
8-45_en_professional	en	13.163636363636364	1.8867403314917126	11.807354093420393	11.218156132596686	0.393646408839779	0.143646408839779	0.6795580110497238	0.015193370165745856	0.0013812154696132596	0.8363636363636363	0.6928718696715949	4.345454545454546	1.9907407407407407	0.004966646616436464	3.4198470474137926e-05	0.004980746693453875	1.9668508287292819	21.927272727272726	1.39520511482907	4.29504132231405	1.988950276243094	0.3383977900552486	0.619759999999999	0.5821891047336087	0.6220009114094787	0.1712707182320442	0.8596439581778016	712	464	55
8-46_en_professional	en	15.534883720930232	1.7335329341317365	10.924293273917282	8.917028366522768	0.39221556886227543	0.1377245508982036	0.6661676646706587	0.03143712574850299	0.0029940119760479044	0.8837209302325582	0.7154825224004003	4.837209302325581	2.004878048780488	0.0064451570501497	6.266373373493976e-05	0.005389221556886228	1.718562874251497	25.093023255813954	1.3610814346951723	4.261311172668513	1.9183673469387754	0.39820359281437123	0.6649736379613367	0.6644009175481809	0.7206044353818813	0.1377245508982036	0.8854166345812857	644	415	43
8-47_en_professional	en	10.826086956521738	1.9518072289156627	11.663499214248297	10.490583586519993	0.4357429718875502	0.13855421686746988	0.6967871485943775	0.004016064257028112	0.0	0.8695652173913043	0.7645668868047074	4.0	2.037974683544304	0.006086868296987952	5.566578562691132e-05	0.006188017375624948	1.9236947791164658	17.108695652173914	1.2429555890730737	4.675471698113207	2.2195121951219514	0.4538152610441767	0.7264160401002493	-1	0.7074088414284369	0.142570281124498	0.9034792058066847	495	327	46
8-50_en_professional	en	7.5	1.819047619047619	8.799761904761908	7.936523809523809	0.41904761904761906	0.1523809523809524	0.7142857142857143	0.0	0.0	0.8571428571428571	0.7185526847734207	3.2142857142857144	2.0285714285714285	0.0060724242009523805	4.249045072463768e-05	0.025850340136054424	0.13333333333333333	12.0	1.2728556166056166	4.366279069767442	2.53125	0.6857142857142857	0.705	-1	-1	0.17142857142857143	0.9376929723523261	104	69	14
8-51_en_professional	en	15.653846153846153	1.945945945945946	13.477162162162166	11.36551718011718	0.36855036855036855	0.171990171990172	0.7051597051597052	0.019656019656019656	0.0	0.7307692307692307	0.7405118857750438	4.730769230769231	1.9296875	0.005398610746928747	5.0678666666666666e-05	0.006026609800194705	1.7567567567567568	25.653846153846153	1.3714778806191616	4.56437125748503	2.0955882352941178	0.40540540540540543	0.6862987012987021	-1	0.8973919957768265	0.12776412776412777	0.865820262275342	395	252	26
8-52_en_professional	en	13.5	2.0	13.275000000000002	10.006644444444445	0.3544973544973545	0.1693121693121693	0.6507936507936508	0.005291005291005291	0.0	1.0	0.7030157342657343	4.357142857142857	1.819672131147541	0.005877900125925925	4.6106349122807014e-05	0.012471655328798185	0.24338624338624337	23.071428571428573	1.4814633232120917	4.367283950617284	2.0217391304347827	0.6455026455026455	0.7628888888888892	-1	-1	0.1693121693121693	0.954729542336188	188	114	14
8-53_en_professional	en	12.0	1.7431972789115646	9.659727891156464	9.020379591836736	0.4200680272108844	0.12585034013605442	0.7244897959183674	0.05612244897959184	0.00510204081632653	0.8163265306122449	0.6825940585061702	3.816326530612245	2.0514285714285716	0.004241551206122449	5.7875087368421055e-05	0.00572562358276644	1.9217687074829932	19.979591836734695	1.3839925290673667	4.242115971515768	1.9653679653679654	0.38945578231292516	0.702556237218812	0.46014993338634885	0.6444065974175422	0.1564625850340136	0.870426756243806	550	380	49
8-54_en_professional	en	17.22222222222222	1.7306451612903226	11.548279569892475	9.575991039426523	0.3370967741935484	0.18870967741935485	0.6693548387096774	0.017741935483870968	0.004838709677419355	0.9722222222222222	0.7047997339162573	4.944444444444445	2.3536585365853657	0.00660573260032258	4.6429013577023504e-05	0.004838709677419355	1.2516129032258065	26.083333333333332	1.2898082019789172	4.518479408658923	2.021276595744681	0.45161290322580644	0.6883109404990376	0.6681604453421774	0.7715821076020587	0.1435483870967742	0.9052561177907285	607	383	36
8-55_en_professional	en	11.475609756097562	1.832624867162593	10.510461237396651	9.444678380550013	0.448990435706695	0.13443145589798086	0.7109458023379384	0.02497343251859724	0.007438894792773645	0.7317073170731707	0.7387486828052413	3.9947916666666665	1.8605015673981191	0.005801673464505845	5.8486661463414636e-05	0.0035494155154091388	2.8071200850159403	16.880208333333332	1.2249047849170693	4.20945945945946	2.170990566037736	0.32678002125398514	0.6734660684240121	0.6864778166054063	0.7483882356811543	0.10520722635494155	0.8773612849659335	1820	1230	192
8-58_en_professional	en	12.063291139240507	1.6810073452256034	8.950570217965918	7.952622362426448	0.3672612801678909	0.1458551941238195	0.6778593913955928	0.022035676810073453	0.005246589716684155	0.8607594936708861	0.7361812034407045	4.225	1.8372093023255813	0.005920188122560336	8.161032108843537e-05	0.003700972746093418	1.9590766002098636	17.35	1.2434837600592126	4.6185053380782914	2.0892193308550184	0.40083945435466944	0.714203747072599	0.6571667100804847	0.7609176561161132	0.14480587618048268	0.8955106693499981	932	588	80
8-59_en_professional	en	7.666666666666667	1.5217391304347827	5.356521739130439	5.0390405797101465	0.34782608695652173	0.21739130434782608	0.7391304347826086	0.0	0.0	1.0	0.7916666666666667	3.6666666666666665	2.0	0.006962373647826087	5.697292666666667e-05	0.08695652173913043	0.0	11.666666666666666	1.2834249084249085	4.333333333333333	1.75	0.7391304347826086	0.7391304347826086	-1	-1	0.13043478260869565	0.8854692840710255	23	15	3
8-6_en_professional	en	8.77536231884058	1.8554913294797688	9.7271889922091	8.472067169305522	0.4549958711808423	0.1915772089182494	0.7473162675474814	0.005780346820809248	0.002477291494632535	0.7246376811594203	0.7312671460774317	3.471014492753623	1.9586206896551723	0.004564669914037985	4.724924754672897e-05	0.0036180374062502662	2.8092485549132946	12.927536231884059	1.1914858024537642	4.591684434968017	2.353448275862069	0.36498761354252685	0.7490017985611475	0.7054277524072147	0.799266436586386	0.07514450867052024	0.8785556349178223	1206	856	138
8-63_en_professional	en	15.2	1.7269736842105263	10.716289473684213	8.265913684210526	0.33223684210526316	0.13815789473684212	0.6644736842105263	0.039473684210526314	0.006578947368421052	0.95	0.6575545939601101	4.45	2.0941176470588236	0.0066405311358552635	8.651028662790698e-05	0.009502923976608187	0.6973684210526315	23.2	1.3884180375839967	4.340471092077088	1.7375	0.4375	0.673512195121952	-1	-1	0.14802631578947367	0.8784445709300198	292	172	20
8-64_en_professional	en	11.514705882352942	1.9412515964240102	11.807504131920972	10.219620253925324	0.4278416347381865	0.18007662835249041	0.7407407407407407	0.016602809706257982	0.001277139208173691	0.75	0.643630935239568	4.029411764705882	2.172268907563025	0.004975069996296297	7.002294880733945e-05	0.0054135453003183315	2.312899106002554	17.308823529411764	1.2189348158240438	4.579431438127091	2.189189189189189	0.32950191570881227	0.659883040935672	0.4656037254999552	0.718834110544182	0.12899106002554278	0.8486413766432848	770	545	68
8-67_en_professional	en	12.537313432835822	2.2130952380952382	15.414076048329786	13.297000710732053	0.45	0.20357142857142857	0.75	0.013095238095238096	0.0035714285714285713	0.7761194029850746	0.6252488057282897	4.522388059701493	2.0719424460431655	0.004624814569642857	4.355911101836394e-05	0.006330309901738473	1.9428571428571428	23.104477611940297	1.412449641322845	4.361182519280206	2.1355311355311355	0.2511904761904762	0.6000674763832664	0.7273254867899531	0.6933865003444369	0.10714285714285714	0.8030630738488751	823	599	67
8-68_en_professional	en	11.528571428571428	2.0173482032218093	12.710851655160209	11.100210352274738	0.43742255266418834	0.19330855018587362	0.758364312267658	0.006195786864931847	0.0037174721189591076	0.7428571428571429	0.7663941732485322	4.114285714285714	2.16600790513834	0.0045775971285007275	4.737983834196891e-05	0.004518390908816151	3.2428748451053284	18.857142857142858	1.3143971001448886	4.711711711711712	2.34375	0.32342007434944237	0.6904096045197725	0.4398496166423598	0.4911271981171255	0.12763320941759604	0.8449965123706829	794	579	70
8-70_en_professional	en	11.924050632911392	1.8630573248407643	11.044456179956462	10.230951796608348	0.4267515923566879	0.12738853503184713	0.70276008492569	0.013800424628450107	0.0031847133757961785	0.810126582278481	0.7199682077688745	4.253164556962025	2.085714285714286	0.00541432974347855	5.6485965901639344e-05	0.00407143749219433	2.2261146496815285	19.31645569620253	1.3669185780912048	4.407963446475196	2.1307692307692307	0.3343949044585987	0.6880664294187442	0.7001668069242065	0.7906670193360211	0.1592356687898089	0.8633927969290724	922	610	79
8-71_en_professional	en	8.5	1.7142857142857142	7.953571428571429	7.327124369747899	0.36134453781512604	0.15126050420168066	0.6638655462184874	0.025210084033613446	0.008403361344537815	0.9285714285714286	0.7894928600810952	2.9285714285714284	1.8333333333333333	0.004511929165546218	0.0001392700098591549	0.02857142857142857	0.058823529411764705	12.428571428571429	1.2496584835013629	4.612359550561798	2.121212121212121	0.7310924369747899	0.7774999999999997	-1	-1	0.19327731092436976	0.9565666579531885	116	71	14
8-73_en_professional	en	11.307692307692308	1.7653061224489797	9.65061224489796	8.038911459968602	0.35034013605442177	0.1564625850340136	0.6632653061224489	0.01020408163265306	0.0	0.9615384615384616	0.7831823499035777	4.153846153846154	2.0595238095238093	0.006266848198639456	3.885928e-05	0.012633624878522837	0.6360544217687075	15.653846153846153	1.1784230953413963	4.754257907542579	2.0923076923076924	0.40816326530612246	0.6141025641025646	-1	-1	0.16326530612244897	0.8532358203753906	292	180	26
8-74_en_professional	en	18.558823529411764	1.7147385103011092	11.88185559802368	8.294596308380722	0.4548335974643423	0.21870047543581617	0.7638668779714739	0.009508716323296355	0.00792393026941363	0.7941176470588235	0.7603966277335884	4.266666666666667	2.0588235294117645	0.005359240423137877	4.8789326576576576e-05	0.006275752773375594	1.923930269413629	24.555555555555557	1.1133136354828876	4.076507650765077	2.207272727272727	0.3898573692551506	0.6525375939849619	0.8761247286864376	0.8706725323042681	0.06497622820919176	0.8708038827290683	624	444	45
8-76_en_professional	en	16.583333333333332	1.7479061976549413	11.50279313232831	9.368277721943048	0.3333333333333333	0.17252931323283083	0.6649916247906198	0.022613065326633167	0.008375209380234505	0.8888888888888888	0.746445884707286	4.583333333333333	2.1584158415841586	0.006187531555946399	6.294409088359047e-05	0.0036399948460249967	1.8241206030150754	23.86111111111111	1.2403154136216525	4.669756662804171	2.067137809187279	0.30904522613065327	0.6871050228310508	0.5639034498757064	0.7088129976348231	0.1658291457286432	0.8609495101461394	1165	713	72
8-77_en_professional	en	15.785714285714286	1.760180995475113	11.336564318034906	9.08122210730446	0.3728506787330317	0.16832579185520363	0.6941176470588235	0.02262443438914027	0.006334841628959276	0.9285714285714286	0.7124921464981832	4.914285714285715	1.9313432835820896	0.00494498101520362	6.276990588235294e-05	0.004113533525298232	2.007239819004525	23.642857142857142	1.2450683915912053	4.549338146811071	2.0597014925373136	0.3031674208144796	0.6560337972166996	0.49202271233428224	0.6054279098335853	0.14570135746606336	0.854350620975693	1076	680	70
8-78_en_professional	en	14.807692307692308	1.787012987012987	11.271753246753246	9.152443556443556	0.37012987012987014	0.17792207792207793	0.6805194805194805	0.0025974025974025974	0.01818181818181818	0.8846153846153846	0.7604107337968967	4.596153846153846	2.115740740740741	0.005432010191948052	4.113328683127572e-05	0.004473304473304474	1.7103896103896103	22.134615384615383	1.2775101090778873	4.641379310344828	2.3273809523809526	0.36883116883116884	0.6880476900149028	0.4516023131301969	0.6623192260709196	0.16753246753246753	0.8769426230667425	765	486	52
8-79_en_professional	en	13.534883720930232	1.888316151202749	11.970735235355232	9.85645180212579	0.39347079037800686	0.16323024054982818	0.6821305841924399	0.001718213058419244	0.005154639175257732	0.9534883720930233	0.7311588888599132	5.023255813953488	2.0335195530726256	0.0055907256560137454	5.6957638726790456e-05	0.005963210026278553	1.8608247422680413	19.651162790697676	1.196284042704444	4.819787985865724	2.16793893129771	0.3848797250859107	0.6945548654244298	0.6197244109839687	0.7245109014345288	0.15979381443298968	0.8763118965927578	576	377	43
8-8_en_professional	en	8.178571428571429	1.9810771470160116	10.976353191931796	10.703767186525267	0.44395924308588064	0.21106259097525473	0.784570596797671	0.004366812227074236	0.004366812227074236	0.7619047619047619	0.7656252472979382	3.0833333333333335	2.016949152542373	0.0028633935719068414	3.62711454e-05	0.005082278637159846	1.9126637554585153	12.869047619047619	1.2121220106325679	4.6282952548330405	2.419642857142857	0.45414847161572053	0.732568027210884	0.7084974169345569	0.7886743091559556	0.1091703056768559	0.8903843011649241	680	500	84
8-9_en_professional	en	6.836956521739131	1.931637519872814	9.869735777977468	9.724975378447501	0.47058823529411764	0.17170111287758347	0.7647058823529411	0.00794912559618442	0.00794912559618442	0.782608695652174	0.787006577061522	2.989130434782609	1.8025210084033614	0.0037841143324324326	3.9270573348519366e-05	0.006522359463535934	0.8712241653418124	11.01086956521739	1.2039614713292546	4.467605633802817	2.40625	0.5007949125596184	0.746886792452831	0.8567730821390712	0.9407067279981564	0.11128775834658187	0.9182758151629756	623	439	92
9-101_en_professional	en	14.257142857142858	1.7575150300601203	10.708963068995136	8.921118935012885	0.3927855711422846	0.16432865731462926	0.6913827655310621	0.02004008016032064	0.006012024048096192	0.9428571428571428	0.6907800902372423	4.542857142857143	2.0121951219512195	0.005524891793587175	3.8433361370716516e-05	0.006216514661977014	1.2444889779559118	22.542857142857144	1.236614323546135	4.306045340050378	2.0	0.42084168336673344	0.667974999999999	-1	0.5770867309981339	0.13827655310621242	0.8836383009064462	487	321	35
9-102_en_professional	en	12.266666666666667	1.710144927536232	9.37371014492754	8.669772898550725	0.38405797101449274	0.13405797101449277	0.6557971014492754	0.03260869565217391	0.009057971014492754	0.9111111111111111	0.7586868586766928	3.933333333333333	1.8404907975460123	0.005198417157246377	4.392681981424148e-05	0.006944444444444445	0.9891304347826086	18.91111111111111	1.2170812064856051	4.409568261376896	2.0778443113772456	0.3967391304347826	0.6414569536423845	0.4874448166002859	0.6819878225291727	0.15760869565217392	0.8740325178363849	533	323	45
9-103_en_professional	en	10.340909090909092	1.832967032967033	10.071965534465537	9.629516483516483	0.37142857142857144	0.13846153846153847	0.6351648351648351	0.006593406593406593	0.0	0.8863636363636364	0.6613800042147118	3.8863636363636362	1.8840579710144927	0.007008054309450549	3.394504153846154e-05	0.008153137185395249	0.5758241758241758	15.75	1.2514878434558068	4.528409090909091	2.21875	0.42857142857142855	0.6622191011235946	-1	0.8829513984349834	0.17802197802197803	0.9058156781210559	454	260	44
9-105_en_professional	en	7.697368421052632	1.8376068376068375	9.095734367971211	10.087128205128204	0.39316239316239315	0.14017094017094017	0.6974358974358974	0.010256410256410256	0.008547008547008548	0.7763157894736842	0.7785661005661005	3.0921052631578947	1.8469945355191257	0.004791494970962427	4.8785562162162166e-05	0.005064893953782843	1.2085470085470085	12.421052631578947	1.3286181339097054	4.5010309278350515	2.218604651162791	0.4478632478632479	0.6733744855967067	0.49742206158943414	0.7314203376694369	0.17094017094017094	0.9001449689064415	574	370	76
9-106_en_professional	en	10.766666666666667	1.758513931888545	9.359464396284835	7.887787285861714	0.3684210526315789	0.13312693498452013	0.6253869969040248	0.009287925696594427	0.006191950464396285	0.9666666666666667	0.7692362537643844	3.8666666666666667	1.9278350515463918	0.006915492693498452	4.706521505376344e-05	0.008956214064573198	1.0061919504643964	15.133333333333333	1.1517599617731198	4.603036876355748	2.175	0.4953560371517028	0.7003124999999991	-1	-1	0.17027863777089783	0.9112906216355012	319	186	30
9-107_en_professional	en	11.5	1.6763285024154588	8.675676328502416	7.624466666666667	0.357487922705314	0.1111111111111111	0.642512077294686	0.024154589371980676	0.004830917874396135	0.9444444444444444	0.7019463162882802	3.611111111111111	2.017543859649123	0.006009407137198068	5.492731166666667e-05	0.013112491373360938	0.2995169082125604	17.166666666666668	1.196258736141291	4.314285714285714	2.0847457627118646	0.5603864734299517	0.6349074074074073	-1	-1	0.17391304347826086	0.9254985777309214	204	120	18
9-108_en_professional	en	12.790697674418604	1.84	11.110372093023258	10.477059196617335	0.4163636363636364	0.09818181818181818	0.6854545454545454	0.03636363636363636	0.0018181818181818182	0.9534883720930233	0.7371239540882402	4.325581395348837	1.5614973262032086	0.003622788276909091	6.313072515151516e-05	0.005357142857142857	1.3418181818181818	20.976744186046513	1.3086212301336648	4.288546255506608	2.0558659217877095	0.41454545454545455	0.6503104212860306	0.520070440139891	0.6679695039472698	0.16545454545454547	0.8896314659236053	525	330	43
9-109_en_professional	en	6.6421052631578945	1.838351822503962	8.692972558178333	8.666035435816164	0.4009508716323296	0.16798732171156894	0.7321711568938193	0.001584786053882726	0.003169572107765452	0.7052631578947368	0.752535621623544	2.863157894736842	1.8571428571428572	0.004727533785578447	5.3892812085308055e-05	0.005467511885895404	0.8082408874801902	9.505263157894737	1.0861573128285218	4.670794633642931	2.550724637681159	0.5134706814580031	0.7364849624060137	0.7471552304967907	0.9005430022656558	0.1410459587955626	0.9242752269261222	625	422	95
9-110_en_professional	en	9.054054054054054	1.826865671641791	9.498096006454215	8.463524405002017	0.373134328358209	0.09850746268656717	0.6238805970149254	0.005970149253731343	0.0029850746268656717	1.0	0.7179555854694389	3.5675675675675675	1.6759259259259258	0.00762184492358209	3.6265361458333336e-05	0.009432835820895522	0.6626865671641791	13.837837837837839	1.2385780235638137	4.51252408477842	2.2337662337662336	0.46567164179104475	0.6467372881355934	-1	-1	0.2	0.9057875657170606	333	192	37
9-111_en_professional	en	12.466666666666667	1.7647058823529411	10.095529411764705	8.767412406417112	0.39928698752228164	0.1354723707664884	0.6827094474153298	0.023172905525846704	0.0071301247771836	0.9333333333333333	0.7146241394443208	3.977777777777778	2.0350877192982457	0.005644065222959001	6.221463536231884e-05	0.00591049817056009	0.9910873440285205	18.22222222222222	1.2242972296925885	4.640718562874252	2.1165644171779143	0.5062388591800356	0.7336580086580078	0.8142695570979167	0.9506422565563114	0.14616755793226383	0.9214433361874782	545	345	45
9-112_en_professional	en	11.09375	1.6492957746478873	8.198252640845073	7.61086091549296	0.38873239436619716	0.1387323943661972	0.6901408450704225	0.03028169014084507	0.008450704225352112	0.75	0.6711011814947561	3.7421875	1.9008810572687225	0.005036606484840845	8.002531267772512e-05	0.002785179545742926	2.575352112676056	15.8359375	1.121953647048931	4.531370656370656	1.9961759082217974	0.36338028169014086	0.6834443603330833	0.654242209844463	0.7001832066647793	0.14507042253521127	0.8891850625098164	1343	844	128
9-114_en_professional	en	14.534883720930232	1.6384	9.411724651162793	8.050592558139535	0.3824	0.1056	0.6464	0.0352	0.0	0.9534883720930233	0.732986544474066	4.325581395348837	1.9281767955801106	0.0066070207192512	7.329079472140762e-05	0.005131034482758621	1.1376	21.627906976744185	1.2990604872899547	4.318716577540107	1.9903381642512077	0.3856	0.6147908745247144	0.5538664139114794	0.6659244562010936	0.152	0.889487369823857	596	341	43
9-115_en_professional	en	14.963636363636363	1.7776427703523694	11.22200287197614	9.755850741190768	0.3511543134872418	0.1701093560145808	0.6792223572296476	0.041312272174969626	0.0036452004860267314	0.9454545454545454	0.7442466855954973	4.8	2.178723404255319	0.0056320921866342645	5.9231902991452996e-05	0.00559437019036047	1.0935601458080195	20.8	1.146282727488949	4.850694444444445	1.9236947791164658	0.35479951397326853	0.6888121546961331	0.6778080306258312	0.7711210559485487	0.1445929526123937	0.8742467471537828	783	468	55
9-116_en_professional	en	17.672	1.813037573562698	12.69592336803984	9.934407562516977	0.36577636939791763	0.14576731552738795	0.6672702580353101	0.03168854685377999	0.004074241738343142	0.936	0.7376038562936822	5.24	2.0239880059970017	0.005786543070914441	6.555164091936699e-05	0.0021527368417624433	2.793119058397465	26.672	1.267487302077734	4.501796407185629	1.949685534591195	0.2811226799456768	0.6810000000000075	0.6007821854595893	0.6531422033625583	0.1416930737890448	0.8667402045083686	2128	1327	125
9-122_en_professional	en	9.433333333333334	1.901060070671378	10.521508833922265	9.371051919905772	0.3250883392226148	0.19081272084805653	0.6925795053003534	0.007067137809187279	0.0	0.8666666666666667	0.6607853582366324	3.1	2.0128205128205128	0.004688169879858657	4.989982485875706e-05	0.011416145691764067	0.17314487632508835	14.666666666666666	1.3827657519790362	4.540838852097131	2.36	0.558303886925795	0.7020108695652177	-1	-1	0.18021201413427562	0.9232969948755948	279	177	30
9-123_en_professional	en	11.921875	1.7116644823066842	9.257172141218874	8.452098967889908	0.4036697247706422	0.15203145478374835	0.7116644823066841	0.02621231979030144	0.001310615989515072	0.96875	0.7134184673381795	4.25	2.0128755364806867	0.005662119545837091	7.331661701244813e-05	0.004227793514564748	1.837483617300131	18.09375	1.2382972598154283	4.582905982905983	2.1726907630522088	0.4783748361730013	0.7279367469879544	0.7068586511371312	0.8221234544649688	0.13761467889908258	0.9166415842539886	740	482	64
9-124_en_professional	en	16.123809523809523	1.7690490253987006	11.573064213990381	9.716559546592412	0.377436503248671	0.13998818665091553	0.6816302421736562	0.028942705256940343	0.004134672179562906	0.8952380952380953	0.7145156067410589	4.980952380952381	1.9919678714859437	0.005528363047767277	7.261245318315377e-05	0.002647640957088528	2.255759007678677	24.295238095238094	1.2199694653897473	4.611524892199138	1.9662921348314606	0.33431777909037214	0.6903450439146837	0.6805951540449471	0.7592019777142326	0.15829887773183698	0.8871033714436777	1626	1021	105
9-13_en_professional	en	15.46808510638298	1.6863823933975242	10.34186543358015	8.544730129649682	0.35075653370013754	0.1265474552957359	0.6629986244841816	0.02200825309491059	0.002751031636863824	0.8723404255319149	0.6895596745265274	4.8936170212765955	1.8458149779735682	0.006008047515130674	7.647142708333332e-05	0.003968701377770762	1.2255845942228336	22.404255319148938	1.1497475542901243	4.620132953466287	2.0096153846153846	0.43191196698762035	0.664474522292993	0.5859482919619472	0.6523015192146723	0.18707015130674004	0.9065379694532116	707	432	47
9-16_en_professional	en	18.22222222222222	1.6875	11.429166666666667	8.635627506775066	0.34146341463414637	0.10365853658536585	0.6173780487804879	0.03048780487804878	0.007621951219512195	1.0	0.667598341100072	5.027777777777778	2.467948717948718	0.007709832362957317	5.6118424517906336e-05	0.007164634146341464	1.0030487804878048	24.22222222222222	1.1045062202408438	4.797956867196368	1.8238993710691824	0.3429878048780488	0.6257809694793535	0.577978438273587	0.6264799998509973	0.19817073170731708	0.8631232846281889	636	363	36
9-19_en_professional	en	14.192307692307692	1.7560975609756098	10.666951219512196	9.024024306858454	0.33875338753387535	0.13279132791327913	0.6422764227642277	0.005420054200542005	0.0	0.9230769230769231	0.7077456451301951	4.0	1.9385964912280702	0.0070297621994579946	4.538105753424658e-05	0.007259001161440185	0.5203252032520326	21.192307692307693	1.3335018892092003	4.494604316546763	2.130952380952381	0.5013550135501355	0.6678888888888892	-1	1.1227166413183352	0.17886178861788618	0.9234862684950814	366	219	26
9-20_en_professional	en	16.896551724137932	1.7244897959183674	11.34863476425053	8.895695285010557	0.3306122448979592	0.12448979591836734	0.6510204081632653	0.061224489795918366	0.0	0.7931034482758621	0.7272314948706755	4.275862068965517	2.1475409836065573	0.00665438229122449	5.233890698529412e-05	0.006122448979591837	1.1591836734693877	25.17241379310345	1.2428053641108032	4.3315143246930425	1.7790055248618784	0.42244897959183675	0.7089002557544755	-1	0.5489247919272457	0.16326530612244897	0.8950155174012527	460	272	29
9-21_en_professional	en	16.818181818181817	1.972972972972973	14.250171990171992	12.41108108108108	0.3783783783783784	0.14864864864864866	0.6675675675675675	0.010810810810810811	0.005405405405405406	0.9090909090909091	0.6950099497534261	5.363636363636363	1.9469026548672566	0.006576460792702702	7.262171e-05	0.007837837837837838	0.8162162162162162	24.954545454545453	1.2767729389853588	5.0	2.013888888888889	0.4945945945945946	0.7135424354243534	-1	0.7186468035472298	0.15405405405405406	0.9226198353860354	365	230	22
9-23_en_professional	en	12.428571428571429	1.8544061302681993	11.13913519430761	9.738995840175152	0.37547892720306514	0.1417624521072797	0.6436781609195402	0.0	0.0	0.9523809523809523	0.7040919050904818	4.190476190476191	1.9659090909090908	0.007220960637164751	3.884733522012579e-05	0.009328668998833917	0.6168582375478927	18.428571428571427	1.2666151144995315	4.668367346938775	2.1818181818181817	0.4942528735632184	0.6359876543209875	-1	-1	0.16475095785440613	0.9200093172148397	261	159	21
9-24_en_professional	en	15.75	1.7936507936507937	11.71757936507937	10.468808163265308	0.36054421768707484	0.11791383219954649	0.6281179138321995	0.011337868480725623	0.0022675736961451248	0.8928571428571429	0.7785404597904245	4.928571428571429	1.855072463768116	0.0067992949154195015	4.361058844621514e-05	0.0071154898741105635	0.6235827664399093	22.071428571428573	1.2565366370292654	4.95024077046549	2.0689655172413794	0.48299319727891155	0.7133625730994159	-1	0.8730690111644693	0.18140589569160998	0.9218701628480697	435	251	28
9-28_en_professional	en	9.797872340425531	1.701411509229099	8.307826021669324	7.753899152170396	0.43322475570032576	0.13680781758957655	0.7024972855591748	0.02280130293159609	0.002171552660152009	0.723404255319149	0.7089754403938267	3.4375	1.9379084967320261	0.00510003112249709	5.2018952233676976e-05	0.003760493630994942	2.1715526601520088	15.760416666666666	1.550831557981924	4.211963589076723	2.092511013215859	0.43213897937024975	0.7208272506082735	0.7138681368218424	0.8259876422077862	0.13246471226927253	0.9030738512195453	883	582	96
9-29_en_professional	en	14.89247311827957	1.752346570397112	10.895754046814954	9.247086487325804	0.3342960288808664	0.14007220216606497	0.6548736462093863	0.025992779783393503	0.005776173285198556	0.8602150537634409	0.7386431235338277	4.381443298969073	1.9923469387755102	0.005662146805559567	5.8485480922693264e-05	0.0028044841345240355	1.9212996389891697	21.61855670103093	1.2586876279063457	4.528544243577545	2.0146198830409356	0.3256317689530686	0.6817884914463402	0.7508634378345155	0.8761896758523395	0.18339350180505415	0.880631421389714	1352	802	97
9-30_en_professional	en	12.701754385964913	1.8535911602209945	11.236059901134052	9.742545488029466	0.35220994475138123	0.16988950276243095	0.680939226519337	0.020718232044198894	0.0013812154696132596	0.8421052631578947	0.7651220705753617	4.228070175438597	2.0533980582524274	0.004856523964502762	4.719220400890868e-05	0.004562943962115232	1.350828729281768	19.57894736842105	1.2420801957686014	4.534222222222223	2.0193236714975846	0.4143646408839779	0.7010880000000018	0.5608626508548515	0.6256687460383047	0.17541436464088397	0.8925852340437077	706	449	57
9-34_en_professional	en	8.0875	1.8346213292117466	9.212656684698612	8.28611717156105	0.3786707882534776	0.14992272024729522	0.6692426584234931	0.0077279752704791345	0.00463678516228748	0.8	0.7843296387360148	3.0568181818181817	1.8155339805825244	0.00566886186877898	5.130859423558897e-05	0.005162945180703081	1.2364760432766615	10.784090909090908	1.1612711164178118	4.545636910732196	2.3801169590643276	0.46831530139103555	0.73085766423358	0.7732492723719436	0.8208633236947389	0.15146831530139104	0.9171976676705922	639	399	88
9-35_en_professional	en	12.95890410958904	1.8213530655391121	10.955938776101252	9.179709739639145	0.34249471458773784	0.1427061310782241	0.635306553911205	0.022198731501057084	0.005285412262156448	0.958904109589041	0.7298239887952895	4.109589041095891	1.9081272084805654	0.00699679618356871	7.057398603351955e-05	0.004376321353065539	0.9661733615221987	18.54794520547945	1.1731428636028511	4.697878566203365	2.047794117647059	0.41120507399577166	0.6931877213695409	0.7596491359943603	0.8321341121529904	0.15644820295983086	0.912081294123539	923	537	73
9-36_en_professional	en	12.365853658536585	1.8284023668639053	10.807830855823351	9.416673295809883	0.3037475345167653	0.14201183431952663	0.6035502958579881	0.01775147928994083	0.007889546351084813	0.975609756097561	0.756636835028863	3.731707317073171	2.0437956204379564	0.006472737742621281	5.142726964285714e-05	0.00815850815850816	0.3905325443786982	17.975609756097562	1.2210922390918837	4.602960969044415	2.0826446280991737	0.4437869822485207	0.6807598039215672	-1	0.7934905992438833	0.20907297830374755	0.9061466059049971	498	280	41
9-37_en_professional	en	11.018867924528301	1.8493150684931507	10.529276298785216	9.732902662186612	0.3681506849315068	0.1660958904109589	0.6866438356164384	0.017123287671232876	0.00684931506849315	0.8679245283018868	0.7023860854130513	3.9056603773584904	1.7772020725388602	0.005534713073458904	4.407819234972678e-05	0.005574176624890702	1.2174657534246576	16.735849056603772	1.234286759128253	4.70345596432553	2.1025641025641026	0.4400684931506849	0.7028453608247418	0.36988314785855064	0.7164259566539501	0.1558219178082192	0.9009741404316018	577	366	53
9-38_en_professional	en	12.010204081632653	1.8555649957519116	10.989646541709295	9.688730591437936	0.37638062871707734	0.15972812234494477	0.6601529311809685	0.0076465590484282074	0.0033984706881903144	0.8571428571428571	0.7006443209172001	4.040816326530612	1.876010781671159	0.006278782024214103	4.5763348467966575e-05	0.003805329855086338	1.4443500424808835	18.316326530612244	1.216347638824876	4.613009922822492	2.2948328267477205	0.36873406966864913	0.6744341372912812	0.7248980595241052	0.7930416279130051	0.15293118096856415	0.8916077409062971	1161	718	98
9-39_en_professional	en	10.81	1.9546716003700277	11.691024884366332	10.79774189824237	0.396854764107308	0.1711378353376503	0.6827012025901943	0.0064754856614246065	0.0064754856614246065	0.79	0.6821399450350456	3.9	1.8245125348189415	0.0047995436636447735	4.277583817663818e-05	0.0032851822861073555	2.009250693802035	17.92	1.3339929558106058	4.363486842105263	2.1855345911949686	0.41905642923219244	0.7180855397148702	0.684678318093952	0.8104787406438766	0.13506012950971322	0.9063520921759183	1071	702	100
9-45_en_professional	en	14.180327868852459	1.7109826589595376	10.129923244575004	8.85408954799583	0.3699421965317919	0.12369942196531791	0.6797687861271676	0.03236994219653179	0.003468208092485549	0.8360655737704918	0.6634093548154641	4.655737704918033	1.8897058823529411	0.005138747136647399	6.365783209393346e-05	0.0039338471419396275	1.4739884393063585	22.524590163934427	1.3580273099449616	4.368040491684743	2.0038022813688214	0.376878612716763	0.6861357702349874	0.6420457583288076	0.7475187680285227	0.176878612716763	0.8891675460014606	833	511	61
9-48_en_professional	en	14.131578947368421	1.8324022346368716	11.54366215818877	9.78221340782123	0.37057728119180633	0.11359404096834265	0.633147113594041	0.0	0.00558659217877095	0.9473684210526315	0.7483069774479715	4.421052631578948	1.8531073446327684	0.007412576480260708	6.21639811728395e-05	0.005390571400568461	0.750465549348231	21.18421052631579	1.3217126617600559	4.717821782178218	2.211864406779661	0.49162011173184356	0.7123059360730584	1.0001565298953627	0.9243615734093883	0.18994413407821228	0.9298593499260986	536	324	38
9-51_en_professional	en	9.18867924528302	1.942505133470226	10.915145480609045	9.606131564061835	0.4004106776180698	0.10677618069815195	0.6447638603696099	0.0	0.004106776180698152	0.6415094339622641	0.7795157152425252	3.280701754385965	1.896103896103896	0.0069862044829568795	4.926420343642612e-05	0.008063304452346372	1.5544147843942504	14.701754385964913	1.4050605410330101	4.138173302107728	2.35	0.34291581108829566	0.6342268041237105	-1	0.8672676034722986	0.15605749486652978	0.8467737194761268	483	291	57
9-53_en_professional	en	11.121212121212121	1.7411444141689374	9.29277681446619	6.902423069936422	0.3978201634877384	0.09809264305177112	0.6239782016348774	0.008174386920980926	0.0027247956403269754	0.9090909090909091	0.7317559138273148	3.696969696969697	2.1296296296296298	0.007252253479564033	2.8980323671497587e-05	0.011483067341377969	0.6430517711171662	16.424242424242426	1.226479892363428	4.5398550724637685	2.2337662337662336	0.3760217983651226	0.5576119402985065	-1	0.8401658142744237	0.15803814713896458	0.8597804715412477	364	207	33
9-54_en_professional	en	12.621621621621621	1.6916488222698072	9.293888535216158	8.802337276462758	0.430406852248394	0.08565310492505353	0.69593147751606	0.04925053533190578	0.01284796573875803	0.8378378378378378	0.7454349251988422	4.378378378378378	1.7134146341463414	0.0037907996678800855	5.171163085106383e-05	0.0063400092370995515	1.1991434689507494	22.43243243243243	1.457028579714656	3.939686369119421	1.9195402298850575	0.4089935760171306	0.6471195652173912	-1	0.6791987463879129	0.13062098501070663	0.873331237683417	442	282	37
9-55_en_professional	en	14.545454545454545	1.775	11.027727272727272	9.48434375	0.34375	0.125	0.65	0.01875	0.0	0.8636363636363636	0.7800819679280535	4.090909090909091	1.9021739130434783	0.005766848109375	4.815656593406594e-05	0.008836206896551724	0.790625	21.136363636363637	1.1605999909761666	4.5741525423728815	2.046511627906977	0.440625	0.6479185520362	-1	-1	0.184375	0.8906078079682609	313	182	22
9-56_en_professional	en	10.172413793103448	1.9016949152542373	10.817241379310346	10.162098772647576	0.4135593220338983	0.17627118644067796	0.6915254237288135	0.0	0.003389830508474576	0.896551724137931	0.7084432304390287	3.6206896551724137	1.7884615384615385	0.0050089202	4.366203571428571e-05	0.009322033898305085	0.688135593220339	17.103448275862068	1.3936182967118613	4.424302788844622	2.3636363636363638	0.511864406779661	0.7002040816326531	-1	-1	0.14915254237288136	0.9054603398495072	294	196	29
9-57_en_professional	en	13.60344827586207	1.8111533586818758	11.086954460032342	9.679268414842008	0.36248415716096327	0.15082382762991128	0.6692015209125475	0.020278833967046894	0.008871989860583017	0.9310344827586207	0.7566897719840023	4.189655172413793	1.9830508474576272	0.005372723273891001	4.987140511247444e-05	0.004289753339182996	2.2458808618504436	19.724137931034484	1.2334322254154935	4.718236819360415	2.206422018348624	0.37896070975918883	0.7340579710144909	0.47843838298995434	0.6438324387049851	0.16096324461343473	0.8823501231254562	773	489	58
9-58_en_professional	en	9.333333333333334	1.8826530612244898	10.265306122448983	10.78798231292517	0.4642857142857143	0.1326530612244898	0.7193877551020408	0.015306122448979591	0.00510204081632653	0.9047619047619048	0.7367572274468828	3.857142857142857	1.8507462686567164	0.005298298066326531	3.513418103448275e-05	0.020800627943485084	0.3826530612244898	15.0	1.387967946462052	4.509316770186335	2.164383561643836	0.5561224489795918	0.6356701030927827	-1	-1	0.1377551020408163	0.908258377344776	184	116	21
9-59_en_professional	en	13.076923076923077	1.9294117647058824	12.277058823529412	10.540814479638009	0.34705882352941175	0.18235294117647058	0.6588235294117647	0.011764705882352941	0.011764705882352941	1.0	0.7033917471417473	4.153846153846154	2.04	0.006300771640588235	4.738313762376237e-05	0.013071895424836602	0.1	20.23076923076923	1.3640594872579084	4.638783269961977	2.4324324324324325	0.6764705882352942	0.7529577464788735	-1	-1	0.17058823529411765	0.9626295218680472	166	101	13
9-6_en_professional	en	7.760330578512397	1.8817891373801916	9.641640746706098	9.483294045890213	0.46112886048988283	0.1288604898828541	0.7092651757188498	0.008519701810436636	0.01703940362087327	0.5867768595041323	0.7131717982960168	3.1147540983606556	1.7289156626506024	0.0038522380547390844	7.110684102141681e-05	0.003440648808060949	2.1906283280085197	13.721311475409836	1.514627067622187	4.0337528604119	2.3387533875338753	0.3738019169329074	0.6666309523809534	0.4728220149067844	0.6557680748240204	0.14376996805111822	0.8868774648040609	916	607	122
9-60_en_professional	en	13.205128205128204	1.978640776699029	12.907961165048544	11.784392581528502	0.3883495145631068	0.1669902912621359	0.6951456310679611	0.005825242718446602	0.003883495145631068	0.9487179487179487	0.7690535491229589	4.6923076923076925	1.9554140127388535	0.005269061362524272	4.210366371951219e-05	0.005416453755748594	0.8563106796116505	22.128205128205128	1.3965685309205247	4.443807339449541	2.1588235294117646	0.5339805825242718	0.7595673076923075	0.7703568238512157	0.7946959488304143	0.16893203883495145	0.931057289170915	506	328	39
9-61_en_professional	en	19.142857142857142	1.681592039800995	11.718500355366029	9.22003894811656	0.4079601990049751	0.13930348258706468	0.6865671641791045	0.009950248756218905	0.0	1.0	0.6673779642198762	5.761904761904762	2.046511627906977	0.006965071802985074	5.067361115537848e-05	0.007311925222372983	0.7686567164179104	28.238095238095237	1.2156337873541223	4.60304054054054	2.009009009009009	0.5248756218905473	0.706534653465345	-1	0.8913210338622808	0.1318407960199005	0.9196358056002023	391	251	21
9-62_en_professional	en	18.647727272727273	1.6282754418037781	10.896263849648221	8.975617854966483	0.4149908592321755	0.09932967702620353	0.6739792809262645	0.05971968312004875	0.008531383302864107	0.875	0.6899278691443835	5.1022727272727275	2.0573394495412844	0.005538362248080439	8.917618201892745e-05	0.003502481910745875	2.445460085313833	27.806818181818183	1.3425324016064204	4.321951219512195	1.7810344827586206	0.2577696526508227	0.5915369649805433	0.43721444968382606	0.5003351307471857	0.12797074954296161	0.8474121875616987	1515	951	88
9-63_en_professional	en	10.74074074074074	1.806896551724138	9.920268199233721	8.551851851851852	0.43103448275862066	0.13448275862068965	0.6862068965517242	0.0	0.0034482758620689655	0.8148148148148148	0.7129998130345737	4.333333333333333	1.7843137254901962	0.0064354486937931036	4.654328524590164e-05	0.009450830140485313	0.903448275862069	16.185185185185187	1.1680737066701978	4.558558558558558	2.168421052631579	0.5379310344827586	0.7319895287958118	-1	-1	0.12758620689655173	0.9268310915211443	285	183	27
9-64_en_professional	en	14.258620689655173	1.9117291414752116	12.529265938373019	11.703152624775882	0.35066505441354295	0.16686819830713423	0.6795646916565901	0.026602176541717048	0.007255139056831923	0.9137931034482759	0.6958096785983646	5.068965517241379	1.9404761904761905	0.005813596610519952	6.018919257028112e-05	0.005606243816642849	0.8512696493349455	20.844827586206897	1.2870916030052877	4.865573770491803	2.0182648401826486	0.373639661426844	0.6814010989011009	0.5749821964790786	0.7211691974956749	0.14268440145102781	0.8776991572410439	795	498	58
9-67_en_professional	en	17.950819672131146	1.7506849315068493	12.068901863911972	9.615609925892656	0.33515981735159817	0.1415525114155251	0.639269406392694	0.0073059360730593605	0.010958904109589041	0.9672131147540983	0.7114582986872013	5.295081967213115	2.0165016501650164	0.006044044627031964	5.51482290625e-05	0.0037934668071654375	1.4118721461187214	24.442622950819672	1.1285307644381706	5.040802675585284	2.082608695652174	0.3515981735159817	0.6939959839357429	0.6724101950947612	0.7787867077953139	0.18447488584474886	0.8893030242830667	1085	640	61
9-7_en_professional	en	7.142857142857143	1.8266666666666667	8.750380952380954	8.489107936507938	0.3711111111111111	0.18222222222222223	0.6844444444444444	0.008888888888888889	0.008888888888888889	0.6349206349206349	0.6306085351896441	2.7936507936507935	1.9064748201438848	0.004677096387111111	5.255867188612099e-05	0.006262626262626263	0.8244444444444444	11.587301587301587	1.2881903713885543	4.2678100263852246	2.211267605633803	0.5066666666666667	0.7033333333333331	-1	0.8071193407147665	0.19111111111111112	0.9258651027171347	445	281	63
9-71_en_professional	en	8.407407407407407	1.8149779735682818	9.105628976994616	8.763714113232174	0.4052863436123348	0.08370044052863436	0.6696035242290749	0.004405286343612335	0.004405286343612335	0.8148148148148148	0.7252883993834219	3.2962962962962963	2.0142857142857142	0.006621012382819384	7.103308835616438e-05	0.012876990850559133	0.30837004405286345	11.518518518518519	1.2336112447223557	5.0062111801242235	2.30188679245283	0.6167400881057269	0.7127343750000005	-1	-1	0.19823788546255505	0.941355977374673	225	146	27
9-72_en_professional	en	12.875	1.9223300970873787	12.114745145631073	10.213136893203885	0.36893203883495146	0.13592233009708737	0.6116504854368932	0.0	0.0	1.0	0.6846273291925467	5.0	1.9375	0.007712767009708738	2.0524622950819674e-05	0.02750809061488673	0.10679611650485436	18.125	1.2041895604395605	5.157534246575342	2.1333333333333333	0.6019417475728155	0.61	-1	-1	0.13592233009708737	0.9092153497721114	103	61	8
9-73_en_professional	en	10.60593220338983	1.7686775868957252	9.416709084691593	8.740189611110734	0.38713543747503	0.14622453056332402	0.7047542948461846	0.05153815421494207	0.003595685177786656	0.7203389830508474	0.7018009218156537	3.526530612244898	2.041005291005291	0.005881815508107007	5.9709204839764556e-05	0.0015692509195151384	4.633240111865761	15.648979591836735	1.2463512949337638	4.432577109355085	1.957279860505667	0.334398721534159	0.7089600665557472	0.7081762716323402	0.771753835866429	0.13663603675589292	0.8870650114395743	2344	1529	245
9-74_en_professional	en	11.68131868131868	1.9586077140169331	12.0772853111141	10.989706323591742	0.3922859830667921	0.17403574788334902	0.6886171213546566	0.012229539040451553	0.0028222013170272815	0.8571428571428571	0.6643903265192118	4.373626373626373	1.9380530973451326	0.006168389345625589	5.397556906158358e-05	0.003632277620988816	1.6876763875823142	16.967032967032967	1.1918766727989594	4.959287531806615	2.200743494423792	0.3932267168391345	0.6873029045643153	0.822234171278548	0.8925859599778815	0.12605832549388524	0.894667266400644	1049	682	91
9-75_en_professional	en	16.5	2.0606060606060606	15.160151515151515	13.919027272727275	0.45075757575757575	0.10984848484848485	0.7121212121212122	0.0	0.0	0.8125	0.6739142106533412	5.9375	1.690721649484536	0.004841234320833334	5.257786910112359e-05	0.011600378787878788	1.4659090909090908	24.4375	1.152232713008575	5.119897959183674	2.081081081081081	0.44696969696969696	0.6448484848484848	-1	-1	0.1893939393939394	0.8662338606326244	262	178	16
9-79_en_professional	en	12.413793103448276	1.8111111111111111	10.62249042145594	8.728002873563218	0.3638888888888889	0.1111111111111111	0.6555555555555556	0.008333333333333333	0.013888888888888888	0.9655172413793104	0.7238394416777876	4.0	1.819047619047619	0.00503923595	6.72156168224299e-05	0.008908045977011494	0.6416666666666667	17.448275862068964	1.2649175290848738	4.811764705882353	2.0833333333333335	0.48333333333333334	0.7297318007662833	-1	0.9619875847014343	0.18888888888888888	0.8998015875929404	354	214	29
9-8_en_professional	en	14.263157894736842	1.8191881918819188	11.439052243154013	10.308287084870848	0.4059040590405904	0.12915129151291513	0.6309963099630996	0.0	0.01845018450184502	0.8947368421052632	0.7868921741662017	4.631578947368421	1.8837209302325582	0.00566966085202952	5.8157999393939396e-05	0.011721293683525069	0.4575645756457565	21.105263157894736	1.1831785538186839	4.758620689655173	2.2459016393442623	0.5535055350553506	0.7343023255813946	-1	-1	0.16605166051660517	0.930991177913022	270	165	19
9-81_en_professional	en	14.054054054054054	1.8182692307692307	11.346658004158005	10.334799376299376	0.3942307692307692	0.1076923076923077	0.6490384615384616	0.01826923076923077	0.008653846153846154	0.8648648648648649	0.7457311464976354	4.635135135135135	1.685878962536023	0.004660328766082692	7.831844101307189e-05	0.004179487179487179	2.0701923076923077	20.89189189189189	1.2377977577745465	4.8001285347043705	2.0036363636363634	0.32596153846153847	0.6729543039319863	0.470286119774102	0.5899019241733434	0.16634615384615384	0.8677850748014904	997	612	74
9-82_en_professional	en	8.330708661417322	1.9744801512287335	10.957842162451811	11.185314147924327	0.4792060491493384	0.17013232514177692	0.7533081285444234	0.005671077504725898	0.001890359168241966	0.6771653543307087	0.7054216417370908	3.338582677165354	1.8070175438596492	0.004254210850189036	4.773897739726028e-05	0.00354924578527063	2.553875236294896	13.68503937007874	1.309921373124942	4.397563676633444	2.228426395939086	0.4007561436672968	0.7165067778936403	0.6167959825804148	0.7575719549666511	0.12381852551984877	0.8923528967567527	1027	730	127
9-83_en_professional	en	13.203125	1.9254437869822485	12.279455436390531	11.633935281065089	0.3988165680473373	0.1680473372781065	0.7029585798816568	0.022485207100591716	0.001183431952662722	0.90625	0.7088352783554287	4.484375	2.0861423220973783	0.005897638729822485	4.7829273694029855e-05	0.004249596557288865	1.8201183431952663	20.296875	1.3440830736132534	4.681126331811264	2.0813008130081303	0.38224852071005916	0.6829624664879338	0.6854574313291641	0.761622573059959	0.1349112426035503	0.8842631171249002	818	536	64
9-84_en_professional	en	14.791044776119403	1.8254288597376387	11.718568007590704	10.050373483741735	0.3612512613521695	0.12714429868819374	0.6629667003027245	0.035317860746720484	0.006054490413723511	0.8955223880597015	0.7276586681851502	4.850746268656716	1.8729096989966556	0.0059449668178607465	5.115168921232877e-05	0.004449885030851434	1.4167507568113018	21.34328358208955	1.2089271524488976	4.7615062761506275	1.9724137931034482	0.3784056508577195	0.686076233183856	0.6540881271399624	0.7107088795430669	0.16851664984863773	0.8868229276074351	955	584	67
9-85_en_professional	en	14.504854368932039	1.8159303882195448	11.494871784874125	9.286376309119976	0.37349397590361444	0.15327978580990628	0.6887550200803213	0.0214190093708166	0.006693440428380187	0.8640776699029126	0.7555088186328516	4.660194174757281	2.0179372197309418	0.005266452258232931	6.602665426105718e-05	0.0025826017936050986	2.8835341365461846	21.16504854368932	1.153274855055989	4.7413162705667276	1.941304347826087	0.3534136546184739	0.7322078853046595	0.6986367804920613	0.7491660420788668	0.15930388219544847	0.8861944520209738	1454	927	103
9-86_en_professional	en	10.976744186046512	1.9661016949152543	11.890930232558144	10.954167560110367	0.4088983050847458	0.15466101694915255	0.6991525423728814	0.006355932203389831	0.006355932203389831	0.8837209302325582	0.730968452534856	4.1395348837209305	1.8860759493670887	0.005543767540466102	5.022263206349206e-05	0.006060307449743793	1.0466101694915255	17.86046511627907	1.3213551359043711	4.566623544631307	2.1782945736434107	0.4682203389830508	0.6834048257372652	-1	0.7156402371768013	0.17584745762711865	0.9065397492614011	468	315	43
9-87_en_professional	en	15.11111111111111	1.7720588235294117	11.213627450980393	10.156151307189543	0.4073529411764706	0.1411764705882353	0.6941176470588235	0.029411764705882353	0.004411764705882353	0.8888888888888888	0.6747558069803359	4.911111111111111	1.9144144144144144	0.005627218497058824	6.632114953271029e-05	0.005675954592363261	1.5691176470588235	22.711111111111112	1.2130768165326877	4.6735092864125125	1.9952830188679245	0.36764705882352944	0.6655593803786575	0.4777582507624147	0.6817092644075907	0.15441176470588236	0.8685563932323318	651	428	45
9-88_en_professional	en	13.222222222222221	1.7865546218487396	10.648011204481794	9.523856395891691	0.3915966386554622	0.15798319327731092	0.6739495798319328	0.015126050420168067	0.0016806722689075631	0.8666666666666667	0.7130811738529499	4.977777777777778	1.9130434782608696	0.006252082971260504	7.69921623306233e-05	0.0052322815918820365	1.4655462184873949	19.733333333333334	1.2088046950276368	4.546472564389697	2.0289017341040463	0.4184873949579832	0.6624999999999995	0.5155700674741527	0.8037319210341501	0.15126050420168066	0.8980629883034781	578	369	45
9-89_en_professional	en	11.586206896551724	1.7410714285714286	9.47326354679803	8.655591769293926	0.4017857142857143	0.17410714285714285	0.7113095238095238	0.023809523809523808	0.002976190476190476	0.8793103448275862	0.7114522014265375	4.379310344827586	2.073170731707317	0.0049882774412202385	6.910623287037038e-05	0.005158730158730159	2.199404761904762	17.67241379310345	1.2066592307269435	4.556521739130435	2.0	0.40029761904761907	0.7295462478184949	0.3782846057329504	0.6486375284725305	0.14583333333333334	0.8850134108147889	650	432	58
9-91_en_professional	en	12.878787878787879	2.010588235294118	13.157668449197864	11.539298039215687	0.4011764705882353	0.15294117647058825	0.7023529411764706	0.015294117647058824	0.00823529411764706	0.9242424242424242	0.7313471476841118	3.8	1.8172043010752688	0.005029679142941177	4.8603217486338795e-05	0.005236447520184544	0.8305882352941176	17.4125	1.1781720012397314	4.605131860299359	2.1182108626198084	0.48705882352941177	0.7141810918774959	0.8990501609677207	0.9027170041952012	0.14823529411764705	0.9212191355064034	828	549	80
9-92_en_professional	en	14.288659793814434	1.8672438672438672	12.016054953065264	10.216704610166467	0.3903318903318903	0.14574314574314573	0.6789321789321789	0.011544011544011544	0.0036075036075036075	0.9381443298969072	0.6990809431521173	5.072164948453608	1.9040178571428572	0.005766148570923521	4.6995924238875875e-05	0.003005013314291665	2.292207792207792	21.804123711340207	1.209986402396507	4.67939651107968	2.138888888888889	0.37518037518037517	0.7162548562548561	0.7232878392493299	0.7538495064048959	0.13564213564213565	0.8986918408421568	1363	854	97
9-93_en_professional	en	12.953125	1.9143546441495778	12.051103550965017	10.442390968033777	0.3835946924004825	0.158021712907117	0.6936067551266586	0.016887816646562123	0.0036188178528347406	0.9375	0.7176801939410371	4.453125	1.7984496124031009	0.005630590831483715	5.293895629770992e-05	0.00392488702446753	1.6151990349819059	21.265625	1.257568528190779	4.419284149013879	2.0891472868217056	0.4270205066344994	0.7083561643835624	0.5934044040474917	0.7058725467066731	0.13268998793727382	0.9038552634240704	812	524	64
9-94_en_professional	en	12.953846153846154	1.9085510688836105	11.982902612826607	9.0430445971131	0.336104513064133	0.1163895486935867	0.6401425178147269	0.014251781472684086	0.0035629453681710215	0.8769230769230769	0.6974337077619319	4.123076923076923	1.908366533864542	0.006868648238123515	5.43908587628866e-05	0.005281245262040734	1.01187648456057	20.107692307692307	1.3431093205540539	4.4795144157814875	2.094972067039106	0.3669833729216152	0.6788963660834462	0.6731745903547964	0.7099353694127255	0.17814726840855108	0.8828353926188403	829	485	65
9-95_en_professional	en	9.545454545454545	2.123809523809524	13.193679653679656	10.064142857142858	0.3619047619047619	0.14285714285714285	0.6285714285714286	0.02857142857142857	0.0	1.0	0.7266884504384505	4.090909090909091	2.129032258064516	0.006851512748571429	3.994675833333333e-05	0.028571428571428574	0.12380952380952381	17.272727272727273	1.486189642205685	4.136125654450262	2.323529411764706	0.6	0.6116666666666667	-1	-1	0.17142857142857143	0.9242479660442865	101	60	11
9-96_en_professional	en	15.458823529411765	1.9109589041095891	12.988256244963743	10.012515902945653	0.3614916286149163	0.1293759512937595	0.6430745814307458	0.02511415525114155	0.0121765601217656	0.8588235294117647	0.746305290776547	5.2	1.8668280871670702	0.006297705664231354	6.028630758988016e-05	0.0026889903602232367	2.708523592085236	24.070588235294117	1.4770682497813656	4.570456754130223	2.204225352112676	0.3386605783866058	0.7077860082304483	0.5487904038328815	0.6538748506360761	0.14383561643835616	0.8825232472314198	1275	751	85
9-97_en_professional	en	13.372881355932204	1.9214195183776932	12.29817404567034	9.747295572597796	0.3643852978453739	0.13688212927756654	0.655893536121673	0.03231939163498099	0.008871989860583017	0.8728813559322034	0.7678520126683109	4.483050847457627	1.8140900195694716	0.005563878475095057	7.011135539803708e-05	0.0028939585973806504	1.6096324461343472	21.584745762711865	1.420873454090168	4.4875195007800315	2.116776315789474	0.344106463878327	0.6948681541582185	0.7477346319099292	0.8050943478896653	0.15716096324461343	0.8930089295400964	1519	917	118
