article_id	language	appl_filtered_mean	appl_filtered_median	appl_full_mean	appl_full_median
6-67	de	100.85049143314362	47.687644958496094	108.2237217117239	50.50566101074219
1-1	de	359.2891010525071	47.566978454589844	357.7198896540536	47.74257850646973
16-3	de	625.2322380255504	67.72321319580078	nan	9.203100204467773
22-4	de	193.93569131097394	63.85063934326172	nan	64.55342864990234
1-114	de	140.169887866614	80.59766387939453	140.03579538839836	84.02611541748047
18-112	de	3273.9479406963696	73.15091323852539	7756.791516902599	69.17513275146484
8-70	de	167.41094446619715	67.92063903808594	nan	256.4497604370117
9-45	de	131.67893523776655	45.78113555908203	131.67893523776655	45.78113555908203
21-157	de	1062.8912993371487	52.46861267089844	1033.570030039007	52.57413864135742
9-81	de	111.07713252305984	47.360755920410156	120.7050477348525	47.360755920410156
9-96	de	215.66007076533495	55.298824310302734	299.3286055757218	55.36689376831055
1-112	de	111.38018543243408	53.231204986572266	180.43101340649176	54.72075653076172
16-19	de	481.20221055787187	80.37031555175781	470.6217085323977	80.31916809082031
12-141	de	267.3037858242755	54.30888366699219	329.82088663771344	55.67896270751953
8-32	de	63.76436959651478	49.45974349975586	64.95686139731572	49.945613861083984
8-6	de	408.2873974357332	72.24905014038086	nan	19.934667587280273
21-316	de	181.83420417939917	48.6352481842041	nan	36.243038177490234
19-35	de	187.08538696606954	52.652299880981445	nan	117.79380798339844
6-78	de	248.22935534767484	65.0636215209961	nan	68.1343765258789
5-76	de	216.28798811463105	53.24956512451172	215.34072568199852	54.90609550476074
5-8	de	415.83173573195046	72.51859283447266	nan	46.39256286621094
23-30	de	13926.43926583396	82.54874420166016	nan	nan
6-61	de	505.2212251833507	61.440786361694336	nan	42.48639678955078
19-38	de	132.77003089349662	49.994384765625	nan	51.41077423095703
14-25	de	982.1850290576231	51.04060363769531	nan	23953.00390625
17-5	de	595.4066466240033	98.42008209228516	nan	nan
16-17	de	256.33482162310526	43.824188232421875	443.6048605033943	46.819549560546875
23-33	de	481.4025707028129	73.35868072509766	nan	59.35020446777344
8-33	de	660.6096481687567	45.86474609375	676.4793588907822	47.09148597717285
21-264	de	104.23965230915282	56.07615280151367	156.65464934666952	59.70376014709473
19-17	de	307.0772507122585	87.5243911743164	nan	42.935190200805664
16-173	de	40.800632858276366	29.111363410949707	822.3012501398722	35.54107093811035
1-4	de	335.90264038812546	66.51905059814453	nan	nan
1-110	de	250.69901952210006	52.37256622314453	326.4266389072341	54.6407356262207
16-216	de	366.43231251090765	63.878684997558594	nan	36.21207618713379
1-57	de	320.64056442902154	38.796905517578125	nan	42.83905029296875
23-39	de	84.95314581017745	42.94200897216797	153.3200368787728	47.97174263000488
16-217	de	79.99146659520207	36.670143127441406	92.97915933627894	36.888221740722656
13-107	de	165.82681570882383	50.007530212402344	162.40163707733154	48.59114456176758
21-317	de	134.48799346264144	64.16229248046875	162.43241665833187	68.3263931274414
16-8	de	78.31395815213521	38.41954231262207	78.31395815213521	38.41954231262207
22-48	de	240.1991386780372	61.54988479614258	491.4720908624154	62.20653533935547
8-31	de	90.4627592747028	36.94749450683594	nan	nan
14-56	de	90.42111109344053	51.87416458129883	118.14843697743873	58.13301086425781
9-105	de	100.77471722194127	47.16891098022461	1356.5625005722045	49.993268966674805
9-36	de	88.60903268007888	49.936458587646484	nan	50.51449394226074
19-44	de	187.27337503433228	63.592050552368164	nan	63.996646881103516
5-125	de	75.64954781251795	52.27954864501953	78.11806410208516	52.92982864379883
5-105	de	295.20554125936405	73.98314666748047	nan	58.69693565368652
10-89	de	174.3343043202939	62.431705474853516	nan	68.14530944824219
5-11	de	182.13970560653536	66.86874771118164	182.13970560653536	66.86874771118164
6-85	de	117.30981428806598	46.57245635986328	115.85920130764997	46.05240249633789
9-30	de	171.04466180367902	59.380815505981445	171.25555627801444	59.521583557128906
14-2	de	135.8398321591891	51.30472183227539	135.8398321591891	51.30472183227539
5-63	de	190.03182855129242	62.52411079406738	210.47888596385133	62.76780319213867
9-109	de	2025.1333593792385	75.22575759887695	nan	80.3217658996582
12-25	de	272.46142766458524	61.969940185546875	nan	62.19474411010742
19-63	de	154.77838277816772	52.69862365722656	165.43671163759734	52.75183868408203
9-95	de	298.3889540263585	52.192392349243164	298.3889540263585	52.192392349243164
23-54	de	152.7110451142999	66.1260757446289	859.6789244054312	67.41078186035156
19-72	de	53.62761962413788	47.079519271850586	452.92056857215033	48.703285217285156
18-72	de	179.58005297524588	69.38670349121094	203.5857393920016	71.58226776123047
14-52	de	211.21899180165653	66.69325637817383	408.87943361169204	67.41110229492188
23-41	de	239.87161261947065	55.05699920654297	320.109250980265	55.13480567932129
23-37	de	115.00681553568158	66.8703384399414	nan	56.756797790527344
14-17	de	239.34067784822903	53.25838661193848	239.34067784822903	53.25838661193848
12-105	de	150.17052878363657	50.322492599487305	5416.140878169767	53.25994682312012
16-212	de	126.14943954400849	53.24503707885742	147.18063303575678	53.24503707885742
9-59	de	125.77882524066501	43.970115661621094	125.77882524066501	43.970115661621094
12-163	de	110.70531097291008	62.277639389038086	nan	63.13921546936035
4-37	de	116.12470658620198	50.674476623535156	nan	52.04206848144531
12-37	de	533.9591097990672	74.70101165771484	nan	75.30292129516602
16-218	de	259.88315259270047	53.833744049072266	255.53050816364777	53.63187026977539
13-45	de	61.97163133015708	49.41917037963867	365.71183460150195	49.41917037963867
9-79	de	165.33179645827323	42.447696685791016	520.3817164241403	43.516231536865234
8-23	de	166.1725508320716	63.915658950805664	219.72298957407475	65.58417129516602
5-28	de	171.82929951245669	60.64979362487793	265.8359812343394	63.65738296508789
5-121	de	86.89089662256376	51.681129455566406	87.53031325340271	51.72397804260254
18-64	de	223.7084387891433	48.14008903503418	nan	49.368927001953125
18-96	de	132.7245599065508	64.18886756896973	131.10288151105246	64.18886756896973
12-39	de	139.38548945056067	58.86827278137207	139.38548945056067	58.86827278137207
1-58	de	284.177723424188	57.77219772338867	nan	58.63086128234863
8-37	de	114.94355066981885	48.93478012084961	nan	49.82509994506836
6-74	de	124.51946348073531	88.10081481933594	120.76409149169922	87.71033096313477
15-27	de	107.63051907927901	41.368743896484375	133.34073108478185	41.368743896484375
16-7	de	159.08816707030587	51.45035171508789	240.70437626111305	52.526933670043945
12-21	de	107.14103817683394	46.79368209838867	nan	52.79685974121094
16-39	de	221.99898235003153	62.62632179260254	nan	nan
1-43	de	335.2717888114158	40.817298889160156	392.40486464657624	40.817298889160156
5-75	de	246.53576536436339	68.43121337890625	nan	76.26079559326172
9-63	de	178.22623697668314	73.52530670166016	nan	74.06938934326172
13-74	de	261.9240498301349	56.43840026855469	398.365584282648	57.74661827087402
12-63	de	161.37871307408045	54.38066482543945	163.3616097276861	54.561933517456055
19-39	de	183.94732226265802	74.74328994750977	nan	75.93939208984375
7-34	de	158.39199146803688	48.45412826538086	nan	11.365183353424072
13-53	de	86.6497248808543	49.92900276184082	nan	53.6912956237793
18-51	de	135.96521994225066	60.07303237915039	250.37537552969798	62.39463233947754
9-91	de	81.07804647161942	49.39113998413086	nan	50.283233642578125
5-4	de	113.96571871969435	58.344709396362305	nan	nan
3-51	de	167.72834487164275	71.3136215209961	198.99185786147913	73.12094116210938
6-18	de	402.7780876389865	72.00621795654297	593.5586824321107	74.63236999511719
9-102	de	199.02943220879268	80.83625793457031	212.50366959798905	82.60570526123047
16-67	de	327.07932825848064	52.87972640991211	nan	52.87972640991211
16-152	de	100.60306590436453	40.546417236328125	100.60306590436453	40.546417236328125
12-164	de	246.73163509810414	53.98237419128418	263.4238053929489	54.59926986694336
23-10	de	80.32588249842325	46.386844635009766	nan	46.68986511230469
17-77	de	422.84006985971484	64.84384727478027	419.9308052778244	67.18583679199219
16-174	de	82.34041892380273	49.74201202392578	nan	nan
18-47	de	80.37659971379051	38.9693717956543	80.49413144491552	39.8260498046875
5-71	de	130.10621697169083	55.32180213928223	144.76965242011525	56.664398193359375
16-219	de	71.12998379119719	40.83702087402344	nan	42.58400535583496
6-83	de	146.19628674523872	73.9144172668457	nan	78.21480560302734
16-162	de	96.3344952801624	50.40460968017578	141.16272404614617	52.010589599609375
14-27	de	96.94529037816184	38.16082763671875	96.13144143281785	38.1138916015625
12-79	de	99.96350140358085	43.6859245300293	102.45570945739746	44.48229217529297
6-59	de	192.06324484650517	64.68806457519531	nan	67.77556610107422
19-98	de	201.03395833969117	59.567806243896484	435.5263891403492	61.623355865478516
23-42	de	276.32404716312885	50.47247886657715	276.32404716312885	50.47247886657715
9-53	de	76.49956159591675	43.97382164001465	76.26498608435354	43.97382164001465
22-33	de	404.82105912678486	75.94353485107422	nan	81.82579040527344
21-186	de	121.47891875444833	45.860511779785156	119.61119224230448	45.77971076965332
14-23	de	125.91621464430683	56.25968933105469	nan	60.11962890625
22-32	de	232.0256003415143	61.985836029052734	nan	62.1072883605957
6-24	de	194.17054852259528	67.87100982666016	nan	69.37494659423828
24-106	de	252.64257289745188	110.06171798706055	nan	116.4145393371582
20-56	de	1195.1873231523493	43.13443374633789	nan	49.20022201538086
17-16	de	303.5207964269126	73.06304168701172	nan	78.2059326171875
5-88	de	98.32868559077635	56.42321586608887	98.61944364499645	56.58142852783203
10-92	de	180.03466687980273	50.97040557861328	202.85219568135787	54.378475189208984
9-97	de	98.24423875448839	44.11903762817383	nan	45.8240966796875
5-82	de	120.62845743758768	67.67138671875	121.59897836638086	68.3492660522461
21-318	de	120.63505710350289	59.34819793701172	nan	16.728939056396484
16-26	de	641.6436597750737	136.88813400268555	629.9019473093861	126.11762237548828
21-331	de	104.17083132126751	53.10445022583008	nan	56.04142379760742
5-43	de	86.53099312260747	47.7430534362793	nan	8.774688005447388
6-33	de	364.1110198441453	56.36589050292969	nan	34.39208984375
18-66	de	176.43041759921658	54.20705032348633	197.03649348327795	55.880035400390625
16-158	de	121.17347674583321	46.17925262451172	nan	48.262203216552734
22-51	de	1087.435216703066	52.19727325439453	nan	53.65087127685547
23-73	de	244.8401112870166	63.59562873840332	nan	63.59562873840332
21-326	de	327.421433392693	86.80602264404297	nan	24.65255832672119
21-75	de	213.33137317657471	65.8819351196289	219.64113908343845	66.52364730834961
9-35	de	209.3398102293623	50.205406188964844	524.2019990550148	52.12863540649414
16-4	de	196.12521452903746	50.1904239654541	nan	50.634132385253906
23-29	de	865.0663704840129	128.90069580078125	nan	nan
16-225	de	217.6736600500472	45.86898612976074	215.36733602484068	45.86898612976074
21-315	de	123.77642408153355	54.00605392456055	706.3313869463852	54.39326858520508
6-81	de	152.08017780997537	57.12945556640625	nan	57.54161071777344
5-80	de	209.62828712551683	64.78304290771484	2220.858860644619	69.7553939819336
17-4	de	726.7098058717592	74.93999099731445	nan	76.70465850830078
9-112	de	145.82232276180335	56.39457702636719	nan	63.92216873168945
4-11	de	408.11680115404585	66.31293869018555	442.89661263883784	67.05943298339844
24-104	de	129.2353801727295	63.93424606323242	129.2353801727295	63.93424606323242
23-34	de	113.96350070273522	70.32223510742188	113.13259993247615	70.32223510742188
16-211	de	298.62814764249123	46.6968879699707	nan	4759.4805908203125
9-58	de	96.79205097871669	52.0939826965332	96.79205097871669	52.0939826965332
21-16	de	217.03353954042709	57.07768630981445	nan	57.91990280151367
14-9	de	179.6185402088478	54.32719421386719	10661.637901670565	54.47731399536133
14-53	de	95.64958478091808	66.39947509765625	94.76191585328844	65.75719833374023
6-82	de	162.76471572840978	52.21116256713867	14122.637308738542	51.80883026123047
18-70	de	90.60274704409318	52.04812240600586	91.98068486319647	52.82758903503418
14-30	de	114.39027413454923	39.21344757080078	nan	261.5793762207031
19-52	de	98.1619685490926	41.96495246887207	405.3393843636584	42.71529006958008
21-74	de	89.5416572485397	47.42210388183594	89.5416572485397	47.42210388183594
19-89	de	250.9610155278986	79.95117950439453	nan	44.13397979736328
21-327	de	2584.9825690098296	52.513505935668945	nan	54.433509826660156
6-53	de	94.82663274728336	47.33226776123047	nan	48.54411697387695
12-36	de	60.01828361812391	44.2925910949707	60.01828361812391	44.2925910949707
8-30	de	1076.3588248636122	54.17420959472656	1055.837923733534	57.83749008178711
17-85	de	272.897923214095	64.91083145141602	272.897923214095	64.91083145141602
1-59	de	108.91793847084045	44.57650184631348	927.5396748575671	45.0982780456543
5-66	de	620.1098807816653	82.68755340576172	nan	nan
6-72	de	148.01961330934003	53.36154747009277	147.79437869342405	53.65518569946289
19-21	de	1420.602001233144	69.2608871459961	nan	nan
7-33	de	117.51037264242768	57.40902137756348	135.24435117632845	57.97809600830078
15-25	de	71.54275373421093	36.33498764038086	nan	38.555931091308594
5-31	de	540.9472184035243	59.26439666748047	619.650674019045	60.287166595458984
16-78	de	355.2357188390226	98.88094329833984	nan	97.51280212402344
5-33	de	322.1955559480758	64.55623245239258	nan	69.52738189697266
18-71	de	151.03284415668912	49.54886817932129	nan	51.0888557434082
23-56	de	81.26146381084736	44.5413932800293	81.26146381084736	44.5413932800293
6-17	de	74.14029343049604	46.986270904541016	91.85911635429629	46.9947395324707
5-77	de	165.79571095756862	65.23838806152344	nan	73.02748107910156
10-18	de	171.00873799867267	43.786155700683594	nan	51.06100654602051
9-60	de	125.92440551280976	55.77180480957031	nan	25.779176712036133
23-99	de	141.71029538894769	52.09713363647461	546.2543394361223	52.96243476867676
21-358	de	362.24771216275883	61.2454833984375	356.072189875052	61.955915451049805
12-55	de	1864.3516637604191	52.66681671142578	1885.8437781771388	52.87896728515625
19-117	de	206.0999564257535	58.12320137023926	205.856886479392	59.689388275146484
23-38	de	133.17892083581887	50.11005401611328	215.44587637999348	50.24790573120117
1-51	de	88.39008275522005	46.74258041381836	88.20628227894767	44.80928039550781
19-43	de	312.26044602754735	63.611080169677734	9683.876754840216	65.33493995666504
12-38	de	107.92610598184976	71.82861328125	107.92610598184976	71.82861328125
17-84	de	116.5866759920877	54.8314208984375	116.5866759920877	54.8314208984375
5-27	de	71.66724453415982	53.94477462768555	71.66724453415982	53.94477462768555
18-85	de	85.77824550451234	53.93528366088867	85.77824550451234	53.93528366088867
18-56	de	492.23226931714635	70.15119934082031	488.46026196330786	70.03923416137695
14-38	de	75.26013472542834	46.46688461303711	426.40342548314266	46.833984375
16-9	de	178.63380221795228	61.17298698425293	nan	nan
4-10	de	689.7540822823843	74.10899353027344	689.7540822823843	74.10899353027344
5-30	de	571.8620916515589	63.7745361328125	nan	39.95222091674805
3-53	de	291.5254310353806	76.04052352905273	nan	7.256991863250732
6-60	de	262.34549994902176	59.05196189880371	nan	59.545265197753906
23-40	de	107.68452520573393	56.735429763793945	nan	60.977935791015625
20-54	de	161.86852929741144	61.276546478271484	262.41282645515776	65.73694229125977
23-83	de	173.83683822705194	56.818193435668945	173.83683822705194	56.818193435668945
6-20	de	82.37095468543296	43.85928916931152	83.60593532145708	44.48231506347656
14-1	de	151.92776754876257	67.89958572387695	nan	911.8121337890625
8-64	de	127.52620308507572	71.52973937988281	127.52620308507572	71.52973937988281
15-24	de	425.07115583989156	47.27806854248047	nan	47.91993522644043
16-251	de	100.59404819541507	51.78193664550781	435.58728008012514	52.794071197509766
4-12	de	359.18541323274803	62.22252655029297	nan	63.89854621887207
16-149	de	70.54484082806495	42.112335205078125	117.85903678894043	42.596736907958984
9-61	de	221.725343445073	105.21232604980469	nan	105.97505950927734
10-86	de	3604.2324000263216	52.80143737792969	nan	54.105445861816406
16-179	de	75.3816207068307	44.29373550415039	nan	45.14789390563965
21-279	de	71.97478247308112	32.160430908203125	79.15945535898209	32.300785064697266
9-57	de	199.03866325575729	59.379730224609375	nan	nan
12-22	de	90.07223650813103	58.57826614379883	nan	59.64520263671875
6-52	de	188.01487968134325	72.41584014892578	288.5634806512416	74.06991577148438
16-128	de	160.99852580939773	57.22459411621094	nan	24.445561408996582
9-64	de	116.99870668557973	52.63705635070801	133.53956573659724	54.17538070678711
19-95	de	220.41635768971545	48.55462455749512	219.82789987325668	48.55462455749512
5-79	de	373.86221943070404	70.98160552978516	380.93721110942	72.42499160766602
4-2	de	209.58965500918302	64.93667221069336	205.15317036276278	64.93667221069336
21-273	de	1014.9579843174328	76.44190216064453	nan	79.86569213867188
14-42	de	125.64185821093045	40.923057556152344	126.25302403767904	41.46830368041992
6-27	de	157.2944902209785	78.99238586425781	nan	52.982486724853516
4-32	de	136.90840382221316	56.214881896972656	272.1796661142319	55.37645721435547
9-84	de	168.7539204841803	73.33529663085938	184.4684550223812	74.11556243896484
17-18	de	266.4256097836928	62.682180404663086	258.7836672015812	62.682180404663086
9-92	de	186.6758510458703	77.57487487792969	922.0447048193001	80.28071212768555
13-114	de	97.68915418368667	53.24333572387695	122.5042591632252	53.24333572387695
16-222	de	317.7459930380185	44.641624450683594	nan	nan
9-28	de	139.68322920996295	50.60150909423828	141.65204493204752	51.21389389038086
19-40	de	96.47890369847136	52.78508377075195	95.01087721911344	50.608415603637695
18-88	de	1630.255744302273	89.13513946533203	nan	90.16190338134766
19-56	de	120.51264073077897	49.78239822387695	nan	40.02133560180664
21-155	de	97.97859373248991	45.83877182006836	292.24394111027794	53.0289306640625
17-168	de	204.66966480073475	78.11688995361328	202.17438342192463	78.11688995361328
9-29	de	82.06557924097234	29.392581939697266	96.50786632827565	31.549083709716797
18-100	de	144.68547631899517	65.74152565002441	144.68547631899517	65.74152565002441
16-35	de	274.1622860143262	85.89753341674805	nan	80.73255157470703
21-112	de	268.9943354107509	54.67878723144531	266.54976156022815	54.65494155883789
7-32	de	119.13715192149667	43.62406349182129	408.5930215372166	45.32589912414551
12-50	de	137.70828182047063	63.43532371520996	138.86619266933866	66.59391784667969
1-113	de	84.28406565388043	41.965864181518555	180.54476135908956	42.52059555053711
24-25	de	109.27024505449378	57.2441291809082	104.94892033934593	55.614192962646484
16-154	de	75.2596772339967	37.40300750732422	nan	37.90334892272949
17-6	de	182.922487189553	58.17033386230469	197.23811302866255	59.606956481933594
1-53	de	1045.7725453601693	53.94226264953613	nan	54.288997650146484
16-62	de	163.71825426154666	74.92860794067383	288.7915541501653	77.2610092163086
6-51	de	221.2259012419602	36.00908660888672	nan	40.628828048706055
8-58	de	108.94748305301277	63.90881156921387	110.81638456099104	67.93868255615234
19-22	de	126.69133990386436	49.38308143615723	nan	53.48995590209961
9-115	de	69.21554759083962	43.46097755432129	68.56670730764216	43.13443374633789
14-29	de	127.22940693961249	42.982994079589844	1059.576153562424	43.64645576477051
16-186	de	169.8057704835426	55.296871185302734	169.8057704835426	55.296871185302734
21-65	de	163.69423456290335	68.69573974609375	nan	83.34605407714844
9-93	de	284.65592098236084	58.3907356262207	295.57886157666934	59.3994083404541
19-55	de	151.3461196178045	70.06825637817383	326.8410170362109	73.7770881652832
12-53	de	434.40456308740556	57.53824234008789	1205.0465565928707	58.52492904663086
12-72	de	135.03035898866324	44.53133773803711	135.65290343219584	44.83205223083496
6-16	de	2965.588872772676	72.12288665771484	nan	78.09232711791992
16-200	de	275.840188071307	79.49391174316406	nan	nan
1-90	de	65.59761522928873	45.43593215942383	64.41197012616442	44.661705017089844
6-69	de	247.9899114300223	55.3336181640625	300.24073826926093	55.3336181640625
13-6	de	145.14013798309094	39.82754898071289	223.86065160694406	40.09950637817383
10-87	de	110.56979584693909	43.550148010253906	131.6332768093456	45.55039978027344
1-96	de	115.59925299424391	48.03157424926758	nan	72.35846710205078
16-54	de	98.15983875415944	52.360713958740234	143.80295057857737	52.40446853637695
1-93	de	90.00215923267862	49.87671661376953	nan	29.214937210083008
21-39	de	93.33842982943096	56.015132904052734	nan	58.026926040649414
12-14	de	273.39860592315443	66.10199737548828	nan	70.96548461914062
12-80	de	255.48214647904882	51.66726875305176	nan	13.26032018661499
13-91	de	181.0905685001804	49.58962440490723	178.31674222151437	47.967084884643555
7-28	de	407.86595714793486	68.22479629516602	nan	14.334754467010498
17-10	de	122.07093373283011	57.124916076660156	1163.052837547889	60.56059265136719
13-83	de	198.1101628450247	75.39082336425781	362.0384362064191	76.356201171875
6-76	de	192.79370889663696	57.058101654052734	192.76420950181412	57.49018859863281
5-107	de	196.60050470564101	70.7713851928711	200.57652297227278	74.99200439453125
16-81	de	624.2780905517877	53.052425384521484	nan	1504.975830078125
21-175	de	343.66506428188745	52.14827919006348	402.3430867281827	53.66926956176758
22-23	de	172.69461180639604	54.396263122558594	194.07214411211686	55.93377113342285
16-165	de	61.13398643334707	36.41415596008301	61.13398643334707	36.41415596008301
21-187	de	136.6023689955473	54.13022804260254	136.54585399627686	56.23501205444336
6-40	de	315.2948707015426	77.16028594970703	nan	58.075157165527344
23-102	de	133.65921399226556	58.393503189086914	nan	nan
9-116	de	232.3569958303857	50.179927825927734	nan	nan
6-75	de	131.5802378152546	54.357566833496094	165.69064106319263	54.45282745361328
23-32	de	227.89650269980743	50.34028625488281	nan	53.660274505615234
13-13	de	308.57622537693055	53.70541763305664	385.2564664885055	54.25657272338867
1-105	de	131.32780858009093	54.47653007507324	nan	60.069881439208984
13-85	de	9218.76490283184	81.73408508300781	nan	258828.40625
19-27	de	246.2664163656402	78.25467681884766	nan	141.1734619140625
1-46	de	127.4776612644765	38.46070861816406	183.63857835659877	40.77938461303711
18-65	de	109.79456482082605	49.358882904052734	1737.8539757515068	50.199554443359375
19-126	de	113.70664447004145	49.81174278259277	114.13380557166205	50.36225128173828
9-72	de	118.47526367732456	65.83624267578125	138.03614841567145	66.83469772338867
9-38	de	684.6785393007871	102.71637344360352	nan	108.02509307861328
12-13	de	186.63802554790792	79.4620361328125	nan	56.74427032470703
14-60	de	142.90092577500778	47.65349578857422	158.87918334347862	48.56452751159668
16-95	de	139.29972104673033	54.77404022216797	139.29972104673033	54.77404022216797
17-30	de	57.706791281700134	58.149736404418945	57.706791281700134	58.149736404418945
9-85	de	181.7036111149567	52.94205856323242	nan	nan
13-28	de	149.87159399986268	54.07711219787598	nan	nan
9-13	de	397.38862016636836	68.13836669921875	413.5436122963826	71.31778717041016
22-26	de	190.31877820099456	70.0962905883789	nan	9.67308235168457
5-108	de	1105.3129084916939	88.98312377929688	nan	11.92159628868103
9-108	de	119.43794979207657	50.96525955200195	nan	50.96525955200195
9-37	de	112.49464503421059	51.199256896972656	407.7764831354589	53.776859283447266
14-24	de	244.23923804109748	50.69646072387695	486.931595655588	51.128578186035156
5-41	de	98.81756770932996	52.295034408569336	233.30517350999932	53.624698638916016
18-81	de	210.88789538639347	54.866207122802734	209.0317286877405	59.27296829223633
10-91	de	134.26238751844926	60.3841609954834	137.53649147843893	61.10187911987305
21-311	de	218.73624354084646	69.49954223632812	221.39604330062866	71.29594802856445
24-91	de	822.5830447378613	34.2551383972168	nan	35.242074966430664
9-124	de	280.73105516433714	52.00548553466797	nan	52.00548553466797
12-90	de	96.44892641703288	48.52521896362305	91.00932651758194	43.1013298034668
13-7	de	655.9526350090096	81.12706756591797	nan	nan
13-63	de	63.565738655271986	36.183902740478516	nan	38.47026062011719
10-69	de	168.19383345331465	57.41385459899902	166.5989721874858	57.41385459899902
21-185	de	546.3357701634252	66.89042663574219	nan	67.6390495300293
16-156	de	235.2877740985469	76.78638458251953	nan	31.584890365600586
24-149	de	100.54707411469006	48.150787353515625	99.00567549274814	47.171586990356445
10-90	de	108.91888961195946	54.055185317993164	137.05325909221872	64.8357105255127
1-47	de	54.33315079762385	34.85898971557617	nan	34.9665584564209
19-82	de	422.39278461289234	51.45071029663086	413.55322216250374	53.15467834472656
9-75	de	92.55592207113902	29.85901641845703	713.8057979881763	30.05373191833496
1-94	de	179.8640806833903	54.67623519897461	179.8640806833903	54.67623519897461
16-20	de	141.7583038375491	57.82367706298828	348.04066747531556	63.15406036376953
1-3	de	76.51992894649506	39.6505126953125	574.1953685237811	40.38928031921387
24-46	de	213.02103331509758	64.18489074707031	nan	72.51983261108398
21-79	de	149.97332798393026	48.812782287597656	nan	nan
1-13	de	147.3851793776167	65.93772888183594	147.3851793776167	65.93772888183594
1-61	de	506.8717830284782	71.91751861572266	nan	28.42130184173584
16-215	de	93.48984745111358	43.95909118652344	nan	6.800108432769775
12-56	de	292.91090240316873	72.66326904296875	291.56651577829314	76.00939178466797
16-14	de	137.91393496753932	51.15641784667969	182.51012458683044	51.984676361083984
17-53	de	267.75439318815864	54.223806381225586	nan	63.11679458618164
12-74	de	62.74612106996424	47.078006744384766	65.18973931899437	47.89322471618652
19-104	de	827.4831569829119	63.20363998413086	nan	9.938098907470703
16-55	de	179.8918424488343	71.87476348876953	179.8918424488343	71.87476348876953
13-29	de	75.28490579829497	38.86279296875	75.28490579829497	38.86279296875
16-175	de	94.46880124383054	41.263980865478516	274.15020180930776	41.1071662902832
13-84	de	6738.148361053732	87.66095352172852	6645.913182951	85.76263427734375
8-44	de	107.24764441407245	52.27105712890625	nan	54.03610610961914
1-62	de	340.56064175021265	64.95728302001953	452.18167375263414	65.009033203125
18-82	de	78.2676129848399	40.77478790283203	80.06374744493134	41.3923454284668
14-4	de	255.13388141205436	48.11189270019531	354.1030658304691	48.923736572265625
16-41	de	164.66293135329857	54.298574447631836	nan	89.86240005493164
16-167	de	92.63452693493697	45.10065841674805	282.6002470537913	46.932640075683594
21-319	de	108.21166494991003	40.097503662109375	nan	41.68977165222168
1-72	de	266.65240904944284	76.18502426147461	258.46329567883464	76.18502426147461
1-68	de	180.48405810558435	39.29914093017578	306.45611942624583	40.09711837768555
6-32	de	114.25170427819957	48.97533416748047	nan	51.18190002441406
1-89	de	131.2116510884515	60.49427032470703	131.2116510884515	60.49427032470703
6-70	de	11471.408902987838	63.94602584838867	12092.961446307256	64.84989929199219
21-106	de	87.23192820829503	39.98983192443848	nan	41.569528579711914
1-120	de	272.88159821305095	61.58208656311035	329.3544832646847	63.014644622802734
10-95	de	518.1674136767422	64.15328979492188	nan	34.861106872558594
5-58	de	85.29963021959577	56.46157646179199	nan	60.30406951904297
8-38	de	153.82094514873666	56.26470947265625	nan	58.13474464416504
24-148	de	110.25207368123162	58.8653450012207	111.466551080042	59.274593353271484
10-94	de	78.64775337399664	33.984846115112305	80.12997359593709	34.019371032714844
5-24	de	464.34809996287026	81.36516571044922	2554.5077853739263	82.04096984863281
1-60	de	168.9493516261761	43.502052307128906	216.15253661995504	43.502052307128906
6-77	de	64.3627634195181	37.73936462402344	nan	39.95624542236328
13-92	de	162.01540456757402	39.00366401672363	1001.3712513972731	39.63730812072754
13-55	de	90.01304944356282	51.895626068115234	90.01304944356282	51.895626068115234
5-129	de	307.34523345947264	50.88084411621094	305.7731836838058	50.88084411621094
19-53	de	186.32962952377974	67.40550994873047	nan	72.72970581054688
23-92	de	215.00852174926223	82.82293319702148	811.0918770474711	84.12826538085938
9-111	de	107.64202611148357	40.63029861450195	nan	51.18558883666992
19-59	de	289.5960480769475	69.6301498413086	289.5960480769475	69.6301498413086
8-67	de	138.56865074760034	44.66931915283203	173.70216680745608	50.54237365722656
9-73	de	121.51263725295547	62.029685974121094	nan	93.17750549316406
7-17	de	2198.338029424828	39.6972541809082	2243.827204149823	40.16556739807129
19-25	de	121.25452077847261	34.7817325592041	427.27041131037254	36.4235782623291
18-53	de	265.06030919696343	55.89202308654785	nan	60.924373626708984
4-23	de	109.35056896209717	49.615291595458984	109.35056896209717	49.615291595458984
5-94	de	193.87046414013057	66.82743835449219	296.0715627739395	70.55101013183594
16-221	de	193.26674675172376	41.26955032348633	nan	nan
19-54	de	182.25635947168402	62.44471740722656	182.25635947168402	62.44471740722656
12-12	de	66.07435863950978	35.34561347961426	197.23217340544159	41.712738037109375
10-33	de	133.35906076431274	48.088890075683594	nan	nan
9-6	de	1556.187180519104	51.87416458129883	nan	10.943689346313477
1-7	de	213.332559076945	47.56595993041992	nan	49.116228103637695
10-78	de	97.3122776911809	57.03926086425781	118.1734838539095	57.03926086425781
13-42	de	148.97945178399874	60.66767501831055	nan	111.20817565917969
18-76	de	332.37872240429834	64.6788101196289	nan	68.57778930664062
7-77	de	208.569477496476	68.03913497924805	nan	93.1904525756836
16-61	de	263.65599725266134	55.81535339355469	7566.7636798269605	51.38752746582031
22-7	de	104.55918142670079	57.91184616088867	144.86755828114298	58.98225784301758
14-59	de	116.71506171323816	61.990211486816406	nan	63.75205993652344
16-23	de	181.43889345649544	58.534141540527344	nan	36.72391128540039
16-189	de	98.71282673941718	53.20090293884277	99.08882747901664	53.77191162109375
18-63	de	182.96162455109345	58.231441497802734	182.96162455109345	58.231441497802734
19-58	de	191.59202053887503	60.02382278442383	nan	58.743858337402344
6-26	de	219.25543873730828	74.11187744140625	217.00769624926826	77.97363662719727
14-20	de	182.58267429033916	61.5982551574707	nan	62.35289764404297
5-132	de	67.23127189337039	42.520118713378906	205.19369804079287	42.42164611816406
16-168	de	233.99098742348806	77.92301177978516	nan	85.8900260925293
13-4	de	124.70821352358217	42.499839782714844	nan	44.16576385498047
13-86	de	173.95632739183378	57.83034896850586	nan	63.55855751037598
10-25	de	165.9628872539686	67.41512298583984	nan	118.95870208740234
1-16	de	115.27063047302353	63.77715301513672	nan	44.69139099121094
16-52	de	78.70465587269176	60.07936477661133	80.6887561253139	61.17405891418457
19-66	de	93.17298742737432	42.879150390625	341.1119247783314	43.04885673522949
17-7	de	120.13034163821827	60.00022888183594	nan	17.661102294921875
21-62	de	280.495227532124	62.88288497924805	277.2753800089045	62.88288497924805
7-6	de	59.881570180257164	48.80525207519531	59.881570180257164	48.80525207519531
9-74	de	113.77729746039587	48.381465911865234	nan	34.64292907714844
16-172	de	104.20766881507213	58.37411880493164	188.6709467886072	58.56598663330078
13-9	de	308.1651151703625	77.12115097045898	30054.11943580991	78.49696350097656
1-97	de	3485.7750525770516	78.9189224243164	nan	137.92625427246094
16-199	de	150.85571819382744	60.42453956604004	2436.3899249216406	65.98699951171875
17-82	de	133.9919673204422	65.00337219238281	133.9919673204422	65.00337219238281
1-122	de	255.48673813298063	64.39379119873047	255.48673813298063	64.39379119873047
19-11	de	118.04623691687424	53.247310638427734	115.97700833767018	54.23730659484863
13-57	de	789.2122647019684	75.17086029052734	776.8428372183154	71.2806396484375
21-109	de	108.25628728990431	47.43161392211914	406.2834780156612	47.93842697143555
5-5	de	216.84960251043339	54.696128845214844	449.7451453072684	57.72119903564453
16-187	de	245.52088619680967	70.51373672485352	nan	49.433401107788086
16-33	de	100.42437864172048	58.70562934875488	135.54356464157758	59.44350051879883
21-321	de	124.79970001724531	48.75611114501953	124.9502406473513	49.397539138793945
13-11	de	211.50739854129392	60.001495361328125	305.2142318988192	60.2680606842041
17-17	de	121.63384860212153	72.63217163085938	123.14896907806397	72.81166076660156
12-76	de	146.28042328123954	62.54393005371094	148.54466523938967	64.69996643066406
14-58	de	131.91427988366982	46.385772705078125	nan	46.8865852355957
17-27	de	147.51928132375082	61.756690979003906	148.4597300695717	61.756690979003906
1-66	de	194.5094857480791	68.20465469360352	194.5094857480791	68.20465469360352
15-7	de	109.463964489923	53.385009765625	195.2142325387874	54.73351287841797
16-164	de	130.59026571226792	47.94084930419922	148.36711206011577	47.33012771606445
24-77	de	275.98959948619205	88.31932067871094	nan	96.51637268066406
8-55	de	108.45519602926154	50.54585647583008	108.45519602926154	50.54585647583008
19-49	de	745.4240763804296	72.10441589355469	nan	167.8813018798828
16-72	de	152.48374007446597	51.88716506958008	299.6516440457637	53.012535095214844
5-68	de	268.9571124493391	61.5914192199707	268.05776196718216	62.28616905212402
16-6	de	122.66233673380383	61.18575668334961	nan	58.737924575805664
13-82	de	140.5595550267927	53.08933067321777	nan	1978.890625
10-20	de	351.3686554451299	60.083343505859375	349.3011450613699	61.65682792663574
13-12	de	139.88987788447628	43.202980041503906	140.49871193490378	44.42921829223633
14-48	de	165.65903983797347	46.37762260437012	321.84195062026237	51.737728118896484
13-59	de	811.0684148073196	80.88081741333008	nan	nan
19-80	de	183.20947889119637	52.449615478515625	357.214267996491	55.656259536743164
9-123	de	94.42457428923598	39.49699020385742	nan	40.31371879577637
16-96	de	314.34654108456203	59.52156066894531	314.8086035234708	60.29739761352539
17-166	de	90.48080976804097	56.3173713684082	92.50802324256118	56.5444221496582
18-74	de	62.47202444618399	39.77962875366211	nan	40.202280044555664
21-293	de	59.71948370252337	43.8607292175293	59.71948370252337	43.8607292175293
13-58	de	163.37178198181758	52.73145294189453	162.00787727505553	52.56353759765625
24-126	de	179.49653830922637	54.513450622558594	564.3329696012727	56.73434066772461
18-49	de	112.29366132768534	53.49056434631348	144.35013429063267	54.312273025512695
7-31	de	114.48483721911907	38.40897560119629	265.14860734647635	38.40897560119629
12-77	de	506.1241992503878	45.42374801635742	506.1241992503878	45.42374801635742
16-34	de	78.31216808023125	44.72403526306152	595.8240695841172	45.44127655029297
12-102	de	90.20762430093227	46.301849365234375	nan	nan
5-87	de	100.75767177084218	55.5157470703125	110.20895377794902	60.10685729980469
16-71	de	1122.5478369268503	53.51848030090332	nan	52.66213417053223
22-25	de	101.67500200389344	45.630470275878906	210.2556000560163	47.2921142578125
16-151	de	91.46996875779818	42.733036041259766	100.66519650583682	43.9559440612793
16-51	de	95.13495572713705	49.99980163574219	95.13495572713705	49.99980163574219
10-71	de	1554.7482376141982	79.3706169128418	nan	93.84315490722656
17-23	de	225.93787837274294	78.36637115478516	222.74955574189775	78.36637115478516
16-226	de	189.84450488843416	42.35075378417969	300.9590480132979	42.84779739379883
1-78	de	94.26813615652232	39.845703125	108.19874090136904	40.49427032470703
12-113	de	90.01637621906316	57.70127487182617	262.4426320050214	58.335941314697266
10-46	de	209.9946769128634	73.27860260009766	nan	82.87161254882812
18-37	de	591.3232456817627	49.84629440307617	1387.1828914525854	56.277156829833984
1-111	de	275.9783881155111	48.805904388427734	nan	53.45606994628906
13-119	de	249.53256747987535	70.15140151977539	249.53256747987535	70.15140151977539
4-24	de	91.88161713526799	55.59939193725586	215.3799336606806	56.60532760620117
16-198	de	70.64484125025132	38.025718688964844	70.64484125025132	38.025718688964844
16-248	de	913.7931260963281	57.6395320892334	1367.0119088649749	60.500118255615234
16-206	de	89.70083422131009	58.36680603027344	89.70083422131009	58.36680603027344
16-116	de	160.50307597054376	59.35669708251953	159.75782781033902	61.19515609741211
21-231	de	644.9496354613193	39.564491271972656	nan	39.426164627075195
15-42	de	446.2881817308444	45.043907165527344	nan	nan
7-81	de	1267.5436960606094	61.12962341308594	nan	61.60846138000488
22-17	de	233.23532041381387	41.440629959106445	nan	41.82844352722168
9-21	de	174.28835119767623	45.06229782104492	nan	52.09212112426758
12-27	de	100.25913133119282	70.36966705322266	100.25913133119282	70.36966705322266
20-14	de	184.689364863377	82.18507385253906	185.25759740976187	84.21706771850586
21-203	de	115.95564625772198	63.23963165283203	211.7753303548792	63.23963165283203
19-77	de	111.65072980244955	55.3994026184082	192.04406095162418	57.85733222961426
19-141	de	210.1608228747909	59.74667930603027	nan	nan
24-134	de	77.06159947135232	50.80999755859375	416.2199357005133	50.8477783203125
12-119	de	130.90371819585562	47.14526176452637	136.30929816130435	48.18568229675293
4-34	de	162.6832186381022	78.43766784667969	162.6832186381022	78.43766784667969
19-47	de	77.41182413721472	52.86434555053711	77.41182413721472	52.86434555053711
14-37	de	192.4762848864545	53.93457794189453	190.44491609801418	53.46148872375488
9-122	de	141.72338036128454	44.488529205322266	139.0772193145752	44.13007736206055
14-16	de	170.27334203038896	85.69175338745117	170.27334203038896	85.69175338745117
10-85	de	247.59453715975323	51.99398422241211	nan	50.95945930480957
17-135	de	91.17450585084804	62.391048431396484	89.98959023019542	61.00071716308594
16-86	de	61.613935959644806	46.53459358215332	61.46017085909843	46.53459358215332
19-76	de	181.43924466239082	80.67364501953125	nan	nan
24-40	de	315.4066720268943	72.70411682128906	nan	74.32872772216797
4-22	de	217.51431267938497	61.386878967285156	809.1029545783997	66.83721160888672
24-80	de	158.9584518969059	70.28279495239258	161.862235724926	69.44172286987305
16-5	de	1785.5530636814278	77.29447174072266	1721.6698961257935	77.45439147949219
12-30	de	185.88338974784403	51.254486083984375	183.31926901039037	51.254486083984375
13-76	de	88.95927667617798	38.6181640625	nan	44.035579681396484
22-62	de	82.04798744342945	62.68442916870117	142.70067593147016	63.95698547363281
7-87	de	458.53089483806065	57.30471420288086	560.0940673041017	57.96977615356445
14-10	de	242.30266596211328	60.320552825927734	291.04136079671434	60.56807327270508
17-171	de	93.27563378470285	54.455814361572266	nan	54.455814361572266
10-36	de	677.3704038080962	44.71743965148926	nan	49.396305084228516
5-40	de	123.42361809631873	61.00665283203125	496.35671780125193	60.231937408447266
6-56	de	81.25280131234064	53.48236846923828	81.25280131234064	53.48236846923828
19-128	de	93.91810874188884	51.1826057434082	93.91810874188884	51.1826057434082
17-89	de	94.60712263661046	43.69900894165039	94.60712263661046	43.69900894165039
16-249	de	481.406764734359	61.83193588256836	1448.840303865098	64.91136932373047
23-46	de	168.3839146540715	38.377296447753906	178.2249109795753	40.7503604888916
18-59	de	801.8886638879776	55.41657257080078	956.1047461453607	50.393585205078125
17-71	de	72.80013084411621	48.066627502441406	68.81073253295001	47.631710052490234
17-58	de	62.061059296131134	44.78532600402832	62.061059296131134	44.78532600402832
18-50	de	260.02033863479284	42.12675476074219	nan	nan
6-63	de	62.945798200719494	50.01919937133789	62.945798200719494	50.01919937133789
1-39	de	307.13433086983514	54.948551177978516	711.9392699014156	54.948551177978516
7-82	de	59.73782426461406	34.57303237915039	160.60152130777186	35.211225509643555
7-83	de	590.8601509897333	51.80059051513672	700.8740080595016	52.24696922302246
16-122	de	831.7325496822596	70.72515106201172	nan	21.61583662033081
21-328	de	146.07849921753157	53.777103424072266	162.34228915753573	52.6296272277832
5-16	de	191.14321748545913	49.07810592651367	255.39603148651122	50.743553161621094
23-60	de	327.97163137042793	63.79844665527344	390.79960165377014	64.70947265625
23-67	de	198.2942524112639	53.398420333862305	379.4984232635498	54.513450622558594
23-68	de	144.23589146578755	52.25688171386719	332.69434493671764	54.97387504577637
5-55	de	386.81955466529195	60.349491119384766	nan	63.57035827636719
24-129	de	348.7432670139131	79.69235229492188	348.7432670139131	79.69235229492188
17-70	de	209.10371210667995	60.60973358154297	205.5556339976154	60.60973358154297
14-36	de	205.91805078058826	46.43967628479004	201.9224114513397	45.69562911987305
19-101	de	167.21815107133654	100.91887664794922	157.11300468444824	82.03147888183594
17-159	de	137.4532074994511	65.39121627807617	162.516505420608	65.14933013916016
8-39	de	197.95984743462233	59.91000747680664	197.95984743462233	59.91000747680664
24-85	de	229.46151431831154	86.50702667236328	748.0258132800078	86.50702667236328
23-52	de	108.75361917132423	44.962642669677734	108.75361917132423	44.962642669677734
13-79	de	83.57494632475967	47.40702438354492	114.00434683476176	46.40619468688965
21-11	de	122.12916435322292	37.55391311645508	126.69479797999064	37.759010314941406
1-118	de	136.42288743931314	73.46601104736328	136.42288743931314	73.46601104736328
8-78	de	100.45979076623917	46.788991928100586	99.78353237383294	46.70609664916992
17-161	de	80.10996969162471	62.7208137512207	80.93526538461447	63.19828224182129
9-23	de	105.14477116973312	56.59095001220703	105.14477116973312	56.59095001220703
1-76	de	161.80737603562218	53.91235542297363	162.5171630234845	53.943294525146484
24-57	de	152.1114594293019	61.209835052490234	nan	66.84310913085938
24-121	de	64.80295167145906	48.74304962158203	460.78107588631764	49.318885803222656
19-144	de	113.76456660809724	37.25434112548828	113.76456660809724	37.25434112548828
17-113	de	150.5909541130066	68.310302734375	nan	73.16268920898438
23-53	de	102.34066184622343	43.911155700683594	102.34066184622343	43.911155700683594
6-37	de	121.5744757102086	53.39287567138672	121.5744757102086	53.39287567138672
21-215	de	139.68567652052099	80.88754272460938	nan	nan
16-223	de	57.314889328820364	39.87443161010742	443.418547240893	40.07568359375
2-12	de	113.56427695674282	59.30556678771973	149.93934563228063	60.88241958618164
12-127	de	133.0026117791521	69.73925399780273	131.7016930028012	65.98052978515625
22-70	de	146.42608519069483	51.87416458129883	144.12490012568813	50.74345588684082
22-12	de	98.50267348737798	49.37813949584961	98.79442111920503	49.64323616027832
17-131	de	450.44956021593106	92.0154037475586	nan	nan
21-298	de	83.10157118038255	52.37702178955078	83.10157118038255	52.37702178955078
18-55	de	94.98230561088113	69.99441528320312	94.98230561088113	69.99441528320312
19-146	de	116.15678230285644	46.45256042480469	540.6196148945735	47.95453071594238
6-14	de	1071.3487733227867	91.59317016601562	nan	152.40907287597656
8-77	de	236.41683298292614	47.388160705566406	234.27530935125532	45.6931266784668
10-42	de	79.49480939978984	39.97379493713379	358.36550183330024	40.32425308227539
19-81	de	96.93145457181063	49.85956954956055	96.93145457181063	49.85956954956055
19-67	de	67.5301476921698	43.62041091918945	nan	45.66390609741211
22-20	de	155.000738727954	61.386878967285156	nan	1423.866455078125
19-93	de	133.33615200920443	63.0467529296875	228.94854335949339	63.64924621582031
21-188	de	551.6028768052446	76.39057922363281	nan	85.36568450927734
8-24	de	1304.9722565098812	56.818565368652344	1304.9722565098812	56.818565368652344
6-80	de	190.72373428189658	56.51444625854492	nan	26.116436004638672
24-5	de	99.99963336520725	61.28629684448242	98.9926822060033	61.75374984741211
21-253	de	200.4086982670115	82.76297760009766	197.5347521094715	79.29007720947266
12-10	de	231.26799941247748	57.69478225708008	327.03376204879197	58.070091247558594
21-225	de	109.84193957553191	59.086618423461914	735.6527295635171	63.46314239501953
1-2	de	95.18112837567048	53.126304626464844	nan	53.700653076171875
16-160	de	103.02834071802056	47.94853401184082	nan	49.5471305847168
9-88	de	250.6856861650274	58.659507751464844	nan	nan
8-11	de	188.82775821234728	62.66684341430664	352.3158587935745	64.34697723388672
10-66	de	295.69068119742656	58.675254821777344	505.18951521528527	63.1343879699707
16-127	de	263.2103566945156	45.25923538208008	331.8406058689495	45.52241897583008
24-154	de	196.12286112858698	47.51362609863281	196.12286112858698	47.51362609863281
10-19	de	554.4917996485431	77.45271301269531	nan	44.28425598144531
21-249	de	95.2940305012923	46.72382736206055	117.99438382961132	46.72382736206055
7-39	de	179.5084171295166	98.63671875	2131.1498215993247	134.93695068359375
24-144	de	85.81867055892944	45.81389236450195	84.87869019841038	45.55992126464844
17-126	de	466.3826221997759	54.154659271240234	nan	110.95315170288086
6-39	de	97.97986062367757	73.08520126342773	nan	73.85163879394531
20-11	de	78.54664811855409	47.83061981201172	75.71733198314905	45.11008071899414
16-124	de	89.71140986222487	53.47029495239258	88.9591716853055	53.41970443725586
24-48	de	403.25158242618335	70.24813842773438	367.8821209669113	70.24813842773438
12-86	de	1814.626182454187	94.41796875	1769.5022377508233	100.24762344360352
19-79	de	137.891368831907	50.18334197998047	138.50222649293787	51.38304138183594
24-102	de	303.851786504473	58.833656311035156	nan	60.889183044433594
8-25	de	1157.7927411868247	60.89702224731445	1742.3643079406913	71.29510498046875
16-207	de	100.19932567372041	41.019752502441406	100.19932567372041	41.019752502441406
24-117	de	1563.7991994476317	54.08312225341797	4323.005450694792	53.933082580566406
16-205	de	714.5148215293884	98.37013626098633	nan	nan
13-26	de	99.716244780499	43.536197662353516	5918.19435659368	44.67039489746094
14-31	de	183.3158199857263	45.580453872680664	nan	34.85976982116699
21-147	de	317.1743128516457	48.95075225830078	317.1743128516457	48.95075225830078
17-44	de	1258.5825896872614	68.25403594970703	1225.1988714616075	71.05925750732422
10-65	de	193.46486100090874	69.73210525512695	193.424744616498	71.0654525756836
16-204	de	162.52064405046067	63.205413818359375	159.9423382767534	62.297054290771484
13-80	de	138.83638903152112	60.5849723815918	732.2762677634971	73.92691421508789
16-188	de	130.94868529470344	66.18684959411621	nan	68.56494140625
23-76	de	307.0890937986828	58.08985900878906	302.90112222358584	58.08985900878906
19-61	de	478.28739857347045	38.94146728515625	478.28739857347045	38.94146728515625
21-306	de	356.8142299243382	72.74126815795898	708.1584989892112	74.27790069580078
24-111	de	83.7508644679236	60.78721618652344	nan	62.15762138366699
21-37	de	355.30244090557096	85.04248046875	733.554012730008	88.7636947631836
4-40	de	289.7719341600445	73.83358001708984	284.64905447502656	73.83358001708984
21-57	de	96.83950253190666	50.005271911621094	99.22489591078325	51.871604919433594
1-117	de	175.96607331479532	55.690616607666016	nan	56.51949691772461
12-29	de	85.99998508650681	49.340492248535156	85.61358895849008	49.33715057373047
19-121	de	103.80580003444965	63.544668197631836	104.89451484438739	63.7945556640625
16-97	de	162.85597148308386	85.14790725708008	417.00146588412196	87.90233612060547
12-154	de	147.03645755149222	67.20280838012695	nan	69.5746078491211
11-22	de	109.56067823896221	51.34663391113281	109.56067823896221	51.34663391113281
24-152	de	123.2046128772554	67.7194595336914	123.2046128772554	67.7194595336914
17-142	de	128.07863353470626	55.732255935668945	nan	57.297475814819336
6-64	de	166.46046923027663	101.09519958496094	163.884423294375	99.69242858886719
2-9	de	151.36514496803284	71.79023742675781	151.36514496803284	71.79023742675781
10-72	de	187.4583217265994	76.58172607421875	187.4583217265994	76.58172607421875
16-196	de	469.29141631879304	64.47013854980469	461.25713193827664	63.800907135009766
23-66	de	111.83614382089353	52.25589942932129	949.186781009781	56.45158386230469
5-1	de	108.32093131023905	49.15483474731445	1020.2970650855531	51.6838264465332
5-44	de	144.43027618408203	66.73600769042969	861.5458874996798	66.73600769042969
10-15	de	478.606185880758	59.6638069152832	nan	60.52900505065918
23-20	de	131.38498131772306	54.029266357421875	131.38498131772306	54.029266357421875
16-114	de	150.0035871132872	58.234886169433594	nan	59.82171630859375
22-42	de	169.98575359896608	51.66122245788574	169.98575359896608	51.66122245788574
21-335	de	264.9880716439449	67.12174224853516	251.1206253051758	60.65161323547363
18-68	de	150.58785850818342	77.30048370361328	nan	100.56896209716797
21-43	de	1066.8574795859201	37.53515815734863	1054.5047583244216	39.30913162231445
23-3	de	96.85634466317984	45.12669563293457	96.85634466317984	45.12669563293457
13-16	de	573.485978709708	78.31348419189453	nan	46.68985939025879
19-78	de	121.40622017118666	46.38737487792969	121.40622017118666	46.38737487792969
13-93	de	343.5977765752914	75.23183059692383	nan	82.08125686645508
7-27	de	111.09009776057967	50.70001983642578	109.63485004181085	50.56768989562988
20-17	de	67.31416837100325	36.419132232666016	280.1032791979173	34.01389694213867
21-31	de	189.06131195042232	66.56270980834961	238.8958158749062	66.6446762084961
19-168	de	1148.5074093033286	77.322265625	nan	65.53555679321289
8-12	de	2167.906086337182	61.552412033081055	nan	nan
22-68	de	186.45177046143183	40.31402587890625	269.7391394365181	40.31402587890625
5-7	de	249.71961637270653	117.00492858886719	nan	125.20143127441406
17-73	de	331.78261554388354	59.89640808105469	nan	39.65758514404297
1-5	de	164.61220343759126	52.48448944091797	651448.9982438768	55.644182205200195
21-228	de	238.63564018301062	53.04334831237793	nan	11.44505763053894
13-94	de	245.0400633672728	65.1432113647461	704.2736945913898	66.99185180664062
16-120	de	212.65360530974374	77.57797241210938	336.6234275788972	82.9151496887207
16-113	de	362.2631599108378	69.26216888427734	nan	15.170582294464111
5-60	de	82.42427066456187	62.24049377441406	nan	65.44887924194336
24-71	de	83.96244787662587	42.75886154174805	84.9416413208873	42.970245361328125
12-136	de	66.2561702132225	52.815683364868164	66.2561702132225	52.815683364868164
5-38	de	70.11116152543288	27.76898956298828	70.11116152543288	27.76898956298828
16-254	de	191.9444880903813	67.55339813232422	190.92697784818452	69.56354904174805
20-27	de	282.5432579935962	62.407508850097656	nan	110.05123519897461
12-47	de	330.4897307188887	65.37799835205078	nan	86.59141540527344
12-1	de	233.05203408611064	59.88201141357422	nan	nan
12-106	de	61.20572837193807	50.22837829589844	63.83039248719507	51.04825973510742
5-133	de	79.1160135269165	44.930816650390625	79.1160135269165	44.930816650390625
17-169	de	182.9277279944647	78.90531158447266	182.9277279944647	78.90531158447266
16-24	de	169.67028578272405	55.38899612426758	174.4127838952201	55.407569885253906
22-56	de	174.69806272843306	49.012535095214844	8580.28279933773	49.09167289733887
21-92	de	90.86728774679118	52.65510177612305	5741.952724691298	52.85871696472168
13-37	de	54.23773589887117	35.65311050415039	54.23773589887117	35.65311050415039
24-114	de	90.23788511342016	60.78536796569824	nan	62.76150131225586
10-37	de	212.8835432494388	61.891191482543945	244.65615281851396	62.171051025390625
21-34	de	134.61335387759738	65.44639778137207	689.813816678393	68.24076080322266
20-22	de	62.15560142199198	54.395036697387695	62.15560142199198	54.395036697387695
17-176	de	89.44767905925882	61.361175537109375	89.44767905925882	61.361175537109375
12-135	de	85.47957515716553	70.1326675415039	85.47957515716553	70.1326675415039
17-48	de	153.09208191142363	63.26310157775879	172.38940965956536	63.81217384338379
8-76	de	180.59567817376583	75.10774230957031	nan	76.58606719970703
12-128	de	709.0274650337769	66.89652252197266	694.8149613996949	61.171905517578125
18-39	de	66.18807004999232	41.33550262451172	22623.658103954225	41.60510063171387
19-109	de	240.09850278977424	58.66672325134277	239.6962289276123	59.402469635009766
16-232	de	225.4619162413809	55.04952812194824	nan	nan
9-55	de	123.28709475810712	62.9376220703125	nan	59.6131591796875
5-131	de	81.2928437391917	38.715803146362305	80.35335214614868	38.715803146362305
9-86	de	197.80001829631294	47.076480865478516	nan	49.826568603515625
20-30	de	142.01351907730103	69.94754028320312	nan	81.78033065795898
23-62	de	193.80617368982195	51.87416458129883	193.80617368982195	51.87416458129883
18-78	de	64.95726287841796	51.609914779663086	nan	53.54026412963867
14-14	de	5188.005504278489	96.65518951416016	nan	91.22187805175781
19-37	de	136.4025159544415	64.66122627258301	1089.8430517741613	68.31414794921875
19-122	de	492.54349303245544	48.06878662109375	20082.88571288165	48.3508415222168
22-65	de	119.40305066877796	55.07724571228027	119.40305066877796	55.07724571228027
21-202	de	275.1410206089849	44.43938446044922	2607.667791451906	44.519203186035156
11-24	de	55.429258646283834	43.46099090576172	55.429258646283834	43.46099090576172
17-78	de	119.38865457579146	67.25192260742188	117.03344381939282	67.0719223022461
16-38	de	233.75411943529474	40.46139335632324	1478.2222058659509	40.77077865600586
16-28	de	89.57879959791899	45.56863975524902	465.1515552585286	45.439918518066406
20-2	de	373.3715770295326	50.447357177734375	nan	nan
21-143	de	153.97645823635273	66.28929901123047	153.97645823635273	66.28929901123047
5-12	de	307.0407823890147	71.67951202392578	307.0407823890147	71.67951202392578
5-116	de	83.6792039626684	59.134552001953125	83.6792039626684	59.134552001953125
18-113	de	86.2687248569904	41.87036895751953	nan	nan
16-90	de	363.29319663328283	56.35078811645508	831.4491190599358	61.407297134399414
19-114	de	180.90240038895024	47.884647369384766	180.90240038895024	47.884647369384766
21-17	de	237.31318850950763	53.53402900695801	428.18447523531705	59.09162139892578
21-45	de	127.37046046484085	51.31386375427246	196.90491275353864	52.80362892150879
23-2	de	95.44642233848572	73.7540397644043	95.44642233848572	73.7540397644043
21-128	de	105.2146631746876	48.17251205444336	104.25771211373686	47.86409378051758
17-60	de	442.39662656748203	68.17828369140625	3059.501037689223	68.38501739501953
1-41	de	178.41685913159296	72.26411437988281	1274.5669729232789	75.17426300048828
20-42	de	120.52960130903456	36.804649353027344	153.285092319761	38.26741027832031
24-120	de	72.89833323160808	37.702171325683594	72.89833323160808	37.702171325683594
23-24	de	116.48835075894992	60.25564765930176	116.5192483997345	61.477848052978516
14-3	de	180.93782097952706	78.60140228271484	301.01554959753287	78.85150909423828
1-40	de	105.16001763343812	40.32800483703613	nan	41.86276626586914
23-69	de	363.08019249779835	68.91036987304688	nan	11.930959701538086
15-28	de	125.33749567347465	47.194454193115234	143.79331717888513	49.056724548339844
14-39	de	197.6945025473833	55.94772911071777	412.56736959110606	57.436445236206055
21-12	de	68.51855307040007	42.606590270996094	8844.546516457649	46.10733413696289
21-36	de	215.75453170140585	61.049320220947266	nan	55.713829040527344
16-133	de	301.00908488432566	74.57263946533203	nan	79.63322448730469
7-43	de	186.34736054284232	49.48391151428223	nan	49.68775939941406
24-53	de	163.20682435394616	75.38756561279297	nan	75.38756561279297
13-111	de	69.15665461398937	37.45815467834473	69.15665461398937	37.45815467834473
23-94	de	66.34428658485413	58.305402755737305	66.72523187455677	58.305402755737305
16-118	de	772.3218533915858	57.91572380065918	776.5339406331381	58.22139358520508
21-247	de	154.18733875472824	65.51263427734375	182.75883286173752	66.81407928466797
10-57	de	116.2512161064148	71.96842193603516	116.2512161064148	71.96842193603516
3-39	de	274.5530595290355	79.40023040771484	274.5530595290355	79.40023040771484
24-140	de	73.55631071329117	47.54812812805176	73.55631071329117	47.54812812805176
9-106	de	150.30106341670935	73.26585388183594	nan	77.64473724365234
12-114	de	455.96635194828633	67.60406494140625	594.8783529578866	70.26307678222656
12-16	de	113.74997820802356	56.080108642578125	113.74997820802356	56.080108642578125
7-16	de	105.29394302368163	53.350990295410156	105.29394302368163	53.350990295410156
24-74	de	308.5889832795556	97.40113830566406	311.659884472688	101.25459671020508
24-97	de	186.9544845853533	65.20850372314453	422.06673331918387	71.3384017944336
23-81	de	447.7352580503984	86.58902740478516	nan	59.66913032531738
12-131	de	727.3729689361852	69.01885986328125	nan	71.83663177490234
23-79	de	269.6752718091011	72.45726013183594	nan	73.13746643066406
11-34	de	95.28309925742771	62.836151123046875	556.996057211184	64.54158782958984
11-39	de	181.89349562121976	74.49306106567383	nan	74.49306106567383
12-89	de	171.7198627471924	67.16943359375	nan	nan
22-15	de	234.76061353832483	48.96610641479492	394.96976711838334	53.104549407958984
16-255	de	95.02542533101263	36.298583984375	411.3425472855568	47.0450439453125
17-76	de	138.8934141088415	67.7122573852539	244.12776700461782	68.74360656738281
20-13	de	130.40508507900552	64.7581558227539	nan	65.56389236450195
8-53	de	116.62897474337846	62.92073631286621	122.8464251409603	63.84759521484375
7-50	de	161.40545295147186	47.4254093170166	nan	15.300493240356445
19-111	de	516.826218765561	77.81249237060547	512.5275144203036	78.08543395996094
23-89	de	64.08217842784929	43.13443374633789	78.14257708617619	43.668392181396484
11-12	de	87.37664192063468	51.95349311828613	85.93109310719005	51.7799072265625
19-123	de	93.51695222854615	52.58957481384277	95.09559678249671	53.30498504638672
16-110	de	136.7672797015735	45.38621711730957	553.4683945542675	45.91622543334961
9-89	de	116.88214248769424	48.69040107727051	nan	12.620758056640625
21-251	de	180.20649617459594	72.75599670410156	nan	73.21846389770508
23-6	de	136.65844105892495	74.88544845581055	nan	78.37922668457031
21-325	de	92.32870055238406	52.65635871887207	88.13337811301736	49.73442077636719
24-60	de	228.1884292540003	76.44916534423828	nan	80.58255767822266
19-131	de	83.86308809202545	45.61051559448242	83.86308809202545	45.61051559448242
24-132	de	75.00285039345424	42.04330635070801	75.00285039345424	42.04330635070801
14-21	de	240.58742941017692	72.45829010009766	nan	41.326148986816406
8-26	de	74.84311242537065	49.955543518066406	74.84311242537065	49.955543518066406
21-140	de	237.6128019288529	71.35091400146484	237.6128019288529	71.35091400146484
21-214	de	68.21856526975279	39.000770568847656	65.960057922772	36.12580108642578
24-23	de	550.4387552107888	80.6819839477539	nan	nan
24-61	de	247.94142743636823	63.33187294006348	nan	65.14208984375
16-237	de	271.70373008901424	65.15190315246582	nan	3474.861328125
11-14	de	190.6907363247562	50.13398742675781	nan	8.455629348754883
16-130	de	193.1361486178178	71.72708129882812	nan	72.0393295288086
21-150	de	284.49530359174383	69.57673645019531	676.0270010781667	75.48634338378906
17-62	de	229.5434080939139	66.89579391479492	nan	29256.455078125
21-309	de	156.35401163528215	51.98318862915039	156.84607425857993	52.10447120666504
16-131	de	345.26724390856987	54.81761932373047	409.2147082701973	55.40484619140625
21-22	de	166.76135852273586	52.02089309692383	nan	52.06324005126953
20-15	de	99.98098692439851	44.90122032165527	nan	nan
15-6	de	3693.313931164441	367.1884765625	nan	nan
12-139	de	277.58020136616017	62.78472900390625	1424.36805086938	64.01348876953125
24-75	de	205.6739060908188	48.54045867919922	202.1260863388286	48.54045867919922
18-84	de	288.1577692954771	67.11984252929688	288.1577692954771	67.11984252929688
16-243	de	855.2772036593893	51.70574188232422	nan	53.50306701660156
12-130	de	141.95025136058493	50.72498321533203	140.9761910829971	50.11204719543457
16-105	de	171.1475749070617	60.12791061401367	270.74525205655533	60.252790451049805
16-92	de	169.07655074175668	55.63445281982422	271.0145346175793	56.44011306762695
18-80	de	163.99728378496673	63.715389251708984	186.40672098730028	64.14271545410156
23-49	de	195.92283914578672	62.20530319213867	nan	107.85034942626953
19-88	de	122.07833804336249	42.28839111328125	123.38095211982727	46.61352348327637
12-75	de	101.47053927466983	61.87114334106445	281.4552859405973	66.90519714355469
9-62	de	409.99617971844145	55.73423767089844	406.8496126641322	55.73423767089844
22-2	de	78.13107663315613	34.371761322021484	142.13190085291862	36.74641799926758
10-31	de	122.50864319120134	75.0887565612793	122.53113789930411	75.7135238647461
22-69	de	135.26756983834343	52.30989456176758	nan	56.95866394042969
13-101	de	411.66290413366784	60.994930267333984	nan	61.74283981323242
21-180	de	175.07187954584757	70.30588912963867	175.07187954584757	70.30588912963867
16-56	de	95.90663279427423	40.62875747680664	nan	44.262149810791016
7-76	de	514.098983335495	79.30690383911133	nan	nan
21-209	de	127.24270655445217	46.82695007324219	125.22069758994907	45.10993766784668
10-38	de	82.08070738903888	39.76634216308594	81.31038319310055	39.76634216308594
21-105	de	171.2161457145607	44.99014663696289	nan	nan
10-96	de	90.57127457398634	38.70051383972168	90.57127457398634	38.70051383972168
18-43	de	139.02729669570923	55.362449645996094	498.9026554519055	56.066179275512695
15-5	de	233.90528343463765	50.322715759277344	233.90528343463765	50.322715759277344
18-108	de	120.60262513539148	49.08358383178711	118.77886318042874	48.77585411071777
16-227	de	287.69715014237624	33.43438720703125	295.3163034565309	35.52742385864258
12-125	de	274.88785027700754	44.22148513793945	295.9409472172077	44.22148513793945
21-58	de	108.91617335213556	53.58963394165039	nan	52.8571891784668
5-42	de	147.10058527172737	56.73412322998047	147.10058527172737	56.73412322998047
21-40	de	78.6468345927096	42.790321350097656	78.6468345927096	42.790321350097656
10-88	de	60.27854320738051	40.02867126464844	81.75840891400973	39.61202430725098
16-136	de	108.6200720173972	59.425615310668945	1929.1874565816906	59.90656852722168
6-28	de	173.3181798861577	55.10603713989258	173.3181798861577	55.10603713989258
24-56	de	151.70331400090998	82.32375717163086	nan	102.34566497802734
16-1	de	82.18921427343084	36.10661697387695	nan	36.70125770568848
21-348	de	151.5560677945614	86.07681655883789	150.1736305197891	86.07681655883789
1-65	de	105.5832251789063	53.76403045654297	107.17108002374339	53.921478271484375
21-93	de	123.16596815234325	51.00529670715332	128.32470566034317	50.056060791015625
24-81	de	326.6991482067108	87.39873123168945	nan	89.58866882324219
24-125	de	51.86988341808319	35.304914474487305	52.066983663118805	35.304914474487305
23-63	de	221.947975372446	40.95769119262695	221.947975372446	40.95769119262695
12-96	de	333.7877917027735	74.33616638183594	nan	75.40933227539062
22-27	de	252.7171066420419	72.44770812988281	nan	nan
18-60	de	181.28628424025072	50.03266525268555	nan	nan
16-117	de	236.7466509484533	62.78520584106445	nan	47.5700740814209
11-19	de	145.94994501634076	49.170166015625	541.2528772899083	50.83750915527344
2-20	de	157.93795850541858	78.81915283203125	nan	78.81915283203125
2-3	de	199.0267841535456	64.8968448638916	491.5323424711295	67.24249267578125
19-112	de	80.16866592977239	59.1561279296875	nan	14.855804443359375
13-67	de	84.15218473434449	43.61797904968262	115.15794810881981	46.68411636352539
13-65	de	133.76938679852063	54.91669464111328	133.76938679852063	54.91669464111328
15-17	de	94.48686698566783	47.58161163330078	95.17333175454822	48.0588264465332
22-41	de	94.87675340624823	45.044403076171875	221.17484498705184	46.190711975097656
21-88	de	319.954270526341	71.32929611206055	nan	77.64830017089844
16-209	de	62.05711759970738	39.7100944519043	nan	40.797969818115234
24-32	de	183.31701109668995	70.4910659790039	nan	75.05012512207031
21-299	de	234.14324518839518	67.2815933227539	485.9208904022866	69.66596984863281
21-211	de	275.00636302100287	80.34161376953125	1232.2055833297864	80.87966918945312
5-119	de	121.34657250028668	77.86653137207031	121.34657250028668	77.86653137207031
8-73	de	75.97816588083903	44.776994705200195	75.97816588083903	44.776994705200195
22-39	de	203.46291045520616	46.317996978759766	233.5064367693046	46.3841552734375
12-137	de	86.21437808990478	52.65707969665527	86.21437808990478	52.65707969665527
23-61	de	621.4680353450775	71.22993850708008	621.4680353450775	71.22993850708008
19-74	de	3005.0198521614075	80.2449836730957	nan	nan
1-8	de	308.27926553914574	71.26443862915039	nan	70.64090728759766
14-8	de	109.05965230016425	55.828369140625	105.10188613164992	53.4952507019043
24-62	de	261.8516112392389	65.15989685058594	nan	65.93511962890625
16-220	de	205.31067928333871	37.69939041137695	519.5842216059013	49.55982208251953
24-100	de	106.59711071540569	61.883506774902344	106.59711071540569	61.883506774902344
1-77	de	225.52295907488408	54.309898376464844	230.70875924342388	54.78605270385742
19-99	de	100.4265786592777	63.309003829956055	339.85256717381657	64.21418952941895
23-36	de	1198.4929263591766	61.63223075866699	nan	nan
5-115	de	81.88791766919587	66.11194229125977	81.88791766919587	66.11194229125977
13-56	de	372.7392662818858	78.28346252441406	nan	79.3360366821289
14-15	de	31.043927669525146	29.298901557922363	31.043927669525146	29.298901557922363
20-12	de	1682.0444169282914	69.46782684326172	nan	nan
3-28	de	44.179828855726456	25.668731689453125	44.179828855726456	25.668731689453125
7-9	de	609.9492730813868	74.1310806274414	nan	77.57212829589844
24-96	de	84.66801529838925	43.737701416015625	1109.2294478416443	47.92428398132324
16-242	de	434.86041975377213	61.35762405395508	1816.0317606153621	67.39258193969727
2-8	de	120.01778259277344	70.42061614990234	120.01778259277344	70.42061614990234
14-61	de	114.88723505093502	57.43826103210449	137.67152526841235	59.2412166595459
16-228	de	314.78300224145255	50.61420249938965	331.1651989391872	54.513450622558594
2-18	de	146.41768800438226	61.193115234375	nan	61.19638442993164
24-113	de	1812.569800491333	111.2126693725586	1748.8535971994754	111.2126693725586
18-38	de	745.8105607722935	63.35380172729492	nan	nan
21-25	de	121.65328456260063	60.8144474029541	nan	63.527801513671875
24-116	de	162.24638012051582	41.38266372680664	162.0226330757141	43.717529296875
4-46	de	184.46322301626205	55.52792739868164	184.46322301626205	55.52792739868164
24-30	de	299.31058136622113	40.38335609436035	nan	16.599193572998047
22-54	de	67.23553696994124	52.241981506347656	67.23553696994124	52.241981506347656
14-45	de	99.7607023886272	69.7885971069336	99.7607023886272	69.7885971069336
16-94	de	154.63476156305384	55.79613494873047	155.29118994616587	57.078819274902344
17-47	de	162.57105876622575	62.988067626953125	164.36305050227952	69.1280746459961
15-14	de	166.37403363357356	44.38200378417969	205.1253215341007	52.81925582885742
9-101	de	245.83066355595824	71.87226104736328	240.22422092679946	71.87226104736328
22-77	de	200.3471757709116	70.3265609741211	200.3471757709116	70.3265609741211
16-253	de	86.8307594465978	41.28818130493164	86.8307594465978	41.28818130493164
13-105	de	112.753790974617	70.78548049926758	308.2233902800317	73.52125549316406
24-59	de	149.93279537473407	64.50872611999512	nan	66.09666442871094
5-123	de	117.4174943302953	55.88291549682617	117.4174943302953	55.88291549682617
20-9	de	181.48041797819593	77.18618774414062	1632.3846542762988	78.11135482788086
6-43	de	125.10850936571757	57.85666465759277	125.10850936571757	57.85666465759277
18-90	de	157.72294583813897	65.00823211669922	198.92034072645248	65.00823211669922
21-71	de	104.29040578084114	46.98981475830078	336.3703117255705	47.70125198364258
19-8	de	488.7244158669522	80.8067512512207	1015.4211377810283	81.38872528076172
21-190	de	186.94701142744586	71.65210342407227	nan	70.14075469970703
5-17	de	194.91596865235712	43.525949478149414	nan	44.83907699584961
5-61	de	81.90964947955709	39.858890533447266	261.25338273366293	40.4018669128418
21-324	de	88.21880829043505	61.08903503417969	88.21880829043505	61.08903503417969
21-5	de	1203.8167910277843	61.75119400024414	1405.9340331145188	62.228858947753906
23-50	de	99.44846989558293	57.50325012207031	99.44846989558293	57.50325012207031
12-28	de	128.39457446650454	53.31779861450195	128.39457446650454	53.31779861450195
16-111	de	257.2044896265356	69.11494827270508	266.60784938536494	71.49872589111328
6-31	de	93.53587514824338	48.32324028015137	nan	48.32324028015137
19-87	de	144.73761744319268	46.85098457336426	nan	50.02327919006348
8-46	de	67.7108411663457	50.67537307739258	67.7108411663457	50.67537307739258
16-53	de	93.07210865887728	56.10792541503906	106.68192396993223	56.10792541503906
15-9	de	293.18892881462165	75.94449615478516	nan	78.93778610229492
22-38	de	108.10002724690871	40.120290756225586	nan	15.903717994689941
18-87	de	1326.8860505962373	67.25555801391602	nan	65.6977310180664
13-87	de	2091.012388671875	60.4262580871582	nan	60.74517059326172
24-141	de	253.8847592753223	47.98192596435547	nan	50.1484375
21-115	de	183.4228085290818	54.489070892333984	nan	nan
21-124	de	344.9843971348471	54.32373809814453	502.58465761878864	54.513450622558594
7-80	de	293.02590284347536	54.267751693725586	302.05991250535715	56.81300354003906
13-62	de	73.68874272894352	45.01185417175293	74.91111670042339	45.669578552246094
17-32	de	85.05686724353843	52.50318908691406	116.65641938673484	53.64133834838867
24-99	de	187.06075424897043	66.55742645263672	187.89983678475406	68.52437591552734
12-32	de	83.58549076080322	59.079986572265625	83.58549076080322	59.079986572265625
24-136	de	150.8631192266941	50.066593170166016	164.54312033251108	51.15903854370117
24-122	de	78.43085809854361	56.690773010253906	78.43085809854361	56.690773010253906
10-17	de	219.05919432814105	73.5229721069336	511.61371257498456	74.53955459594727
17-167	de	246.55010748381662	61.32461929321289	nan	62.55134582519531
18-106	de	143.32741082300905	73.99662017822266	nan	73.99662017822266
19-127	de	72.4630565768794	57.539207458496094	187.57059044032903	57.61568832397461
24-82	de	100.99651314513852	45.61540603637695	nan	47.0247917175293
6-23	de	128.1192986352103	60.58672332763672	nan	62.177846908569336
16-246	de	87.84711887910194	39.321372985839844	110.17912395954131	39.32818603515625
21-84	de	200.76268431677747	85.47275924682617	199.5780447738758	85.47275924682617
18-45	de	539.030171814419	71.84606170654297	nan	74.67975616455078
19-142	de	181.74705333709716	76.90067672729492	695.9227612110285	76.90067672729492
15-36	de	169.04835624887485	62.1099853515625	166.5339827254267	62.1099853515625
4-41	de	68.6357280831588	43.352821350097656	94.87976371830908	44.92130088806152
17-52	de	400.65849159074867	52.45703125	442.8204093297323	76.82585906982422
9-103	de	170.17724460779235	59.560447692871094	nan	66.82931518554688
16-109	de	336.51011101730535	60.39188194274902	582.5168613914459	60.84462928771973
3-40	de	184.35420834834758	79.47259902954102	nan	nan
7-18	de	393.82660325368244	37.9072380065918	4905.377416752003	40.454166412353516
23-64	de	200.97285659567822	49.770301818847656	207.0014000602488	50.1212100982666
6-35	de	359.47843174241547	46.93809127807617	nan	50.77543258666992
12-116	de	88.22725271316897	51.507720947265625	nan	51.934926986694336
7-4	de	49.528165482855464	32.81694793701172	49.528165482855464	32.81694793701172
18-97	de	175.45508188537406	73.00293731689453	198.7824886875388	77.51577758789062
21-198	de	64.66363143920898	39.38254737854004	64.66363143920898	39.38254737854004
21-245	de	219.59608156276198	52.57539749145508	3203.379939529631	54.8772087097168
21-226	de	150.89175624178168	59.82117462158203	148.37604250579045	59.77629280090332
15-22	de	110.64307154230325	59.236942291259766	nan	59.65498733520508
17-164	de	118.04874120009573	53.50965118408203	118.79629879196484	53.90690994262695
16-93	de	72.49218591947233	45.50849533081055	nan	47.54987144470215
8-20	de	121.506869694958	56.397830963134766	nan	nan
24-110	de	104.28662702772353	55.529123306274414	315.1544676542282	55.529123306274414
17-50	de	923.7900013461042	56.05609130859375	nan	127.96625518798828
3-31	de	197.3032248421053	55.814979553222656	205.94542026519775	56.77685546875
22-37	de	348.5114704697997	61.65744400024414	nan	63.939138412475586
15-39	de	103.66347423854627	55.42421340942383	272.2177420091629	56.65370178222656
8-15	de	208.11616365909578	70.21517562866211	207.18792576260037	71.52467346191406
9-8	de	487.4752262327406	57.26239776611328	632.8312777864172	58.5554084777832
16-44	de	59.7643263890193	44.840492248535156	125.70199900376993	44.91370964050293
17-165	de	99.53194533308891	49.662818908691406	98.38068694817393	49.34242820739746
6-29	de	97.03227323140854	56.30752754211426	96.33268029012798	55.72434997558594
11-8	de	109.81269523620605	77.03080749511719	109.81269523620605	77.03080749511719
21-42	de	169.25168679310724	49.09796714782715	353.34043485362355	51.46594429016113
17-51	de	184.66403609827944	59.233760833740234	181.39865337274014	57.725162506103516
13-123	de	97.99677729606628	63.8165340423584	nan	63.85916519165039
5-23	de	572.1532122872093	74.1578369140625	574.931310452913	83.81562805175781
13-32	de	167.99764603218145	51.7321662902832	3276.006381733943	55.23492622375488
19-145	de	141.49911139993105	85.08373260498047	141.49911139993105	85.08373260498047
5-57	de	335.2493053674698	64.53071022033691	335.2493053674698	64.53071022033691
13-115	de	188.72631534429698	73.01448059082031	205.51172869546073	74.73572540283203
17-141	de	254.46369592533554	64.7375259399414	nan	67.90524291992188
21-144	de	94.41158268250615	48.84403610229492	349.24979303023395	50.78175735473633
16-183	de	118.96774325499663	45.404083251953125	nan	45.29762649536133
20-19	de	73.26429489680699	51.994319915771484	73.26429489680699	51.994319915771484
21-47	de	180.90206318190604	65.05754089355469	513.106119354566	67.68576431274414
16-235	de	221.1066456715266	48.51634979248047	227.85521347266584	48.703285217285156
21-238	de	117.25571378441744	58.25994110107422	116.15796180746771	58.25994110107422
17-119	de	110.55650314814608	55.84562301635742	109.07459615005388	54.1988639831543
12-150	de	172.20489660541662	55.272247314453125	nan	57.132341384887695
21-337	de	119.80472043037415	50.573944091796875	224.93094867009384	51.77685356140137
10-35	de	1082.3270333228854	64.70336151123047	nan	68.41081619262695
17-172	de	129.41434924328914	52.44308853149414	nan	53.05063247680664
13-35	de	121.10961528867483	58.46289253234863	257.19706268164947	64.67581176757812
1-37	de	70.76922338349479	46.805606842041016	70.76922338349479	46.805606842041016
20-20	de	70.74228496177524	49.10392761230469	66.55660077875311	45.42948532104492
12-19	de	145.00415765267832	54.90616989135742	nan	55.40318298339844
19-33	de	607.4638057896789	95.0336685180664	nan	489.2495422363281
19-140	de	139.24882692098618	68.21561050415039	143.68205213546753	68.50944519042969
21-145	de	84.65369175891487	48.128475189208984	84.65369175891487	48.128475189208984
16-240	de	186.82807139088126	42.94298553466797	534.6126100983419	43.849788665771484
21-282	de	122.64835088483748	50.310935974121094	nan	nan
15-34	de	146.31551798530248	57.07552719116211	nan	11.108007431030273
21-285	de	327.3438753793704	68.66967010498047	nan	20.26470375061035
9-71	de	62.39195833450709	50.824867248535156	1909.801144437092	52.118370056152344
10-1	de	259.8933864694781	48.81350326538086	288.6204181318524	48.81350326538086
22-34	de	114.71859915045243	65.0191421508789	nan	65.0191421508789
16-98	de	206.44385673619118	50.188232421875	2586.0869873800584	56.51070785522461
5-51	de	124.23147440856357	39.886417388916016	152.0885856108232	41.57417678833008
13-69	de	251.18969609219096	42.879150390625	nan	42.879150390625
17-66	de	279.1166655632757	76.25824737548828	nan	10.420751094818115
15-40	de	1026.5633689513572	58.6579475402832	986.4099790186121	61.2928409576416
16-82	de	383.99090720795016	53.185760498046875	377.26362126873386	53.185760498046875
1-115	de	80.292427927653	38.30217361450195	83.27218703219765	38.4970703125
23-78	de	134.01931602396863	83.38688659667969	134.01931602396863	83.38688659667969
16-184	de	148.61532405706552	62.66594123840332	213.80298394354705	60.287967681884766
12-73	de	58.860518074035646	42.54610061645508	61.70733876850294	43.99440956115723
15-41	de	262.2765588922934	54.48032760620117	nan	nan
1-79	de	148.28308389186859	42.036224365234375	nan	nan
19-169	de	250.12335794766744	76.77619171142578	nan	76.77619171142578
21-332	de	202.04801864072311	62.663265228271484	nan	nan
11-10	de	253.956167794043	59.61922836303711	253.956167794043	59.61922836303711
18-54	de	91.31035185711724	46.36054992675781	97.45631726864166	46.63618469238281
24-66	de	114.5855498069372	53.341508865356445	nan	56.9832878112793
21-148	de	72.87125774051832	53.61140060424805	70.49159622192383	53.161415100097656
10-63	de	73.586190700531	26.502330780029297	73.586190700531	26.502330780029297
7-63	de	359.83123795415315	88.16577911376953	nan	155.3791046142578
9-94	de	101.21110901721688	58.48880386352539	683.3829402615947	66.90519714355469
24-98	de	65.52104721069335	41.04377746582031	65.52104721069335	41.04377746582031
16-182	de	190.76071669151042	55.07585144042969	340.24732362596615	55.63600158691406
24-29	de	91.71213522497213	42.228694915771484	nan	48.93900108337402
21-229	de	88.93121374130249	27.982711791992188	85.70233473410973	27.937368392944336
7-44	de	906.1934043583663	52.14781188964844	930.789014324389	52.4223747253418
9-48	de	74.73184072560278	42.19599533081055	121.0533575269911	43.015493392944336
5-46	de	886.0794372278101	53.1479434967041	nan	nan
23-9	de	4361.247952677222	39.29228210449219	4310.719015800676	38.888681411743164
11-33	de	146.6464935813363	52.9007682800293	nan	32.54994773864746
8-42	de	87.30974614620209	72.47677993774414	nan	81.39474105834961
23-71	de	281.8816327309424	64.71548461914062	345.8185221184301	64.71548461914062
5-34	de	121.72507935870777	54.00264358520508	119.69404264007296	53.01164245605469
12-35	de	195.8527210135209	91.67668914794922	195.8527210135209	91.67668914794922
9-107	de	102.16722389709118	46.05183029174805	102.16722389709118	46.05183029174805
21-91	de	143.6265309689537	54.624277114868164	170.60478072573048	54.21714782714844
10-4	de	2512.3835362839973	133.24244689941406	nan	141.69166564941406
21-7	de	537.4332992203382	131.75872802734375	1223.9110101999022	135.30020141601562
22-72	de	84.07048845924108	47.004364013671875	83.41561863087772	45.93073654174805
16-258	de	283.49125438470105	54.15861129760742	283.49125438470105	54.15861129760742
7-19	de	102.53119572726163	29.197471618652344	101.58929858000383	29.212726593017578
16-241	de	332.7725016584202	94.2416763305664	nan	1.5355733633041382
10-21	de	1141.5796825885773	37.9389705657959	1208.762814499611	38.800392150878906
4-6	de	1757.6947680986846	63.371971130371094	1622.7138791416967	69.66204833984375
5-72	de	119.23541892743579	62.46722602844238	nan	464.3226623535156
21-255	de	99.58599410273813	60.87795448303223	98.87467354222348	60.607364654541016
8-21	de	384.78041121538945	43.8666934967041	nan	46.029850006103516
23-95	de	243.32904393379002	64.19566535949707	239.59237136903977	63.8286018371582
17-13	de	118.8285681406657	63.91958045959473	124.75600276674542	65.20083618164062
21-131	de	132.86235934789065	56.38033866882324	261.8620325005244	58.78978157043457
23-48	de	131.89640520764635	62.478553771972656	144.2584092345419	64.32106018066406
10-70	de	172.53512825965882	56.573476791381836	526.8806699571155	60.91889762878418
24-36	de	234.67081799330535	91.1865348815918	nan	100.53963851928711
10-23	de	332.7946463470459	70.87174987792969	331.0290534943342	70.06598663330078
24-118	de	84.69984182444486	48.911781311035156	84.69984182444486	48.911781311035156
21-356	de	324.99232057675925	52.8980598449707	461.6079405671672	53.29124069213867
15-12	de	330.17495197719995	51.35552215576172	376.19475525037376	50.83687973022461
24-70	de	329.2611019984785	98.12495422363281	nan	100.99888610839844
23-57	de	122.0403326490651	49.14024543762207	nan	49.57014846801758
7-48	de	335.13691802322865	34.0444221496582	331.23242645552665	35.0104866027832
19-65	de	149.1888345959543	51.33653259277344	149.1888345959543	51.33653259277344
5-67	de	240.37964136941093	63.34855079650879	270.86997886442805	64.67218017578125
24-35	de	210.04034722235895	58.333412170410156	nan	86.91001892089844
13-102	de	4633.64171343901	66.38257598876953	nan	nan
11-40	de	376.9787757108166	79.54055786132812	nan	87.07860565185547
21-153	de	292.36733766369053	67.24476623535156	nan	15.704943656921387
12-155	de	88.75589128524538	65.82648468017578	285.42077630849985	66.46819305419922
19-75	de	150.96388345606186	52.83372688293457	150.96388345606186	52.83372688293457
21-354	de	71.55020371079445	51.02552795410156	92.28948975198062	51.08877182006836
21-51	de	81.845299764113	46.60086441040039	81.845299764113	46.60086441040039
17-128	de	151.66373676267165	45.72108459472656	nan	46.26605033874512
19-119	de	77.97413909569215	38.2237548828125	nan	40.03689956665039
22-66	de	153.6507787490159	55.77507400512695	875.4309663772583	56.160112380981445
16-100	de	404.2090576359483	74.52899932861328	403.81048162521853	75.56525802612305
12-34	de	78.22667774032143	59.098758697509766	77.1408262114594	58.45408630371094
13-99	de	489.255934715271	82.9338607788086	478.9651777287747	82.7720947265625
7-79	de	178.74781181812287	59.39617729187012	nan	nan
17-68	de	383.65780705032927	74.06187438964844	nan	73.13746643066406
19-92	de	201.28521686984647	56.46068572998047	nan	58.8019962310791
19-31	de	172.968372522895	56.80737113952637	nan	57.16584777832031
17-15	de	239.9349534569717	62.088279724121094	nan	64.42031288146973
16-141	de	95.02518591823348	43.75522232055664	93.95322369961511	43.05101013183594
24-112	de	114.73174362182617	52.32552909851074	114.73174362182617	52.32552909851074
18-30	de	1528.940079299497	59.75803756713867	nan	6.750030040740967
21-117	de	168.06018284245542	80.71662139892578	210.75077194156069	81.84245300292969
4-39	de	137.12477111816406	59.88656997680664	137.20751058644262	66.37640380859375
23-13	de	156.82589683165918	69.44836807250977	153.1004526571794	69.74205017089844
22-29	de	93.99659016257839	53.43085861206055	93.99659016257839	53.43085861206055
3-44	de	100.82708925275661	64.75855255126953	nan	nan
15-38	de	156.1664950951286	52.44231605529785	156.1664950951286	52.44231605529785
2-16	de	449.124976116678	68.94287872314453	nan	71.6902084350586
15-32	de	96.04593417861246	53.179182052612305	195.99596618084198	55.64928436279297
22-45	de	141.7900891167777	51.066837310791016	nan	11.92530345916748
16-153	de	2292.408309463906	94.6025161743164	nan	nan
18-36	de	206.19085181898373	63.89970779418945	nan	69.6347885131836
15-37	de	191.12620583584433	63.58915710449219	205.70603488882384	64.65939331054688
17-110	de	146.98925632900662	58.94609832763672	286.9350242429567	60.15791320800781
5-15	de	93.95144770575351	45.9357795715332	93.95144770575351	45.9357795715332
10-45	de	415.9139973893125	55.453399658203125	599.6391070342261	57.61901092529297
8-79	de	78.24244273049491	50.93124198913574	79.81387691766443	53.55213928222656
13-113	de	171.09625148773193	53.517189025878906	171.09625148773193	53.517189025878906
24-84	de	80.37361677126451	37.4974479675293	nan	39.77864646911621
13-104	de	180.3933813143999	67.01560974121094	nan	85.01750183105469
12-93	de	339.2971147632599	72.40652465820312	337.8170865974804	75.58488464355469
6-84	de	515.9061298370361	87.31924819946289	515.9061298370361	87.31924819946289
21-165	de	116.01705605356317	50.79317855834961	nan	52.06463432312012
7-41	de	976.449675321579	51.04600143432617	1481.440688952659	52.26252365112305
16-260	de	289.2212715148926	57.0147590637207	nan	57.14249610900879
7-11	de	102.87400572709363	44.00539779663086	102.87400572709363	44.00539779663086
22-58	de	122.2639622519998	62.825340270996094	122.28899910233237	63.18484687805176
20-10	de	113.59897554242933	58.23870277404785	114.61517946879069	58.42625045776367
21-6	de	304.32295526398553	83.53311157226562	61831.70095006307	84.92298889160156
8-63	de	153.77716562097723	50.646690368652344	153.77716562097723	50.646690368652344
8-43	de	192.35532941601494	58.22189140319824	190.3224175592487	57.53261184692383
23-84	de	108.88654799991184	49.31490516662598	230.24153571076445	50.40543746948242
5-103	de	153.68235850334167	80.91769027709961	153.68235850334167	80.91769027709961
24-127	de	196.2240808613329	49.21015548706055	450.1475466878227	54.513450622558594
4-30	de	170.65649956789883	88.45301055908203	7252.820081694652	91.98802947998047
13-81	de	79.42686214447022	39.479774475097656	81.57292456193404	38.77590370178223
24-39	de	120.66802492141724	54.876617431640625	nan	36.77838134765625
24-64	de	234.72862117125257	78.24494171142578	nan	78.24494171142578
14-49	de	853.7699881330614	54.68770408630371	2691.8761320040207	54.06097412109375
24-95	de	126.51392856720955	39.07197189331055	nan	39.825660705566406
24-9	de	4747.659874165058	51.46213340759277	4718.740537490374	51.61500549316406
17-107	de	554.534043699503	48.75005340576172	nan	49.332597732543945
1-9	de	2234.7067403175847	87.55316925048828	10617.207694461471	106.70913696289062
23-59	de	134.85196187973023	53.81157684326172	134.85196187973023	53.81157684326172
19-42	de	210.98626720640394	51.24197769165039	379.07216798265773	51.24197769165039
5-130	de	222.80006718829395	51.502784729003906	221.6013507080078	52.36308670043945
5-50	de	92.0202376112646	59.261247634887695	272.6526072473809	60.56492233276367
24-17	de	117.7923234442006	43.666879653930664	124.58254992577338	43.8734130859375
7-85	de	223.3721005032946	66.88838958740234	nan	73.97228240966797
16-250	de	225.09315922681023	99.08656692504883	548.8032765524728	100.95722961425781
5-127	de	226.908564278249	42.60427474975586	226.49640545315214	43.053287506103516
24-105	de	219.86300998494244	62.43733596801758	252.14770850729434	67.41171264648438
21-250	de	142.6698250692399	57.560577392578125	286.3706047304215	58.09079170227051
24-47	de	178.07909375971013	95.67705535888672	179.4217355147652	99.0591812133789
21-160	de	175.6589669837608	74.3946762084961	192.95008477994375	75.97966766357422
7-59	de	140.30565904889787	60.947452545166016	136.669816520479	60.88078689575195
17-170	de	118.95363287698655	58.98152732849121	nan	67.16434288024902
21-99	de	194.7593612447381	70.17777252197266	334.106163589771	71.01861953735352
7-67	de	125.78715711073441	44.88435745239258	nan	45.885921478271484
12-49	de	133.0332316733026	63.355682373046875	133.03189401137524	63.95466995239258
21-142	de	128.123384149451	60.732933044433594	122.83260297775269	55.83942222595215
24-44	de	154.79980796316394	82.32154083251953	154.79980796316394	82.32154083251953
24-33	de	5914.415293844123	85.21474838256836	nan	103.07344055175781
12-87	de	118.07253617977878	46.295955657958984	nan	49.62382888793945
7-75	de	69.77820467031918	45.3465461730957	89.40812906512508	47.464717864990234
7-40	de	6592.873426840975	54.25994873046875	nan	117.12850570678711
7-62	de	112.61364241115382	55.45942687988281	228.2035512155102	55.49541664123535
17-162	de	206.34336859839303	69.55534362792969	nan	71.37372589111328
20-38	de	212.30514013290406	51.24994087219238	204.99754861684946	49.876644134521484
12-108	de	87.59587207593415	55.4327507019043	87.59587207593415	55.4327507019043
5-2	de	555.1075724620445	75.59076690673828	nan	144.78801727294922
9-19	de	112.5614382817195	70.32605743408203	112.5614382817195	70.32605743408203
16-257	de	279.6272241484035	71.15962219238281	nan	80.47216796875
21-281	de	58.09305508931478	41.91364669799805	58.09305508931478	41.91364669799805
22-24	de	151.112642807747	59.81758117675781	151.20381936673766	60.07303237915039
24-54	de	276.00199826170757	75.56369400024414	nan	82.88639831542969
21-167	de	131.44785420790961	48.57125282287598	128.87399578094482	44.43741989135742
16-36	de	319.37804183820737	66.03992462158203	nan	10.984855651855469
17-57	de	171.12872057828037	92.62245178222656	171.12872057828037	92.62245178222656
17-163	de	125.50353930978214	75.8226203918457	134.35316144095526	84.27403259277344
16-147	de	253.8746849821325	58.956247329711914	420.00000201034544	67.97101593017578
5-45	de	200.06789964618105	54.06501007080078	200.06789964618105	54.06501007080078
17-108	de	418.4047085531827	65.54131317138672	531.1099483520754	71.64437866210938
13-100	de	176.45908136641393	78.40824127197266	nan	83.0894775390625
21-193	de	96.28731633651824	77.42462158203125	95.21311684496263	76.07581329345703
19-83	de	119.87819098119866	49.866275787353516	120.05455183338475	50.51189994812012
7-49	de	104.37996943142949	53.523162841796875	nan	53.816917419433594
18-28	de	468.626241715285	54.26387023925781	nan	7.458763599395752
18-27	de	365.2489231458077	43.7678108215332	1140.4957339968	43.99809265136719
15-8	de	154.24910695310953	51.66924285888672	nan	51.87416458129883
10-40	de	265.54099013408023	83.17437744140625	nan	85.55525970458984
13-24	de	187.8082750503053	63.541852951049805	238.36714891060112	65.28267669677734
21-280	de	172.49977075082285	46.493614196777344	nan	25.22600746154785
3-34	de	72.75672363465831	54.71651649475098	nan	nan
24-55	de	11257.82063728504	116.70928192138672	nan	118.59648132324219
16-49	de	781.994655412985	81.16703033447266	nan	nan
24-73	de	237.45803924228835	66.61370086669922	918.8331276830038	67.99445343017578
18-42	de	903.2325626511611	57.1218376159668	nan	20.50863265991211
7-65	de	1090.6983661546813	47.83930206298828	1060.576459067933	49.33498573303223
8-9	de	227.16696151298814	70.1717758178711	34673.019985846535	71.89512634277344
8-36	de	122.22389143931714	60.274227142333984	122.22389143931714	60.274227142333984
8-22	de	115.40353500659648	69.82990264892578	437.10002440836894	69.82990264892578
7-26	de	118.02412130300281	55.0715446472168	118.71441119450789	55.57816505432129
16-244	de	279.8348347030523	49.248374938964844	nan	31.988811492919922
13-70	de	104.93405662120229	49.74053382873535	182.18759769159598	49.84586715698242
21-297	de	86.3116196791331	55.76398277282715	85.05102473399678	54.41887283325195
21-118	de	523.6816087215067	79.97868347167969	519.9765997988837	79.54265594482422
18-41	de	77.67035671571891	41.7417049407959	nan	nan
10-43	de	167.02613103211814	62.3521842956543	167.36125072310952	62.49252128601074
8-41	de	306.39903803946265	45.6852912902832	nan	47.335506439208984
21-14	de	247.8074185423655	49.924150466918945	nan	55.246564865112305
18-62	de	150.46771308292043	66.9158935546875	276.4373019358568	69.36841583251953
17-160	de	149.27568006515503	55.3416862487793	149.96277481014445	56.10859298706055
22-14	de	63.73984272956848	45.68088150024414	377.26313472261614	46.2789306640625
21-159	de	250.97344666719437	59.91664123535156	250.34293969144525	60.2489128112793
21-205	de	1222.3801567295322	61.34695053100586	nan	nan
9-87	de	410.27456416866994	54.59649658203125	791.0768398927605	55.78953742980957
23-100	de	111.78881153693565	40.77685356140137	nan	41.41534423828125
23-26	de	217.29805706676683	86.9830322265625	nan	88.11341857910156
16-163	de	96.46150231051755	66.30563354492188	96.46150231051755	66.30563354492188
17-122	de	145.13208415734508	58.3286247253418	nan	58.3286247253418
10-84	de	125.08590900775084	67.47355651855469	nan	68.12968826293945
10-39	de	85.28776597976685	66.96313667297363	85.28776597976685	66.96313667297363
7-5	de	65.61799453805995	41.08438301086426	65.61799453805995	41.08438301086426
18-61	de	189.0571886681496	47.345726013183594	nan	47.68520736694336
23-47	de	184.21316054219105	65.12068367004395	183.79621528609982	66.61687469482422
11-25	de	151.4435386846936	58.211042404174805	263.2257122424933	57.429765701293945
5-112	de	107.63441156659808	50.0689697265625	107.63441156659808	50.0689697265625
5-117	de	334.53791208434524	53.573665618896484	nan	62.81898880004883
10-82	de	255.14214358678677	59.58524703979492	253.66969479710224	60.70576095581055
21-152	de	89.38501831054687	46.9451789855957	89.38501831054687	46.9451789855957
16-13	de	516.7717986368153	61.074771881103516	nan	39.56904983520508
16-213	de	163.88991764356504	41.538917541503906	174.68028301221352	41.538917541503906
21-244	de	125.72252417625265	46.17646408081055	125.72252417625265	46.17646408081055
24-37	de	183.0148773926955	78.29114532470703	288.08689968926564	88.87682723999023
9-7	de	200.5048566713725	51.792327880859375	36872.643322226286	57.970909118652344
11-17	de	7951.662068984087	44.142242431640625	7951.662068984087	44.142242431640625
18-29	de	130.2650530688903	63.47201156616211	nan	38.121036529541016
12-88	de	141.13119506835938	43.748634338378906	nan	47.88092803955078
16-238	de	90.34393441805275	44.243980407714844	104.15921258926392	44.243980407714844
21-23	de	309.74225497628277	105.30911254882812	nan	109.03573608398438
16-245	de	1624.9515041501897	55.23080825805664	1830.588063293574	56.725616455078125
21-227	de	1073.7240916013718	57.66461181640625	nan	61.70280075073242
21-248	de	472.60960467202324	48.354082107543945	3029.5694439411163	50.681074142456055
3-36	de	151.19856181409625	62.5107307434082	451.8528027439749	66.63800811767578
21-101	de	119.90938077625046	47.292518615722656	nan	10.476508140563965
21-38	de	110.07603261985031	47.917171478271484	687.1437136886317	49.727508544921875
18-40	de	103.4006851134093	49.97705841064453	nan	18.743249893188477
21-133	de	68.77551580197883	41.72641372680664	68.78078377246857	41.72641372680664
21-100	de	119.56087078668375	57.959049224853516	nan	13.749680519104004
18-75	de	146.2212048329805	72.04819107055664	146.2212048329805	72.04819107055664
19-143	de	226.31932446406438	69.64086151123047	309.296457101317	68.50511169433594
21-230	de	220.42890846438524	57.99493217468262	32115.543092919936	76.01149368286133
13-33	de	198.5645614987328	34.8122444152832	4481.146775448216	39.12003707885742
11-27	de	115.17344452961382	51.6402587890625	nan	13.345190048217773
21-301	de	354.73033360072543	45.970632553100586	354.73033360072543	45.970632553100586
5-69	de	58.60438667216771	43.239261627197266	77.87645404206381	43.4508056640625
21-176	de	140.383295721259	52.75456619262695	nan	54.69075393676758
13-25	de	55.22659475663129	40.73551559448242	55.22659475663129	40.73551559448242
9-24	de	261.18500151634214	66.92329788208008	3835.632563226017	69.51412963867188
16-108	de	250.82370163292012	60.22260284423828	247.04156288347747	60.22260284423828
12-78	de	56.00585889816284	35.09584617614746	56.00585889816284	35.09584617614746
12-120	de	99.684108385879	59.518829345703125	115.9441980757612	62.823543548583984
15-35	de	120.82975155656987	46.87768363952637	253.58592212200165	48.010358810424805
12-82	de	320.95332724587956	53.77836227416992	nan	5.590356349945068
21-28	de	164.4423425950502	54.83317565917969	160.46946542079633	52.174354553222656
22-53	de	82.68669982309694	48.775617599487305	nan	49.25508117675781
24-86	de	174.64676769801548	78.42526626586914	238.8100544810295	78.42526626586914
8-35	de	160.57303533367082	56.84355163574219	160.57303533367082	56.84355163574219
13-88	de	189.62077260017395	62.096235275268555	213.82271540272345	67.75033569335938
23-25	de	106.75247407728627	62.16135787963867	106.75247407728627	62.16135787963867
24-83	de	74.98851010673924	35.4533748626709	73.16526266856071	33.41795349121094
24-31	de	164.80549714483064	50.45364761352539	nan	57.30117416381836
5-13	de	101.127894609824	52.44247055053711	101.127894609824	52.44247055053711
19-57	de	104.16178810596466	59.10923194885254	166.07074642181396	60.61898422241211
11-29	de	233.14028267202707	50.45377540588379	238.08976796415985	51.03252410888672
13-121	de	126.63153781789414	53.72707557678223	135.1114273816347	56.92153549194336
16-256	de	270.4874901540071	45.18708419799805	nan	45.26304626464844
15-10	de	88.54465043866956	42.97985076904297	nan	55.86540985107422
24-87	de	100.03160725554375	59.01065254211426	nan	93.84231948852539
23-11	de	518.9841893335407	80.22600555419922	10668.851187070211	81.50679779052734
16-231	de	236.00781556834346	42.20939636230469	290.80553661543746	42.31209754943848
17-174	de	286.1379552549786	69.89459991455078	286.1379552549786	69.89459991455078
11-31	de	99.51508089553478	56.977882385253906	127.08790035247803	66.93701171875
19-85	de	91.75311920859598	63.939239501953125	nan	nan
6-73	de	68.37753171920777	48.23491287231445	67.11291070545421	48.06267547607422
7-3	de	67.67106246948242	46.89528274536133	69.71036970615387	47.685020446777344
23-91	de	75.79991569519044	53.03946304321289	75.79991569519044	53.03946304321289
15-43	de	98.8568059896168	58.84099006652832	97.7213432386324	56.48066711425781
12-124	de	343.95221521173204	66.01756286621094	nan	66.86236572265625
18-26	de	79.32007531196841	49.677839279174805	79.32007531196841	49.677839279174805
11-9	de	2510.628347011881	97.28588104248047	nan	nan
16-99	de	167.7085581259294	56.6663932800293	191.5803300221761	56.84808921813965
21-53	de	87.57579013279506	52.549461364746094	nan	47.35003471374512
18-58	de	154.33904582575747	57.289833068847656	180.93149297257773	56.44679260253906
24-49	de	201.8035826365153	109.6150016784668	nan	135.56949615478516
13-18	de	158.4317924366441	56.81583023071289	578.5053095885686	58.939640045166016
24-6	de	222.18132038414478	42.2866268157959	nan	nan
10-14	de	3021.755707859993	69.17196273803711	nan	71.74885559082031
23-74	de	81.06155651359148	36.18913650512695	nan	nan
4-38	de	187.47536220550538	68.3721923828125	187.47536220550538	68.3721923828125
24-123	de	157.64612659585887	63.036624908447266	238.3584084897428	63.68343925476074
17-67	de	173.19419444402058	55.49707794189453	219.11629479272025	55.407249450683594
21-252	de	158.24583386211862	55.27172088623047	nan	55.57734489440918
22-19	de	175.47866200781488	58.96746826171875	199.0585394147076	63.297706604003906
17-49	de	319.55174147105606	62.95143508911133	2772.177434477955	62.95143508911133
8-74	de	1315.6531148815154	62.99870300292969	1315.6531148815154	62.99870300292969
4-27	de	116.69747352600098	82.40086364746094	116.69747352600098	82.40086364746094
21-125	de	83.50563276148289	57.339664459228516	83.50563276148289	57.339664459228516
5-92	de	129.16215809531835	65.05722045898438	337.09338620503746	65.48040008544922
11-30	de	119.42880424700286	53.82460021972656	119.42880424700286	53.82460021972656
18-57	de	306.7965199439252	51.54772758483887	398.61858127987574	54.60344314575195
1-99	de	1166.0151639643723	61.49076461791992	1158.1425761099786	62.522470474243164
18-114	de	234.59494342225972	74.10442352294922	234.59494342225972	74.10442352294922
8-68	de	107.54887787263785	53.21590805053711	106.04051730913274	51.15462112426758
9-54	de	109.40626190730504	49.540781021118164	203.74466113555127	52.870656967163086
17-175	de	185.63439718499242	53.882110595703125	nan	58.932804107666016
11-23	de	115.8463964851535	61.31184387207031	115.8463964851535	61.31184387207031
5-20	de	112.71902251647691	57.96246910095215	182.6713418569721	57.00203895568848
21-334	de	112.64982203500611	49.333892822265625	254.16956330071324	49.20576858520508
9-20	de	150.57386772216313	68.00577545166016	nan	1455.5462036132812
19-20	de	105.63991198766799	53.41060256958008	13491.599776877298	54.67301940917969
15-23	de	74.8340405664946	49.02757263183594	72.8660477379621	46.100791931152344
21-98	de	105.90820466677347	47.00333595275879	105.90820466677347	47.00333595275879
2-15	de	91.72395616419175	79.55435943603516	91.72395616419175	79.55435943603516
17-140	de	121.45227085704535	50.785308837890625	119.90286537011464	50.418800354003906
12-23	de	115.34011497716794	41.26630401611328	nan	nan
13-27	de	51.79074757598167	38.42778778076172	51.79074757598167	38.42778778076172
24-3	de	188.35922659998354	92.07018280029297	188.35922659998354	92.07018280029297
24-7	de	135.61753829320273	73.58564758300781	135.61753829320273	73.58564758300781
19-167	de	154.75731138215548	56.686872482299805	501.30425490866173	58.866554260253906
3-49	de	136.82064091177548	56.56300354003906	308.26888369430196	64.55015182495117
12-148	de	98.01221187909444	43.99660110473633	nan	47.120147705078125
16-25	de	228.71965539114817	50.8217830657959	nan	14.369016647338867
8-40	de	273.41172640394456	55.86839294433594	nan	56.80195999145508
5-84	de	97.87363307816642	52.46454620361328	nan	52.62443542480469
23-51	de	121.9486154124268	55.195343017578125	133.30889208176558	55.195343017578125
8-51	de	486.03518463960336	51.83697509765625	459.3108339645493	49.462833404541016
7-8	de	488.5579673274533	73.30606842041016	nan	72.57225799560547
14-41	de	94.00899370093094	44.83331489562988	301.4785146796185	45.07254409790039
16-208	de	80.68019270389638	58.20490264892578	80.68019270389638	58.20490264892578
14-18	de	125.58841038461941	56.697004318237305	128.52858710818822	57.176124572753906
1-35	de	63.21341352462768	34.13427734375	63.21341352462768	34.13427734375
10-8	de	75.59134718197495	42.73314094543457	76.01606975131564	43.1168098449707
21-168	de	119.09509855270386	44.987009048461914	119.09509855270386	44.987009048461914
17-173	de	276.92764272528177	61.5521354675293	nan	61.61280059814453
8-29	de	125.31111410786124	53.337135314941406	125.31111410786124	53.337135314941406
10-5	de	566.2358948977097	47.97983932495117	nan	50.015445709228516
21-355	de	129.43581148616056	55.11749076843262	129.43581148616056	55.11749076843262
8-59	de	41.77750750950405	37.41986274719238	41.77750750950405	37.41986274719238
19-9	de	142.03287334137775	44.16324996948242	nan	44.16324996948242
8-54	de	143.56977898544736	63.324615478515625	264.0105102878727	64.4835433959961
21-158	de	130.77426036198935	59.47941017150879	130.77426036198935	59.47941017150879
24-27	de	145.4587025686959	53.16508102416992	166.38217387376008	53.778818130493164
21-357	de	181.8240800788071	54.73539733886719	229.18661017541763	54.74658203125
16-15	de	142.00943572539137	42.338165283203125	nan	33.9013671875
12-129	de	251.7983198740396	71.47209930419922	251.0604145186288	74.06501770019531
6-46	de	176.0843816107892	54.19142723083496	173.8708998610576	54.19142723083496
16-50	de	140.04738194521735	56.70331954956055	9330.00292634964	58.85344314575195
12-132	de	83.87945040189302	48.766414642333984	nan	48.766414642333984
19-62	de	162.6305474815788	57.88887023925781	211.0056063012874	58.36185646057129
23-28	de	232.4719082768758	66.31749725341797	nan	66.42555236816406
24-68	de	125.0450128843618	51.20700645446777	6104.990048271887	52.71015930175781
9-110	de	93.21057835869168	66.65277481079102	557.617848072052	66.65277481079102
8-50	de	180.2645838910883	38.56603813171387	180.2645838910883	38.56603813171387
18-33	de	167.9264874267578	51.8579216003418	nan	51.843597412109375
21-19	de	118.87010696016509	51.000850677490234	118.87010696016509	51.000850677490234
19-124	de	94.85560438002663	46.27485656738281	nan	48.05981636047363
8-71	de	123.57678725502707	70.91106414794922	123.57678725502707	70.91106414794922
21-314	de	407.8178730757058	78.59232330322266	nan	25.63543128967285
7-78	de	726.4358062655838	57.73165702819824	nan	59.91842079162598
16-126	de	226.56175034769464	59.415306091308594	nan	59.77766036987305
11-35	de	213.0567579513941	68.97888946533203	nan	73.09122467041016
21-35	de	89.06804478537175	56.49650192260742	159.96715853214263	57.30901527404785
13-97	de	473.6145969437015	59.13906669616699	nan	36836.203125
21-213	de	344.6685511827469	73.19319152832031	nan	nan
23-27	de	149.67606532864454	74.09174346923828	175.70439050311134	74.73564910888672
24-63	de	117.50404059212163	69.93186950683594	149.4770325379712	68.8558235168457
12-95	de	127.3260171729398	63.95104217529297	nan	nan
10-7	de	1511.4150178720663	65.90201568603516	nan	nan
11-41	de	118.30859902954101	47.923561096191406	136.69816257389448	47.923561096191406
21-163	de	119.87444338172374	54.24536895751953	230.1976032447815	54.77093505859375
21-108	de	116.8236661655147	33.08699035644531	1703.7984778215719	33.08699035644531
9-56	de	77.80354633002446	55.76182746887207	467.06203774936864	55.22706604003906
16-247	de	86.03740274495092	50.26351547241211	132.7747871716817	54.469038009643555
5-124	de	190.42966602159584	53.26084327697754	184.90366135040918	53.26084327697754
5-118	de	403.84683499093785	91.35041046142578	nan	102.68952178955078
17-125	de	3503.743238334982	72.8731460571289	3449.06097277473	73.13607788085938
12-97	de	121.24629431059866	62.844364166259766	nan	62.907732009887695
16-40	de	161.20468280911444	66.85480499267578	nan	67.0884780883789
6-34	de	84.98889454642494	49.6304817199707	241.9517946243286	50.09404945373535
17-69	de	76.73574803670247	58.70134353637695	72.25103625655174	51.07486152648926
17-132	de	92.2974714312637	55.52798843383789	92.54551643436238	55.52798843383789
6-55	de	271.0057684830257	66.97506713867188	282.14462672697533	71.99426651000977
8-13	de	1745.9449912104114	94.86090087890625	nan	102.7427864074707
23-12	de	646.5009406710428	90.36199951171875	nan	93.30223083496094
5-56	de	204.90218080793107	62.049625396728516	3439.4449604137526	64.91400146484375
10-3	de	268.1795466179941	68.07491302490234	nan	68.22325897216797
21-246	de	212.92690601995434	48.477684020996094	601.5121184000893	52.22429656982422
9-67	de	264.6081718860134	44.196455001831055	nan	108.28510665893555
12-51	de	56.85822156270345	47.435638427734375	56.85822156270345	47.435638427734375
11-20	de	123.25308493350414	51.56520080566406	nan	54.588348388671875
17-41	de	212.25816443443298	71.86773300170898	225.7738864398697	72.23108673095703
3-19	de	640.2434386465285	74.64912796020508	nan	75.04408264160156
21-103	de	202.50894205419866	67.67113494873047	370.56550387775195	73.82125854492188
12-61	de	5041.640311525418	101.68048477172852	nan	107.5545425415039
24-69	de	1097.0449541475355	113.94380950927734	nan	120.28456115722656
13-44	de	66.19487272803462	35.291202545166016	67.17625539443073	35.36826515197754
1-34	de	171.4678841078723	53.13252639770508	188.21923834085464	53.91024589538574
16-79	de	149.36886951231187	48.575660705566406	310.4118590905116	50.9909610748291
6-38	de	194.81857042312623	58.05256652832031	nan	59.46884536743164
9-39	de	160.80163905997026	64.00565338134766	171.52969079547458	66.07942962646484
4-36	de	191.04774129113486	62.344242095947266	191.04774129113486	62.344242095947266
21-95	de	292.2879732806666	78.62025451660156	539.3196933605732	78.35358810424805
16-27	de	327.28832431986365	86.22957992553711	nan	5.590356349945068
13-38	de	174.56806609209846	67.88046264648438	182.7984514917646	64.9642448425293
10-27	de	104.68423211574554	74.71347045898438	104.68423211574554	74.71347045898438
16-119	de	95.45085716247559	67.91422653198242	95.45085716247559	67.91422653198242
21-63	de	124.86250025033951	57.67206001281738	1809.5130531311036	58.35335922241211
9-51	de	88.69724462743392	45.12451171875	86.44675364736783	43.94697570800781
21-305	de	192.22267019926613	67.33499908447266	239.70496429222217	69.285888671875
9-83	de	391.82695964074907	80.8276481628418	1858.2997629405888	81.44893646240234
10-2	de	720.7836339907212	61.09035301208496	708.9843147913615	62.10767364501953
20-33	de	112.3200882798747	47.99091148376465	221.30747166464602	47.38584899902344
21-262	de	873.7092815262931	60.45036697387695	nan	nan
21-350	de	182.15594095188183	56.97614288330078	nan	60.25932502746582
21-204	de	111.82360460107977	52.75306701660156	nan	11.379500389099121
21-222	de	92.85822648450363	55.672428131103516	92.13791609982975	55.321258544921875
24-133	de	90.66125749505085	50.2445068359375	nan	57.09270477294922
23-55	de	140.09539096057415	77.01455688476562	140.09539096057415	77.01455688476562
20-6	de	121.73923430644291	58.89904022216797	121.73923430644291	58.89904022216797
5-126	de	335.5416969358921	57.437246322631836	328.3459340008822	57.89999771118164
17-94	de	159.3226091793605	62.11371612548828	nan	nan
24-119	de	417.2939755225527	72.3837661743164	2316.0810785262206	77.66124725341797
15-18	de	183.76146528244018	47.61744689941406	nan	47.83111000061035
21-121	de	96.57942987680435	67.91764831542969	95.44857715677333	67.9052963256836
16-134	de	153.8652817259232	67.90465927124023	nan	70.33583068847656
7-30	de	475.6082060640509	47.622432708740234	475.6082060640509	47.622432708740234
7-10	de	60.11856673314021	42.51327896118164	227.63909268379211	43.08761787414551
17-120	de	173.00371973654802	68.88228988647461	nan	76.27169418334961
5-39	de	130.58830383088855	57.285329818725586	208.75152046616012	58.198781967163086
24-41	de	118.8500999723162	44.3336296081543	199.94934305391814	45.36284255981445
16-77	de	85.59335796833038	46.780311584472656	96.10116879756634	48.610137939453125
12-126	de	120.6604476571083	68.4761962890625	120.6604476571083	68.4761962890625
24-43	de	91.30684428581824	63.377559661865234	134.19941022736685	64.43435859680176
15-15	de	145.4692364342605	51.59353256225586	4060.2218988462428	51.97513198852539
19-12	de	708.1083806259463	50.86678695678711	710.9532761432157	50.912227630615234
8-45	de	218.01221763520013	56.7552547454834	nan	56.89070510864258
12-94	de	74.3531758221713	54.072303771972656	74.3531758221713	54.072303771972656
14-43	de	161.03055341427142	55.30078315734863	190.37109205857763	56.00047302246094
19-41	de	189.48636384295602	64.84149169921875	nan	5.795235633850098
21-13	de	89.05277197860008	48.53046417236328	nan	nan
12-121	de	211.98989651301136	66.18506622314453	262.2657601897781	66.36151123046875
16-80	de	373.13490870124417	77.22140884399414	nan	78.60446548461914
16-233	de	84.50072999887688	39.32836723327637	494.3404222859277	42.485483169555664
21-169	de	83.95482775143215	54.89796257019043	475.78047626813253	52.42049217224121
16-170	de	53.17262029647827	33.0753116607666	55.04442371734201	33.299896240234375
8-27	de	109.0152704667072	62.53288650512695	109.0152704667072	62.53288650512695
9-82	de	174.6320781634404	57.96074295043945	nan	36.03153038024902
4-42	de	124.16810531616211	61.43352508544922	124.16810531616211	61.43352508544922
24-67	de	668.7020067687429	80.58843994140625	nan	6907.8525390625
17-74	de	111.83298275205824	76.42452621459961	120.39861684232145	77.81916809082031
23-21	de	206.3096038526959	59.00580596923828	516.4547678900288	59.00580596923828
5-85	de	168.2344593669093	79.05698013305664	166.78924627304076	74.46127700805664
24-72	de	196.10694246292115	83.93450546264648	nan	82.95518493652344
16-84	de	380.42246440287386	49.44765853881836	nan	51.69846153259277
8-52	de	468.0971357524395	37.54876518249512	nan	38.36072540283203
12-152	de	1828.8482288905552	48.30342483520508	1828.8482288905552	48.30342483520508
21-336	de	427.20245522719165	57.0577278137207	546.4866176634345	57.289573669433594
16-252	de	72.85602590015957	46.260602951049805	89.78282105295281	46.49766159057617
5-3	de	410.09085491725375	82.55812454223633	410.09085491725375	82.55812454223633
20-7	de	184.62844195164425	60.98532295227051	nan	2490340.75
21-146	de	50.14324208100637	33.880638122558594	50.14324208100637	33.880638122558594
10-9	de	166.3435113572667	48.26139831542969	166.06033663426416	48.30892562866211
20-32	de	73.0314516382119	45.00496292114258	74.22311305026619	45.049089431762695
12-24	de	77.68746625223467	55.97964859008789	77.68746625223467	55.97964859008789
24-124	de	90.74581246965387	55.85952377319336	90.74581246965387	55.85952377319336
17-129	de	252.1755791530013	56.62007141113281	nan	58.033287048339844
22-71	de	70.78189397539411	43.26469612121582	73.72178231345282	46.91658020019531
23-104	de	217.9119123046597	46.0171012878418	386.2013466147815	46.0171012878418
12-112	de	247.49260621721095	51.127023696899414	nan	nan
8-47	de	142.04564678668976	47.57012176513672	20214.097174340488	47.57012176513672
12-107	de	85.43183262859073	55.964956283569336	85.43183262859073	55.964956283569336
11-42	de	148.80818819999695	58.61541938781738	439.1832147107541	56.991493225097656
24-28	de	177.7801872273927	60.05390167236328	208.47102034952223	60.688392639160156
12-103	de	155.60973051432018	44.76700973510742	472.95589114908586	50.11866569519043
11-16	de	69.018483877182	54.11133575439453	66.4107234954834	53.38599395751953
18-99	de	323.0335344690265	69.95615768432617	4894.23316628	75.83724212646484
5-111	de	135.7235948421337	75.50120544433594	nan	80.28315734863281
21-46	de	187.72655972190526	50.75864219665527	189.62592426423103	50.86759948730469
12-9	de	52.979627358286	40.91472244262695	254.98461327552795	44.0054817199707
5-49	de	210.8142776832306	51.906429290771484	281.97444631003	52.36308670043945
17-130	de	88.35906314849854	49.423213958740234	88.35906314849854	49.423213958740234
16-107	de	905.2264469586886	131.8755340576172	905.2264469586886	131.8755340576172
21-33	de	85.58003704071045	51.23201942443848	85.58003704071045	51.23201942443848
6-15	de	259.5979969408605	81.16893768310547	21305.958945594255	81.21156311035156
17-86	de	114.34518452908131	71.08138275146484	114.34518452908131	71.08138275146484
16-234	de	103.42236647886388	43.348201751708984	106.89555112370905	43.348201751708984
12-111	de	467.01522584231395	68.13352966308594	467.01522584231395	68.13352966308594
22-57	de	2523.466903951433	76.38280487060547	2461.186171505902	87.95507431030273
17-64	de	230.69936387879508	52.97933578491211	226.73938134678622	49.90842819213867
17-19	de	100.1788501739502	70.86008834838867	122.68092990231204	70.95689392089844
7-29	de	100.83266333738963	52.223140716552734	871.0157858011673	52.59030723571777
24-2	de	125.64229822158813	62.11886978149414	nan	63.13452339172363
16-37	de	146.29666136472653	58.43229675292969	nan	61.200857162475586
17-61	de	624.9129848386727	60.492414474487305	nan	68.4645767211914
15-21	de	101.46547354878606	64.97702026367188	101.46547354878606	64.97702026367188
24-93	de	110.49389787386822	46.973079681396484	184.9636093316619	46.77961349487305
18-44	de	166.31853485876513	51.090932846069336	nan	52.155208587646484
7-22	de	105.30107773434032	42.169036865234375	105.30107773434032	42.169036865234375
14-55	de	118.93996134975501	74.78794860839844	117.30743618669182	73.90461730957031
24-65	de	113.75401055579091	44.49004936218262	nan	44.49004936218262
22-40	de	204.96828310281637	46.78184509277344	nan	32.28231430053711
20-25	de	228.65578708429447	79.92237854003906	nan	84.53598022460938
23-58	de	194.70882464830692	61.35105323791504	nan	63.64861297607422
24-76	de	126.38296205606034	68.42874145507812	882.2838212628908	78.2644271850586
21-295	de	78.59866180754544	55.09258270263672	76.69049566883152	53.993438720703125
21-3	de	215.12619482933937	44.51799392700195	nan	46.12802505493164
7-51	de	133.9726333786956	51.96726608276367	nan	nan
12-134	de	48.65791943868001	26.07158851623535	48.65791943868001	26.07158851623535
21-94	de	116.4285478637332	54.69774627685547	nan	55.93476867675781
24-1	de	159.72015840180066	68.32111358642578	219.01761114275132	69.08531188964844
12-115	de	70.49644671336259	45.748294830322266	70.49644671336259	45.748294830322266
17-95	de	138.3543461077922	69.21052169799805	nan	69.35335540771484
21-182	de	148.54092192077636	62.180423736572266	147.43675054065764	62.11333656311035
19-34	de	411.9646874089395	66.83084869384766	nan	nan
18-48	de	154.71554827690125	41.91356086730957	211.93059391445584	41.91356086730957
21-149	de	323.1275780226055	58.50972366333008	323.1275780226055	58.50972366333008
23-5	de	136.21048551751662	54.95903015136719	nan	96.25813293457031
21-294	de	415.82970359802243	56.22842025756836	415.82970359802243	56.22842025756836
20-24	de	93.90312159978427	46.90322494506836	nan	19.247905731201172
16-102	de	129.13072251110543	84.57706451416016	129.22115516662598	86.67820739746094
12-26	de	234.22080042036316	77.08037567138672	503.48579678601686	76.14666366577148
16-203	de	171.88036931571312	62.37876892089844	nan	62.89628601074219
21-263	de	229.51752894757743	47.13344192504883	415.8939585302068	47.57062911987305
13-103	de	204.34631759643554	104.83914184570312	625.4172449845535	107.61296463012695
12-81	de	263.2690659420831	63.86557388305664	264.57653600979694	63.90388488769531
9-114	de	988.286418132293	79.02956771850586	nan	81.0108642578125
6-45	de	1709.6732484368717	69.99304962158203	nan	nan
14-6	de	140.76517288743958	79.01095581054688	nan	82.16477584838867
24-52	de	143.70143484247143	42.96142387390137	nan	43.26475524902344
24-115	de	308.3942603422015	81.72901153564453	308.3942603422015	81.72901153564453
5-52	de	99.10685902302808	44.943241119384766	288.75760943484755	46.03770446777344
8-8	de	90.80677257666066	59.2894172668457	91.15779025554657	59.99233627319336
10-98	de	126.78962307897481	53.64244079589844	nan	56649.7578125
4-43	de	40.904829462369285	29.978055000305176	40.904829462369285	29.978055000305176
21-178	de	55.80000606536865	40.083465576171875	nan	41.38676834106445
11-7	de	150.43961597743788	55.48263740539551	146.823608594063	54.862491607666016
18-35	de	174.19965631550755	47.91817855834961	11089.579309469775	60.019256591796875
7-46	de	201.15769300534743	53.62178039550781	408.9210355476097	53.263343811035156
4-1	de	128.465061823527	55.02707099914551	209.7435054289989	67.24727630615234
21-49	de	84.94989387742405	48.654151916503906	84.94989387742405	48.654151916503906
22-43	de	95.20670243515366	37.7004508972168	96.39700544014406	38.696922302246094
3-29	de	507.35778256316684	53.66662406921387	2857.644605824645	57.60615539550781
5-47	de	73.85616955390343	53.020572662353516	73.85616955390343	53.020572662353516
12-85	de	127.11860002688508	64.01559066772461	499.80072646901226	66.37548065185547
15-20	de	364.85043721761764	94.8924331665039	458.41947851961817	98.7385025024414
24-38	de	109.92299722324718	51.10242462158203	nan	53.28074264526367
16-103	de	220.14196104644446	51.95317840576172	806.9222798347473	52.67069625854492
12-123	de	900.776619388346	73.50135803222656	14402.69708803722	80.71762084960938
2-10	de	399.30300598878125	60.185312271118164	nan	64.01029777526855
16-57	de	245.17855355372797	58.08025550842285	nan	60.4017333984375
10-30	de	1004.2173530405217	98.29888916015625	nan	26.753690719604492
21-283	de	135.06511556791222	64.64505004882812	135.02192353791204	65.53681945800781
19-102	de	112.84687484635248	51.5338020324707	356.19835122551507	52.87727737426758
22-35	de	292.48922445166926	71.07524871826172	nan	73.12166595458984
10-29	de	180.03729818926917	97.0579719543457	180.03729818926917	97.0579719543457
16-115	de	1732.559216630368	79.67941284179688	nan	nan
10-68	de	185.92804558380791	68.69231033325195	693.9507195949554	68.69231033325195
14-7	de	173.09345477974932	71.66686248779297	nan	nan
16-59	de	126.83525749088562	53.09733581542969	709.2305040041606	53.87599563598633
19-3	de	329.2992242127657	74.29024505615234	nan	49.629024505615234
16-112	de	126.63568478023883	52.27360534667969	nan	4.577828407287598
16-190	de	381.7061971558465	55.95985794067383	nan	80.54571533203125
20-3	de	622.1601987115798	82.41305541992188	nan	nan
1-33	de	102.93289457467885	66.09162139892578	101.45649500326677	65.81991958618164
16-2	de	401.0043799627395	47.67586135864258	3206.315451847423	51.269813537597656
21-302	de	157.68692404429117	81.05367279052734	157.68692404429117	81.05367279052734
18-79	de	98.21706717354911	61.185434341430664	98.21706717354911	61.185434341430664
18-107	de	202.50249090065827	89.54069519042969	199.9279953956604	88.95555114746094
17-63	de	356.4949013414054	66.08097076416016	nan	72.18993759155273
12-33	de	657.4477283000946	54.78796577453613	nan	12.432692527770996
17-59	de	167.05763833419135	75.23836898803711	166.69066258912446	76.23228454589844
16-101	de	142.69735713596762	54.77973175048828	173.3132053621999	55.29386520385742
19-125	de	122.95949111142001	59.55803680419922	261.7206906067698	64.07869720458984
21-333	de	110.59226878829624	70.15987777709961	226.9797285769848	70.15987777709961
12-117	de	167.0487657407435	46.95427131652832	165.21227832012866	46.61134338378906
10-44	de	152.29416388824205	56.511566162109375	240.7762728440957	57.74882507324219
17-75	de	127.79205273682217	85.4872055053711	125.7173736360338	83.5277328491211
13-60	de	128.02655617396036	39.806678771972656	128.02655617396036	39.806678771972656
4-33	de	262.1548204961813	100.0010757446289	259.7564254208146	99.20586395263672
15-44	de	128.1606267596048	49.47639846801758	nan	26.76863956451416
17-138	de	61.11658869291607	34.31831359863281	166.39061128298442	35.21772575378418
20-26	de	149.29100583659277	65.2184944152832	362.1295380685844	69.4067153930664
24-103	de	140.30140680662342	56.43247985839844	nan	9.67308235168457
12-151	de	163.48573151460062	37.12135314941406	nan	nan
22-36	de	85.70100812509027	42.178504943847656	88.52670925193362	42.72182655334473
22-67	de	166.48709039390087	51.137569427490234	164.0627998984777	51.137569427490234
13-98	de	199.86323609463005	41.857181549072266	1873.3969362894693	42.58776092529297
22-44	de	56.23553322042738	31.7620849609375	nan	31.81299591064453
18-91	de	117.85642317508129	50.59493637084961	nan	54.53315353393555
24-94	de	58.95571251919395	44.60812187194824	58.95571251919395	44.60812187194824
24-92	de	3613.125028834343	78.48693466186523	nan	9.415328025817871
18-110	de	107.85116863250732	52.98689842224121	363.02716578689274	55.64313316345215
22-75	de	484.69231192270917	54.30205154418945	609.0140098137192	54.52033615112305
11-15	de	36.29874666531881	35.50799369812012	36.29874666531881	35.50799369812012
20-4	de	197.49696698803112	45.894309997558594	nan	nan
24-130	de	86.95376389821371	44.18804359436035	1000.3239649818057	51.930233001708984
6-41	de	160.10857995094793	58.218069076538086	nan	58.72743606567383
13-96	de	356.0647434809851	65.33244323730469	356.0647434809851	65.33244323730469
24-26	de	187.8285596253442	69.8734359741211	606.1562096732004	70.64859008789062
16-230	de	203.92923669020334	79.08927917480469	nan	79.26019287109375
24-34	de	152.61920995182462	42.70522880554199	nan	45.01661682128906
9-34	de	473.246253343276	87.74333190917969	nan	nan
22-76	de	215.69422966241837	69.16682052612305	215.44775385629563	69.3162612915039
4-3	de	110.58552483558655	67.97824096679688	270.4136732592441	69.25464630126953
23-65	de	165.3037895851947	66.69857025146484	nan	66.69857025146484
16-125	de	196.5224405852231	52.36636734008789	nan	52.598182678222656
9-16	de	77.02463262589251	40.28020477294922	114.57574505959788	41.3538703918457
18-86	de	109.08388381308697	57.971710205078125	109.08388381308697	57.971710205078125
13-90	de	108.14560909624453	45.81951904296875	108.14560909624453	45.81951904296875
15-29	de	257.68323244947067	57.08624839782715	19835.59923703779	67.32653427124023
6-57	de	91.19002020068285	55.072227478027344	nan	55.2463321685791
21-192	de	89.92557430267334	54.255470275878906	107.506116118696	54.255470275878906
11-26	de	163.15568103319333	57.07286071777344	773.1491767384789	61.49405097961426
12-101	de	55.63648037910461	38.532962799072266	55.63648037910461	38.532962799072266
16-135	de	101.57775034338741	46.576066970825195	310.4907490218558	47.23903274536133
15-30	de	93.61640466197153	53.72616195678711	191.86225754419962	54.59512138366699
24-131	de	180.03801811477285	72.40730285644531	nan	nan
