article_id	language	appl_filtered_mean	appl_filtered_median	appl_full_mean	appl_full_median
16-57	en	681.898533791069	77.17176055908203	7363.820094359182	87.24610137939453
23-40	en	253.02531590537419	67.3833999633789	1304.7685213649975	74.41709518432617
19-40	en	851.0691932991369	101.15432357788086	nan	80.58336639404297
14-17	en	151.59030544396603	65.44671630859375	151.59030544396603	65.44671630859375
18-72	en	689.2670903099907	97.11323547363281	3879.180737754277	98.88731002807617
9-115	en	898.82320977211	73.20712661743164	1272.7334001504103	80.09944152832031
7-26	en	314.7244508470808	81.73072814941406	1871.7010738199408	84.46246337890625
16-225	en	170.44338401158652	71.97248840332031	4606.703847991095	77.15399169921875
19-82	en	394.77995523810387	66.93673706054688	1474.8655472668734	71.42536163330078
16-38	en	606.9686302642822	91.02204895019531	716.0886941485935	91.4880256652832
21-62	en	315.7181554980248	67.99290466308594	nan	68.17749786376953
8-26	en	113.72955390930176	91.22078704833984	113.72955390930176	91.22078704833984
7-33	en	194.28840159147214	108.026611328125	nan	nan
16-67	en	377.5439759921404	88.47216033935547	1124.3436031821388	93.45365142822266
24-149	en	77.6213390217271	52.21951675415039	77.6213390217271	52.21951675415039
1-62	en	285.39895963196705	96.40133666992188	nan	106.34426879882812
1-68	en	223.79889539436058	69.09392929077148	nan	69.3115005493164
13-32	en	1433.856379200927	85.03413391113281	nan	100.33306121826172
4-46	en	191.37245704816735	70.47740936279297	nan	nan
5-28	en	448.4748006661733	98.13098526000977	nan	nan
8-55	en	230.87622657954265	82.42074584960938	401.7125553137867	82.93782806396484
9-57	en	498.9594812927959	97.40545654296875	nan	121.6665267944336
23-6	en	320.4551339594523	94.70988082885742	nan	139.6807861328125
10-3	en	239.79889044938264	66.57140350341797	nan	69.73750305175781
21-317	en	182.08452777175216	66.82013702392578	470.31076089470787	67.54280090332031
16-221	en	127.74407911802594	66.6748046875	nan	18.112173080444336
1-96	en	122.23250764545641	67.74552154541016	nan	nan
5-121	en	204.26863582317645	74.81608200073242	nan	79.95328903198242
1-16	en	355.95057559013367	104.7788200378418	nan	1550.44873046875
4-42	en	149.2373419189453	76.15475463867188	149.2373419189453	76.15475463867188
9-73	en	506.0067281289534	99.10179901123047	nan	nan
5-27	en	76.50927266207609	49.44601821899414	76.50927266207609	49.44601821899414
16-97	en	214.49794551447818	122.08768463134766	nan	nan
5-39	en	91.0637263321295	57.23952102661133	473.8505042394002	57.39105987548828
14-8	en	516.0062326651353	65.58650779724121	516.0062326651353	65.58650779724121
21-100	en	674.3001865446568	129.99462890625	nan	141.23341369628906
9-35	en	96.4365932536575	65.62622451782227	229.70444452874014	66.5195541381836
10-18	en	393.69071718934293	72.65583801269531	1855.7894056963632	87.20301055908203
1-57	en	517.694946778448	63.83846855163574	1386.196370398163	64.931396484375
19-35	en	646.3463537500512	79.08479309082031	nan	54.66581726074219
12-85	en	489.38916198942394	92.80217742919922	nan	98.34517288208008
12-63	en	557.4243556610262	73.5366439819336	3404.7606598032585	75.921142578125
14-29	en	155.68665675113076	54.455291748046875	1621.4970161174906	56.054012298583984
15-25	en	337.58181213178943	67.78365325927734	nan	50.676618576049805
10-87	en	408.860682438038	90.0270004272461	nan	139.16680908203125
9-108	en	1740.5182864476765	64.2226791381836	1740.5182864476765	64.2226791381836
21-46	en	195.13223625484267	90.59369277954102	379.0408653903317	90.6974105834961
6-76	en	537.6344688639921	97.41133499145508	nan	102.02722549438477
16-52	en	95.61283555943915	72.34280395507812	1868.0518910686176	73.61248016357422
19-33	en	70.66220018213446	60.95646286010742	544.4026073217392	62.45522880554199
17-4	en	485.0930830725917	88.48419570922852	nan	91.45322036743164
6-34	en	354.9848840313573	104.12592697143555	466.99377839660644	104.40049743652344
4-37	en	137.40023972006406	67.91522979736328	nan	59.391822814941406
5-8	en	618.7138985133753	104.62635040283203	nan	64.9257698059082
5-58	en	209.28915150524819	95.55918884277344	1409.6601126734415	100.82070922851562
15-24	en	675.4284489048852	88.67048263549805	nan	92.95788955688477
6-38	en	183.8421499494096	110.52599334716797	622.8779520269943	112.70355987548828
16-19	en	2640.8507395505903	113.16772842407227	nan	125.48937225341797
16-179	en	162.16953131130762	45.79036903381348	162.16953131130762	45.79036903381348
5-41	en	154.7040100590936	111.6165542602539	8602.70637861375	122.08446884155273
6-77	en	168.08226945820977	65.95072937011719	988.1193687680742	67.26179504394531
19-143	en	258.79579061391405	194.42050170898438	897.1831550598145	199.37738037109375
23-56	en	127.59548525974668	93.42870712280273	625.3266197786493	97.55229187011719
16-15	en	141.72116021891586	61.4279899597168	nan	7.472874641418457
24-127	en	319.4285034823727	87.04124450683594	915.21986542219	97.28449249267578
19-102	en	267.8050215027549	78.22051620483398	497.5120206304959	78.86024475097656
18-82	en	242.9686188697815	50.194419860839844	2760.8419011922983	60.731210708618164
16-35	en	365.7791016318581	78.68898391723633	nan	nan
18-100	en	173.32110341389975	60.04637145996094	2098.5390423045437	85.16162872314453
1-112	en	241.14954148398505	62.35581016540527	241.14954148398505	62.35581016540527
5-11	en	186.87701708392092	63.06869125366211	nan	nan
17-6	en	273.503889788752	118.53529739379883	1956.9127548138301	123.76495742797852
18-87	en	573.8938607544195	99.03211975097656	1422.6372786173745	101.95755767822266
6-45	en	102.58291336342141	52.370737075805664	1860.0154118537903	53.227752685546875
6-72	en	103.27798296345605	52.87569236755371	194.2362629485457	53.36561965942383
21-315	en	2122.411545009613	82.31675720214844	nan	90.0222396850586
13-114	en	232.72115940883242	75.1945915222168	232.72115940883242	75.1945915222168
9-93	en	207.0246344532883	77.98262023925781	1101.2733152438018	79.1737174987793
5-43	en	445.4965817928314	73.49903869628906	nan	81.66374206542969
6-85	en	165.21845628119803	74.43463134765625	nan	75.37858581542969
5-55	en	314.857406363971	103.46049118041992	nan	nan
21-157	en	148.62259455339625	68.01806640625	947.5295477343035	68.25334930419922
24-106	en	374.53784022123915	81.38225936889648	374.53784022123915	81.38225936889648
9-6	en	203.48875653165058	78.1270980834961	nan	84.41178894042969
6-75	en	268.4888889187964	99.98579406738281	779.078627317602	102.08637237548828
5-108	en	1563.7714607917655	110.171875	nan	nan
16-228	en	617.0036002966074	70.54200744628906	nan	93.6845474243164
19-89	en	189.37512463481485	82.06121063232422	591.9316123404154	82.4201889038086
4-40	en	272.09697937547116	105.16124725341797	nan	109.58523559570312
1-13	en	379.1661219516043	98.89371490478516	nan	101.88637924194336
1-78	en	117.21950605392456	68.9697151184082	117.21950605392456	68.9697151184082
8-59	en	40.335975117153595	36.16570281982422	40.335975117153595	36.16570281982422
16-13	en	783.4943959116936	84.98724746704102	7673.477717926832	93.3099136352539
8-58	en	253.46139458687074	74.72805786132812	nan	nan
18-70	en	390.63266155936503	76.85561752319336	1656.0364651181806	78.32247924804688
19-98	en	2666.506991006114	108.33625030517578	nan	102.4190444946289
5-40	en	633.8819110260009	110.11888122558594	nan	268.3389587402344
5-125	en	133.0657707759312	80.41956329345703	133.0657707759312	80.41956329345703
18-64	en	276.9501716476126	78.71601867675781	706.7772996071542	79.69590759277344
21-319	en	107.90628422390331	54.14920997619629	107.90628422390331	54.14920997619629
4-10	en	249.44792898077714	58.266082763671875	249.44792898077714	58.266082763671875
12-22	en	219.2194504928589	127.56087493896484	846.8523017809941	133.24556732177734
17-84	en	148.37448412058305	55.92741012573242	148.37448412058305	55.92741012573242
18-51	en	144.79479929946717	72.01369857788086	144.79479929946717	72.01369857788086
21-357	en	1742.5992476654053	98.64429473876953	nan	150.72624969482422
8-32	en	135.22228543898638	83.99398803710938	408.70063917453473	86.02495193481445
7-32	en	193.2545478820801	93.11279296875	nan	nan
9-59	en	412.55033995654134	72.97409057617188	495.9467716969942	73.1105728149414
6-53	en	91.56111844380696	65.280029296875	91.56111844380696	65.280029296875
21-49	en	175.6269547224045	75.09482955932617	890.7026978236873	75.95989227294922
14-27	en	77.33469014051484	55.119659423828125	1152.236249787467	56.15062713623047
6-60	en	832.3728375928156	100.83699798583984	1269.1143996675137	101.54586791992188
5-60	en	285.880573758212	89.02530670166016	285.880573758212	89.02530670166016
6-51	en	250.56408867278657	58.075130462646484	250.56408867278657	58.075130462646484
21-109	en	251.87618545532226	95.20869445800781	nan	95.37924575805664
17-10	en	218.94159043724858	113.22525024414062	1468.261383224936	113.79738998413086
12-37	en	204.88436185396634	84.5401840209961	nan	87.39958190917969
8-9	en	185.0704013590227	102.15288543701172	nan	109.1259994506836
7-79	en	614.9064436825839	118.28878784179688	nan	44.25509262084961
4-43	en	691.1683768033981	48.8521671295166	691.1683768033981	48.8521671295166
5-30	en	214.96132575704695	83.5623779296875	1710.2010420648676	83.8837890625
19-99	en	337.14695391871714	140.59242248535156	816.8751227378846	144.97374725341797
1-97	en	229.8539597813676	85.4262924194336	1063.6882968857176	93.58166885375977
16-9	en	138.2405304585473	47.82362937927246	nan	49.13203430175781
12-164	en	412.0610757869679	96.56852722167969	nan	98.20902252197266
12-90	en	215.23430633544922	51.50413513183594	215.23430633544922	51.50413513183594
20-56	en	413.0541182467812	51.71540832519531	7160.423076999431	52.78664970397949
17-58	en	91.73223686218262	62.05246353149414	91.73223686218262	62.05246353149414
3-51	en	190.53008888613792	79.36729431152344	nan	79.20552825927734
9-112	en	351.86691311427523	65.43885803222656	nan	124.29598999023438
12-127	en	142.86935191000663	75.7994499206543	368.47613489060177	80.29278564453125
23-54	en	1033.4546290363173	92.57383728027344	2287.1103216039724	97.80506896972656
9-53	en	145.52334033611208	61.57925796508789	145.52334033611208	61.57925796508789
5-31	en	245.93006017610625	73.41205596923828	426.8296322211241	73.47359848022461
14-4	en	124.44633294854846	59.39440727233887	124.44633294854846	59.39440727233887
14-20	en	351.73713495645177	102.4481201171875	1641.965700531006	104.10623550415039
23-73	en	162.54310710757386	61.057640075683594	1850.5502142096466	64.4970703125
6-74	en	156.03838391889605	72.96837615966797	464.74808715951855	73.5438232421875
23-42	en	200.4833443136776	69.51160430908203	nan	77.00154113769531
6-61	en	148.1255919782965	69.66155242919922	5479.408845354771	72.91204071044922
14-42	en	226.59124463327814	78.71601867675781	718.2693882093325	85.13780212402344
14-9	en	131.16977110162244	75.3748779296875	255.94983170325295	77.04544830322266
14-7	en	626.2331767353585	79.53694915771484	nan	235.07962799072266
18-91	en	174.20757464145092	65.12572479248047	174.20757464145092	65.12572479248047
12-21	en	249.27190987094417	56.17417907714844	nan	58.5855655670166
23-10	en	123.61960280143609	92.44428253173828	1860.841828171412	93.0689697265625
19-121	en	122.16512954235077	83.84364318847656	785.0517275568465	85.80763244628906
16-164	en	1104.1345899516139	76.12389373779297	nan	81.86612319946289
6-27	en	589.8180663973786	100.31468963623047	1515.3029378789072	103.3058853149414
17-86	en	1083.82251667332	53.74461364746094	1083.82251667332	53.74461364746094
6-67	en	413.7317558174613	91.55611419677734	2114.4685381509007	95.14162826538086
3-53	en	1355.2607301833139	139.13900756835938	7893.200732252024	156.25172424316406
16-17	en	1431.8099684862746	77.85164642333984	nan	79.99927520751953
14-24	en	84.61446438766107	46.648813247680664	1145.9099037394803	47.08340835571289
16-211	en	149.55342393762925	70.90017700195312	692.5616837485892	73.31746292114258
16-147	en	895.1984465425664	99.39605712890625	nan	nan
5-117	en	174.7922411548848	62.70329284667969	nan	60.6524658203125
16-127	en	365.9454065222489	93.76199340820312	nan	103.87847137451172
17-52	en	209.24285522064605	64.42062377929688	405.716976407208	66.228759765625
18-50	en	989.8452165742075	59.68806266784668	nan	93.19828414916992
16-222	en	244.9386296992032	53.57255554199219	3458.7857767475975	55.00872039794922
21-65	en	363.3934367759941	63.92545700073242	1127.3283380848347	68.5335922241211
16-7	en	259.56249517139634	86.28591918945312	nan	84.09170913696289
18-53	en	295.4990654192775	101.61477661132812	1878.7716018850633	102.18138885498047
19-58	en	453.3129770469666	62.51511001586914	2928.466887618011	64.57969665527344
16-186	en	425.71348911650637	76.4703140258789	nan	117.85796356201172
16-95	en	319.98574246962863	58.13714599609375	2415.645950531473	58.506887435913086
5-80	en	200.29667652759355	90.52851104736328	276.59682739142215	91.26203155517578
1-43	en	429.56711815154716	68.97883987426758	1801.224070865857	73.78964233398438
6-64	en	132.18561577796936	67.5175666809082	390.4800304365747	67.94445037841797
1-46	en	402.74294853967336	84.04839324951172	536.2929940223694	85.1003646850586
14-30	en	178.4388758827658	63.61532974243164	nan	100.87236022949219
16-152	en	107.40581364822388	68.4006576538086	537.5387791198069	68.79595184326172
18-65	en	159.2666476241544	56.05008316040039	271.2694584421751	57.36406326293945
18-47	en	1354.9541523030825	87.5317497253418	1470.0085109525023	89.1341781616211
19-49	en	400.44151159433216	80.64798736572266	1778.4595444894605	86.61236953735352
9-60	en	443.44219300241184	87.81150817871094	nan	nan
14-52	en	3515.738012131612	81.23363494873047	nan	159.24346923828125
18-40	en	1177.2135368982952	91.30929946899414	3201.911816293543	95.40742874145508
23-33	en	419.7196759496416	93.79196548461914	nan	162.83038330078125
3-34	en	952.5846097511157	131.7839813232422	2743.5612549146017	136.69676208496094
16-167	en	164.17211275322492	44.1070442199707	273.34076326810396	44.116127014160156
8-44	en	164.8011904999062	77.71406936645508	660.206429862976	78.65055465698242
5-4	en	478.64468943062474	70.8022689819336	nan	72.34454345703125
12-105	en	380.4020064671834	86.25276184082031	nan	98.50077819824219
12-56	en	1362.694468765928	91.53961563110352	nan	99.17728424072266
12-1	en	135.50701197215488	56.03183174133301	834.0044228671348	59.6208610534668
19-44	en	1371.9154428080508	81.01990509033203	nan	81.88233184814453
21-282	en	191.9549262629146	65.61182403564453	nan	74.49795532226562
16-190	en	545.4497489929199	53.129905700683594	1002.24001010259	64.00046157836914
9-48	en	372.3079847574234	107.57126235961914	1419.2262503777022	109.0785903930664
17-16	en	325.7760420838992	77.92792892456055	nan	86.0780258178711
17-77	en	1173.798204657852	107.04045867919922	nan	nan
23-39	en	215.25739635404994	74.4658432006836	nan	76.38274383544922
16-149	en	238.39545322954655	50.55831718444824	nan	23.349465370178223
16-226	en	790.4191565990448	94.07841491699219	nan	104.69027709960938
21-283	en	157.4945810395058	76.24130249023438	634.4657403441037	79.80758285522461
5-5	en	659.5459920204047	99.79397583007812	793.4781268176748	100.05443572998047
17-166	en	88.9964265649969	48.06455612182617	343.76607394218445	48.20358848571777
21-112	en	1428.0449170090935	77.45284271240234	2495.1467471373708	85.45357513427734
5-87	en	207.5466652824765	67.02545166015625	372.0595476844094	70.00485229492188
19-22	en	373.1327264890896	92.78618621826172	1644.700944857164	97.35824966430664
16-217	en	97.55700420032848	59.37958526611328	3199.2557107380458	59.506338119506836
16-8	en	166.33445262908936	86.42827987670898	1143.418970414962	87.0172119140625
18-35	en	299.25944592158	83.27469635009766	nan	nan
24-43	en	460.846474631358	103.75631713867188	nan	105.15715789794922
18-88	en	244.8631463902337	73.03892517089844	1331.0505088965099	78.46457290649414
19-144	en	210.27011736427866	71.69916534423828	210.27011736427866	71.69916534423828
16-199	en	1782.4830691650623	77.51836395263672	2383.697317617403	84.39794921875
10-23	en	226.87336877476085	65.23533630371094	nan	65.93656158447266
10-94	en	80.36207289309115	71.03355026245117	314.2698002614473	73.18228530883789
16-156	en	341.72565433125436	80.44546508789062	1154.6376398535335	87.46382141113281
6-52	en	206.34920988856135	114.70049667358398	1339.2337204233806	118.73856353759766
19-95	en	313.9710111618042	99.02135467529297	1252.6843133853033	108.20464324951172
24-92	en	563.8365386415411	78.85476303100586	nan	nan
5-88	en	101.11104947933252	59.76438522338867	nan	60.4964599609375
9-95	en	117.5086724281311	107.95146179199219	2352.001004991077	114.35322570800781
5-63	en	1099.0854660237876	78.57073974609375	3023.6956360205163	78.77596664428711
9-92	en	359.18956817732266	106.30803680419922	nan	nan
21-186	en	254.3000049004188	82.10548400878906	615.2935638143056	83.24533081054688
16-174	en	136.72772843230004	43.38553047180176	953.3155266138224	43.38553047180176
13-13	en	812.5680246862746	92.57957458496094	3149.434877153653	95.38935852050781
1-47	en	177.72849147970027	88.91673278808594	4033.5546450217566	95.6934700012207
16-51	en	185.68544206252466	76.52140045166016	320.6417395637149	77.33335876464844
13-12	en	191.91550018912866	69.00000381469727	2897.2764420986177	72.18291473388672
21-204	en	309.2747300995721	106.2568130493164	1404.3335577814203	110.9088020324707
5-52	en	144.07382845584257	60.35285949707031	837.4067986097681	60.604793548583984
8-23	en	181.2622876548767	85.61590194702148	1065.935060950945	89.52519989013672
8-37	en	369.2651434355769	90.71112060546875	nan	101.281982421875
9-84	en	649.0473081101762	68.9500732421875	963.2243645215275	67.32196044921875
8-12	en	894.2783168879422	84.90420150756836	nan	87.98613739013672
23-99	en	197.97348300615946	84.41250228881836	6042.365158776257	108.95539093017578
6-78	en	316.93446889698	76.47692108154297	nan	81.73743438720703
6-29	en	109.38486288554633	65.9655532836914	315.06318229177725	65.9655532836914
1-4	en	304.38446755907427	98.38602066040039	nan	30.816683769226074
16-20	en	597.0788769024174	56.735177993774414	2639.159204224979	59.91735076904297
21-192	en	341.00358070026743	102.5531997680664	nan	115.90206909179688
12-38	en	110.3919106721878	58.49887466430664	1419.0426120464617	58.99758529663086
6-59	en	196.49085793671784	94.82412719726562	196.49085793671784	94.82412719726562
12-9	en	265.3466620922089	75.79505157470703	265.3466620922089	75.79505157470703
9-64	en	550.2815254352711	87.41726303100586	nan	nan
1-58	en	283.9367667173728	102.1475830078125	nan	nan
5-66	en	318.50694793843206	117.04906463623047	nan	123.0496826171875
15-30	en	2261.5930746099452	99.58113098144531	nan	nan
7-18	en	92.84310750558343	52.609771728515625	290.9438515636656	52.62170219421387
9-13	en	305.3398634486728	80.12663650512695	475.10251321999925	81.52404403686523
5-13	en	1072.048507024164	81.35418701171875	1251.5626715196145	84.23504257202148
16-219	en	139.88682344981603	69.29550170898438	nan	72.78892517089844
5-45	en	378.59349112077194	104.87904357910156	7384.358539891243	106.62942504882812
21-311	en	635.3895174421114	81.71498107910156	1410.5967697026779	85.35652923583984
18-43	en	225.80281010826866	79.10704803466797	733.7058682796803	80.42726135253906
21-155	en	172.42594203948974	65.82661437988281	7321.874813253229	71.02568817138672
7-17	en	335.2298779964447	69.86125946044922	nan	72.48261260986328
16-114	en	174.9986993930958	73.19307708740234	nan	76.87528610229492
8-30	en	113.81315222153297	63.25490760803223	249.45394772120883	63.5449333190918
13-97	en	322.98773134045484	102.06988143920898	nan	nan
12-53	en	351.55297723770144	92.81807327270508	483.8634116963336	93.45802688598633
16-183	en	519.3103695728983	66.43760681152344	nan	nan
21-105	en	123.18626424153646	69.64163208007812	nan	nan
13-92	en	369.2477571550244	88.69320678710938	nan	100.80858993530273
16-3	en	1552.1886153587927	88.94075393676758	5021.889242564931	91.09413146972656
12-79	en	156.9110445253777	86.6019401550293	1425.803230427984	87.25841522216797
16-81	en	423.01354076748805	89.38476943969727	nan	99.43101501464844
9-28	en	546.8916280845116	84.61838912963867	664.9190216879559	88.70699310302734
6-24	en	163.73457798090848	65.66241455078125	726.4345879378142	66.63390350341797
13-35	en	440.1966989848239	176.88906860351562	nan	74.60298919677734
17-168	en	394.4269066994343	87.774169921875	nan	91.99113464355469
4-6	en	459.065272608111	80.74259948730469	3106.3659672141075	89.15517044067383
16-27	en	166.3619585543607	63.2315788269043	nan	64.81221008300781
23-37	en	238.21283757686615	94.26407623291016	11146.95212841034	130.98464584350586
1-8	en	138.91328049789774	85.32418823242188	nan	nan
19-87	en	238.10211598761728	116.45067596435547	365.73620461980136	116.45067596435547
1-60	en	207.2478232675669	74.58186340332031	nan	74.58186340332031
5-75	en	651.6772369876985	99.6109848022461	869.2077043321398	104.78112030029297
8-20	en	263.9836925983429	113.42378616333008	496.9329875387796	116.08092498779297
21-146	en	106.21542007044742	65.33174896240234	106.21542007044742	65.33174896240234
23-38	en	622.4397978638158	111.79541015625	nan	125.09248352050781
1-66	en	147.94528036117555	80.89734649658203	147.94528036117555	80.89734649658203
16-187	en	254.2282224952752	55.923858642578125	nan	33.94749069213867
19-66	en	122.06894377823714	60.711143493652344	2539.512513059251	61.73806571960449
13-6	en	129.46526920384375	68.1415786743164	129.46526920384375	68.1415786743164
4-41	en	2161.8693380355835	94.7261962890625	nan	nan
12-126	en	147.8759120565946	102.98693084716797	377.04076314741565	104.7264175415039
16-26	en	146.58215138007856	61.28015899658203	146.58215138007856	61.28015899658203
17-5	en	289.7020220756531	136.51151275634766	2181.8338603106413	139.87106323242188
21-318	en	561.4992283990938	91.2017822265625	710.2625807813696	93.88996887207031
19-17	en	514.2960561434428	111.94281005859375	nan	3241.210205078125
9-101	en	142.7472623384916	73.70108032226562	414.2389882405599	74.87236404418945
16-251	en	140.6777130708856	54.2765998840332	140.6777130708856	54.2765998840332
12-87	en	227.0263125797113	64.37642669677734	nan	nan
18-96	en	169.8945298058646	88.95733261108398	1367.116966005782	91.31065368652344
21-47	en	105.89769779205322	59.77198028564453	141.69041299819946	63.06714630126953
19-85	en	1244.1658907135327	90.40983200073242	2943.617757683933	98.14881896972656
9-72	en	84.01027465820313	58.04716873168945	84.01027465820313	58.04716873168945
21-205	en	1151.5515953577483	80.77923583984375	3739.525988202576	90.11637878417969
12-39	en	104.8630924017533	52.453542709350586	474.19611825545627	53.835798263549805
17-60	en	128.40432581757054	71.89542388916016	235.37945629779557	73.4651870727539
5-71	en	147.086535013639	69.25104141235352	326.9474229209031	72.35269927978516
12-163	en	250.99333741213823	86.19849014282227	nan	167.28652954101562
12-14	en	295.44583292991393	106.75116729736328	nan	116.16739273071289
17-18	en	180.00984761521622	84.78105926513672	912.3944768781786	91.81952667236328
5-51	en	288.69177670832033	54.930376052856445	2564.9715166677506	59.71221923828125
16-62	en	663.0664975484212	74.6754264831543	891.2624633953136	76.3152084350586
10-21	en	1926.9706395123455	65.83416748046875	2135.3132347307705	69.47377014160156
9-109	en	1049.0694346898038	108.15791320800781	nan	nan
21-93	en	302.00992046462164	65.95628356933594	430.9464962373086	66.67839813232422
13-87	en	187.81436773389578	78.79072570800781	335.92345107885507	80.3452262878418
4-12	en	243.2507924566082	101.12919235229492	nan	105.31040954589844
13-57	en	367.69485128765376	118.75180053710938	465.5158430946457	121.83087158203125
15-27	en	518.9533907692387	83.15178680419922	908.6363943273371	89.62993621826172
21-165	en	140.46233832268487	79.58907699584961	307.705095279918	81.66621398925781
19-39	en	397.6574438121957	90.91767120361328	nan	81.75328826904297
1-72	en	300.53582263674053	79.82418441772461	nan	nan
16-71	en	258.21914909412334	72.97997283935547	nan	74.59048843383789
15-28	en	136.0203939981697	65.90833282470703	4250.5254654013925	72.36783218383789
18-71	en	179.7075492794774	66.7282485961914	nan	70.4542465209961
1-105	en	211.44257210973484	77.48466110229492	1071.3323371598594	75.01998901367188
17-173	en	499.00847016350696	132.68203735351562	nan	nan
17-32	en	213.9340732179839	83.50872802734375	374.6404664733193	86.7081298828125
12-30	en	259.07220125198364	79.85305786132812	975.830906186785	84.70781707763672
16-154	en	247.55825028329525	78.76885604858398	1549.5844569850613	82.66807556152344
7-43	en	765.6927658587086	82.22538375854492	nan	nan
9-105	en	135.42800726713958	76.34422302246094	nan	80.66171264648438
5-105	en	896.338758546798	99.44160461425781	1707.3801590776818	106.87815856933594
19-37	en	95.52669900113887	70.33854293823242	96.70309238433838	71.07742309570312
16-128	en	186.92288946605228	56.888916015625	nan	12.72716999053955
19-104	en	368.34975493231485	83.1949462890625	956.9945075776842	91.58287811279297
10-88	en	210.841254611348	71.16535186767578	467.6043173616583	71.63206481933594
17-135	en	1061.3720793169598	98.64094543457031	1061.3720793169598	98.64094543457031
13-107	en	219.5767320905413	45.144704818725586	219.5767320905413	45.144704818725586
17-7	en	210.44447912736373	78.71601867675781	463.0454112802233	80.18085479736328
21-187	en	216.21777592572298	104.87904357910156	216.21777592572298	104.87904357910156
13-53	en	103.58615464875193	39.88719940185547	103.58615464875193	39.88719940185547
5-15	en	1071.3970962251935	81.56966018676758	1071.3970962251935	81.56966018676758
12-25	en	128.54804250543768	67.41708374023438	nan	68.52234649658203
21-316	en	160.18048341306923	66.47651290893555	738.4968576755654	66.77156066894531
6-18	en	1722.1586016289732	142.18101501464844	nan	107.63421630859375
9-97	en	435.99562963427917	88.42079162597656	nan	13.322675704956055
7-40	en	807.6960292847689	81.11278533935547	1742.2110319591704	86.54471588134766
19-21	en	395.61599534905474	86.67301177978516	nan	nan
5-107	en	76.40436875479561	51.25840759277344	173.77132368087769	52.4548454284668
6-31	en	229.5154793638932	91.9002571105957	6108.826761100866	95.04341125488281
9-111	en	252.81667046732716	75.23921203613281	3018.0602640748025	77.27705764770508
1-110	en	344.57457046155577	95.13615417480469	nan	167.9644012451172
17-61	en	577.7030396511681	86.06143951416016	1498.2287542008862	90.02468872070312
14-1	en	400.85983868598936	67.31977844238281	539.0305004780836	67.43315887451172
17-171	en	1188.076509986605	69.1539077758789	2211.3829815864565	72.94610977172852
16-39	en	236.53854099799847	79.38963317871094	nan	7.622403144836426
6-35	en	198.07590929858657	78.71601867675781	nan	179.40116119384766
16-162	en	109.0596311756822	67.33541870117188	793.4948350966923	68.23673248291016
16-165	en	119.06205230951309	87.59862899780273	119.06205230951309	87.59862899780273
1-61	en	352.8875043902094	116.18034362792969	nan	229.21031188964844
18-68	en	196.54792681446781	86.30835723876953	729.2240085428411	86.54476928710938
7-41	en	291.57413722409143	60.360647201538086	nan	nan
19-59	en	620.3834140245305	99.31529235839844	620.3834140245305	99.31529235839844
7-44	en	398.9111250703053	79.83998107910156	597.1425705457989	80.48709106445312
6-17	en	79.78285381711763	47.01248741149902	1522.0354749388614	47.1271858215332
5-79	en	486.977643157959	79.19789123535156	nan	244.0179214477539
10-91	en	232.02975100517273	75.59257507324219	1392.7462644391846	78.57861328125
1-59	en	1380.1021839010305	113.08232116699219	4349.820752322019	116.19861602783203
10-5	en	231.1319192415708	79.79447174072266	7681.357881197116	98.61250686645508
16-96	en	223.41189438819885	71.13089752197266	1064.4938310774246	72.69766235351562
17-141	en	232.40970027642172	82.97763061523438	1479.802498139441	83.92777252197266
21-75	en	185.95014891293968	73.1243896484375	324.87315411661183	75.26313400268555
24-148	en	1121.540722261561	68.80300903320312	5407.290034770966	74.69778060913086
5-68	en	2172.6574577080023	75.2537841796875	2318.8122588947253	79.4284439086914
16-172	en	1072.461829296864	75.36463928222656	nan	116.90560913085938
18-60	en	313.1368745000739	85.33063888549805	1019.4641004174442	89.84058380126953
16-2	en	799.1805460430327	82.58743286132812	9179.438319518349	88.84679794311523
18-59	en	849.9506133821276	108.09429168701172	849.9506133821276	108.09429168701172
16-216	en	92.21121540744748	48.75918197631836	nan	52.298946380615234
19-126	en	75.71630575997489	62.3963508605957	556.4265439832533	64.55054473876953
9-124	en	330.852923178458	67.82099151611328	4459.926292319047	68.95194244384766
14-2	en	2204.8058301925657	30.331137657165527	2204.8058301925657	30.331137657165527
9-79	en	104.59618509226831	58.91179275512695	1164.794726956275	68.11186218261719
6-83	en	539.650318990878	123.50473022460938	nan	223.79466247558594
12-19	en	954.2877277646746	69.15264129638672	3360.069864073667	80.78678512573242
16-34	en	428.5433405492364	62.255096435546875	916.5946063252981	62.32070541381836
24-104	en	221.66544246673584	81.35234832763672	3298.1640185628617	86.97054672241211
6-69	en	584.08165333763	81.1786880493164	1138.807453727722	86.77374267578125
17-107	en	561.1683384535329	78.75194549560547	nan	118.42647933959961
19-34	en	319.2308632314205	96.6834831237793	nan	70.42515563964844
21-95	en	336.72833776474	96.06234741210938	709.8224118873477	97.36074447631836
7-10	en	551.6517384749193	121.05658340454102	nan	285.38555908203125
21-185	en	998.8333984808488	116.1916732788086	nan	118.92867279052734
18-39	en	414.63158878913293	73.17932891845703	5825.740774655342	74.70408248901367
16-200	en	343.5051750372041	69.39559555053711	nan	72.76529693603516
1-7	en	142.08285738782186	97.18932342529297	nan	99.77567672729492
14-23	en	111.1377742499636	57.27212142944336	111.1377742499636	57.27212142944336
16-173	en	2176.0964163266694	56.284297943115234	nan	nan
5-33	en	147.90632900595665	75.95263290405273	9901.269661143206	92.55419921875
9-30	en	185.7025145565171	83.33302307128906	730.7529366958973	88.71979904174805
13-9	en	146.76099407672882	76.81295776367188	311.0271126656305	73.9354248046875
12-50	en	446.87122515628215	67.91744613647461	803.5180316827236	70.15811920166016
23-49	en	4790.956247373061	111.36782836914062	nan	117.64859008789062
15-29	en	782.0786672138032	94.06668853759766	nan	nan
19-56	en	498.254449621646	81.28109741210938	685.7717165722567	87.73844528198242
8-33	en	222.52719549148802	73.90836334228516	nan	76.36895751953125
18-66	en	339.3834321006896	129.07451629638672	nan	nan
19-83	en	80.17107911837303	54.261810302734375	318.10317246119183	54.625938415527344
9-96	en	508.30468714141847	64.95787811279297	nan	nan
16-215	en	401.0160975575447	55.134437561035156	nan	39.42495346069336
5-24	en	191.20489334750485	119.9441146850586	1309.8364434664763	122.5186538696289
16-41	en	269.81260076195304	75.01213836669922	nan	78.81467056274414
5-132	en	280.07024763822557	78.11123275756836	nan	59.99963569641113
9-85	en	399.0537174304802	87.9990463256836	nan	98.45077133178711
6-37	en	2490.676607949393	79.20843887329102	2490.676607949393	79.20843887329102
17-23	en	466.32552086817077	104.6681137084961	646.7815387980144	106.49662017822266
9-36	en	101.22958310445149	74.41051483154297	101.22958310445149	74.41051483154297
5-20	en	137.22002670432948	63.750091552734375	533.6797632170312	68.32978057861328
18-81	en	227.51898543039957	60.99936866760254	227.51898543039957	60.99936866760254
1-94	en	289.13685472968484	62.70861053466797	nan	10522.34375
19-25	en	151.90778559558797	60.3456916809082	517.7445355874521	62.187870025634766
19-53	en	419.9903462860319	120.77283096313477	nan	84.7357177734375
8-67	en	555.9066764540592	67.70353698730469	785.9098431746165	67.94025802612305
14-38	en	157.98977527212588	79.50672912597656	157.98977527212588	79.50672912597656
19-43	en	597.1869039030264	128.0565948486328	nan	100.21369171142578
21-79	en	329.8820923566818	67.8381462097168	nan	72.53157424926758
16-218	en	124.20381998221079	70.34037780761719	2971.2280945777893	72.52453231811523
16-151	en	98.00505255761547	56.31890106201172	319.3156391924078	57.70921325683594
12-32	en	100.23619311564677	68.88948059082031	475.390416446485	72.3932991027832
19-63	en	60.70975508008684	50.5521183013916	262.05323289145883	52.57604217529297
19-167	en	653.8014169157597	96.07759094238281	nan	nan
16-54	en	145.7625379353544	64.90753173828125	182.92159846209097	65.06086349487305
7-34	en	609.7978877206134	91.3863525390625	3045.924272125244	93.57176971435547
6-82	en	726.7609919840746	72.31642150878906	2078.688464677559	84.8907470703125
10-78	en	90.19780243767633	63.610595703125	nan	76.46973419189453
9-61	en	171.5157897233963	91.71083450317383	171.5157897233963	91.71083450317383
8-6	en	430.0049336166943	166.24745178222656	nan	112.9847640991211
14-53	en	271.0917072833424	106.50418853759766	271.0917072833424	106.50418853759766
23-9	en	228.4236890529764	61.98319435119629	nan	65.18984985351562
13-29	en	654.5200966130133	67.38299560546875	654.5200966130133	67.38299560546875
19-38	en	627.8289802184958	75.87663269042969	989.8381630374539	76.63472747802734
1-51	en	516.0011895161408	80.82051467895508	nan	81.68090057373047
1-93	en	133.52757091342278	50.58872985839844	nan	52.140445709228516
21-16	en	393.36125654644434	71.08001327514648	nan	75.82099151611328
12-55	en	168.08504136403403	57.71807289123535	761.5652956095608	59.32925987243652
18-85	en	135.1040087575498	52.546945571899414	1624.0611293948427	58.645164489746094
19-72	en	130.88477849960327	59.787506103515625	130.88477849960327	59.787506103515625
9-102	en	157.25416321224637	61.83663558959961	3679.1130418777466	65.127685546875
19-109	en	720.1012152503519	81.88284301757812	840.004819340176	88.76686096191406
5-16	en	371.28541478534675	104.78112030029297	3860.165597261873	115.53794860839844
14-56	en	85.03738360404968	54.6816349029541	868.4962502888271	57.032894134521484
17-62	en	220.40585084932042	84.86259460449219	nan	86.2393569946289
10-15	en	168.99259212718292	74.72502899169922	330.7021381334327	74.72502899169922
6-26	en	106.2921919700427	82.7208480834961	907.822991580498	98.119384765625
12-13	en	681.6385017063307	77.12191772460938	3421.389415214802	82.8078384399414
17-27	en	1072.0975580445256	72.84590911865234	2295.6895029385882	78.72151947021484
16-55	en	175.0475688537994	70.86648559570312	1264.7609013043916	71.62034606933594
21-193	en	138.46802571532015	80.86917877197266	138.46802571532015	80.86917877197266
4-11	en	757.0156137217646	91.89714813232422	nan	104.84236907958984
5-77	en	808.5923226356506	87.03085708618164	957.4659968889677	87.65350341796875
14-25	en	122.93878318281735	63.91003608703613	853.7733159648428	65.0975341796875
18-79	en	521.6466563253691	83.06979370117188	4742.794225003984	85.06064987182617
21-321	en	162.37068360068582	64.12830352783203	162.37068360068582	64.12830352783203
5-50	en	160.7114470926198	65.2123851776123	1303.7644973430006	67.47323608398438
23-34	en	142.60282011729916	65.36869430541992	1267.4038215315486	65.66393280029297
10-71	en	237.15995089213052	84.57157897949219	848.0826156777396	89.0826416015625
16-158	en	395.789983496374	61.1655330657959	1361.2739720251045	67.64817810058594
9-58	en	237.59235219257633	73.55838775634766	nan	75.95864486694336
9-74	en	568.4099312095999	84.53041076660156	nan	22.390480041503906
16-130	en	342.25558175737893	85.00071716308594	nan	86.50133514404297
23-32	en	282.2767451216535	81.07176971435547	nan	177561.859375
13-11	en	136.10004064930018	63.70852279663086	nan	72.48676300048828
16-78	en	380.3445442487609	92.48840713500977	nan	108.23715209960938
8-31	en	348.48787891864777	66.88172149658203	nan	69.48887634277344
16-189	en	696.1167715749433	79.10889434814453	1229.3851852416992	84.48736190795898
9-63	en	255.48409967711478	98.55527114868164	255.48409967711478	98.55527114868164
20-30	en	228.5329228478509	79.78107452392578	nan	92.33170700073242
12-36	en	91.29728820323945	49.94561576843262	439.2192245809043	52.807823181152344
5-76	en	433.5490641189834	85.56594848632812	665.5915243784586	88.58539581298828
23-30	en	110.41145598888397	55.28002166748047	467.0294492566908	55.28002166748047
13-45	en	343.6712689399719	84.68670654296875	343.6712689399719	84.68670654296875
6-20	en	122.45082277059555	71.30419921875	1430.9160024202788	72.45465850830078
5-82	en	146.37405309815338	63.716453552246094	518.4913085346491	65.1842269897461
16-212	en	782.981158579097	64.30707168579102	5818.185162221882	67.8810043334961
18-62	en	184.1610673707107	67.81743621826172	nan	69.3286018371582
21-355	en	952.833143901825	110.6895866394043	nan	114.14250946044922
13-4	en	148.52902053384219	43.47830581665039	148.52902053384219	43.47830581665039
21-74	en	135.25156147839272	64.48027801513672	nan	18.153043746948242
9-45	en	667.4741163253784	55.774330139160156	3988.9435052317244	61.361257553100586
20-54	en	434.0124096173919	68.51713562011719	1889.172786417587	69.13855743408203
19-27	en	476.6198800223214	98.47588348388672	nan	nan
21-175	en	516.672346953688	66.50424194335938	nan	67.84716033935547
18-112	en	493.52822069591946	112.7350082397461	nan	112.36701583862305
17-85	en	202.52816329956056	98.72573852539062	519.5819347605985	99.93513488769531
1-1	en	150.19051302047004	89.3088607788086	1626.7192928574302	93.6758041381836
18-76	en	126.16259918474171	75.56741333007812	1317.7589782934922	79.73050689697266
17-13	en	126.47080595228407	59.139347076416016	435.8104988595714	59.628326416015625
21-39	en	77.84507612081674	52.66497230529785	nan	47.46860885620117
13-28	en	515.5453853449545	89.02484893798828	2818.7570019979325	91.23552322387695
10-65	en	532.4677974651386	95.86254119873047	3698.4404522500386	96.97565841674805
23-83	en	101.73788615635463	71.76927947998047	1810.2611571281186	83.55938720703125
19-55	en	747.5496538248929	97.72114562988281	nan	108.09198379516602
23-41	en	209.5007281187104	62.150634765625	512.4234809648423	62.919240951538086
18-63	en	328.7533033408371	66.73307800292969	598.509906732119	68.25732421875
10-25	en	561.8333896562165	103.64178466796875	988.8144750775032	115.4779052734375
17-59	en	228.06793179512024	95.81949234008789	228.06793179512024	95.81949234008789
6-81	en	189.47536486004472	93.3857650756836	189.47536486004472	93.3857650756836
9-91	en	759.6955008737502	78.29346084594727	nan	9.360758304595947
19-54	en	625.0289673805237	89.25126266479492	803.3545220858091	89.37578582763672
10-82	en	338.2586734798593	126.42729187011719	nan	128.15293884277344
21-306	en	534.410676058601	125.83322525024414	4020.805305480957	138.35830688476562
16-4	en	96.23826583035022	59.35201644897461	265.99848504293533	59.48463439941406
13-7	en	438.60453670809727	104.87904357910156	nan	nan
13-91	en	181.34357296336782	65.0057144165039	nan	74.09562683105469
21-358	en	200.95094607738739	95.68630981445312	3608.7587850110285	99.16490173339844
21-331	en	138.98197815234843	69.13582611083984	1168.8791570803699	72.61106491088867
24-25	en	438.8466366038603	78.58839416503906	438.8466366038603	78.58839416503906
23-102	en	486.35120506908584	113.84366226196289	820.8681778501957	121.19533157348633
19-20	en	382.2536184762114	78.71601867675781	nan	85.98982238769531
13-59	en	310.06660848004475	168.7656707763672	nan	176.89219665527344
12-103	en	255.2794250647227	82.19182968139648	5466.8131678757845	84.16923522949219
22-4	en	372.75427625829525	76.01203155517578	1799.1379807106284	79.27162551879883
12-114	en	131.42876988649368	96.36856079101562	350.269814652663	102.43814086914062
22-57	en	1171.4597335614656	124.54847717285156	nan	130.7479591369629
22-27	en	168.9384833744594	85.80570220947266	764.2719495657718	95.23810958862305
19-41	en	196.36872890051893	90.33201599121094	196.36872890051893	90.33201599121094
21-19	en	220.22171034812928	45.23640441894531	2845.2692617972693	52.60931396484375
1-117	en	164.55901465477882	76.5514907836914	772.4323265075684	79.608154296875
15-23	en	125.8310317993164	72.58849334716797	125.8310317993164	72.58849334716797
24-28	en	915.0629157778583	112.16459655761719	8362.930266055193	145.8291244506836
21-169	en	172.61242405284534	73.68094635009766	172.61242405284534	73.68094635009766
16-250	en	471.69720848401386	119.83482360839844	471.69720848401386	119.83482360839844
18-114	en	181.5788037258646	130.12493896484375	181.5788037258646	130.12493896484375
21-7	en	179.307705812676	95.95986938476562	179.307705812676	95.95986938476562
13-69	en	881.0035632999464	80.01717758178711	3095.6291318774897	80.22462463378906
13-90	en	65.00778888401233	28.371776580810547	nan	41.4141960144043
8-76	en	440.7559329741592	116.40387725830078	3267.7255752107017	131.45091247558594
24-87	en	164.97937248579038	70.54810333251953	585.0749228513694	73.22929000854492
19-112	en	105.97707309722901	71.23118209838867	751.3676570474285	74.0663070678711
24-31	en	331.90216305791114	80.38556671142578	nan	89.56871795654297
2-8	en	157.67200060685477	118.9808464050293	157.67200060685477	118.9808464050293
20-22	en	123.57073663410388	52.64328384399414	997.7880982398987	53.02001762390137
15-7	en	771.1255068695336	63.064823150634766	nan	64.88836288452148
12-75	en	215.7641818476658	61.60430908203125	2295.06380296187	67.05828094482422
8-27	en	1160.2902610898018	124.58193969726562	1160.2902610898018	124.58193969726562
20-17	en	52.17426981244768	34.72403335571289	52.17426981244768	34.72403335571289
12-24	en	184.6560502052307	98.98073959350586	184.6560502052307	98.98073959350586
24-9	en	389.7418343470647	85.81851196289062	600.2649468475918	88.39073944091797
16-170	en	70.67913473629561	50.43381881713867	1443.2921728857102	50.509185791015625
20-24	en	101.2955737261428	61.73681640625	1238.4144743042764	62.9623908996582
16-184	en	113.26025015778012	56.7487850189209	113.26025015778012	56.7487850189209
7-28	en	178.59638056002166	83.59651565551758	6594.224224951209	92.66213607788086
18-58	en	88.52695405623493	67.5785903930664	1077.877658078837	68.33934783935547
15-44	en	538.4782226703785	92.04743194580078	538.4782226703785	92.04743194580078
21-106	en	88.10295547485352	65.45851135253906	88.10295547485352	65.45851135253906
16-204	en	3486.9612883004274	118.63230895996094	3486.9612883004274	118.63230895996094
12-102	en	84.19363939060884	53.906471252441406	7229.44994884167	56.400115966796875
22-2	en	1493.877056293145	154.92263793945312	nan	486.0461730957031
9-110	en	191.60334174487056	100.19589233398438	3739.749188239758	107.95966720581055
19-57	en	110.89781830861018	69.50106811523438	110.89781830861018	69.50106811523438
22-71	en	160.42185357411702	63.58363723754883	570.5347224871317	71.47347640991211
22-44	en	111.5709218297686	48.02807807922363	202.5286047089268	48.972747802734375
24-103	en	395.7797589434518	135.58670806884766	nan	140.7289276123047
16-23	en	211.85006166249514	60.396358489990234	211.85006166249514	60.396358489990234
17-110	en	308.71624779701233	91.46700286865234	nan	102.12549209594727
17-129	en	285.88586990038556	102.67185974121094	nan	24.188425064086914
10-14	en	238.86596058510446	125.71647644042969	238.86596058510446	125.71647644042969
17-128	en	181.20809601802452	82.85523223876953	435.9501228877476	84.35751342773438
16-153	en	131.69231911837045	81.50851058959961	nan	82.35953521728516
1-115	en	163.58242355509006	60.39514923095703	163.58242355509006	60.39514923095703
13-83	en	273.43964032526617	83.30906677246094	534.119781117861	85.37078094482422
10-92	en	310.4203081893921	79.80614471435547	2520.3743137045753	89.28834533691406
19-140	en	355.1647913684584	119.0221176147461	900.7119732418575	124.74609756469727
13-81	en	179.57021676122613	65.53262329101562	1680.0404498974483	63.18388366699219
14-41	en	372.8424471042774	83.68946075439453	891.8342587904497	84.727294921875
9-103	en	524.3509947556715	104.87904357910156	2468.347624315534	132.34207916259766
1-113	en	189.51928857315417	86.88910293579102	553.59041669152	90.0097885131836
5-112	en	295.114515615064	75.74794006347656	295.114515615064	75.74794006347656
11-29	en	562.6997601985931	129.6644058227539	nan	155.99891662597656
2-18	en	336.96838681321395	69.38793182373047	358.60577072674715	69.14041137695312
1-9	en	121.81985923979018	95.52663040161133	nan	101.72203063964844
10-45	en	297.99881472154095	99.55101776123047	nan	104.87904357910156
21-252	en	154.7724057527689	97.95540237426758	nan	100.32349395751953
17-164	en	2874.964460006127	90.41275787353516	4795.647983574573	93.66850280761719
16-141	en	157.2572300461517	77.31090545654297	nan	nan
10-69	en	118.7159449160099	58.2576904296875	337.7525716048021	58.64356994628906
19-65	en	145.7525184218948	75.96112823486328	272.6305912903377	76.52587890625
1-114	en	763.3170275033689	82.59916687011719	nan	86.02647018432617
20-42	en	277.5780009905497	56.304542541503906	894.0863845271449	57.272254943847656
16-105	en	134.1178777217865	74.49331665039062	nan	35.47421455383301
15-40	en	631.0907509637916	73.64323043823242	801.716770232992	74.36065673828125
21-273	en	120.46671447387108	49.91845512390137	5536.991722509401	51.38726806640625
24-130	en	151.29394976989082	82.16654968261719	151.29394976989082	82.16654968261719
21-297	en	114.34202929104076	52.4893913269043	nan	56.08900833129883
17-68	en	370.6448158423106	116.94679641723633	nan	124.77067184448242
10-42	en	121.86487491852647	69.73294067382812	nan	72.27783966064453
12-34	en	150.6055171379676	66.75166320800781	365.84023172205144	67.08610916137695
19-31	en	1605.7960886055569	101.98871994018555	2235.5832950426184	99.09839630126953
6-84	en	54.918063481648765	36.286869049072266	54.918063481648765	36.286869049072266
9-37	en	192.5957199068212	82.23242950439453	400.88249872712527	83.8642807006836
22-39	en	249.07911542554697	84.86847305297852	310.1132345642011	85.80570220947266
19-119	en	143.47112451990446	74.9896469116211	1394.9887589252357	77.248046875
12-76	en	180.03965451824132	83.97540283203125	nan	nan
19-67	en	250.7839093208313	85.67005920410156	663.63567448722	91.70239639282227
7-39	en	134.63965933663505	75.10701751708984	134.63965933663505	75.10701751708984
16-256	en	186.74953969319662	60.73845100402832	nan	62.586524963378906
22-34	en	624.8968172542384	75.36499786376953	1486.6053144061377	79.34319305419922
21-325	en	351.69914552143644	60.62359619140625	426.8134618138158	63.55683898925781
13-70	en	491.7220774748194	95.61894226074219	2012.844915497572	104.87904357910156
24-77	en	189.99612073031338	76.05974960327148	nan	79.6222915649414
22-43	en	213.52658626984578	70.69071197509766	nan	71.53289794921875
7-22	en	124.87305443103497	69.14316940307617	124.87305443103497	69.14316940307617
6-40	en	1605.3198604972995	83.64767456054688	nan	85.81233978271484
24-60	en	185.43442417593565	66.26897430419922	nan	67.6696548461914
5-127	en	188.91363198258156	80.75726318359375	351.75481643895995	81.20447540283203
17-140	en	135.42601563713768	84.31846237182617	212.0079874250624	86.22451782226562
21-176	en	229.99330550023953	95.9404182434082	nan	166.0948715209961
19-52	en	386.7006495459038	83.26374816894531	5539.736509461557	91.94551086425781
23-78	en	197.73603420722776	58.31040954589844	197.73603420722776	58.31040954589844
17-57	en	221.0133614010281	103.78922271728516	242.30759957432747	112.5438346862793
10-46	en	268.62672557067873	119.79236602783203	268.62672557067873	119.79236602783203
23-27	en	1323.011688530445	87.30221557617188	1323.011688530445	87.30221557617188
22-25	en	72.4177984031471	37.44806098937988	262.8668501536051	37.86469650268555
1-34	en	397.4495464546093	101.667236328125	3362.8026322174073	115.59244537353516
20-38	en	91.58191680908203	61.99207305908203	91.58191680908203	61.99207305908203
16-113	en	611.8437305259705	104.96807479858398	1180.7169377803802	113.14644241333008
18-42	en	222.60827143295953	75.68992614746094	6045.600674793638	78.66446685791016
24-40	en	181.52706056711625	64.95506286621094	622.7648694281485	74.59790802001953
12-16	en	555.1573482254176	108.48125457763672	2778.619596043858	114.350341796875
10-8	en	1174.1989186150688	80.49695587158203	1365.796200500047	87.41696166992188
10-19	en	735.8815730381012	73.69660568237305	nan	60521.3671875
21-332	en	251.57891861041944	90.73258209228516	390.5456270875602	91.88917541503906
16-107	en	617.9665319124857	228.28863525390625	617.9665319124857	228.28863525390625
20-10	en	186.1724317498403	101.37895965576172	377.65789455980865	103.62210464477539
7-3	en	111.51598321823846	74.65892791748047	111.51598321823846	74.65892791748047
10-44	en	667.0973643850773	81.47883987426758	2552.2900279363	89.64208221435547
23-65	en	188.67819178955895	80.9542350769043	859.435145036961	80.37062072753906
15-17	en	283.27632965864956	96.17800903320312	283.27632965864956	96.17800903320312
16-82	en	235.7284583221247	93.90884399414062	235.7284583221247	93.90884399414062
24-85	en	621.7004721959432	119.34092712402344	nan	120.3626480102539
6-14	en	315.64782579040525	95.1668930053711	427.07995955149335	95.64130020141602
21-88	en	338.82178968122633	102.3968505859375	nan	101.93378448486328
18-75	en	242.3386462688446	134.85611724853516	955.7872749421655	136.14968872070312
11-40	en	1283.7739215200347	117.50438690185547	nan	136.1529998779297
16-119	en	188.2298257727372	64.85502624511719	188.2298257727372	64.85502624511719
13-84	en	168.17905180270856	51.240787506103516	nan	53.23936653137207
10-31	en	271.5449945607762	93.92129516601562	1217.0635421920872	97.50337219238281
24-94	en	90.64287052835736	57.63389778137207	90.64287052835736	57.63389778137207
16-231	en	380.152089373756	66.46831512451172	nan	75.21297454833984
12-128	en	510.63866565624875	121.21489334106445	nan	138.9249725341797
21-99	en	171.25906160354614	117.25663375854492	175.1820011699901	123.69815063476562
19-62	en	175.81130933761597	62.99720764160156	481.2477355557819	64.23373985290527
7-80	en	874.3312341178336	80.04638671875	2588.8417067860446	81.135009765625
15-15	en	1695.51541017603	119.668701171875	4903.87478122257	123.9914779663086
21-115	en	330.3468836499499	75.00233459472656	nan	78.50532531738281
5-85	en	891.9891544479922	86.4068832397461	2202.7657423580395	86.67301177978516
21-91	en	628.7870231980369	109.83040618896484	nan	9.128993034362793
15-18	en	146.02983533708672	59.02837562561035	330.5761579909882	59.720394134521484
21-152	en	159.39068773709812	72.82621765136719	159.39068773709812	72.82621765136719
21-299	en	104.29177779417772	57.67884826660156	104.29177779417772	57.67884826660156
22-38	en	128.83936029672623	49.85419464111328	3406.0096135495314	53.23505783081055
13-101	en	594.0042756422242	87.18540954589844	3654.077687208601	89.09627532958984
8-68	en	109.6928809483846	70.69442749023438	395.14028989567475	72.98526382446289
22-15	en	88.07459150615492	65.8743667602539	1849.0350773755242	68.2883071899414
21-167	en	153.19656055851988	84.50860595703125	191.575838578053	85.6896743774414
22-66	en	232.86481257847376	80.75850677490234	889.0905755976195	82.4891128540039
24-61	en	461.06462954673447	63.706363677978516	nan	77.07125091552734
17-49	en	785.8654127742933	103.82576751708984	nan	1871.7763671875
23-11	en	1409.9772406684028	147.6826171875	nan	153.5381317138672
21-198	en	456.9161102070528	50.00835037231445	456.9161102070528	50.00835037231445
16-182	en	302.5144211303356	79.84961700439453	1958.3807196724683	83.25291442871094
1-33	en	1451.6650425967048	140.52487182617188	1451.6650425967048	140.52487182617188
17-15	en	365.69149264267514	88.51913070678711	nan	99.30630874633789
6-56	en	320.86796624319896	92.84126281738281	320.86796624319896	92.84126281738281
18-110	en	221.5377747019132	86.75864791870117	nan	90.9786148071289
22-56	en	73.97094003970807	37.781925201416016	73.97094003970807	37.781925201416016
21-158	en	104.81893539428711	73.92448043823242	104.81893539428711	73.92448043823242
21-227	en	672.1908896143843	222.31051635742188	nan	nan
13-58	en	446.08419755987217	92.4621810913086	446.08419755987217	92.4621810913086
7-4	en	162.96300486417917	62.97139930725098	nan	70.91117095947266
7-9	en	170.82476337234695	86.66829681396484	nan	nan
5-131	en	147.3127432698789	86.16072082519531	147.3127432698789	86.16072082519531
17-48	en	190.71989768126915	77.8207015991211	nan	78.29729080200195
2-9	en	94.67526993384728	88.61436462402344	94.67526993384728	88.61436462402344
1-89	en	253.14223256557108	109.21031188964844	6539.576358022254	124.9336929321289
16-242	en	648.9188525265661	85.80869674682617	nan	92.36470794677734
20-4	en	1463.0834608611526	136.84539794921875	nan	152.13450622558594
20-26	en	580.3681460415876	93.93106079101562	2491.4396162373678	95.08118057250977
18-45	en	2818.136441009385	104.99835586547852	3417.2480063642192	109.96089172363281
8-78	en	399.78356354886836	111.92684555053711	nan	176615.4375
16-116	en	109.56877842655888	67.58915710449219	1159.0031942640032	69.12633514404297
13-56	en	331.6104197171655	130.46609497070312	469.105383050208	132.5998764038086
21-222	en	161.9599817072759	63.31005096435547	317.6526398274206	64.71727561950684
5-47	en	91.20598892211915	62.70149612426758	91.20598892211915	62.70149612426758
16-14	en	80.63157233146772	46.560150146484375	245.25896451279922	46.82177925109863
1-76	en	579.0228316256874	143.04669189453125	1997.50713155667	146.5275421142578
11-14	en	1074.8426011756615	81.45076751708984	nan	108.03405380249023
5-92	en	855.0519529277996	75.5455093383789	1302.313214520939	81.877197265625
22-58	en	145.14903646707535	90.79945373535156	145.14903646707535	90.79945373535156
14-49	en	305.98305885731673	65.96278381347656	1224.2996079232082	66.11788177490234
5-56	en	512.7846476098765	132.90292358398438	512.7846476098765	132.90292358398438
8-45	en	96.58304970264435	61.325950622558594	907.5372321117355	65.34870910644531
16-241	en	114.17076104186302	72.82085800170898	nan	74.62389755249023
24-56	en	151.02190081114622	62.346832275390625	nan	64.53533172607422
24-46	en	77.39154879252116	38.0787467956543	nan	40.869903564453125
16-101	en	210.39936250385486	79.31906127929688	nan	80.39445495605469
22-77	en	103.92884959307584	66.55280303955078	358.4318465590477	69.88620376586914
6-15	en	1244.042028427124	104.87904357910156	4090.009335109166	112.60053253173828
12-141	en	299.4628467225192	64.2422866821289	421.6944452700408	64.25040435791016
9-8	en	185.6991189404538	65.33023071289062	549.042646139096	70.37996673583984
23-55	en	1254.4666012436596	109.3100814819336	1254.4666012436596	109.3100814819336
19-75	en	696.6885206222535	58.875789642333984	2496.50376445055	61.66345024108887
16-233	en	83.41015062067244	49.94551086425781	83.41015062067244	49.94551086425781
21-350	en	2196.3594695615097	166.5363311767578	9663.663010223003	208.7398681640625
8-39	en	364.3728815317154	80.40441131591797	1315.743511087754	83.46714401245117
21-305	en	127.74792776107788	90.39104843139648	1703.1687498092651	92.60543823242188
4-2	en	478.78114262494177	79.30998611450195	4802.980373119963	84.62914276123047
21-159	en	172.11693234973484	83.64715957641602	6486.719834347775	90.88066864013672
13-113	en	769.7258564631144	87.77587890625	769.7258564631144	87.77587890625
9-16	en	418.46898888922357	86.6045150756836	413.4091333487095	86.27511215209961
12-123	en	247.51677688475579	115.4535140991211	nan	124.72881317138672
13-79	en	341.75395113892023	99.03271484375	nan	69.91197204589844
17-176	en	114.45850410461426	77.08193969726562	114.45850410461426	77.08193969726562
16-168	en	380.09148769378663	78.61240768432617	613.2190067957318	82.67293930053711
24-32	en	194.42375005755508	70.41447448730469	2098.4862177289765	70.53598022460938
16-40	en	604.4750029604199	163.03822326660156	nan	188.9402847290039
20-11	en	277.56338329435147	88.58546447753906	1283.200402589492	88.648681640625
12-111	en	69.83063572645187	44.180931091308594	69.83063572645187	44.180931091308594
21-28	en	305.00884242796565	87.0450210571289	nan	85.26256561279297
21-108	en	543.6948398702285	62.46455001831055	nan	29991.49609375
18-41	en	722.6912263234457	61.96731948852539	nan	nan
24-99	en	305.4627026716868	114.3882064819336	nan	127.6490592956543
22-42	en	705.4248274727302	74.4651107788086	755.007275425986	74.47886657714844
13-26	en	130.63225491841635	85.43765258789062	130.63225491841635	85.43765258789062
5-119	en	914.9977554215325	135.59752655029297	nan	107.21397399902344
21-117	en	529.1755615234375	134.41748046875	nan	153.77147674560547
5-130	en	647.2442615691651	82.92630004882812	791.5479712335687	85.80570220947266
6-43	en	612.0273510542783	61.80377769470215	4340.40434632094	65.90554428100586
22-62	en	101.11012358892532	53.47901153564453	101.11012358892532	53.47901153564453
10-27	en	86.97739777198204	87.12171173095703	86.97739777198204	87.12171173095703
22-14	en	243.98692553383964	68.68520736694336	nan	nan
13-76	en	332.72342548062727	69.81072235107422	5363.72272372927	78.35240173339844
12-129	en	92.03465576374785	50.43123245239258	242.1826770682084	51.28060531616211
11-7	en	64.21814063191414	59.42944526672363	64.21814063191414	59.42944526672363
15-6	en	1115.9549479711623	132.8781280517578	1115.9549479711623	132.8781280517578
23-67	en	273.2782619415768	85.31573104858398	384.16659593957615	85.56297302246094
8-35	en	1431.8428061503284	63.547054290771484	2017.6423027956928	64.07557487487793
24-141	en	159.0337750116984	77.3165512084961	nan	65.82783508300781
12-137	en	502.09857203410223	139.48423767089844	nan	175.38428497314453
4-3	en	300.3511179429066	104.25294494628906	570.8931512479429	105.1489486694336
17-174	en	243.1987020810445	111.47837448120117	243.1987020810445	111.47837448120117
10-30	en	291.17803458313443	121.11453247070312	nan	84.41706848144531
8-11	en	1871.318308711645	178.58570861816406	nan	131.02601623535156
9-87	en	250.34523608766753	71.23146057128906	777.374336942037	73.04392623901367
24-126	en	99.11895696210189	57.67289352416992	301.49796130081705	58.22228240966797
8-43	en	258.3630565145741	75.78373718261719	1756.3969811990228	78.71601867675781
21-35	en	218.48552899719567	78.20216369628906	nan	90.92477035522461
16-235	en	291.9076470998617	51.59899711608887	1075.0483693028941	52.67212104797363
21-335	en	210.74282484681066	79.015625	nan	53.06561279296875
8-73	en	126.67671466518092	73.86319732666016	126.67671466518092	73.86319732666016
2-12	en	75.73422603607177	61.078460693359375	75.73422603607177	61.078460693359375
19-127	en	370.1232265210619	128.50091552734375	3146.6640831599725	139.91937255859375
21-334	en	328.3740868038601	91.2123031616211	1972.7588192069013	94.36311721801758
21-190	en	230.9349627413992	84.90756225585938	3560.7907275230655	86.13800430297852
21-42	en	142.04429801098712	75.14076232910156	142.04429801098712	75.14076232910156
16-93	en	239.41115377166054	69.40856170654297	1193.717629571979	70.0102767944336
23-20	en	292.17329651117325	72.41396713256836	3704.794465556289	77.40290832519531
21-101	en	1153.3011705429574	84.3288345336914	2597.38530493927	84.93663787841797
17-47	en	212.76634447915214	113.43954849243164	1404.1661610933813	116.09904479980469
19-117	en	480.1961275910678	58.84160232543945	667.7082972139925	59.72731590270996
12-26	en	626.8603220976793	104.24104309082031	nan	nan
16-196	en	126.07807781385338	63.47657585144043	126.07807781385338	63.47657585144043
8-22	en	173.25916181911123	114.48725891113281	488.4333288828532	115.66279602050781
5-118	en	558.522388583324	125.57011413574219	781.0639094075849	127.1905746459961
7-8	en	1563.6639905812447	101.5325698852539	2917.295133776584	104.38371276855469
19-128	en	303.9473455661052	103.3670654296875	1966.481915535071	107.83458709716797
24-114	en	161.20965835322505	65.40163803100586	161.20965835322505	65.40163803100586
9-7	en	996.1645401685665	80.5800666809082	4142.744020368995	86.69925308227539
11-34	en	309.2165115307539	66.9173583984375	415.4837879785677	76.21015930175781
21-121	en	201.5574949146372	86.12835693359375	1131.7551593780518	88.73107528686523
10-33	en	468.53098987278184	68.69526672363281	1710.4730413143452	72.45631790161133
18-44	en	756.9085436353258	86.39048767089844	nan	nan
20-3	en	705.0886781684687	83.159912109375	nan	84.34862518310547
16-61	en	1289.6549188104168	84.83251190185547	4060.7367694264367	91.63202667236328
15-22	en	470.8646888841282	105.35863876342773	nan	119.18374633789062
16-28	en	443.8606214201852	62.06584167480469	nan	nan
12-116	en	141.37145081162453	64.59743881225586	360.05953125586876	65.30552673339844
16-205	en	307.0990319521922	84.62123107910156	307.0990319521922	84.62123107910156
24-82	en	301.7644576193794	79.62094116210938	nan	48.18964385986328
21-103	en	244.9678867732253	110.61014556884766	686.2022792512337	122.43263244628906
10-84	en	138.4283834023051	75.6236801147461	326.3211290674302	79.5866470336914
21-160	en	494.73202644348146	120.25252532958984	672.003514733645	126.51238250732422
21-128	en	107.56959293910435	66.34832382202148	377.21779272291394	68.0650749206543
3-39	en	110.04436312223736	63.61721611022949	110.04436312223736	63.61721611022949
16-247	en	76.41990857124328	29.883529663085938	822.2188768386841	30.470529556274414
19-42	en	191.85985094706217	88.80738067626953	756.3547782154826	92.013427734375
21-281	en	86.13547746870253	55.199161529541016	198.90889949383944	59.90353965759277
19-88	en	94.50442886352539	77.19542694091797	2361.0794005186663	77.28412628173828
12-33	en	148.08777459462485	79.38469314575195	nan	82.49513244628906
12-88	en	257.8893786104102	91.58137130737305	nan	27.354363441467285
22-72	en	192.72846938216168	67.46104431152344	366.37338167491714	67.9673843383789
16-134	en	521.0821267107983	84.03155517578125	nan	152.57621002197266
7-5	en	191.62323168704384	59.82318305969238	191.62323168704384	59.82318305969238
7-30	en	132.8291861216227	73.66924667358398	748.3476934211199	74.03721618652344
10-36	en	241.20160666683265	106.19035339355469	nan	106.66199493408203
18-74	en	126.31707265900403	80.3284797668457	1092.1897665205456	85.0909423828125
16-33	en	109.28781867728514	66.74723434448242	235.53638955130094	68.07001876831055
13-63	en	185.41721639633178	87.03365325927734	829.6783818500797	91.66011810302734
21-354	en	331.12729211007394	84.19772338867188	2497.8995771559457	89.24296569824219
22-48	en	537.1616827646891	92.8409309387207	537.1616827646891	92.8409309387207
7-51	en	193.94831414222716	85.80570220947266	nan	18.533395767211914
21-180	en	221.1158760372955	80.4324951171875	221.1158760372955	80.4324951171875
9-106	en	363.84616426988083	76.29289627075195	1607.043961815212	80.80625534057617
20-33	en	91.44932358353226	63.475284576416016	1638.3809267911045	63.97175216674805
8-70	en	198.3833890987348	75.50981903076172	1477.3133055989335	77.4786605834961
19-146	en	110.26606599215803	67.98930358886719	1464.1124054590862	70.55048370361328
5-103	en	163.57498162984848	109.96989440917969	744.0026337016712	112.16459655761719
10-9	en	619.9970817400061	91.22061157226562	1377.930178642273	94.6879653930664
1-41	en	230.14578437805176	39.83213424682617	230.14578437805176	39.83213424682617
14-16	en	226.69449383871896	64.34837913513184	226.69449383871896	64.34837913513184
17-94	en	148.73396278249805	100.49327087402344	310.18126638369125	100.49327087402344
7-75	en	558.4007143878937	68.55345916748047	558.4007143878937	68.55345916748047
11-25	en	159.70467254544093	70.25674438476562	285.7046598606422	70.41690826416016
21-5	en	601.1137309471766	110.12824249267578	2379.6895349074384	111.41767120361328
13-37	en	92.81205433607101	84.24509048461914	88.38518922469196	78.87284851074219
13-80	en	1071.6158977344337	73.30288696289062	nan	74.3848648071289
20-9	en	114.84091910193948	60.544883728027344	114.84091910193948	60.544883728027344
24-27	en	343.864463408788	80.03773880004883	nan	80.71419525146484
21-12	en	98.42415225796583	45.843994140625	98.42415225796583	45.843994140625
14-14	en	1161.7391396420342	89.46464920043945	1567.5386116586883	95.73991394042969
8-36	en	236.56926126737852	119.77752685546875	1369.0508377838134	121.2831802368164
16-6	en	351.624960719765	73.29923248291016	395.8821402826617	73.59347534179688
9-38	en	718.5908759866442	117.08844375610352	nan	273.8845520019531
23-13	en	394.9325372097539	113.31459045410156	492.9948697273548	113.37278366088867
14-3	en	702.427310540941	139.32450103759766	nan	nan
9-23	en	315.86647212748625	103.12138366699219	nan	104.87904357910156
13-96	en	875.6065701675415	109.61351776123047	nan	118.9786605834961
21-143	en	174.71654144493309	103.4654769897461	2852.7742240805374	103.4654769897461
14-31	en	524.4068366499508	124.34467315673828	nan	155.76217651367188
6-41	en	186.10782866558787	59.041603088378906	186.10782866558787	59.041603088378906
21-58	en	116.7409828829478	57.27212142944336	286.25712213062104	58.36674118041992
13-100	en	191.41975812989523	95.80396270751953	308.9732853521512	98.62142944335938
16-37	en	207.73236706733704	75.22244644165039	nan	nan
24-66	en	123.41547460783096	44.60264587402344	nan	47.170881271362305
6-73	en	107.84393076463179	75.0115852355957	nan	84.65719604492188
19-124	en	251.0802131074198	74.35782623291016	nan	76.59896469116211
17-162	en	169.31854938325426	92.9273910522461	499.24362218102743	96.97783660888672
24-36	en	1147.6680470090923	125.49762725830078	1147.6680470090923	125.49762725830078
23-36	en	873.1014451904297	71.63123321533203	nan	74.00922393798828
24-100	en	322.6976448341652	96.39260864257812	971.370064326695	99.3315544128418
24-119	en	136.19374457995096	103.5897216796875	136.19374457995096	103.5897216796875
24-59	en	278.13678616285324	62.58030319213867	nan	62.866416931152344
24-35	en	803.2237577710833	61.13860321044922	nan	75.53785705566406
12-23	en	404.01960038557286	75.53840637207031	nan	nan
15-5	en	244.77205972110525	113.41166687011719	244.77205972110525	113.41166687011719
16-253	en	123.43621612257428	49.77202606201172	350.9336117065116	50.19012451171875
16-246	en	68.90229087040342	45.372161865234375	nan	nan
15-34	en	194.54673227122132	83.161376953125	nan	23.506481170654297
17-51	en	176.66450002458362	62.839487075805664	176.66450002458362	62.839487075805664
21-215	en	202.54875405629477	82.53189468383789	nan	91.50814819335938
19-145	en	247.44765296349158	126.9467658996582	nan	129.10546875
23-51	en	168.66682106821162	70.50868225097656	316.4525487621625	71.85613632202148
7-16	en	133.7574699719747	114.33251953125	133.7574699719747	114.33251953125
14-15	en	107.57845439910889	88.73389053344727	107.57845439910889	88.73389053344727
13-42	en	355.4639539460878	105.0861701965332	2284.622512768788	114.60821533203125
24-30	en	161.44509452428574	64.86366653442383	251.75503226171566	65.325927734375
12-27	en	396.3484411239624	77.46384811401367	396.3484411239624	77.46384811401367
20-32	en	120.11486445940457	61.58600997924805	1439.568513327007	62.088958740234375
23-25	en	116.51130244606419	52.08208465576172	116.51130244606419	52.08208465576172
19-76	en	1474.2538844799174	123.5224380493164	3851.770573025658	132.37619018554688
7-6	en	96.32215568937104	53.33747863769531	96.32215568937104	53.33747863769531
9-89	en	1340.2912562202005	69.55278015136719	1871.5038068535623	75.27750396728516
3-44	en	155.2023891102184	89.4876937866211	155.2023891102184	89.4876937866211
7-59	en	197.1888631184896	86.6783447265625	197.1888631184896	86.6783447265625
16-80	en	185.19198428994358	65.8331069946289	1076.668692093629	66.94385147094727
17-163	en	136.72703508649553	82.64140319824219	531.7095252143013	83.30624008178711
14-61	en	109.87883614291664	71.07894134521484	228.59731817245483	71.1838607788086
9-81	en	529.4587842941285	66.96976470947266	nan	71.63314056396484
8-79	en	98.28902500016349	76.70264434814453	348.42600139818694	78.71601867675781
17-75	en	464.6889290558664	135.56463623046875	1209.0233775896904	137.94480895996094
6-46	en	655.4634683479383	98.0589599609375	nan	nan
4-39	en	458.8162856723951	117.53173065185547	458.8162856723951	117.53173065185547
22-41	en	86.20370724844554	53.690460205078125	86.20370724844554	53.690460205078125
12-107	en	101.29981565475464	48.28796577453613	101.29981565475464	48.28796577453613
17-125	en	378.4714915039193	110.23088836669922	nan	110.73141479492188
21-11	en	194.59378147125244	65.16017532348633	6709.56897521019	70.3062744140625
22-76	en	121.02010867762012	80.40934371948242	284.64167845934287	80.59789276123047
21-264	en	355.2531165399495	107.12873840332031	633.4299321201869	110.62855529785156
18-107	en	335.00763197506177	112.87125778198242	nan	123.38676452636719
7-67	en	861.2853901025021	64.42626953125	nan	72.6346549987793
8-8	en	4907.5661934807185	151.9298553466797	nan	nan
24-2	en	160.45561326288544	89.84046936035156	nan	90.39299392700195
24-125	en	44.34159001437101	43.10510063171387	44.34159001437101	43.10510063171387
9-75	en	376.492791557312	101.02302169799805	3822.8027804403596	120.88583374023438
15-14	en	1535.4731120696435	125.49650955200195	2032.0402007044097	138.96163940429688
18-97	en	531.4386396246441	97.72953796386719	965.9167456309001	97.82880783081055
9-54	en	111.00678964761588	63.81138610839844	1943.254525933947	65.59035110473633
16-258	en	620.3364290521856	104.87904357910156	620.3364290521856	104.87904357910156
11-35	en	314.6055993239085	101.27592849731445	680.0427262847488	103.67615509033203
21-251	en	254.03745641206442	74.97261810302734	964.3534724911054	75.23583221435547
13-111	en	170.79481072174875	63.19202995300293	nan	66.73548126220703
2-3	en	118.06809004029232	71.06517791748047	118.06809004029232	71.06517791748047
4-27	en	184.66005799936693	81.19982147216797	184.66005799936693	81.19982147216797
17-169	en	123.66985725634026	90.42665100097656	nan	110.34954452514648
9-107	en	2093.7061589062214	125.90389251708984	2093.7061589062214	125.90389251708984
13-103	en	150.00506286621095	83.55389404296875	2615.2608499526978	86.05975723266602
6-39	en	368.8927506091548	78.71601867675781	nan	109.10704040527344
16-136	en	191.76101407918844	82.7598648071289	352.9705464757722	82.40324401855469
21-84	en	939.2368747597874	102.95462036132812	4335.52542259075	112.66241836547852
16-227	en	253.5539578165327	51.594919204711914	748.0873168441984	52.30872917175293
21-337	en	101.63742418758204	78.76445007324219	623.4163498954167	80.25175476074219
16-94	en	236.98845426426377	76.00058364868164	nan	21.29346466064453
17-63	en	76.85077430425065	53.076377868652344	76.85077430425065	53.076377868652344
23-5	en	256.584370037605	79.18743896484375	nan	80.4036750793457
17-41	en	153.00605474935995	111.35888671875	1574.0038530424044	114.66818237304688
13-25	en	176.0254611968994	49.166770935058594	nan	53.66303634643555
23-81	en	150.16845666037665	65.2406997680664	990.5804340768568	65.2406997680664
17-120	en	435.50336865319144	129.33214569091797	550.4260992174563	134.5552749633789
5-42	en	272.8227509208347	65.61902236938477	272.8227509208347	65.61902236938477
19-93	en	249.73762192726136	91.76709747314453	nan	19.372398376464844
20-13	en	88.71216502334133	61.422393798828125	88.71216502334133	61.422393798828125
16-232	en	464.38544869801353	90.86445617675781	464.38544869801353	90.86445617675781
1-79	en	500.30907741189003	64.44941711425781	5880.95868396759	67.02812957763672
19-11	en	112.79730333600726	46.17898178100586	3752.149482269287	47.51461982727051
9-51	en	196.14470731295071	96.7347297668457	748.929381172612	98.04432678222656
1-3	en	296.23077977660796	146.37464904785156	2317.286681314877	151.01018524169922
8-13	en	333.6104256581452	79.20439147949219	nan	87.20154571533203
22-23	en	162.4446802553923	77.56643676757812	250.05981605435596	77.72400665283203
17-167	en	732.0231791433887	75.89110565185547	nan	nan
15-39	en	177.3519810040792	80.42821502685547	nan	nan
23-91	en	363.4736812815947	69.53229522705078	2066.021039460835	112.78828430175781
15-9	en	146.56231564945645	77.20026016235352	146.56231564945645	77.20026016235352
10-29	en	952.7230078932167	85.1186752319336	nan	10306.44140625
21-131	en	275.81880724527	77.47620391845703	1423.175296073736	86.55435180664062
15-8	en	1404.3501241499916	71.13307571411133	nan	33.49169921875
9-34	en	121.06133496602376	79.5635757446289	nan	24.865978240966797
21-202	en	623.7634893246551	71.01437377929688	623.7634893246551	71.01437377929688
16-248	en	666.8128233708834	83.77896499633789	666.8128233708834	83.77896499633789
24-75	en	148.25435991429572	74.013427734375	3804.3336248528467	94.64695739746094
13-86	en	647.9192385326159	86.60496520996094	nan	147.38304138183594
16-126	en	227.59488016872083	82.20255279541016	387.8681197961171	82.6749496459961
17-73	en	928.6384062085833	116.29884338378906	5266.619866058475	116.90721893310547
13-18	en	119.30464904910916	65.92269897460938	274.0523885125699	66.00698471069336
16-206	en	102.64555521011353	89.68445587158203	102.64555521011353	89.68445587158203
1-111	en	165.95984931385846	90.2626953125	1747.2960304094397	97.47761535644531
21-279	en	201.52249904045692	58.53949737548828	3476.117597313488	61.1499137878418
21-51	en	126.3106764793396	93.0602798461914	126.3106764793396	93.0602798461914
22-70	en	132.0892650871946	65.80677795410156	132.0892650871946	65.80677795410156
16-79	en	514.8469545585768	70.8690071105957	nan	39.06161308288574
12-134	en	621.6997902209943	66.56343841552734	621.6997902209943	66.56343841552734
24-65	en	302.82452994962284	75.11371612548828	976.6714792487062	82.79104614257812
15-43	en	373.0670504393401	115.21279525756836	615.1795387268066	117.53173065185547
21-336	en	392.46585500732925	65.19206237792969	nan	27.391674041748047
1-122	en	631.0891714176889	84.32424545288086	1082.6821270066548	88.60646057128906
16-103	en	110.00951083675845	79.22040557861328	3761.196470281129	79.35909271240234
16-175	en	126.8021262274848	51.90107536315918	1107.1586059902024	53.350202560424805
15-35	en	113.85452323913574	53.595380783081055	617.257957832486	56.072349548339844
2-20	en	178.3784831442484	95.27205657958984	178.3784831442484	95.27205657958984
24-17	en	150.45879205067953	74.33302688598633	nan	80.26547241210938
10-20	en	1502.1753120422363	102.06427764892578	nan	102.71753692626953
14-45	en	1905.15254616093	92.47593688964844	2110.9975500859714	94.42009353637695
16-213	en	179.32478473497474	76.13424301147461	nan	79.53619766235352
22-7	en	587.6537441709148	69.0989761352539	638.6163808317746	72.19344711303711
16-234	en	150.18604999659013	59.15418243408203	nan	59.78349494934082
13-88	en	90.10093916278996	52.192779541015625	160.1497493176847	54.10530662536621
23-24	en	194.30504963614723	71.11505508422852	257.1220066494412	71.15635681152344
1-90	en	218.45017581515842	86.85397720336914	nan	92.99073028564453
6-16	en	786.0358920714434	79.85418701171875	nan	102.49347686767578
21-248	en	249.80415464850034	103.08821487426758	248.28826193128313	105.45718002319336
12-131	en	184.4722449158969	101.26826477050781	840.3529199473063	112.52093505859375
12-51	en	2671.0790864308674	72.47773742675781	14884.114182591438	72.82867050170898
17-161	en	137.8452636946493	76.99372100830078	4809.930407206218	83.09387969970703
23-48	en	381.1627572437502	91.23012924194336	511.76961633200955	91.88938903808594
23-3	en	89.53305230821881	47.64312171936035	3199.873296737671	56.36567306518555
16-1	en	163.04443724437425	56.18963623046875	2439.7344556708085	59.256492614746094
16-203	en	190.03491556700936	99.33441925048828	724.3909663964077	120.02661895751953
21-301	en	1477.6182039124626	83.58917617797852	1477.6182039124626	83.58917617797852
16-111	en	520.6967403321039	88.96221160888672	3082.7399179140725	93.06648635864258
9-62	en	606.2791254368234	79.46219635009766	4034.971151115968	98.20967864990234
5-116	en	252.75724351728286	61.72036361694336	252.75724351728286	61.72036361694336
4-23	en	93.78761291503906	61.63458824157715	93.78761291503906	61.63458824157715
12-151	en	455.13465769667374	63.49054718017578	2428.1454560498155	73.6540298461914
1-2	en	214.2650639302022	105.75506591796875	214.2650639302022	105.75506591796875
21-23	en	334.10961479150154	142.39309692382812	nan	159.58486938476562
18-56	en	212.09706080300467	76.91133880615234	nan	127.8138656616211
8-15	en	1262.654179763794	71.08811950683594	2907.9489507488174	72.11393737792969
7-46	en	201.80006712626636	57.27212142944336	7747.041905132693	65.7334976196289
24-54	en	403.47819306736903	62.15240287780762	nan	nan
14-60	en	115.70655678729622	87.09376525878906	3116.41148815155	87.27883911132812
16-56	en	135.15593842593105	60.761505126953125	307.4744701385498	62.486778259277344
8-71	en	210.24712787355696	84.88164901733398	1220.022482839124	92.68854522705078
24-131	en	123.77623352511176	76.55145645141602	nan	nan
5-1	en	213.22848399480185	83.67630386352539	13843.017445363497	89.09412384033203
16-44	en	358.4300732068848	65.48279571533203	3492.5619622772024	68.81744003295898
24-7	en	321.63250677402203	69.06435775756836	321.63250677402203	69.06435775756836
23-74	en	198.91540714145935	91.96167755126953	nan	10.054872512817383
6-32	en	441.86553245544434	49.17183303833008	441.86553245544434	49.17183303833008
24-136	en	119.45882740727177	43.68304252624512	819.545502935137	44.50351524353027
22-67	en	317.8563543558121	61.74211120605469	639.1806506565639	69.5844955444336
11-10	en	145.216899673144	68.40211486816406	145.216899673144	68.40211486816406
11-16	en	159.02360471089682	95.64279174804688	159.02360471089682	95.64279174804688
22-19	en	66.98709561427434	43.29934310913086	748.5039406017381	43.53268814086914
13-104	en	166.69666952245376	90.93199157714844	nan	89.37596130371094
22-40	en	444.60296913824584	69.61302947998047	nan	33.59273910522461
16-72	en	104.5901781939721	46.480247497558594	144.3526605972877	47.0872802734375
24-120	en	99.65880222320557	76.9671516418457	99.65880222320557	76.9671516418457
23-95	en	982.3040480974108	84.86652374267578	2471.729934048518	85.80570220947266
5-72	en	94.27501811981202	68.06674385070801	295.14574574752595	72.2784652709961
12-94	en	358.8630478697003	119.33541107177734	358.8630478697003	119.33541107177734
1-37	en	201.5525185040065	126.09191513061523	201.5525185040065	126.09191513061523
12-121	en	301.25488154093426	121.92191696166992	511.0286397222263	123.01361083984375
19-168	en	338.711218660528	101.4905891418457	nan	236.50946044921875
10-38	en	225.40100914323833	77.07129669189453	225.40100914323833	77.07129669189453
13-62	en	3412.9985624538954	82.543212890625	7355.436278429898	87.1732406616211
12-130	en	193.74332641601563	99.71376037597656	nan	107.31616973876953
13-44	en	1768.728430752707	106.20027160644531	1892.1340018206952	107.33129501342773
8-50	en	231.5795426141648	102.68257141113281	6440.952347495339	104.75132751464844
23-84	en	146.49128452936807	76.59991455078125	664.6254019891062	81.6231689453125
10-1	en	621.8734183605807	94.35289001464844	3334.355396815709	96.18646240234375
8-41	en	776.4600036900218	63.264095306396484	1760.1090523919395	71.88765716552734
1-35	en	252.33789720842915	137.4822540283203	nan	137.4822540283203
19-101	en	71.53995424906412	42.338871002197266	1222.4140440225601	50.261579513549805
7-50	en	10966.605472138588	83.69792175292969	12784.877798772326	88.64433288574219
21-31	en	182.03170163631438	93.32929992675781	199.66546818040172	93.36603546142578
14-37	en	1077.163910357983	105.39807891845703	1077.163910357983	105.39807891845703
21-211	en	1468.429747607257	85.80570220947266	1468.429747607257	85.80570220947266
23-63	en	145.43653893978038	47.94844055175781	145.43653893978038	47.94844055175781
18-61	en	359.7332420442619	74.28288269042969	1541.1474578803945	78.70269775390625
19-122	en	247.1502995300293	95.9752426147461	nan	26.8552188873291
7-65	en	289.54643563429516	71.7814712524414	404.83812985275733	71.61664581298828
22-36	en	267.21538008281163	60.44751739501953	nan	62.35213851928711
12-72	en	311.99446194081366	71.8814468383789	6042.541639132672	75.39134216308594
21-255	en	240.8395603689654	64.33475875854492	nan	nan
23-71	en	253.62309875311675	65.81839370727539	nan	13.68381643295288
12-95	en	117.87279243792517	61.80093765258789	295.4293884754181	65.41982460021973
11-30	en	1858.897254456865	74.93477630615234	2372.6150118509927	75.18082046508789
20-20	en	665.9870334105058	100.73522186279297	6294.153784541761	104.87904357910156
12-139	en	496.60451669216155	76.40513229370117	902.9336656448888	77.8112564086914
21-245	en	121.20057513074177	61.03248405456543	1377.0530154906123	62.017677307128906
17-113	en	153.01367107825942	61.7972526550293	nan	nan
19-141	en	507.9158352988107	99.79852676391602	1279.8520586792852	104.78993606567383
5-69	en	229.1200271154705	83.89279174804688	2450.2158486763637	88.50379943847656
7-83	en	256.91497436468154	89.29004669189453	458.33185586929324	91.60956573486328
12-29	en	210.17082916058993	63.93146896362305	357.5242234369119	64.55486488342285
13-74	en	250.29103682414595	99.19886016845703	1053.7863008920538	105.29400253295898
12-96	en	102.9403195456853	52.97738265991211	3091.479415482741	53.43769454956055
17-70	en	416.47916889190674	104.84247589111328	416.47916889190674	104.84247589111328
19-79	en	223.40305789105304	72.77639770507812	2280.821964216232	76.53166580200195
17-138	en	152.73493038177492	60.63873863220215	431.23221958384795	61.20490264892578
16-120	en	135.07804219862993	64.19575500488281	610.2754776000977	65.07158660888672
5-111	en	128.29787587311307	73.3071517944336	365.42785593668617	73.79349136352539
18-33	en	1128.3365795398188	98.48848724365234	nan	102.96614074707031
24-49	en	151.53129343832694	57.80878829956055	nan	61.76228713989258
24-73	en	1419.6573079157683	88.96221160888672	nan	121.85800552368164
21-314	en	883.962361851517	178.09780883789062	nan	39.201839447021484
24-5	en	85.43801981608073	69.67613983154297	6602.407713890076	71.73432540893555
15-12	en	172.86858312061855	64.50740814208984	2441.2589930295944	66.17576217651367
14-59	en	75.07417213215547	64.44972038269043	915.6072649819511	68.38082122802734
21-34	en	182.06552306199686	101.43852233886719	182.06552306199686	101.43852233886719
16-125	en	106.23916770793774	75.27183532714844	1659.586979452769	83.54238891601562
5-67	en	152.1288702132854	86.78231048583984	703.1287895838419	86.84906768798828
7-62	en	117.54352496919178	66.6733627319336	117.54352496919178	66.6733627319336
16-92	en	604.5595849990844	85.43048095703125	1489.9589573084297	97.24045181274414
24-71	en	193.14696013506722	67.69911193847656	1473.5246819056822	68.44198608398438
6-57	en	216.98151206970215	114.39643096923828	216.98151206970215	114.39643096923828
24-111	en	142.1964664077759	78.6198844909668	142.1964664077759	78.6198844909668
13-102	en	99.01215296525221	53.84158706665039	389.88922420936296	54.12493133544922
8-74	en	1681.7382548877172	100.70722198486328	3013.4201358326695	106.03844451904297
12-97	en	305.7135182458001	118.18598175048828	nan	nan
12-81	en	150.33933740854263	76.71610641479492	150.33933740854263	76.71610641479492
24-134	en	427.2612927416538	48.59657669067383	547.276456813423	50.87675857543945
7-76	en	550.4038096897638	80.76832580566406	nan	83.34869766235352
16-252	en	130.57559091127837	66.04124450683594	3100.2194398766133	68.66197967529297
21-285	en	615.9307015937144	140.11753845214844	nan	106502.828125
21-147	en	292.03651537214006	132.6830291748047	292.03651537214006	132.6830291748047
20-6	en	201.49774621592627	73.79435348510742	270.98014545440674	75.2401123046875
22-32	en	446.2097301413031	61.8416690826416	796.1107500280652	64.05693054199219
8-53	en	395.5792898775926	92.56946563720703	3569.3040439957067	123.23161315917969
16-163	en	528.169303894043	63.94308853149414	528.169303894043	63.94308853149414
22-65	en	110.45607605386287	75.47990417480469	110.45607605386287	75.47990417480469
24-95	en	232.880435256958	66.45713996887207	758.876470198998	72.115234375
23-28	en	684.8806938758263	76.00444030761719	728.9597018259876	80.25003051757812
24-41	en	825.849388885498	82.15980529785156	1389.7769892657245	82.92699432373047
13-60	en	137.3405652860316	89.08344268798828	nan	71.80282592773438
23-79	en	849.2321231307983	123.01361083984375	2972.9033430489626	127.78534698486328
24-118	en	555.7707316398621	56.856685638427734	555.7707316398621	56.856685638427734
13-98	en	253.90775604248046	74.92495346069336	1461.3263680594307	81.3214111328125
24-26	en	212.59925795764457	104.79545593261719	212.59925795764457	104.79545593261719
24-154	en	78.58432279314313	55.009653091430664	78.58432279314313	55.009653091430664
16-86	en	331.0477003395557	63.800222396850586	392.06825824431434	64.66431427001953
1-5	en	621.5647030126036	113.26007843017578	nan	nan
22-35	en	291.368997314397	75.34912872314453	489.42122425549275	77.88011169433594
19-92	en	241.9172134784737	98.81381225585938	235.08926855349074	94.98369979858398
24-68	en	560.6759786861284	76.20171356201172	2929.312564348352	79.24382019042969
24-93	en	625.5735429260466	73.94207382202148	1983.584356166221	76.33729553222656
23-57	en	528.2059415911065	67.75834655761719	2720.070460766554	75.29606246948242
12-150	en	224.69984703797562	57.69348907470703	455.4225169865053	58.3055362701416
8-29	en	239.3866692896812	96.47639083862305	552.6250632053285	98.92276000976562
24-121	en	129.2927861213684	53.87423324584961	240.70965866088866	55.40922927856445
8-77	en	138.19382719723683	64.70615005493164	576.5845429985611	65.11484909057617
21-253	en	466.4504675207467	76.91586303710938	458.93933941146076	73.73457336425781
21-238	en	3052.4930553869767	67.63247680664062	3101.853496170044	68.13545227050781
23-12	en	324.6373326267515	97.94450378417969	6807.749390925391	104.87904357910156
17-165	en	109.59524706790322	61.6514778137207	355.22458211306866	63.05356788635254
21-295	en	273.5686053448036	121.49787139892578	39537.05635442307	132.4724884033203
24-52	en	179.42773180874912	47.70317077636719	270.3971096447536	47.9910888671875
12-35	en	594.1883122048727	85.07591247558594	3099.1294535703437	90.15991973876953
23-92	en	572.7906989968342	128.2330780029297	nan	18.09477138519287
24-124	en	161.0124666595459	87.8921890258789	161.0124666595459	87.8921890258789
12-80	en	106.33378630268331	63.89145469665527	1047.9988916793673	68.47875213623047
15-38	en	167.8244269769403	93.40869140625	1839.9766216397286	95.00878524780273
23-62	en	97.3694637298584	69.56100273132324	97.3694637298584	69.56100273132324
17-159	en	253.80047625479614	109.48133850097656	838.5387871361881	111.03983306884766
21-140	en	93.3305569562045	56.45582580566406	93.3305569562045	56.45582580566406
11-9	en	431.2353075903815	66.33499145507812	1667.00913173274	68.17627334594727
24-74	en	102.88016111954398	70.3248405456543	nan	76.06877899169922
5-44	en	498.330659892824	102.76145935058594	1658.2533563326483	104.78112030029297
16-25	en	103.16676243420305	68.16874313354492	1545.0230461217589	70.44436645507812
24-105	en	185.87482452392578	94.21442031860352	2594.250725066919	94.23310852050781
16-254	en	708.0294089889526	66.85871124267578	708.0294089889526	66.85871124267578
17-50	en	300.741606186418	84.85012435913086	nan	14.08834171295166
17-160	en	318.6887300154742	109.71849822998047	588.6388828937824	112.85003662109375
16-122	en	325.59023496839734	72.62921142578125	384.79068062522197	73.78758239746094
24-84	en	300.09265463117146	64.05734252929688	nan	63.95549964904785
16-90	en	294.63456253210705	103.55423355102539	nan	24.337486267089844
12-93	en	145.15382641333122	74.98300170898438	403.53460556377064	75.84125518798828
20-14	en	354.3078339829737	64.34029388427734	472.70369878768923	64.96157836914062
22-20	en	1075.969160266857	103.9664535522461	nan	nan
18-29	en	524.4032812297344	117.44859313964844	1503.5412468646932	120.18755340576172
18-28	en	87.14082122282548	53.07185173034668	215.68997310088562	54.95622634887695
15-32	en	2525.729116151499	69.76456451416016	nan	72.08990859985352
10-37	en	175.88567985534667	86.66121292114258	175.88567985534667	86.66121292114258
13-119	en	197.6275600488635	107.59158325195312	197.6275600488635	107.59158325195312
19-80	en	216.8332002957662	76.07635498046875	360.2170281328004	77.64665985107422
24-110	en	322.35795928410124	83.64936828613281	322.35795928410124	83.64936828613281
16-260	en	96.6106819975866	57.8680305480957	nan	58.36900329589844
21-53	en	112.4411727922772	57.27212142944336	885.7161394032565	57.87333679199219
18-54	en	887.3501590226826	111.37714385986328	1113.540250113516	124.30209350585938
10-89	en	252.60395810478613	111.40209579467773	342.68331006285433	111.40209579467773
21-328	en	174.3277494430542	62.76515197753906	922.981432504952	63.77596664428711
19-78	en	93.35654528000775	60.840904235839844	2673.6847511291503	62.074337005615234
7-29	en	135.37396577688364	70.79098510742188	nan	72.33195877075195
5-123	en	2517.045429332836	114.71411895751953	2937.2685862089456	115.27704620361328
5-49	en	734.296176538839	98.03048706054688	908.9346445279243	98.5717887878418
13-55	en	130.2467305239509	73.7765998840332	nan	68.88497924804688
21-163	en	460.161042303788	114.08053588867188	2181.136982079708	128.41424560546875
18-49	en	417.6332175614404	89.06253814697266	nan	nan
10-39	en	109.56645984649658	79.10384750366211	109.56645984649658	79.10384750366211
8-42	en	166.96663188934326	63.57753562927246	2241.0581720140244	64.09920501708984
21-188	en	369.39871535686234	125.11128997802734	nan	216.3175506591797
18-90	en	2271.1196417441734	92.78345489501953	5160.201726772167	97.73345947265625
17-142	en	378.4564735647561	89.63337707519531	nan	nan
21-309	en	192.48449812764707	61.097673416137695	493.8379487991333	62.66592788696289
21-226	en	317.51369018988174	87.08860397338867	891.8224334108069	89.758544921875
9-88	en	203.10592070869777	57.1307487487793	203.10592070869777	57.1307487487793
9-67	en	202.55877120093962	88.35694885253906	nan	nan
21-98	en	91.72337900797525	66.4841079711914	91.72337900797525	66.4841079711914
16-131	en	183.44291682627008	73.1229248046875	1592.7801700120563	73.17932891845703
16-99	en	316.9202073138693	80.13917541503906	1569.504341823954	81.64067077636719
10-72	en	157.05780254266202	85.0066146850586	157.05780254266202	85.0066146850586
10-35	en	1214.774941468239	107.05222702026367	nan	113.9039306640625
4-30	en	152.0781774520874	74.8285026550293	152.0781774520874	74.8285026550293
18-86	en	221.08928091098102	98.58245086669922	221.08928091098102	98.58245086669922
22-17	en	141.3390657843613	85.98468780517578	141.3390657843613	85.98468780517578
5-61	en	363.85811359294945	78.91035461425781	5778.224404215813	89.0244255065918
24-6	en	115.30864943563938	65.89205932617188	nan	66.7438735961914
24-62	en	381.23722922924867	66.21044921875	nan	72.32711791992188
10-70	en	119.4871117196432	82.13978576660156	4073.619029914008	97.07892608642578
21-22	en	427.37847713721817	95.03479766845703	2872.864985322251	102.58566665649414
5-38	en	168.16648416165953	73.41580963134766	8728.548373120171	79.9242057800293
16-198	en	62.49793338775635	43.43680763244629	62.49793338775635	43.43680763244629
21-298	en	101.12916353225708	56.689937591552734	495.1087464164285	57.05466079711914
23-76	en	250.86463285894956	67.71674728393555	4780.649008195177	68.98065948486328
9-39	en	273.648652891318	86.29222869873047	1185.363123393295	91.2229232788086
10-98	en	353.3912532670157	82.58403396606445	353.3912532670157	82.58403396606445
18-30	en	365.40872233833363	79.8016586303711	nan	86.47625732421875
12-73	en	81.30687022209167	51.936458587646484	429.4724753310041	52.92108154296875
16-230	en	255.67548490733634	110.99954223632812	255.67548490733634	110.99954223632812
21-293	en	137.68029435964732	68.76184844970703	nan	67.81726837158203
16-238	en	137.03471096440364	54.96833419799805	3778.428391952141	60.58741760253906
5-34	en	598.0940664155142	103.14012908935547	1031.3092133336597	104.65866088867188
21-302	en	170.27213662357653	88.94757843017578	170.27213662357653	88.94757843017578
24-83	en	251.44766734508758	85.55419921875	2665.6929475044717	97.27206420898438
21-149	en	125.8982494029593	78.96832656860352	125.8982494029593	78.96832656860352
7-27	en	227.4218256182787	76.58883285522461	nan	92.81866836547852
21-182	en	285.9011015308147	92.04028701782227	428.024289188963	94.22982788085938
21-148	en	167.80531383382862	111.46634674072266	74457.83150023222	117.03559875488281
18-99	en	600.9342956168979	79.60057830810547	865.4566491567172	80.49752426147461
19-61	en	148.12270555690844	56.834686279296875	148.12270555690844	56.834686279296875
21-294	en	406.13429143984024	121.9260025024414	nan	123.13115692138672
13-24	en	517.0334988820184	66.02497100830078	658.2484292984009	66.68611526489258
11-20	en	130.20406814721915	85.1979866027832	1984.4104586354008	88.56889724731445
9-86	en	475.4686485362958	76.119140625	2734.7907719906466	79.34258270263672
3-19	en	235.99714084220145	114.00016021728516	nan	117.64022445678711
21-244	en	103.9487247467041	104.94652938842773	103.9487247467041	104.94652938842773
13-121	en	1194.8600422888994	113.07293319702148	6581.26105427742	129.7093734741211
9-19	en	312.1163510084152	95.98137664794922	nan	101.63737487792969
15-42	en	524.0321223307878	64.18877220153809	524.0321223307878	64.18877220153809
12-74	en	405.7224081516266	100.80704498291016	nan	115.79976654052734
12-112	en	137.4367499994048	62.81308364868164	334.23427673796533	62.957963943481445
14-6	en	550.0344790855463	96.5451889038086	650.48630744671	94.65210723876953
5-46	en	254.02240544352037	85.78728866577148	254.02240544352037	85.78728866577148
21-333	en	174.16944501664904	76.43647384643555	330.01479924380124	76.85681915283203
7-82	en	655.904650076655	135.88087463378906	nan	151.90213775634766
16-49	en	376.28660745059744	79.26812744140625	10163.735698322673	87.70856475830078
13-65	en	156.81989652315775	59.4800910949707	156.81989652315775	59.4800910949707
8-38	en	237.44551351865132	72.52313995361328	237.44551351865132	72.52313995361328
24-123	en	423.7044990804015	91.87782287597656	nan	102.86336517333984
23-66	en	653.5177876052036	61.31502914428711	8154.808956963675	64.45728302001953
7-63	en	669.6300286327499	90.77400970458984	991.5506434276186	90.77400970458984
2-10	en	156.77372702236832	94.27925109863281	463.58311035673495	95.54861450195312
11-22	en	136.4627829520933	48.123069763183594	136.4627829520933	48.123069763183594
13-105	en	318.7472466259468	94.03421783447266	nan	110.1243667602539
16-249	en	563.7214602657726	88.20083999633789	nan	nan
6-70	en	538.1175303612986	90.96007537841797	951.8001886095319	91.69343566894531
24-152	en	425.3045087518363	76.5105972290039	2997.9429902553557	80.41106033325195
16-209	en	130.44844664467706	97.47487258911133	297.7772787454966	100.84075164794922
17-170	en	278.2904146979837	95.30842971801758	372.6711098807199	102.58865356445312
11-24	en	80.78382752158426	49.486778259277344	80.78382752158426	49.486778259277344
20-15	en	943.9232075635125	78.49274444580078	4233.076273962855	87.60664749145508
24-132	en	109.19287455709357	60.022178649902344	109.19287455709357	60.022178649902344
21-214	en	169.45914236704508	67.96619033813477	169.45914236704508	67.96619033813477
22-68	en	88.40652607856913	46.614973068237305	303.89832584063214	46.614973068237305
15-20	en	197.5369528461905	88.56082534790039	300.88410413700296	90.01455688476562
12-115	en	149.51384244141755	70.41930389404297	676.1720045975277	73.07133865356445
18-27	en	108.90413010915121	63.2988338470459	794.0353623872162	75.17706298828125
11-39	en	204.05335895768528	90.22737121582031	1143.8005123859693	92.29545593261719
7-19	en	78.54217130997601	64.41224670410156	5871.787224292755	68.70172882080078
22-29	en	1620.55609446764	58.16630935668945	1620.55609446764	58.16630935668945
18-84	en	216.35874985914964	127.16678619384766	1435.9716854673443	129.59759140014648
9-123	en	189.02532298439428	66.02440643310547	nan	70.1920166015625
13-115	en	439.11534686769755	94.35984802246094	439.11534686769755	94.35984802246094
24-113	en	203.9345176450668	71.51750946044922	nan	89.41427993774414
1-77	en	264.13226763061857	110.25230026245117	1259.4144908403096	118.77650451660156
23-100	en	2712.4733823740257	523.0100708007812	2731.978333119993	525.409423828125
24-48	en	2433.267380028963	79.03864288330078	nan	84.42413711547852
3-49	en	402.6399970676588	80.1961669921875	402.6399970676588	80.1961669921875
17-69	en	193.5677464990055	55.179161071777344	193.5677464990055	55.179161071777344
21-324	en	211.872213195352	80.34505844116211	1048.496790586199	81.38282012939453
17-44	en	346.94278186833094	96.208740234375	1652.4291524552461	101.699951171875
24-44	en	137.24316344150276	70.62786865234375	nan	73.4594612121582
24-39	en	696.4587012823526	63.82972717285156	702.7506407591013	64.1106071472168
21-17	en	1325.8647819051937	83.38497924804688	1527.4183095296223	85.3965072631836
3-36	en	278.6800133431708	104.21656036376953	nan	118.5444107055664
11-23	en	222.23564837841278	68.2835922241211	222.23564837841278	68.2835922241211
18-80	en	190.79441064501566	99.97607421875	470.01951628923416	100.4896240234375
1-65	en	506.1273760757446	118.65038299560547	1133.7233649268746	120.1938247680664
18-26	en	677.0621357317324	57.76115036010742	677.0621357317324	57.76115036010742
8-54	en	280.41404022489274	97.5177230834961	1769.7521710981403	99.98470306396484
17-172	en	138.21970519652734	84.76138687133789	nan	98.1278305053711
11-15	en	64.71937642778668	39.31966781616211	64.71937642778668	39.31966781616211
24-70	en	2006.3818275928497	94.40337371826172	nan	95.89994049072266
21-63	en	652.660929284777	100.29843521118164	9839.966745238555	119.32833480834961
9-122	en	123.67183393361617	84.24195098876953	756.3670666638543	85.05680847167969
19-77	en	136.9847030813044	79.91448974609375	390.89741694927216	79.97809982299805
14-48	en	91.61132593623927	53.771514892578125	91.61132593623927	53.771514892578125
22-54	en	151.41525965723497	69.68463897705078	151.41525965723497	69.68463897705078
20-27	en	321.4365616010583	54.769805908203125	nan	56.127410888671875
17-131	en	1043.4827012629867	180.63714599609375	5340.383930965244	181.711669921875
12-152	en	202.45431671561775	87.23782348632812	356.298255443573	89.52896118164062
13-16	en	513.1674673616394	78.71601867675781	3679.3739752077286	79.12850952148438
24-69	en	240.28331928811176	76.01649856567383	nan	nan
19-74	en	809.9664688961847	124.70986938476562	nan	9.842817306518555
23-47	en	232.74823524081518	79.92168426513672	343.9557033073245	80.65929412841797
12-132	en	216.37494061444258	47.08340835571289	216.37494061444258	47.08340835571289
16-243	en	167.81821816881126	83.24422454833984	nan	83.94813537597656
16-135	en	291.58087418018243	79.63926315307617	1157.021607452631	84.95413970947266
3-29	en	379.59970878630645	92.43229675292969	5498.395289372706	104.87904357910156
8-46	en	78.67861141592769	56.72449493408203	316.6355792204539	56.879961013793945
13-93	en	572.8029975039618	141.83074188232422	572.8029975039618	141.83074188232422
6-33	en	885.7141411979244	82.53890991210938	nan	92.25475311279297
13-82	en	1179.78537173969	93.48942947387695	nan	54.15639114379883
1-120	en	340.405533210091	108.88640975952148	nan	127.73379898071289
10-7	en	177.04716481967847	79.9854736328125	nan	84.13455963134766
21-230	en	372.3875601873165	128.45552825927734	452.7892583536815	130.61392211914062
17-17	en	384.79526138305664	71.02828216552734	2338.4862282794456	82.52169036865234
14-18	en	221.4375252594819	103.51436614990234	1054.2915289402008	103.92587661743164
10-43	en	412.76239736580555	74.79537200927734	5261.931353319259	75.22278213500977
16-207	en	74.14877700805664	60.778053283691406	74.14877700805664	60.778053283691406
8-52	en	111.43656069040298	58.01399230957031	111.43656069040298	58.01399230957031
20-2	en	149.81838054871292	62.7048454284668	nan	67.24351501464844
8-51	en	188.9175563320037	86.67301177978516	188.9175563320037	86.67301177978516
7-11	en	211.79921501461823	84.83856201171875	1834.9071550106783	91.58868408203125
23-61	en	499.9785375770079	91.52765655517578	nan	32.99592590332031
22-12	en	279.88244987215313	63.49868202209473	322.9008308598693	66.35247802734375
16-124	en	88.27330382053668	58.24966239929199	88.27330382053668	58.24966239929199
12-120	en	404.5137292650011	88.13059616088867	nan	101.81137084960938
4-32	en	224.48228408150052	87.67059326171875	956.7943980118324	89.85757064819336
16-36	en	687.4060394322431	118.59730529785156	nan	nan
7-31	en	177.95355137483574	69.4233627319336	350.8577358664536	70.00883483886719
2-15	en	139.42263970008264	83.77826690673828	139.42263970008264	83.77826690673828
6-55	en	1210.4429691371633	117.28439331054688	nan	125.56576538085938
24-23	en	3933.131375370956	93.35702514648438	nan	94.1908950805664
17-66	en	164.10696571564006	93.15355682373047	nan	100.14364624023438
18-36	en	468.29975914674645	124.9242057800293	nan	97.31644439697266
21-249	en	2477.0112726333296	93.3521499633789	2477.0112726333296	93.3521499633789
19-169	en	564.1469930240086	97.43610000610352	714.6786625385284	100.72867584228516
8-63	en	219.0292681058248	66.47888565063477	219.0292681058248	66.47888565063477
21-45	en	226.85584056071747	111.12786483764648	405.7069904230818	112.67406463623047
9-83	en	1349.8900733196128	110.9826774597168	1459.1859271546373	112.14929962158203
16-109	en	991.3628845321998	72.99625396728516	nan	76.52471160888672
11-27	en	397.820429406668	86.49571990966797	833.6373414435944	86.94583892822266
21-92	en	403.00206312537193	79.21630477905273	nan	80.87930679321289
10-57	en	297.70996004740397	91.07227325439453	297.70996004740397	91.07227325439453
22-33	en	651.5524982105602	77.6880989074707	3713.9623861776818	80.42076110839844
23-68	en	329.4138716028092	84.46610260009766	2555.6144755255314	86.67301177978516
24-117	en	164.0590031941732	64.71313667297363	nan	64.71313667297363
12-86	en	164.52337858412	81.53313064575195	3516.045799790767	87.21041107177734
7-49	en	2811.8631503664215	87.61727142333984	2811.8631503664215	87.61727142333984
11-31	en	788.551318804423	65.47084617614746	933.2339501534739	73.03239440917969
9-55	en	149.52277646745955	69.1977310180664	149.52277646745955	69.1977310180664
21-153	en	1234.184945309957	100.11317443847656	nan	71439.7734375
5-133	en	458.86936820637095	57.27212142944336	976.5850094907424	57.889862060546875
24-67	en	248.4838502211649	65.68006134033203	329.53593151800095	71.19294738769531
24-63	en	95.51887412504716	61.218360900878906	nan	nan
17-108	en	309.05017512883893	85.97357559204102	nan	62.92562484741211
12-89	en	515.1301589541965	108.53770446777344	nan	nan
16-257	en	336.79346972703934	99.52898406982422	2524.8092895317077	116.29431915283203
4-22	en	235.3914791275473	69.28449630737305	638.9754511238872	69.9262924194336
17-71	en	166.95551347732544	80.99203872680664	166.95551347732544	80.99203872680664
17-126	en	484.9240530014038	113.38523864746094	nan	114.17697143554688
4-33	en	1408.6517175220308	145.88861083984375	1530.797424712271	146.04380798339844
5-129	en	233.38645468439375	61.85550880432129	1213.7687921022114	62.66004180908203
23-60	en	554.7089911068188	118.00073623657227	2253.6846194059954	118.44575500488281
24-96	en	426.7068381102189	79.59195709228516	nan	71.35239791870117
6-23	en	411.7844140906083	99.89344787597656	4773.303388232276	104.50518798828125
5-3	en	4987.116915987499	115.42626953125	nan	119.17385864257812
9-114	en	197.10476872859857	101.52377319335938	7110.396629540317	107.43982696533203
12-47	en	328.8887813993069	93.20923614501953	nan	4.988339424133301
11-12	en	223.42024925776892	104.61564254760742	209.17670504252115	93.96411895751953
17-19	en	345.8546260893345	82.98419570922852	7157.334010252312	87.17390441894531
24-3	en	108.9342402458191	78.07575988769531	108.9342402458191	78.07575988769531
21-150	en	258.80179753219875	71.44841766357422	7828.298749298885	73.3575210571289
12-49	en	215.2102057029461	96.259033203125	nan	22.20879554748535
13-33	en	375.0657138284647	66.8445816040039	2333.2766737207635	69.93386840820312
1-118	en	155.73865628824	86.77154159545898	326.82730717256845	86.95616149902344
16-50	en	296.2039588822259	116.37028121948242	1281.485002542471	125.55491638183594
4-24	en	220.2146088784201	91.2832260131836	220.2146088784201	91.2832260131836
9-21	en	680.0612440109253	82.7953872680664	680.0612440109253	82.7953872680664
24-47	en	75.9468568166097	50.22085189819336	nan	54.98284149169922
22-53	en	1998.2246561504546	75.31477355957031	nan	92.16905975341797
16-110	en	382.72506080974233	50.30256271362305	1171.8798310345617	54.86647033691406
13-27	en	257.7724869251251	66.9767951965332	257.7724869251251	66.9767951965332
10-17	en	791.1562286065175	120.90719604492188	nan	nan
16-102	en	616.2247343063354	42.70461082458496	616.2247343063354	42.70461082458496
22-37	en	611.8405170578887	53.15122604370117	611.8405170578887	53.15122604370117
21-38	en	318.7347478866577	83.21785354614258	nan	16.196935653686523
9-56	en	85.10714412317043	58.88187789916992	168.35732512246994	59.78111457824707
7-77	en	599.3233931366054	70.23145294189453	nan	85.21199798583984
21-14	en	295.1603384432585	75.50841522216797	295.1603384432585	75.50841522216797
6-28	en	984.8355114959007	70.23406982421875	1043.8532213731246	73.60754013061523
21-94	en	1916.4495732126566	74.43785858154297	5819.599134043228	75.61783599853516
21-262	en	308.5243783669594	86.36745071411133	2930.468417776143	91.92830657958984
22-51	en	203.324455970575	59.46782302856445	nan	61.2960205078125
24-1	en	765.7053045776655	76.37586212158203	1131.570308726258	77.7932357788086
21-144	en	514.916382522583	96.94612121582031	2087.21908637097	98.83279037475586
17-95	en	1394.879059901003	118.61157989501953	nan	130.43798828125
24-29	en	249.6162341455134	79.12800979614258	nan	nan
14-39	en	205.41117924910324	85.24477767944336	758.0210140156296	85.69677734375
21-168	en	148.43258481555515	101.98591613769531	3842.739305496216	103.73311614990234
16-117	en	345.00519136212904	84.83335876464844	773.4691441299718	85.73597717285156
23-89	en	118.71789053866738	76.8218994140625	1192.2708366673166	84.46952819824219
5-115	en	192.95609922666807	77.15733337402344	192.95609922666807	77.15733337402344
16-98	en	206.78415264593107	66.1208724975586	1816.7752487148557	68.17184829711914
24-81	en	144.73432903663786	56.58040237426758	nan	60.28926086425781
16-5	en	1689.3074630782717	115.02777099609375	1689.3074630782717	115.02777099609375
5-84	en	121.26175747747007	74.94210052490234	121.26175747747007	74.94210052490234
14-36	en	263.517085324163	79.63873291015625	263.517085324163	79.63873291015625
19-142	en	304.7625856853667	83.5825309753418	304.7625856853667	83.5825309753418
21-37	en	271.151574976304	103.77143478393555	271.151574976304	103.77143478393555
12-82	en	268.82124084767287	92.89531707763672	2229.45613590754	96.14588165283203
13-94	en	1806.8298379767175	98.87018585205078	5595.279975517937	128.66830444335938
19-9	en	281.87054399164714	101.99844360351562	1183.1297600685605	113.93981552124023
21-178	en	141.91949738954244	76.29812240600586	3972.3996455669403	81.8204116821289
12-113	en	275.6638616173013	68.2182846069336	411.0526387141301	70.58514022827148
16-53	en	2789.382095336914	92.70954132080078	2789.382095336914	92.70954132080078
16-220	en	278.20424546880173	73.64722442626953	6753.594089378682	79.87909698486328
21-231	en	99.35160585550162	49.073883056640625	228.7106379747391	50.01091766357422
16-133	en	170.92291458271168	93.87105560302734	nan	12.10555124282837
10-66	en	77.60164899411409	59.8901252746582	77.60164899411409	59.8901252746582
4-36	en	124.24867354498969	87.43384552001953	124.24867354498969	87.43384552001953
17-76	en	1371.665268904454	105.89644241333008	nan	116.7359390258789
23-64	en	303.00948324774066	70.06785583496094	1276.8468682368596	74.77238464355469
3-31	en	455.35647737062897	102.38547897338867	455.35647737062897	102.38547897338867
16-59	en	322.1493628365653	89.1997184753418	nan	96.35111236572266
8-47	en	177.04433153546046	71.1678695678711	827.7057529449463	72.76130676269531
12-136	en	182.23906699093905	80.16763305664062	182.23906699093905	80.16763305664062
21-71	en	183.77115658613351	70.15669250488281	2149.302891839225	72.22285461425781
16-245	en	356.1371273297942	64.65093994140625	2702.9461939705743	64.89921951293945
24-76	en	219.44914087172478	88.84357452392578	nan	91.18077850341797
21-145	en	145.81848089318527	74.73714828491211	145.81848089318527	74.73714828491211
8-40	en	468.0253006910023	69.87294387817383	1260.9346815785275	73.04469299316406
10-85	en	534.0909801059299	104.03654098510742	nan	115.6684799194336
21-133	en	304.9557514360973	71.1740837097168	1073.7861594668889	75.01985931396484
7-87	en	427.35194528257693	93.6489486694336	437.46544475796856	95.61775207519531
24-33	en	193.77928371862933	64.5847282409668	nan	75.92359924316406
17-119	en	376.2438156708427	90.37845611572266	3825.632966518402	91.68073654174805
23-50	en	201.39425347401544	85.37256240844727	201.39425347401544	85.37256240844727
23-58	en	394.97656353314716	95.8397102355957	nan	111.73186111450195
12-101	en	94.28355379104615	44.06545448303223	94.28355379104615	44.06545448303223
18-108	en	1648.8753482394748	91.55838012695312	2660.793564174486	94.83104705810547
11-8	en	226.0345795750618	61.77286148071289	654.218279578469	63.09370040893555
11-33	en	519.6609549268763	115.07077026367188	nan	28.858356475830078
24-57	en	202.19881436731907	62.346832275390625	nan	63.287052154541016
11-42	en	187.0885460885723	63.03430938720703	243.60659436119929	63.23443031311035
10-96	en	349.44808455308277	67.09165954589844	1229.4966455459594	69.25682830810547
19-123	en	101.75623294830322	65.43508911132812	1229.1037022212765	66.12267303466797
22-26	en	155.15195308747838	82.83731842041016	384.19944867780134	86.81905364990234
12-78	en	111.50973725318909	82.51849365234375	111.50973725318909	82.51849365234375
17-122	en	454.52218598585864	90.31891632080078	nan	90.78589630126953
15-41	en	154.94104426420188	82.60018920898438	nan	83.76668930053711
21-57	en	132.84666967391968	76.52828598022461	333.1741346036884	76.89234161376953
3-40	en	565.3069467414804	136.53521728515625	561.7050296229285	134.62773895263672
17-89	en	159.71724212530887	75.17645263671875	nan	65.70186996459961
16-223	en	136.10772825876873	63.26601791381836	5847.020523012601	70.0257339477539
12-10	en	390.2301683101839	61.28106689453125	1569.404929468565	65.84799194335938
23-26	en	459.94384730945933	107.59691619873047	nan	108.33377075195312
17-67	en	139.04649444988794	75.91390991210938	139.04649444988794	75.91390991210938
17-175	en	175.81052575792586	83.68574523925781	356.47103733486597	84.92861938476562
5-126	en	254.82329885014948	60.03875732421875	1698.3809692418133	63.78580093383789
24-53	en	404.8605955082883	47.54067611694336	nan	47.74152755737305
16-255	en	184.69862012302175	63.079694747924805	1605.522632762364	63.61287307739258
17-64	en	85.10800601214898	49.11975860595703	85.10800601214898	49.11975860595703
14-43	en	740.7137781864888	84.98658752441406	740.7137781864888	84.98658752441406
6-80	en	399.16273540955086	77.44564056396484	nan	nan
5-57	en	155.5219189098903	78.174560546875	nan	72.290283203125
13-99	en	312.4763979911804	88.32481002807617	312.4763979911804	88.32481002807617
24-97	en	665.7520881799551	160.67637634277344	nan	189.28155517578125
23-104	en	518.3223444298853	93.60002136230469	nan	101.89423751831055
21-124	en	104.28572091721652	67.63533782958984	271.7101875420274	69.43165969848633
24-102	en	6082.788551656506	139.78797912597656	nan	21.646559715270996
4-1	en	94.6211512594512	65.17655181884766	94.6211512594512	65.17655181884766
21-348	en	559.513486757511	96.95835876464844	1470.5139126384959	103.75394439697266
21-356	en	272.6145720551996	95.92499923706055	2162.641474349158	98.60699462890625
24-80	en	417.9176090832414	86.60715103149414	nan	104.47578430175781
12-125	en	151.26439770945797	80.36742782592773	277.32025268485955	79.29950714111328
22-45	en	144.48002533265102	59.85809326171875	144.48002533265102	59.85809326171875
24-133	en	170.82638395749606	58.29041862487793	1387.5466730660255	60.04737091064453
12-106	en	88.40086470152202	45.21977233886719	2761.9534867604575	45.32854461669922
18-106	en	200.97916329990733	81.40350723266602	3086.5486385424933	89.36918640136719
21-247	en	1945.1982707556556	89.93622970581055	8116.5661920652	103.7453842163086
19-81	en	213.22369468688964	63.98434829711914	213.22369468688964	63.98434829711914
18-57	en	435.11459708398627	78.71601867675781	nan	129.89630126953125
16-160	en	132.44444223729576	68.27366256713867	nan	70.4289665222168
20-25	en	138.10059937089682	51.37537384033203	356.83900060653684	52.54299545288086
21-229	en	70.10726470331991	58.98177719116211	1251.9448550641537	59.48209571838379
17-132	en	262.8562362125942	78.25624465942383	nan	79.96657943725586
16-240	en	248.51184128933266	48.177574157714844	248.51184128933266	48.177574157714844
5-7	en	662.8487615244729	97.61302947998047	964.8759488222892	98.11185455322266
21-118	en	340.34849700473603	85.30030059814453	1471.6478539474251	88.51963806152344
21-203	en	440.35026319636853	124.76124572753906	1125.9737818000021	127.16169738769531
21-3	en	177.3226209856429	78.79229736328125	1489.1663644048904	80.1780891418457
21-280	en	210.5928146909265	69.23894882202148	1172.673256153827	73.41377258300781
16-112	en	459.113366466679	88.47056579589844	nan	15.507805824279785
7-48	en	652.1794113516808	52.11857986450195	652.1794113516808	52.11857986450195
9-116	en	6224.78823638766	94.80051803588867	7086.086711519508	102.04014205932617
8-25	en	715.4454919320566	95.29163360595703	881.7948966607814	97.79833221435547
21-25	en	243.3562633931637	96.84659957885742	nan	102.7687759399414
16-237	en	769.0497363434463	66.56424331665039	nan	70.94812774658203
11-26	en	93.06599298390475	66.32209014892578	93.06599298390475	66.32209014892578
5-12	en	642.9896149490819	63.23898506164551	847.6628547212971	65.52656555175781
11-17	en	58.567020870390394	43.42152786254883	58.567020870390394	43.42152786254883
18-38	en	165.92825401982952	79.23234176635742	nan	nan
8-64	en	5765.204303133488	118.84915161132812	7638.748120560704	122.26065063476562
22-69	en	264.340278821833	72.3238410949707	2553.992276592531	72.91996765136719
19-47	en	426.31129527592157	60.01442337036133	837.057957597681	60.96683311462402
12-117	en	115.46100568152093	61.3880500793457	298.0332579123668	62.77234077453613
22-24	en	176.7114566049458	69.45938873291016	413.7187902539275	68.88383483886719
17-82	en	259.51237880974486	74.02873992919922	259.51237880974486	74.02873992919922
17-30	en	130.59283023410373	71.47469329833984	130.59283023410373	71.47469329833984
24-72	en	87.51099147335175	60.03851127624512	947.0770847573876	63.32888412475586
19-131	en	320.77758784626803	59.082523345947266	42299.87166160086	66.8905029296875
10-86	en	331.98044259731586	102.93643569946289	nan	79.99893951416016
10-2	en	190.31052790747748	60.26443099975586	498.2624007722606	61.31957817077637
21-33	en	581.4637157786976	77.78611755371094	nan	79.3642807006836
18-78	en	207.83400203964928	84.19714736938477	282.80690746307374	85.7196273803711
16-188	en	172.78677002588907	70.35016250610352	172.78677002588907	70.35016250610352
20-12	en	780.3953723384113	118.19858169555664	nan	24.550874710083008
21-40	en	229.93354291182297	88.19974517822266	361.19566499961996	88.19974517822266
7-78	en	117.8569345976177	71.09732818603516	871.0845111944736	71.73466491699219
5-2	en	1329.3987325565545	131.0809326171875	nan	49.349456787109375
24-122	en	1429.4864897727966	125.01214218139648	1429.4864897727966	125.01214218139648
23-21	en	995.4025886390783	102.54468536376953	8482.098607051803	113.2415542602539
10-40	en	210.8762822715185	88.00341033935547	nan	88.00341033935547
21-263	en	1550.1930273041796	61.40752029418945	1550.1930273041796	61.40752029418945
14-21	en	7388.872037827159	137.55189514160156	nan	nan
19-8	en	385.20267918904625	88.1474609375	449.9431792996454	85.80570220947266
18-55	en	79.00885581970215	67.3350601196289	79.00885581970215	67.3350601196289
12-119	en	214.23047170639038	72.56881713867188	1880.0825703003827	76.52948760986328
21-225	en	82.66742807388306	46.534000396728516	184.45263322194418	46.661598205566406
2-16	en	363.8427317532626	85.54232788085938	nan	89.68179321289062
16-84	en	120.32173344583222	59.81271171569824	120.32173344583222	59.81271171569824
24-116	en	82.033335297196	51.064144134521484	267.450462273189	53.6864070892334
18-48	en	644.9730124040084	64.00375366210938	nan	75.25666809082031
19-125	en	150.32132703728146	54.25908279418945	1348.6358451198887	55.295814514160156
10-90	en	103.20049903267308	48.717525482177734	103.20049903267308	48.717525482177734
23-59	en	363.72273430127774	85.50309753417969	9483.823357642965	100.91288757324219
12-124	en	521.0859665530069	72.57611083984375	1069.3523482289806	73.33454132080078
20-19	en	73.96944235265255	30.431265830993652	73.96944235265255	30.431265830993652
17-74	en	691.9307062087521	165.5010986328125	835.1113994717598	173.6720428466797
9-24	en	157.85369680282918	97.17613983154297	1615.484023431937	99.14834976196289
9-82	en	214.81652446865112	83.86824035644531	nan	89.74342727661133
10-68	en	669.5802136611939	67.9448013305664	nan	69.0471076965332
16-100	en	128.69780349731445	71.63816833496094	128.69780349731445	71.63816833496094
7-81	en	1090.9686864143193	141.82803344726562	nan	153.06610870361328
1-40	en	142.91733244995572	72.29341888427734	nan	75.99053192138672
16-24	en	580.0991289615631	85.93136215209961	nan	86.39724731445312
21-213	en	548.6463287768156	68.80021667480469	nan	70.6885986328125
15-10	en	108.39378205935161	65.22873497009277	1273.6580795653879	66.80609130859375
8-24	en	1442.8380685694078	137.9879608154297	1442.8380685694078	137.9879608154297
24-129	en	333.98565908159526	74.17003631591797	1153.4209781852928	78.11380004882812
16-77	en	295.98329086068236	66.20120239257812	nan	nan
1-39	en	1988.092196416855	70.89030456542969	nan	71.4319076538086
12-155	en	500.9859400603731	90.82083892822266	731.9044523874919	91.64801406860352
1-99	en	262.7392901544986	85.51030349731445	414.280767461305	85.84651184082031
24-98	en	89.04912719726562	64.52474594116211	4081.1607832475142	71.27032470703125
21-43	en	307.37679258569494	88.51026916503906	1349.2684497362302	88.74138641357422
12-12	en	96.85217339651925	50.86652374267578	2056.2446881988903	52.883731842041016
13-123	en	173.65539130210877	67.10667419433594	173.65539130210877	67.10667419433594
24-144	en	361.5879773412432	54.370906829833984	4748.334245770772	56.493377685546875
15-36	en	183.64071516088538	81.53923797607422	251.50834416707357	82.35454559326172
20-7	en	389.60639710638935	86.81558227539062	nan	50.21906089782715
12-154	en	419.8388996991244	69.92978286743164	1561.2491842438194	75.03119277954102
12-61	en	1818.7290812461606	70.12333679199219	nan	76.4246826171875
24-86	en	416.84477456671294	85.81790161132812	1422.6511077657342	89.7750015258789
16-115	en	186.1426488573306	79.25286102294922	317.34592692057294	80.57363891601562
9-29	en	194.61985751202232	56.195560455322266	529.0561899354186	57.414466857910156
21-228	en	238.30056002232936	67.53829193115234	nan	nan
5-124	en	180.13613686561584	82.09740829467773	180.13613686561584	82.09740829467773
24-91	en	243.85222186571286	66.53646087646484	2237.405519740526	72.77688217163086
12-77	en	225.52429501603288	77.28665924072266	225.52429501603288	77.28665924072266
24-112	en	63.18961238861084	45.66415786743164	63.18961238861084	45.66415786743164
16-244	en	366.1579849517952	57.8514461517334	nan	67.26836013793945
9-71	en	125.73435401916504	91.370361328125	210.89122934902414	91.73706436157227
3-28	en	121.3654664081076	53.36996841430664	121.3654664081076	53.36996841430664
24-34	en	152.94110822677612	68.74935150146484	nan	74.05109024047852
9-94	en	231.52567688962247	116.29060745239258	435.32569672889315	125.7664794921875
21-209	en	98.11830694247514	57.27212142944336	227.50817153453826	57.445648193359375
13-85	en	564.6506157114699	87.39026641845703	nan	nan
21-13	en	553.1931033579508	88.42037963867188	1957.5061766062026	91.30177688598633
23-94	en	126.48453897045505	62.258689880371094	2227.2168444497242	66.16411590576172
9-20	en	1071.5633863721575	82.69587707519531	1071.5633863721575	82.69587707519531
12-28	en	141.31661960534882	102.22782897949219	879.7436681197861	107.3858413696289
17-53	en	195.39944653012859	69.90472412109375	1954.5347631841466	70.31214904785156
15-37	en	350.7730452181345	77.11695098876953	350.7730452181345	77.11695098876953
19-3	en	896.696689675836	89.75329971313477	nan	nan
21-6	en	2636.3892950753907	95.13996124267578	3186.76386749117	95.80413436889648
12-108	en	88.13451333479448	59.55045700073242	1277.1313605308533	61.65555000305176
10-4	en	332.1848362006393	152.5447540283203	nan	nan
17-78	en	167.24274777003697	77.2727279663086	223.16706895828247	80.6712417602539
13-38	en	249.771712333437	88.3211441040039	357.5691178292036	95.70854949951172
5-23	en	218.1128553243784	67.18692016601562	453.9551267147064	74.95544052124023
15-21	en	98.53039429982503	63.32380485534668	98.53039429982503	63.32380485534668
17-130	en	263.7003852159549	75.11746978759766	nan	75.37631225585938
21-125	en	126.00795722961426	88.38239288330078	1275.3882991988937	89.41275024414062
24-140	en	80.27544409295787	50.21974182128906	80.27544409295787	50.21974182128906
12-135	en	111.08410272598266	75.75143814086914	111.08410272598266	75.75143814086914
22-75	en	122.34093100973901	65.24343872070312	887.6695307997085	65.44194030761719
23-46	en	245.16223446073985	83.02706146240234	1237.6239208915017	87.71923446655273
21-326	en	651.9941640423901	107.36766815185547	1950.3456706567245	108.71403884887695
23-2	en	450.20130133628845	48.5809440612793	450.20130133628845	48.5809440612793
19-12	en	401.90946701085454	69.23271942138672	nan	nan
4-38	en	665.9652025641465	83.1070327758789	665.9652025641465	83.1070327758789
4-34	en	189.201097835194	80.58248138427734	189.201097835194	80.58248138427734
18-113	en	207.25964487277395	67.29058074951172	891.4162288549293	73.91699981689453
23-52	en	147.7422548021589	72.88568878173828	4708.792464680142	85.01428985595703
10-95	en	1479.498645891462	82.74372100830078	2105.5107455472335	85.79883575439453
21-142	en	234.41096928540398	58.1962890625	1070.3915822165352	58.900665283203125
24-37	en	1573.4961492538453	83.59537506103516	nan	98.99151611328125
7-85	en	118.82322066170829	57.344322204589844	244.81679109556484	57.41652297973633
21-327	en	235.17153776103052	75.79802703857422	nan	80.52707290649414
24-55	en	204.8958159685135	76.16630554199219	nan	94.96218490600586
16-208	en	337.3173636812152	129.96835327148438	337.3173636812152	129.96835327148438
24-64	en	171.11189578277896	71.8906021118164	nan	75.20537567138672
23-53	en	147.8219337463379	54.95402526855469	1087.5814946746825	56.68655204772949
5-17	en	244.25041083335876	57.70576858520508	1334.836369000229	58.09872627258301
24-115	en	154.57454169030282	91.9760513305664	154.57454169030282	91.9760513305664
16-108	en	152.9542928348888	66.09931564331055	nan	81.4669075012207
19-114	en	378.32195288559484	50.96905517578125	378.32195288559484	50.96905517578125
13-67	en	376.928666583697	73.08965301513672	706.9364638015873	74.15890502929688
14-55	en	113.40955600073171	71.80944061279297	113.40955600073171	71.80944061279297
8-21	en	215.0735554377238	75.83449172973633	2626.655277078802	79.64883422851562
21-250	en	1709.762065308993	101.38619995117188	4262.173059806228	115.44403839111328
11-19	en	543.3961147707562	71.88340759277344	nan	80.91992950439453
11-41	en	406.35852552664403	68.1734619140625	455.0320691776276	68.29981231689453
16-118	en	328.56767438990727	78.07408142089844	328.56767438990727	78.07408142089844
14-58	en	154.53579638081212	57.26469421386719	1327.3694486116108	57.27212142944336
24-38	en	99.94697129385811	45.8325309753418	99.94697129385811	45.8325309753418
21-246	en	1035.0412263228343	118.92660140991211	3585.097026097147	141.76722717285156
5-94	en	233.98967740289095	117.53779602050781	330.7164376925116	120.43169403076172
12-148	en	77.08040855241859	49.530534744262695	77.08040855241859	49.530534744262695
18-37	en	1921.9462387399767	100.95116424560547	2442.369924999843	103.5639877319336
21-36	en	211.7241075618847	83.20921325683594	211.7241075618847	83.20921325683594
10-63	en	93.80069160461426	38.38046646118164	93.80069160461426	38.38046646118164
6-63	en	710.839595528536	116.78475952148438	nan	141.4859619140625
19-111	en	718.577138679615	113.19550323486328	1469.8468778166052	117.33267211914062
14-10	en	554.6348675798487	99.3930778503418	nan	nan
